child_id,intercept_blup,slope_blup,language,lang_slug,model
1414,1.8967842300590891,0.16758520978421676,English (American),english_american,D_lin
1416,-0.37646591604573926,-0.1199307760213019,English (American),english_american,D_lin
1418,1.2196356602329104,0.081154491703396,English (American),english_american,D_lin
1427,0.16767090884304936,0.24062239883921732,English (American),english_american,D_lin
1428,1.2899523868957057,0.20730756551236487,English (American),english_american,D_lin
1429,-2.5810617834275282,-0.14861670914278077,English (American),english_american,D_lin
1432,-0.923214648846723,-0.35708645998264193,English (American),english_american,D_lin
1433,-1.2094791558902687,-0.02103555692424386,English (American),english_american,D_lin
1436,0.06769352204042565,0.1652749287582453,English (American),english_american,D_lin
1437,-3.918240870474555,0.20248827527861007,English (American),english_american,D_lin
1438,0.8388964474072,0.0062324849114972925,English (American),english_american,D_lin
1446,3.223958534668156,-0.01546405171752715,English (American),english_american,D_lin
1447,-2.0638157996366564,0.10405051527365031,English (American),english_american,D_lin
1449,-2.6187097825251753,-0.09110189562465333,English (American),english_american,D_lin
1450,0.41673792556602524,0.213954751953,English (American),english_american,D_lin
1452,-0.8799821897757572,-0.309630774547279,English (American),english_american,D_lin
1453,-3.3191468687943413,-0.0947935978919254,English (American),english_american,D_lin
1456,-2.080952031132666,-0.23143174534654484,English (American),english_american,D_lin
1458,-2.1869605262784413,0.13109958815316988,English (American),english_american,D_lin
1460,-0.7805544395017178,0.0716221791444653,English (American),english_american,D_lin
1461,-0.9165374959027023,0.22597823399948133,English (American),english_american,D_lin
1463,-2.654933225064096,-0.061429721431772596,English (American),english_american,D_lin
1464,-0.8622354632978598,0.3895318114405709,English (American),english_american,D_lin
1465,-2.268738994453447,0.11093553817365952,English (American),english_american,D_lin
1474,3.2447556080980657,-0.028079922468886874,English (American),english_american,D_lin
1475,-0.6576777048234701,-0.16762107105092666,English (American),english_american,D_lin
1476,1.0311657995156565,0.02106116134147524,English (American),english_american,D_lin
1479,-1.8725917726224144,-0.1694414099720959,English (American),english_american,D_lin
1480,1.2663036704965103,0.006112999378118464,English (American),english_american,D_lin
1481,-1.5317047918008244,0.06019768637600792,English (American),english_american,D_lin
1482,-3.942792584290385,0.0520755749342312,English (American),english_american,D_lin
1483,0.5466471939556383,0.20798608373817698,English (American),english_american,D_lin
1484,-2.591259242310775,0.008251056235999256,English (American),english_american,D_lin
1486,-2.4803274087511804,0.045770981871065736,English (American),english_american,D_lin
1488,0.9182023094071127,-0.16705959598517608,English (American),english_american,D_lin
1492,5.586666034834767,0.632626703066452,English (American),english_american,D_lin
1494,0.1531586040483875,0.3139817279516333,English (American),english_american,D_lin
1497,2.1008294661795,0.0066589356104829606,English (American),english_american,D_lin
1499,-1.144555323188324,0.12184594358041512,English (American),english_american,D_lin
1500,0.5748783190664767,-0.4785386977229425,English (American),english_american,D_lin
1501,0.19353410623791317,0.021627219461108523,English (American),english_american,D_lin
1503,-1.1030114998417646,-0.16526817348798473,English (American),english_american,D_lin
1504,-0.6916258767527402,-0.036920200036745246,English (American),english_american,D_lin
1505,-0.9565560749424545,-0.10295542835015047,English (American),english_american,D_lin
1506,5.563974695280522,0.41418151458331565,English (American),english_american,D_lin
1507,-2.8984075419769417,0.4064655213081793,English (American),english_american,D_lin
1508,2.421590736226984,-0.11479055179776558,English (American),english_american,D_lin
1510,0.12553312644507617,-0.10959020058927997,English (American),english_american,D_lin
1511,-0.9985897192521834,0.21843565480573035,English (American),english_american,D_lin
1514,-2.8384496090471556,0.022438486722306514,English (American),english_american,D_lin
1515,-0.08032137212019169,-0.0056816358815436055,English (American),english_american,D_lin
1519,-2.3689525748578375,-0.01467093314857081,English (American),english_american,D_lin
1520,-2.2591632095248997,-0.35822210824614464,English (American),english_american,D_lin
1522,-3.4603981525074836,0.22177897500826377,English (American),english_american,D_lin
1523,-0.1341787449040393,-0.11209714396039426,English (American),english_american,D_lin
1528,-0.7841558263843446,0.23706390403613986,English (American),english_american,D_lin
1530,-1.6935633268477421,0.13764162220804566,English (American),english_american,D_lin
1531,-0.30156457164135997,0.18477998228958487,English (American),english_american,D_lin
1542,-0.6016253183355705,0.05316679458142528,English (American),english_american,D_lin
1544,-1.5920455974457246,-0.08847147535798096,English (American),english_american,D_lin
1545,-1.2616884698663584,0.059126223311706166,English (American),english_american,D_lin
1548,-0.5592984567280427,-0.12211555909083205,English (American),english_american,D_lin
1549,-2.246125989111287,0.12063904772321893,English (American),english_american,D_lin
1551,-2.5736763428181924,-0.024282975087222675,English (American),english_american,D_lin
1552,2.2895133518167596,-0.10091133219420853,English (American),english_american,D_lin
1553,2.5610700784761478,-0.21048616830980815,English (American),english_american,D_lin
1554,-1.6806077539708935,-0.099359506082612,English (American),english_american,D_lin
1557,0.6677858420401469,-0.20370663131319888,English (American),english_american,D_lin
1560,-3.7733537473601877,-0.12475578363110217,English (American),english_american,D_lin
1570,-0.5555930815933163,-0.054122899275650636,English (American),english_american,D_lin
1577,-1.3176212380987207,-0.19594751631339674,English (American),english_american,D_lin
1583,-1.727083822001661,0.10295026967385389,English (American),english_american,D_lin
1584,-2.07219554648272,0.002471559502606354,English (American),english_american,D_lin
1594,1.0412064764296232,0.037000737039806574,English (American),english_american,D_lin
1600,-2.532845158263025,-0.28495820361998314,English (American),english_american,D_lin
1606,0.4716063499118813,-0.03855398400863562,English (American),english_american,D_lin
1610,-2.95525486665086,0.10159961443501213,English (American),english_american,D_lin
1612,-2.393176124453436,0.2027517235874543,English (American),english_american,D_lin
1619,-1.159574662262965,0.14753206480467929,English (American),english_american,D_lin
1632,-1.3603964132596993,0.3476053850332659,English (American),english_american,D_lin
1638,-0.13697702716471355,-0.49507831028405913,English (American),english_american,D_lin
1640,0.363446791124287,0.17944780296296356,English (American),english_american,D_lin
1642,0.6292445681391284,-0.27634513654480464,English (American),english_american,D_lin
1651,-1.3779951493392053,0.23260136703868656,English (American),english_american,D_lin
1652,3.1907105560961493,-0.30383570750365047,English (American),english_american,D_lin
1656,-2.4393140387335914,0.6892864818640682,English (American),english_american,D_lin
1659,-2.9544561377767318,0.05996068521769382,English (American),english_american,D_lin
1662,-2.421662815979946,0.15230693743674445,English (American),english_american,D_lin
1676,-2.5604416070383063,0.13338790039928541,English (American),english_american,D_lin
1682,-3.477015881585569,0.5100428273843423,English (American),english_american,D_lin
1690,-1.1416843900753195,-0.13944579175570182,English (American),english_american,D_lin
1693,3.3783890887579333,-0.13411485371093607,English (American),english_american,D_lin
1712,-3.155943645938464,0.1501570414117713,English (American),english_american,D_lin
1715,-5.778154369069681,0.04024668100076779,English (American),english_american,D_lin
1723,-3.1864245642705704,0.19213365796061677,English (American),english_american,D_lin
1845,0.6651432205493271,-0.06379325885371799,English (American),english_american,D_lin
1847,-1.6934119063310296,-0.031609674133341537,English (American),english_american,D_lin
1848,-0.8193695641184434,0.09079212241979122,English (American),english_american,D_lin
1849,-1.6340979309107915,-0.02821554896127429,English (American),english_american,D_lin
1850,1.7429870404721723,-0.0443805422835079,English (American),english_american,D_lin
1851,-0.09979864125490698,0.18131536181217767,English (American),english_american,D_lin
1853,1.1933530030204242,0.07833524318240939,English (American),english_american,D_lin
1854,-2.228217585503583,-0.0492377712034095,English (American),english_american,D_lin
1855,1.3709355500399507,0.10581493893066242,English (American),english_american,D_lin
1857,-2.1587334557948075,0.5196685520923336,English (American),english_american,D_lin
1858,4.520280486269146,-0.007414503831354679,English (American),english_american,D_lin
1860,-2.0359038938487486,-0.11839780627026486,English (American),english_american,D_lin
1862,-3.450081959866945,0.2741407104096102,English (American),english_american,D_lin
1866,-5.04062333996532,0.5213705798381174,English (American),english_american,D_lin
1867,3.267727970176377,-0.4341401225895719,English (American),english_american,D_lin
1868,-0.3039240080302284,-0.03468701633463018,English (American),english_american,D_lin
1874,-1.3274913898738667,0.004815478831635572,English (American),english_american,D_lin
1877,-3.5604121640308914,-0.02769331644404736,English (American),english_american,D_lin
1878,1.030917901245265,-0.17366731949561215,English (American),english_american,D_lin
1881,-1.550303483820436,0.3738396867488799,English (American),english_american,D_lin
1882,6.653372955908869,-0.891124728853473,English (American),english_american,D_lin
1885,1.2973220009642443,-0.22713012036757926,English (American),english_american,D_lin
1888,-0.5852147938914904,-0.21626375977174045,English (American),english_american,D_lin
1889,2.774119030744989,-0.03161342300801224,English (American),english_american,D_lin
1890,0.2918761187875503,-0.35702567201813834,English (American),english_american,D_lin
1893,-0.25937637893285836,0.042879395466455444,English (American),english_american,D_lin
1898,1.0753368564351098,-0.24404562788871384,English (American),english_american,D_lin
1899,-0.4464549374557717,0.07039094914444786,English (American),english_american,D_lin
1902,0.45558066004756026,-0.016917172227877884,English (American),english_american,D_lin
1905,2.683763678128013,-0.10214459122434145,English (American),english_american,D_lin
1908,1.8227181688376206,0.03739617490299109,English (American),english_american,D_lin
1909,-0.22275031693381744,0.10224019394742224,English (American),english_american,D_lin
1910,2.032964242734839,-0.23949272733135502,English (American),english_american,D_lin
1911,4.4066898930134455,-0.190552988760355,English (American),english_american,D_lin
1913,0.21263854528583695,0.08327833846804322,English (American),english_american,D_lin
1915,-0.4372858859130597,0.08667874454580478,English (American),english_american,D_lin
1916,1.2928026789259852,-0.05600415700120796,English (American),english_american,D_lin
1917,-3.2627268761170405,0.3832635943917774,English (American),english_american,D_lin
1919,-2.113273639718468,0.05793294541773279,English (American),english_american,D_lin
1920,2.1692318385078138,0.15585534792872294,English (American),english_american,D_lin
1921,-0.17240439547942213,-0.2753676516416583,English (American),english_american,D_lin
1922,2.112013071804424,-0.024772649711050775,English (American),english_american,D_lin
1923,-0.7029683908958149,0.5692397395468318,English (American),english_american,D_lin
1924,0.07985099606233363,0.04836754911222267,English (American),english_american,D_lin
1925,-0.2721032616003415,-0.2112994593335512,English (American),english_american,D_lin
1927,-2.405813319413529,-0.014603334101620992,English (American),english_american,D_lin
1928,0.7979772206101161,-0.09553417751440592,English (American),english_american,D_lin
1929,0.6979156105718377,0.1279039898067689,English (American),english_american,D_lin
1930,0.9731075593180215,-0.10216765496397909,English (American),english_american,D_lin
1932,0.6804995287161564,0.2239568010372151,English (American),english_american,D_lin
1933,0.13506566659935912,-0.041650658552715075,English (American),english_american,D_lin
1934,2.5389729506763845,-0.2657630911840059,English (American),english_american,D_lin
1935,-2.0245000354894724,-0.003299822567973419,English (American),english_american,D_lin
1936,3.7604345835934896,-0.18128367741532517,English (American),english_american,D_lin
1937,1.8277823755711753,-0.27314322035261573,English (American),english_american,D_lin
1939,-1.406959479794589,-0.17853372248070254,English (American),english_american,D_lin
1940,-0.1725338404427984,-0.26596335210851496,English (American),english_american,D_lin
1942,2.643982663635084,-0.2085940252872753,English (American),english_american,D_lin
1943,1.6193591078265512,-0.19236236707328483,English (American),english_american,D_lin
1945,4.6451407486314835,0.12113483175317877,English (American),english_american,D_lin
1947,-1.433988307834794,-0.29611521708586663,English (American),english_american,D_lin
1948,1.916318550843648,-0.23663301147443824,English (American),english_american,D_lin
1950,-1.5982282340383274,0.41562395711390787,English (American),english_american,D_lin
1952,-0.08489742296451637,-0.0532403947805704,English (American),english_american,D_lin
1954,-0.5885441402303239,-0.014544236047748722,English (American),english_american,D_lin
1955,0.8069800738127766,-0.20423441398730874,English (American),english_american,D_lin
1959,-1.2513880450412969,-0.003127603743384319,English (American),english_american,D_lin
1961,-0.20015328903842547,-0.095046526177455,English (American),english_american,D_lin
1962,1.173504511729287,-0.22473100230957038,English (American),english_american,D_lin
1965,0.10410516214638128,0.09264170356051175,English (American),english_american,D_lin
1970,2.30172504483511,0.02933195923076276,English (American),english_american,D_lin
1975,1.1052093660462738,0.0678098490905371,English (American),english_american,D_lin
1976,2.2445374387269776,0.1919650448924209,English (American),english_american,D_lin
1977,2.2597561726479616,-0.25427089168142103,English (American),english_american,D_lin
1982,-0.3489317069115717,-0.06267107131586956,English (American),english_american,D_lin
1983,-0.5843195061809643,0.007309265441994317,English (American),english_american,D_lin
1984,2.250429541061089,-0.10765358027445306,English (American),english_american,D_lin
1985,1.2025249020699875,-0.09684282432929667,English (American),english_american,D_lin
1986,2.621294093290813,0.4388455895554407,English (American),english_american,D_lin
1988,-0.2840507152030267,-0.08792162116397216,English (American),english_american,D_lin
1993,0.5023730826154109,-0.11136981429784541,English (American),english_american,D_lin
1994,3.2976977814587167,-0.06124715968794734,English (American),english_american,D_lin
1995,0.5848097407914142,0.3674606465562593,English (American),english_american,D_lin
1996,1.6895514636093836,-0.045785635650063876,English (American),english_american,D_lin
1997,1.8076411854375896,-0.2981605727575604,English (American),english_american,D_lin
1998,-4.068265015596934,0.0557719347227222,English (American),english_american,D_lin
2001,2.2390104552152814,0.14236685965236376,English (American),english_american,D_lin
2002,1.2399177634426262,0.01074747906504318,English (American),english_american,D_lin
2005,-0.19295557263863963,0.22635228415787853,English (American),english_american,D_lin
2007,0.17540747448969982,0.11453637723326518,English (American),english_american,D_lin
2008,1.4866217867653597,0.061853961683798246,English (American),english_american,D_lin
2012,0.9961062372968033,-0.1263113163935133,English (American),english_american,D_lin
2014,1.9067645092363006,-0.029277249105255657,English (American),english_american,D_lin
2017,0.09066196766825475,0.34624892184955347,English (American),english_american,D_lin
2018,1.9059206653158522,-0.24968887916346175,English (American),english_american,D_lin
2020,1.9772593468451807,-0.1476240224563467,English (American),english_american,D_lin
2022,1.5736104857688493,-0.21995628187815341,English (American),english_american,D_lin
2025,3.071795760602841,-0.33546462453084114,English (American),english_american,D_lin
2026,-3.2529456611936944,-0.2914741737675358,English (American),english_american,D_lin
2027,0.36909657891544173,0.2507204237197509,English (American),english_american,D_lin
2028,0.14253854485187495,-0.05453742854362117,English (American),english_american,D_lin
2029,3.9103753328279947,-0.19750475321260674,English (American),english_american,D_lin
2030,-1.2852027546767597,0.26163714081131084,English (American),english_american,D_lin
2031,1.1630238718398327,0.1959193418069228,English (American),english_american,D_lin
2032,0.23593582024555518,0.21328870325388147,English (American),english_american,D_lin
2033,2.392715895605718,-0.042783095449349995,English (American),english_american,D_lin
2035,-0.06340534886416897,0.11978777086452007,English (American),english_american,D_lin
2037,-0.18551235521270612,-0.014611279520174141,English (American),english_american,D_lin
2040,-2.263152075165964,0.1589508734954791,English (American),english_american,D_lin
2043,1.6360180224002385,-0.14317379659870313,English (American),english_american,D_lin
2045,0.7009379047923673,-0.09857585099752962,English (American),english_american,D_lin
2046,1.3022046516284405,0.2842152539165431,English (American),english_american,D_lin
2047,-0.26337243770938085,0.8172977914671183,English (American),english_american,D_lin
2050,-0.7542986397259516,0.17340722730895397,English (American),english_american,D_lin
2052,3.0983457362602147,-0.14673922480427978,English (American),english_american,D_lin
2053,1.7900964351178499,-0.2195925763323159,English (American),english_american,D_lin
2054,-2.625237394922346,0.021262916560685477,English (American),english_american,D_lin
2057,0.21450431696953817,-0.17461327773327384,English (American),english_american,D_lin
2061,-1.332015249279493,0.3285569356934172,English (American),english_american,D_lin
2065,1.7474908606450925,-0.16608294600228374,English (American),english_american,D_lin
2067,-0.24816467791225488,-0.20432158084140714,English (American),english_american,D_lin
2068,-2.89661932456999,-0.1461664591805329,English (American),english_american,D_lin
2069,2.168902474448349,-0.15317981477006587,English (American),english_american,D_lin
2071,0.9081583652875953,-0.19143322178052546,English (American),english_american,D_lin
2072,2.2121252690349413,0.06627767076686682,English (American),english_american,D_lin
2073,2.711455544052434,-0.07373003813883604,English (American),english_american,D_lin
2074,2.253729736030229,0.045066853239069324,English (American),english_american,D_lin
2075,4.738928747319386,-0.3693559688361757,English (American),english_american,D_lin
2080,-0.8469664903534394,0.09843098018189779,English (American),english_american,D_lin
2082,2.8670390649665842,-0.14252121426261377,English (American),english_american,D_lin
2083,0.8672009888786999,0.023931730812071537,English (American),english_american,D_lin
2089,-1.043114499155892,0.1740790751895336,English (American),english_american,D_lin
2090,-0.4098297279280083,0.0020665041776830526,English (American),english_american,D_lin
2092,1.8396622630176258,0.027776025033796843,English (American),english_american,D_lin
2093,2.093372158929238,0.031172885586086205,English (American),english_american,D_lin
2094,1.1812053826060023,-0.14547314897388688,English (American),english_american,D_lin
2095,-2.0699156557517013,0.05962523821757977,English (American),english_american,D_lin
2102,0.18149591710983834,-0.09440733267459499,English (American),english_american,D_lin
2105,0.09476567256806236,0.20997103393146646,English (American),english_american,D_lin
2112,-1.5883213997061665,0.13312465730037987,English (American),english_american,D_lin
2113,0.4869631044734534,0.05033980342475575,English (American),english_american,D_lin
2115,2.917799169669241,-0.023251862550449892,English (American),english_american,D_lin
2116,3.237732142452144,-0.15021609990872942,English (American),english_american,D_lin
2123,1.3871830751548393,-0.0842839510920062,English (American),english_american,D_lin
2124,0.6778229665952236,0.031780849224569634,English (American),english_american,D_lin
2125,3.265198476607423,-0.3189908654841576,English (American),english_american,D_lin
2126,-1.1402608384002095,0.2580941825847377,English (American),english_american,D_lin
2128,0.4521375021979995,-0.0976072916228235,English (American),english_american,D_lin
2130,-3.8942377484491497,0.08137904432178272,English (American),english_american,D_lin
2132,1.821167472305527,-0.19741900604125126,English (American),english_american,D_lin
2135,-0.16309835499702652,0.0440421530985438,English (American),english_american,D_lin
2137,0.7484003482031096,-0.07707709753151146,English (American),english_american,D_lin
2140,1.3273997682616077,-0.2852066433795886,English (American),english_american,D_lin
2142,0.933410519614524,0.227849623376147,English (American),english_american,D_lin
2143,-2.369709327232461,0.22566213179796166,English (American),english_american,D_lin
2144,-2.668170897231519,0.019829419390049736,English (American),english_american,D_lin
2146,-2.984078878277689,-0.05162283268584316,English (American),english_american,D_lin
2147,-1.1941476288643678,-0.10624183102306156,English (American),english_american,D_lin
2150,-0.09592329316125318,-0.21326364643666545,English (American),english_american,D_lin
2151,1.2381980961417434,-0.19083552798398537,English (American),english_american,D_lin
2155,0.3520356091147626,0.33339705658777685,English (American),english_american,D_lin
2156,2.3070148888782795,-0.25370312118359967,English (American),english_american,D_lin
2157,-1.4506187596178681,0.13980385622054506,English (American),english_american,D_lin
2158,-2.8710489133896373,0.2810918732936857,English (American),english_american,D_lin
2159,1.2973951121464307,-0.14895281827870818,English (American),english_american,D_lin
2161,-0.8224364385730811,-0.14904797417471238,English (American),english_american,D_lin
2163,0.3707226235975027,0.11632931643845396,English (American),english_american,D_lin
2164,4.1837567862751515,-0.27076344933782187,English (American),english_american,D_lin
2166,2.2564987112253103,-0.1635124571196922,English (American),english_american,D_lin
2169,0.21119503597721395,0.06492522018485364,English (American),english_american,D_lin
2173,-1.2149239121699609,0.13848465426613404,English (American),english_american,D_lin
2174,1.3005157380572596,-0.15361322277351808,English (American),english_american,D_lin
2176,1.4116166424190353,-0.06368707352331211,English (American),english_american,D_lin
2177,0.018329671949200085,-0.46934416201642437,English (American),english_american,D_lin
2178,2.077906978188554,0.10301229752114906,English (American),english_american,D_lin
2186,2.6136424671021428,-0.17941959182327571,English (American),english_american,D_lin
2191,-0.8257053781290611,0.13332159607279948,English (American),english_american,D_lin
2194,0.9283646657339372,0.12626492541642295,English (American),english_american,D_lin
2195,-0.49131151231744247,0.03286150201487016,English (American),english_american,D_lin
2197,-0.23224431383582986,-0.040195165815418835,English (American),english_american,D_lin
2199,-2.3393920666215573,-0.6041576410043181,English (American),english_american,D_lin
2201,2.049708450824412,-0.16862154721474032,English (American),english_american,D_lin
2202,2.261247451538231,-0.2290011474835036,English (American),english_american,D_lin
2204,1.9968001291311037,0.07840384368416217,English (American),english_american,D_lin
2205,1.5304992840768252,-0.2204032858845782,English (American),english_american,D_lin
2206,-0.8641957129883242,0.09683405884588965,English (American),english_american,D_lin
2207,1.4851859786547092,-0.05446935060478771,English (American),english_american,D_lin
2208,0.6569501818394377,-0.1774571009843516,English (American),english_american,D_lin
2212,-0.1671831797551971,0.051018583921404945,English (American),english_american,D_lin
2213,0.05985169021952292,-0.06387624862943919,English (American),english_american,D_lin
2214,-0.2249531782197358,-0.14354795829738518,English (American),english_american,D_lin
2215,-2.9117325253658195,-0.3217452213206606,English (American),english_american,D_lin
2217,2.4910148879852856,-0.13627530198608764,English (American),english_american,D_lin
2221,0.8445947479346643,-0.2694411383782573,English (American),english_american,D_lin
2223,-0.46722482055436637,-0.15508018126313655,English (American),english_american,D_lin
2225,0.6232328924521622,-0.1742732583264105,English (American),english_american,D_lin
2227,4.349022550583032,-0.32566886737859496,English (American),english_american,D_lin
2228,2.7139944699295206,0.2704622305619935,English (American),english_american,D_lin
2230,1.8836916547573441,0.09303833702560346,English (American),english_american,D_lin
2231,1.2462221348496967,-0.05509631000615156,English (American),english_american,D_lin
2232,-0.7791978957324016,0.0641320165974329,English (American),english_american,D_lin
2233,0.801388977222328,0.05066024390838869,English (American),english_american,D_lin
2234,-0.21027639019834693,0.05040155800740644,English (American),english_american,D_lin
2235,-1.3224107592757106,0.04884661012537752,English (American),english_american,D_lin
2237,3.0772521268723936,0.04353883278920964,English (American),english_american,D_lin
2238,0.8625151014034457,-0.003917666985816375,English (American),english_american,D_lin
2239,0.9208473170378355,-0.13181174164958007,English (American),english_american,D_lin
2240,-0.6588373955047412,-0.3163617499363485,English (American),english_american,D_lin
2243,1.1063360041409727,-0.1484486628084843,English (American),english_american,D_lin
2244,-0.7456509410057439,-0.08520721758293491,English (American),english_american,D_lin
2245,-2.3763134897355567,-0.2465957229609191,English (American),english_american,D_lin
2246,-0.7170213778999356,0.11364167325007249,English (American),english_american,D_lin
2249,-3.0709603363184437,-0.0022071735074101657,English (American),english_american,D_lin
2250,-0.8374697292490862,-0.1935243839621572,English (American),english_american,D_lin
2252,2.9690616664250244,-0.010350458054106688,English (American),english_american,D_lin
2253,-0.3583481014284959,0.09221639092751571,English (American),english_american,D_lin
2254,0.6686625795476181,0.15416016354153553,English (American),english_american,D_lin
2256,-0.9197997541165314,0.08607489151320034,English (American),english_american,D_lin
2257,0.22341896200048877,-0.07819015352076904,English (American),english_american,D_lin
2420,-0.18836185040855621,-0.20790181164660404,English (American),english_american,D_lin
2421,1.7728599237866671,-0.21555901045112025,English (American),english_american,D_lin
2422,0.6440369982466316,0.1607390185048771,English (American),english_american,D_lin
2423,3.253074553272758,0.059461816093611224,English (American),english_american,D_lin
2424,-0.45259518240553964,-0.04572047115547394,English (American),english_american,D_lin
2426,-2.577348274834471,0.2052052048745041,English (American),english_american,D_lin
2428,-1.8793938139151818,-0.0814708745607574,English (American),english_american,D_lin
2429,-1.8854348273957844,-0.06867013759079739,English (American),english_american,D_lin
2430,0.24411356429340386,0.010442024175687759,English (American),english_american,D_lin
2431,3.0697545970812077,0.7656814197403272,English (American),english_american,D_lin
2432,1.9835230028929247,0.2634159112282117,English (American),english_american,D_lin
2433,-0.6304174978341152,-0.11458996400450547,English (American),english_american,D_lin
2434,2.9175662016785395,-0.5718524379698663,English (American),english_american,D_lin
2435,2.339492613158093,0.06787450587955136,English (American),english_american,D_lin
2436,-2.3910140687422765,-0.36403507137765345,English (American),english_american,D_lin
2438,0.09332756330146974,0.13394830371846875,English (American),english_american,D_lin
2439,-0.8808398769005555,-0.10903843559133214,English (American),english_american,D_lin
2442,2.2571884213485753,0.04142075127723934,English (American),english_american,D_lin
2443,2.050607100310702,0.06582638838511655,English (American),english_american,D_lin
2448,2.1868468046255294,-0.11874001950183585,English (American),english_american,D_lin
2454,-0.44708236806180235,0.11194495450223836,English (American),english_american,D_lin
2456,-6.907794761117386,1.105803392901458,English (American),english_american,D_lin
2457,1.854257228156042,-0.29811416247032574,English (American),english_american,D_lin
2458,-3.2905889888538398,0.2934996100378291,English (American),english_american,D_lin
2459,-3.1529828986095305,0.2374098627443839,English (American),english_american,D_lin
2461,2.099357457827445,-0.18772067501199735,English (American),english_american,D_lin
2462,0.6148878145054754,0.030149761626761966,English (American),english_american,D_lin
2464,-4.336895389810278,0.04092393595075761,English (American),english_american,D_lin
2465,-0.19805231155430647,-0.05373724315485076,English (American),english_american,D_lin
2466,-0.3557113293309232,0.2530699512241444,English (American),english_american,D_lin
2468,-1.6789056018975708,-0.010591460050714967,English (American),english_american,D_lin
2470,-3.386383187105549,0.15622229240800378,English (American),english_american,D_lin
2471,-1.161126010800529,0.38633280092268785,English (American),english_american,D_lin
2472,-4.143974020703229,0.06468199516204247,English (American),english_american,D_lin
2476,1.491401766273703,0.08801249525356389,English (American),english_american,D_lin
2477,2.741514085046892,-0.4286364472812686,English (American),english_american,D_lin
2478,-3.040418202023501,-0.08473839708208794,English (American),english_american,D_lin
2484,0.4857617054878847,0.1338837425589609,English (American),english_american,D_lin
2486,-2.3421233675236093,-0.05198586673148513,English (American),english_american,D_lin
2491,-3.5830963247932526,-0.13897992155905484,English (American),english_american,D_lin
2494,-0.7096849058081547,-0.07807298450979203,English (American),english_american,D_lin
2497,-0.5760463983624386,-0.17912054331199848,English (American),english_american,D_lin
2499,1.4203673427514003,0.03442830440018879,English (American),english_american,D_lin
2500,1.2185570085981936,0.01730291735949657,English (American),english_american,D_lin
2503,-0.4811905198654492,-0.041698863353596065,English (American),english_american,D_lin
2509,-3.018311750781503,0.44205833637184977,English (American),english_american,D_lin
2510,0.5297002910753219,-0.11465466969908178,English (American),english_american,D_lin
2513,-0.5225763456425878,0.4578006331673163,English (American),english_american,D_lin
2518,-3.909155006389544,0.23127107131124164,English (American),english_american,D_lin
2528,4.47316234163728,0.36941304012659665,English (American),english_american,D_lin
2533,-1.5611611409935378,0.002055619380978359,English (American),english_american,D_lin
2542,-0.6743265994232773,-0.06302820318246112,English (American),english_american,D_lin
2543,-0.8400694601075789,0.12224099075667831,English (American),english_american,D_lin
2546,-0.5695267927357063,0.09766662906678106,English (American),english_american,D_lin
2547,-2.223855177109983,0.5274522052894475,English (American),english_american,D_lin
2557,-2.870077797113553,0.04026171498073401,English (American),english_american,D_lin
2560,-0.261963856404775,0.13440707152237888,English (American),english_american,D_lin
2570,-0.6114090121105563,-0.059060368934214395,English (American),english_american,D_lin
2573,1.1423691535138725,-0.06117263081776409,English (American),english_american,D_lin
2574,1.7657787669367813,0.4983588116013183,English (American),english_american,D_lin
2577,-0.14592973959391173,0.07471734872800603,English (American),english_american,D_lin
2583,-5.073162393095851,0.2712652746188388,English (American),english_american,D_lin
2586,1.983005672163149,-0.3235658791409217,English (American),english_american,D_lin
2590,2.411730745879994,-0.38313216468869693,English (American),english_american,D_lin
2594,0.2323009529058342,-0.16083606877519274,English (American),english_american,D_lin
2598,-1.8827969915343474,-0.09691820605102727,English (American),english_american,D_lin
2603,1.0860305733937703,-0.3923166186371677,English (American),english_american,D_lin
2606,-3.0934171314449896,0.26673927987257817,English (American),english_american,D_lin
2608,-3.0744811656909525,-0.022338795649457743,English (American),english_american,D_lin
2615,-0.7502187265397086,-0.18672326034270165,English (American),english_american,D_lin
2617,-0.47709571741272344,-0.0750332376181102,English (American),english_american,D_lin
2618,-2.2372040116630183,-0.3163218890882335,English (American),english_american,D_lin
2624,-1.06525385702734,0.17544785776466265,English (American),english_american,D_lin
2632,-1.2537104150364498,-0.21597129545191618,English (American),english_american,D_lin
2653,-1.2552120071671047,-0.12372815277362813,English (American),english_american,D_lin
2682,0.29144125175979685,-0.025097406134407557,English (American),english_american,D_lin
2686,0.7236996412070187,0.20832955105578574,English (American),english_american,D_lin
2688,0.5222150210885017,-0.1540827265454186,English (American),english_american,D_lin
2689,-0.913816108279986,0.2803118729520922,English (American),english_american,D_lin
2691,0.09460655355431197,-0.17153743236097418,English (American),english_american,D_lin
2696,2.305369942248406,-0.043029875235561114,English (American),english_american,D_lin
2702,1.1894310539934472,-0.14152879582232591,English (American),english_american,D_lin
2706,3.3812489889913397,0.5567820607242862,English (American),english_american,D_lin
2709,2.022255065239107,0.05144621829082949,English (American),english_american,D_lin
2711,-0.2665849365680039,0.3765574590346149,English (American),english_american,D_lin
2715,-0.9345299579411617,-0.14261143161289974,English (American),english_american,D_lin
2717,-5.37931124148993,0.2768538196245841,English (American),english_american,D_lin
2719,2.016422630318343,-0.09593282456026338,English (American),english_american,D_lin
2720,1.6833149468839221,0.17009533195553644,English (American),english_american,D_lin
2722,2.2538934457648323,-0.2519450313785126,English (American),english_american,D_lin
2725,-2.1673453087053383,-0.18485425795866176,English (American),english_american,D_lin
2728,-1.4250112955642877,-0.08075814896374776,English (American),english_american,D_lin
2730,-2.9488206281782605,-0.14591549919076693,English (American),english_american,D_lin
2735,-3.277350503639123,-0.2171905414773481,English (American),english_american,D_lin
2737,-2.9136782108701227,-0.35543519021573816,English (American),english_american,D_lin
2738,-2.450441855580796,0.49430420956996224,English (American),english_american,D_lin
2741,-0.7870083232378692,-0.1817406591469012,English (American),english_american,D_lin
2742,2.7370761812867093,-0.2820187617918783,English (American),english_american,D_lin
2743,-0.5942876096414785,-0.11107060566339119,English (American),english_american,D_lin
2744,-1.3505367274879454,-0.005605476778895085,English (American),english_american,D_lin
2746,-2.803787615962863,-0.15732083695979474,English (American),english_american,D_lin
2747,-2.5452551141887296,-0.19283746710735936,English (American),english_american,D_lin
2748,-0.6406316325569905,0.0750769271533918,English (American),english_american,D_lin
2749,1.5097362939422294,-0.1782032313369188,English (American),english_american,D_lin
2752,-2.218292911744796,0.010240477954757493,English (American),english_american,D_lin
2753,-2.4505888764091965,-0.27387765217727167,English (American),english_american,D_lin
2758,-1.2604105510029275,-0.15849550849499128,English (American),english_american,D_lin
2764,-3.8155186816225273,0.8694484632445101,English (American),english_american,D_lin
2766,-2.204454461564727,-0.4063654762748967,English (American),english_american,D_lin
2767,-1.6835830078724159,0.02401494937715197,English (American),english_american,D_lin
2769,1.335609009127965,0.2948886034233794,English (American),english_american,D_lin
2770,-0.790263445774081,-0.05025469423920137,English (American),english_american,D_lin
2772,2.041593468879395,-0.16884293013046567,English (American),english_american,D_lin
2777,0.334399875624681,0.44029203990892146,English (American),english_american,D_lin
2778,0.43882404282372717,-0.13961859560893705,English (American),english_american,D_lin
2781,1.6543364619956331,0.018006206137374914,English (American),english_american,D_lin
2783,3.525444580601405,1.135188778276439,English (American),english_american,D_lin
2784,-2.119007527554654,0.11238719926005833,English (American),english_american,D_lin
2785,-1.3988937296643011,-0.10187067489916654,English (American),english_american,D_lin
2786,1.3239047611050345,-0.03372095896956715,English (American),english_american,D_lin
2788,-0.22099912379057512,-0.12490617104516634,English (American),english_american,D_lin
2789,-0.6528655312785617,0.026663209835589233,English (American),english_american,D_lin
2794,-3.119926617785072,0.052049301034865054,English (American),english_american,D_lin
2795,-2.707855534862912,0.16786518613325183,English (American),english_american,D_lin
2796,-2.201959218477271,0.09102447938149336,English (American),english_american,D_lin
2797,1.8539824889430054,-0.0014716335336940368,English (American),english_american,D_lin
2802,1.18111748205103,-0.2828714761559127,English (American),english_american,D_lin
2806,1.7924159223599612,-0.17336122845333024,English (American),english_american,D_lin
2808,-1.106582460716099,0.08193848207866719,English (American),english_american,D_lin
2811,-0.7915512249308073,-0.0032082007893062736,English (American),english_american,D_lin
2813,1.313029839322803,0.05315057152955807,English (American),english_american,D_lin
2814,-2.7725328280175767,-0.14980357424984442,English (American),english_american,D_lin
2815,-0.32173468845648145,-0.04272346248646941,English (American),english_american,D_lin
2817,1.2239380656756156,-0.20121020025801006,English (American),english_american,D_lin
2819,-3.479787426859918,-0.12846986242305525,English (American),english_american,D_lin
2825,-0.044535492233531246,0.07165621314495138,English (American),english_american,D_lin
2828,-3.2706647633524075,-0.3201657767787023,English (American),english_american,D_lin
2833,-3.208848365084469,-0.0652929077807171,English (American),english_american,D_lin
2839,-2.593929561290436,0.11164398794277998,English (American),english_american,D_lin
2845,-3.1908220086211627,0.034886021597421046,English (American),english_american,D_lin
2854,-0.03580641600657503,0.09819708802166735,English (American),english_american,D_lin
2862,1.427407906888141,-0.0336121830839739,English (American),english_american,D_lin
2864,1.4868858931748157,-0.1462795725732635,English (American),english_american,D_lin
2867,1.9387834363095797,0.28724392647751157,English (American),english_american,D_lin
2871,-1.4672728147811347,-0.13075995456301592,English (American),english_american,D_lin
2872,-1.242290065722948,-0.15964885640541185,English (American),english_american,D_lin
2874,-0.43383532897664806,0.4811265153046542,English (American),english_american,D_lin
2876,1.6573424139600867,0.19516993140732358,English (American),english_american,D_lin
2879,-0.8748193088216306,-0.5107770926239655,English (American),english_american,D_lin
2882,-0.7725174893314326,-0.05979028838367904,English (American),english_american,D_lin
2885,-2.7918834799511454,-0.19751521253322316,English (American),english_american,D_lin
2889,-0.5466871032260885,0.3173239493664793,English (American),english_american,D_lin
2890,0.6645583717663638,0.11938954876039733,English (American),english_american,D_lin
2891,-0.2780604745979538,0.5462021167801482,English (American),english_american,D_lin
2892,1.1602462657893298,-0.1460355087841061,English (American),english_american,D_lin
2893,2.19733139581062,0.36502857475646244,English (American),english_american,D_lin
2894,0.2922623083651756,0.20774688188967194,English (American),english_american,D_lin
2895,1.385776370366184,0.0175675040735177,English (American),english_american,D_lin
2896,-1.97489839169468,0.008856760821014224,English (American),english_american,D_lin
2897,-1.659779985501524,0.0807439940330947,English (American),english_american,D_lin
2898,-1.0169700352626518,-0.2759020781510633,English (American),english_american,D_lin
2899,1.3953603522775067,-0.1362513346545247,English (American),english_american,D_lin
2900,1.1425118132068663,0.09679832728049038,English (American),english_american,D_lin
2902,-6.46172439953872,-0.07963399626153408,English (American),english_american,D_lin
2903,-1.8339965551455535,0.4127015978589875,English (American),english_american,D_lin
2909,-0.4975050969556546,-0.08422003874615265,English (American),english_american,D_lin
2910,0.002373956545965915,-0.001524768373770981,English (American),english_american,D_lin
2913,-3.5306938630689544,-0.051415532823412574,English (American),english_american,D_lin
2914,2.9440496370536042,0.5138074735199336,English (American),english_american,D_lin
2916,-2.2272968631021803,0.08130507946759725,English (American),english_american,D_lin
2918,0.2429196947979606,-0.13205996327682193,English (American),english_american,D_lin
2919,-3.6098040214622586,-0.3690965456353939,English (American),english_american,D_lin
2920,-0.6531506645306434,-0.010322602629491797,English (American),english_american,D_lin
2922,-1.4874336624242792,0.12587461544734083,English (American),english_american,D_lin
2923,-1.6993953695464492,0.18534020075756555,English (American),english_american,D_lin
2928,-0.7955109641011388,0.444540767862622,English (American),english_american,D_lin
2929,1.546746655779424,0.590294996680954,English (American),english_american,D_lin
2930,1.7639552677063912,-0.262762678714047,English (American),english_american,D_lin
2936,-0.41279111439134974,-0.32108929145076814,English (American),english_american,D_lin
2937,0.7771812292885454,0.17640633941731573,English (American),english_american,D_lin
2938,-0.1895972613060167,0.09297277948007925,English (American),english_american,D_lin
2939,3.88553906588934,-0.06275270521870052,English (American),english_american,D_lin
2942,-1.0194466473106119,-0.2232223452635193,English (American),english_american,D_lin
2946,-1.2873526273310227,0.32215818335514634,English (American),english_american,D_lin
2947,-1.3303491369175318,-0.019556453643111447,English (American),english_american,D_lin
2949,0.9854080346993028,-0.13379212270757745,English (American),english_american,D_lin
2950,-1.2434639020121285,-0.12706989944120006,English (American),english_american,D_lin
2951,2.6787341549018513,-0.15108600141833034,English (American),english_american,D_lin
2953,1.858088908250411,0.053023002032836705,English (American),english_american,D_lin
2955,-1.0538995534625688,-0.22324254245277833,English (American),english_american,D_lin
2960,-1.7805031536864373,0.055851772194232305,English (American),english_american,D_lin
2961,-1.0163694795173974,0.2838179306375254,English (American),english_american,D_lin
2962,1.3252186626219673,-0.16279406598064702,English (American),english_american,D_lin
2964,-1.1844347757623774,-0.12265753952801776,English (American),english_american,D_lin
2965,-1.9253378100359027,-0.07416914381850154,English (American),english_american,D_lin
2969,-1.1879277660921312,0.03667314493764541,English (American),english_american,D_lin
2971,0.5435495062025165,-0.06216296436723029,English (American),english_american,D_lin
2973,-1.3368663403647019,-0.17326143627912968,English (American),english_american,D_lin
2975,-1.0101731011980597,-0.06124659176018828,English (American),english_american,D_lin
2979,-3.557176570270872,-0.11157378442646254,English (American),english_american,D_lin
2981,-0.23154161640671245,-0.11957712961041735,English (American),english_american,D_lin
2982,0.3946731750938693,0.12408734554697673,English (American),english_american,D_lin
2985,-1.1489046961475062,0.09764716260936575,English (American),english_american,D_lin
2986,-3.9124908284871833,-0.171580249981473,English (American),english_american,D_lin
2988,-4.538417716470842,0.22257263603358274,English (American),english_american,D_lin
2989,-2.1393826810618637,0.10471314596149578,English (American),english_american,D_lin
2992,1.8936651914274427,0.36141780413335933,English (American),english_american,D_lin
2993,1.7210663049870567,-0.30687913447988036,English (American),english_american,D_lin
2995,-1.9773003719268074,0.14141633298658282,English (American),english_american,D_lin
2996,0.6690890519299926,0.012011347406152277,English (American),english_american,D_lin
2997,0.1501761932199408,-0.12821016219781295,English (American),english_american,D_lin
2999,-2.313253454626195,1.301651435077787,English (American),english_american,D_lin
3002,1.0226518132195563,0.012708304025808255,English (American),english_american,D_lin
3004,-1.0801728572517701,-0.11855091205734938,English (American),english_american,D_lin
3005,-2.0849501402224426,0.12787075688887825,English (American),english_american,D_lin
3006,2.6562095295400128,0.36724126958723685,English (American),english_american,D_lin
3007,1.6800397458098888,-0.22730202949833087,English (American),english_american,D_lin
3008,-1.7960650251351038,0.03796830603108258,English (American),english_american,D_lin
3010,-1.1012989074127528,-0.30015507498535554,English (American),english_american,D_lin
3011,-1.0772707004990059,-0.1735414104583004,English (American),english_american,D_lin
3014,-2.8980671337707795,0.03137319166432871,English (American),english_american,D_lin
3016,-0.12574190781538136,0.14021988832107934,English (American),english_american,D_lin
3018,-0.4303209418054677,0.04170222431829916,English (American),english_american,D_lin
3020,0.4549994704275966,-0.4107074354604857,English (American),english_american,D_lin
3021,-3.7384311404989683,-0.405023423854934,English (American),english_american,D_lin
3027,-1.3068504039150455,0.1457235288372865,English (American),english_american,D_lin
3028,-1.142473909549077,-0.0933974866938481,English (American),english_american,D_lin
3029,0.35431324589316754,0.21015272359349346,English (American),english_american,D_lin
3030,-0.1703449605091476,0.3604149142772119,English (American),english_american,D_lin
3031,-1.388572814860793,0.0031321734186488884,English (American),english_american,D_lin
3032,2.0015530721784285,-0.14260532611525256,English (American),english_american,D_lin
3033,0.24312557788335323,0.009532698387678782,English (American),english_american,D_lin
3034,-0.3930789919308212,0.18126448379919746,English (American),english_american,D_lin
3036,-1.1868956802017097,0.12324061655217422,English (American),english_american,D_lin
3038,0.23327155511284509,-0.17386509956636467,English (American),english_american,D_lin
3042,3.1189002696907324,-0.16103847538577507,English (American),english_american,D_lin
3045,-0.2045884381446271,-0.13657494418930355,English (American),english_american,D_lin
3046,0.44362757517355417,0.06044336774582146,English (American),english_american,D_lin
3047,3.5869108775830405,0.4245252118699705,English (American),english_american,D_lin
3050,0.5548770837145124,0.030367134696138807,English (American),english_american,D_lin
3051,0.07611650343776852,-0.04423147609483565,English (American),english_american,D_lin
3052,-0.1644129138750534,-0.1600957428969228,English (American),english_american,D_lin
3053,-3.955020045579976,0.142609033330579,English (American),english_american,D_lin
3054,0.3737479985637854,-0.09589672088686806,English (American),english_american,D_lin
3056,3.32119598722368,-0.5929441151246189,English (American),english_american,D_lin
3057,3.236694891861337,-0.07597395874041711,English (American),english_american,D_lin
3058,0.19957057527083905,0.14389296709533028,English (American),english_american,D_lin
3059,0.780405159442202,-0.4757771461513117,English (American),english_american,D_lin
3060,-2.7698877759819314,-0.2614118455925848,English (American),english_american,D_lin
3062,2.2420908190465387,0.03803295126547063,English (American),english_american,D_lin
3064,-1.1603563215244033,-0.37197487929993844,English (American),english_american,D_lin
3065,-4.584220649541258,-0.10251850996229989,English (American),english_american,D_lin
3068,-0.560023619984658,-0.16047073678606313,English (American),english_american,D_lin
3069,-3.4669736560353073,0.045703464979239064,English (American),english_american,D_lin
3074,2.453552692041524,0.05656486784246921,English (American),english_american,D_lin
3075,4.09636280642093,-0.7745423047003381,English (American),english_american,D_lin
3076,0.8528783821210518,-0.2636458177848369,English (American),english_american,D_lin
3079,-0.15402807437286914,0.5760300659851889,English (American),english_american,D_lin
3081,-1.129939651676625,0.2630409329360721,English (American),english_american,D_lin
3087,-0.8301242120786018,0.5801748949372015,English (American),english_american,D_lin
3089,1.3038379315165038,0.07143795593507014,English (American),english_american,D_lin
3091,-2.1680766637532827,0.2984060850939788,English (American),english_american,D_lin
3093,1.534711410343473,-0.284158495049458,English (American),english_american,D_lin
3096,1.9951096761343519,-0.09695669583213985,English (American),english_american,D_lin
3099,-1.4857324522543545,0.17741265608102194,English (American),english_american,D_lin
3101,1.6317353119051556,-0.258310278710725,English (American),english_american,D_lin
3102,-3.1964730536621206,0.00314514755196745,English (American),english_american,D_lin
3103,-1.9982582694536675,-0.2591662178053228,English (American),english_american,D_lin
3105,0.19915716348976797,0.12134415442994116,English (American),english_american,D_lin
3106,-0.6569826080644728,-0.11081408464891022,English (American),english_american,D_lin
3107,-0.19180303102317064,-0.3087954881530086,English (American),english_american,D_lin
3111,-0.11455080795110471,-0.13244416055145536,English (American),english_american,D_lin
3112,-2.023935619193354,-0.1225856593940812,English (American),english_american,D_lin
3113,3.2136699882003366,-0.16112207049636137,English (American),english_american,D_lin
3115,-0.6627608123820821,0.1265095913408601,English (American),english_american,D_lin
3121,0.6120699454249439,0.2261830256636313,English (American),english_american,D_lin
3123,0.8931294139066454,0.48195872476261,English (American),english_american,D_lin
3124,-1.64090158718076,0.3363594587422589,English (American),english_american,D_lin
3126,2.4429287250745966,-0.1825836942216451,English (American),english_american,D_lin
3127,1.5876783891198643,0.36284148129672317,English (American),english_american,D_lin
3129,-1.221404146661746,0.08917876807108127,English (American),english_american,D_lin
3130,2.0593926891170344,0.3151914878779456,English (American),english_american,D_lin
3131,-1.9861330014316187,-0.17744085366720758,English (American),english_american,D_lin
3133,-2.507297276245791,-0.005225974631876955,English (American),english_american,D_lin
3136,-3.0309930639095954,0.08023523930149887,English (American),english_american,D_lin
3137,-1.0840102331405361,-0.17378208638930662,English (American),english_american,D_lin
3139,-1.0871413156516057,0.09150174561055262,English (American),english_american,D_lin
3140,2.055433070363305,0.062483490079259026,English (American),english_american,D_lin
3142,0.522222677283119,0.10141967840850492,English (American),english_american,D_lin
3144,-2.1108714821679695,0.03763159558429789,English (American),english_american,D_lin
3145,-1.8665424561052726,0.07831233538846036,English (American),english_american,D_lin
3146,0.14468484366615653,0.20200127983520386,English (American),english_american,D_lin
3148,2.8002501306926932,0.2971481816329153,English (American),english_american,D_lin
3150,0.28846310517375817,-0.23529063077105505,English (American),english_american,D_lin
3151,-2.435859029948313,-0.42046345193728213,English (American),english_american,D_lin
3152,-5.400431098762644,0.7121729355890267,English (American),english_american,D_lin
3157,-0.13360139804670176,-0.39515604413866495,English (American),english_american,D_lin
3161,-0.169783937097473,-0.2618570891877889,English (American),english_american,D_lin
3164,-5.9922719175468675,-0.3794571927872064,English (American),english_american,D_lin
3166,0.10487923994051897,-0.28317317011435444,English (American),english_american,D_lin
3173,-1.1304538266267823,0.12014480853403378,English (American),english_american,D_lin
3176,1.7868055497476238,-0.2508449284774213,English (American),english_american,D_lin
3179,1.6857094085961286,0.16107512421812414,English (American),english_american,D_lin
3181,1.7252332813905156,-0.07896445560004273,English (American),english_american,D_lin
3187,1.0185906819675528,0.06435497269056059,English (American),english_american,D_lin
3194,-1.638363852465963,0.14363154284145144,English (American),english_american,D_lin
3197,1.1250420702551576,-0.21428465904773952,English (American),english_american,D_lin
3201,-1.3792175944898903,-0.09607242107149251,English (American),english_american,D_lin
3203,-1.7845817404419233,-0.3045385805192756,English (American),english_american,D_lin
3205,-1.8907685295930543,-0.06159906627631304,English (American),english_american,D_lin
3207,-4.195185080792906,-0.09356557476568333,English (American),english_american,D_lin
3216,0.6610061199106878,0.060391476464689745,English (American),english_american,D_lin
3218,-2.227555967936931,0.20917732501409447,English (American),english_american,D_lin
3224,-1.6408783703972127,-0.028120741960346644,English (American),english_american,D_lin
3278,-0.6478855434867756,-0.05471697819446393,English (American),english_american,D_lin
3279,-0.2271700957690668,0.048911579140658315,English (American),english_american,D_lin
3280,0.9672088176348103,0.003815895801665985,English (American),english_american,D_lin
3281,-2.4809603174586443,-0.551276191105461,English (American),english_american,D_lin
3282,-1.0471592672270278,-0.038078588618836125,English (American),english_american,D_lin
3283,-1.1370596956135912,-0.04164601333737272,English (American),english_american,D_lin
3284,1.177458354161554,0.0021889014006568385,English (American),english_american,D_lin
3285,0.900804841206295,-0.019990344101095417,English (American),english_american,D_lin
3286,0.4651997303227037,0.03951715097025911,English (American),english_american,D_lin
3287,0.07938878500561178,0.022809869801487876,English (American),english_american,D_lin
3288,-0.33854190669697104,-0.1692828995162542,English (American),english_american,D_lin
3289,2.6264115552043963,0.1718277318787606,English (American),english_american,D_lin
3290,0.06636978539841562,-0.03478943593995833,English (American),english_american,D_lin
3291,0.9245728645646243,0.15932398874871004,English (American),english_american,D_lin
3292,2.2404805948242004,-0.022014280233473554,English (American),english_american,D_lin
3293,1.3463724344595278,-0.11665659621432083,English (American),english_american,D_lin
3294,-2.094921349721734,0.030785817109273833,English (American),english_american,D_lin
3295,-1.516540597815563,0.088279441560309,English (American),english_american,D_lin
3296,0.2500366141713403,-7.429613677990076e-4,English (American),english_american,D_lin
3297,0.5431193441682691,-0.18038710415776066,English (American),english_american,D_lin
3298,0.305959755806141,0.1351825505759108,English (American),english_american,D_lin
3299,-1.241184195348059,0.19196171361555603,English (American),english_american,D_lin
3300,2.051888365442349,0.07202511773978075,English (American),english_american,D_lin
3301,-1.6478759937629466,0.019910197524860368,English (American),english_american,D_lin
3302,0.4096898880647588,-0.013134809459309206,English (American),english_american,D_lin
3303,1.8295644552707462,0.08713654120669649,English (American),english_american,D_lin
3304,3.1136801857427883,-0.08716064847958782,English (American),english_american,D_lin
3305,-0.8004969464716575,-0.10563296983740982,English (American),english_american,D_lin
3306,-2.123547024153033,0.13233397230954996,English (American),english_american,D_lin
3307,-0.817262214022834,0.09448565761735193,English (American),english_american,D_lin
3308,-1.377682393121385,0.053751396326484915,English (American),english_american,D_lin
3309,0.253803863830454,-0.004243390698776622,English (American),english_american,D_lin
3310,-1.6743483505509567,0.09102833409524176,English (American),english_american,D_lin
3311,0.07556246019503818,-0.12849345099230736,English (American),english_american,D_lin
3312,0.45651244169533556,-0.09911552279207403,English (American),english_american,D_lin
3313,-3.4047223767018577,-0.02867732421187874,English (American),english_american,D_lin
3314,-2.7392174924146855,-0.07276126358370034,English (American),english_american,D_lin
3315,0.6430616333209958,-0.043088121026976386,English (American),english_american,D_lin
3316,0.825690832844264,0.18264290842281314,English (American),english_american,D_lin
3317,0.9280213665470055,-0.015562367976795517,English (American),english_american,D_lin
3318,-0.0982218632132311,0.01729952335346039,English (American),english_american,D_lin
3319,1.9857143605650283,0.252171947746057,English (American),english_american,D_lin
3320,1.1858688388743288,0.012297376630657204,English (American),english_american,D_lin
3321,0.8921155005697443,-0.15943557545691345,English (American),english_american,D_lin
3322,-0.5903334737214316,0.4154478726850954,English (American),english_american,D_lin
3323,-0.8458846020837483,0.12707284809301606,English (American),english_american,D_lin
3324,-0.6952556098658117,-0.18222459635629215,English (American),english_american,D_lin
3325,0.8658671449966467,-0.11233599021723069,English (American),english_american,D_lin
3326,-2.7596026890815963,-0.1427729523142623,English (American),english_american,D_lin
3327,-0.7876232695869603,0.06903974650019262,English (American),english_american,D_lin
3328,6.549705164657427,-0.09015830296507694,English (American),english_american,D_lin
3329,-1.6456208729396355,-0.06467536237567137,English (American),english_american,D_lin
3330,1.8291770548527255,0.4213474317750175,English (American),english_american,D_lin
3331,0.3360198059797748,-0.1537468600059721,English (American),english_american,D_lin
3332,-0.6372716953037432,-0.08340368763511516,English (American),english_american,D_lin
3333,-2.3200247858226213,-0.07167193188644967,English (American),english_american,D_lin
3334,-0.26659813699005114,0.051604562407682956,English (American),english_american,D_lin
3335,3.741149895153769,0.08991703548771326,English (American),english_american,D_lin
3336,-0.1464829675376339,0.024683249888676345,English (American),english_american,D_lin
3337,-0.4704120409753476,0.1555535150097426,English (American),english_american,D_lin
3338,0.2101593515888765,0.07385546259172829,English (American),english_american,D_lin
3339,-0.8801078680988652,-0.2000041455827384,English (American),english_american,D_lin
3340,-0.33551784596130824,-0.16314485380174376,English (American),english_american,D_lin
3341,1.9003624535737138,0.3808380544147964,English (American),english_american,D_lin
3342,-0.4639579813269185,0.03393287740464313,English (American),english_american,D_lin
3343,-0.15410688608218234,0.11571930894957762,English (American),english_american,D_lin
3344,0.31843105323965987,-0.035519413024138594,English (American),english_american,D_lin
3345,-0.21654653701417897,0.03882489273639076,English (American),english_american,D_lin
3346,0.03863484484029301,0.03601863702080841,English (American),english_american,D_lin
3347,0.0873476934810419,-0.15210076914235726,English (American),english_american,D_lin
3348,0.6786427395981874,-0.08771087241511187,English (American),english_american,D_lin
3349,-2.5855296328066677,-6.946148626908039e-5,English (American),english_american,D_lin
3350,-0.17088370991819282,-0.06180037654802149,English (American),english_american,D_lin
3351,1.5193795563567765,-0.13155025232352327,English (American),english_american,D_lin
3352,2.9661741621960016,0.008339189178297898,English (American),english_american,D_lin
3353,1.0575558862006516,0.4709522140125984,English (American),english_american,D_lin
3354,1.847351714158827,-0.02936481981472709,English (American),english_american,D_lin
3355,0.6308519880924863,0.11487817275048637,English (American),english_american,D_lin
3356,-2.262260720592469,0.12531540573044397,English (American),english_american,D_lin
3357,0.7535438123473784,-0.02417630374780222,English (American),english_american,D_lin
3358,1.105265082220431,0.2021821062531703,English (American),english_american,D_lin
3359,2.3789017390262472,0.003485754014661016,English (American),english_american,D_lin
3360,0.6466119663224387,-0.04461093630870131,English (American),english_american,D_lin
3361,2.0896959014382395,0.08846349537833842,English (American),english_american,D_lin
3362,-2.341277486341756,0.05002673743547207,English (American),english_american,D_lin
3363,0.7119685685860748,-0.20753495071433317,English (American),english_american,D_lin
3364,1.2371825092707853,0.031599250994131245,English (American),english_american,D_lin
3365,-2.0086223512188766,0.05549393080520762,English (American),english_american,D_lin
3366,-1.2294217650327313,0.09287358951509052,English (American),english_american,D_lin
3367,3.7790082312956836,-0.12646283014085125,English (American),english_american,D_lin
3368,-2.5861806910385976,0.409659559059529,English (American),english_american,D_lin
3369,1.2756293888270103,-0.013814511328731413,English (American),english_american,D_lin
3370,1.7366682575633887,0.3263992291397974,English (American),english_american,D_lin
3371,-1.3459775869637627,0.39764254500591184,English (American),english_american,D_lin
3372,0.6371600326949302,0.5512619752837865,English (American),english_american,D_lin
3373,-0.48934324266417367,-0.23929506747632967,English (American),english_american,D_lin
3374,0.49498731663043083,-0.0894568256809647,English (American),english_american,D_lin
3375,-0.13643317083522902,-0.09786401658816735,English (American),english_american,D_lin
3376,0.7080845761512649,-0.3016587250644893,English (American),english_american,D_lin
3377,0.71036524016974,0.07382810942268803,English (American),english_american,D_lin
3378,-0.678538776472649,-0.11803493579310376,English (American),english_american,D_lin
3379,-0.8122047580577932,0.012220215512890981,English (American),english_american,D_lin
3380,-1.7982425102465962,-0.13231412683311075,English (American),english_american,D_lin
3381,1.7917152128532077,0.11370227385823829,English (American),english_american,D_lin
3382,-0.05118806297773703,-0.13099517087431112,English (American),english_american,D_lin
3383,-1.9480670660228718,0.17569452912241434,English (American),english_american,D_lin
3384,-0.9967016936260437,0.35520795188870957,English (American),english_american,D_lin
3385,-2.1384717923174463,-0.06089877394512065,English (American),english_american,D_lin
3386,0.0651625642000648,0.1265945789095802,English (American),english_american,D_lin
3387,3.187084598084916,0.12362189043078718,English (American),english_american,D_lin
3388,-2.6720270978915885,-0.11209845392893053,English (American),english_american,D_lin
3389,3.3014052898852304,0.09960626113086547,English (American),english_american,D_lin
3390,1.3997810599160636,-3.5674232200591516e-5,English (American),english_american,D_lin
3391,3.5045215944027586,0.1916662068830465,English (American),english_american,D_lin
3392,-1.6725683261614623,0.15920539189229152,English (American),english_american,D_lin
3393,-3.431819086714087,-0.2789447864673323,English (American),english_american,D_lin
3394,-0.45265466037254054,0.06519656455599529,English (American),english_american,D_lin
3395,-0.2713602234753956,0.17162938671697692,English (American),english_american,D_lin
3396,2.5280111268144045,0.37389223890433076,English (American),english_american,D_lin
3397,-0.7278299104221269,0.011731373525661884,English (American),english_american,D_lin
3398,2.100318422628655,-0.07035170893091006,English (American),english_american,D_lin
3399,-0.5435730857451977,0.15280217034242435,English (American),english_american,D_lin
3400,-0.14332367772833407,-0.019695820099049837,English (American),english_american,D_lin
3401,-1.2517536257724042,-0.10440710853513138,English (American),english_american,D_lin
3402,1.184158599710024,0.0550845897708406,English (American),english_american,D_lin
3403,-1.490037573420921,-0.10686329203112425,English (American),english_american,D_lin
3404,-1.8468524318173818,-0.18024813291527694,English (American),english_american,D_lin
3405,-0.7596652823146228,0.18395952399069757,English (American),english_american,D_lin
3406,-0.7563963868835208,-0.050804946004238224,English (American),english_american,D_lin
3407,1.5452427093966425,0.08668665559871394,English (American),english_american,D_lin
3408,0.23640445124744452,0.24510654801716913,English (American),english_american,D_lin
3409,-2.3773014284351413,-0.334290607556896,English (American),english_american,D_lin
3410,0.1866509670306911,0.05744123269550994,English (American),english_american,D_lin
3411,-0.06897950533783437,0.2602969437033317,English (American),english_american,D_lin
3412,0.47693771102810406,0.012913931038758538,English (American),english_american,D_lin
3413,-0.44131242756708167,-0.06439574391693353,English (American),english_american,D_lin
3414,-1.2639199481055148,-0.06469203177233833,English (American),english_american,D_lin
3415,1.5226338403736805,0.1393434840824534,English (American),english_american,D_lin
3416,2.0283330948127487,0.12483609659307524,English (American),english_american,D_lin
3417,0.4835347958472453,-0.15410211882612357,English (American),english_american,D_lin
3418,-0.9577731451740654,0.32541714969446855,English (American),english_american,D_lin
3419,-1.3516800731788219,0.01504788800875904,English (American),english_american,D_lin
3420,1.8654466713622073,0.1636273214342901,English (American),english_american,D_lin
3421,-0.29831124631101813,0.20652296729941688,English (American),english_american,D_lin
3422,1.405120535394028,0.1454694030395529,English (American),english_american,D_lin
3423,-0.2944764278271441,-0.13762635256313155,English (American),english_american,D_lin
3424,-0.7871038067030883,-0.20939659714592535,English (American),english_american,D_lin
3425,0.27754540289544155,0.5683054227681693,English (American),english_american,D_lin
3426,1.0401669276802092,-0.13093532505022792,English (American),english_american,D_lin
3427,-0.06147084724597822,0.020432705199984358,English (American),english_american,D_lin
3428,-0.29391224596210996,-0.11896455404226798,English (American),english_american,D_lin
3429,1.2948039903238218,-0.01176909229476323,English (American),english_american,D_lin
3430,1.192938745221614,0.1439330134061402,English (American),english_american,D_lin
3431,-0.19051661945713494,0.23339289052917636,English (American),english_american,D_lin
3432,0.3852072789866031,0.011583696530340554,English (American),english_american,D_lin
3433,-1.0707566781353681,0.008184172632410992,English (American),english_american,D_lin
3434,-0.28362342477790653,0.01103143970160467,English (American),english_american,D_lin
3435,0.7433186910559205,0.06371718108159807,English (American),english_american,D_lin
3436,-0.37635438659332265,-0.10962898362205074,English (American),english_american,D_lin
3437,0.5113003552355744,-0.07091326747810615,English (American),english_american,D_lin
3438,0.22496842592924537,0.6175732555619854,English (American),english_american,D_lin
3439,1.91333273420902,0.08316072278246753,English (American),english_american,D_lin
3440,0.9197472566791225,-0.14512357556518896,English (American),english_american,D_lin
3441,-0.4847992279971261,-0.05952321075685134,English (American),english_american,D_lin
3442,-1.0925761513037848,-0.19499625571093965,English (American),english_american,D_lin
3443,1.8258908120231927,-0.14942640318238234,English (American),english_american,D_lin
3444,-1.9464752775036087,0.09813569249949261,English (American),english_american,D_lin
3445,-1.5418316386287318,-0.16561968486417072,English (American),english_american,D_lin
3446,2.433212440006892,0.4128291590316798,English (American),english_american,D_lin
3447,0.9024001332950233,0.013904915286236852,English (American),english_american,D_lin
3448,-0.1034751473944991,0.06539623603023142,English (American),english_american,D_lin
3449,-1.413008885821601,0.055066381445063185,English (American),english_american,D_lin
3450,-1.7904291371564434,0.08957652764088658,English (American),english_american,D_lin
3451,-0.03613417014666153,0.14635624488492605,English (American),english_american,D_lin
3452,-0.7481925621911343,0.1238987207176642,English (American),english_american,D_lin
3453,0.5556768874769766,-0.01242511682257535,English (American),english_american,D_lin
3454,0.28533755575923375,0.048913350188560786,English (American),english_american,D_lin
3455,-2.887179853708142,-0.220841937463577,English (American),english_american,D_lin
3456,0.7000550795224784,0.16360636807918294,English (American),english_american,D_lin
3457,0.5451854640441881,-0.002015523382774204,English (American),english_american,D_lin
3458,-1.6742351468858456,-0.19679655461935455,English (American),english_american,D_lin
3459,-1.0062957455831552,0.01588198877863665,English (American),english_american,D_lin
3460,-0.197355004360274,-0.07541845134072603,English (American),english_american,D_lin
3461,3.159765339037155,0.11313417974052899,English (American),english_american,D_lin
3462,1.4638353036228102,0.022061753936271824,English (American),english_american,D_lin
3463,4.133421662474276,0.03675237909767113,English (American),english_american,D_lin
3464,0.7647401676824218,-0.022719875172250575,English (American),english_american,D_lin
3465,-0.24596552238974212,0.14683750214338578,English (American),english_american,D_lin
3466,5.049083325830637,0.7778975469876696,English (American),english_american,D_lin
3467,0.46721315019759124,-0.09457284720462071,English (American),english_american,D_lin
3468,0.6907567295051779,-0.04639968462156796,English (American),english_american,D_lin
3469,-1.8435553997797671,-0.17101237018218107,English (American),english_american,D_lin
3470,2.169896829470465,0.09308211496102742,English (American),english_american,D_lin
3471,1.3200259511896963,0.13812182361237346,English (American),english_american,D_lin
3472,2.373188631666325,-0.03590759874745235,English (American),english_american,D_lin
3473,0.46647102512066047,0.040062243097577416,English (American),english_american,D_lin
3474,-0.9224894624424482,0.037231287215024805,English (American),english_american,D_lin
3475,0.3671508753107785,0.07613411086811654,English (American),english_american,D_lin
3476,-0.015585839320054095,-0.0027289069684210076,English (American),english_american,D_lin
3477,-0.2421351620466225,0.03274391069560472,English (American),english_american,D_lin
3478,0.11141141232599155,0.0956223820149776,English (American),english_american,D_lin
3479,0.8888963187576596,-0.19799509393459705,English (American),english_american,D_lin
3480,-1.5858180172723069,0.2831249454280638,English (American),english_american,D_lin
3481,-0.19662506959916007,-0.08868584932700001,English (American),english_american,D_lin
3482,-0.8511127338114302,-0.029641009264125974,English (American),english_american,D_lin
3483,3.634546559815755,0.37309258612480395,English (American),english_american,D_lin
3484,2.3003200522824043,-0.08621073149522934,English (American),english_american,D_lin
3485,-0.24500643054351012,-0.01236690115946231,English (American),english_american,D_lin
3486,2.5935601192591373,-0.11230860807185684,English (American),english_american,D_lin
3487,1.9723463463450939,0.04419540698589104,English (American),english_american,D_lin
3488,2.6189679221028324,-0.030226837738549284,English (American),english_american,D_lin
3489,-1.8011798488171036,-0.13312012471473772,English (American),english_american,D_lin
3490,-1.6379625455825157,-0.04906614193195166,English (American),english_american,D_lin
3491,3.6683561656316845,-0.049120891633372785,English (American),english_american,D_lin
3492,1.7237124476520802,-0.5076296637499063,English (American),english_american,D_lin
3493,4.20658026771483,-0.0069480407629793645,English (American),english_american,D_lin
3494,-1.2613240858165173,-0.3759768528114027,English (American),english_american,D_lin
3495,-0.25302634585364586,0.07558214604021056,English (American),english_american,D_lin
3496,0.5085082336211868,-0.008389207717138174,English (American),english_american,D_lin
3497,1.3053260190904088,-0.14709720927262157,English (American),english_american,D_lin
3498,0.16084265664259828,0.15460342588597356,English (American),english_american,D_lin
3499,1.4705909591861466,0.21268624547339698,English (American),english_american,D_lin
3500,-2.118829809057997,-0.0738927925491443,English (American),english_american,D_lin
3501,-0.2662388252743145,-0.06011570308369474,English (American),english_american,D_lin
3502,2.0109639675342006,0.45722675061151,English (American),english_american,D_lin
3503,-1.1297267938890347,-0.03459073778103828,English (American),english_american,D_lin
3504,-1.2648668917442156,-0.1758834208215507,English (American),english_american,D_lin
3505,-0.11286556429859676,0.2593344980188015,English (American),english_american,D_lin
3506,0.49783370389891396,0.027205906951448776,English (American),english_american,D_lin
3507,-0.39259162299622946,0.031761823046793466,English (American),english_american,D_lin
3508,2.1431357157940525,-0.12137421651693116,English (American),english_american,D_lin
3509,-0.8144496899635347,-0.11281226011264249,English (American),english_american,D_lin
3510,-3.746272107600016,0.05675767097108072,English (American),english_american,D_lin
3511,1.4696261218475335,0.08449526962327163,English (American),english_american,D_lin
3512,2.1037652930327937,-0.027013616079231507,English (American),english_american,D_lin
3513,0.47108473690234964,-0.024608474184443178,English (American),english_american,D_lin
3514,1.3691624075545006,-0.050985855703717935,English (American),english_american,D_lin
3515,-0.18600178656789038,-0.1387975257903174,English (American),english_american,D_lin
3516,1.2196667443946674,-0.08566879662896447,English (American),english_american,D_lin
3517,0.6985592251787492,-0.1532798616673488,English (American),english_american,D_lin
3518,4.258321080287072,0.15474437190129928,English (American),english_american,D_lin
3519,2.8440490344748635,0.047694401493530166,English (American),english_american,D_lin
3520,1.4793441725621381,0.050681808674572545,English (American),english_american,D_lin
3521,0.8058096314677307,-0.029884587793299187,English (American),english_american,D_lin
3522,-1.6675581093846379,0.2355090831287239,English (American),english_american,D_lin
3523,0.5080657648333954,0.12460971991340145,English (American),english_american,D_lin
3524,-1.8627174307524332,-0.08718738268963876,English (American),english_american,D_lin
3525,-0.5276299068635155,-0.03130476109027961,English (American),english_american,D_lin
3526,-0.42491207623821825,-0.20303306527046622,English (American),english_american,D_lin
3527,2.510562287189908,-0.05870360314858804,English (American),english_american,D_lin
3528,1.0527330962540407,0.2165862047200658,English (American),english_american,D_lin
3529,0.4116949662908516,0.07751913958197652,English (American),english_american,D_lin
3530,-1.3532061551653927,0.12231008528931062,English (American),english_american,D_lin
3531,-0.8864066106476162,0.024499815157989928,English (American),english_american,D_lin
3532,-0.8661697597080382,-0.10491639535410457,English (American),english_american,D_lin
3533,-2.2428560858547355,-0.04483718802417448,English (American),english_american,D_lin
3534,1.1098376898803861,-0.024775740006718526,English (American),english_american,D_lin
3535,0.5532817969017264,-0.08165519518692996,English (American),english_american,D_lin
3536,-0.7188983168755672,-0.09956269504459735,English (American),english_american,D_lin
3537,2.546150602007529,-0.10114509844686288,English (American),english_american,D_lin
3538,-1.9814419803310723,-0.3714390830719299,English (American),english_american,D_lin
3539,1.5739726635663234,0.04372486126827364,English (American),english_american,D_lin
3540,-0.6611080786649234,0.17064266842903847,English (American),english_american,D_lin
3541,0.8657100149837088,-0.04848316106168603,English (American),english_american,D_lin
3542,-0.4373462008663768,-0.024285777635832086,English (American),english_american,D_lin
3543,-1.2451330560746816,0.02589527383555235,English (American),english_american,D_lin
3544,-0.04899410525066702,-0.041649073972511906,English (American),english_american,D_lin
3545,-1.2856093575895444,-0.06820988970112417,English (American),english_american,D_lin
3546,0.5683761789385735,-0.1219745554686703,English (American),english_american,D_lin
3547,1.9792011364446835,-0.04144743367218914,English (American),english_american,D_lin
3548,-2.1883245043425408,0.048061483091722944,English (American),english_american,D_lin
3549,1.7181844532749522,0.012672671581968518,English (American),english_american,D_lin
3550,-0.08959376540239006,0.6170916875948209,English (American),english_american,D_lin
3551,0.41747350412107154,-0.0404447386283452,English (American),english_american,D_lin
3552,1.09639223442099,0.10969286813871626,English (American),english_american,D_lin
3553,2.1461946452340688,0.18667807429234215,English (American),english_american,D_lin
3554,-2.4963687257387033,-0.03255798114081462,English (American),english_american,D_lin
3555,0.15820932203567936,0.155577532886279,English (American),english_american,D_lin
3556,0.91467880036667,-0.020777783557577832,English (American),english_american,D_lin
3557,-1.964709374862995,-0.002335920935382608,English (American),english_american,D_lin
3558,0.1527027014136637,0.1317986537984804,English (American),english_american,D_lin
3559,-0.33779666660231844,-0.002705516291222194,English (American),english_american,D_lin
3560,-0.34044689801729106,-0.05235698747311853,English (American),english_american,D_lin
3561,2.426327931990517,-0.10779850670816148,English (American),english_american,D_lin
3562,-0.8415999642040131,-0.002964382783832561,English (American),english_american,D_lin
3563,0.393718359540979,-0.13361505399219384,English (American),english_american,D_lin
3564,0.14069932640543228,0.24178887467749385,English (American),english_american,D_lin
3565,1.8801553317691906,-0.19200107723019205,English (American),english_american,D_lin
3566,0.46670225691341033,-0.06425377579807191,English (American),english_american,D_lin
3567,0.5088391934761918,-0.041079020743385763,English (American),english_american,D_lin
3568,1.2269750673400606,-0.09281068572469549,English (American),english_american,D_lin
3569,1.9517090826878805,-0.15137362386486247,English (American),english_american,D_lin
3570,-2.569183366748087,-0.21815469780624125,English (American),english_american,D_lin
3571,-1.8987876031364888,0.3920264108625526,English (American),english_american,D_lin
3572,-0.250352059623149,0.2181614735023407,English (American),english_american,D_lin
3573,0.8836546455154995,0.10685398740955734,English (American),english_american,D_lin
3574,-0.10294025744866774,0.03247780647253627,English (American),english_american,D_lin
3575,0.6919808322405852,0.003513168214110861,English (American),english_american,D_lin
3576,-0.6330438779318699,0.396952093479027,English (American),english_american,D_lin
3577,0.9788997128439166,-0.22496575069156044,English (American),english_american,D_lin
3578,-0.3619218677473771,-0.004605042641227324,English (American),english_american,D_lin
3579,2.1406258429415996,-0.02626466897543825,English (American),english_american,D_lin
3580,-3.4467386515082388,0.009144657999860986,English (American),english_american,D_lin
3581,-2.026728230700019,0.12248246077775587,English (American),english_american,D_lin
3582,-1.291654709249168,0.01580042836405909,English (American),english_american,D_lin
3583,3.051006293766176,-0.30903426489796204,English (American),english_american,D_lin
3584,1.6291868905757176,-0.006154704229318542,English (American),english_american,D_lin
3585,0.2538547990823963,0.020276285832560307,English (American),english_american,D_lin
3586,-1.5844192958945258,0.03390111072698231,English (American),english_american,D_lin
3587,0.82365246161593475,0.043218785502450424,English (American),english_american,D_lin
3588,0.33009347280514173,0.16900448761442502,English (American),english_american,D_lin
3589,-0.5302591445166717,-0.21313988485775065,English (American),english_american,D_lin
3590,-0.8176923166731019,-0.21119021890478012,English (American),english_american,D_lin
3591,1.3803783460304353,-0.04908935134376473,English (American),english_american,D_lin
3592,-0.20896333022635416,-0.16359936297949634,English (American),english_american,D_lin
3593,0.6391436026614146,-0.1165980218365831,English (American),english_american,D_lin
3594,-0.5827292656503842,-0.011244128840459743,English (American),english_american,D_lin
3595,1.7187989411176143,-0.07828064373194067,English (American),english_american,D_lin
3596,0.15118685564990886,0.1363678782595839,English (American),english_american,D_lin
3597,-0.3423869628430815,-0.16824243577293968,English (American),english_american,D_lin
3598,2.33691994982919,0.22872362282163927,English (American),english_american,D_lin
3599,-0.08748975265565465,0.1015439836713138,English (American),english_american,D_lin
3600,2.613267151161945,-0.20867400903363764,English (American),english_american,D_lin
3601,-2.2758419145033812,-0.10831697360361309,English (American),english_american,D_lin
3602,4.538784161150924,0.6009902537750808,English (American),english_american,D_lin
3603,3.5802116415056937,0.3447937831127473,English (American),english_american,D_lin
3604,-0.8639182711777202,-0.19011761554225792,English (American),english_american,D_lin
3605,0.009508124355059731,0.1755984023620193,English (American),english_american,D_lin
3606,1.2549223456702094,-0.07442898483452556,English (American),english_american,D_lin
3607,0.7823300455160066,0.07482088711984781,English (American),english_american,D_lin
3608,0.9346162667987897,0.047606721698678106,English (American),english_american,D_lin
3609,1.1407706075849882,-0.055182285000331274,English (American),english_american,D_lin
3610,-1.319698341624623,-0.004806164516591287,English (American),english_american,D_lin
3611,-0.27248368210525536,-0.02898037987282619,English (American),english_american,D_lin
3612,1.816603455358903,-0.07287288315346141,English (American),english_american,D_lin
3613,0.020500826537046553,-0.16780081933238397,English (American),english_american,D_lin
3614,0.9969611549320517,-0.2647621746387944,English (American),english_american,D_lin
3615,0.4354246359773581,-0.029720363078137888,English (American),english_american,D_lin
3616,-1.8977807165307716,0.22343874306264933,English (American),english_american,D_lin
3617,1.96166654297692,-0.008033701856466655,English (American),english_american,D_lin
3618,0.13885821815371802,-0.12334854673621874,English (American),english_american,D_lin
3619,0.14560142165678688,-0.12516129312016355,English (American),english_american,D_lin
3620,2.0533380452258316,0.2283579004357815,English (American),english_american,D_lin
3621,0.4349816237427366,-0.12869229688264783,English (American),english_american,D_lin
3622,0.3389212709960585,0.022025455944217745,English (American),english_american,D_lin
3623,-0.7692995008468642,-0.07095290314934788,English (American),english_american,D_lin
3624,-0.26846480302270775,0.042270788761207025,English (American),english_american,D_lin
3625,0.26622834057772676,-0.08213201009396008,English (American),english_american,D_lin
3626,1.4670205087455384,-0.40213941920602936,English (American),english_american,D_lin
3627,-0.919944258576163,0.26457799358455475,English (American),english_american,D_lin
3628,-0.33097994110914414,-0.10974012608595261,English (American),english_american,D_lin
3629,-1.6646276219089404,-0.0011751674911347158,English (American),english_american,D_lin
3630,1.5276789268953779,0.43223949282904667,English (American),english_american,D_lin
3631,1.7097329659180576,-0.14193076658615017,English (American),english_american,D_lin
3632,0.9886712016091522,-0.09951162061039288,English (American),english_american,D_lin
3633,1.2886550679178066,-0.026781928922622107,English (American),english_american,D_lin
3634,2.2231568496984737,-0.05299095478542385,English (American),english_american,D_lin
3635,0.6017696737774474,-0.13020023887006824,English (American),english_american,D_lin
3636,-2.476097195000706,0.00813565197395601,English (American),english_american,D_lin
3637,2.13625138691576,0.047965802573611785,English (American),english_american,D_lin
3638,0.9936193831225794,-0.04911487938121798,English (American),english_american,D_lin
3639,2.51178575125003,-0.0359733028191879,English (American),english_american,D_lin
3640,-5.130076052198941,-0.27358690679980713,English (American),english_american,D_lin
3641,0.1929661739133915,-0.18960734989529118,English (American),english_american,D_lin
3642,-0.9484974279030375,-0.052790293337540165,English (American),english_american,D_lin
3643,-0.043715579865085466,-0.02375227927634619,English (American),english_american,D_lin
3644,-0.7389137058995157,-0.008382445131783984,English (American),english_american,D_lin
3645,-0.24918157108104927,0.0477980664313334,English (American),english_american,D_lin
3646,-2.5335063504614035,0.03887955714789739,English (American),english_american,D_lin
3647,-0.3762627571152469,0.09572110688402298,English (American),english_american,D_lin
3648,-0.4989389083600609,0.09551524461817483,English (American),english_american,D_lin
3649,0.8395218752398663,0.06458198632477598,English (American),english_american,D_lin
3650,-0.8828179941976431,0.028026303623815998,English (American),english_american,D_lin
3651,0.8462517380065149,-0.19128498036363542,English (American),english_american,D_lin
3652,-0.9864371013374912,-0.039408924714036085,English (American),english_american,D_lin
3653,1.3429866535043606,0.048940707244120474,English (American),english_american,D_lin
3654,1.2566107177155854,0.110544591721108,English (American),english_american,D_lin
3655,1.4625434704231923,-0.06401765353439486,English (American),english_american,D_lin
3656,-0.17155183604119628,0.028485671077033283,English (American),english_american,D_lin
3657,-0.37184033258621024,-0.2849072550680814,English (American),english_american,D_lin
3658,-3.727859402359135,-0.3357203538567206,English (American),english_american,D_lin
3659,-1.3665679203229308,-0.07522061334580075,English (American),english_american,D_lin
3660,3.427951106303378,0.036151574953542306,English (American),english_american,D_lin
3661,-1.3632908396091514,-0.23276606114464,English (American),english_american,D_lin
3662,3.4537679182637278,0.024637924501309416,English (American),english_american,D_lin
3663,0.17286003678657344,-0.05941549298607533,English (American),english_american,D_lin
3664,1.3645352587084911,0.09201377007969114,English (American),english_american,D_lin
3665,-0.5236470062232621,-0.08428617265280657,English (American),english_american,D_lin
3666,-2.31459848808177,0.06925843266926918,English (American),english_american,D_lin
3667,0.524825289634819,0.036968632976619294,English (American),english_american,D_lin
3668,2.4233175108639027,0.014781585566489615,English (American),english_american,D_lin
3669,-0.23646535469726096,0.08984617417456056,English (American),english_american,D_lin
3670,-2.419548301962441,-0.09400845880200209,English (American),english_american,D_lin
3671,0.7446377873154048,-0.17023311588089254,English (American),english_american,D_lin
3672,1.5925688818467965,-0.10022480820308727,English (American),english_american,D_lin
3673,0.8699178312743153,-0.02314530243842999,English (American),english_american,D_lin
3674,-0.7080463214904276,0.03742487814305103,English (American),english_american,D_lin
3675,-2.259512957538086,-0.07023631907966292,English (American),english_american,D_lin
3676,0.2724126736583505,-0.20239359143825714,English (American),english_american,D_lin
3677,-0.38509843023820084,4.6137834859981777e-4,English (American),english_american,D_lin
3678,1.077064114848107,0.020462665181991753,English (American),english_american,D_lin
3679,-2.6454796921623345,0.13542892401050974,English (American),english_american,D_lin
3680,1.0253196225360157,0.13242780817429245,English (American),english_american,D_lin
3681,-0.6851941302258382,0.18260180434669696,English (American),english_american,D_lin
3682,0.8140256780776728,-0.026824679702501904,English (American),english_american,D_lin
3683,0.19841203889681272,-0.084527206730463,English (American),english_american,D_lin
3684,2.4521982776024993,0.26523965754735745,English (American),english_american,D_lin
3685,1.4231493382331926,-0.07890578182952936,English (American),english_american,D_lin
3686,-0.39778631382391955,-0.15880830324336861,English (American),english_american,D_lin
3687,1.6786580256980626,-0.12872061387055103,English (American),english_american,D_lin
3688,0.5118680134711897,-0.04473212816689336,English (American),english_american,D_lin
3689,-0.1864103585263472,-0.1024046630157408,English (American),english_american,D_lin
3690,-1.3054864228882683,-0.039057261458856206,English (American),english_american,D_lin
3691,0.2944381258495102,0.034192443379673886,English (American),english_american,D_lin
3692,-0.6681916022831058,-0.10142686740238581,English (American),english_american,D_lin
3693,-0.7701842235668834,-3.209142070165656e-4,English (American),english_american,D_lin
3694,1.0831398985056988,-0.10259533647030938,English (American),english_american,D_lin
3695,1.3695516107349248,-0.25149264905418056,English (American),english_american,D_lin
3696,-1.4775837956444948,0.03650539672469674,English (American),english_american,D_lin
3697,0.5302977862259622,-0.09980474028242607,English (American),english_american,D_lin
3698,-0.07038358634282015,0.026691909657902597,English (American),english_american,D_lin
3699,1.0645087521080698,-0.02616618916314166,English (American),english_american,D_lin
3700,0.5490769373907236,-0.2060216568386803,English (American),english_american,D_lin
3701,-0.46824548878506644,-0.06591339740461968,English (American),english_american,D_lin
3702,-1.0770811923435486,-0.14864538154351137,English (American),english_american,D_lin
3703,-1.534435891211252,-0.1164768684277752,English (American),english_american,D_lin
3704,-4.177197692059031,0.2223593520746823,English (American),english_american,D_lin
3705,0.9099669440338997,0.032872548998979824,English (American),english_american,D_lin
3706,-0.8417660928202266,-0.02488407328223869,English (American),english_american,D_lin
3707,2.287943694721314,-0.06178114967789151,English (American),english_american,D_lin
3708,0.8495150437950496,-0.34640808895695874,English (American),english_american,D_lin
3709,-0.0972869132156099,-0.0708202902160208,English (American),english_american,D_lin
3710,-0.5772378891188927,-0.020696402427643045,English (American),english_american,D_lin
3711,2.3453757279869505,0.0716348987134552,English (American),english_american,D_lin
3712,-1.7212813919911412,-0.04402023339922857,English (American),english_american,D_lin
3713,-0.7707258074699941,-0.26150777327994723,English (American),english_american,D_lin
3714,0.5255338343872236,0.009217185019638783,English (American),english_american,D_lin
3715,1.725064531183759,-0.07378178807641161,English (American),english_american,D_lin
3716,0.26660007377098255,0.08452665756257526,English (American),english_american,D_lin
3717,0.7323266457070876,-0.05944730423962567,English (American),english_american,D_lin
3718,0.6949144377854458,-0.1043875673334907,English (American),english_american,D_lin
3719,-1.5055389059765212,0.11023108963423908,English (American),english_american,D_lin
3720,0.4591416970398622,0.18630084754333406,English (American),english_american,D_lin
3721,0.6082065329913758,-0.10010895843129547,English (American),english_american,D_lin
3722,-0.2456571003259615,0.10882717129330077,English (American),english_american,D_lin
3723,-1.2794972313303041,0.10162113331988937,English (American),english_american,D_lin
3724,1.4620339508606754,0.19787948708892567,English (American),english_american,D_lin
3725,2.0592904389102458,0.26054963946122073,English (American),english_american,D_lin
3726,0.6483595958075928,0.08971314125165089,English (American),english_american,D_lin
3727,0.7878082176318842,-0.130075166794126,English (American),english_american,D_lin
3728,1.3352214381529035,0.01978702700715671,English (American),english_american,D_lin
3729,0.549703033356255,-7.516903676416981e-4,English (American),english_american,D_lin
3730,-1.7213072673190857,0.13278089022145417,English (American),english_american,D_lin
3731,0.4042233569174727,-0.14231964090046006,English (American),english_american,D_lin
3732,0.1575680755983478,0.029183284914857763,English (American),english_american,D_lin
3733,-0.6539364388999593,-0.10889267606379116,English (American),english_american,D_lin
3734,-1.6918087525774752,-0.37009978755707695,English (American),english_american,D_lin
3735,-1.5184413676990995,-0.2886896410836323,English (American),english_american,D_lin
3736,-0.5311109976440596,0.0467666085740933,English (American),english_american,D_lin
3737,-3.167775333335612,-0.2895602540438844,English (American),english_american,D_lin
3738,-1.259635362975251,-0.10303498961659957,English (American),english_american,D_lin
3739,-1.7070000802652499,-0.2652881077152287,English (American),english_american,D_lin
3740,1.032128922987007,-0.09089932069906119,English (American),english_american,D_lin
3741,-0.4445672989804053,0.06546066842462449,English (American),english_american,D_lin
3742,1.0313697719586998,0.02962170873656652,English (American),english_american,D_lin
3743,0.8379588070542798,0.203455610511277,English (American),english_american,D_lin
3744,-0.7990038696950952,-0.121619768355969,English (American),english_american,D_lin
3745,2.2306053326527078,-0.13076806596186835,English (American),english_american,D_lin
3746,-1.6440782112832828,-0.08975133267133707,English (American),english_american,D_lin
3747,-1.0387936082591658,0.17632511985705113,English (American),english_american,D_lin
3748,0.9353884569191693,0.03149311278707848,English (American),english_american,D_lin
3749,3.373953291107605,-0.06266193676580348,English (American),english_american,D_lin
3750,-2.4980489380480186,-0.28252338671214877,English (American),english_american,D_lin
3751,-0.18780605158044555,-0.1653258868403766,English (American),english_american,D_lin
3752,0.9137069498907927,0.1585185842592231,English (American),english_american,D_lin
3753,-0.6119033089011009,-0.03103953933234798,English (American),english_american,D_lin
3754,0.6699861077064885,0.09479737072336333,English (American),english_american,D_lin
3755,-0.6832889577787157,-0.1282394624479996,English (American),english_american,D_lin
3756,0.5512346243157868,0.06981253397383656,English (American),english_american,D_lin
3757,-0.7107020333390851,-0.01864411010078795,English (American),english_american,D_lin
3758,0.0726511589462687,-0.061456006023885325,English (American),english_american,D_lin
3759,2.038829593785201,-0.007925755436382464,English (American),english_american,D_lin
3760,-2.0250652311042727,-0.11558540605695462,English (American),english_american,D_lin
3761,0.7736484505897929,-0.04811393406471977,English (American),english_american,D_lin
3762,1.8563731152850276,-0.17390550948947714,English (American),english_american,D_lin
3763,-0.11042090802131714,-0.07088171221200663,English (American),english_american,D_lin
3764,0.13163327831749438,-0.05921381885399696,English (American),english_american,D_lin
3765,-0.764773326594,-0.12174877764226842,English (American),english_american,D_lin
3766,1.679981848261357,0.03297730867924217,English (American),english_american,D_lin
3767,-0.7690825617690881,0.07618902833427083,English (American),english_american,D_lin
3768,-1.6137074917646483,0.0647567696632703,English (American),english_american,D_lin
3769,-0.2366759999651804,-0.017443411218390395,English (American),english_american,D_lin
3770,-0.6208301784821283,-0.05573805225732909,English (American),english_american,D_lin
3771,-0.45380526610166627,-0.0369591137086794,English (American),english_american,D_lin
3772,-0.12134637169365418,0.06738897345119133,English (American),english_american,D_lin
3773,-2.023349029695806,-0.07760690059101354,English (American),english_american,D_lin
3774,-0.24293593929465104,-0.06108513300978729,English (American),english_american,D_lin
3775,2.144318470527893,0.10807416652934627,English (American),english_american,D_lin
3776,-0.37783241062734396,0.3274923486400056,English (American),english_american,D_lin
3777,-0.5691946687314037,0.015588355809490036,English (American),english_american,D_lin
3778,-0.6048683814670242,-0.02120010809711095,English (American),english_american,D_lin
3779,0.5899461018570001,-0.10655246777600305,English (American),english_american,D_lin
3780,-1.3439423228697074,0.013927601537069931,English (American),english_american,D_lin
3781,-0.7314831316775879,0.019459907222722724,English (American),english_american,D_lin
3782,0.5860575516930524,-0.0916515872162751,English (American),english_american,D_lin
3783,-2.0137592512351308,0.1564417067524138,English (American),english_american,D_lin
3784,-0.562659551178899,0.24971062009605235,English (American),english_american,D_lin
3785,1.0471030114388744,0.14989261690238476,English (American),english_american,D_lin
3786,1.497807153365637,0.03788776464455424,English (American),english_american,D_lin
3787,0.015468528836620565,-0.17955849621006015,English (American),english_american,D_lin
3788,0.5924140411580902,-0.03044666874402973,English (American),english_american,D_lin
3789,-0.2511869067492986,0.005841716669275488,English (American),english_american,D_lin
3790,-1.471325356717021,0.034450400754031676,English (American),english_american,D_lin
3791,-1.0032239830492176,0.263855331514591,English (American),english_american,D_lin
3792,2.109093633486817,0.012576703632732042,English (American),english_american,D_lin
3793,1.153970538048149,-0.03677147896695199,English (American),english_american,D_lin
3794,-0.0826628983645959,-0.07266887931721666,English (American),english_american,D_lin
3795,1.31619667005489,0.11831740234390536,English (American),english_american,D_lin
3796,-0.015021303019487143,0.07981447880541043,English (American),english_american,D_lin
3797,1.739682918071247,-0.021559371551345304,English (American),english_american,D_lin
3798,-2.524018024550976,-0.05859288687004051,English (American),english_american,D_lin
3799,-0.8553957598789167,0.023521185850403067,English (American),english_american,D_lin
3800,1.0256648200717258,-0.04306054596011864,English (American),english_american,D_lin
3801,0.1062563364614687,0.05676645471282364,English (American),english_american,D_lin
3802,-1.5624750839901602,0.07956161095214388,English (American),english_american,D_lin
3803,0.18732737529199397,-0.2947023550131185,English (American),english_american,D_lin
3804,-0.30929303636761674,0.1109656031743013,English (American),english_american,D_lin
3805,0.7563653086587523,0.08070646157120782,English (American),english_american,D_lin
3806,3.1004794284793844,0.015685216365188288,English (American),english_american,D_lin
3807,4.673493710098046,0.2758119367749598,English (American),english_american,D_lin
3808,-3.983680553656054,-0.34339457674235313,English (American),english_american,D_lin
3809,-2.6388900691755794,0.1744817354989797,English (American),english_american,D_lin
3810,1.4117940688196944,-0.06688721916614074,English (American),english_american,D_lin
3811,0.03958379831625495,-0.14927515646844053,English (American),english_american,D_lin
3812,-0.44475528174223355,0.14761760256392992,English (American),english_american,D_lin
3813,-1.539780634781558,0.1149450988556668,English (American),english_american,D_lin
3814,-2.69459432460821,0.14564346223163518,English (American),english_american,D_lin
3815,-1.9924165082214775,-0.07723336458907569,English (American),english_american,D_lin
3816,-0.8217558530293082,0.04054064078959242,English (American),english_american,D_lin
3817,1.1460075046063012,0.07658843003425381,English (American),english_american,D_lin
3818,0.6240047187274926,0.18020168752129578,English (American),english_american,D_lin
3819,1.811873551317571,-0.038957958482199136,English (American),english_american,D_lin
3820,-0.46176377392916956,-0.14665296325315508,English (American),english_american,D_lin
3821,0.9865531230448138,-0.06859475285629234,English (American),english_american,D_lin
3822,0.4599020888934725,0.2595011438323468,English (American),english_american,D_lin
3823,1.3141348048753208,-0.12114859689479818,English (American),english_american,D_lin
3824,0.5604085291849092,0.2661982518723147,English (American),english_american,D_lin
3825,0.45311895119737355,0.028564738082538975,English (American),english_american,D_lin
3826,-1.9345103170204374,0.053619211829623065,English (American),english_american,D_lin
3827,-0.40707185375403415,-0.05035813361697533,English (American),english_american,D_lin
3828,0.5942785044217238,0.17147047135356333,English (American),english_american,D_lin
3829,1.640995921122685,-0.188122097897771,English (American),english_american,D_lin
3830,1.3573903216107557,-0.1201869857092151,English (American),english_american,D_lin
3831,0.2281199208483321,0.0875100319733127,English (American),english_american,D_lin
3832,4.272898883343379,-0.0012014545389962931,English (American),english_american,D_lin
3833,0.5708145103894723,-0.13710086897023865,English (American),english_american,D_lin
3834,-0.8594096920037848,-0.13495699255261873,English (American),english_american,D_lin
3835,0.3491244654526497,-0.0340491170079957,English (American),english_american,D_lin
3836,-0.6913583959408289,-0.2743789924658709,English (American),english_american,D_lin
3837,2.0946994278188282,0.07273390959095943,English (American),english_american,D_lin
3838,-1.7936836644190006,0.008642245774823335,English (American),english_american,D_lin
3839,1.8356245589744455,-0.06641035000845977,English (American),english_american,D_lin
3840,1.340157383707894,-0.1427724180630737,English (American),english_american,D_lin
3841,7.502452960423579,0.3845556859781411,English (American),english_american,D_lin
3842,0.6544338073847442,-0.1726085061016542,English (American),english_american,D_lin
3843,-0.7390647845232019,-0.12401271822859866,English (American),english_american,D_lin
3844,-0.7526039965506904,-0.10717276891201591,English (American),english_american,D_lin
3845,-1.6172003040176832,-0.3997109197932564,English (American),english_american,D_lin
3846,-1.615901004286876,-0.24898831008356184,English (American),english_american,D_lin
3847,-0.5925584564339914,0.1551554804313327,English (American),english_american,D_lin
3848,-0.23729488026330056,-0.07256775219657222,English (American),english_american,D_lin
3849,-1.4976732056139226,-0.12446756251477971,English (American),english_american,D_lin
3850,0.7383558532883259,-0.05625309553353303,English (American),english_american,D_lin
3851,-1.3873186415861314,0.06638564531875857,English (American),english_american,D_lin
3852,-0.24144062188506304,-0.11400015630815391,English (American),english_american,D_lin
3853,-2.0581520367712045,-0.13477084692548102,English (American),english_american,D_lin
3854,1.2606566204045335,-0.14249303631587532,English (American),english_american,D_lin
3855,-0.8712058412168449,0.016579405791426145,English (American),english_american,D_lin
3856,0.26396624306598865,-2.514773418343186e-4,English (American),english_american,D_lin
3857,0.5947193279335408,0.26603066682343945,English (American),english_american,D_lin
3858,0.7763625961594335,0.020831775804329055,English (American),english_american,D_lin
3859,0.059239339101326276,-0.05629146304266077,English (American),english_american,D_lin
3860,-1.384921522258835,0.29090723580938505,English (American),english_american,D_lin
3861,-1.063408232411983,-0.16578353715640395,English (American),english_american,D_lin
3862,-1.370990578554014,-0.0790891509489585,English (American),english_american,D_lin
3863,0.2248991921938298,-0.1292964599046418,English (American),english_american,D_lin
3864,2.3203527901307752,-0.042958933052447364,English (American),english_american,D_lin
3865,0.11025159914644403,0.0636720120982794,English (American),english_american,D_lin
3866,0.06226454567799512,0.02742476156909783,English (American),english_american,D_lin
3867,2.3055531542333476,0.11566169867145284,English (American),english_american,D_lin
3868,-0.7269880338735029,0.13602278015738942,English (American),english_american,D_lin
3869,0.5219455275016208,0.0012473135245687304,English (American),english_american,D_lin
3870,0.535861973832225,-0.010381912771277965,English (American),english_american,D_lin
3871,0.5366061892461581,0.17737309459484038,English (American),english_american,D_lin
3872,1.0386535496277305,-0.12675994328517295,English (American),english_american,D_lin
3873,-0.5243678962947184,-2.581259742133013e-4,English (American),english_american,D_lin
3874,1.6468948620259076,0.0037376432799608294,English (American),english_american,D_lin
3875,-0.5913562857882915,0.10721536566409841,English (American),english_american,D_lin
3876,-0.8857123512523243,-0.17446817676488335,English (American),english_american,D_lin
3877,-2.564526967356476,0.1587807717584786,English (American),english_american,D_lin
3878,-2.3784808645849256,0.05930076404857337,English (American),english_american,D_lin
3879,0.7218648740550111,-0.09851821461579753,English (American),english_american,D_lin
3880,0.7169125417694616,-0.09125530080953602,English (American),english_american,D_lin
3881,-1.5561387021961235,-0.3279673802494559,English (American),english_american,D_lin
3882,-0.6324275394492114,-0.19509029020248175,English (American),english_american,D_lin
3883,1.3644835162368378,0.010673333373849894,English (American),english_american,D_lin
3884,-0.9172669395187858,-0.21403763880470733,English (American),english_american,D_lin
3885,-0.6567283235329816,0.2864270058537713,English (American),english_american,D_lin
3886,-0.7358710465504611,0.052964349444432506,English (American),english_american,D_lin
3887,-1.0080515530329743,-0.14731708117132725,English (American),english_american,D_lin
3888,-0.6375757919689148,-0.050092476482537285,English (American),english_american,D_lin
3889,2.50851179522418,-0.0858175140448333,English (American),english_american,D_lin
3890,1.881185090206412,-0.2702576181925842,English (American),english_american,D_lin
3891,-0.4677333623683163,-0.03283508351356554,English (American),english_american,D_lin
3892,1.9829440475383986,-0.05555580383273998,English (American),english_american,D_lin
3893,0.083963291590264,-0.11675248698230356,English (American),english_american,D_lin
3894,-0.8840004098667028,-0.15119952722907196,English (American),english_american,D_lin
3895,3.78822084626528,-0.10485321832343589,English (American),english_american,D_lin
3896,-1.987988493401718,-0.04180221361047206,English (American),english_american,D_lin
3897,-0.0983670834559307,-0.1762727083264307,English (American),english_american,D_lin
3898,-1.3918723093985654,0.08113628895163076,English (American),english_american,D_lin
3899,2.7556043465164763,-0.1388468058253903,English (American),english_american,D_lin
3900,0.273024705967766,-0.13319727727982014,English (American),english_american,D_lin
3901,0.4298343848461472,-0.07785118033937673,English (American),english_american,D_lin
3902,-0.026375373753815587,-0.2235762014998207,English (American),english_american,D_lin
3903,2.579282426002167,0.17536014331629998,English (American),english_american,D_lin
3904,1.2305426258838483,-0.005122671212782228,English (American),english_american,D_lin
3905,4.452520754687599,0.37597414686512404,English (American),english_american,D_lin
3906,-1.0674708086965328,0.00642564811000884,English (American),english_american,D_lin
3907,-1.614841132882206,-0.14896040676925665,English (American),english_american,D_lin
3908,1.7955692632707079,-0.019135047470774248,English (American),english_american,D_lin
3909,0.7849662765732794,0.14292181028599854,English (American),english_american,D_lin
3910,1.2736844642282141,0.07329186648334582,English (American),english_american,D_lin
3911,2.2021631786676563,0.40752575792948215,English (American),english_american,D_lin
3912,-0.7727587124674865,-0.030180643051622335,English (American),english_american,D_lin
3913,0.03127024280821406,-0.052699986328793906,English (American),english_american,D_lin
3914,-2.0822532626373347,-0.3093610494531346,English (American),english_american,D_lin
3915,-1.3264731791839808,-0.1468249480405061,English (American),english_american,D_lin
3916,1.1227616824662672,-0.06636989790290239,English (American),english_american,D_lin
3917,0.1739099056100457,-0.05598531718772867,English (American),english_american,D_lin
3918,0.1580639368214133,0.024162172645117167,English (American),english_american,D_lin
3919,-0.12788943918988788,0.022320169671953424,English (American),english_american,D_lin
3920,0.9711332401094898,-0.016503616623690244,English (American),english_american,D_lin
3921,0.8317291060554327,-0.1501214174991357,English (American),english_american,D_lin
3922,1.3376892665897804,-0.02020456969643828,English (American),english_american,D_lin
3923,1.434036924753591,0.04591420849368104,English (American),english_american,D_lin
3924,3.138525518525191,-0.07187203633910827,English (American),english_american,D_lin
3925,-1.7300462279556097,-0.019714294394185577,English (American),english_american,D_lin
3926,-0.5763197149244654,-0.03464830010517093,English (American),english_american,D_lin
3927,-1.1015217753883328,-0.1517225429006206,English (American),english_american,D_lin
3928,3.474286162991848,0.02822451862788391,English (American),english_american,D_lin
3929,0.3360761860530257,-0.018229113777824706,English (American),english_american,D_lin
3930,-1.8993081139894927,0.23168355258826903,English (American),english_american,D_lin
5024,1.7171684758679802,0.11708086984526836,English (American),english_american,D_lin
