child_id,intercept_blup,slope_blup,language,lang_slug,model
1414,1.7281167364401973,0.896585254844777,English (American),english_american,D_log
1416,-0.5091218260362328,-2.200098594748404,English (American),english_american,D_log
1418,1.0913498173213285,-0.36057013348215783,English (American),english_american,D_log
1427,0.260627817529562,5.312208163083585,English (American),english_american,D_log
1428,1.1341182754473236,1.8112903150010886,English (American),english_american,D_log
1429,-2.7539624208852627,-4.093112414803631,English (American),english_american,D_log
1432,-1.0805353385218246,-7.927127545690581,English (American),english_american,D_log
1433,-1.2412012785271775,-0.6981273223238247,English (American),english_american,D_log
1436,-0.007388114697510228,3.068278499905114,English (American),english_american,D_log
1437,-4.507918435335125,7.037483805577119,English (American),english_american,D_log
1438,0.8873317865855945,-0.7895814019368874,English (American),english_american,D_log
1446,3.0704302164094868,-2.117366998799642,English (American),english_american,D_log
1447,-2.1192339677218563,3.66664733489186,English (American),english_american,D_log
1449,-2.723779390063767,-2.221108594274161,English (American),english_american,D_log
1450,0.5853845606173198,3.6603565866619427,English (American),english_american,D_log
1452,-1.0482442075651874,-7.368970093287974,English (American),english_american,D_log
1453,-3.4460427065610117,-2.3996303276036164,English (American),english_american,D_log
1456,-2.256715056477407,-5.90475939406236,English (American),english_american,D_log
1458,-2.3620216459762946,1.841496950143498,English (American),english_american,D_log
1460,-0.9217076176123593,0.12335163044259803,English (American),english_american,D_log
1461,-1.0569102741974281,3.4562072001030817,English (American),english_american,D_log
1463,-2.7760999082440385,-1.2796994274320028,English (American),english_american,D_log
1464,-0.8211852569913726,7.937487923031925,English (American),english_american,D_log
1465,-2.4306473386955303,3.5751164340300505,English (American),english_american,D_log
1474,3.088900714337359,-2.3170228045374017,English (American),english_american,D_log
1475,-0.522998741770664,-3.242338547802085,English (American),english_american,D_log
1476,0.9287917529380476,-1.1469383891086968,English (American),english_american,D_log
1479,-1.9792311729393128,-3.948291691864214,English (American),english_american,D_log
1480,1.4347006423961788,-0.13745661107172974,English (American),english_american,D_log
1481,-1.4584414621807398,0.710524337424151,English (American),english_american,D_log
1482,-4.123886018603945,1.24538351836229,English (American),english_american,D_log
1483,0.40743206962712736,2.1120997119661005,English (American),english_american,D_log
1484,-2.6915351535226346,0.16830619155512572,English (American),english_american,D_log
1486,-2.6371310277675115,0.5277630879277924,English (American),english_american,D_log
1488,1.0668902514363516,-3.28988798202777,English (American),english_american,D_log
1492,5.381604808698524,8.741887790020197,English (American),english_american,D_log
1494,0.23174599201753648,5.046717706446111,English (American),english_american,D_log
1497,2.153190609290563,-0.8422989550059254,English (American),english_american,D_log
1499,-1.0639386003832405,2.281929295844699,English (American),english_american,D_log
1500,0.41206557205565936,-10.608740879479653,English (American),english_american,D_log
1501,0.03888726333266135,-1.4293389541938215,English (American),english_american,D_log
1503,-1.266229866314014,-4.786987882843026,English (American),english_american,D_log
1504,-0.4589058375745121,-0.3354867162553827,English (American),english_american,D_log
1505,-0.7771713450382,-1.789103487580784,English (American),english_american,D_log
1506,5.76474308709032,7.1244887312775464,English (American),english_american,D_log
1507,-2.9772108648462403,8.351385653615157,English (American),english_american,D_log
1508,2.612421854169122,-2.1840495555951955,English (American),english_american,D_log
1510,-0.008946394164483373,-3.3820648226418335,English (American),english_american,D_log
1511,-1.0252801571894148,4.418208787104816,English (American),english_american,D_log
1514,-2.835779200438529,0.1364140794339347,English (American),english_american,D_log
1515,-0.0907429397105551,0.04613086895997871,English (American),english_american,D_log
1519,-2.5309344332064923,-1.3530544228956725,English (American),english_american,D_log
1520,-2.448412413784078,-8.361679066840125,English (American),english_american,D_log
1522,-3.561217059256009,4.480445138590151,English (American),english_american,D_log
1523,-0.28872761195055385,-3.914203328731384,English (American),english_american,D_log
1528,-0.8571337090044725,3.1611346966248286,English (American),english_american,D_log
1530,-1.7619430069995947,2.1536101203511784,English (American),english_american,D_log
1531,-0.4160042628988974,4.064407426587903,English (American),english_american,D_log
1542,-0.6947276226013409,1.6464886586226413,English (American),english_american,D_log
1544,-1.7219902719148406,-2.0324229583179076,English (American),english_american,D_log
1545,-1.1268544635015816,2.178675682914151,English (American),english_american,D_log
1548,-0.5035250075546538,-1.9832943692833767,English (American),english_american,D_log
1549,-2.398867575205524,2.8496403592361848,English (American),english_american,D_log
1551,-2.7095317049168477,-0.3826930206500371,English (American),english_american,D_log
1552,2.0983291859860365,-1.5644925390113258,English (American),english_american,D_log
1553,2.4477429464676126,-4.7606252867865075,English (American),english_american,D_log
1554,-1.7788010722457288,-1.701608537024087,English (American),english_american,D_log
1557,0.4953003409705968,-3.6092772214508626,English (American),english_american,D_log
1560,-4.0019106062653265,-2.642707306804992,English (American),english_american,D_log
1570,-0.6974962462447709,-2.3679404158806276,English (American),english_american,D_log
1577,-1.444757880037495,-4.1645138616946005,English (American),english_american,D_log
1583,-1.841725142959637,2.0068604490066875,English (American),english_american,D_log
1584,-2.1751308299113092,0.363188599954354,English (American),english_american,D_log
1594,0.9560772117249942,0.4279109545936348,English (American),english_american,D_log
1600,-2.7059469774331513,-6.117734212988259,English (American),english_american,D_log
1606,0.374722185364025,-1.1144513575720565,English (American),english_american,D_log
1610,-3.2155907495725184,2.192136480263742,English (American),english_american,D_log
1612,-2.5996231597444304,4.532860242281172,English (American),english_american,D_log
1619,-1.2395363069503238,3.1654683869603994,English (American),english_american,D_log
1632,-1.4446022193052632,7.096639028415189,English (American),english_american,D_log
1638,-0.2939473006363632,-10.710222463772658,English (American),english_american,D_log
1640,0.17049407983646758,3.76669698041771,English (American),english_american,D_log
1642,0.506173787227858,-6.079465483120189,English (American),english_american,D_log
1651,-1.4726860980173704,4.689985196028835,English (American),english_american,D_log
1652,3.045524747505899,-7.058830175352116,English (American),english_american,D_log
1656,-2.772817679444813,15.448561156239037,English (American),english_american,D_log
1659,-3.249453730928538,2.0343375892793385,English (American),english_american,D_log
1662,-2.6197687021452687,4.004055090131242,English (American),english_american,D_log
1676,-2.7715101913314553,3.0636172306593616,English (American),english_american,D_log
1682,-3.920163154890962,14.158388262003125,English (American),english_american,D_log
1690,-1.4822318938621577,-1.8018010494576573,English (American),english_american,D_log
1693,3.1539717200664046,-2.417862212239326,English (American),english_american,D_log
1712,-3.6048572635570624,4.962766880434797,English (American),english_american,D_log
1715,-6.3440364052427665,2.907429995007555,English (American),english_american,D_log
1723,-3.8154773038965906,6.61638395014799,English (American),english_american,D_log
1845,0.4167036575647796,-0.3261900466683816,English (American),english_american,D_log
1847,-1.9697932036661192,0.33933265920401307,English (American),english_american,D_log
1848,-1.0766181684070275,2.5657183014752443,English (American),english_american,D_log
1849,-1.7589284958983338,-0.7607657841288924,English (American),english_american,D_log
1850,1.5894304515504754,-0.8124059506184242,English (American),english_american,D_log
1851,-0.17845803701802207,3.502530718177267,English (American),english_american,D_log
1853,1.1134400430136946,1.2780676514385005,English (American),english_american,D_log
1854,-2.5550578456867266,0.4476756766515067,English (American),english_american,D_log
1855,1.2177040446993006,3.004065325946731,English (American),english_american,D_log
1857,-2.4883171706547325,12.170780365352243,English (American),english_american,D_log
1858,4.3556503816777505,-0.3660167279119215,English (American),english_american,D_log
1860,-2.2881817292269058,-2.020422855270125,English (American),english_american,D_log
1862,-4.834264421561924,10.589146896979052,English (American),english_american,D_log
1866,-6.596933523280016,16.832515687119464,English (American),english_american,D_log
1867,3.110439087043098,-9.23945568258795,English (American),english_american,D_log
1868,-0.49258912035469465,0.17151465590464496,English (American),english_american,D_log
1874,-2.33849132902104,3.356365028196823,English (American),english_american,D_log
1877,-3.866293012241068,0.1295102092819289,English (American),english_american,D_log
1878,0.8231369987223963,-3.3993089023099934,English (American),english_american,D_log
1881,-1.8526543096253816,8.893194519222732,English (American),english_american,D_log
1882,6.981157717227401,-21.043325620680264,English (American),english_american,D_log
1885,1.0951705005889956,-4.094826883672326,English (American),english_american,D_log
1888,-0.8000809877551636,-4.286417985613387,English (American),english_american,D_log
1889,2.5764658837489227,0.10788307000309783,English (American),english_american,D_log
1890,-0.10367061644099937,-6.632729953868484,English (American),english_american,D_log
1893,-0.5041314309894104,1.4678865756623454,English (American),english_american,D_log
1898,0.9251753477961571,-4.702735824517498,English (American),english_american,D_log
1899,-0.8356926350227702,3.178504576395309,English (American),english_american,D_log
1902,0.3609807449094541,-0.6629109183444905,English (American),english_american,D_log
1905,2.4167239586472724,-0.8984356389053163,English (American),english_american,D_log
1908,1.7669625043289192,0.8947358536872924,English (American),english_american,D_log
1909,-0.49963508899012904,3.4199476291002715,English (American),english_american,D_log
1910,1.8003373332299712,-4.208701592183607,English (American),english_american,D_log
1911,3.98428281511064,-2.7258779067546266,English (American),english_american,D_log
1913,0.05232938567116184,1.7550988132185772,English (American),english_american,D_log
1915,-0.7029003995650935,2.7256878661635864,English (American),english_american,D_log
1916,1.0697304912097636,-0.7977010628690182,English (American),english_american,D_log
1917,-4.703174568124775,13.197500905210811,English (American),english_american,D_log
1919,-2.592479569828264,3.3114760519573903,English (American),english_american,D_log
1920,2.0148459321564762,3.1866595911728384,English (American),english_american,D_log
1921,-0.3384733433832466,-5.408831648846951,English (American),english_american,D_log
1922,1.958251322776655,-0.40343688294640395,English (American),english_american,D_log
1923,-0.8724103253951611,12.602339648726643,English (American),english_american,D_log
1924,-0.009583919026155931,1.770715046797737,English (American),english_american,D_log
1925,-0.4838295644386918,-4.189321621431069,English (American),english_american,D_log
1927,-2.7038096338940503,1.1694310575689901,English (American),english_american,D_log
1928,0.5634697276560205,-1.0890036926659714,English (American),english_american,D_log
1929,0.38139473661213563,4.061741032879954,English (American),english_american,D_log
1930,0.7804854908709417,-1.2857905178784776,English (American),english_american,D_log
1932,0.5241673840196474,5.04076498484457,English (American),english_american,D_log
1933,-0.7131876307623574,1.8633031567276337,English (American),english_american,D_log
1934,2.3843452633786133,-5.379420561231449,English (American),english_american,D_log
1935,-2.223808887026134,-0.13674786497785674,English (American),english_american,D_log
1936,3.600952130665915,-4.004884385708835,English (American),english_american,D_log
1937,1.5878012488571047,-5.538619997465713,English (American),english_american,D_log
1939,-1.7424882340913035,-2.552098437222273,English (American),english_american,D_log
1940,-0.3355106212847952,-5.56059121623059,English (American),english_american,D_log
1942,2.5311952603731966,-4.088400472571816,English (American),english_american,D_log
1943,1.3453868762247496,-3.0832198924703307,English (American),english_american,D_log
1945,4.47930731844218,2.3334985129764254,English (American),english_american,D_log
1947,-1.6984795569505673,-5.79735771080546,English (American),english_american,D_log
1948,1.7627401138749375,-4.441161435098677,English (American),english_american,D_log
1950,-2.058519319015372,10.643203571378407,English (American),english_american,D_log
1952,-0.7205464073205121,1.148044476020868,English (American),english_american,D_log
1954,-0.6938600222521276,-0.5507386481818248,English (American),english_american,D_log
1955,0.7256919697749673,-3.9895242324177516,English (American),english_american,D_log
1959,-1.5215234652249152,1.2409813914121897,English (American),english_american,D_log
1961,-0.4264104838193429,-1.6013313050495734,English (American),english_american,D_log
1962,0.5617432336889396,-3.0160518483460996,English (American),english_american,D_log
1965,-0.05547484271937807,2.506974785981227,English (American),english_american,D_log
1970,2.2170410481467417,0.21115396278079268,English (American),english_american,D_log
1975,1.0237862783206146,1.0643036769379997,English (American),english_american,D_log
1976,2.0057327277663717,4.294048267305914,English (American),english_american,D_log
1977,2.064066648601536,-5.223685885525889,English (American),english_american,D_log
1982,-0.5137770037341073,-1.11597165139694,English (American),english_american,D_log
1983,-0.828052148749572,0.696246904126437,English (American),english_american,D_log
1984,1.7739524908957076,-0.5646347413231517,English (American),english_american,D_log
1985,0.9178829330695987,-0.9802948333213983,English (American),english_american,D_log
1986,2.3562990900134375,9.562598973335525,English (American),english_american,D_log
1988,-0.44765299126884645,-1.471475497168192,English (American),english_american,D_log
1993,0.1971630315653281,-1.1619169397700784,English (American),english_american,D_log
1994,3.14060490783395,-0.8119243990750137,English (American),english_american,D_log
1995,0.427883678417552,8.142031209656778,English (American),english_american,D_log
1996,1.535981592020534,-0.8406986927223341,English (American),english_american,D_log
1997,1.7120918773166278,-6.292767863240395,English (American),english_american,D_log
1998,-4.50939520997254,3.168858655000321,English (American),english_american,D_log
2001,2.1681136118811324,3.480018359880788,English (American),english_american,D_log
2002,1.0078240122704842,0.6817273554036303,English (American),english_american,D_log
2005,-0.3576509641018711,4.828080136426556,English (American),english_american,D_log
2007,-0.5989642401338396,5.383814828003534,English (American),english_american,D_log
2008,1.2482192539746593,1.7984178212112178,English (American),english_american,D_log
2012,0.9508746004915541,-1.8988520790893264,English (American),english_american,D_log
2014,1.697380603915467,0.2378012471905454,English (American),english_american,D_log
2017,-0.07144616042337945,7.3523949975449465,English (American),english_american,D_log
2018,1.3307353487853888,-3.7074994875897467,English (American),english_american,D_log
2020,1.823652202147997,-3.0553731141960787,English (American),english_american,D_log
2022,1.4199910095578017,-4.612869274889281,English (American),english_american,D_log
2025,2.6108738601520645,-6.022125754381122,English (American),english_american,D_log
2026,-3.522612838869502,-5.873371247670917,English (American),english_american,D_log
2027,0.00617325334740039,6.614734835068576,English (American),english_american,D_log
2028,0.04117235486317815,-1.4301581428409518,English (American),english_american,D_log
2029,3.796548651927611,-4.080134173591072,English (American),english_american,D_log
2030,-1.4631888802736859,6.003378391529092,English (American),english_american,D_log
2031,1.0069404048041406,4.373999510477564,English (American),english_american,D_log
2032,-0.15867185419703533,5.8962645765699495,English (American),english_american,D_log
2033,2.238283964975542,-1.024931960060343,English (American),english_american,D_log
2035,-1.0756725282575428,5.9908219974632635,English (American),english_american,D_log
2037,-0.48164287081140883,0.9632384362644637,English (American),english_american,D_log
2040,-2.5658742407885553,4.480700751803819,English (American),english_american,D_log
2043,1.5414506888455968,-3.1619227882734835,English (American),english_american,D_log
2045,0.42131849112934605,-1.5023175473058135,English (American),english_american,D_log
2046,1.2451837014959708,5.537484837233453,English (American),english_american,D_log
2047,-0.43094066788454555,17.353150650436657,English (American),english_american,D_log
2050,-1.0210591894850913,4.394223303688665,English (American),english_american,D_log
2052,2.870346597418848,-2.305399745649026,English (American),english_american,D_log
2053,1.6365835062842462,-4.464757694223325,English (American),english_american,D_log
2054,-2.7416052328377263,0.8251098631546163,English (American),english_american,D_log
2057,0.03525013396840981,-2.9739943525680763,English (American),english_american,D_log
2061,-1.3935899541613435,7.036347601249499,English (American),english_american,D_log
2065,1.5938506560061936,-3.6192764970947104,English (American),english_american,D_log
2067,-0.33749105163980064,-3.955099303857811,English (American),english_american,D_log
2068,-3.1637097735255773,-2.7337034423827413,English (American),english_american,D_log
2069,2.020615087153256,-2.694750166003965,English (American),english_american,D_log
2071,0.7527904679474705,-4.1324150023699255,English (American),english_american,D_log
2072,2.0111032178274932,2.0412206509230173,English (American),english_american,D_log
2073,2.556276854271624,-1.6924404979323115,English (American),english_american,D_log
2074,2.031018185069639,1.1260268277216618,English (American),english_american,D_log
2075,4.288457102866291,-6.896510135217504,English (American),english_american,D_log
2080,-1.1055349626162188,2.7371489906738495,English (American),english_american,D_log
2082,2.7260816687478893,-2.4830663174959655,English (American),english_american,D_log
2083,0.7112513831792966,0.4561988802817019,English (American),english_american,D_log
2089,-1.3137521218914192,4.429414563136106,English (American),english_american,D_log
2090,-0.6297043559844666,1.1251704889981227,English (American),english_american,D_log
2092,1.6869016462378776,1.9555889114570695,English (American),english_american,D_log
2093,1.7755054513177344,1.8715660899952482,English (American),english_american,D_log
2094,1.015288662193923,-2.3787050537537984,English (American),english_american,D_log
2095,-2.255279886109332,2.9091281938565245,English (American),english_american,D_log
2102,-0.6724875299574673,0.6194449761834211,English (American),english_american,D_log
2105,-0.06563793808021251,4.777653801705299,English (American),english_american,D_log
2112,-1.8758193172078155,3.8490375563901322,English (American),english_american,D_log
2113,0.12968604196045888,2.6089155899265237,English (American),english_american,D_log
2115,2.762070427200442,-0.4032159149697868,English (American),english_american,D_log
2116,3.128856859741947,-3.5326766668628786,English (American),english_american,D_log
2123,1.2333187545242403,-1.6629015710656152,English (American),english_american,D_log
2124,0.6179494762189844,0.8284472596513457,English (American),english_american,D_log
2125,3.1077006379490695,-6.2961491044753295,English (American),english_american,D_log
2126,-1.4225622682560686,6.298551834702614,English (American),english_american,D_log
2128,0.2213893158511141,-1.486958862922545,English (American),english_american,D_log
2130,-4.938568158697386,5.315292348481125,English (American),english_american,D_log
2132,1.6676335162742,-4.130272556974306,English (American),english_american,D_log
2135,-1.0070368748167549,3.892919426522732,English (American),english_american,D_log
2137,0.423806093882158,-0.314474377498852,English (American),english_american,D_log
2140,1.0996045429359882,-5.758542750202881,English (American),english_american,D_log
2142,0.7773298537516071,4.781038306847165,English (American),english_american,D_log
2143,-3.656255265837228,9.178745395523954,English (American),english_american,D_log
2144,-3.2698911378203386,2.875396924612792,English (American),english_american,D_log
2146,-3.208770198771243,-0.8735851266985446,English (American),english_american,D_log
2147,-1.3707359181714696,-2.0195580849091437,English (American),english_american,D_log
2150,-0.2981130043689793,-4.390978812540433,English (American),english_american,D_log
2151,1.0333343443996035,-3.7873777043688266,English (American),english_american,D_log
2155,0.07507450575646733,7.8478975843402115,English (American),english_american,D_log
2156,2.143408102510014,-4.877561037144164,English (American),english_american,D_log
2157,-1.7232490334587844,3.698082454399981,English (American),english_american,D_log
2158,-3.1881228646485495,6.953179287566331,English (American),english_american,D_log
2159,1.1918828463784972,-3.44735488925972,English (American),english_american,D_log
2161,-1.0492715552567897,-2.773739423217104,English (American),english_american,D_log
2163,0.13562160332569287,2.7692782459959093,English (American),english_american,D_log
2164,3.9121587195496748,-5.03766458927438,English (American),english_american,D_log
2166,2.102699687237011,-2.5831047376289087,English (American),english_american,D_log
2169,0.05091853000210036,1.3643807592214663,English (American),english_american,D_log
2173,-1.4704183308473227,3.360241743016391,English (American),english_american,D_log
2174,1.0906874416226577,-2.962498939375608,English (American),english_american,D_log
2176,1.162332272097265,-0.38089730307807307,English (American),english_american,D_log
2177,-0.15543954860813053,-9.974625319663998,English (American),english_american,D_log
2178,1.9237121693765062,2.0743347737159183,English (American),english_american,D_log
2186,2.4903632670516984,-3.4514431953075553,English (American),english_american,D_log
2191,-1.1523315877954434,4.310232726172778,English (American),english_american,D_log
2194,0.6948901416419011,2.953618376448292,English (American),english_american,D_log
2195,-1.435708834806997,3.851782541266152,English (American),english_american,D_log
2197,-0.3233625144913392,-0.8952866388846734,English (American),english_american,D_log
2199,-2.5075869338555985,-13.195480308524667,English (American),english_american,D_log
2201,1.89620568490009,-2.698594104011831,English (American),english_american,D_log
2202,2.107308357113836,-4.826641269732972,English (American),english_american,D_log
2204,1.9180742660783299,1.2395544567937793,English (American),english_american,D_log
2205,1.376870775511234,-4.47596571698316,English (American),english_american,D_log
2206,-1.0327651402166513,3.1955696732919052,English (American),english_american,D_log
2207,1.2331504304057725,-0.16520675983419564,English (American),english_american,D_log
2208,0.13864612553244804,-2.077852247878701,English (American),english_american,D_log
2212,-0.42244920722924295,2.268737125713191,English (American),english_american,D_log
2213,-0.3715829079121537,0.31322038429519167,English (American),english_american,D_log
2214,-0.869335635619023,-0.9785800608973099,English (American),english_american,D_log
2215,-3.067543832194793,-6.323794621555395,English (American),english_american,D_log
2217,2.1823919904295628,-1.8564043823593774,English (American),english_american,D_log
2221,0.6245878548119475,-5.522670843031872,English (American),english_american,D_log
2223,-0.5765466673075188,-3.331829821519601,English (American),english_american,D_log
2225,0.4316930152304,-2.927698618613182,English (American),english_american,D_log
2227,4.159060220580121,-6.592666960715492,English (American),english_american,D_log
2228,2.6527057725204704,5.657660740250955,English (American),english_american,D_log
2230,1.730399957357318,2.422526733495352,English (American),english_american,D_log
2231,1.0917369667640793,-1.2413299712933064,English (American),english_american,D_log
2232,-0.9509859724090594,1.41406540545137,English (American),english_american,D_log
2233,0.21491252826687962,3.4622048570086763,English (American),english_american,D_log
2234,-0.37359069587099225,1.3365207139276558,English (American),english_american,D_log
2235,-1.4332210958350222,0.832057509450219,English (American),english_american,D_log
2237,2.921094719772658,1.2850726006721258,English (American),english_american,D_log
2238,0.5413198079490785,1.2781384765172012,English (American),english_american,D_log
2239,0.6943074039579638,-1.930946299206746,English (American),english_american,D_log
2240,-0.8276426518782625,-6.646478714846608,English (American),english_american,D_log
2243,1.0558826473422152,-2.4166653190591214,English (American),english_american,D_log
2244,-0.9796106864439644,-1.353920308115365,English (American),english_american,D_log
2245,-2.9274432149357086,-3.639705532817946,English (American),english_american,D_log
2246,-1.0192242267636489,3.7884587249450434,English (American),english_american,D_log
2249,-3.2419123855228498,-0.03732934082885642,English (American),english_american,D_log
2250,-1.1011734103725936,-3.1329270003011964,English (American),english_american,D_log
2252,2.8681573913177116,-0.26715016548610415,English (American),english_american,D_log
2253,-0.5232934732176968,2.254313455932667,English (American),english_american,D_log
2254,-0.23460626428491216,6.482709283251738,English (American),english_american,D_log
2256,-1.092067148487747,2.1582130472717256,English (American),english_american,D_log
2257,-0.11665113785685984,-0.2853710354199266,English (American),english_american,D_log
2420,-0.20324910605458804,-4.230214236662269,English (American),english_american,D_log
2421,1.683063093912884,-5.306155927814471,English (American),english_american,D_log
2422,0.6995310691880894,2.44171670032444,English (American),english_american,D_log
2423,3.101238735246883,-0.7362796747370148,English (American),english_american,D_log
2424,-0.5660270432118695,-1.831464394100256,English (American),english_american,D_log
2426,-2.920432533432858,6.176223771559926,English (American),english_american,D_log
2428,-1.9874185090608745,-2.09101364151743,English (American),english_american,D_log
2429,-2.0471212454885115,-1.9418211926527642,English (American),english_american,D_log
2430,0.06784044833675587,0.15256023964124266,English (American),english_american,D_log
2431,2.923907086131351,12.189873057800556,English (American),english_american,D_log
2432,1.8379112832960187,3.888627442816789,English (American),english_american,D_log
2433,-0.8377711364004752,-1.4501907723166183,English (American),english_american,D_log
2434,2.7352167696190426,-12.169979080015654,English (American),english_american,D_log
2435,2.184905505432764,-0.5473878071000613,English (American),english_american,D_log
2436,-2.550867809255791,-7.890825022420943,English (American),english_american,D_log
2438,0.012470435346332721,2.4977496455300954,English (American),english_american,D_log
2439,-1.0365116190451076,-2.8643520675988383,English (American),english_american,D_log
2442,2.1982403853003816,0.4070246556978063,English (American),english_american,D_log
2443,2.019631953196743,1.8630225729342502,English (American),english_american,D_log
2448,1.6136101338351103,-0.699067948154702,English (American),english_american,D_log
2454,-0.5887980125437541,1.7323472232243353,English (American),english_american,D_log
2456,-7.611108238034346,26.217866785648784,English (American),english_american,D_log
2457,1.4017914481262028,-5.181157419765922,English (American),english_american,D_log
2458,-3.8057615791197557,7.927239536013887,English (American),english_american,D_log
2459,-4.22954132441071,9.020408212649334,English (American),english_american,D_log
2461,2.0068210008827356,-3.962427557853484,English (American),english_american,D_log
2462,0.5180288696679612,1.810598680219957,English (American),english_american,D_log
2464,-5.366129139512852,4.274895667739694,English (American),english_american,D_log
2465,-0.891981509125776,1.1603696175322487,English (American),english_american,D_log
2466,-0.6280536907594007,6.129233655491727,English (American),english_american,D_log
2468,-2.4229110626416084,2.1950278574119317,English (American),english_american,D_log
2470,-4.2270000245404376,6.320708616142563,English (American),english_american,D_log
2471,-1.7902422424805815,10.549234164393877,English (American),english_american,D_log
2472,-5.05315733463642,4.629107726577187,English (American),english_american,D_log
2476,1.4134013430568637,1.4632182972071708,English (American),english_american,D_log
2477,2.493674471864803,-8.697059688636216,English (American),english_american,D_log
2478,-3.5287375593732766,0.027110475873218576,English (American),english_american,D_log
2484,0.38519539918613577,1.5134415317268377,English (American),english_american,D_log
2486,-2.8104137266639913,0.7929292404642186,English (American),english_american,D_log
2491,-4.1046070523644405,-1.1588511440295832,English (American),english_american,D_log
2494,-1.1898563974486052,0.09782527702165339,English (American),english_american,D_log
2497,-0.7270851580691323,-4.445956212460297,English (American),english_american,D_log
2499,1.3228004933728459,-0.9800506199219985,English (American),english_american,D_log
2500,1.1220379909193394,-1.26516608028984,English (American),english_american,D_log
2503,-0.593223670866577,-1.7330383168080434,English (American),english_american,D_log
2509,-3.9402921110451308,13.065898649045458,English (American),english_american,D_log
2510,0.11293346415288118,-1.2860107060044754,English (American),english_american,D_log
2513,-0.7829906151025352,9.820204782955763,English (American),english_american,D_log
2518,-5.100511069671194,9.039082608734782,English (American),english_american,D_log
2528,4.305179761650991,6.815515722228374,English (American),english_american,D_log
2533,-1.8001306644773705,0.19054300475516506,English (American),english_american,D_log
2542,-0.7894086995454151,-2.131129862615148,English (American),english_american,D_log
2543,-0.9886089847247034,0.7469913490363568,English (American),english_american,D_log
2546,-0.6800898681703913,0.7382404667039936,English (American),english_american,D_log
2547,-3.1136631272997417,14.62387772345778,English (American),english_american,D_log
2557,-3.3041498931502415,2.6080805987529327,English (American),english_american,D_log
2560,-0.3325563190086832,1.6511720190906425,English (American),english_american,D_log
2570,-0.8315805257054645,-0.6993901140547238,English (American),english_american,D_log
2573,0.8322967657058857,-0.3430585157539745,English (American),english_american,D_log
2574,1.626959639082765,7.101991065768667,English (American),english_american,D_log
2577,-0.2518436845360536,0.23598780904719857,English (American),english_american,D_log
2583,-6.0136350386121915,9.247042707997899,English (American),english_american,D_log
2586,1.7205160935243173,-6.208797637080361,English (American),english_american,D_log
2590,2.0906862204024077,-7.445048187669869,English (American),english_american,D_log
2594,0.02599447604459215,-2.9065209561614975,English (American),english_american,D_log
2598,-2.0746247278534713,-1.7148130963339483,English (American),english_american,D_log
2603,0.9319523210101182,-8.503963128418983,English (American),english_american,D_log
2606,-3.1249940555694473,5.417639968992637,English (American),english_american,D_log
2608,-3.430039250716222,1.2507214913955602,English (American),english_american,D_log
2615,-0.9017042751497999,-4.110051758032786,English (American),english_american,D_log
2617,-0.4007738595687539,-1.9452012833283634,English (American),english_american,D_log
2618,-2.3635505918573583,-6.841835035500035,English (American),english_american,D_log
2624,-1.1962734946572564,3.4450316113551698,English (American),english_american,D_log
2632,-1.5916022552249938,-3.717859044108561,English (American),english_american,D_log
2653,-1.546445381189814,-1.915120771202249,English (American),english_american,D_log
2682,-0.06060783831195414,0.3255483894793225,English (American),english_american,D_log
2686,0.7840245909719069,2.91776605360398,English (American),english_american,D_log
2688,0.2660030509630265,-2.086868983015196,English (American),english_american,D_log
2689,-1.4717005113555048,8.871452358189002,English (American),english_american,D_log
2691,-0.06985573951182068,-3.726710855573535,English (American),english_american,D_log
2696,2.1697838163807965,-0.856165176728778,English (American),english_american,D_log
2702,0.7911904048076922,-1.955582324698354,English (American),english_american,D_log
2706,3.373303121913267,9.44993272720215,English (American),english_american,D_log
2709,1.9594555013772132,0.3580508798339229,English (American),english_american,D_log
2711,-0.39584929482498293,5.991093238298394,English (American),english_american,D_log
2715,-1.0826148045285628,-4.137372846811226,English (American),english_american,D_log
2717,-5.824351710849373,7.729395021911575,English (American),english_american,D_log
2719,1.7589314293545895,-0.9195821583719159,English (American),english_american,D_log
2720,1.6247799066277286,2.440866250862179,English (American),english_american,D_log
2722,2.1737141164884486,-5.7722813783606295,English (American),english_american,D_log
2725,-2.3377790503173483,-4.908796890504554,English (American),english_american,D_log
2728,-2.1626004747671397,0.7209621234921317,English (American),english_american,D_log
2730,-3.1047699083950637,-3.6441167791972413,English (American),english_american,D_log
2735,-3.701636303358676,-3.591846897415448,English (American),english_american,D_log
2737,-3.0792666688069,-7.640297243323393,English (American),english_american,D_log
2738,-2.782577415392946,11.639285016236968,English (American),english_american,D_log
2741,-0.9756054992759892,-3.789587074991537,English (American),english_american,D_log
2742,2.2591825634826175,-4.703287858814609,English (American),english_american,D_log
2743,-0.8419789863002946,-1.7259380377753692,English (American),english_american,D_log
2744,-1.5744813182643977,0.10398463135768232,English (American),english_american,D_log
2746,-3.0896075795862594,-2.917509390586686,English (American),english_american,D_log
2747,-2.81907017593037,-3.720389531848477,English (American),english_american,D_log
2748,-0.86151662776412,1.7887508971999575,English (American),english_american,D_log
2749,1.214255299587635,-3.2190391933103317,English (American),english_american,D_log
2752,-2.44013703398147,0.24331786675178568,English (American),english_american,D_log
2753,-2.6516374699254883,-5.857109796098959,English (American),english_american,D_log
2758,-1.3994673541586895,-4.194940422333462,English (American),english_american,D_log
2764,-4.362157693582207,20.949933733718602,English (American),english_american,D_log
2766,-2.3888776299053847,-8.89069350322504,English (American),english_american,D_log
2767,-1.8399521441111497,-0.8807999854678482,English (American),english_american,D_log
2769,1.1772464817297268,5.473694559544304,English (American),english_american,D_log
2770,-0.9588007491210424,-0.18829363541121796,English (American),english_american,D_log
2772,1.5751611180242424,-2.1618726118722433,English (American),english_american,D_log
2777,0.1971303223338056,6.577037513989453,English (American),english_american,D_log
2778,0.27942200444009724,-3.3647360056355713,English (American),english_american,D_log
2781,1.5586330544849665,-0.45130665756985444,English (American),english_american,D_log
2783,3.4089499846358424,20.59104178976725,English (American),english_american,D_log
2784,-2.240658337216737,1.5160734231479003,English (American),english_american,D_log
2785,-1.5699075257023785,-2.831535293302336,English (American),english_american,D_log
2786,1.0979034903804539,-0.30563206644771734,English (American),english_american,D_log
2788,-0.7927732590277847,-0.6902834851629194,English (American),english_american,D_log
2789,-1.1606843692400917,2.444609193096941,English (American),english_american,D_log
2794,-3.8482828071670436,3.5028962926676623,English (American),english_american,D_log
2795,-3.059028458868663,4.71855251496635,English (American),english_american,D_log
2796,-2.4327397214132,2.1181941381808476,English (American),english_american,D_log
2797,1.8236233562211104,-1.451414079120413,English (American),english_american,D_log
2802,1.0268837483601607,-6.214526050258104,English (American),english_american,D_log
2806,1.5538419206631189,-3.418593989977034,English (American),english_american,D_log
2808,-1.1522047736677632,0.40098120406540094,English (American),english_american,D_log
2811,-0.8439464545621023,-1.2986239095951118,English (American),english_american,D_log
2813,1.2340705758616184,0.1431133399194584,English (American),english_american,D_log
2814,-3.122782741019919,-2.479159968222027,English (American),english_american,D_log
2815,-0.8167261268221834,0.558864811088968,English (American),english_american,D_log
2817,1.067875850603181,-4.9516645900756115,English (American),english_american,D_log
2819,-3.7818136548746315,-2.3212558089474538,English (American),english_american,D_log
2825,-0.2087243528971533,1.2621731833161125,English (American),english_american,D_log
2828,-3.4586805830521996,-7.0781331974094766,English (American),english_american,D_log
2833,-3.42189661791969,-1.598441775326731,English (American),english_american,D_log
2839,-2.9205512846314385,2.9136929751822134,English (American),english_american,D_log
2845,-3.35668171584648,0.7274437637985987,English (American),english_american,D_log
2854,-0.17967263185912036,0.49233175675631335,English (American),english_american,D_log
2862,1.2784105038944227,-2.637145501717892,English (American),english_american,D_log
2864,1.2221907641409226,-2.61166828226,English (American),english_american,D_log
2867,1.7318088681255739,5.425830678787038,English (American),english_american,D_log
2871,-1.8435752047811196,-1.8505204099545693,English (American),english_american,D_log
2872,-1.4310685596811488,-3.6375491529519346,English (American),english_american,D_log
2874,-0.63792857316931,9.635217243453413,English (American),english_american,D_log
2876,1.7208061613312566,2.5949178191025797,English (American),english_american,D_log
2879,-1.0540863334268211,-10.897344751159904,English (American),english_american,D_log
2882,-0.9478036618874945,-1.6261972206265796,English (American),english_american,D_log
2885,-3.241000456043338,-2.846633990022764,English (American),english_american,D_log
2889,-0.7585714600606955,7.436991046832366,English (American),english_american,D_log
2890,0.5621639889440507,3.4191407085007217,English (American),english_american,D_log
2891,-0.4454203449995492,11.277422738251632,English (American),english_american,D_log
2892,1.1984158890113148,-2.7557861497425193,English (American),english_american,D_log
2893,2.1106780171923476,6.4225479300734465,English (American),english_american,D_log
2894,0.1359634227553265,5.247231665007852,English (American),english_american,D_log
2895,1.283132517175871,0.23788219992784676,English (American),english_american,D_log
2896,-2.3361438293609935,1.6899367659704647,English (American),english_american,D_log
2897,-2.1665641395687034,3.710263677666879,English (American),english_american,D_log
2898,-1.3116572040156163,-4.929610240184868,English (American),english_american,D_log
2899,1.2413283810451774,-2.9733228855925473,English (American),english_american,D_log
2900,0.9079173361657897,1.9399227570772424,English (American),english_american,D_log
2902,-6.900277854980776,-0.2568149547904288,English (American),english_american,D_log
2903,-2.015892950127377,8.835803633178044,English (American),english_american,D_log
2909,-0.7483695474598709,-1.5520707798484805,English (American),english_american,D_log
2910,-0.16704055946089755,0.24212469112711052,English (American),english_american,D_log
2913,-3.9070443326246247,-0.291821004475034,English (American),english_american,D_log
2914,2.886418236222019,8.286246409939405,English (American),english_american,D_log
2916,-2.58969206237035,2.547650882951602,English (American),english_american,D_log
2918,0.1541085210182113,-2.2088780318449004,English (American),english_american,D_log
2919,-3.824748384833008,-7.994731610325484,English (American),english_american,D_log
2920,-0.7812002388698691,0.72851734549001,English (American),english_american,D_log
2922,-1.6374478891938469,3.7442813080320994,English (American),english_american,D_log
2923,-2.0948505003193625,5.595551423258673,English (American),english_american,D_log
2928,-0.9658540961921632,9.932238599497243,English (American),english_american,D_log
2929,1.3075286662862742,12.001513466187372,English (American),english_american,D_log
2930,1.534358128736643,-4.819071364979904,English (American),english_american,D_log
2936,-0.4883849613790092,-6.8154149537516835,English (American),english_american,D_log
2937,0.705935902227734,3.338088768091067,English (American),english_american,D_log
2938,-0.23270102274693338,1.075708121732561,English (American),english_american,D_log
2939,3.6061006034490464,-0.021975915901255583,English (American),english_american,D_log
2942,-1.1751352093394425,-4.495987324714273,English (American),english_american,D_log
2946,-1.785653155383363,8.75975684375141,English (American),english_american,D_log
2947,-1.5231683703645542,-0.8304450962957118,English (American),english_american,D_log
2949,0.5510716599566874,-1.3544070098551686,English (American),english_american,D_log
2950,-1.585258950283739,-1.5270668278785395,English (American),english_american,D_log
2951,2.2150646969781262,-1.9575692787916612,English (American),english_american,D_log
2953,1.9558442491696424,0.3559935548484583,English (American),english_american,D_log
2955,-1.2747070549375108,-4.420693148026314,English (American),english_american,D_log
2960,-2.0295254121265236,1.6723178348734553,English (American),english_american,D_log
2961,-1.3206186679160024,6.913211321005971,English (American),english_american,D_log
2962,0.842175438157799,-2.057183840151461,English (American),english_american,D_log
2964,-1.4946520788797282,-2.0189464529679944,English (American),english_american,D_log
2965,-2.2798273343166344,-0.19695682820497207,English (American),english_american,D_log
2969,-2.038023951727325,3.774936666395633,English (American),english_american,D_log
2971,0.5377611457812317,-1.0727017724095853,English (American),english_american,D_log
2973,-1.4322291699205212,-4.371176123578054,English (American),english_american,D_log
2975,-1.2849002918228907,-0.17820274491502597,English (American),english_american,D_log
2979,-3.872093710963228,-1.4491284199494816,English (American),english_american,D_log
2981,-0.36596205517580516,-3.054111681159973,English (American),english_american,D_log
2982,-0.03263394189491354,4.554782138268536,English (American),english_american,D_log
2985,-1.9338675437687278,5.0792350379763835,English (American),english_american,D_log
2986,-4.077573911070309,-2.8576112147208055,English (American),english_american,D_log
2988,-5.427867795994901,8.157306615149038,English (American),english_american,D_log
2989,-2.618142056458036,3.6582795737840446,English (American),english_american,D_log
2992,1.9587711550117792,6.602654326686407,English (American),english_american,D_log
2993,1.2999046655864153,-5.396920890105054,English (American),english_american,D_log
2995,-2.0953775116327096,2.845002725086926,English (American),english_american,D_log
2996,0.563861041909951,0.3236381129569965,English (American),english_american,D_log
2997,-0.0222485445600795,-1.9776641678194289,English (American),english_american,D_log
2999,-2.90398356487886,29.63546538445228,English (American),english_american,D_log
3002,0.816784093675384,0.779942876094966,English (American),english_american,D_log
3004,-1.7111495196041309,-0.4962023068618393,English (American),english_american,D_log
3005,-2.4794132582941026,3.914766140370593,English (American),english_american,D_log
3006,2.5934584563540284,6.406528872370359,English (American),english_american,D_log
3007,1.6599015952130918,-4.916525084768093,English (American),english_american,D_log
3008,-2.4976197762684804,3.291610273076138,English (American),english_american,D_log
3010,-1.275692625469384,-5.743778489441715,English (American),english_american,D_log
3011,-0.9924681197593028,-3.9996129362975887,English (American),english_american,D_log
3014,-3.1583408940086666,1.2507518770805537,English (American),english_american,D_log
3016,-0.39218081891586853,3.771949709539796,English (American),english_american,D_log
3018,-0.7227426325732669,1.385597774376262,English (American),english_american,D_log
3020,0.18000108151114516,-8.3063385013284,English (American),english_american,D_log
3021,-4.176765629673414,-7.6327391265170235,English (American),english_american,D_log
3027,-1.4676221080067284,2.8527829332365715,English (American),english_american,D_log
3028,-1.173162060766718,-2.190034979922146,English (American),english_american,D_log
3029,0.3687459580385816,3.619080371765252,English (American),english_american,D_log
3030,-0.12676277821395296,6.790464159805549,English (American),english_american,D_log
3031,-2.0290648335763097,2.419320596120481,English (American),english_american,D_log
3032,1.9206122853076912,-3.7926087148256173,English (American),english_american,D_log
3033,0.15559538236189216,-0.21962236849906394,English (American),english_american,D_log
3034,-0.5095223127123217,2.0698727936287344,English (American),english_american,D_log
3036,-1.1999456564020512,2.0658774250117506,English (American),english_american,D_log
3038,0.19340988354052732,-4.1052663270209155,English (American),english_american,D_log
3042,2.7460660033599846,-2.5624073509450915,English (American),english_american,D_log
3045,-0.33343587564631216,-3.3311697749224094,English (American),english_american,D_log
3046,0.3153747200638276,1.3229103165937646,English (American),english_american,D_log
3047,3.5277517570722394,6.682626009227709,English (American),english_american,D_log
3050,0.5364406146738653,-0.045515065924544795,English (American),english_american,D_log
3051,-0.4957739781815963,0.844057287614817,English (American),english_american,D_log
3052,-0.3272695333085805,-3.248980650716319,English (American),english_american,D_log
3053,-4.736912785035517,5.928117355358669,English (American),english_american,D_log
3054,0.21142759689978358,-2.6277644527231305,English (American),english_american,D_log
3056,3.1927778184291453,-12.8714265788083,English (American),english_american,D_log
3057,3.0988475070348334,-2.119532250340718,English (American),english_american,D_log
3058,-0.6146288220190379,5.977941231500923,English (American),english_american,D_log
3059,0.5145238324189493,-9.784887618511515,English (American),english_american,D_log
3060,-2.884623222126917,-5.722039345955299,English (American),english_american,D_log
3062,1.675742759321958,2.5387780474306223,English (American),english_american,D_log
3064,-1.5365739016218998,-7.07559325842074,English (American),english_american,D_log
3065,-4.858866599645255,-2.2050714806992984,English (American),english_american,D_log
3068,-1.2482903165843122,-1.3610599707734101,English (American),english_american,D_log
3069,-3.7495829742106075,1.620259409717243,English (American),english_american,D_log
3074,2.2991664226731987,1.3360893548000785,English (American),english_american,D_log
3075,4.084992352999798,-17.282643062142228,English (American),english_american,D_log
3076,0.29414963201872063,-4.114512929356951,English (American),english_american,D_log
3079,-0.2832394156914101,9.933522910005173,English (American),english_american,D_log
3081,-1.2579874008610301,4.474356220560891,English (American),english_american,D_log
3087,-0.9229948654676369,10.201428463881697,English (American),english_american,D_log
3089,1.2393213611580307,0.2879807554903018,English (American),english_american,D_log
3091,-2.345396599994392,7.118256248969417,English (American),english_american,D_log
3093,1.2168711375886305,-5.2365811137980876,English (American),english_american,D_log
3096,1.8739866948393202,-2.787830691727715,English (American),english_american,D_log
3099,-1.5799492879126498,2.6890925078084926,English (American),english_american,D_log
3101,1.1540056736144664,-4.24184544496876,English (American),english_american,D_log
3102,-3.384224278228917,-0.7683519264024357,English (American),english_american,D_log
3103,-2.2244492924248678,-5.448426779034322,English (American),english_american,D_log
3105,-0.4501685638574397,4.748923222524009,English (American),english_american,D_log
3106,-0.797724003648942,-3.247213592047777,English (American),english_american,D_log
3107,-0.4569099203834481,-6.128435368794485,English (American),english_american,D_log
3111,-0.6290203450932678,-1.0225925473815154,English (American),english_american,D_log
3112,-2.1660033849157254,-2.8465393842980617,English (American),english_american,D_log
3113,3.077840561238765,-3.540770972909849,English (American),english_american,D_log
3115,-0.7893763642465668,1.745639563635772,English (American),english_american,D_log
3121,0.46967010495368255,2.2851442905730677,English (American),english_american,D_log
3123,0.7818880363208609,7.408330070254703,English (American),english_american,D_log
3124,-1.8351966950216763,6.971063790055977,English (American),english_american,D_log
3126,1.9112513254824472,-2.4055907122204787,English (American),english_american,D_log
3127,1.5154473529296866,5.9692536361103885,English (American),english_american,D_log
3129,-1.1625172877184367,1.5274250652124772,English (American),english_american,D_log
3130,1.9434844040827681,4.099162070501801,English (American),english_american,D_log
3131,-2.150013997367136,-4.786870390291087,English (American),english_american,D_log
3133,-2.607282100448063,-0.10992672468057574,English (American),english_american,D_log
3136,-3.2518336091922277,2.211897533866942,English (American),english_american,D_log
3137,-1.297457622266897,-3.6298342416292284,English (American),english_american,D_log
3139,-1.0322111546952375,1.5127950006120527,English (American),english_american,D_log
3140,1.9430274433795443,-0.6231520200022592,English (American),english_american,D_log
3142,0.4261571716844405,0.9572126214778006,English (American),english_american,D_log
3144,-2.1779195632419124,0.79748232930889,English (American),english_american,D_log
3145,-2.1306118016511753,2.036376086784608,English (American),english_american,D_log
3146,-0.021301947289919573,3.673825257440652,English (American),english_american,D_log
3148,2.511622426142922,6.652640320838019,English (American),english_american,D_log
3150,-0.3142431975414892,-3.2692419530550634,English (American),english_american,D_log
3151,-2.620103246658106,-9.205251931511555,English (American),english_american,D_log
3152,-6.04179862408496,17.744400273111168,English (American),english_american,D_log
3157,-0.5045119757429963,-7.630190516237594,English (American),english_american,D_log
3161,-0.41304026829957224,-5.1804726524101605,English (American),english_american,D_log
3164,-6.505481506005934,-6.874335273487141,English (American),english_american,D_log
3166,-0.5168359462623492,-4.376945711349343,English (American),english_american,D_log
3173,-1.267220889596756,1.8070176934440587,English (American),english_american,D_log
3176,1.647636964047305,-6.2724665822962775,English (American),english_american,D_log
3179,1.5343955166364824,1.2538515345094,English (American),english_american,D_log
3181,1.6052967494384625,-2.4188224443901936,English (American),english_american,D_log
3187,0.8135262373051394,1.0757515143478011,English (American),english_american,D_log
3194,-2.026917044106995,4.020572795712001,English (American),english_american,D_log
3197,0.8642430646270042,-4.1826559889846955,English (American),english_american,D_log
3201,-1.4959760350197013,-2.6132587884293095,English (American),english_american,D_log
3203,-1.9615199678880921,-7.1710289902054445,English (American),english_american,D_log
3205,-1.9922613629603165,-1.6258660938079845,English (American),english_american,D_log
3207,-4.451788369253087,-1.541296068592653,English (American),english_american,D_log
3216,0.5193740395645616,0.24697915177481025,English (American),english_american,D_log
3218,-2.3796853734444707,4.8240600727181935,English (American),english_american,D_log
3224,-1.798086932294602,-0.8218701306360373,English (American),english_american,D_log
3278,-0.4272963114992737,-1.314845165106017,English (American),english_american,D_log
3279,0.07863078355338407,0.7704273742436742,English (American),english_american,D_log
3280,1.241407325678238,-0.2392925429406833,English (American),english_american,D_log
3281,-2.686173996931674,-11.880917197922457,English (American),english_american,D_log
3282,-0.8287313667140421,-0.9072904342142153,English (American),english_american,D_log
3283,-0.9247399917652271,-0.9693893515452535,English (American),english_american,D_log
3284,1.451100715864922,-0.32003168825474215,English (American),english_american,D_log
3285,1.1004770966932247,-0.5781384526783617,English (American),english_american,D_log
3286,0.6877872567759461,0.835354443748185,English (American),english_american,D_log
3287,0.35410327042158773,0.2954745232626066,English (American),english_american,D_log
3288,-0.24909143860176672,-3.6637337896653746,English (American),english_american,D_log
3289,2.9102092747628356,2.681156968543647,English (American),english_american,D_log
3290,0.31638019762483394,-0.9923557659344036,English (American),english_american,D_log
3291,1.122977080573095,3.476260288569826,English (American),english_american,D_log
3292,2.4855170120554892,-1.0393367936200104,English (American),english_american,D_log
3293,1.548832886545779,-2.7941631037778305,English (American),english_american,D_log
3294,-1.8421772484650512,0.6039478659465484,English (American),english_american,D_log
3295,-1.2181905279979988,1.7958640430566724,English (American),english_american,D_log
3296,0.5141241807826178,-0.2292660526131132,English (American),english_american,D_log
3297,0.6943413541699845,-4.047944084845307,English (American),english_american,D_log
3298,0.6437172785239421,2.6749342342054927,English (American),english_american,D_log
3299,-1.0551779876303138,4.447432532690565,English (American),english_american,D_log
3300,2.3330901933101584,0.8330227491541161,English (American),english_american,D_log
3301,-1.395935212018501,0.3478241938239211,English (American),english_american,D_log
3302,0.6708624663038203,-0.5314791700547657,English (American),english_american,D_log
3303,2.145805903193525,1.4336669218622078,English (American),english_american,D_log
3304,3.2604147762108053,-1.9630546369038524,English (American),english_american,D_log
3305,-0.6132122567681834,-2.4002322853147056,English (American),english_american,D_log
3306,-1.8485060345562012,2.900237398853297,English (American),english_american,D_log
3307,-0.47684072823970197,2.1982212152100304,English (American),english_american,D_log
3308,-1.1064015909754927,1.0744519378137216,English (American),english_american,D_log
3309,0.5220108093875475,-0.35243752355521363,English (American),english_american,D_log
3310,-1.3867148448559963,1.8971868437933515,English (American),english_american,D_log
3311,0.26300541165365343,-2.9652639073723295,English (American),english_american,D_log
3312,0.6641843875342802,-2.347344682522615,English (American),english_american,D_log
3313,-3.2646800278484296,-0.4638631589942377,English (American),english_american,D_log
3314,-2.591509978673086,-1.506497671292754,English (American),english_american,D_log
3315,0.8885330381443054,-1.1914562948231067,English (American),english_american,D_log
3316,1.188719909308083,3.572645425972547,English (American),english_american,D_log
3317,1.1962062634326178,-0.7669902967272921,English (American),english_american,D_log
3318,0.16692441758230453,0.21814515238852653,English (American),english_american,D_log
3319,2.271333587403822,4.170887580441527,English (American),english_american,D_log
3320,1.4649340141931926,-0.1680700022167314,English (American),english_american,D_log
3321,1.0612754079247286,-3.6214594738887316,English (American),english_american,D_log
3322,-0.10804966555891587,8.649328678384407,English (American),english_american,D_log
3323,-0.6738984876664016,2.979629501800985,English (American),english_american,D_log
3324,-0.5561079564623582,-4.0509826787827095,English (American),english_american,D_log
3325,1.068403724717943,-2.6555641811459485,English (American),english_american,D_log
3326,-2.640404263808949,-3.0677922516754057,English (American),english_american,D_log
3327,-0.5067506290975268,1.392508556002559,English (American),english_american,D_log
3328,6.4059404684999555,-4.164568544643987,English (American),english_american,D_log
3329,-1.4499094968342379,-1.4568552762448743,English (American),english_american,D_log
3330,2.152272839822673,7.645831223288477,English (American),english_american,D_log
3331,0.509214854713853,-3.5213743763689984,English (American),english_american,D_log
3332,-0.4307284694689163,-1.946507382132883,English (American),english_american,D_log
3333,-2.1396281171757483,-1.5752969601624103,English (American),english_american,D_log
3334,0.023558993969596827,0.9238415811003736,English (American),english_american,D_log
3335,3.9668296194196695,0.78030173677636006,English (American),english_american,D_log
3336,0.13491837695403733,0.30727352643565603,English (American),english_american,D_log
3337,-0.12191133695398694,3.1505419413298745,English (American),english_american,D_log
3338,0.5094487788701175,1.4177849679367027,English (American),english_american,D_log
3339,-0.7653520681162855,-4.375858976481972,English (American),english_american,D_log
3340,-0.1781089513442787,-3.6656974227848487,English (American),english_american,D_log
3341,2.2018586576400567,6.736003493469868,English (American),english_american,D_log
3342,-0.18712678731929844,0.5669765087171844,English (American),english_american,D_log
3343,0.1835063593548186,2.2159706468140685,English (American),english_american,D_log
3344,0.5689154703576899,-1.0254998865738927,English (American),english_american,D_log
3345,0.052445451684817054,0.7157828941020986,English (American),english_american,D_log
3346,0.33120878461624825,0.5084511324357196,English (American),english_american,D_log
3347,0.2888430364633039,-3.287021028020842,English (American),english_american,D_log
3348,0.8963514564539402,-2.131404625887757,English (American),english_american,D_log
3349,-2.393278684366278,0.06297168464202108,English (American),english_american,D_log
3350,0.05310459157430086,-1.506461763026164,English (American),english_american,D_log
3351,1.7462547938404622,-2.954152550144575,English (American),english_american,D_log
3352,3.181609150463604,-0.7215897698385145,English (American),english_american,D_log
3353,1.504648327086835,9.418502415398892,English (American),english_american,D_log
3354,2.097460891446874,-1.106957340167607,English (American),english_american,D_log
3355,0.9619332271801684,2.168024211686325,English (American),english_american,D_log
3356,-1.996186074218834,2.764484402205353,English (American),english_american,D_log
3357,1.005893848864553,-0.7256477098995284,English (American),english_american,D_log
3358,1.4728649925453141,3.9138817618424917,English (American),english_american,D_log
3359,2.6724259446345564,-0.31536238454389287,English (American),english_american,D_log
3360,0.8924226246419933,-1.2390399123753522,English (American),english_american,D_log
3361,2.357440668963917,0.9975741248507214,English (American),english_american,D_log
3362,-2.1959305323254794,1.3171583904621214,English (American),english_american,D_log
3363,0.8501911567045382,-4.688820266749504,English (American),english_american,D_log
3364,1.5267231542642918,0.34662226763823056,English (American),english_american,D_log
3365,-1.7666714447742282,1.2119024156943423,English (American),english_american,D_log
3366,-0.9455731056072408,1.9474154421089573,English (American),english_american,D_log
3367,3.9426594908322445,-3.3529142432817673,English (American),english_american,D_log
3368,-2.2203143864033903,9.046782956440891,English (American),english_american,D_log
3369,1.5403248240101681,-0.6573247708560419,English (American),english_american,D_log
3370,2.075753115594006,5.948595402498093,English (American),english_american,D_log
3371,-0.9211337496932026,8.572521926260427,English (American),english_american,D_log
3372,1.1144321532639805,11.136537189641734,English (American),english_american,D_log
3373,-0.39527959832248916,-5.234558641883687,English (American),english_american,D_log
3374,0.7117438121223942,-2.169668899039841,English (American),english_american,D_log
3375,0.07717255385618138,-2.3466123184168692,English (American),english_american,D_log
3376,0.7711974319270648,-6.638821706777493,English (American),english_american,D_log
3377,1.0246837873228587,1.1988793869891743,English (American),english_american,D_log
3378,-0.5027861242678326,-2.649239125423959,English (American),english_american,D_log
3379,-0.5621975732337313,0.16640979666179134,English (American),english_american,D_log
3380,-1.6242014175863082,-2.988795411940817,English (American),english_american,D_log
3381,2.1126774783877313,1.9197295237525704,English (American),english_american,D_log
3382,0.1332435330404062,-3.0098759977750045,English (American),english_american,D_log
3383,-1.6372074988497298,3.7979070224217217,English (American),english_american,D_log
3384,-0.5788196271236505,7.603767168441641,English (American),english_american,D_log
3385,-1.927667195442764,-1.416292834247287,English (American),english_american,D_log
3386,0.4037625582935283,2.458078080250956,English (American),english_american,D_log
3387,3.352241080733085,1.0710428407827994,English (American),english_american,D_log
3388,-2.6077238790384834,-2.2235943988372475,English (American),english_american,D_log
3389,3.470417597075834,0.6562622224874011,English (American),english_american,D_log
3390,1.6721851015488176,-0.36027654644806095,English (American),english_american,D_log
3391,3.5962138823547063,1.92627458378742,English (American),english_american,D_log
3392,-1.3480485371505568,3.3685666820799125,English (American),english_american,D_log
3393,-3.420351431709216,-5.99807113075573,English (American),english_american,D_log
3394,-0.15369335423041033,1.2157477536291441,English (American),english_american,D_log
3395,0.10278719407589129,3.3772173514586017,English (American),english_american,D_log
3396,2.7258978143547496,5.968933607951774,English (American),english_american,D_log
3397,-0.47047263920129423,0.12427814847810997,English (American),english_american,D_log
3398,2.321957014267154,-2.0188356890987254,English (American),english_american,D_log
3399,-0.1943271835712508,3.085195022583301,English (American),english_american,D_log
3400,0.1051219132290653,-0.6011951402182936,English (American),english_american,D_log
3401,-1.0694035221414446,-2.3518687707708263,English (American),english_american,D_log
3402,1.4863449044726633,0.8920511301181339,English (American),english_american,D_log
3403,-1.305969984327568,-2.4169314698248168,English (American),english_american,D_log
3404,-1.731887908546738,-3.923271267841064,English (American),english_american,D_log
3405,-0.41485939302550623,3.8566904490190677,English (American),english_american,D_log
3406,-0.5396981918682872,-1.2040135263410274,English (American),english_american,D_log
3407,1.8520302856288704,1.3035689226702813,English (American),english_american,D_log
3408,0.6343732409006351,4.928487071011807,English (American),english_american,D_log
3409,-2.4252531891341924,-7.098305101685797,English (American),english_american,D_log
3410,0.4939539475931917,0.9287488061405406,English (American),english_american,D_log
3411,0.2810547859593882,5.580685857139189,English (American),english_american,D_log
3412,0.7543036430061874,0.006560540340931564,English (American),english_american,D_log
3413,-0.2276269847224732,-1.5178247935457965,English (American),english_american,D_log
3414,-1.0602171674455498,-1.4849070937318647,English (American),english_american,D_log
3415,1.8670548080141538,2.6187666770190305,English (American),english_american,D_log
3416,2.316821341377287,1.8220632551843272,English (American),english_american,D_log
3417,0.6560064127005575,-3.5231909441647495,English (American),english_american,D_log
3418,-0.5369724830021309,6.883747833484211,English (American),english_american,D_log
3419,-1.0991802085033637,0.22854471805997234,English (American),english_american,D_log
3420,2.1573334108216433,2.524018468719697,English (American),english_american,D_log
3421,0.07800240515247801,4.221813491177567,English (American),english_american,D_log
3422,1.7433959203431917,2.636383222727236,English (American),english_american,D_log
3423,-0.12326677917797574,-3.102666135395646,English (American),english_american,D_log
3424,-0.6668119658931956,-4.633964516478984,English (American),english_american,D_log
3425,0.8202310610719016,11.83189035593151,English (American),english_american,D_log
3426,1.2316323287198023,-3.0614624383383746,English (American),english_american,D_log
3427,0.22088757955628605,0.19184186314866125,English (American),english_american,D_log
3428,-0.11802128290809083,-2.6644155917752217,English (American),english_american,D_log
3429,1.560870559043858,-0.5763103134283727,English (American),english_american,D_log
3430,1.533521996921936,2.6353713461122434,English (American),english_american,D_log
3431,0.1961822428892278,4.810141971185812,English (American),english_american,D_log
3432,0.6595903361599764,0.003680185228591787,English (American),english_american,D_log
3433,-0.8275021501248514,0.09716772427045123,English (American),english_american,D_log
3434,-0.010676254773688457,0.024675727590030436,English (American),english_american,D_log
3435,1.0479435093648723,1.0802708613112002,English (American),english_american,D_log
3436,-0.1800641415641018,-2.540561638369503,English (American),english_american,D_log
3437,0.7417085454060858,-1.796968973572814,English (American),english_american,D_log
3438,0.7535637366747707,12.803274342153594,English (American),english_american,D_log
3439,2.2099277841710188,1.1613247354403686,English (American),english_american,D_log
3440,1.1001960922257015,-3.340747500858056,English (American),english_american,D_log
3441,-0.3443627175917508,-1.2838116214586113,English (American),english_american,D_log
3442,-0.9682406733282287,-4.30280100390881,English (American),english_american,D_log
3443,2.007346361906985,-3.4918071332197096,English (American),english_american,D_log
3444,-1.681068137424978,2.1334890008611844,English (American),english_american,D_log
3445,-1.4050167541093008,-3.6486994600756253,English (American),english_american,D_log
3446,2.7000474177084386,7.125634939206408,English (American),english_american,D_log
3447,1.1797242609919834,0.044004203360198835,English (American),english_american,D_log
3448,0.18771609743184695,1.2461952340543483,English (American),english_american,D_log
3449,-1.1374177927734352,1.091381365264433,English (American),english_american,D_log
3450,-1.517817274118913,1.9113855693461814,English (American),english_american,D_log
3451,0.30958960976288624,2.9129937929020513,English (American),english_american,D_log
3452,-0.43466090882232417,2.5624446995465595,English (American),english_american,D_log
3453,0.8184268012009915,-0.531767052039404,English (American),english_american,D_log
3454,0.5807765617201165,0.7996941644996306,English (American),english_american,D_log
3455,-2.8038379898529664,-4.8197793846997,English (American),english_american,D_log
3456,1.0558096537118336,3.1288153973709365,English (American),english_american,D_log
3457,0.8150736732400805,-0.32403930933059427,English (American),english_american,D_log
3458,-1.5479873787777934,-4.364163005152105,English (American),english_american,D_log
3459,-0.7574235986055883,0.2583086724522864,English (American),english_american,D_log
3460,0.014447158589434614,-1.776953973883587,English (American),english_american,D_log
3461,3.367954111755407,1.131168146845947,English (American),english_american,D_log
3462,1.747379051596288,0.08068788640574753,English (American),english_american,D_log
3463,4.2687093486585415,-0.6753285547234337,English (American),english_american,D_log
3464,1.022932886510519,-0.772636635301647,English (American),english_american,D_log
3465,0.10337911270167748,2.918120853910526,English (American),english_american,D_log
3466,4.702800563365693,10.115297188339433,English (American),english_american,D_log
3467,0.6769573639006017,-2.2432056668300424,English (American),english_american,D_log
3468,0.9390312132167024,-1.324726869539465,English (American),english_american,D_log
3469,-1.719117310806982,-3.7368451312447024,English (American),english_american,D_log
3470,2.4513700920856554,1.2130100341518937,English (American),english_american,D_log
3471,1.657015270290508,2.5044511890120376,English (American),english_american,D_log
3472,2.62152403991518,-1.2226711122107239,English (American),english_american,D_log
3473,0.7593304601207148,0.5785763808824841,English (American),english_american,D_log
3474,-0.6572291045844636,0.7014449409897289,English (American),english_american,D_log
3475,0.6872124227493113,1.2698087340771818,English (American),english_american,D_log
3476,0.23791331674420998,-0.20890733672324868,English (American),english_american,D_log
3477,0.03001083767933332,0.5586912756434728,English (American),english_american,D_log
3478,0.4317976321039187,1.8084967037351034,English (American),english_american,D_log
3479,1.03325838687201,-4.474121197901864,English (American),english_american,D_log
3480,-1.2127803325709439,6.088084840523109,English (American),english_american,D_log
3481,0.013651000156036819,-2.097601566977384,English (American),english_american,D_log
3482,-0.6061048818038857,-0.8117129747776657,English (American),english_american,D_log
3483,3.5591749862510045,4.366796553278716,English (American),english_american,D_log
3484,2.523603787893756,-2.212272158774281,English (American),english_american,D_log
3485,0.0058002323464924725,-0.43279760848572396,English (American),english_american,D_log
3486,2.810557068455941,-2.676750539533997,English (American),english_american,D_log
3487,2.2562169570163197,0.39508460706409265,English (American),english_american,D_log
3488,2.846041286126614,-1.3137915998261007,English (American),english_american,D_log
3489,-1.6401506999711823,-2.961950811934686,English (American),english_american,D_log
3490,-1.4322696747265438,-1.1220598343492603,English (American),english_american,D_log
3491,3.953524128591132,-1.3491640205236002,English (American),english_american,D_log
3492,1.6141105998193577,-10.73562893252566,English (American),english_american,D_log
3493,4.318099679410485,-1.578366467254409,English (American),english_american,D_log
3494,-1.2733686326026692,-8.119636753525187,English (American),english_american,D_log
3495,0.046414824926241,1.4591704287913965,English (American),english_american,D_log
3496,0.7657949881755625,-0.3618986602072869,English (American),english_american,D_log
3497,1.4872398337247004,-3.427603229070717,English (American),english_american,D_log
3498,0.5059489226927759,3.121661471029571,English (American),english_american,D_log
3499,1.813610123330862,3.8288969488499895,English (American),english_american,D_log
3500,-1.9363909718777081,-1.632640509875004,English (American),english_american,D_log
3501,-0.11235367792289709,-1.2549647037826,English (American),english_american,D_log
3502,2.321262570952667,8.243185546450684,English (American),english_american,D_log
3503,-0.8877052233584797,-0.9116265863147466,English (American),english_american,D_log
3504,-1.1382699161504353,-3.850401746329449,English (American),english_american,D_log
3505,0.2791023275059524,5.430118656098412,English (American),english_american,D_log
3506,0.7765876734613345,0.3838158268668046,English (American),english_american,D_log
3507,-0.12303455672108722,0.5483126887507593,English (American),english_american,D_log
3508,2.338063153488061,-3.0141082551027223,English (American),english_american,D_log
3509,-0.6353185372114449,-2.5389294717736397,English (American),english_american,D_log
3510,-3.635294132165878,1.5954022905736824,English (American),english_american,D_log
3511,1.782464752203508,1.3693152105036666,English (American),english_american,D_log
3512,2.2479321265656975,-1.1456627366692547,English (American),english_american,D_log
3513,0.7284404736216777,-0.8048243995994908,English (American),english_american,D_log
3514,1.612327412843172,-1.4824441492528129,English (American),english_american,D_log
3515,-0.011097007668241239,-3.151090279831719,English (American),english_american,D_log
3516,1.4420676840395512,-2.1556928056361224,English (American),english_american,D_log
3517,0.8776945446511274,-3.5718810991198056,English (American),english_american,D_log
3518,4.437444169036206,1.6650501757239526,English (American),english_american,D_log
3519,3.12763923539695,-0.03457279734929508,English (American),english_american,D_log
3520,1.7136864900463986,1.0251300729566357,English (American),english_american,D_log
3521,1.0570282261281927,-0.8767811924455733,English (American),english_american,D_log
3522,-1.327559514715987,5.0908750450978495,English (American),english_american,D_log
3523,0.8420554982678069,2.421659679671461,English (American),english_american,D_log
3524,-1.6808882022050222,-1.9428949347098432,English (American),english_american,D_log
3525,-0.2942521650694633,-0.8070187043584074,English (American),english_american,D_log
3526,-0.2985705878092683,-4.498485278626553,English (American),english_american,D_log
3527,2.7238719903933513,-1.8990709968867028,English (American),english_american,D_log
3528,1.4248904070402206,4.189133489679106,English (American),english_american,D_log
3529,0.7246688502460916,1.3784609939059607,English (American),english_american,D_log
3530,-1.0385778716801117,2.5334681168238573,English (American),english_american,D_log
3531,-0.625554276753495,0.41612183918289103,English (American),english_american,D_log
3532,-0.6772814900393466,-2.3897897009669595,English (American),english_american,D_log
3533,-2.0502466581548817,-0.9824850452143897,English (American),english_american,D_log
3534,1.3672986356425145,-0.8057944655033182,English (American),english_american,D_log
3535,0.7725653163711631,-1.9805445456700412,English (American),english_american,D_log
3536,-0.5359798358060733,-2.233904261607725,English (American),english_american,D_log
3537,2.7799539248594023,-2.895046132111843,English (American),english_american,D_log
3538,-2.0078282705101733,-8.035925309953264,English (American),english_american,D_log
3539,1.8043051123216745,0.8728334533671399,English (American),english_american,D_log
3540,-0.30728443068617894,3.496900839268301,English (American),english_american,D_log
3541,1.1079054047354462,-1.30182483638383,English (American),english_american,D_log
3542,-0.19415294977071473,-0.6832584538898077,English (American),english_american,D_log
3543,-0.9654124034957144,0.38760490437200384,English (American),english_american,D_log
3544,0.19563005956028032,-1.126284718408777,English (American),english_american,D_log
3545,-1.0870489637989673,-1.5497881795230586,English (American),english_american,D_log
3546,0.7583613276750661,-2.8001390643108075,English (American),english_american,D_log
3547,2.2232498236562623,-1.3432216831995998,English (American),english_american,D_log
3548,-1.94890805114142,1.0469044150066535,English (American),english_american,D_log
3549,1.9940222090653144,-0.1757824931560673,English (American),english_american,D_log
3550,0.43241518057499556,12.721978302307283,English (American),english_american,D_log
3551,0.6632313436971122,-1.1180046723757198,English (American),english_american,D_log
3552,1.4219843924225677,1.8514688804257986,English (American),english_american,D_log
3553,2.4037960185039076,2.739019342935138,English (American),english_american,D_log
3554,-2.31765456692984,-0.6549953130176426,English (American),english_american,D_log
3555,0.5110303782387693,3.0717136125240656,English (American),english_american,D_log
3556,1.1758797495911884,-0.7750125252644526,English (American),english_american,D_log
3557,-1.7464363728401158,-0.06560141895591054,English (American),english_american,D_log
3558,0.4856250944094322,2.635729250839147,English (American),english_american,D_log
3559,-0.08624530212893301,-0.20017639417746813,English (American),english_american,D_log
3560,-0.11920905559049792,-1.26022757828813,English (American),english_american,D_log
3561,2.6445233416679543,-2.5782269822700106,English (American),english_american,D_log
3562,-0.5856293463169882,-0.21880995724931676,English (American),english_american,D_log
3563,0.5764568924871605,-3.059694476396747,English (American),english_american,D_log
3564,0.5422666463126766,4.815795843405308,English (American),english_american,D_log
3565,2.032388127789022,-4.349562449299369,English (American),english_american,D_log
3566,0.7003480850883058,-1.6458794833263164,English (American),english_american,D_log
3567,0.7503572595640928,-1.0939347263651116,English (American),english_american,D_log
3568,1.445504282589053,-2.337606354789312,English (American),english_american,D_log
3569,2.1307404810017982,-3.5675277410736577,English (American),english_american,D_log
3570,-2.506652754126331,-4.665046930914781,English (American),english_american,D_log
3571,-1.4862085886492287,8.489515679618348,English (American),english_american,D_log
3572,0.12627801635860136,4.504493811215648,English (American),english_american,D_log
3573,1.2105244467566838,1.997311202120813,English (American),english_american,D_log
3574,0.18196459368427792,0.4772772494128069,English (American),english_american,D_log
3575,0.962947667201694,-0.1827745093874662,English (American),english_american,D_log
3576,-0.18488960493823545,8.46177967697944,English (American),english_american,D_log
3577,1.1010358215584461,-4.996709248960084,English (American),english_american,D_log
3578,-0.06414448215849519,-0.3652397907783191,English (American),english_american,D_log
3579,2.4096571887539744,-0.8470574990657822,English (American),english_american,D_log
3580,-3.280071843599167,0.3460742119072514,English (American),english_american,D_log
3581,-1.7443572183573934,2.6492428775334935,English (American),english_american,D_log
3582,-1.0347029945630273,0.23016405375931487,English (American),english_american,D_log
3583,3.1031254889053623,-6.924133060689282,English (American),english_american,D_log
3584,1.895880856190339,-0.5594313399585609,English (American),english_american,D_log
3585,0.529490417587224,0.22263880570304972,English (American),english_american,D_log
3586,-1.3189553814836856,0.6312640591632969,English (American),english_american,D_log
3587,1.1210128454136108,0.553788009160239,English (American),english_american,D_log
3588,0.6878154226298135,3.35915509769768,English (American),english_american,D_log
3589,-0.40613330956172283,-4.744407864689228,English (American),english_american,D_log
3590,-0.6911792109369356,-4.711193215729521,English (American),english_american,D_log
3591,1.6247954436237455,-1.4140797483136287,English (American),english_american,D_log
3592,-0.05030637403999309,-3.6826627372659675,English (American),english_american,D_log
3593,0.8438645504692909,-2.805253892814438,English (American),english_american,D_log
3594,-0.3376740159045174,-0.3753182702991251,English (American),english_american,D_log
3595,1.9472798123585402,-1.9883333936984893,English (American),english_american,D_log
3596,0.49173533923462925,2.6857857405772725,English (American),english_american,D_log
3597,-0.1896401411031394,-3.7679504870840663,English (American),english_american,D_log
3598,2.559281382198264,3.3266761720137596,English (American),english_american,D_log
3599,0.23885250548259487,1.9306425579995325,English (American),english_american,D_log
3600,2.768328514852019,-4.580881839794197,English (American),english_american,D_log
3601,-2.108494587935089,-2.397916043669021,English (American),english_american,D_log
3602,4.190698752545365,6.975726014301133,English (American),english_american,D_log
3603,3.630860675528795,4.54125423532001,English (American),english_american,D_log
3604,-0.7217455800816568,-4.263035557916402,English (American),english_american,D_log
3605,0.36036773006487266,3.6172323251696445,English (American),english_american,D_log
3606,1.4843889165680806,-1.9311719505290466,English (American),english_american,D_log
3607,1.0940183630820337,1.2796477879694172,English (American),english_american,D_log
3608,1.2319040115963424,0.7026779055344943,English (American),english_american,D_log
3609,1.3805551216399778,-1.4565554418160436,English (American),english_american,D_log
3610,-1.0886249015416178,-0.1655566755984581,English (American),english_american,D_log
3611,-0.034669813153041414,-0.7719965025352165,English (American),english_american,D_log
3612,2.049605841767798,-1.8656141834180522,English (American),english_american,D_log
3613,0.18139636876388054,-3.8019102243126053,English (American),english_american,D_log
3614,1.0863387803711884,-5.7835855899731845,English (American),english_american,D_log
3615,0.6866826308990837,-0.8824638451931225,English (American),english_american,D_log
3616,-1.5626037531431276,4.829883077169832,English (American),english_american,D_log
3617,2.2219988823354564,-0.6710090981143134,English (American),english_american,D_log
3618,0.3308229817816549,-2.863567740357948,English (American),english_american,D_log
3619,0.33366640710282613,-2.883309335792685,English (American),english_american,D_log
3620,2.3352705769334356,3.6999721108715002,English (American),english_american,D_log
3621,0.623391920548553,-2.975044218078711,English (American),english_american,D_log
3622,0.6184345489191702,0.23402038530334457,English (American),english_american,D_log
3623,-0.5637830329137438,-1.6412768336840762,English (American),english_american,D_log
3624,0.011776447933557418,0.7487022681657007,English (American),english_american,D_log
3625,0.4872861749934315,-2.0073347975568403,English (American),english_american,D_log
3626,1.4470843206317068,-8.601765636061405,English (American),english_american,D_log
3627,-0.5203835686539067,5.536886605317953,English (American),english_american,D_log
3628,-0.12826854971577328,-2.577182922340058,English (American),english_american,D_log
3629,-1.4428677633402724,-0.04921774247266486,English (American),english_american,D_log
3630,1.8871824534268473,8.082039107768463,English (American),english_american,D_log
3631,1.8955432555803746,-3.3538299476582987,English (American),english_american,D_log
3632,1.2003105356329387,-2.3934125578176113,English (American),english_american,D_log
3633,1.5460246539505456,-0.9575561116442841,English (American),english_american,D_log
3634,2.468938627458788,-1.4928879676774982,English (American),english_american,D_log
3635,0.7864873374204778,-2.973767507054151,English (American),english_american,D_log
3636,-2.2501652995730135,0.1566331006384526,English (American),english_american,D_log
3637,2.3991531971230793,0.26048009930566474,English (American),english_american,D_log
3638,1.1899566503697252,-1.38903834282617,English (American),english_american,D_log
3639,2.7629823321780393,-1.2067197145446849,English (American),english_american,D_log
3640,-5.22263475833142,-5.626914320155162,English (American),english_american,D_log
3641,0.33757244109383777,-4.255183326307738,English (American),english_american,D_log
3642,-0.7314011590358299,-1.2528152776629051,English (American),english_american,D_log
3643,0.19897671588758228,-0.6683266970374796,English (American),english_american,D_log
3644,-0.4859276717713191,-0.3383160135500871,English (American),english_american,D_log
3645,0.04612522761904455,0.802379267224695,English (American),english_american,D_log
3646,-2.272339267085826,0.7719237660370614,English (American),english_american,D_log
3647,-0.06664685544561587,1.8983761601959768,English (American),english_american,D_log
3648,-0.190577877891965,1.9026338740792152,English (American),english_american,D_log
3649,1.146511197597019,1.0378614829542618,English (American),english_american,D_log
3650,-0.5836439934900957,0.3495575979488062,English (American),english_american,D_log
3651,0.9934866268178327,-4.304908811939607,English (American),english_american,D_log
3652,-0.767911089900027,-0.9392737578744514,English (American),english_american,D_log
3653,1.642303714450516,0.7178862083810841,English (American),english_american,D_log
3654,1.5807123388099027,1.8870660851341938,English (American),english_american,D_log
3655,1.697644282224803,-1.7570032467026289,English (American),english_american,D_log
3656,0.10302505590150846,0.4404199035046887,English (American),english_american,D_log
3657,-0.302631278405001,-6.261063022929828,English (American),english_american,D_log
3658,-3.7880047626641624,-7.11815734520708,English (American),english_american,D_log
3659,-1.1363223052275195,-1.8305497517229683,English (American),english_american,D_log
3660,3.6603771334350297,-0.1293060168304363,English (American),english_american,D_log
3661,-1.2652274266978216,-5.120642516406183,English (American),english_american,D_log
3662,3.641768847153684,-0.5908091566823149,English (American),english_american,D_log
3663,0.4139666193124052,-1.56363451725632,English (American),english_american,D_log
3664,1.6823253575097976,1.5561297422709233,English (American),english_american,D_log
3665,-0.31559921638653404,-1.9755545212305219,English (American),english_american,D_log
3666,-2.0682461758178756,1.5202933663171736,English (American),english_american,D_log
3667,0.8170924863013387,0.4956409920157873,English (American),english_american,D_log
3668,2.6770652567395383,-0.3533100581687786,English (American),english_american,D_log
3669,0.07587171079901935,1.7361135182291647,English (American),english_american,D_log
3670,-2.261061334624895,-2.0337003879084774,English (American),english_american,D_log
3671,0.902616690204332,-3.8134979313529653,English (American),english_american,D_log
3672,1.8057585121932131,-2.481609244382098,English (American),english_american,D_log
3673,1.1252278423388649,-0.7282821881304499,English (American),english_american,D_log
3674,-0.42868122266130465,0.6458289642826893,English (American),english_american,D_log
3675,-2.0826979810396167,-1.5299668171295573,English (American),english_american,D_log
3676,0.4048715027787221,-4.498929900941604,English (American),english_american,D_log
3677,-0.1292400685050152,-0.14413445805326075,English (American),english_american,D_log
3678,1.3612078208545915,0.034299113081896704,English (American),english_american,D_log
3679,-2.392370112078426,3.038079425175501,English (American),english_american,D_log
3680,1.3630402681860763,2.4084783263691456,English (American),english_american,D_log
3681,-0.33079895369731305,3.780334804152681,English (American),english_american,D_log
3682,1.0729960419004168,-0.915400150463726,English (American),english_american,D_log
3683,0.41982984819726243,-2.070068301575771,English (American),english_american,D_log
3684,2.8042081734460025,4.862469657487706,English (American),english_american,D_log
3685,1.6500028152591972,-1.9830548627850373,English (American),english_american,D_log
3686,-0.2404851787328386,-3.5575407016840948,English (American),english_american,D_log
3687,1.8740370033008305,-3.0472292022512,English (American),english_american,D_log
3688,0.7579211550331947,-1.239481052009738,English (American),english_american,D_log
3689,0.008840170817561544,-2.355735302502541,English (American),english_american,D_log
3690,-1.0916903029513112,-0.9136309958437172,English (American),english_american,D_log
3691,0.5799563051957202,0.5013918087029049,English (American),english_american,D_log
3692,-0.4827334565536783,-2.2895049829310725,English (American),english_american,D_log
3693,-0.5205693680841367,-0.13126667081571064,English (American),english_american,D_log
3694,1.2930252134884552,-2.4561206700457223,English (American),english_american,D_log
3695,1.4730114419543165,-5.513555208709239,English (American),english_american,D_log
3696,-1.2301497292206394,0.7501511382756966,English (American),english_american,D_log
3697,0.7351862723631272,-2.3374679666972322,English (American),english_american,D_log
3698,0.2041163171655274,0.39539066692980845,English (American),english_american,D_log
3699,1.3224408796961218,-0.8968801598258913,English (American),english_american,D_log
3700,0.6835745554408417,-4.60569862301484,English (American),english_american,D_log
3701,-0.2613573453601332,-1.5228591634944586,English (American),english_american,D_log
3702,-0.927167880515207,-3.2848953615936995,English (American),english_american,D_log
3703,-1.3709132303685634,-2.572011976581013,English (American),english_american,D_log
3704,-4.0228647880147665,5.320765007120279,English (American),english_american,D_log
3705,1.1995057402162466,0.3903189239538675,English (American),english_american,D_log
3706,-0.5795072259589007,-0.7678327346244049,English (American),english_american,D_log
3707,2.524193407908705,-1.7261071265428862,English (American),english_american,D_log
3708,0.8782764470228239,-7.63633168441174,English (American),english_american,D_log
3709,0.12145536153804937,-1.701153560813274,English (American),english_american,D_log
3710,-0.3278393744397199,-0.6223292867272827,English (American),english_american,D_log
3711,2.6078561303154464,0.6941030397187652,English (American),english_american,D_log
3712,-1.5136787388723478,-1.0094962616003005,English (American),english_american,D_log
3713,-0.6985416024457621,-5.685829104608568,English (American),english_american,D_log
3714,0.7992675276410445,-0.05630518394360673,English (American),english_american,D_log
3715,1.955887895124977,-1.906832427023908,English (American),english_american,D_log
3716,0.5793798514791314,1.5774298354842637,English (American),english_american,D_log
3717,0.9705082415596886,-1.573048357336271,English (American),english_american,D_log
3718,0.9034747063782478,-2.501943482767812,English (American),english_american,D_log
3719,-1.194407016227784,2.2667503398821562,English (American),english_american,D_log
3720,0.8296246727602363,3.6078081716087174,English (American),english_american,D_log
3721,0.8153300409222712,-2.365188944549688,English (American),english_american,D_log
3722,0.0854958196273072,2.0942168652427684,English (American),english_american,D_log
3723,-0.9839103010902015,2.112564082420074,English (American),english_american,D_log
3724,1.8211550896618924,3.7435765604900126,English (American),english_american,D_log
3725,2.4041908143833917,4.758662059622672,English (American),english_american,D_log
3726,0.9672255437356508,1.6207758968716364,English (American),english_american,D_log
3727,0.975136746676603,-2.985251887500432,English (American),english_american,D_log
3728,1.6157969604825249,-0.06309900233572374,English (American),english_american,D_log
3729,0.8244139738894933,-0.3449667230499657,English (American),english_american,D_log
3730,-1.4246913775251282,2.841994991477145,English (American),english_american,D_log
3731,0.5843664985928051,-3.2717668650064007,English (American),english_american,D_log
3732,0.4403359042497058,0.3981756538833156,English (American),english_american,D_log
3733,-0.4380239779316964,-2.5338791853955227,English (American),english_american,D_log
3734,-1.7158270965603768,-7.980539707235243,English (American),english_american,D_log
3735,-1.4767992568902881,-6.247333310654902,English (American),english_american,D_log
3736,-0.2471490591888089,0.8446962945823577,English (American),english_american,D_log
3737,-3.1694090788467335,-6.185073011346126,English (American),english_american,D_log
3738,-1.026040229664223,-2.4549673979842384,English (American),english_american,D_log
3739,-1.643937111007902,-5.777639674658866,English (American),english_american,D_log
3740,1.2490340400405269,-2.203090467510841,English (American),english_american,D_log
3741,-0.15091008347330004,1.2473247240852434,English (American),english_american,D_log
3742,1.320265759283267,0.2527404482014162,English (American),english_american,D_log
3743,1.1629397423282228,4.31178052852013,English (American),english_american,D_log
3744,-0.6195923089375319,-2.7534452867067105,English (American),english_american,D_log
3745,2.419810982089836,-3.2015038091518075,English (American),english_american,D_log
3746,-1.4645006621254162,-1.9948631682306037,English (American),english_american,D_log
3747,-0.7034044003531349,3.718258598212664,English (American),english_american,D_log
3748,1.223873489115424,0.3723183012064181,English (American),english_american,D_log
3749,3.6421804815837633,-1.6304278247156194,English (American),english_american,D_log
3750,-2.470772315654812,-6.0861754292290975,English (American),english_american,D_log
3751,0.02263663533063371,-3.874796410226996,English (American),english_american,D_log
3752,1.2639686938577392,2.9494652336055682,English (American),english_american,D_log
3753,-0.44397493553746936,-0.6145756800373531,English (American),english_american,D_log
3754,0.9918442569710211,1.7172058050794001,English (American),english_american,D_log
3755,-0.5009849025392947,-2.9278882376754236,English (American),english_american,D_log
3756,0.8599890468641026,1.2042144319889843,English (American),english_american,D_log
3757,-0.46972577876728855,-0.5344043477904643,English (American),english_american,D_log
3758,0.2996416834701546,-1.5164733605259544,English (American),english_american,D_log
3759,2.3030337038951676,-0.6222228660984677,English (American),english_american,D_log
3760,-1.7983413070950578,-2.4382864441883267,English (American),english_american,D_log
3761,1.017532018549014,-1.319252671955642,English (American),english_american,D_log
3762,1.9497951155105808,-3.7684795524030825,English (American),english_american,D_log
3763,0.10522603114104707,-1.6849548354384198,English (American),english_american,D_log
3764,0.36129172182018165,-1.4774018933826734,English (American),english_american,D_log
3765,-0.5822985707455304,-2.770056570613583,English (American),english_american,D_log
3766,1.9661137125536396,0.25067179202191403,English (American),english_american,D_log
3767,-0.4642980444027798,1.4658162710582578,English (American),english_american,D_log
3768,-1.3348726091669267,1.3108140795132068,English (American),english_american,D_log
3769,0.012366591741953393,-0.5480598404853538,English (American),english_american,D_log
3770,-0.4054317228421491,-1.3167619602152985,English (American),english_american,D_log
3771,-0.287610606539102,-0.7496606326251537,English (American),english_american,D_log
3772,0.18275306445056452,1.2262995917347306,English (American),english_american,D_log
3773,-1.8462378492526514,-1.7024351978173453,English (American),english_american,D_log
3774,-0.01902546595929055,-1.4879856679784107,English (American),english_american,D_log
3775,2.4291054735304756,1.5046168107045506,English (American),english_american,D_log
3776,0.05558911231819634,6.827772477687916,English (American),english_american,D_log
3777,-0.30781580822037213,0.19757022549936765,English (American),english_american,D_log
3778,-0.3558734488223003,-0.6320085464203513,English (American),english_american,D_log
3779,0.8001640107072525,-2.5786702873200698,English (American),english_american,D_log
3780,-1.1024364358473722,0.2396594812197588,English (American),english_american,D_log
3781,-0.4610762206989557,0.2548706456321273,English (American),english_american,D_log
3782,0.8025019151637981,-2.228255853090256,English (American),english_american,D_log
3783,-1.6798014219855804,3.2841873767422456,English (American),english_american,D_log
3784,-0.1632226373917702,5.1594443439154976,English (American),english_american,D_log
3785,1.3936981829174175,2.836061496304923,English (American),english_american,D_log
3786,1.7845753569531544,0.3003336127233561,English (American),english_american,D_log
3787,0.15991333439768413,-3.995999028441456,English (American),english_american,D_log
3788,0.8459076357902106,-0.9289475998236529,English (American),english_american,D_log
3789,0.019913884439945472,-0.09389715356523021,English (American),english_american,D_log
3790,-1.2045564952504746,0.6381184836259596,English (American),english_american,D_log
3791,-0.6284469149409421,5.624408521307604,English (American),english_american,D_log
3792,2.3749029111852398,-0.2918068690352781,English (American),english_american,D_log
3793,1.4046719872460625,-1.0587612707908058,English (American),english_american,D_log
3794,0.1359508139104913,-1.746560731283692,English (American),english_american,D_log
3795,1.648420042201895,2.1614274515899803,English (American),english_american,D_log
3796,0.2902939458503617,1.5235536628013397,English (American),english_american,D_log
3797,1.996521078617338,-0.9081630388911783,English (American),english_american,D_log
3798,-2.4122423459247613,-1.1151464796407302,English (American),english_american,D_log
3799,-0.585229602995236,0.35582201333116237,English (American),english_american,D_log
3800,1.2751955636508416,-1.2897732677437732,English (American),english_american,D_log
3801,0.41772507085917715,0.8901756095652349,English (American),english_american,D_log
3802,-1.2744762781152272,1.6265436769227155,English (American),english_american,D_log
3803,0.2514885707531684,-6.464085728330085,English (American),english_american,D_log
3804,0.012950128994130236,2.200117533185884,English (American),english_american,D_log
3805,1.0742614194451832,1.321145063851342,English (American),english_american,D_log
3806,3.3572861983229156,-0.32896057511681,English (American),english_american,D_log
3807,4.550384387170345,2.303567042537849,English (American),english_american,D_log
3808,-4.059031875488034,-7.265488795131855,English (American),english_american,D_log
3809,-2.3533113970468604,3.85167932753088,English (American),english_american,D_log
3810,1.6455773324774936,-1.7935575978852947,English (American),english_american,D_log
3811,0.2065883586896478,-3.3643915371583235,English (American),english_american,D_log
3812,-0.11367750930836974,3.0465712213533656,English (American),english_american,D_log
3813,-1.242083162461279,2.4208382293949873,English (American),english_american,D_log
3814,-2.4101267120081817,3.187926347726936,English (American),english_american,D_log
3815,-1.8056587090947722,-1.7245709196892505,English (American),english_american,D_log
3816,-0.5579836361450646,0.7851792554035022,English (American),english_american,D_log
3817,1.45763840347692,1.2519701018232534,English (American),english_american,D_log
3818,0.9872217788251406,3.5385077136391803,English (American),english_american,D_log
3819,2.0563883082080054,-1.3168991728546304,English (American),english_american,D_log
3820,-0.30163313638225864,-3.2718108436441833,English (American),english_american,D_log
3821,1.2186683411576327,-1.7659153768883018,English (American),english_american,D_log
3822,0.8605703882916167,5.209646685282451,English (American),english_american,D_log
3823,1.5121880836786106,-2.7872990072384605,English (American),english_american,D_log
3824,0.9626224843753112,5.38022596524153,English (American),english_american,D_log
3825,0.7339166163770726,0.3965895330736454,English (American),english_american,D_log
3826,-1.6910508911948186,1.1635034405099574,English (American),english_american,D_log
3827,-0.17203291000394116,-1.2788553711237443,English (American),english_american,D_log
3828,0.9558928410570777,3.273683480995463,English (American),english_american,D_log
3829,1.7251467791550337,-4.064599531954914,English (American),english_american,D_log
3830,1.4842732726648702,-2.6073973707905775,English (American),english_american,D_log
3831,0.5477263949940688,1.5957850835735503,English (American),english_american,D_log
3832,4.289123760338783,-1.9704120947474064,English (American),english_american,D_log
3833,0.7496376687760627,-3.1090326716917493,English (American),english_american,D_log
3834,-0.698894790068958,-2.995223047080901,English (American),english_american,D_log
3835,0.6024943922523511,-1.0127003836251338,English (American),english_american,D_log
3836,-0.628290151339562,-5.956430349342983,English (American),english_american,D_log
3837,2.399559684279622,1.0646261985530776,English (American),english_american,D_log
3838,-1.564977132427254,0.15862399528990373,English (American),english_american,D_log
3839,2.0712197465380835,-1.7604746021959832,English (American),english_american,D_log
3840,1.5238940676683514,-3.2549015954337466,English (American),english_american,D_log
3841,6.9448217022695244,2.0567771982504954,English (American),english_american,D_log
3842,0.8114691589991678,-3.880225278414521,English (American),english_american,D_log
3843,-0.5609150105683686,-2.8058768138554786,English (American),english_american,D_log
3844,-0.633774147691466,-2.2411770695621223,English (American),english_american,D_log
3845,-1.6686938454626608,-8.559032275074603,English (American),english_american,D_log
3846,-1.54608189533422,-5.400287314587196,English (American),english_american,D_log
3847,-0.25724609372543017,3.2095229541809287,English (American),english_american,D_log
3848,-0.014259826422687336,-1.7667861986662714,English (American),english_american,D_log
3849,-1.3312365344990027,-2.772904954442141,English (American),english_american,D_log
3850,0.9706462985587894,-1.3973269781531013,English (American),english_american,D_log
3851,-1.1089532002648042,1.3470106490335807,English (American),english_american,D_log
3852,-0.05747624156890008,-2.583121511844387,English (American),english_american,D_log
3853,-1.8858751741062412,-2.7630475545020454,English (American),english_american,D_log
3854,1.4456155976180958,-3.3293676239931713,English (American),english_american,D_log
3855,-0.6220283610370436,0.2734232901849346,English (American),english_american,D_log
3856,0.5338229918934035,-0.26284161487868785,English (American),english_american,D_log
3857,0.9959615478546524,5.337387130778178,English (American),english_american,D_log
3858,1.056085406369808,0.20668144284051992,English (American),english_american,D_log
3859,0.2894256401350522,-1.4065033478129825,English (American),english_american,D_log
3860,-1.009573147911416,6.258256022717398,English (American),english_american,D_log
3861,-0.9124550406392505,-3.705249018240962,English (American),english_american,D_log
3862,-1.1833189851001031,-1.7690692552318865,English (American),english_american,D_log
3863,0.40874675876587735,-2.95913470591603,English (American),english_american,D_log
3864,2.5747119001589716,-1.2689595221307655,English (American),english_american,D_log
3865,0.4137019550333872,1.1244802983630369,English (American),english_american,D_log
3866,0.3364334160825585,0.415655552284051,English (American),english_american,D_log
3867,2.6369053536846416,1.9974498440189854,English (American),english_american,D_log
3868,-0.4010098225801467,2.797654245709211,English (American),english_american,D_log
3869,0.7947828782295143,-0.26587594072833765,English (American),english_american,D_log
3870,0.7955641673701724,-0.441221349187093,English (American),english_american,D_log
3871,0.8960339307982393,3.579470700292612,English (American),english_american,D_log
3872,1.2337104059338317,-2.9913093129683026,English (American),english_american,D_log
3873,-0.2737024546788211,-0.13615725739562226,English (American),english_american,D_log
3874,1.9225990065848872,-0.27745324221760487,English (American),english_american,D_log
3875,-0.2772952286503567,2.1593990869976953,English (American),english_american,D_log
3876,-0.7405905762521282,-3.8904959530728576,English (American),english_american,D_log
3877,-2.2972645675187864,3.5386220564180797,English (American),english_american,D_log
3878,-2.2226919516822043,1.84436320387791,English (American),english_american,D_log
3879,0.9351016640661022,-2.3896231273739934,English (American),english_american,D_log
3880,0.9321122613993703,-2.202443653533537,English (American),english_american,D_log
3881,-1.534599041209574,-7.15230991111998,English (American),english_american,D_log
3882,-0.5024638952644346,-4.3232833880851755,English (American),english_american,D_log
3883,1.640993639869868,-0.21254436570221502,English (American),english_american,D_log
3884,-0.8047709844813138,-4.713375371875097,English (American),english_american,D_log
3885,-0.25505997643486533,6.036596816738473,English (American),english_american,D_log
3886,-0.4426997378303348,0.959793145618087,English (American),english_american,D_log
3887,-0.846520598651214,-3.3009021134846828,English (American),english_american,D_log
3888,-0.42216619355151885,-1.18082866336144,English (American),english_american,D_log
3889,2.7199933658421838,-2.3331604437542484,English (American),english_american,D_log
3890,1.9734554985335555,-5.966895884970723,English (American),english_american,D_log
3891,-0.23013661401468868,-0.8638868284988627,English (American),english_american,D_log
3892,2.2237657845819125,-1.5676744996539427,English (American),english_american,D_log
3893,0.2694747818356746,-2.6516050119780306,English (American),english_american,D_log
3894,-0.7319440599603935,-3.3529447494494256,English (American),english_american,D_log
3895,4.002432247637886,-2.700108148296817,English (American),english_american,D_log
3896,-1.7783528277826965,-0.9636484950445203,English (American),english_american,D_log
3897,0.054478870816905445,-3.968996065555465,English (American),english_american,D_log
3898,-1.1052348534265055,1.6649138636845908,English (American),english_american,D_log
3899,2.9314307215207593,-3.4507492358070406,English (American),english_american,D_log
3900,0.456858213213425,-3.0603544624218992,English (American),english_american,D_log
3901,0.6524275601062199,-1.9095348048241778,English (American),english_american,D_log
3902,0.09395887723046326,-4.982364956049925,English (American),english_american,D_log
3903,2.7882109773297907,2.2553190959067946,English (American),english_american,D_log
3904,1.5001015799217252,-0.4515326781074837,English (American),english_american,D_log
3905,4.213489864543499,3.5212123459953673,English (American),english_american,D_log
3906,-0.8116208126756614,0.00915272311867732,English (American),english_american,D_log
3907,-1.4745159869281166,-3.263332946275769,English (American),english_american,D_log
3908,2.060190335170977,-0.7482787519727196,English (American),english_american,D_log
3909,1.1299672734264012,2.718606454648081,English (American),english_american,D_log
3910,1.5846897745905903,1.2240764347636293,English (American),english_american,D_log
3911,2.5088419846465997,7.2785362183016895,English (American),english_american,D_log
3912,-0.545400517797103,-0.753928000206395,English (American),english_american,D_log
3913,0.25814711477121455,-1.29512849018468,English (American),english_american,D_log
3914,-2.0708055602201787,-6.649620934393768,English (American),english_american,D_log
3915,-1.1700373636172576,-3.2700936615415825,English (American),english_american,D_log
3916,1.3567778229412824,-1.7359020443013748,English (American),english_american,D_log
3917,0.39973918328836006,-1.3679003891738646,English (American),english_american,D_log
3918,0.43060547785748843,0.3457126745701985,English (American),english_american,D_log
3919,0.14843096489188837,0.2775344811055482,English (American),english_american,D_log
3920,1.236081489080938,-0.7290119037706978,English (American),english_american,D_log
3921,1.0127755867563721,-3.508053677273821,English (American),english_american,D_log
3922,1.5989363749074972,-0.7763143430606858,English (American),english_american,D_log
3923,1.72837549250367,0.5495081522925138,English (American),english_american,D_log
3924,3.3537615973148154,-2.095391566342852,English (American),english_american,D_log
3925,-1.520486919165783,-0.44478849651490415,English (American),english_american,D_log
3926,-0.32948878810363064,-0.9476416468156352,English (American),english_american,D_log
3927,-0.9505617558838657,-3.3640175453279353,English (American),english_american,D_log
3928,3.70798441688027,-0.2661046388545365,English (American),english_american,D_log
3929,0.5999487435367709,-0.6861387167278274,English (American),english_american,D_log
3930,-1.5701020368007945,5.038670665840587,English (American),english_american,D_log
5024,1.2378875440127761,-2.0703175988242184,English (American),english_american,D_log
