child_id,intercept_blup,slope_blup,language,lang_slug,model
11202,2.837272991983732,4.740883322260522,Norwegian,norwegian,D_log
11203,1.0541334535847018,-2.410903723796035,Norwegian,norwegian,D_log
11204,-0.5805286123259287,1.5645222940506676,Norwegian,norwegian,D_log
11205,1.1267032665769996,0.7947743591243144,Norwegian,norwegian,D_log
11206,2.1450902342919225,5.238925997439076,Norwegian,norwegian,D_log
11207,0.19260208690855785,4.354916666067673,Norwegian,norwegian,D_log
11208,-0.9136685166994057,2.0268242115817374,Norwegian,norwegian,D_log
11209,1.4185966663232525,5.143107447783932,Norwegian,norwegian,D_log
11210,1.4635823696914971,0.5421729362825178,Norwegian,norwegian,D_log
11211,0.852250764512591,-2.4383303895846216,Norwegian,norwegian,D_log
11212,1.2816791973971184,-1.4557029799013543,Norwegian,norwegian,D_log
11213,0.4410136955474141,-1.0775397397710273,Norwegian,norwegian,D_log
11214,-0.4560855665208015,-11.898431584925872,Norwegian,norwegian,D_log
11215,-0.863774162658783,0.7237619329768304,Norwegian,norwegian,D_log
11216,0.47222496792017227,-2.753978130450851,Norwegian,norwegian,D_log
11217,-2.393665671050165,-6.944256573345202,Norwegian,norwegian,D_log
11218,2.6305069911310954,-0.27499809259742847,Norwegian,norwegian,D_log
11219,-0.6044880122215217,1.3969359027733672,Norwegian,norwegian,D_log
11220,1.7522592976907025,2.407834907864589,Norwegian,norwegian,D_log
11221,-2.9121606045863144,-6.595571933122514,Norwegian,norwegian,D_log
11222,-0.26021650043093647,7.01939942247055,Norwegian,norwegian,D_log
11223,0.9257702399128805,1.8693447186572107,Norwegian,norwegian,D_log
11224,-1.034076035886679,-3.3002201256688117,Norwegian,norwegian,D_log
11225,2.3948661425710327,-0.4082986602233911,Norwegian,norwegian,D_log
11226,2.5866195434508077,-1.0199072021096673,Norwegian,norwegian,D_log
11227,2.913642047505978,-6.631188082354976,Norwegian,norwegian,D_log
11228,0.6280048841151353,0.1326773949870227,Norwegian,norwegian,D_log
11229,2.8617573551436832,-3.880802569479051,Norwegian,norwegian,D_log
11230,1.3600617552330472,1.1786288840436536,Norwegian,norwegian,D_log
11231,-0.11475462715545785,-4.998711833875995,Norwegian,norwegian,D_log
11232,-5.812383193263937,4.8389826691777,Norwegian,norwegian,D_log
11233,1.0420550147114014,-3.4469065789634903,Norwegian,norwegian,D_log
11234,6.512435968601422,0.9917944766194369,Norwegian,norwegian,D_log
11235,-1.8153546557279991,-0.38861333802931153,Norwegian,norwegian,D_log
11236,2.6359307937229475,1.4997413483376647,Norwegian,norwegian,D_log
11237,-1.795839075093675,8.185192355032443,Norwegian,norwegian,D_log
11238,0.5307909391221841,-5.532371176762197,Norwegian,norwegian,D_log
11239,-0.2741645583828574,1.0527644459432075,Norwegian,norwegian,D_log
11240,0.39350479529567756,-3.3828012771673683,Norwegian,norwegian,D_log
11241,-2.5689243248477744,6.05742035619288,Norwegian,norwegian,D_log
11242,-1.5587354185156739,-0.70904910657104,Norwegian,norwegian,D_log
11243,-3.1343208312346573,-4.062970352723468,Norwegian,norwegian,D_log
11244,-0.558848200592825,-2.4931364803035585,Norwegian,norwegian,D_log
11245,0.14819472020980415,-4.543402914444351,Norwegian,norwegian,D_log
11246,-0.9106822838351651,2.235300289380645,Norwegian,norwegian,D_log
11247,0.07414580146223469,4.492023875250803,Norwegian,norwegian,D_log
11248,-0.3088459874816473,-3.3251415117265264,Norwegian,norwegian,D_log
11249,1.6692560776334515,6.2373272169334895,Norwegian,norwegian,D_log
11250,0.8570186013282544,-2.1986202797272854,Norwegian,norwegian,D_log
11251,0.2721938098786113,-1.256733368553529,Norwegian,norwegian,D_log
11252,2.015707090580306,3.2218557093258973,Norwegian,norwegian,D_log
11253,2.3376600527744578,-2.996720527227488,Norwegian,norwegian,D_log
11254,1.8714837691513122,-0.8028833306830143,Norwegian,norwegian,D_log
11255,2.0317708193002995,-2.4096414145311,Norwegian,norwegian,D_log
11256,-0.9176427098978306,-0.04058618017787363,Norwegian,norwegian,D_log
11257,-3.4062242633704645,4.465636168551805,Norwegian,norwegian,D_log
11258,2.041672266161909,-3.239514625639486,Norwegian,norwegian,D_log
11259,-1.2016681750535432,-0.1178561896586513,Norwegian,norwegian,D_log
11260,-0.5088159293378752,-0.08540046880060909,Norwegian,norwegian,D_log
11261,1.5660730758224488,-0.5382953948352588,Norwegian,norwegian,D_log
11262,3.5587278440684016,5.175816398835758,Norwegian,norwegian,D_log
11263,0.699019658895438,3.282744114906227,Norwegian,norwegian,D_log
11264,0.476822885186467,-1.9247053155084948,Norwegian,norwegian,D_log
11265,-1.7109334469405133,-1.9034731168167054,Norwegian,norwegian,D_log
11266,1.7295841800987872,-0.10687305954837734,Norwegian,norwegian,D_log
11267,-0.6371170183461159,-2.811834008764557,Norwegian,norwegian,D_log
11268,-0.3577450986014321,6.291013303464769,Norwegian,norwegian,D_log
11269,4.02984075313621,2.5845097262315297,Norwegian,norwegian,D_log
11270,2.2868436210316494,1.8827763528765709,Norwegian,norwegian,D_log
11271,-0.05440303135776123,0.25236987989396514,Norwegian,norwegian,D_log
11272,0.9568946907104527,-1.2745437327003282,Norwegian,norwegian,D_log
11273,1.612804095926712,1.5371003692517107,Norwegian,norwegian,D_log
11274,-0.6487731999706936,2.2308779512063355,Norwegian,norwegian,D_log
11275,-3.372653719320123,-4.057311522815095,Norwegian,norwegian,D_log
11276,1.2229218423173158,2.6253751547572803,Norwegian,norwegian,D_log
11277,1.6428443928164214,2.3770120992772323,Norwegian,norwegian,D_log
11278,-1.3347899370066252,-4.153402264445198,Norwegian,norwegian,D_log
11279,2.3072085403279714,4.056780467791349,Norwegian,norwegian,D_log
11280,-1.5360833184054696,-8.10421203073454,Norwegian,norwegian,D_log
11281,-1.0364005762472195,-3.07455680826361,Norwegian,norwegian,D_log
11282,-1.7952367106735054,-2.9415028511777166,Norwegian,norwegian,D_log
11283,-2.509818054404148,-2.6557898889063845,Norwegian,norwegian,D_log
11284,-0.7398670462795971,2.3628725186480475,Norwegian,norwegian,D_log
11285,0.9536136551280753,0.7288327948362561,Norwegian,norwegian,D_log
11286,2.7023593482886143,0.9662679346050687,Norwegian,norwegian,D_log
11287,1.718929970587223,2.9704269682216866,Norwegian,norwegian,D_log
11288,1.3823609327692346,-4.381356038525077,Norwegian,norwegian,D_log
11289,1.1735877893280777,5.5525177567021204,Norwegian,norwegian,D_log
11290,2.7722671712444775,-1.7513783030247665,Norwegian,norwegian,D_log
11291,0.8187135803774961,-1.453053559382687,Norwegian,norwegian,D_log
11292,2.257984645759965,1.5687148311580053,Norwegian,norwegian,D_log
11293,0.1336419747630239,1.8051439874121802,Norwegian,norwegian,D_log
11294,1.0053874419597253,4.200579701143726,Norwegian,norwegian,D_log
11295,1.4647136594299373,3.073541997270225,Norwegian,norwegian,D_log
11296,0.39072082007002407,-3.549937758604163,Norwegian,norwegian,D_log
11297,0.6927675191493383,-2.883832649766002,Norwegian,norwegian,D_log
11298,0.3756649086115287,-0.9715382054791274,Norwegian,norwegian,D_log
11299,0.48075402734531497,-5.642145781798559,Norwegian,norwegian,D_log
11300,0.692531852122048,-4.804182938562055,Norwegian,norwegian,D_log
11301,1.6560354822504035,1.7346837183742814,Norwegian,norwegian,D_log
11302,0.81370538159991,-0.8474682950019176,Norwegian,norwegian,D_log
11303,-0.6807542913161473,5.490290343791504,Norwegian,norwegian,D_log
11304,1.5485357137450035,1.611395282280681,Norwegian,norwegian,D_log
11305,-0.2318474280125119,1.3092585204280371,Norwegian,norwegian,D_log
11306,-0.8029511578774213,-2.0928374098389617,Norwegian,norwegian,D_log
11307,3.6442689642561246,0.8959333322099856,Norwegian,norwegian,D_log
11308,0.5753570446913733,2.2278669513365004,Norwegian,norwegian,D_log
11309,1.275656894092626,-4.461219967193234,Norwegian,norwegian,D_log
11310,-1.1557721111796082,0.9299212365158717,Norwegian,norwegian,D_log
11311,-1.8594798144388887,6.679862012382805,Norwegian,norwegian,D_log
11312,-1.2626773650970424,-1.277485330399241,Norwegian,norwegian,D_log
11313,0.7743760964992308,1.1448362378521075,Norwegian,norwegian,D_log
11314,0.5190824413339322,-3.0335988255515685,Norwegian,norwegian,D_log
11315,0.8114538129264295,-0.4401146126463117,Norwegian,norwegian,D_log
11316,2.251139595556133,4.286583817721461,Norwegian,norwegian,D_log
11317,0.07516792846636002,1.2869239822105631,Norwegian,norwegian,D_log
11318,-2.118932366259083,9.66394715437,Norwegian,norwegian,D_log
11319,0.8685117511442672,-4.565888675147578,Norwegian,norwegian,D_log
11320,-0.9093425699366052,6.2084263951455645,Norwegian,norwegian,D_log
11321,0.4260111810543325,-2.8585184439217697,Norwegian,norwegian,D_log
11322,0.032085154549595075,-2.3496026279394404,Norwegian,norwegian,D_log
11323,-1.2239584273982391,0.5460820078942739,Norwegian,norwegian,D_log
11324,-1.7771446076373127,2.2152855177233546,Norwegian,norwegian,D_log
11325,2.7969110110270283,-2.2400280191715907,Norwegian,norwegian,D_log
11326,-0.5632798891683962,-1.4714582932159574,Norwegian,norwegian,D_log
11327,-0.8884371169356953,1.0702108465592055,Norwegian,norwegian,D_log
11328,1.8886999257550177,-0.8865885364626498,Norwegian,norwegian,D_log
11329,-2.190433297593513,-1.3253371586046532,Norwegian,norwegian,D_log
11330,-2.0032549002510303,0.972663776840514,Norwegian,norwegian,D_log
11331,-5.680396637086629,7.0713564511520826,Norwegian,norwegian,D_log
11332,0.14601280444778164,3.573017532512643,Norwegian,norwegian,D_log
11333,0.8227301769997938,2.013527791422555,Norwegian,norwegian,D_log
11334,0.8901949800203297,-1.8331836262052439,Norwegian,norwegian,D_log
11335,-0.38889904710222073,-1.3425550013096896,Norwegian,norwegian,D_log
11336,-2.7581863004758786,-0.817781506215066,Norwegian,norwegian,D_log
11337,-1.5075320717924,0.09694289156289049,Norwegian,norwegian,D_log
11338,2.5420395336670785,-0.7269292113824752,Norwegian,norwegian,D_log
11339,-1.3249284056813107,0.5974516216437147,Norwegian,norwegian,D_log
11340,1.8657993720220307,-1.3106675049535488,Norwegian,norwegian,D_log
11341,1.259327284546454,11.996392338822886,Norwegian,norwegian,D_log
11342,0.4421291400101796,2.3304758787543944,Norwegian,norwegian,D_log
11343,-0.3281604786314947,0.9428560546375413,Norwegian,norwegian,D_log
11344,-2.121490172068588,0.22543157005364511,Norwegian,norwegian,D_log
11345,-2.4744180512868854,1.7915259843884492,Norwegian,norwegian,D_log
11346,-3.0251726716457457,-0.750215894583786,Norwegian,norwegian,D_log
11347,-0.2813748048432398,-2.86940231525289,Norwegian,norwegian,D_log
11348,-2.897836798732533,0.8315929759186869,Norwegian,norwegian,D_log
11349,1.1040571645726267,1.664125301824613,Norwegian,norwegian,D_log
11350,-1.9697110171564887,2.146246665823074,Norwegian,norwegian,D_log
11351,-1.1902728532530453,3.7709575217194904,Norwegian,norwegian,D_log
11352,-0.20650957353915256,0.04413533776586473,Norwegian,norwegian,D_log
11353,-0.25260076309434415,1.3050499017287247,Norwegian,norwegian,D_log
11354,2.6184256950055578,2.8818241990849445,Norwegian,norwegian,D_log
11355,-1.5151847646520973,-2.3060670931941676,Norwegian,norwegian,D_log
11356,0.5729817004369454,1.5924559610706424,Norwegian,norwegian,D_log
11357,-0.9280389869580318,0.06574132478639716,Norwegian,norwegian,D_log
11358,0.28708638935278463,1.3372468379279403,Norwegian,norwegian,D_log
11359,-2.483896168956815,-2.039683805679801,Norwegian,norwegian,D_log
11360,0.3595448497722489,-1.4545265640455507,Norwegian,norwegian,D_log
11361,-5.6066271971766986,-7.931181652270389,Norwegian,norwegian,D_log
11362,-2.0742919027207334,2.9612976763385666,Norwegian,norwegian,D_log
11363,0.9110160928964164,-1.4801121204952465,Norwegian,norwegian,D_log
11364,-0.5393793205511948,-2.322586680816566,Norwegian,norwegian,D_log
11365,-1.0491235521191085,0.6600615165812673,Norwegian,norwegian,D_log
11366,-2.1585254340440376,-3.390110364126423,Norwegian,norwegian,D_log
11367,-3.653381099982606,-6.143482650979892,Norwegian,norwegian,D_log
11368,3.4846527460471437,7.023684177839318,Norwegian,norwegian,D_log
11369,1.78486922764277,-0.7643028341214662,Norwegian,norwegian,D_log
11370,2.599210502026462,1.4116075367762622,Norwegian,norwegian,D_log
11371,1.0683916425516908,-3.335399009816502,Norwegian,norwegian,D_log
11372,2.2394165155057606,0.14023006294382534,Norwegian,norwegian,D_log
11373,-0.6552933678361791,-4.842012986794731,Norwegian,norwegian,D_log
11374,-0.16918156732677428,6.32940710940892,Norwegian,norwegian,D_log
11375,0.15462818905219797,1.4998466859916435,Norwegian,norwegian,D_log
11376,-0.9162340851031361,-1.9483659766911403,Norwegian,norwegian,D_log
11377,2.2615635750871936,-1.7930056982961098,Norwegian,norwegian,D_log
11378,2.3802268858141145,-1.7154721177233971,Norwegian,norwegian,D_log
11379,1.4752241101375096,-3.2294982120182114,Norwegian,norwegian,D_log
11380,-0.6052290711845346,-6.9605175057028195,Norwegian,norwegian,D_log
11381,1.1230859384102554,-3.6060902048735954,Norwegian,norwegian,D_log
11382,-0.6772893460268685,1.0955687179550917,Norwegian,norwegian,D_log
11383,3.341911458891127,0.15476270077187948,Norwegian,norwegian,D_log
11384,3.549500152782597,5.196340198433186,Norwegian,norwegian,D_log
11385,2.932853550047012,5.849634715984344,Norwegian,norwegian,D_log
11386,-0.42536595432634666,-0.05906015472229709,Norwegian,norwegian,D_log
11387,-0.7904297322483755,-3.4823953355043815,Norwegian,norwegian,D_log
11388,0.5035944087115898,-0.8713501960728067,Norwegian,norwegian,D_log
11389,0.6396623281224761,-0.8274902952139824,Norwegian,norwegian,D_log
11390,-0.8042085885775389,-0.883282594926154,Norwegian,norwegian,D_log
11391,1.5136197053645088,4.667241670282601,Norwegian,norwegian,D_log
11392,0.8894154696374623,-0.46942311057177094,Norwegian,norwegian,D_log
11393,-0.41429375128889556,-0.7488313715408765,Norwegian,norwegian,D_log
11394,-2.536654350348409,-4.282704295778249,Norwegian,norwegian,D_log
11395,0.9730230022442143,2.240383817087932,Norwegian,norwegian,D_log
11396,-1.3692090738552047,-1.1724095205259921,Norwegian,norwegian,D_log
11397,0.34766579660298264,2.002234552499479,Norwegian,norwegian,D_log
11398,1.3530233267251044,10.928501125976311,Norwegian,norwegian,D_log
11399,1.0075096121773526,7.810489197885913,Norwegian,norwegian,D_log
11400,2.827849113141832,8.565288048695928,Norwegian,norwegian,D_log
11401,3.1071540013914585,2.731533282119018,Norwegian,norwegian,D_log
11402,-3.4391907527838987,-3.48156547440163,Norwegian,norwegian,D_log
11403,0.46222150890230024,0.667155562163397,Norwegian,norwegian,D_log
11404,-0.9542994736895791,7.428690199522379,Norwegian,norwegian,D_log
11405,2.2528203695796534,5.543022074580506,Norwegian,norwegian,D_log
11406,-1.384150167310125,0.3324342200149898,Norwegian,norwegian,D_log
11407,-0.544009763805163,0.9680845436474624,Norwegian,norwegian,D_log
11408,-0.16037391636709414,12.787529422280558,Norwegian,norwegian,D_log
11409,-0.6182771929583097,-0.10224535395860362,Norwegian,norwegian,D_log
11410,0.8235329373698702,5.995096453737696,Norwegian,norwegian,D_log
11411,-2.2339597671688995,5.8461246477260636,Norwegian,norwegian,D_log
11412,-0.6583996867850634,2.3806012125038154,Norwegian,norwegian,D_log
11413,-0.8002220824254214,2.816042379813023,Norwegian,norwegian,D_log
11414,1.765365128767774,-3.8615548907632453,Norwegian,norwegian,D_log
11415,0.7032492728079507,-0.7790927514693782,Norwegian,norwegian,D_log
11416,0.823459327091205,-1.3976475550681116,Norwegian,norwegian,D_log
11417,-1.4181340748154976,2.592196562498966,Norwegian,norwegian,D_log
11418,-1.7373920592713303,3.261553782966174,Norwegian,norwegian,D_log
11419,-0.21393862630496158,-3.996421811164769,Norwegian,norwegian,D_log
11420,3.0063824405347623,1.3822045696806526,Norwegian,norwegian,D_log
11421,2.762983986442378,0.03594908653162143,Norwegian,norwegian,D_log
11422,0.15154433094345632,-3.4287541327839155,Norwegian,norwegian,D_log
11423,1.000582702606249,1.6975991445542915,Norwegian,norwegian,D_log
11424,-3.861384717701819,2.1589486712558976,Norwegian,norwegian,D_log
11425,0.49275241114708046,-5.515888793195796,Norwegian,norwegian,D_log
11426,-1.9427233143582339,0.3246861819690854,Norwegian,norwegian,D_log
11427,-3.212046335164623,-2.97321792466901,Norwegian,norwegian,D_log
11428,2.7764528610693278,-2.049601542049908,Norwegian,norwegian,D_log
11429,0.43155117053805275,0.5754037773512417,Norwegian,norwegian,D_log
11430,-1.8588756536300592,1.3131168595397942,Norwegian,norwegian,D_log
11431,-2.0450995400396375,1.6739961660766483,Norwegian,norwegian,D_log
11432,-0.9563945203342317,-4.472875144176571,Norwegian,norwegian,D_log
11433,-0.06875320691256769,-0.7398402478545315,Norwegian,norwegian,D_log
11434,1.2948514084053655,-0.6186869145407132,Norwegian,norwegian,D_log
11435,-0.6812848371557971,-0.2986730609407746,Norwegian,norwegian,D_log
11436,-1.5288983902191828,1.1172629292134872,Norwegian,norwegian,D_log
11437,-1.2131918774222834,-0.2242774745603443,Norwegian,norwegian,D_log
11438,0.9761436867371722,-0.7649181235975506,Norwegian,norwegian,D_log
11439,1.4473300531004065,4.971563789401744,Norwegian,norwegian,D_log
11440,0.18084279032688547,-2.8734020023792843,Norwegian,norwegian,D_log
11441,-0.6302505785659201,-1.5952744515117363,Norwegian,norwegian,D_log
11442,-2.9029409809431383,0.8107071479758874,Norwegian,norwegian,D_log
11443,-2.9615153273516017,6.247554689909192,Norwegian,norwegian,D_log
11444,-3.504315210289089,-1.2614771868638828,Norwegian,norwegian,D_log
11445,0.9312309586336853,-1.1569562948996421,Norwegian,norwegian,D_log
11446,0.2678334373870514,-0.33711509140213036,Norwegian,norwegian,D_log
11447,-0.5791537152704829,0.18763934399811572,Norwegian,norwegian,D_log
11448,0.44973484069976577,6.199745528190326,Norwegian,norwegian,D_log
11449,2.547803220413873,1.0955684789681932,Norwegian,norwegian,D_log
11450,1.213654115696664,-3.7173861228354474,Norwegian,norwegian,D_log
11451,-0.9676984648076852,8.947310713804661,Norwegian,norwegian,D_log
11452,-0.6411652851955097,4.024081576178373,Norwegian,norwegian,D_log
11453,1.7440219946898925,-2.516037214139943,Norwegian,norwegian,D_log
11454,-0.4411664684782499,3.47986375886694,Norwegian,norwegian,D_log
11455,1.3556676146241076,-0.5115232361171416,Norwegian,norwegian,D_log
11456,0.7494571555840928,-5.8580690318482445,Norwegian,norwegian,D_log
11457,-2.9570630759107512,-0.8612112872799962,Norwegian,norwegian,D_log
11458,1.3965651097663025,-3.045519180563759,Norwegian,norwegian,D_log
11459,-0.36985636621310847,7.807032762470386,Norwegian,norwegian,D_log
11460,3.98114224774098,-1.40768251798527,Norwegian,norwegian,D_log
11461,0.20874006971989276,8.264655111864542,Norwegian,norwegian,D_log
11462,1.620906503443417,-7.628013369216088,Norwegian,norwegian,D_log
11463,-5.689182187420315,-2.9925244756660154,Norwegian,norwegian,D_log
11464,1.5714041130182608,-0.973525623506191,Norwegian,norwegian,D_log
11465,1.235421980284384,-0.07352292297728835,Norwegian,norwegian,D_log
11466,1.2166435919479834,3.4750630917906693,Norwegian,norwegian,D_log
11467,0.3521514023413488,2.260920363829652,Norwegian,norwegian,D_log
11468,-2.355545363279481,2.272181959432074,Norwegian,norwegian,D_log
11469,-0.4270861175199904,-2.0310310397909723,Norwegian,norwegian,D_log
11470,-1.7118372454540385,-2.1768936191751553,Norwegian,norwegian,D_log
11471,4.8895821873053364,9.388183001108114,Norwegian,norwegian,D_log
11472,2.203807916751327,6.674133453119791,Norwegian,norwegian,D_log
11473,-0.2213410467734678,2.108008521746815,Norwegian,norwegian,D_log
11474,-0.28274452566482783,-4.196634964198317,Norwegian,norwegian,D_log
11475,0.15028409369128087,0.3997578603707429,Norwegian,norwegian,D_log
11476,0.9191298200309641,-1.3445396088219836,Norwegian,norwegian,D_log
11477,-1.177342740092204,-4.273437688021559,Norwegian,norwegian,D_log
11478,-0.6252360101959183,2.7930829910009183,Norwegian,norwegian,D_log
11479,1.2144254980527875,4.310518231962835,Norwegian,norwegian,D_log
11480,0.44242542555293746,-0.08613794882803816,Norwegian,norwegian,D_log
11481,2.9662716300287824,1.95792663182706,Norwegian,norwegian,D_log
11482,4.846251170493571,9.165445546123308,Norwegian,norwegian,D_log
11483,-1.899521248737432,-0.9418305495894186,Norwegian,norwegian,D_log
11484,0.2899085498727122,4.03793155645786,Norwegian,norwegian,D_log
11485,-0.7074772389919983,5.910181556961953,Norwegian,norwegian,D_log
11486,5.6835600208067465,12.652991751220615,Norwegian,norwegian,D_log
11487,-0.39935260239178705,-5.137081505374891,Norwegian,norwegian,D_log
11488,2.0951728442442517,5.317887594022528,Norwegian,norwegian,D_log
11489,0.2679923766452326,-1.6476378728646737,Norwegian,norwegian,D_log
11490,0.5412056904288807,-1.754858885839322,Norwegian,norwegian,D_log
11491,-2.37667974410054,1.3477951821806973,Norwegian,norwegian,D_log
11492,2.9774707281551107,4.37619121650423,Norwegian,norwegian,D_log
11493,-5.422953553197716,-0.21302533458889705,Norwegian,norwegian,D_log
11494,2.4489776660065337,7.4046351012548834,Norwegian,norwegian,D_log
11495,-2.5446266367372825,-5.96303768251885,Norwegian,norwegian,D_log
11496,2.2968422412059835,-2.686178300344191,Norwegian,norwegian,D_log
11497,-0.24980232862240717,2.2695968844077776,Norwegian,norwegian,D_log
11498,1.7110254795937174,-3.8804184883476727,Norwegian,norwegian,D_log
11499,-1.6757315021060992,2.5354341587246694,Norwegian,norwegian,D_log
11500,2.2937185839467724,-0.6497466695765595,Norwegian,norwegian,D_log
11501,2.9571767120902828,-3.9179784149826347,Norwegian,norwegian,D_log
11502,-1.030184474092441,4.635337480854371,Norwegian,norwegian,D_log
11503,-1.1604086330127281,2.358904521335653,Norwegian,norwegian,D_log
11504,-0.9286050302302299,-0.18453043334761754,Norwegian,norwegian,D_log
11505,-0.6303543542105626,0.1559152324147836,Norwegian,norwegian,D_log
11507,-0.6071520274384289,-6.523199775190992,Norwegian,norwegian,D_log
11510,-0.11746628612027496,-0.02750037733455367,Norwegian,norwegian,D_log
11513,0.5610759921754402,2.715196141419979,Norwegian,norwegian,D_log
11514,0.3587451490776059,0.8885798631025679,Norwegian,norwegian,D_log
11515,1.3882491077241004,13.295978580005322,Norwegian,norwegian,D_log
11518,-2.15520791555011,-2.765194313097302,Norwegian,norwegian,D_log
11519,0.16615819373897364,-2.7949539801710244,Norwegian,norwegian,D_log
11520,3.1994623430367573,-1.7978595169421006,Norwegian,norwegian,D_log
11522,1.8186184857104304,2.6896711883249407,Norwegian,norwegian,D_log
11524,1.6650525752905425,1.7852710717506226,Norwegian,norwegian,D_log
11526,2.248273940217108,-0.18084247062661296,Norwegian,norwegian,D_log
11527,1.5559378091472915,7.710640420729636,Norwegian,norwegian,D_log
11528,-0.4569514843004659,-3.9985009777768443,Norwegian,norwegian,D_log
11529,-4.184359933882158,-7.0101338557909205,Norwegian,norwegian,D_log
11530,-2.828981672789206,-14.3565123317966,Norwegian,norwegian,D_log
11533,-2.2443245941449113,-3.1203957060505707,Norwegian,norwegian,D_log
11535,1.2160894160935125,7.775740657890567,Norwegian,norwegian,D_log
11536,0.14901235961207532,-6.017588103175772,Norwegian,norwegian,D_log
11539,-2.054464978096031,2.738941552408252,Norwegian,norwegian,D_log
11541,-0.028998056525804134,-0.27902784708945483,Norwegian,norwegian,D_log
11543,-0.47816873769551976,1.3456083515252262,Norwegian,norwegian,D_log
11545,-1.3257987868436982,-0.30216789956531187,Norwegian,norwegian,D_log
11546,2.0041683426053924,1.0528747355629133,Norwegian,norwegian,D_log
11550,-0.8961426838850352,-6.280951282566085,Norwegian,norwegian,D_log
11554,-2.81152449069335,-4.689538835124173,Norwegian,norwegian,D_log
11560,2.5787214468870543,3.4587119812078275,Norwegian,norwegian,D_log
11561,5.127170185365465,-4.3489023400396905,Norwegian,norwegian,D_log
11563,0.14694764018228923,3.052935059606317,Norwegian,norwegian,D_log
11566,-1.121178129017754,-0.8420769895860751,Norwegian,norwegian,D_log
11569,2.1096362973133163,-2.841877899360668,Norwegian,norwegian,D_log
11570,3.51050188278051,6.025466377521526,Norwegian,norwegian,D_log
11573,1.806454691486772,-3.5911291320231182,Norwegian,norwegian,D_log
11574,-1.338612960885109,-2.952927850281505,Norwegian,norwegian,D_log
11575,0.7698581558149198,5.093384242184884,Norwegian,norwegian,D_log
11576,3.043299094925144,10.750384334601042,Norwegian,norwegian,D_log
11580,-0.1558936340986526,-8.59953539775694,Norwegian,norwegian,D_log
11581,-2.711488763317115,-3.627161599431699,Norwegian,norwegian,D_log
11582,1.157497120448513,-1.0577936442373945,Norwegian,norwegian,D_log
11583,1.9380019032401117,-0.7793250609126798,Norwegian,norwegian,D_log
11585,2.8616869849627427,7.7930289815905915,Norwegian,norwegian,D_log
11586,0.29387257419351775,-2.1114912180002205,Norwegian,norwegian,D_log
11587,1.3982196504298727,-2.933614141591553,Norwegian,norwegian,D_log
11588,-0.8903020616176378,-4.376511647935246,Norwegian,norwegian,D_log
11589,-2.302522640690949,-2.8369112498733777,Norwegian,norwegian,D_log
11591,0.9496329954892745,5.65947583174275,Norwegian,norwegian,D_log
11592,4.418036539629228,15.517831379233161,Norwegian,norwegian,D_log
11594,-0.07009457748139186,-2.02435822707217,Norwegian,norwegian,D_log
11595,1.3755181972591686,-4.287357790244195,Norwegian,norwegian,D_log
11596,-0.25582107593934594,2.0706866609152614,Norwegian,norwegian,D_log
11597,-0.06945657520336974,-2.1658738721278015,Norwegian,norwegian,D_log
11598,3.618075470781019,2.5061117695755524,Norwegian,norwegian,D_log
11602,-1.0105533371746396,1.1686773159991726,Norwegian,norwegian,D_log
11605,0.02316662815304964,-5.099402117966533,Norwegian,norwegian,D_log
11606,-2.0161772266682862,3.680938967783346,Norwegian,norwegian,D_log
11607,-4.072109137402092,4.051577317045973,Norwegian,norwegian,D_log
11608,-0.3877478995413192,6.114617617248501,Norwegian,norwegian,D_log
11610,-1.2008262387663773,-27.764179795976375,Norwegian,norwegian,D_log
11611,-0.3157036835348684,-1.4768180059564302,Norwegian,norwegian,D_log
11612,0.5105564432230139,1.653595633943988,Norwegian,norwegian,D_log
11615,-1.7578125026609999,-19.29846531464203,Norwegian,norwegian,D_log
11618,0.2786647348366533,11.382358637721248,Norwegian,norwegian,D_log
11620,-2.5337608301777386,-8.56278993855901,Norwegian,norwegian,D_log
11621,2.099254745944747,-2.829102520227486,Norwegian,norwegian,D_log
11622,1.2798924975523678,0.2800614127152181,Norwegian,norwegian,D_log
11623,0.20528458807387037,2.115911643897064,Norwegian,norwegian,D_log
11630,-0.8329066602716106,2.0629337890231385,Norwegian,norwegian,D_log
11631,-0.20702572327248828,-0.08630149011306903,Norwegian,norwegian,D_log
11632,-0.9794015313439701,1.7320558617490676,Norwegian,norwegian,D_log
11634,-1.3269349641866919,-9.141550176724133,Norwegian,norwegian,D_log
11635,0.7486302161363626,-2.671121933751623,Norwegian,norwegian,D_log
11638,-0.4882446801065856,1.3329741266185682,Norwegian,norwegian,D_log
11640,1.0219475582844453,-4.194361606310689,Norwegian,norwegian,D_log
11641,-1.139341870377124,-3.884914954176213,Norwegian,norwegian,D_log
11643,-3.688528510124661,2.593248060649474,Norwegian,norwegian,D_log
11644,2.22088550752455,4.208015279027177,Norwegian,norwegian,D_log
11651,1.4912949800813982,1.0185208066998965,Norwegian,norwegian,D_log
11652,3.565321286213724,0.16975988843878653,Norwegian,norwegian,D_log
11653,1.5227230473096636,0.25125734901833185,Norwegian,norwegian,D_log
11655,0.11722176688022008,1.526628820923528,Norwegian,norwegian,D_log
11656,1.1953319607328439,6.159377333362084,Norwegian,norwegian,D_log
11661,3.8042832545572356,6.372937094461422,Norwegian,norwegian,D_log
11662,-2.6551202276954267,1.7313437660705346,Norwegian,norwegian,D_log
11666,0.5657161503936906,-0.924187705738222,Norwegian,norwegian,D_log
11668,0.15382848892035256,-11.234160481190349,Norwegian,norwegian,D_log
11669,-1.8648677514873895,3.723259932007128,Norwegian,norwegian,D_log
11670,2.672197104931128,-5.818717146998509,Norwegian,norwegian,D_log
11671,-0.8525813409652558,-5.688452616101609,Norwegian,norwegian,D_log
11672,-0.9079943535279899,4.247834267141808,Norwegian,norwegian,D_log
11673,-0.774874706182451,-1.2155288629736956,Norwegian,norwegian,D_log
11675,2.603087554716128,1.9887534013581982,Norwegian,norwegian,D_log
11676,2.092041800108761,-1.1120103865686577,Norwegian,norwegian,D_log
11677,-1.4150448103665034,-1.0647582389297736,Norwegian,norwegian,D_log
11678,0.6553621257292515,-4.161372998211875,Norwegian,norwegian,D_log
11682,1.1337678087108392,0.8359291561826676,Norwegian,norwegian,D_log
11683,0.4776070378944741,3.8218211137690266,Norwegian,norwegian,D_log
11690,5.164298674347473,10.071964610971921,Norwegian,norwegian,D_log
11691,-1.9383076827655654,-8.730979706082858,Norwegian,norwegian,D_log
11693,2.7849446666627053,-0.6208151740414141,Norwegian,norwegian,D_log
11694,3.1068748976373666,1.6858491675720284,Norwegian,norwegian,D_log
11697,-1.998807243114568,-3.6137602821669326,Norwegian,norwegian,D_log
11699,0.4391736493874556,-2.046475523756591,Norwegian,norwegian,D_log
11700,-7.258087553181362,-7.373874099199793,Norwegian,norwegian,D_log
11701,1.3789591088973177,-5.56174122781439,Norwegian,norwegian,D_log
11702,1.6400247794087064,-1.2970117757509407,Norwegian,norwegian,D_log
11703,-0.7109602004064194,-1.3537150388394328,Norwegian,norwegian,D_log
11705,-2.3896445555970525,7.1302934684259744,Norwegian,norwegian,D_log
11706,-2.0502769079420506,0.2282239496336631,Norwegian,norwegian,D_log
11708,1.989400748595533,-0.6442445111728619,Norwegian,norwegian,D_log
11710,1.305396039293032,-3.878953203459094,Norwegian,norwegian,D_log
11713,1.6282842538630158,4.9039277801840075,Norwegian,norwegian,D_log
11714,-2.8734261973321993,2.3080930947736733,Norwegian,norwegian,D_log
11716,-0.4802509383848243,-0.03425283132042095,Norwegian,norwegian,D_log
11720,3.1022432658346983,11.27476832169547,Norwegian,norwegian,D_log
11724,0.8030816579908476,-0.7907765365516928,Norwegian,norwegian,D_log
11728,1.4624637704956642,6.086328168246331,Norwegian,norwegian,D_log
11729,2.1308799618401806,4.513865399527342,Norwegian,norwegian,D_log
11731,0.729911482915916,8.26516703500015,Norwegian,norwegian,D_log
11733,-0.3498128398498216,0.5516026798322378,Norwegian,norwegian,D_log
11734,0.6027137136658842,-3.967545591215379,Norwegian,norwegian,D_log
11735,-4.776879164075257,-10.950484703431062,Norwegian,norwegian,D_log
11741,-0.2822262890340395,11.557980509800432,Norwegian,norwegian,D_log
11743,1.896348946250272,-3.002311762653335,Norwegian,norwegian,D_log
11744,-1.407506033096645,-13.220004944884439,Norwegian,norwegian,D_log
11746,-3.0109139612960982,-7.114852434036292,Norwegian,norwegian,D_log
11747,1.2322294180015754,7.968381657930622,Norwegian,norwegian,D_log
11748,4.160239529511215,13.566585755058835,Norwegian,norwegian,D_log
11750,0.3252052756202499,4.9295904988490555,Norwegian,norwegian,D_log
11756,-3.5927340266483494,-2.5196463151978232,Norwegian,norwegian,D_log
11757,-5.57425031847443,-7.233848731768147,Norwegian,norwegian,D_log
11762,-2.8685063873633103,-4.895218161553664,Norwegian,norwegian,D_log
11763,0.5617336550949685,7.312118189637522,Norwegian,norwegian,D_log
11766,-1.5697679875189672,-10.41355236361764,Norwegian,norwegian,D_log
11767,-1.6145962921166799,-3.2182682819658646,Norwegian,norwegian,D_log
11768,0.5562338299952837,-4.904296798350465,Norwegian,norwegian,D_log
11774,0.03975894174223405,6.615209402138135,Norwegian,norwegian,D_log
11775,1.1542410529180533,7.2402040149695885,Norwegian,norwegian,D_log
11776,-0.7889485908088137,2.18846454519483,Norwegian,norwegian,D_log
11777,1.7037414337338126,3.243539805471288,Norwegian,norwegian,D_log
11778,2.3647383735794425,-7.9932297500515075,Norwegian,norwegian,D_log
11782,-1.2976351829555564,-0.9924441529467711,Norwegian,norwegian,D_log
11785,-1.3934280973365583,3.746072741748951,Norwegian,norwegian,D_log
11789,-0.3705716056855072,-2.0818257860778906,Norwegian,norwegian,D_log
11791,0.589582985713839,-3.8376001599761387,Norwegian,norwegian,D_log
11796,0.830495673078802,2.8727518868548096,Norwegian,norwegian,D_log
11797,3.2720042777810394,5.0556338778008865,Norwegian,norwegian,D_log
11798,0.4507743044434841,-5.421111498684828,Norwegian,norwegian,D_log
11799,1.4838453917115426,-11.966003603171222,Norwegian,norwegian,D_log
11801,1.9021423204754997,1.1374200518187512,Norwegian,norwegian,D_log
11802,-1.4967733426759295,-0.4856144531601079,Norwegian,norwegian,D_log
11803,0.8279147573941044,7.518367667960371,Norwegian,norwegian,D_log
11808,3.085380214620254,-6.243689180868401,Norwegian,norwegian,D_log
11813,-1.0530205075464634,-3.3578852198014406,Norwegian,norwegian,D_log
11814,0.798406903542034,-1.1670368906730328,Norwegian,norwegian,D_log
11815,-0.44204271522765665,-0.09492702145454396,Norwegian,norwegian,D_log
11823,-5.230318070821746,-0.5120531161043376,Norwegian,norwegian,D_log
11824,-0.41479932951895077,-0.7150994117498994,Norwegian,norwegian,D_log
11826,1.9538751543588424,-0.03766262647400809,Norwegian,norwegian,D_log
11833,1.9003647079889656,-1.4010649157683064,Norwegian,norwegian,D_log
11836,-0.7745272050196055,3.6903221771554966,Norwegian,norwegian,D_log
11837,-2.86447341569055,-5.58230586973222,Norwegian,norwegian,D_log
11844,-2.22180427981102,-6.336038041345708,Norwegian,norwegian,D_log
11845,4.331059012215784,-5.571941758119371,Norwegian,norwegian,D_log
11849,2.3110536029255417,3.4425566068849665,Norwegian,norwegian,D_log
11853,1.879210672174526,-1.1389874262945336,Norwegian,norwegian,D_log
11855,3.194282414092257,-6.701662673151564,Norwegian,norwegian,D_log
11856,0.6156853801960229,-0.599446799293007,Norwegian,norwegian,D_log
11858,-1.7249395733391486,-0.6249607596526561,Norwegian,norwegian,D_log
11859,2.4859088971187355,0.7077995230257188,Norwegian,norwegian,D_log
11860,1.892840486244401,-2.0781278305654713,Norwegian,norwegian,D_log
11861,-0.27277920661228894,2.6460818245671867,Norwegian,norwegian,D_log
11865,-1.2479603079983546,10.51714802604456,Norwegian,norwegian,D_log
11868,4.522055588664749,-3.8852645929952514,Norwegian,norwegian,D_log
11869,-3.681251433807249,-2.769616984754456,Norwegian,norwegian,D_log
11871,-0.991659437653577,-3.7764606534069056,Norwegian,norwegian,D_log
11873,1.525187203013953,1.567333455287633,Norwegian,norwegian,D_log
11874,1.542564651950182,-10.562563630926217,Norwegian,norwegian,D_log
11879,-0.47824206071129877,3.6580035332094787,Norwegian,norwegian,D_log
11880,4.208101162560932,12.896758175348957,Norwegian,norwegian,D_log
11885,1.2532964407397569,-5.906317199760292,Norwegian,norwegian,D_log
11886,-2.4670454874105636,-1.7803395888333018,Norwegian,norwegian,D_log
11887,1.6902646598792053,0.25142038085070095,Norwegian,norwegian,D_log
11888,1.4952919607279291,2.986327675312797,Norwegian,norwegian,D_log
11890,0.029018631520731034,-2.3441795716973415,Norwegian,norwegian,D_log
11892,3.1446272763187144,2.914642628461553,Norwegian,norwegian,D_log
11893,-2.475014160004806,-3.2928106253955254,Norwegian,norwegian,D_log
11895,1.2805820858915369,-5.544130997812032,Norwegian,norwegian,D_log
11897,0.425599026890121,-6.042898486117652,Norwegian,norwegian,D_log
11901,0.8623271220256038,-6.50324073444721,Norwegian,norwegian,D_log
11905,0.9610123181449957,5.407421546830887,Norwegian,norwegian,D_log
11906,-0.2988429934105307,0.5370771039089947,Norwegian,norwegian,D_log
11908,-2.606721984182658,0.19280647804608742,Norwegian,norwegian,D_log
11910,1.6145129104265714,2.6536103262448574,Norwegian,norwegian,D_log
11915,1.8205316874497761,-4.040486087334494,Norwegian,norwegian,D_log
11916,1.6954615456742907,1.613295369290424,Norwegian,norwegian,D_log
11917,5.599288395425664,-0.8220808027962998,Norwegian,norwegian,D_log
11918,-1.2062536621224733,-1.6097468947398683,Norwegian,norwegian,D_log
11920,1.2533721581736939,0.0072703441297914395,Norwegian,norwegian,D_log
11922,2.154442126555529,-2.9273048035873575,Norwegian,norwegian,D_log
11923,-1.6621185269323788,-2.587787697415698,Norwegian,norwegian,D_log
11927,2.7244761478628914,-1.3470587369947686,Norwegian,norwegian,D_log
11928,-0.3660091368277222,-2.2520523417826315,Norwegian,norwegian,D_log
11929,-1.1127613871265982,4.402915112736197,Norwegian,norwegian,D_log
11931,2.4875492942915205,2.9630993581438316,Norwegian,norwegian,D_log
11933,-2.0247653651918363,-4.536625862488524,Norwegian,norwegian,D_log
11935,1.0037721998360216,-1.3480480277322968,Norwegian,norwegian,D_log
11938,0.45787734974936223,2.1654098212721724,Norwegian,norwegian,D_log
11939,3.0691203901711543,1.8345527345834611,Norwegian,norwegian,D_log
11940,-0.6869178228723576,-1.1746365070322824,Norwegian,norwegian,D_log
11941,-0.7589975367308186,-2.343634968949988,Norwegian,norwegian,D_log
11943,-1.315646587897255,-2.0156020790910825,Norwegian,norwegian,D_log
11944,-1.5734182827410466,0.5562572030500035,Norwegian,norwegian,D_log
11946,1.451441961869428,8.127519359456661,Norwegian,norwegian,D_log
11953,-2.325168321716693,-5.209370219060751,Norwegian,norwegian,D_log
11955,-0.7907344395387408,-3.2379890116410888,Norwegian,norwegian,D_log
11959,2.714386827316594,12.537165834264217,Norwegian,norwegian,D_log
11960,-2.1616699425209616,-3.249544026702699,Norwegian,norwegian,D_log
11964,2.5946716221327946,-3.9820726937877016,Norwegian,norwegian,D_log
11966,1.3604617575991063,-1.739487085013916,Norwegian,norwegian,D_log
11969,1.4786374888500822,-1.532181525821438,Norwegian,norwegian,D_log
11970,1.8908581747753974,1.3306803344334257,Norwegian,norwegian,D_log
11971,2.7152542066439427,17.95183750811878,Norwegian,norwegian,D_log
11972,6.787268985498501,35.66818831828093,Norwegian,norwegian,D_log
11976,1.2205039442841998,8.291425406107027,Norwegian,norwegian,D_log
11981,0.7570737948383739,-8.119276619823959,Norwegian,norwegian,D_log
11982,0.6545781247794299,2.2269204741827364,Norwegian,norwegian,D_log
11983,1.636845457792988,0.8640639802926358,Norwegian,norwegian,D_log
11984,-1.9794413993845494,-7.764578875952463,Norwegian,norwegian,D_log
11985,2.25276136887963,0.21479446995487228,Norwegian,norwegian,D_log
11988,2.7872847790448607,4.799161521616454,Norwegian,norwegian,D_log
11989,-0.2763057148634787,-4.132203185575626,Norwegian,norwegian,D_log
11991,3.249542427624461,-8.978307655235843,Norwegian,norwegian,D_log
11993,4.167094642586904,11.57373177094644,Norwegian,norwegian,D_log
11996,-2.253247180615831,-4.526217007388036,Norwegian,norwegian,D_log
11998,-0.789652414466968,3.0716691369547706,Norwegian,norwegian,D_log
11999,1.7476489722424993,0.739296347943379,Norwegian,norwegian,D_log
12000,-1.8341288436401353,-2.266870281715388,Norwegian,norwegian,D_log
12001,6.98985405931366,20.91116155197237,Norwegian,norwegian,D_log
12003,-1.3896060422582799,2.036751304047447,Norwegian,norwegian,D_log
12005,-2.5013827200691297,-10.140035042787252,Norwegian,norwegian,D_log
12010,-0.454894267937573,-5.4826180018574515,Norwegian,norwegian,D_log
12012,-0.15278287782321484,-1.3977955433489537,Norwegian,norwegian,D_log
12013,-0.35042334299147804,2.8219821499726665,Norwegian,norwegian,D_log
12017,-2.1837348485443946,-3.7533035515548807,Norwegian,norwegian,D_log
12020,1.8907307071209962,3.6851758249607918,Norwegian,norwegian,D_log
12024,0.6943193764140406,-4.312100964378368,Norwegian,norwegian,D_log
12027,0.7740877415357542,1.9600309153319007,Norwegian,norwegian,D_log
12030,-2.544134368620003,0.5433484410677825,Norwegian,norwegian,D_log
12034,1.4697637492940125,10.46412713900484,Norwegian,norwegian,D_log
12036,0.29660114034030777,-2.425393729263119,Norwegian,norwegian,D_log
12038,1.97915026262974,-4.454745220767573,Norwegian,norwegian,D_log
12039,-0.5474990655410527,1.3837461670359599,Norwegian,norwegian,D_log
12040,2.2954581280476583,-2.725531141529298,Norwegian,norwegian,D_log
12043,1.1004364179230048,-8.895233738158788,Norwegian,norwegian,D_log
12047,2.063026023268897,-3.371015560323052,Norwegian,norwegian,D_log
12048,1.321006756937534,4.114912794921992,Norwegian,norwegian,D_log
12055,0.5630678898515981,-2.500048431166356,Norwegian,norwegian,D_log
12056,2.729174537637096,10.97823485104495,Norwegian,norwegian,D_log
12057,-0.8460518199047082,12.585730812091532,Norwegian,norwegian,D_log
12058,-0.9535635958167255,6.21984178820386,Norwegian,norwegian,D_log
12060,1.547493055383846,-5.1870345673865845,Norwegian,norwegian,D_log
12064,2.5117895165892534,-0.6713450305399713,Norwegian,norwegian,D_log
12066,0.33241145785007437,0.4320967008288143,Norwegian,norwegian,D_log
12070,-0.4882891216084525,1.8421188071816983,Norwegian,norwegian,D_log
12071,0.9129878888425645,3.267654956490241,Norwegian,norwegian,D_log
12075,-1.1282125908837284,2.547873564882003,Norwegian,norwegian,D_log
12076,2.923794477885937,0.7497405871348262,Norwegian,norwegian,D_log
12077,-2.1998023962268145,-2.4862563393583095,Norwegian,norwegian,D_log
12078,-3.416787055576426,-2.38112219772421,Norwegian,norwegian,D_log
12079,1.9865191140570397,0.3941922416824992,Norwegian,norwegian,D_log
12083,1.026288315269882,-4.07110856518296,Norwegian,norwegian,D_log
12084,3.5664977686104002,-8.314002876725645,Norwegian,norwegian,D_log
12087,-0.9605744483534736,-1.5925536366878685,Norwegian,norwegian,D_log
12098,-1.5617523597775689,-1.624440148210634,Norwegian,norwegian,D_log
12101,1.362714332080508,-1.9941480114799912,Norwegian,norwegian,D_log
12102,2.08741448060223,-0.9736313474678512,Norwegian,norwegian,D_log
12103,3.370341591878537,-0.30881529455476686,Norwegian,norwegian,D_log
12104,2.7324917341092902,3.3093473989533986,Norwegian,norwegian,D_log
12105,-0.6215274520352324,0.04391463850516508,Norwegian,norwegian,D_log
12108,-0.8170884097233424,-2.2144981021964485,Norwegian,norwegian,D_log
12110,2.9111814760150256,4.528050049343204,Norwegian,norwegian,D_log
12111,0.3157807947001571,1.861189366953999,Norwegian,norwegian,D_log
12114,2.032601616983176,8.257855616415922,Norwegian,norwegian,D_log
12115,-1.595006346171663,-1.5991117002670139,Norwegian,norwegian,D_log
12117,-2.800517922336647,-25.492875834223636,Norwegian,norwegian,D_log
12119,2.036586860125349,-4.946583136057301,Norwegian,norwegian,D_log
12121,2.7122543305232854,-3.6416477367512265,Norwegian,norwegian,D_log
12122,-5.042724049789499,8.90135871939251,Norwegian,norwegian,D_log
12123,0.3423111249187251,5.140936191790887,Norwegian,norwegian,D_log
12126,1.8897702707492596,-3.438218850615975,Norwegian,norwegian,D_log
12130,1.1504523667912752,1.8991799017207187,Norwegian,norwegian,D_log
12131,-0.1537436166817173,-2.7724161545102026,Norwegian,norwegian,D_log
12134,-5.087846540075543,8.237579415250107,Norwegian,norwegian,D_log
12135,-0.07026608277540407,4.982741567124876,Norwegian,norwegian,D_log
12136,0.3772699863553835,-0.5637267056278507,Norwegian,norwegian,D_log
12139,0.7766433036974559,-3.492673972253396,Norwegian,norwegian,D_log
12140,-0.3238982586833924,2.2259273869670797,Norwegian,norwegian,D_log
12142,-0.9251475877449366,-8.630571825383225,Norwegian,norwegian,D_log
12143,0.9296328572026751,-2.9289588973409493,Norwegian,norwegian,D_log
12144,0.4752287495901586,2.5041843608980012,Norwegian,norwegian,D_log
12145,-0.058953277697998546,4.025403035708154,Norwegian,norwegian,D_log
12146,2.1434613566510143,10.961933516817371,Norwegian,norwegian,D_log
12147,1.0791133556270078,-2.915223970212994,Norwegian,norwegian,D_log
12148,-0.713111913548806,8.950563080126994,Norwegian,norwegian,D_log
12149,0.03007850792260191,-5.792233351861408,Norwegian,norwegian,D_log
12153,-1.0226725829618837,-8.890056335071824,Norwegian,norwegian,D_log
12155,-3.160087716958929,-3.6850920919900227,Norwegian,norwegian,D_log
12157,2.850943402364425,21.286740497702947,Norwegian,norwegian,D_log
12158,1.5680683526896544,1.056366928758083,Norwegian,norwegian,D_log
12159,0.9938646993980956,5.000639613191174,Norwegian,norwegian,D_log
12160,-0.8447687981492079,-4.158499710422004,Norwegian,norwegian,D_log
12163,0.4475141754342274,-1.8136852156843615,Norwegian,norwegian,D_log
12168,-0.5906053992379487,-3.620974196864588,Norwegian,norwegian,D_log
12170,1.0727378701596049,2.2257592653725027,Norwegian,norwegian,D_log
12171,-2.1812128283310455,12.070228443097701,Norwegian,norwegian,D_log
12172,2.802719663409254,-2.422223186844357,Norwegian,norwegian,D_log
12174,1.7590551173806455,2.933710954523143,Norwegian,norwegian,D_log
12176,-6.026556910867933,-7.702260243933283,Norwegian,norwegian,D_log
12177,1.2803093457713846,-4.7068820648908405,Norwegian,norwegian,D_log
12179,2.072370194834927,-0.16605916132971288,Norwegian,norwegian,D_log
12180,3.6988609292612846,3.294812810420535,Norwegian,norwegian,D_log
12185,-0.11976953897537186,-5.0602118146463875,Norwegian,norwegian,D_log
12186,-2.080724819242282,-3.135804795551442,Norwegian,norwegian,D_log
12187,6.88053006453305,26.07810695532156,Norwegian,norwegian,D_log
12189,2.0746002200132554,-2.3689621192833368,Norwegian,norwegian,D_log
12190,1.157145180104418,-14.71159253690722,Norwegian,norwegian,D_log
12192,-2.6499918443564474,4.590543447206363,Norwegian,norwegian,D_log
12194,-0.7294677240735636,0.9873336329030522,Norwegian,norwegian,D_log
12196,2.4883418433209203,1.0785216213103972,Norwegian,norwegian,D_log
12197,-4.336132139478764,-1.1006618177089424,Norwegian,norwegian,D_log
12201,2.1646116727807176,-3.6813241078655174,Norwegian,norwegian,D_log
12204,-3.258503356529692,-0.05066795920408218,Norwegian,norwegian,D_log
12205,-4.8599318711437185,6.860456768478706,Norwegian,norwegian,D_log
12210,-2.990888251133193,-2.406605938957013,Norwegian,norwegian,D_log
12211,3.7907185447753857,4.33045870491253,Norwegian,norwegian,D_log
12212,-0.5282630975874438,-8.338283419379549,Norwegian,norwegian,D_log
12216,0.7664564753479571,5.547393367887893,Norwegian,norwegian,D_log
12219,0.8646208064092684,22.028972228871332,Norwegian,norwegian,D_log
12220,1.8137802190960683,8.425562563654076,Norwegian,norwegian,D_log
12222,2.6288357977198733,2.560466147129451,Norwegian,norwegian,D_log
12227,0.3801158854729302,0.7037757481180085,Norwegian,norwegian,D_log
12229,3.9643841947825047,20.1139549851946,Norwegian,norwegian,D_log
12231,3.9369731190597084,17.588215084746864,Norwegian,norwegian,D_log
12233,2.682204740969192,20.91929812081731,Norwegian,norwegian,D_log
12235,2.1582689733112974,-6.4391918753680075,Norwegian,norwegian,D_log
12238,-1.6618260136980956,2.7392341619672718,Norwegian,norwegian,D_log
12239,-3.809628133496747,-3.5638620744709417,Norwegian,norwegian,D_log
12240,-0.5303525445755349,-5.680575336019976,Norwegian,norwegian,D_log
12242,1.6194112590088987,-8.456752994616451,Norwegian,norwegian,D_log
12243,-2.1736004651631458,0.7630104437126956,Norwegian,norwegian,D_log
12245,4.802072759845753,6.364902281188122,Norwegian,norwegian,D_log
12247,4.25150983661537,8.550749700412268,Norwegian,norwegian,D_log
12249,-2.014455757942449,2.4177033480123873,Norwegian,norwegian,D_log
12250,-2.6118994624887946,0.7964725929308099,Norwegian,norwegian,D_log
12254,0.8602967436470099,-3.038491147057931,Norwegian,norwegian,D_log
12256,0.47211893542834904,-5.968023774430418,Norwegian,norwegian,D_log
12257,-0.04989603355857572,3.389164590915034,Norwegian,norwegian,D_log
12258,-0.36263006945468423,4.7358244670030505,Norwegian,norwegian,D_log
12259,-4.822116402076847,-5.146123205878263,Norwegian,norwegian,D_log
12260,0.23253323804592774,0.8574354767591074,Norwegian,norwegian,D_log
12263,-0.5130362565542966,5.500924823800308,Norwegian,norwegian,D_log
12265,-0.80024638092300715,-0.04075328322971672,Norwegian,norwegian,D_log
12266,-0.15906501299816572,-5.977616579478329,Norwegian,norwegian,D_log
12267,1.1700834612604705,7.175215943303937,Norwegian,norwegian,D_log
12268,-5.454256024581035,5.539614392735922,Norwegian,norwegian,D_log
12270,2.4909046009153735,-0.032949512102783185,Norwegian,norwegian,D_log
12272,1.2517092013709048,0.877557386040613,Norwegian,norwegian,D_log
12274,3.168831860942825,-2.613568202245003,Norwegian,norwegian,D_log
12276,0.26276553156078586,4.54117926818685,Norwegian,norwegian,D_log
12277,-1.1077128439211663,-3.907525017675607,Norwegian,norwegian,D_log
12279,0.8154329205465525,-0.6257602976089917,Norwegian,norwegian,D_log
12281,1.6905204260524491,1.1920838039959611,Norwegian,norwegian,D_log
12282,-0.4142096004664931,-5.035207224609856,Norwegian,norwegian,D_log
12285,-0.7028977212833418,-1.4499446468330723,Norwegian,norwegian,D_log
12288,0.2553934950449673,11.643152899918524,Norwegian,norwegian,D_log
12293,-2.324804304678828,1.7327764449685459,Norwegian,norwegian,D_log
12294,3.2717608715639748,1.2333941142422722,Norwegian,norwegian,D_log
12300,-1.3402956471452396,-2.180657371363598,Norwegian,norwegian,D_log
12302,-0.0451530286912286,-5.006855031165156,Norwegian,norwegian,D_log
12304,2.588376850592339,-1.0909938524253837,Norwegian,norwegian,D_log
12306,-0.3153611368151648,3.034288570385171,Norwegian,norwegian,D_log
12308,0.4380568822484281,3.760259236992829,Norwegian,norwegian,D_log
12312,-1.723495265024538,3.3528691769630776,Norwegian,norwegian,D_log
12314,1.9737939429185751,-2.881570573410718,Norwegian,norwegian,D_log
12315,-3.263801242156908,-3.9821093272849577,Norwegian,norwegian,D_log
12317,-1.9537298337516118,-3.764012591713946,Norwegian,norwegian,D_log
12319,0.23567135309951795,8.458121115049254,Norwegian,norwegian,D_log
12320,-0.5757935836376846,-0.527698866815773,Norwegian,norwegian,D_log
12327,1.1163014036099344,0.5963437350908086,Norwegian,norwegian,D_log
12328,-1.6491965083321156,4.135924807227632,Norwegian,norwegian,D_log
12329,3.2005631068003453,6.20484826315735,Norwegian,norwegian,D_log
12330,-0.641949686941005,1.0902790446196864,Norwegian,norwegian,D_log
12331,-0.3810996087555061,-11.572885764926324,Norwegian,norwegian,D_log
12332,0.7915870517005573,1.4202860419236494,Norwegian,norwegian,D_log
12334,2.1975795169243395,2.182071189611425,Norwegian,norwegian,D_log
12336,2.335385326668839,-7.640277459766589,Norwegian,norwegian,D_log
12337,0.811790321077293,4.85318523410454,Norwegian,norwegian,D_log
12338,-5.561606910553218,-9.851897596901733,Norwegian,norwegian,D_log
12339,-0.5919326930443485,-0.10440935654331063,Norwegian,norwegian,D_log
12341,0.3837388208955308,-5.7962896007896845,Norwegian,norwegian,D_log
12348,-1.4499921904677013,-6.271877002822247,Norwegian,norwegian,D_log
12352,0.48590807168429295,-1.7868253988990264,Norwegian,norwegian,D_log
12355,-3.683058362171494,-7.597294457814652,Norwegian,norwegian,D_log
12356,-1.6851703486341132,-0.5794636608696979,Norwegian,norwegian,D_log
12361,-0.5999510753219959,-2.5802161923946194,Norwegian,norwegian,D_log
12362,-0.4704707397569091,5.899951349793696,Norwegian,norwegian,D_log
12370,3.2119837798294775,2.139425365001309,Norwegian,norwegian,D_log
12372,1.3359544975212296,8.263599743459814,Norwegian,norwegian,D_log
12375,2.2643573518983864,6.917742166345332,Norwegian,norwegian,D_log
12379,2.4308588357487033,0.886354483042828,Norwegian,norwegian,D_log
12380,-4.093456274005098,-6.062335019785591,Norwegian,norwegian,D_log
12381,-1.9494497830397592,0.9186731066559953,Norwegian,norwegian,D_log
12388,0.7577290819732571,4.420840774043955,Norwegian,norwegian,D_log
12389,1.0253429052511913,-1.9494046967155008,Norwegian,norwegian,D_log
12390,-2.050495485383288,1.9809997703232176,Norwegian,norwegian,D_log
12392,0.2811167993954115,9.91065273033684,Norwegian,norwegian,D_log
12393,-4.7104675385995725,12.344250810095797,Norwegian,norwegian,D_log
12394,-0.5687529624995566,9.169340929251838,Norwegian,norwegian,D_log
12395,-2.7671454154557775,3.2566377401266964,Norwegian,norwegian,D_log
12397,5.200977104410918,15.632618978213058,Norwegian,norwegian,D_log
12399,0.7864888037020213,0.8445305261076281,Norwegian,norwegian,D_log
12400,-0.10798332981520987,-4.713851134420737,Norwegian,norwegian,D_log
12405,-1.8608622654901807,2.220810393723692,Norwegian,norwegian,D_log
12408,4.000439830525547,11.843442081425948,Norwegian,norwegian,D_log
12410,-1.111944747633938,5.502980289213341,Norwegian,norwegian,D_log
12411,-0.26123092111003,1.8548621525967308,Norwegian,norwegian,D_log
12412,-0.726361995998247,-2.8016224703798205,Norwegian,norwegian,D_log
12413,0.4031947943376371,4.40694238107486,Norwegian,norwegian,D_log
12417,-0.6149552747512107,-1.2774019355818809,Norwegian,norwegian,D_log
12420,2.048251444767527,-1.9712481536214703,Norwegian,norwegian,D_log
12424,-2.4665640132552653,3.3235254410235995,Norwegian,norwegian,D_log
12425,3.5822383668468345,6.618106509362679,Norwegian,norwegian,D_log
12427,2.9946355890222494,-5.307891626426942,Norwegian,norwegian,D_log
12428,-0.7132842357244422,-3.890340602585984,Norwegian,norwegian,D_log
12429,2.9901543657202425,4.3557894493923275,Norwegian,norwegian,D_log
12430,-1.3115319797855232,-1.0700213713042142,Norwegian,norwegian,D_log
12431,1.5441010538355,9.99829959859437,Norwegian,norwegian,D_log
12434,-3.4106441813014157,-10.776021267100417,Norwegian,norwegian,D_log
12435,0.5217179599101064,-3.206316923008434,Norwegian,norwegian,D_log
12438,1.2538769446020375,-14.22471694667964,Norwegian,norwegian,D_log
12439,-2.5488561091929,9.901000422327977,Norwegian,norwegian,D_log
12440,0.8409667210693983,-4.818547253589125,Norwegian,norwegian,D_log
12441,5.2813728247539995,21.974513501949637,Norwegian,norwegian,D_log
12442,2.890301278128267,-5.537258983544227,Norwegian,norwegian,D_log
12443,-3.356740519244626,8.279713296126982,Norwegian,norwegian,D_log
12445,0.812013408176504,7.352859501950266,Norwegian,norwegian,D_log
12446,3.783831111631099,-2.2514128758984326,Norwegian,norwegian,D_log
12449,1.1951800541925854,4.56052831801845,Norwegian,norwegian,D_log
12451,-3.585602283009559,9.00885576065447,Norwegian,norwegian,D_log
12452,2.2085794064933886,-1.5999754207459993,Norwegian,norwegian,D_log
12457,-2.0151923214857814,-4.879167344235841,Norwegian,norwegian,D_log
12462,0.8781643023461079,-3.563952422700321,Norwegian,norwegian,D_log
12464,0.12918739681716046,0.9235702685757738,Norwegian,norwegian,D_log
12467,-0.07790226661333652,-2.2323028065952086,Norwegian,norwegian,D_log
12468,2.9098248391431643,1.589232491161428,Norwegian,norwegian,D_log
12470,0.34103738147294055,4.266561368053167,Norwegian,norwegian,D_log
12471,2.837968236014149,2.287094458501909,Norwegian,norwegian,D_log
12473,1.7942480078776417,3.4221550807648233,Norwegian,norwegian,D_log
12476,-1.7057334572746548,0.6519992372525064,Norwegian,norwegian,D_log
12477,-2.9245892160265945,-2.7961202255727895,Norwegian,norwegian,D_log
12478,-1.9119069524430996,-3.3139723659175067,Norwegian,norwegian,D_log
12479,-0.10363477841358161,0.9010021694742545,Norwegian,norwegian,D_log
12480,0.5748775696777793,-3.157609115954662,Norwegian,norwegian,D_log
12481,2.043279988692589,6.6036194376298445,Norwegian,norwegian,D_log
12483,2.7497770134881847,-1.1303478728876846,Norwegian,norwegian,D_log
12484,3.5952618768160973,-6.310965100800919,Norwegian,norwegian,D_log
12485,-3.9827855306100326,-16.67198986580997,Norwegian,norwegian,D_log
12491,-0.24628085845025005,6.723480356037933,Norwegian,norwegian,D_log
12492,0.43041285136554813,10.75372350561899,Norwegian,norwegian,D_log
12493,4.084816696174373,-5.109895002660211,Norwegian,norwegian,D_log
12494,-1.7979129058260037,-6.868389982175344,Norwegian,norwegian,D_log
12495,-3.8405128789144762,-6.636126105739167,Norwegian,norwegian,D_log
12496,2.6867356111554432,-5.064656781648875,Norwegian,norwegian,D_log
12500,0.3559482249472613,-4.727432786386863,Norwegian,norwegian,D_log
12502,3.6042735835814184,14.732112568254582,Norwegian,norwegian,D_log
12504,2.2083896394206173,-6.06110611613991,Norwegian,norwegian,D_log
12507,-0.9536023881908656,-6.790240765288248,Norwegian,norwegian,D_log
12509,0.5316034959288523,15.19091353243804,Norwegian,norwegian,D_log
12512,-2.496550456549152,-0.9483369471091683,Norwegian,norwegian,D_log
12513,3.1479074673680874,-8.070608296658737,Norwegian,norwegian,D_log
12516,-4.2423970771521535,-3.405254747942349,Norwegian,norwegian,D_log
12517,-1.8940694445799888,1.4771820433409577,Norwegian,norwegian,D_log
12520,0.3905204914885937,-9.696867035212783,Norwegian,norwegian,D_log
12521,1.096590500767716,-1.9359694520249486,Norwegian,norwegian,D_log
12522,3.2048550848370034,-4.118918420209594,Norwegian,norwegian,D_log
12523,-1.379719690262479,21.18200455632438,Norwegian,norwegian,D_log
12525,0.3680283652826373,3.682116635300429,Norwegian,norwegian,D_log
12527,0.8492609435693407,-10.075948940984208,Norwegian,norwegian,D_log
12528,0.52858877242038,5.963759047944003,Norwegian,norwegian,D_log
12529,-2.7347177880782185,5.322112357061872,Norwegian,norwegian,D_log
12530,3.812562580244311,-2.1939838421163818,Norwegian,norwegian,D_log
12532,-2.451882317644317,-4.4996305596741255,Norwegian,norwegian,D_log
12533,1.9632166866042626,2.8165820726260895,Norwegian,norwegian,D_log
12536,-0.08478066529726815,4.429413273859167,Norwegian,norwegian,D_log
12537,-2.9483472595298377,-8.250749943147802,Norwegian,norwegian,D_log
12540,2.4305835597753758,-6.327150842055767,Norwegian,norwegian,D_log
12542,0.43386892954105905,-1.4370692617040257,Norwegian,norwegian,D_log
12543,1.4450371071764005,28.091920688684077,Norwegian,norwegian,D_log
12550,1.5417648144178773,-0.3496991665769327,Norwegian,norwegian,D_log
12551,-2.7504817143407596,2.6474361519778955,Norwegian,norwegian,D_log
12552,1.0299052899281296,-0.7745566070615345,Norwegian,norwegian,D_log
12553,-0.9816979622698284,-7.996200037653223,Norwegian,norwegian,D_log
12554,0.7192318666535612,-2.736538216069119,Norwegian,norwegian,D_log
12558,1.8789324879939624,5.074315086993258,Norwegian,norwegian,D_log
12560,-0.9526995278730264,1.0245275604016915,Norwegian,norwegian,D_log
12561,-1.0826876373140095,5.728176582921411,Norwegian,norwegian,D_log
12563,-1.2808635862042328,-8.660349764694843,Norwegian,norwegian,D_log
12569,0.5209541158580184,-5.4623457376404,Norwegian,norwegian,D_log
12570,-2.4975527717236217,0.40004668621423667,Norwegian,norwegian,D_log
12571,-0.4782443598700098,4.8650958802521975,Norwegian,norwegian,D_log
12572,0.13833025199925708,9.270010233593087,Norwegian,norwegian,D_log
12574,0.674501833079712,-3.180828297418574,Norwegian,norwegian,D_log
12577,-0.2805435067348596,4.768903972694572,Norwegian,norwegian,D_log
12578,6.089367235948247,-1.4013152341760708,Norwegian,norwegian,D_log
12579,1.5299988816736065,6.9472600920640595,Norwegian,norwegian,D_log
12581,0.4889317242153867,2.820032711898648,Norwegian,norwegian,D_log
12583,-0.6576682203536754,-3.908154765213109,Norwegian,norwegian,D_log
12584,-2.029774357552542,-0.8355106504458087,Norwegian,norwegian,D_log
12586,2.339032583906647,6.6245551253476265,Norwegian,norwegian,D_log
12587,-2.854010287548861,0.9365089661650068,Norwegian,norwegian,D_log
12593,1.71783230079236,7.70458176367303,Norwegian,norwegian,D_log
12595,1.2554039860652055,-2.1889474470333354,Norwegian,norwegian,D_log
12599,-0.8831653723620131,4.187395415335456,Norwegian,norwegian,D_log
12602,-1.0147857615150626,-5.811372217758782,Norwegian,norwegian,D_log
12605,-0.033400766864330654,12.511990714013894,Norwegian,norwegian,D_log
12606,1.790000330820939,0.8810544052282787,Norwegian,norwegian,D_log
12607,0.9129675866221476,4.490479016192255,Norwegian,norwegian,D_log
12612,1.512997151777017,-2.498911219172016,Norwegian,norwegian,D_log
12613,-1.0312641583470652,0.18141271785043234,Norwegian,norwegian,D_log
12614,0.08772981448822083,-4.741552259598801,Norwegian,norwegian,D_log
12618,-1.3384123779012387,-2.375881191292449,Norwegian,norwegian,D_log
12622,-3.5869645143086486,-12.866428543482419,Norwegian,norwegian,D_log
12624,-0.050275949324946285,7.093251324629155,Norwegian,norwegian,D_log
12628,1.0249612060100524,-3.1503288451429237,Norwegian,norwegian,D_log
12630,1.6836427996079522,-4.656169465823558,Norwegian,norwegian,D_log
12632,0.008142880958184676,5.076337085020256,Norwegian,norwegian,D_log
12634,2.239219545050623,10.12598836870678,Norwegian,norwegian,D_log
12636,2.388158374286709,1.3827518022243643,Norwegian,norwegian,D_log
12637,0.6404766950385936,11.170459244947033,Norwegian,norwegian,D_log
12638,1.7513778176378534,-4.023726184174093,Norwegian,norwegian,D_log
12639,-1.2465981661236005,0.6863687226788928,Norwegian,norwegian,D_log
12640,1.763836869618762,-9.24624544919871,Norwegian,norwegian,D_log
12643,-1.5692123983017947,5.18761844487171,Norwegian,norwegian,D_log
12645,-0.49219540994443955,-13.240780730133283,Norwegian,norwegian,D_log
12647,1.4999402741913075,-2.7948436710339197,Norwegian,norwegian,D_log
12651,1.355408047894924,-14.461481648777522,Norwegian,norwegian,D_log
12657,-0.9012561893595223,9.529829565143759,Norwegian,norwegian,D_log
12660,-1.2964114015732024,12.811828400013612,Norwegian,norwegian,D_log
12661,-2.6920044187539447,-4.8871588749881845,Norwegian,norwegian,D_log
12662,-0.7747685911856538,8.529993977820324,Norwegian,norwegian,D_log
12665,0.06631823904607838,7.948896911479296,Norwegian,norwegian,D_log
12666,-5.086550769141254,-3.4247630422539714,Norwegian,norwegian,D_log
12667,0.5217744004258567,-0.9421340950082843,Norwegian,norwegian,D_log
12669,-1.9486879562678752,-3.5696258165879557,Norwegian,norwegian,D_log
12671,0.01922176160965375,3.9597767122822223,Norwegian,norwegian,D_log
12672,2.248744287090325,-6.781092441635115,Norwegian,norwegian,D_log
12673,1.1069620775086908,0.2524133310747394,Norwegian,norwegian,D_log
12674,2.3172622028736156,5.972885049477336,Norwegian,norwegian,D_log
12675,-0.5300883798587277,1.268865132883924,Norwegian,norwegian,D_log
12676,2.184893887196485,-7.298624127479089,Norwegian,norwegian,D_log
12678,1.9793670664361602,5.14528648377072,Norwegian,norwegian,D_log
12679,-0.23825604550556367,-4.517126227359446,Norwegian,norwegian,D_log
12681,-4.021655638726192,-0.9127552454786931,Norwegian,norwegian,D_log
12684,2.7295175662437594,7.4375658805919365,Norwegian,norwegian,D_log
12685,1.814169150665537,-9.264010923182887,Norwegian,norwegian,D_log
12687,1.9900253097580096,2.3156606046332087,Norwegian,norwegian,D_log
12692,-2.0150791863598307,2.234748205827428,Norwegian,norwegian,D_log
12694,2.6553996577681676,3.465653017849698,Norwegian,norwegian,D_log
12696,0.7833711789710653,-0.546705978071631,Norwegian,norwegian,D_log
12697,-4.812340841577748,-0.6465894155878429,Norwegian,norwegian,D_log
12699,4.190580433908412,19.966228660789152,Norwegian,norwegian,D_log
12703,0.6506663685289902,-3.8961429265468817,Norwegian,norwegian,D_log
12705,2.6546362935634065,-7.977188581447578,Norwegian,norwegian,D_log
12706,0.07265699862571623,-1.3283924130472358,Norwegian,norwegian,D_log
12713,-3.1336069577198744,-1.8477686274416882,Norwegian,norwegian,D_log
12714,0.86967615198472,-2.5717084815423212,Norwegian,norwegian,D_log
12715,-5.239622506953335,-6.56157779951456,Norwegian,norwegian,D_log
12719,-2.2399713622148636,-8.386107383500104,Norwegian,norwegian,D_log
12720,-5.229786423927764,-0.7527522552146708,Norwegian,norwegian,D_log
12723,1.741926006525743,-2.1005533304384403,Norwegian,norwegian,D_log
12724,-2.688094304312121,3.1515144242730564,Norwegian,norwegian,D_log
12725,1.9945180029152856,1.4656606145656368,Norwegian,norwegian,D_log
12726,-0.3120360289531354,-0.6985263416493068,Norwegian,norwegian,D_log
12730,1.0634909147114895,2.927240198294494,Norwegian,norwegian,D_log
12731,3.2684264452268588,-8.909226769866683,Norwegian,norwegian,D_log
12732,2.5751784785553533,-4.749924891445547,Norwegian,norwegian,D_log
12735,-2.0255835041991332,1.3471092690336688,Norwegian,norwegian,D_log
12736,0.5931311298221723,4.42112286444295,Norwegian,norwegian,D_log
12743,-1.8944424495008425,0.9997989619986608,Norwegian,norwegian,D_log
12748,-3.616585417031638,-0.7354664020129564,Norwegian,norwegian,D_log
12750,1.6399680171187114,1.9162893013181028,Norwegian,norwegian,D_log
12751,0.9319711909166176,5.150784058035928,Norwegian,norwegian,D_log
12755,-0.8435788279949951,0.682301828261998,Norwegian,norwegian,D_log
12757,0.3509887119618722,6.641418176200562,Norwegian,norwegian,D_log
12758,1.5783333452720612,-5.351423619559817,Norwegian,norwegian,D_log
12762,0.15165324515440798,-3.655602420458292,Norwegian,norwegian,D_log
12767,0.5207450220669427,-2.768177701398094,Norwegian,norwegian,D_log
12774,-0.17755907038609425,5.5774469907252175,Norwegian,norwegian,D_log
12776,0.4986219575460355,-2.9286926292344786,Norwegian,norwegian,D_log
12778,-2.116190114090751,-1.6260802492969715,Norwegian,norwegian,D_log
12780,-2.364222627077722,2.255095455459116,Norwegian,norwegian,D_log
12781,-1.2958706822301849,3.877576744582943,Norwegian,norwegian,D_log
12782,-0.027759134265985995,12.559463022495613,Norwegian,norwegian,D_log
12784,2.3557289873671743,-6.003331935907245,Norwegian,norwegian,D_log
12785,1.385841232579204,-6.671942759025488,Norwegian,norwegian,D_log
12788,0.9128795459241968,-1.4819169076515912,Norwegian,norwegian,D_log
12791,3.703451171273721,6.831907735985281,Norwegian,norwegian,D_log
12797,-0.024825348657365215,13.345215652126575,Norwegian,norwegian,D_log
12802,0.5418203367952803,1.5379954333285737,Norwegian,norwegian,D_log
12806,-0.11776187101273296,-1.9320127449907698,Norwegian,norwegian,D_log
12808,1.7124147235660945,0.3338544371354877,Norwegian,norwegian,D_log
12813,4.232559523593464,21.48149010910863,Norwegian,norwegian,D_log
12814,-0.5839873800490225,-4.442435991680639,Norwegian,norwegian,D_log
12817,3.585434246809147,9.710186421482994,Norwegian,norwegian,D_log
12818,1.8125421700195992,10.37617983916754,Norwegian,norwegian,D_log
12819,-1.1988429776403753,-7.716359408470444,Norwegian,norwegian,D_log
12820,-0.13517246043477127,15.611523822835224,Norwegian,norwegian,D_log
12823,-2.4028679202033962,-2.0475911267577924,Norwegian,norwegian,D_log
12825,3.5883376728206735,-6.448655198918708,Norwegian,norwegian,D_log
12826,1.3994530965468484,-3.745619042908464,Norwegian,norwegian,D_log
12827,-3.172579585309182,2.5408319219520763,Norwegian,norwegian,D_log
12832,-9.769319193024824,-2.0267940517029253,Norwegian,norwegian,D_log
12833,-2.798563785342924,-10.7210125361253,Norwegian,norwegian,D_log
12837,3.417799289142351,7.210584129663052,Norwegian,norwegian,D_log
12838,3.3654981635987014,-3.784792977268548,Norwegian,norwegian,D_log
12839,0.596897461256803,-0.8335134698299427,Norwegian,norwegian,D_log
12840,-3.0122509878737946,0.9156308625108895,Norwegian,norwegian,D_log
12841,0.12193450450923134,-9.910116181640497,Norwegian,norwegian,D_log
12842,0.8338855746506459,-3.099490580830191,Norwegian,norwegian,D_log
12844,-1.8477969461765482,-0.4135123786880217,Norwegian,norwegian,D_log
12846,1.9638139775782335,-8.393402148467969,Norwegian,norwegian,D_log
12847,1.6996662021643039,-1.796870819482399,Norwegian,norwegian,D_log
12849,4.1052779485105555,-8.429240197620507,Norwegian,norwegian,D_log
12852,0.13480314825335316,-10.778285642070175,Norwegian,norwegian,D_log
12854,-0.9096038846716263,4.96308443585396,Norwegian,norwegian,D_log
12855,0.24743409525247675,3.656125364895605,Norwegian,norwegian,D_log
12857,-2.186531047198887,2.3395788837341414,Norwegian,norwegian,D_log
12858,1.0508549379359167,5.070350206292908,Norwegian,norwegian,D_log
12859,1.7501417891052962,0.6991855485005787,Norwegian,norwegian,D_log
12865,1.8021983717119197,6.239515661584542,Norwegian,norwegian,D_log
12867,3.5944246473947072,0.6276974218098044,Norwegian,norwegian,D_log
12869,0.6950896933250652,-1.181968718213056,Norwegian,norwegian,D_log
12872,-1.6406038730877102,-2.493701916529946,Norwegian,norwegian,D_log
12874,2.0042460840340492,-3.1419174144624806,Norwegian,norwegian,D_log
12876,-2.421897461978795,0.10548307409582036,Norwegian,norwegian,D_log
12877,0.7334812992122666,-0.08962673621090045,Norwegian,norwegian,D_log
12878,2.039939643610885,-3.5949800358305453,Norwegian,norwegian,D_log
12879,-1.9921093634921268,-6.799696250227186,Norwegian,norwegian,D_log
12880,-0.03333829358598025,-2.762080523579532,Norwegian,norwegian,D_log
12881,0.15321185114980695,12.016921706917216,Norwegian,norwegian,D_log
12884,1.8990520749781017,-4.392562547919677,Norwegian,norwegian,D_log
12885,2.242513849844281,-2.480917519703736,Norwegian,norwegian,D_log
12887,-0.7668849061714567,21.907045258585136,Norwegian,norwegian,D_log
12888,-2.3006915279374467,0.8846259981765132,Norwegian,norwegian,D_log
12891,1.3672092857458995,0.723777113118002,Norwegian,norwegian,D_log
12892,-1.3192749052441959,1.0176449744329898,Norwegian,norwegian,D_log
12894,0.63321237313885,0.25669196655249193,Norwegian,norwegian,D_log
12895,0.25245201704135983,1.5355547937260035,Norwegian,norwegian,D_log
12896,-4.344701403280257,-11.873849950882425,Norwegian,norwegian,D_log
12897,-3.478491025953125,-0.6625098363438418,Norwegian,norwegian,D_log
12898,-2.0333678655515675,2.298332230219614,Norwegian,norwegian,D_log
12901,-0.4109347362131817,8.599302918498351,Norwegian,norwegian,D_log
12902,0.5992898503770968,3.235323547702758,Norwegian,norwegian,D_log
12904,-1.062845858968249,5.202105218817534,Norwegian,norwegian,D_log
12910,6.2266485101074585,2.7996396540773842,Norwegian,norwegian,D_log
12912,-0.5573621234163183,-0.6012313262382522,Norwegian,norwegian,D_log
12915,0.27272474564946964,9.466629836973203,Norwegian,norwegian,D_log
12916,-0.118827517746648,0.7432647917638825,Norwegian,norwegian,D_log
12924,0.3010342752458667,-6.284479182731588,Norwegian,norwegian,D_log
12925,1.6093682666634215,14.16557154374819,Norwegian,norwegian,D_log
12927,-0.1566254876518807,-3.552162189779422,Norwegian,norwegian,D_log
12930,-1.7296709516916886,4.167912756648328,Norwegian,norwegian,D_log
12932,1.7119711532614443,-7.299507131030343,Norwegian,norwegian,D_log
12933,-0.5361256368861853,3.0375665375905667,Norwegian,norwegian,D_log
12934,3.0299245674890725,-2.571857177476367,Norwegian,norwegian,D_log
12935,0.25050739952359224,0.1305871149105829,Norwegian,norwegian,D_log
12936,-0.6972219229124481,-7.13320356478331,Norwegian,norwegian,D_log
12938,0.3011654060058565,0.8059826607639391,Norwegian,norwegian,D_log
12940,-0.01237661225949267,-2.684693978510466,Norwegian,norwegian,D_log
12941,2.2528746117762584,-2.3900635401802894,Norwegian,norwegian,D_log
12948,-0.7271593413383179,-5.59190595339492,Norwegian,norwegian,D_log
12952,-0.43934437959550404,6.101272211403758,Norwegian,norwegian,D_log
12953,0.7340109326973262,-2.505882838952443,Norwegian,norwegian,D_log
12954,0.4200275654741537,11.372928516080913,Norwegian,norwegian,D_log
12958,1.954362585610155,2.6565541650249953,Norwegian,norwegian,D_log
12959,-2.5375170031918044,-2.1811871792783104,Norwegian,norwegian,D_log
12961,-1.8015459258022677,-3.893626172904317,Norwegian,norwegian,D_log
12966,2.3871933252952293,14.635499822525453,Norwegian,norwegian,D_log
12968,1.2424564405684981,-1.7348813177184716,Norwegian,norwegian,D_log
12970,-3.0723648810006043,2.7787436814460658,Norwegian,norwegian,D_log
12972,-2.565255169577452,-0.10127610835725642,Norwegian,norwegian,D_log
12975,3.0746950970762756,-13.422063306264839,Norwegian,norwegian,D_log
12976,-1.95396499862964,-3.3870593722596283,Norwegian,norwegian,D_log
12977,-0.387761378946782,6.737298251096825,Norwegian,norwegian,D_log
12981,-0.6482543048563013,24.25590681800239,Norwegian,norwegian,D_log
12983,-2.3653344338939255,13.054272338387124,Norwegian,norwegian,D_log
12986,-2.3311318455602175,-2.1052451673576984,Norwegian,norwegian,D_log
12987,-3.7109842431433635,11.965470232893006,Norwegian,norwegian,D_log
12988,2.650274386753862,18.623438465322224,Norwegian,norwegian,D_log
12994,1.1962861372404998,-3.4689117291714133,Norwegian,norwegian,D_log
12995,0.5389247656969788,-0.37554783282122656,Norwegian,norwegian,D_log
12996,-1.935154193506758,3.8512648716122557,Norwegian,norwegian,D_log
13001,2.1244327060779646,-7.0981089701486875,Norwegian,norwegian,D_log
13003,1.6181361547551687,-4.931514622501616,Norwegian,norwegian,D_log
13004,3.790165998130707,3.856116932472956,Norwegian,norwegian,D_log
13005,-1.3247427489471884,-2.482910770968235,Norwegian,norwegian,D_log
13006,-1.2817050431568293,10.085432000727906,Norwegian,norwegian,D_log
13008,0.4479628128392708,-7.916202388989259,Norwegian,norwegian,D_log
13012,-0.17419246955618073,-2.2728246895346427,Norwegian,norwegian,D_log
13013,0.06255796969195859,-23.263484118552746,Norwegian,norwegian,D_log
13016,-2.1331423039753736,2.8864090122688424,Norwegian,norwegian,D_log
13020,0.20309736387740043,-1.2700824150243752,Norwegian,norwegian,D_log
13021,0.749243173133826,5.345021150853374,Norwegian,norwegian,D_log
13022,-1.8793426539677058,58.37879327934732,Norwegian,norwegian,D_log
13024,-2.4608008183358745,-3.3590983097710394,Norwegian,norwegian,D_log
13026,1.4641464501299015,-4.175638812325593,Norwegian,norwegian,D_log
13027,-1.5703968544872517,4.618634191645993,Norwegian,norwegian,D_log
13032,-2.438645266356987,0.9694246120621022,Norwegian,norwegian,D_log
13035,3.505362116482606,-3.958168335063815,Norwegian,norwegian,D_log
13039,-4.164412115176205,-4.279692724224761,Norwegian,norwegian,D_log
13040,-2.3244112128376355,10.71746573384631,Norwegian,norwegian,D_log
13041,-0.17578796890119328,0.45451065199200724,Norwegian,norwegian,D_log
13042,1.6881739469480332,-4.5551392720319495,Norwegian,norwegian,D_log
13044,-2.5503571540613077,-5.833414245155733,Norwegian,norwegian,D_log
13047,2.0646722925300414,-19.890723239413887,Norwegian,norwegian,D_log
13048,-0.12291254818373122,5.967957296387713,Norwegian,norwegian,D_log
13051,0.6128409775408177,-0.04784635338403592,Norwegian,norwegian,D_log
13052,1.0906151566697069,-3.7348606329767287,Norwegian,norwegian,D_log
13056,-1.9906104192554301,-0.9307173880416102,Norwegian,norwegian,D_log
13057,-2.723532475926567,4.46849340888766,Norwegian,norwegian,D_log
13058,-2.7285145528999326,3.861504315953214,Norwegian,norwegian,D_log
13062,0.054156253282557416,4.219883615741036,Norwegian,norwegian,D_log
13068,0.6068124093636839,-7.082774964989525,Norwegian,norwegian,D_log
13072,-1.2349289193625925,18.299988707327252,Norwegian,norwegian,D_log
13076,-0.1454631274869103,7.426557161918842,Norwegian,norwegian,D_log
13077,-1.4739309026653766,-54.819770925646964,Norwegian,norwegian,D_log
13079,1.53240167541953,-4.761995303849687,Norwegian,norwegian,D_log
13081,-0.5340378846989259,-1.603973931443621,Norwegian,norwegian,D_log
13082,0.11502564633751519,-1.4079003483337176,Norwegian,norwegian,D_log
13084,-3.8136153661771868,-2.1527676638937594,Norwegian,norwegian,D_log
13088,0.5412651449561773,-1.2954397809456475,Norwegian,norwegian,D_log
13089,1.790087425693624,8.405787458189362,Norwegian,norwegian,D_log
13092,-2.7148045694035714,-2.8491100964297607,Norwegian,norwegian,D_log
13097,-0.5408995966113714,15.603117396660622,Norwegian,norwegian,D_log
13102,-2.094886173378505,2.199517225810504,Norwegian,norwegian,D_log
13103,2.5480976872988834,4.827884464897172,Norwegian,norwegian,D_log
13107,-4.577419626945609,0.853467017862843,Norwegian,norwegian,D_log
13108,1.5603745465638303,-3.2211338014524724,Norwegian,norwegian,D_log
13110,2.0714659812394842,-4.324027290068784,Norwegian,norwegian,D_log
13111,2.366224016380796,-1.1820952381917365,Norwegian,norwegian,D_log
13115,1.0299103089268844,-0.3089798355915696,Norwegian,norwegian,D_log
13116,1.9632255925934017,-4.41983455995842,Norwegian,norwegian,D_log
13117,-0.12095661666891386,-6.660751846085475,Norwegian,norwegian,D_log
13120,3.204039272268329,-13.877263669527956,Norwegian,norwegian,D_log
13122,0.7847244365846774,-6.219812437670852,Norwegian,norwegian,D_log
13125,-0.6877144153080631,1.16390060470708,Norwegian,norwegian,D_log
13126,0.7194687250664755,-2.5792730296872177,Norwegian,norwegian,D_log
13127,-0.6672444824340199,13.993254982262838,Norwegian,norwegian,D_log
13128,-0.44275468167312404,-7.765642285403396,Norwegian,norwegian,D_log
13130,-1.0536873083893952,17.200257300323056,Norwegian,norwegian,D_log
13131,0.517543113951273,5.547932677114515,Norwegian,norwegian,D_log
13132,-0.755348640728119,3.102172831395098,Norwegian,norwegian,D_log
13138,2.6092655675241225,7.447471638571825,Norwegian,norwegian,D_log
13139,1.1903970741045573,-5.961510446723817,Norwegian,norwegian,D_log
13142,0.1991491769182593,-6.3457156017335015,Norwegian,norwegian,D_log
13144,-1.073692190805455,-0.5611824438507117,Norwegian,norwegian,D_log
13148,3.1314372445971084,-12.068633516770632,Norwegian,norwegian,D_log
13156,1.5498844503296647,0.5011501808994971,Norwegian,norwegian,D_log
13160,0.8048104956108644,3.6719027491520464,Norwegian,norwegian,D_log
13164,-0.8447655843172536,8.10424185071586,Norwegian,norwegian,D_log
13166,0.2998438302686364,-1.5126543803344419,Norwegian,norwegian,D_log
13169,0.5524130398399983,2.7154057208516726,Norwegian,norwegian,D_log
13170,-1.026378499331188,-5.835445296914549,Norwegian,norwegian,D_log
13171,0.3020436086808212,-1.9240675353021843,Norwegian,norwegian,D_log
13174,-0.39443802803186145,33.944058167401174,Norwegian,norwegian,D_log
13175,3.128510231592277,-5.6759071423225365,Norwegian,norwegian,D_log
13181,2.490523602771639,7.294912855281762,Norwegian,norwegian,D_log
13182,4.095506188578635,-19.976131223233196,Norwegian,norwegian,D_log
13189,-3.793510541151791,-1.8754675537367391,Norwegian,norwegian,D_log
13192,1.3542753113020827,4.727777639125717,Norwegian,norwegian,D_log
13195,3.0004836249985405,-2.712216926786193,Norwegian,norwegian,D_log
13201,-2.9880585569874634,3.3871339533109937,Norwegian,norwegian,D_log
13203,0.7051207757099446,0.7094937250384439,Norwegian,norwegian,D_log
13206,-5.587265609437424,-7.7862691960538895,Norwegian,norwegian,D_log
13207,1.9390918246281716,-5.339300020359071,Norwegian,norwegian,D_log
13212,0.3166406899244848,-3.173050512825232,Norwegian,norwegian,D_log
13213,0.9254100111833967,-9.661824608268857,Norwegian,norwegian,D_log
13214,-2.7268405612212634,-2.5312863691157053,Norwegian,norwegian,D_log
13217,-0.04959106660901609,-5.404176833586902,Norwegian,norwegian,D_log
13220,0.7420518172546696,-5.968878402265824,Norwegian,norwegian,D_log
13222,2.714129858677137,0.8692851277540594,Norwegian,norwegian,D_log
13223,7.372806408794774,-27.173860882002977,Norwegian,norwegian,D_log
13225,-0.7354381281974642,6.739962216683937,Norwegian,norwegian,D_log
13226,2.1327553229813745,1.9516626453368537,Norwegian,norwegian,D_log
13227,0.508671048647097,-4.922659999415151,Norwegian,norwegian,D_log
13228,1.020007841108898,-9.706348538460844,Norwegian,norwegian,D_log
13229,-2.2101915924761926,-1.4432909021977045,Norwegian,norwegian,D_log
13230,-1.7705322930154803,-1.3810158009218358,Norwegian,norwegian,D_log
13232,-2.9148679327627103,11.899117553063004,Norwegian,norwegian,D_log
13238,2.6612559293221216,1.6126105829864672,Norwegian,norwegian,D_log
13240,1.4450663661298484,-11.30337687419063,Norwegian,norwegian,D_log
13241,-0.30841094145892456,-1.64713184206784,Norwegian,norwegian,D_log
13242,0.5091860921212846,2.5725137245200345,Norwegian,norwegian,D_log
13243,5.74629763049029,-14.456526736154721,Norwegian,norwegian,D_log
13245,-1.3310671111272354,3.673405551129572,Norwegian,norwegian,D_log
13250,0.5984201515408554,0.833867338955103,Norwegian,norwegian,D_log
13252,2.6868943612423775,17.41171554003471,Norwegian,norwegian,D_log
13253,0.4510844793638802,0.41333742230715237,Norwegian,norwegian,D_log
13255,1.6689674911712125,3.2300649283771534,Norwegian,norwegian,D_log
13257,1.0962576784932703,-0.06650868808797017,Norwegian,norwegian,D_log
13258,5.04866668454267,2.264370237631005,Norwegian,norwegian,D_log
13261,0.297920121036123,-1.7402794046319723,Norwegian,norwegian,D_log
13263,-2.1536108583278617,-5.6391384156651885,Norwegian,norwegian,D_log
13264,0.37853371348883713,-6.804810935116463,Norwegian,norwegian,D_log
13275,3.201835532468091,4.443422121537932,Norwegian,norwegian,D_log
13276,-0.22727146840035176,4.067481202633746,Norwegian,norwegian,D_log
13282,7.610535937461324,-28.218154416890798,Norwegian,norwegian,D_log
13284,0.022191582795140708,-1.5173851803300378,Norwegian,norwegian,D_log
13287,1.7060383284938985,-12.0690880930619,Norwegian,norwegian,D_log
13290,-1.2844734637337,-2.3277876801599033,Norwegian,norwegian,D_log
13291,2.6675458556009595,-13.232262691997732,Norwegian,norwegian,D_log
13296,2.5533463947982344,-2.414652242885024,Norwegian,norwegian,D_log
13299,1.3362076126883984,2.010312074905208,Norwegian,norwegian,D_log
13300,1.3731711695509783,-8.946027791538032,Norwegian,norwegian,D_log
13303,-2.7774656464315566,-4.8293889263362235,Norwegian,norwegian,D_log
13307,2.8076866501679834,8.280402779882028,Norwegian,norwegian,D_log
13309,1.086831056712569,1.2335814296611507,Norwegian,norwegian,D_log
13311,2.395992329485504,7.474817106251493,Norwegian,norwegian,D_log
13312,-3.3187495372146594,-0.09775092917121908,Norwegian,norwegian,D_log
13313,1.6115593950724583,-1.086382906571068,Norwegian,norwegian,D_log
13324,0.8596768862411204,-6.732253378616757,Norwegian,norwegian,D_log
13326,0.08947925898787243,-6.744992968414275,Norwegian,norwegian,D_log
13328,-0.29658868646509523,-8.16250133110568,Norwegian,norwegian,D_log
13329,1.6659578022153758,-9.6163199667496,Norwegian,norwegian,D_log
13330,-1.4403953676778676,5.2815651774735315,Norwegian,norwegian,D_log
13335,2.151919276957382,-5.478217605264793,Norwegian,norwegian,D_log
13336,-4.062279557666168,10.686478188737244,Norwegian,norwegian,D_log
13337,-0.8898064252457748,0.3258089999484151,Norwegian,norwegian,D_log
13338,1.2963367017790084,-2.535406768306359,Norwegian,norwegian,D_log
13342,1.4055844499757957,-8.59402253209856,Norwegian,norwegian,D_log
13343,0.9938108653040759,-3.426641356141849,Norwegian,norwegian,D_log
13347,-0.05192175368069577,12.640654055892655,Norwegian,norwegian,D_log
13348,1.4159823847438624,-1.0515878933642766,Norwegian,norwegian,D_log
13352,-2.90688554585839,-2.942168648297652,Norwegian,norwegian,D_log
13354,2.190999638394054,4.310396504097561,Norwegian,norwegian,D_log
13357,3.7075639355756183,-1.261779430011713,Norwegian,norwegian,D_log
13359,-0.7643183098256627,17.277681374197016,Norwegian,norwegian,D_log
13364,2.9656542318237684,0.10166587404436234,Norwegian,norwegian,D_log
13366,-0.5123235650406671,0.08622071279205373,Norwegian,norwegian,D_log
13375,0.2050604640702309,-2.885307817374234,Norwegian,norwegian,D_log
13376,-4.031798189225086,-3.1435421054579042,Norwegian,norwegian,D_log
13382,-0.43972326116879346,0.3476372425422198,Norwegian,norwegian,D_log
13383,-0.6225750324891202,10.11410224641329,Norwegian,norwegian,D_log
13384,2.5731558242364825,-3.9930519399104423,Norwegian,norwegian,D_log
13388,-0.9990522788024581,0.37768214318949656,Norwegian,norwegian,D_log
13391,-0.4740731261158289,-0.9298754771314017,Norwegian,norwegian,D_log
13394,0.6801400178381106,6.166984672040757,Norwegian,norwegian,D_log
13395,0.9585246016643711,2.185560893548984,Norwegian,norwegian,D_log
13397,-1.133943098259726,9.307396567315338,Norwegian,norwegian,D_log
13406,0.5612665411403038,-5.646458614549944,Norwegian,norwegian,D_log
13411,-3.301172995982699,0.5791730733683842,Norwegian,norwegian,D_log
13413,0.3886596248388607,-4.985166474398358,Norwegian,norwegian,D_log
13415,2.3978617689924375,-0.7383867905139907,Norwegian,norwegian,D_log
13416,0.7822023845238758,-10.501011947614108,Norwegian,norwegian,D_log
13418,-1.1992412793123153,-6.19175647810764,Norwegian,norwegian,D_log
13419,0.9607662235759549,-2.6793879516536685,Norwegian,norwegian,D_log
13420,-0.10650407926724402,4.2528629264372775,Norwegian,norwegian,D_log
13422,3.487906762962572,-8.109187742645958,Norwegian,norwegian,D_log
13427,-2.1606720289361427,4.101425580908232,Norwegian,norwegian,D_log
13428,2.360190778502001,0.3275094541905541,Norwegian,norwegian,D_log
13432,2.233199160338452,-8.060150639838913,Norwegian,norwegian,D_log
13435,0.18159810291562442,1.6380161032459066,Norwegian,norwegian,D_log
13436,4.088078509645989,-15.92928932162665,Norwegian,norwegian,D_log
13437,1.6795053021325093,-9.990675025331011,Norwegian,norwegian,D_log
13441,-0.7486150021465131,-1.5829752878542624,Norwegian,norwegian,D_log
13448,1.8232309395524202,-1.396325414606996,Norwegian,norwegian,D_log
13451,1.8997092388743428,-8.976683542358453,Norwegian,norwegian,D_log
13454,-1.434718650435652,2.0564572418011515,Norwegian,norwegian,D_log
13459,-0.7873443284335433,1.5340452275694672,Norwegian,norwegian,D_log
13461,-0.5779642845968372,13.728817029210727,Norwegian,norwegian,D_log
13462,2.5483498398867357,-3.401032750006168,Norwegian,norwegian,D_log
13464,3.278182663734934,-3.03346502639421,Norwegian,norwegian,D_log
13465,-0.017059489234245582,7.8419303310773625,Norwegian,norwegian,D_log
13473,1.0678970375644339,-10.026123616012878,Norwegian,norwegian,D_log
13475,-7.335663143855808,-18.116368451654086,Norwegian,norwegian,D_log
13476,1.073617963133823,4.231395524630855,Norwegian,norwegian,D_log
13477,-0.737382683289056,1.2261375980946165,Norwegian,norwegian,D_log
13478,3.321588730482539,-8.012235498190503,Norwegian,norwegian,D_log
13479,-2.288912929250363,-2.5853380638980967,Norwegian,norwegian,D_log
13480,-4.925269644367406,1.3197756429649141,Norwegian,norwegian,D_log
13483,-0.14203436210764142,-1.7703015674171625,Norwegian,norwegian,D_log
13486,1.0262938929777177,8.795031921455127,Norwegian,norwegian,D_log
13488,1.3486841428049663,2.027796572312823,Norwegian,norwegian,D_log
13490,2.0234255433179853,-3.6017018783613737,Norwegian,norwegian,D_log
13491,-2.772864157143533,-8.553101279455767,Norwegian,norwegian,D_log
13493,-4.082326485190819,26.29985392807583,Norwegian,norwegian,D_log
13497,2.538278937095717,1.774954137587871,Norwegian,norwegian,D_log
13500,-3.261451313277205,12.160323012525062,Norwegian,norwegian,D_log
13501,-1.8733888694641798,-14.518067206953422,Norwegian,norwegian,D_log
13503,0.5725347790356029,8.920194826842717,Norwegian,norwegian,D_log
13508,1.6302048810873289,-3.098090277479134,Norwegian,norwegian,D_log
13509,-0.10299966180490742,-2.806302630559001,Norwegian,norwegian,D_log
13511,0.8102017664018438,4.05858986763036,Norwegian,norwegian,D_log
13515,-1.3858162330431985,-9.776199773532028,Norwegian,norwegian,D_log
13516,2.629512156861244,-10.045751175723385,Norwegian,norwegian,D_log
13519,-0.05347181586414067,8.540418265021845,Norwegian,norwegian,D_log
13526,0.7726640720154201,1.682613635326198,Norwegian,norwegian,D_log
13529,2.8007838046067586,-4.468389500904799,Norwegian,norwegian,D_log
13531,-3.8691460007100744,0.8434921710989562,Norwegian,norwegian,D_log
13536,-5.692088955326165,-9.160590414471926,Norwegian,norwegian,D_log
13538,2.479431224856148,1.5688808775116883,Norwegian,norwegian,D_log
13540,3.073410149785915,-9.656151522128491,Norwegian,norwegian,D_log
13542,0.19339801050092884,-11.544762297846635,Norwegian,norwegian,D_log
13544,0.007640432084783881,-4.831914053694107,Norwegian,norwegian,D_log
13548,1.328900464845999,-3.4637949772033862,Norwegian,norwegian,D_log
13551,-3.8959501483644026,-6.0577987180104955,Norwegian,norwegian,D_log
13564,0.910008855671149,-1.2182652219579624,Norwegian,norwegian,D_log
13566,2.284984301868094,-30.280420153777357,Norwegian,norwegian,D_log
13567,1.6646994889120073,-0.5960886808339031,Norwegian,norwegian,D_log
13569,5.472908935374071,-9.771544255721984,Norwegian,norwegian,D_log
13585,1.79531798863561,-3.4219527609855254,Norwegian,norwegian,D_log
13587,1.249916173926953,-4.780104914131905,Norwegian,norwegian,D_log
13590,-0.8884405400175208,5.1309614744462655,Norwegian,norwegian,D_log
13591,-4.209610680336052,8.192380158206682,Norwegian,norwegian,D_log
13604,0.8931897526941492,-1.5828994325980454,Norwegian,norwegian,D_log
13607,-1.4385978482164032,-5.018143421338104,Norwegian,norwegian,D_log
13608,-0.4535244375823051,-6.211979695768657,Norwegian,norwegian,D_log
13611,0.703438123561677,-4.267716239706318,Norwegian,norwegian,D_log
13612,4.1480712467722665,-8.905981206787978,Norwegian,norwegian,D_log
13617,-4.60023218807513,10.468295891926786,Norwegian,norwegian,D_log
13622,-6.656172685045773,-0.3447874091564316,Norwegian,norwegian,D_log
13628,3.1893388700906673,-9.152024459951633,Norwegian,norwegian,D_log
13630,-2.37494534869322,13.657168103133365,Norwegian,norwegian,D_log
13631,0.24581692647600292,16.434793574785427,Norwegian,norwegian,D_log
13636,-0.16833461010922388,-1.6078701281263812,Norwegian,norwegian,D_log
13637,-1.7151993150513885,1.569566108388231,Norwegian,norwegian,D_log
13640,2.2809876420930166,-11.983502077900003,Norwegian,norwegian,D_log
13644,1.5718903156096449,1.7269573072687059,Norwegian,norwegian,D_log
13645,2.4873564197010962,-1.4289094639851243,Norwegian,norwegian,D_log
13647,-2.151791294709609,3.9405654789001314,Norwegian,norwegian,D_log
13650,2.463622298993658,-7.1995940300186865,Norwegian,norwegian,D_log
13652,-3.4322708132596964,-18.303864073930278,Norwegian,norwegian,D_log
13653,3.329360817073916,-6.295235172982122,Norwegian,norwegian,D_log
13655,-2.8890197284885075,8.1759982336045,Norwegian,norwegian,D_log
13662,-2.6663192469626082,-0.10894964823100084,Norwegian,norwegian,D_log
13665,1.307544398161597,-11.485587321393622,Norwegian,norwegian,D_log
13666,0.10679502030583714,4.213037010963625,Norwegian,norwegian,D_log
13667,0.9671925231053377,9.212711427122654,Norwegian,norwegian,D_log
13672,1.481893933044243,-5.289139389580492,Norwegian,norwegian,D_log
13673,-2.0148442077208024,2.3779041517120163,Norwegian,norwegian,D_log
13674,2.9514918776112027,-11.910718810148614,Norwegian,norwegian,D_log
13675,0.9757579149769935,2.972566367693174,Norwegian,norwegian,D_log
13678,3.984287581940844,-6.597456013839728,Norwegian,norwegian,D_log
13679,-0.343407308418338,17.974985717899102,Norwegian,norwegian,D_log
13680,2.1040319149823,2.274369322292836,Norwegian,norwegian,D_log
13688,0.9490897625040736,0.18976603783313362,Norwegian,norwegian,D_log
13689,1.5019639676577405,-6.752788005101763,Norwegian,norwegian,D_log
13690,-3.9254712161018257,4.421590506830949,Norwegian,norwegian,D_log
13694,1.9864022250785611,-8.23454215540484,Norwegian,norwegian,D_log
13697,2.786675465343605,-4.582633454758819,Norwegian,norwegian,D_log
13699,-0.24578738918870383,2.7888317232366546,Norwegian,norwegian,D_log
13706,-2.4474663020949454,-2.8300249800100383,Norwegian,norwegian,D_log
13707,-3.298668215151741,15.246193926302706,Norwegian,norwegian,D_log
13709,-0.44046049307492596,1.159483074399535,Norwegian,norwegian,D_log
13711,1.628341458729883,-5.9333449530294216,Norwegian,norwegian,D_log
13714,1.1718454608967825,2.4758419705418055,Norwegian,norwegian,D_log
13716,-0.6689056846824198,4.227445935636734,Norwegian,norwegian,D_log
13717,-0.36294560732072534,-2.8675057887377418,Norwegian,norwegian,D_log
13719,0.11592629214046686,-5.4344918786914755,Norwegian,norwegian,D_log
13722,1.1916549362697741,-0.2829051054640169,Norwegian,norwegian,D_log
13723,-0.19432567183333985,-13.928839053601148,Norwegian,norwegian,D_log
13727,-2.7989947719840855,6.238984421966887,Norwegian,norwegian,D_log
13729,0.9416384132940641,-6.983892354390111,Norwegian,norwegian,D_log
13730,2.927828672476864,-0.8692062226078665,Norwegian,norwegian,D_log
13733,1.5179359518674793,-0.4907484023661407,Norwegian,norwegian,D_log
13736,-2.102083136736124,-13.950776643462463,Norwegian,norwegian,D_log
13739,-1.028641114479198,1.6492262093618355,Norwegian,norwegian,D_log
13746,-1.4497766032985793,3.4589234865504155,Norwegian,norwegian,D_log
13747,-2.1016345806823424,3.9565406963375427,Norwegian,norwegian,D_log
13751,-3.362102079395587,-1.0366981740375536,Norwegian,norwegian,D_log
13753,0.5444907885503606,-2.2782214015484508,Norwegian,norwegian,D_log
13757,-0.2656423462018416,3.7827449033890646,Norwegian,norwegian,D_log
13760,-2.180125430048847,11.859984805770976,Norwegian,norwegian,D_log
13761,0.81406852870153,-7.158059507125946,Norwegian,norwegian,D_log
13767,1.4855051992640287,-18.247986024547053,Norwegian,norwegian,D_log
13769,1.8578595989575082,-7.461684115480767,Norwegian,norwegian,D_log
13770,-1.7504367837723518,4.3782609626832,Norwegian,norwegian,D_log
13775,0.4750874767185406,-3.954495305239006,Norwegian,norwegian,D_log
13776,2.285000939441779,-1.7690907675772007,Norwegian,norwegian,D_log
13777,-5.493482774229879,-1.4157797362695606,Norwegian,norwegian,D_log
13778,3.3437844443864466,-7.003354007810664,Norwegian,norwegian,D_log
13790,1.6792216861021594,2.1458763589366963,Norwegian,norwegian,D_log
13800,1.2863764881675155,-11.200081368859728,Norwegian,norwegian,D_log
13802,2.566125161430988,-6.114960937826497,Norwegian,norwegian,D_log
13805,-3.102225855515594,23.93670732075351,Norwegian,norwegian,D_log
13814,1.1849761472587028,-2.9852455169591874,Norwegian,norwegian,D_log
13816,-0.10012661401946908,26.938666046695953,Norwegian,norwegian,D_log
13823,0.11957138970002017,3.5955727460944873,Norwegian,norwegian,D_log
13824,3.7456723067750812,-3.258310195472505,Norwegian,norwegian,D_log
13825,-4.247142561520646,13.853226430998749,Norwegian,norwegian,D_log
13826,-0.001072538957363174,-0.3242802788599045,Norwegian,norwegian,D_log
13827,1.5418923433852036,-1.3782741630189501,Norwegian,norwegian,D_log
13831,-2.360011489599967,13.167892092380164,Norwegian,norwegian,D_log
13836,0.8779985234252705,-10.479102493631165,Norwegian,norwegian,D_log
13837,1.5957555185026981,-3.371537509139536,Norwegian,norwegian,D_log
13842,0.115475074811851,23.194345241706284,Norwegian,norwegian,D_log
13844,-3.464924057125479,5.805852758664189,Norwegian,norwegian,D_log
13849,0.3011802038314177,-6.837052867899091,Norwegian,norwegian,D_log
13850,1.8653679912228094,-8.326922627029857,Norwegian,norwegian,D_log
13856,-4.986623327060289,30.506595147976594,Norwegian,norwegian,D_log
13858,1.9031281925258918,-8.140093803011835,Norwegian,norwegian,D_log
13864,-3.470363555987537,5.408073284326038,Norwegian,norwegian,D_log
13871,-4.517490712831949,6.977099861495585,Norwegian,norwegian,D_log
13872,0.2088264309969132,-6.365384264642923,Norwegian,norwegian,D_log
13878,-0.30217567131498024,1.8375307418251516,Norwegian,norwegian,D_log
13883,-0.11193579761997284,6.687577347960817,Norwegian,norwegian,D_log
13884,0.13480650398646574,8.661073474574264,Norwegian,norwegian,D_log
13886,0.809936864055878,-4.324456338137325,Norwegian,norwegian,D_log
13888,4.484494864154394,-10.26594802914055,Norwegian,norwegian,D_log
13893,1.0956715066721208,-1.4882222874594024,Norwegian,norwegian,D_log
13901,1.5117483693098417,-1.5509299951948459,Norwegian,norwegian,D_log
13902,1.3690245608332656,1.018900067043679,Norwegian,norwegian,D_log
13904,2.1240444624713297,-0.7307003009374303,Norwegian,norwegian,D_log
13911,3.3461803766270672,-10.962107351889046,Norwegian,norwegian,D_log
13912,0.24821223606090068,2.626716897000625,Norwegian,norwegian,D_log
13915,2.131877165766312,-1.0793495795299328,Norwegian,norwegian,D_log
13917,-2.7542987435661046,12.907479396177571,Norwegian,norwegian,D_log
13918,-1.2245257463845078,-5.921082979793461,Norwegian,norwegian,D_log
13931,-4.124360672419841,-2.302515273522788,Norwegian,norwegian,D_log
13933,0.9775891705164267,-4.587799862221157,Norwegian,norwegian,D_log
13936,-3.43339824191155,8.359222367599275,Norwegian,norwegian,D_log
13937,2.708876249548261,-2.1451926581597998,Norwegian,norwegian,D_log
13941,0.974113395040645,-10.392365926803354,Norwegian,norwegian,D_log
13942,7.322175751510267,-26.09777329858418,Norwegian,norwegian,D_log
13943,0.10201502711914924,-6.496997990165854,Norwegian,norwegian,D_log
13947,-8.36673940455387,9.130593463749165,Norwegian,norwegian,D_log
13951,-2.4499552159343945,5.287749178579967,Norwegian,norwegian,D_log
13955,0.6083154714156586,-2.0005033468598925,Norwegian,norwegian,D_log
13961,-0.32798132986148726,-0.9777189970328704,Norwegian,norwegian,D_log
13971,0.4885302540338727,-3.2056371181896126,Norwegian,norwegian,D_log
13972,3.6561925138755385,-8.560927420805418,Norwegian,norwegian,D_log
13973,0.3064930790085078,-3.448966113974223,Norwegian,norwegian,D_log
13977,-1.5550050280316186,7.535641920730588,Norwegian,norwegian,D_log
13978,-1.4749010537654985,1.0247546711438267,Norwegian,norwegian,D_log
13981,4.416417055139166,-13.553244043090755,Norwegian,norwegian,D_log
13990,0.19619552592251624,-0.06152691951528663,Norwegian,norwegian,D_log
13994,1.587327143314731,1.2678993985000009,Norwegian,norwegian,D_log
13998,2.114223206524076,-4.523114799757685,Norwegian,norwegian,D_log
13999,4.3646704006231305,-15.617257485771221,Norwegian,norwegian,D_log
14001,1.2748337408427288,-8.29767772903999,Norwegian,norwegian,D_log
14002,-0.9738387647382064,6.419255361982806,Norwegian,norwegian,D_log
14003,-1.4596423464016606,-5.889658591148148,Norwegian,norwegian,D_log
14004,0.9785421487272387,-4.499532371850508,Norwegian,norwegian,D_log
14005,2.546536576493252,1.0491318468901691,Norwegian,norwegian,D_log
14006,-2.9707255292044743,7.621474761438083,Norwegian,norwegian,D_log
14010,-0.9712937854271628,2.178347525721252,Norwegian,norwegian,D_log
14011,-1.2743576422416696,-0.6907959636555749,Norwegian,norwegian,D_log
14022,-1.4049824850367458,8.668359956294559,Norwegian,norwegian,D_log
14024,-0.8173515219405755,-9.38327773023996,Norwegian,norwegian,D_log
14029,-2.4865137438976332,-1.256519510497283,Norwegian,norwegian,D_log
14033,-1.6858051218582815,5.661565481772609,Norwegian,norwegian,D_log
14040,-5.016539904211393,-13.66424412201864,Norwegian,norwegian,D_log
14041,3.2545053912802397,-4.687857963334937,Norwegian,norwegian,D_log
14044,0.6380647128106557,13.623584797030748,Norwegian,norwegian,D_log
14047,-1.7753204422709825,-1.4504555154070808,Norwegian,norwegian,D_log
14048,-0.12657203930228286,2.601052237044152,Norwegian,norwegian,D_log
14052,0.6231725980610465,-3.062443689908382,Norwegian,norwegian,D_log
14054,0.7747950763854381,-10.233238547274809,Norwegian,norwegian,D_log
14056,-0.4466975324141552,3.5925307423985235,Norwegian,norwegian,D_log
14058,-3.8061528572513392,9.160306908201761,Norwegian,norwegian,D_log
14064,-1.491125383984735,20.221526257096247,Norwegian,norwegian,D_log
14066,0.7892295859147646,2.5312578114264,Norwegian,norwegian,D_log
14067,-0.10335835785519097,-2.5294467125294946,Norwegian,norwegian,D_log
14069,-5.648209177593581,21.541064300573172,Norwegian,norwegian,D_log
14070,0.7253376184798106,12.397169745902042,Norwegian,norwegian,D_log
14075,0.921016746250847,-12.822385674695953,Norwegian,norwegian,D_log
14076,-1.2661469141512547,5.964554647540288,Norwegian,norwegian,D_log
14077,5.002923917825382,-2.7013961647190428,Norwegian,norwegian,D_log
14080,3.8909533497636732,-22.269836942416266,Norwegian,norwegian,D_log
14081,4.8699181331502475,-7.557682614247654,Norwegian,norwegian,D_log
14083,0.7306985525292007,3.855752324178857,Norwegian,norwegian,D_log
14090,2.526248262934299,-8.538084347302721,Norwegian,norwegian,D_log
14092,-3.713272631378058,-0.7334523275382483,Norwegian,norwegian,D_log
14093,-0.06181608333599586,-3.868642972452868,Norwegian,norwegian,D_log
14095,-0.20178571838793508,7.868742844061388,Norwegian,norwegian,D_log
14098,3.663252345584349,-12.903766207742972,Norwegian,norwegian,D_log
14101,-3.797792624218418,1.9354628611488476,Norwegian,norwegian,D_log
14103,-0.5656720261988374,-4.170684649070299,Norwegian,norwegian,D_log
14105,-6.326958218404282,10.06787055057492,Norwegian,norwegian,D_log
14106,2.830859101892608,-3.8861619606212203,Norwegian,norwegian,D_log
14108,-1.202604763903453,-0.88006698831055,Norwegian,norwegian,D_log
14111,5.040105532124926,-4.925304008077559,Norwegian,norwegian,D_log
14112,2.510568569336057,0.7358923088754343,Norwegian,norwegian,D_log
14114,-1.6264203216516515,2.290044638100693,Norwegian,norwegian,D_log
14115,2.4846308796232828,3.890744097415003,Norwegian,norwegian,D_log
14117,4.7149981978243405,-8.253918616716486,Norwegian,norwegian,D_log
14119,1.3186015642807989,-15.716636676751797,Norwegian,norwegian,D_log
14122,3.81829420046883,-18.352335814332243,Norwegian,norwegian,D_log
14126,0.45577921921089687,11.864813578105359,Norwegian,norwegian,D_log
14127,-0.16631162091407856,0.1409775603766112,Norwegian,norwegian,D_log
14129,1.3171828124347469,0.7564799977773382,Norwegian,norwegian,D_log
14135,5.126954614684517,-15.251921895588383,Norwegian,norwegian,D_log
14138,-0.5528008044370784,1.297028729429077,Norwegian,norwegian,D_log
14139,0.6369800052188064,-1.8707871331202863,Norwegian,norwegian,D_log
14147,-1.0024039807223386,1.3633095158154722,Norwegian,norwegian,D_log
14151,-7.1397058668530855,0.184336637668018,Norwegian,norwegian,D_log
14161,3.6236954615103265,-10.131246103072954,Norwegian,norwegian,D_log
14163,-0.21867368721202723,-0.5943435206149122,Norwegian,norwegian,D_log
14165,-3.0828091207615804,5.199073701160698,Norwegian,norwegian,D_log
14166,0.892918857428069,-6.2099643765852734,Norwegian,norwegian,D_log
14170,3.027179577014468,-11.404658856786737,Norwegian,norwegian,D_log
14171,3.253589268021377,-1.5311129372136423,Norwegian,norwegian,D_log
14175,0.2528952057046568,0.21169180237226876,Norwegian,norwegian,D_log
14176,-2.2592872109038087,-1.3605566740221275,Norwegian,norwegian,D_log
14180,5.52307752816115,-9.572352879055039,Norwegian,norwegian,D_log
14183,-3.029482792308221,11.80475583744905,Norwegian,norwegian,D_log
14189,3.9858474671492354,-9.362567136123321,Norwegian,norwegian,D_log
14192,-2.5667828562273005,-12.270469768627075,Norwegian,norwegian,D_log
14195,1.9799360699843234,-5.86807179610981,Norwegian,norwegian,D_log
14196,-0.22347896034726933,-7.885552539543785,Norwegian,norwegian,D_log
14197,1.2189358443364438,-7.562495447928838,Norwegian,norwegian,D_log
14202,1.551024040235996,0.6811937282681986,Norwegian,norwegian,D_log
14207,-0.3293637258687131,0.0458266713422312,Norwegian,norwegian,D_log
14208,-0.00919294320517338,-9.360082303228685,Norwegian,norwegian,D_log
14212,-3.390803520529056,6.210555641460263,Norwegian,norwegian,D_log
14218,2.2722271169616994,-1.9212647108454404,Norwegian,norwegian,D_log
14222,2.874414755122185,-6.5636030688298455,Norwegian,norwegian,D_log
14223,0.19877070923038168,-3.2285070802738622,Norwegian,norwegian,D_log
14226,0.1377933406890624,5.139754348888288,Norwegian,norwegian,D_log
14233,-24.08670344930074,130.10124887481118,Norwegian,norwegian,D_log
14235,-2.864915128459852,-2.3989225472118045,Norwegian,norwegian,D_log
14239,-1.7131785871518501,12.993759732169291,Norwegian,norwegian,D_log
14251,-0.36098353730127913,-5.165355318507952,Norwegian,norwegian,D_log
14252,2.3077788287380296,-8.355593919327141,Norwegian,norwegian,D_log
14257,0.32557747834800654,-1.374645619814475,Norwegian,norwegian,D_log
14258,-5.442208011688233,17.990375293489546,Norwegian,norwegian,D_log
14260,-0.4810136372735048,-5.26724025217696,Norwegian,norwegian,D_log
14262,0.6543462183933482,-4.779524003828683,Norwegian,norwegian,D_log
14263,-1.441520932395806,-1.992818901817382,Norwegian,norwegian,D_log
14266,-4.212589484899083,6.553348063563,Norwegian,norwegian,D_log
14268,-0.8851558385298474,0.1567816283815885,Norwegian,norwegian,D_log
14269,0.7889794523693957,-3.715106538937678,Norwegian,norwegian,D_log
14274,5.231321018620464,-14.5381150601179,Norwegian,norwegian,D_log
14276,0.7310228049353527,0.9259617718661879,Norwegian,norwegian,D_log
14278,3.176096914301624,-0.46734875020281175,Norwegian,norwegian,D_log
14279,-0.10929429085898094,5.532612393546934,Norwegian,norwegian,D_log
14283,1.555685146231089,-7.931530994555143,Norwegian,norwegian,D_log
14289,1.2679941393170644,1.6233838501948092,Norwegian,norwegian,D_log
14295,-0.22517756539642791,-5.461708848829626,Norwegian,norwegian,D_log
14296,-3.327746048265175,7.750309700326186,Norwegian,norwegian,D_log
14297,0.7634114997239736,-2.28034463086641,Norwegian,norwegian,D_log
14299,1.7491508184397717,-1.652782611457277,Norwegian,norwegian,D_log
14302,4.119711996951035,-10.574650711604704,Norwegian,norwegian,D_log
14303,-2.276288795946105,-5.038413457706922,Norwegian,norwegian,D_log
14309,-0.13998282798889577,5.963485031630376,Norwegian,norwegian,D_log
14310,-10.184803411256258,35.23590385361703,Norwegian,norwegian,D_log
14312,-2.8748682849561646,-1.4996310337884768,Norwegian,norwegian,D_log
14321,-1.0803874768888533,-1.5104089499135713,Norwegian,norwegian,D_log
14323,-15.575729045993386,53.454844019336555,Norwegian,norwegian,D_log
14328,0.508937553117283,2.460189334769773,Norwegian,norwegian,D_log
14329,-3.483739787650992,2.766329724619575,Norwegian,norwegian,D_log
14332,-0.6481345660560702,-7.247394617375573,Norwegian,norwegian,D_log
14333,-1.6819914066648243,1.6924100952896006,Norwegian,norwegian,D_log
14348,-0.4975483762718573,-0.9322505115105542,Norwegian,norwegian,D_log
14349,-0.40190192795325863,3.7697544757979102,Norwegian,norwegian,D_log
14352,-1.1956180895766542,1.7241835247904098,Norwegian,norwegian,D_log
14356,-0.5874135396310253,11.53515355863163,Norwegian,norwegian,D_log
14358,1.3333132717888183,-9.370928520355658,Norwegian,norwegian,D_log
14360,-1.105728384170277,-8.140510055802396,Norwegian,norwegian,D_log
14369,1.7482524248874194,-6.266899855704273,Norwegian,norwegian,D_log
14370,1.3818326647136545,-4.500476443244148,Norwegian,norwegian,D_log
14371,-2.547014148452792,19.255048633430945,Norwegian,norwegian,D_log
14374,3.2558969644246742,-8.539744613834197,Norwegian,norwegian,D_log
14375,-4.792022268731945,28.933001106413233,Norwegian,norwegian,D_log
14376,-4.901399416066536,13.217602362849815,Norwegian,norwegian,D_log
14381,0.5962162163942796,-3.1757229527868835,Norwegian,norwegian,D_log
14383,-0.5476142336139302,-5.193847981663845,Norwegian,norwegian,D_log
14385,-0.9045202139060254,1.1243509717585232,Norwegian,norwegian,D_log
14392,2.9713284816221637,-6.8572762802693035,Norwegian,norwegian,D_log
14399,2.128404959400751,-1.1903310991159193,Norwegian,norwegian,D_log
14404,-1.7610062962404054,-2.2334410112545515,Norwegian,norwegian,D_log
14405,-3.6125596587645386,12.056574161914892,Norwegian,norwegian,D_log
14407,-2.4929151099786364,0.4837868500347906,Norwegian,norwegian,D_log
14425,-1.9449175910535434,-1.6015732506535172,Norwegian,norwegian,D_log
14427,-1.593663413007307,-8.102828360065873,Norwegian,norwegian,D_log
14429,3.077474844818431,-14.673572853367736,Norwegian,norwegian,D_log
14438,-5.675281604693749,-9.723675805203996,Norwegian,norwegian,D_log
14460,0.8747339362851732,-4.554673720859475,Norwegian,norwegian,D_log
14463,2.0278947119509656,-17.07927198091446,Norwegian,norwegian,D_log
14472,3.5137666955144486,-13.870807261249603,Norwegian,norwegian,D_log
14475,6.505265889223306,-7.579350632528267,Norwegian,norwegian,D_log
14478,0.16596752077484783,-5.761955350547695,Norwegian,norwegian,D_log
14483,2.585541501618345,-14.637078871986311,Norwegian,norwegian,D_log
14494,2.6916125989050164,-7.031224811446654,Norwegian,norwegian,D_log
14497,0.07155137415298564,5.158537196878614,Norwegian,norwegian,D_log
14499,1.2391236595822137,-3.1815298614584124,Norwegian,norwegian,D_log
14502,-0.4824068232790101,10.28465792725342,Norwegian,norwegian,D_log
14511,-2.216450776910401,5.878856284636357,Norwegian,norwegian,D_log
14514,-1.247960839641606,0.9076948671407717,Norwegian,norwegian,D_log
14516,-1.3855072283191294,0.9009821658832986,Norwegian,norwegian,D_log
14524,-4.66525748361887,3.139275653267251,Norwegian,norwegian,D_log
14528,-2.8740362200287404,13.686393939321443,Norwegian,norwegian,D_log
14584,-4.51808883896413,17.62321841232844,Norwegian,norwegian,D_log
14587,-6.738647559942362,-3.167033493194716,Norwegian,norwegian,D_log
14605,1.9259943313928183,-1.6912962309461395,Norwegian,norwegian,D_log
14608,-0.9982281785127787,-4.421977090502526,Norwegian,norwegian,D_log
14610,3.047864587232934,-12.675624256699717,Norwegian,norwegian,D_log
14619,0.0043035432825795665,7.147766329374675,Norwegian,norwegian,D_log
14620,2.585879613256015,-6.830738059377068,Norwegian,norwegian,D_log
14637,-0.08369641863979346,-4.416629514674429,Norwegian,norwegian,D_log
14643,-0.29493851358576983,1.576275310325518,Norwegian,norwegian,D_log
14646,-1.9780024099555542,-2.5255059581106383,Norwegian,norwegian,D_log
14647,-0.41345706561695067,-3.2328702331137853,Norwegian,norwegian,D_log
14660,-3.9571664470956742,5.658257321858195,Norwegian,norwegian,D_log
14677,-6.206069704168435,13.28376482458956,Norwegian,norwegian,D_log
14680,-0.5263698719495897,0.8044760457799287,Norwegian,norwegian,D_log
14685,-2.3800162156672817,7.360435975278893,Norwegian,norwegian,D_log
14702,-1.3530652306665558,-2.1585616575501145,Norwegian,norwegian,D_log
14793,-0.4011300914260415,-4.569602011779613,Norwegian,norwegian,D_log
14807,3.2865496240717493,-12.455134294585251,Norwegian,norwegian,D_log
14813,-0.8042220507608621,4.555787114336452,Norwegian,norwegian,D_log
14829,-5.623639941504735,28.34823168082349,Norwegian,norwegian,D_log
14842,0.5772249228798094,3.823523421214769,Norwegian,norwegian,D_log
14889,-11.724718652549766,49.29626904651305,Norwegian,norwegian,D_log
14911,0.7158707761763299,-14.713075698859674,Norwegian,norwegian,D_log
14915,-0.145267338759623,0.7061113931352315,Norwegian,norwegian,D_log
14932,-3.7206535000697505,10.754206675224731,Norwegian,norwegian,D_log
14939,-0.46234431246288915,-5.889648722791448,Norwegian,norwegian,D_log
14976,-3.1121212990973204,3.3005392397119935,Norwegian,norwegian,D_log
14982,4.0462235934395245,-16.965641053163832,Norwegian,norwegian,D_log
14991,-6.6328436882357655,20.683259517854136,Norwegian,norwegian,D_log
14997,-3.363263032047659,17.540730903638686,Norwegian,norwegian,D_log
15003,-9.53507571755707,24.30860623772301,Norwegian,norwegian,D_log
15018,-4.551864174907749,11.227315586131411,Norwegian,norwegian,D_log
15025,-1.0504330832766502,1.5040102404598839,Norwegian,norwegian,D_log
15036,-7.670053802232422,6.1521557196785635,Norwegian,norwegian,D_log
15045,-9.48060767359545,27.38733846318864,Norwegian,norwegian,D_log
15058,9.455619862719127,-32.3986701564192,Norwegian,norwegian,D_log
15066,0.9204748366244299,-5.172551835417142,Norwegian,norwegian,D_log
15070,-8.057637937958148,36.39838562333132,Norwegian,norwegian,D_log
15106,-1.9824878575005758,-6.426350652086123,Norwegian,norwegian,D_log
15133,2.2273169844186955,-11.753371689307762,Norwegian,norwegian,D_log
15148,-1.2254543930804134,-0.9060407237367505,Norwegian,norwegian,D_log
15186,1.274915114934039,-8.647826426780673,Norwegian,norwegian,D_log
15201,4.972806135749289e-4,-7.296836354552859,Norwegian,norwegian,D_log
15246,-8.846130316746372,27.999441841356695,Norwegian,norwegian,D_log
15253,-5.988681464945353,10.276496139481596,Norwegian,norwegian,D_log
15277,-9.15658785616999,26.249527912625553,Norwegian,norwegian,D_log
15290,-0.32587089291045274,-6.716578617744331,Norwegian,norwegian,D_log
15293,1.546743870576532,-3.8911048872975655,Norwegian,norwegian,D_log
15349,-1.7157048130964225,0.9720339151398284,Norwegian,norwegian,D_log
15385,-8.865924625638344,21.992607368700035,Norwegian,norwegian,D_log
15410,-3.911918178839656,2.94259165353137,Norwegian,norwegian,D_log
15411,0.616703431858141,-5.427858670917528,Norwegian,norwegian,D_log
15415,-4.163829562547923,12.533130661744698,Norwegian,norwegian,D_log
15445,1.1350454305170916,-0.025273347663658186,Norwegian,norwegian,D_log
15448,-2.433166554727718,1.2906183984606359,Norwegian,norwegian,D_log
15474,-8.162272924546864,22.1285898708879,Norwegian,norwegian,D_log
15487,-5.122892571512446,12.102094588063014,Norwegian,norwegian,D_log
18072,-1.6875495556803157,-5.60299452869602,Norwegian,norwegian,D_log
18073,-1.4645836209462424,-5.614435683588269,Norwegian,norwegian,D_log
18074,-1.430216900249736,-5.312455028011919,Norwegian,norwegian,D_log
18075,-0.43242401561453864,-4.844610093003606,Norwegian,norwegian,D_log
18076,-3.5944296499704604,-6.818089746362044,Norwegian,norwegian,D_log
18077,-1.138260855773905,-3.820391554363397,Norwegian,norwegian,D_log
18078,0.3138357910292328,0.853985510211363,Norwegian,norwegian,D_log
18079,-1.0671144210826249,-4.373410854647729,Norwegian,norwegian,D_log
18080,-2.8100640321636208,-7.338955066766767,Norwegian,norwegian,D_log
18081,0.6394572399917318,-1.068376474846966,Norwegian,norwegian,D_log
18082,-0.9316580265759612,-6.261515788825121,Norwegian,norwegian,D_log
18083,1.4848246039687656,-1.42169737470999,Norwegian,norwegian,D_log
18084,2.204295827177855,0.5008066518792142,Norwegian,norwegian,D_log
18085,-4.573616826651093,-9.446231002253901,Norwegian,norwegian,D_log
18086,-4.048264180218158,-9.067290168686206,Norwegian,norwegian,D_log
18087,-1.2525038853524073,-3.7674708928932086,Norwegian,norwegian,D_log
18088,-4.699236237938517,-10.60365655387805,Norwegian,norwegian,D_log
18089,-0.39171201084945567,-1.6232829345341095,Norwegian,norwegian,D_log
18090,-0.37417337656436983,-3.964156177982944,Norwegian,norwegian,D_log
18091,-1.700101045917082,-4.285136147580464,Norwegian,norwegian,D_log
18092,0.3101386869182018,-2.8248770092990325,Norwegian,norwegian,D_log
18093,-2.8883367082275835,-1.22961820031564,Norwegian,norwegian,D_log
18094,1.9524020878305919,-0.34770823771251314,Norwegian,norwegian,D_log
18095,-3.0238647503196936,-5.7937377154434415,Norwegian,norwegian,D_log
18096,1.4471420261893206,-0.319403397827111,Norwegian,norwegian,D_log
18097,0.6788902050690409,-1.6909273144073151,Norwegian,norwegian,D_log
18098,-1.8742693309250424,-7.397848419603153,Norwegian,norwegian,D_log
18099,0.2742749658043663,-4.676936034287102,Norwegian,norwegian,D_log
18100,-0.5892244706855049,-5.583096760072831,Norwegian,norwegian,D_log
18101,-3.5399072136086116,-6.319453070386711,Norwegian,norwegian,D_log
18102,-1.6023898635024638,-4.660006733818378,Norwegian,norwegian,D_log
18103,-2.888294405350868,-7.698601350614458,Norwegian,norwegian,D_log
18104,-0.7280490876336816,-4.625959855209085,Norwegian,norwegian,D_log
18105,-1.9906070802011233,-7.963855599298784,Norwegian,norwegian,D_log
18106,-4.749937281207641,-5.017732885297926,Norwegian,norwegian,D_log
18107,6.769859217139655,5.8952243081795626,Norwegian,norwegian,D_log
18108,-0.07781657388861336,-2.516926669257871,Norwegian,norwegian,D_log
18109,-2.2013383991201088,-5.833460937536641,Norwegian,norwegian,D_log
18110,2.802379544676139,2.3281161320109987,Norwegian,norwegian,D_log
18111,7.135082596391136,2.060531973171062,Norwegian,norwegian,D_log
18112,-3.4865750591707325,-6.1259332867329475,Norwegian,norwegian,D_log
18113,-0.5171766326586027,-3.823948834908513,Norwegian,norwegian,D_log
18114,-3.439183586272129,-8.482297818285032,Norwegian,norwegian,D_log
18115,-1.413493399054107,-3.967385285485955,Norwegian,norwegian,D_log
18116,2.8678558021363307,1.433167280647714,Norwegian,norwegian,D_log
18117,-3.2119177884620544,-7.25226850300988,Norwegian,norwegian,D_log
18118,-3.3365104871640736,-3.594205637737603,Norwegian,norwegian,D_log
18119,0.23360026621330626,-0.6778057229469463,Norwegian,norwegian,D_log
18120,-2.1682096244683957,0.6787364212835307,Norwegian,norwegian,D_log
18121,-3.2920055490561575,-8.306644335916763,Norwegian,norwegian,D_log
18122,-1.3830421182780699,-6.574546384347236,Norwegian,norwegian,D_log
18123,1.1682574377898145,0.9522975953962635,Norwegian,norwegian,D_log
18124,-3.9782813979118163,-7.219104744161771,Norwegian,norwegian,D_log
18125,-2.58153169541186,-7.979837072828774,Norwegian,norwegian,D_log
18126,-3.6247889009059007,-7.471762416036151,Norwegian,norwegian,D_log
18127,1.2776406234277238,-1.600484731349972,Norwegian,norwegian,D_log
18128,-5.17745845823853,-9.4139421133833725,Norwegian,norwegian,D_log
18129,-3.1004580079361874,-6.378943290875681,Norwegian,norwegian,D_log
18130,0.20055473022743492,-3.2048630093196095,Norwegian,norwegian,D_log
18131,-2.0851354535414135,-6.412745260568846,Norwegian,norwegian,D_log
18132,-1.1113529668262576,0.25965861712150784,Norwegian,norwegian,D_log
18133,-1.2308149474408883,-5.785200164845751,Norwegian,norwegian,D_log
18134,0.4748023600084876,-2.55008422421389,Norwegian,norwegian,D_log
18135,-1.691578225024855,-2.2394162888836795,Norwegian,norwegian,D_log
18136,0.6385761381041827,-1.7836336910710624,Norwegian,norwegian,D_log
18137,3.575056897382909,0.7093146373288688,Norwegian,norwegian,D_log
18138,0.531439854829818,-5.525457080296522,Norwegian,norwegian,D_log
18139,2.031186634526981,-2.8405035772239007,Norwegian,norwegian,D_log
18140,-2.355667667334543,-4.254394243909306,Norwegian,norwegian,D_log
18141,-2.3391332933869333,-5.491495736015042,Norwegian,norwegian,D_log
18142,-1.3775609905015729,-2.3457181180336795,Norwegian,norwegian,D_log
18143,-1.6142818186026642,-3.310392743349732,Norwegian,norwegian,D_log
18144,-1.667644103087665,-6.496481029824492,Norwegian,norwegian,D_log
18145,2.257612160137339,0.6205546304716432,Norwegian,norwegian,D_log
18146,-2.355209105258317,-6.123844706949816,Norwegian,norwegian,D_log
18147,-3.2302310039375803,-7.477911160112531,Norwegian,norwegian,D_log
18148,-1.3027671271344696,-3.0588802038035756,Norwegian,norwegian,D_log
18149,-3.7810503019361823,-9.6769346105539,Norwegian,norwegian,D_log
18150,0.8921967741466934,-0.9448093267884333,Norwegian,norwegian,D_log
18151,-2.5553523349987453,-6.512556534913114,Norwegian,norwegian,D_log
18152,4.830651870926367,0.3899967984032,Norwegian,norwegian,D_log
18153,-0.28412488587188783,-3.4356269859203774,Norwegian,norwegian,D_log
18154,-1.8683654852522549,-3.018482924709699,Norwegian,norwegian,D_log
18155,-2.920515474370403,-4.892304816337429,Norwegian,norwegian,D_log
18156,-2.2686874744039534,-6.222916486548562,Norwegian,norwegian,D_log
18157,2.6280337879155837,0.8403561462166738,Norwegian,norwegian,D_log
18158,-1.9543002769538715,-3.855294858658237,Norwegian,norwegian,D_log
18159,-0.7220599033898325,-3.9478063855862224,Norwegian,norwegian,D_log
18160,-4.247178102791709,-6.331742872712164,Norwegian,norwegian,D_log
18161,-3.1915117464380343,-7.258617734024726,Norwegian,norwegian,D_log
18162,4.92041908500077,6.886310199991415,Norwegian,norwegian,D_log
18163,-1.3420820640282334,-4.063573811533382,Norwegian,norwegian,D_log
18164,1.613230354684636,-0.7434902039143964,Norwegian,norwegian,D_log
18165,0.06422678275519991,-5.438760572934033,Norwegian,norwegian,D_log
18166,4.877090801593505,4.464490973411427,Norwegian,norwegian,D_log
18167,-2.801471207435317,-4.1497128880326075,Norwegian,norwegian,D_log
18168,-4.70036842133824,-6.156493558154708,Norwegian,norwegian,D_log
18169,-4.053555818704098,-6.012969898772467,Norwegian,norwegian,D_log
18170,-3.319028913638975,-8.116070812181285,Norwegian,norwegian,D_log
18171,5.07434184431947,6.8076857524291094,Norwegian,norwegian,D_log
18172,-1.4806439440285504,-5.531071986389589,Norwegian,norwegian,D_log
18173,2.3640276194995393,-2.8447997286403544,Norwegian,norwegian,D_log
18174,-2.016725606778221,-4.613003070574231,Norwegian,norwegian,D_log
18175,1.3377552779856925,-0.6471503292781988,Norwegian,norwegian,D_log
18176,1.1878739597311607,-1.7298633530415581,Norwegian,norwegian,D_log
18177,-2.986327255166751,-6.896503900684831,Norwegian,norwegian,D_log
18178,1.6609085643909862,-2.3470283112336805,Norwegian,norwegian,D_log
18179,-1.939800762575011,-4.29296931177619,Norwegian,norwegian,D_log
18180,-2.550184432376871,-7.24302302044161,Norwegian,norwegian,D_log
18181,-1.4100478248365882,-2.7983478720250243,Norwegian,norwegian,D_log
18182,-2.4310401904112253,-5.710883331909747,Norwegian,norwegian,D_log
18183,3.145707397051889,4.277322210294553,Norwegian,norwegian,D_log
18184,-4.696407960828633,-10.16484683546275,Norwegian,norwegian,D_log
18185,-0.843584251631524,-0.3964599536908133,Norwegian,norwegian,D_log
