child_id,intercept_blup,slope_blup,language,lang_slug,model
Kristoffersen::10003,0.4368212967394728,NA,Norwegian,norwegian,C_log
Kristoffersen::10022,1.6293915495346667,NA,Norwegian,norwegian,C_log
Kristoffersen::10025,0.30100556264464984,NA,Norwegian,norwegian,C_log
Kristoffersen::10030,1.4353175082877836,NA,Norwegian,norwegian,C_log
Kristoffersen::10032,-1.0075897157087228,NA,Norwegian,norwegian,C_log
Kristoffersen::10033,2.0413820898891366,NA,Norwegian,norwegian,C_log
Kristoffersen::10040,2.0013964785382248,NA,Norwegian,norwegian,C_log
Kristoffersen::10042,0.25881982603333,NA,Norwegian,norwegian,C_log
Kristoffersen::10044,4.582571661837233,NA,Norwegian,norwegian,C_log
Kristoffersen::10052,2.098326185200047,NA,Norwegian,norwegian,C_log
Kristoffersen::10056,-2.217464263847405,NA,Norwegian,norwegian,C_log
Kristoffersen::10059,-1.04781846431495,NA,Norwegian,norwegian,C_log
Kristoffersen::10064,1.4232745433140424,NA,Norwegian,norwegian,C_log
Kristoffersen::10075,-1.9394999390237608,NA,Norwegian,norwegian,C_log
Kristoffersen::10076,2.613805856215494,NA,Norwegian,norwegian,C_log
Kristoffersen::10079,-1.6742971126405675,NA,Norwegian,norwegian,C_log
Kristoffersen::10085,-1.7832942827024119,NA,Norwegian,norwegian,C_log
Kristoffersen::10111,-0.09561035593249052,NA,Norwegian,norwegian,C_log
Kristoffersen::10119,-0.26406548944373515,NA,Norwegian,norwegian,C_log
Kristoffersen::10120,-0.6042751295653107,NA,Norwegian,norwegian,C_log
Kristoffersen::10127,-2.559141218797956,NA,Norwegian,norwegian,C_log
Kristoffersen::10130,1.4976432858612017,NA,Norwegian,norwegian,C_log
Kristoffersen::10136,0.8665654298580889,NA,Norwegian,norwegian,C_log
Kristoffersen::10145,0.42141807001871245,NA,Norwegian,norwegian,C_log
Kristoffersen::1015,1.4966234288646256,NA,Norwegian,norwegian,C_log
Kristoffersen::10151,-2.648425865816344,NA,Norwegian,norwegian,C_log
Kristoffersen::10167,0.5185587806585171,NA,Norwegian,norwegian,C_log
Kristoffersen::1017,0.4296492549256891,NA,Norwegian,norwegian,C_log
Kristoffersen::10178,0.14287416831588534,NA,Norwegian,norwegian,C_log
Kristoffersen::10183,2.3403987990730144,NA,Norwegian,norwegian,C_log
Kristoffersen::10184,-0.6102243437188909,NA,Norwegian,norwegian,C_log
Kristoffersen::10185,2.468095983615263,NA,Norwegian,norwegian,C_log
Kristoffersen::10190,2.767751923615288,NA,Norwegian,norwegian,C_log
Kristoffersen::10200,2.349264987324192,NA,Norwegian,norwegian,C_log
Kristoffersen::10208,0.8232355748957918,NA,Norwegian,norwegian,C_log
Kristoffersen::10224,0.6287681705333741,NA,Norwegian,norwegian,C_log
Kristoffersen::10226,1.7588026331717466,NA,Norwegian,norwegian,C_log
Kristoffersen::10229,-1.4165093595403047,NA,Norwegian,norwegian,C_log
Kristoffersen::10231,-1.329669703615272,NA,Norwegian,norwegian,C_log
Kristoffersen::10233,1.8254094274405877,NA,Norwegian,norwegian,C_log
Kristoffersen::10250,2.3662675793713914,NA,Norwegian,norwegian,C_log
Kristoffersen::10262,0.06869789429523446,NA,Norwegian,norwegian,C_log
Kristoffersen::10281,-0.7042096497319372,NA,Norwegian,norwegian,C_log
Kristoffersen::10293,0.5037027820216506,NA,Norwegian,norwegian,C_log
Kristoffersen::10320,-1.2972834635969197,NA,Norwegian,norwegian,C_log
Kristoffersen::10322,2.5693510805355095,NA,Norwegian,norwegian,C_log
Kristoffersen::10324,-1.9698838544693484,NA,Norwegian,norwegian,C_log
Kristoffersen::10333,-3.4827414727061816,NA,Norwegian,norwegian,C_log
Kristoffersen::10336,1.7470035615256376,NA,Norwegian,norwegian,C_log
Kristoffersen::10349,0.9707812392703704,NA,Norwegian,norwegian,C_log
Kristoffersen::10350,4.486711375069006,NA,Norwegian,norwegian,C_log
Kristoffersen::10367,-1.1653392656155155,NA,Norwegian,norwegian,C_log
Kristoffersen::10398,-1.7789081544022245,NA,Norwegian,norwegian,C_log
Kristoffersen::10403,1.3415405142287673,NA,Norwegian,norwegian,C_log
Kristoffersen::10404,2.001586086320254,NA,Norwegian,norwegian,C_log
Kristoffersen::10406,3.160346390436163,NA,Norwegian,norwegian,C_log
Kristoffersen::10408,2.184267560458495,NA,Norwegian,norwegian,C_log
Kristoffersen::10412,-0.7394832439635722,NA,Norwegian,norwegian,C_log
Kristoffersen::10427,-1.0051319653716408,NA,Norwegian,norwegian,C_log
Kristoffersen::1043,-3.2839035553193403,NA,Norwegian,norwegian,C_log
Kristoffersen::10431,2.175228246875361,NA,Norwegian,norwegian,C_log
Kristoffersen::10433,0.053716491506101756,NA,Norwegian,norwegian,C_log
Kristoffersen::10436,0.8607985529452454,NA,Norwegian,norwegian,C_log
Kristoffersen::10439,-1.5572650717171488,NA,Norwegian,norwegian,C_log
Kristoffersen::10444,1.910742619942479,NA,Norwegian,norwegian,C_log
Kristoffersen::10452,2.585418404479784,NA,Norwegian,norwegian,C_log
Kristoffersen::10460,3.072378211790505,NA,Norwegian,norwegian,C_log
Kristoffersen::10461,-4.0705891674096994,NA,Norwegian,norwegian,C_log
Kristoffersen::10470,0.2669006023309349,NA,Norwegian,norwegian,C_log
Kristoffersen::10475,2.0879654308522215,NA,Norwegian,norwegian,C_log
Kristoffersen::10494,0.7535538106733495,NA,Norwegian,norwegian,C_log
Kristoffersen::10495,-0.13118671833653536,NA,Norwegian,norwegian,C_log
Kristoffersen::10507,-3.4542441874275847,NA,Norwegian,norwegian,C_log
Kristoffersen::10508,-0.4498938049961371,NA,Norwegian,norwegian,C_log
Kristoffersen::10510,0.2827493607866763,NA,Norwegian,norwegian,C_log
Kristoffersen::10514,1.280236677202313,NA,Norwegian,norwegian,C_log
Kristoffersen::10516,-0.4666373219941767,NA,Norwegian,norwegian,C_log
Kristoffersen::10522,-0.5757797894214698,NA,Norwegian,norwegian,C_log
Kristoffersen::10523,0.9255334614580082,NA,Norwegian,norwegian,C_log
Kristoffersen::10525,0.48690888252065345,NA,Norwegian,norwegian,C_log
Kristoffersen::10532,-0.1561662411308755,NA,Norwegian,norwegian,C_log
Kristoffersen::10533,0.2711350618438527,NA,Norwegian,norwegian,C_log
Kristoffersen::10535,1.0578697393071987,NA,Norwegian,norwegian,C_log
Kristoffersen::10541,-0.4927231521824273,NA,Norwegian,norwegian,C_log
Kristoffersen::10546,-0.10982627341574372,NA,Norwegian,norwegian,C_log
Kristoffersen::10566,0.6602469474445978,NA,Norwegian,norwegian,C_log
Kristoffersen::10585,-3.3374174851345706,NA,Norwegian,norwegian,C_log
Kristoffersen::10590,0.5671504473741793,NA,Norwegian,norwegian,C_log
Kristoffersen::10594,1.293279970930317,NA,Norwegian,norwegian,C_log
Kristoffersen::10596,0.60149173541135,NA,Norwegian,norwegian,C_log
Kristoffersen::10598,-1.3228089051686314,NA,Norwegian,norwegian,C_log
Kristoffersen::10606,0.4509041254435891,NA,Norwegian,norwegian,C_log
Kristoffersen::1061,-0.5399040511464092,NA,Norwegian,norwegian,C_log
Kristoffersen::10618,-0.6467403190240913,NA,Norwegian,norwegian,C_log
Kristoffersen::10626,0.7024732597265095,NA,Norwegian,norwegian,C_log
Kristoffersen::10636,-2.5904838447166894,NA,Norwegian,norwegian,C_log
Kristoffersen::10638,2.899810961727683,NA,Norwegian,norwegian,C_log
Kristoffersen::10644,1.387632448158767,NA,Norwegian,norwegian,C_log
Kristoffersen::10654,-5.3217431071230825,NA,Norwegian,norwegian,C_log
Kristoffersen::10655,1.2899245443507703,NA,Norwegian,norwegian,C_log
Kristoffersen::10661,1.8929222282348417,NA,Norwegian,norwegian,C_log
Kristoffersen::10663,2.9711989885402326,NA,Norwegian,norwegian,C_log
Kristoffersen::10679,0.10354321317289124,NA,Norwegian,norwegian,C_log
Kristoffersen::10681,-2.436028189484289,NA,Norwegian,norwegian,C_log
Kristoffersen::10682,2.256503672375245,NA,Norwegian,norwegian,C_log
Kristoffersen::10687,2.157057876678764,NA,Norwegian,norwegian,C_log
Kristoffersen::10688,2.398227229739244,NA,Norwegian,norwegian,C_log
Kristoffersen::10691,-2.2056132757168303,NA,Norwegian,norwegian,C_log
Kristoffersen::10697,-0.876745049041687,NA,Norwegian,norwegian,C_log
Kristoffersen::10706,2.1716000548653076,NA,Norwegian,norwegian,C_log
Kristoffersen::10707,-4.505901854561272,NA,Norwegian,norwegian,C_log
Kristoffersen::10721,2.216701322904082,NA,Norwegian,norwegian,C_log
Kristoffersen::10729,-3.322655325492326,NA,Norwegian,norwegian,C_log
Kristoffersen::10730,-3.617540693043077,NA,Norwegian,norwegian,C_log
Kristoffersen::10755,-2.94372568118012,NA,Norwegian,norwegian,C_log
Kristoffersen::10756,3.194744311304318,NA,Norwegian,norwegian,C_log
Kristoffersen::10762,0.06493103495350672,NA,Norwegian,norwegian,C_log
Kristoffersen::10776,0.19821825971056292,NA,Norwegian,norwegian,C_log
Kristoffersen::10784,-0.529490478185968,NA,Norwegian,norwegian,C_log
Kristoffersen::10785,0.8644605853309952,NA,Norwegian,norwegian,C_log
Kristoffersen::10788,2.2389726728401227,NA,Norwegian,norwegian,C_log
Kristoffersen::10804,0.2057316527509717,NA,Norwegian,norwegian,C_log
Kristoffersen::1081,0.26461130757741497,NA,Norwegian,norwegian,C_log
Kristoffersen::10813,1.124532069332674,NA,Norwegian,norwegian,C_log
Kristoffersen::10821,1.5573076997285273,NA,Norwegian,norwegian,C_log
Kristoffersen::10825,0.8422810329745206,NA,Norwegian,norwegian,C_log
Kristoffersen::10828,1.981590451908496,NA,Norwegian,norwegian,C_log
Kristoffersen::1084,1.684186809871762,NA,Norwegian,norwegian,C_log
Kristoffersen::10840,-1.4926271885986273,NA,Norwegian,norwegian,C_log
Kristoffersen::10843,-3.669468182986818,NA,Norwegian,norwegian,C_log
Kristoffersen::10844,-0.215358998968194,NA,Norwegian,norwegian,C_log
Kristoffersen::10854,2.810975908931269,NA,Norwegian,norwegian,C_log
Kristoffersen::10857,-2.2374367694107193,NA,Norwegian,norwegian,C_log
Kristoffersen::10862,3.9955591178295373,NA,Norwegian,norwegian,C_log
Kristoffersen::10867,3.1151112799273477,NA,Norwegian,norwegian,C_log
Kristoffersen::10871,-1.8722861095886345,NA,Norwegian,norwegian,C_log
Kristoffersen::10875,-2.823584193092128,NA,Norwegian,norwegian,C_log
Kristoffersen::10888,0.978613139503514,NA,Norwegian,norwegian,C_log
Kristoffersen::10898,0.7934700338013846,NA,Norwegian,norwegian,C_log
Kristoffersen::10904,-0.05330203406502573,NA,Norwegian,norwegian,C_log
Kristoffersen::10905,-0.6136602217458111,NA,Norwegian,norwegian,C_log
Kristoffersen::10906,-4.70548087517935,NA,Norwegian,norwegian,C_log
Kristoffersen::10912,0.17465721096079642,NA,Norwegian,norwegian,C_log
Kristoffersen::10915,-0.2201197861358492,NA,Norwegian,norwegian,C_log
Kristoffersen::10919,-0.8904016829444418,NA,Norwegian,norwegian,C_log
Kristoffersen::10923,0.05479681545127006,NA,Norwegian,norwegian,C_log
Kristoffersen::10924,0.5052240947920538,NA,Norwegian,norwegian,C_log
Kristoffersen::10925,-4.322863944942969,NA,Norwegian,norwegian,C_log
Kristoffersen::10928,2.2833836286825844,NA,Norwegian,norwegian,C_log
Kristoffersen::10930,0.9997937045775459,NA,Norwegian,norwegian,C_log
Kristoffersen::10934,3.292895308157924,NA,Norwegian,norwegian,C_log
Kristoffersen::10936,-0.0761816125916088,NA,Norwegian,norwegian,C_log
Kristoffersen::10937,-1.065947040728408,NA,Norwegian,norwegian,C_log
Kristoffersen::10951,0.6556406842036647,NA,Norwegian,norwegian,C_log
Kristoffersen::10959,1.390547227802388,NA,Norwegian,norwegian,C_log
Kristoffersen::1096,0.060003796547395384,NA,Norwegian,norwegian,C_log
Kristoffersen::10960,0.2419389413233375,NA,Norwegian,norwegian,C_log
Kristoffersen::10968,-0.8485991818009382,NA,Norwegian,norwegian,C_log
Kristoffersen::10972,-0.20116117455870508,NA,Norwegian,norwegian,C_log
Kristoffersen::10991,-2.3058505364761577,NA,Norwegian,norwegian,C_log
Kristoffersen::10993,2.9482901049156203,NA,Norwegian,norwegian,C_log
Kristoffersen::11011,-1.4379158357564337,NA,Norwegian,norwegian,C_log
Kristoffersen::11013,0.12957990666603528,NA,Norwegian,norwegian,C_log
Kristoffersen::11015,2.4102790568590837,NA,Norwegian,norwegian,C_log
Kristoffersen::11019,-0.5726585645758245,NA,Norwegian,norwegian,C_log
Kristoffersen::11027,-0.18731359875926465,NA,Norwegian,norwegian,C_log
Kristoffersen::11035,-1.7569142244370797,NA,Norwegian,norwegian,C_log
Kristoffersen::11040,2.1017539148591338,NA,Norwegian,norwegian,C_log
Kristoffersen::11047,-3.238563176533729,NA,Norwegian,norwegian,C_log
Kristoffersen::11049,-2.4847110328460316,NA,Norwegian,norwegian,C_log
Kristoffersen::11053,-0.4166618629561339,NA,Norwegian,norwegian,C_log
Kristoffersen::11055,-0.684329587749434,NA,Norwegian,norwegian,C_log
Kristoffersen::11073,0.8598507013376666,NA,Norwegian,norwegian,C_log
Kristoffersen::11074,-1.526248191362858,NA,Norwegian,norwegian,C_log
Kristoffersen::11075,2.175540091971358,NA,Norwegian,norwegian,C_log
Kristoffersen::11076,-0.8149602539697605,NA,Norwegian,norwegian,C_log
Kristoffersen::11077,0.3539233276609427,NA,Norwegian,norwegian,C_log
Kristoffersen::11078,0.5492418286309976,NA,Norwegian,norwegian,C_log
Kristoffersen::11081,1.6103322963230964,NA,Norwegian,norwegian,C_log
Kristoffersen::11085,2.7905474340849077,NA,Norwegian,norwegian,C_log
Kristoffersen::11087,0.35392332766094375,NA,Norwegian,norwegian,C_log
Kristoffersen::1109,-0.9818486683453662,NA,Norwegian,norwegian,C_log
Kristoffersen::11093,-5.632724217651591,NA,Norwegian,norwegian,C_log
Kristoffersen::11095,-0.690082806110189,NA,Norwegian,norwegian,C_log
Kristoffersen::11101,0.6135794202838338,NA,Norwegian,norwegian,C_log
Kristoffersen::11120,-0.8479163285515342,NA,Norwegian,norwegian,C_log
Kristoffersen::11126,0.44265253349169525,NA,Norwegian,norwegian,C_log
Kristoffersen::1113,-0.07133219982861476,NA,Norwegian,norwegian,C_log
Kristoffersen::11135,-3.2934624742194947,NA,Norwegian,norwegian,C_log
Kristoffersen::11136,-1.7780957008060734,NA,Norwegian,norwegian,C_log
Kristoffersen::1114,-0.3875301346635386,NA,Norwegian,norwegian,C_log
Kristoffersen::11145,-0.6609775071146186,NA,Norwegian,norwegian,C_log
Kristoffersen::11147,-0.7821999198520072,NA,Norwegian,norwegian,C_log
Kristoffersen::11174,2.843036638496079,NA,Norwegian,norwegian,C_log
Kristoffersen::11177,0.6637322889738106,NA,Norwegian,norwegian,C_log
Kristoffersen::11190,1.0770106094270533,NA,Norwegian,norwegian,C_log
Kristoffersen::11196,2.1760790122493234,NA,Norwegian,norwegian,C_log
Kristoffersen::11197,-4.057092776880236,NA,Norwegian,norwegian,C_log
Kristoffersen::11204,-1.9678754335329052,NA,Norwegian,norwegian,C_log
Kristoffersen::11230,0.24763183091071564,NA,Norwegian,norwegian,C_log
Kristoffersen::11233,0.9794132526157522,NA,Norwegian,norwegian,C_log
Kristoffersen::11236,-1.942603903842431,NA,Norwegian,norwegian,C_log
Kristoffersen::11241,-0.10926532211247648,NA,Norwegian,norwegian,C_log
Kristoffersen::11245,-3.1926842858491127,NA,Norwegian,norwegian,C_log
Kristoffersen::11247,-0.48355700123720124,NA,Norwegian,norwegian,C_log
Kristoffersen::11249,-2.3896764161424637,NA,Norwegian,norwegian,C_log
Kristoffersen::11253,2.9045690026175484,NA,Norwegian,norwegian,C_log
Kristoffersen::11260,0.5719712933288886,NA,Norwegian,norwegian,C_log
Kristoffersen::11261,0.2868473804926617,NA,Norwegian,norwegian,C_log
Kristoffersen::11269,-2.2110802974747306,NA,Norwegian,norwegian,C_log
Kristoffersen::11275,2.560206107739442,NA,Norwegian,norwegian,C_log
Kristoffersen::11279,-1.2874745567286796,NA,Norwegian,norwegian,C_log
Kristoffersen::11280,-0.39984930384326606,NA,Norwegian,norwegian,C_log
Kristoffersen::11281,-0.7522255060356564,NA,Norwegian,norwegian,C_log
Kristoffersen::11285,0.19347144274770298,NA,Norwegian,norwegian,C_log
Kristoffersen::1129,0.33973555716049897,NA,Norwegian,norwegian,C_log
Kristoffersen::11296,-0.6967688891909349,NA,Norwegian,norwegian,C_log
Kristoffersen::11300,1.9199428093120001,NA,Norwegian,norwegian,C_log
Kristoffersen::11316,-3.036811553142137,NA,Norwegian,norwegian,C_log
Kristoffersen::11317,2.56868835239419,NA,Norwegian,norwegian,C_log
Kristoffersen::11322,3.264932741154911,NA,Norwegian,norwegian,C_log
Kristoffersen::11329,-0.8486161747689887,NA,Norwegian,norwegian,C_log
Kristoffersen::11332,2.3368802522109684,NA,Norwegian,norwegian,C_log
Kristoffersen::11333,-1.2589310436087209,NA,Norwegian,norwegian,C_log
Kristoffersen::11336,-0.024770971153452143,NA,Norwegian,norwegian,C_log
Kristoffersen::11347,-3.3304907795067025,NA,Norwegian,norwegian,C_log
Kristoffersen::11349,0.2870951214798035,NA,Norwegian,norwegian,C_log
Kristoffersen::11353,2.1140654134249415,NA,Norwegian,norwegian,C_log
Kristoffersen::11357,-1.5769162686309135,NA,Norwegian,norwegian,C_log
Kristoffersen::11358,0.9894977461657051,NA,Norwegian,norwegian,C_log
Kristoffersen::1136,1.1227050882376879,NA,Norwegian,norwegian,C_log
Kristoffersen::11360,1.8733019158056305,NA,Norwegian,norwegian,C_log
Kristoffersen::11363,2.8540605083302153,NA,Norwegian,norwegian,C_log
Kristoffersen::11365,-2.3387804990579646,NA,Norwegian,norwegian,C_log
Kristoffersen::11369,0.30533608821011227,NA,Norwegian,norwegian,C_log
Kristoffersen::11372,3.6532529038087516,NA,Norwegian,norwegian,C_log
Kristoffersen::11375,0.7876777891428108,NA,Norwegian,norwegian,C_log
Kristoffersen::11379,-2.3335121809214265,NA,Norwegian,norwegian,C_log
Kristoffersen::11380,2.158185245941148,NA,Norwegian,norwegian,C_log
Kristoffersen::11390,-1.9751103904589484,NA,Norwegian,norwegian,C_log
Kristoffersen::11406,0.8973912504984192,NA,Norwegian,norwegian,C_log
Kristoffersen::11411,0.012569056200174945,NA,Norwegian,norwegian,C_log
Kristoffersen::11414,-0.32422994096257596,NA,Norwegian,norwegian,C_log
Kristoffersen::11419,2.5145130906601914,NA,Norwegian,norwegian,C_log
Kristoffersen::11424,0.5142651929950623,NA,Norwegian,norwegian,C_log
Kristoffersen::11425,2.3823640606810472,NA,Norwegian,norwegian,C_log
Kristoffersen::11430,1.4988094009485975,NA,Norwegian,norwegian,C_log
Kristoffersen::11437,-1.6936781758899557,NA,Norwegian,norwegian,C_log
Kristoffersen::11441,-3.241087019613781,NA,Norwegian,norwegian,C_log
Kristoffersen::11443,-2.014172931736569,NA,Norwegian,norwegian,C_log
Kristoffersen::11447,-0.27497854579573655,NA,Norwegian,norwegian,C_log
Kristoffersen::11448,0.788161181905955,NA,Norwegian,norwegian,C_log
Kristoffersen::11450,1.6477944636475255,NA,Norwegian,norwegian,C_log
Kristoffersen::11455,2.6365360909061586,NA,Norwegian,norwegian,C_log
Kristoffersen::11456,3.993334577582587,NA,Norwegian,norwegian,C_log
Kristoffersen::11459,-3.310080132118867,NA,Norwegian,norwegian,C_log
Kristoffersen::11472,-0.46960401368116567,NA,Norwegian,norwegian,C_log
Kristoffersen::11474,-0.08904388320447137,NA,Norwegian,norwegian,C_log
Kristoffersen::11476,4.0021333442890485,NA,Norwegian,norwegian,C_log
Kristoffersen::11477,-1.8883229385811542,NA,Norwegian,norwegian,C_log
Kristoffersen::11479,-3.56362210632016,NA,Norwegian,norwegian,C_log
Kristoffersen::11482,2.6525832321879745,NA,Norwegian,norwegian,C_log
Kristoffersen::11488,0.2568327549354616,NA,Norwegian,norwegian,C_log
Kristoffersen::1149,1.7109317183760504,NA,Norwegian,norwegian,C_log
Kristoffersen::11493,1.8508966818209103,NA,Norwegian,norwegian,C_log
Kristoffersen::11499,2.4898931277964302,NA,Norwegian,norwegian,C_log
Kristoffersen::11505,-0.313134818282763,NA,Norwegian,norwegian,C_log
Kristoffersen::11509,-0.07631322436110874,NA,Norwegian,norwegian,C_log
Kristoffersen::11515,-2.470008589020866,NA,Norwegian,norwegian,C_log
Kristoffersen::11516,3.653590309982049,NA,Norwegian,norwegian,C_log
Kristoffersen::11523,-4.119717852442178,NA,Norwegian,norwegian,C_log
Kristoffersen::11525,-1.8053021348811604,NA,Norwegian,norwegian,C_log
Kristoffersen::11534,1.38331209744897,NA,Norwegian,norwegian,C_log
Kristoffersen::11537,0.9681293920294858,NA,Norwegian,norwegian,C_log
Kristoffersen::11541,3.374908076791188,NA,Norwegian,norwegian,C_log
Kristoffersen::11547,-0.5660177606804349,NA,Norwegian,norwegian,C_log
Kristoffersen::11551,0.21271089023099587,NA,Norwegian,norwegian,C_log
Kristoffersen::11559,0.9311718595984547,NA,Norwegian,norwegian,C_log
Kristoffersen::11561,0.19144271606556054,NA,Norwegian,norwegian,C_log
Kristoffersen::11562,-2.0048017030942438,NA,Norwegian,norwegian,C_log
Kristoffersen::11568,3.802234527992215,NA,Norwegian,norwegian,C_log
Kristoffersen::11574,-2.9417584258171097,NA,Norwegian,norwegian,C_log
Kristoffersen::11577,1.5812567060120635,NA,Norwegian,norwegian,C_log
Kristoffersen::11582,-0.13656046355010165,NA,Norwegian,norwegian,C_log
Kristoffersen::11584,-3.0699222442498355,NA,Norwegian,norwegian,C_log
Kristoffersen::11597,2.752799583482416,NA,Norwegian,norwegian,C_log
Kristoffersen::11603,0.30769230004734927,NA,Norwegian,norwegian,C_log
Kristoffersen::11604,-0.32501958590420577,NA,Norwegian,norwegian,C_log
Kristoffersen::11629,1.379361672812744,NA,Norwegian,norwegian,C_log
Kristoffersen::11630,-2.517790217117014,NA,Norwegian,norwegian,C_log
Kristoffersen::11632,0.9438772244776548,NA,Norwegian,norwegian,C_log
Kristoffersen::11633,-0.6897318839927535,NA,Norwegian,norwegian,C_log
Kristoffersen::11636,0.6836173935303848,NA,Norwegian,norwegian,C_log
Kristoffersen::11650,1.5783081846686289,NA,Norwegian,norwegian,C_log
Kristoffersen::11655,-1.0391243543445896,NA,Norwegian,norwegian,C_log
Kristoffersen::11656,-0.9381231911547357,NA,Norwegian,norwegian,C_log
Kristoffersen::11658,-1.4400221889577858,NA,Norwegian,norwegian,C_log
Kristoffersen::11674,0.6302510173182758,NA,Norwegian,norwegian,C_log
Kristoffersen::11675,-2.5312498784560953,NA,Norwegian,norwegian,C_log
Kristoffersen::11678,-0.1661806712552419,NA,Norwegian,norwegian,C_log
Kristoffersen::11679,-0.013913146963924759,NA,Norwegian,norwegian,C_log
Kristoffersen::11686,0.46261631127582503,NA,Norwegian,norwegian,C_log
Kristoffersen::11693,-0.3844158458399784,NA,Norwegian,norwegian,C_log
Kristoffersen::11699,5.952424268218809,NA,Norwegian,norwegian,C_log
Kristoffersen::11700,0.8856994483593877,NA,Norwegian,norwegian,C_log
Kristoffersen::11707,0.23983859038979757,NA,Norwegian,norwegian,C_log
Kristoffersen::11716,-0.786929466935424,NA,Norwegian,norwegian,C_log
Kristoffersen::11717,-2.1162521060500175,NA,Norwegian,norwegian,C_log
Kristoffersen::11722,1.5891865565230807,NA,Norwegian,norwegian,C_log
Kristoffersen::11725,-3.029684027925264,NA,Norwegian,norwegian,C_log
Kristoffersen::11736,1.0576565162211735,NA,Norwegian,norwegian,C_log
Kristoffersen::11739,1.1015169818838229,NA,Norwegian,norwegian,C_log
Kristoffersen::11745,-0.6507099848547032,NA,Norwegian,norwegian,C_log
Kristoffersen::11753,-1.045203976618784,NA,Norwegian,norwegian,C_log
Kristoffersen::11760,-0.23259194715858147,NA,Norwegian,norwegian,C_log
Kristoffersen::11767,1.5954082496779147,NA,Norwegian,norwegian,C_log
Kristoffersen::11773,0.7908795530736719,NA,Norwegian,norwegian,C_log
Kristoffersen::11780,1.3278909196753992,NA,Norwegian,norwegian,C_log
Kristoffersen::11781,-1.1588102022482014,NA,Norwegian,norwegian,C_log
Kristoffersen::11782,0.04721657743043842,NA,Norwegian,norwegian,C_log
Kristoffersen::11793,-1.4223839164244383,NA,Norwegian,norwegian,C_log
Kristoffersen::11803,-2.148625503327722,NA,Norwegian,norwegian,C_log
Kristoffersen::11808,-0.5130003339605584,NA,Norwegian,norwegian,C_log
Kristoffersen::1181,2.050713181869277,NA,Norwegian,norwegian,C_log
Kristoffersen::11818,1.0369302401068687,NA,Norwegian,norwegian,C_log
Kristoffersen::11822,1.832596775516607,NA,Norwegian,norwegian,C_log
Kristoffersen::11829,-0.18142878528864897,NA,Norwegian,norwegian,C_log
Kristoffersen::11833,1.0387774025135426,NA,Norwegian,norwegian,C_log
Kristoffersen::11835,2.0599474187325084,NA,Norwegian,norwegian,C_log
Kristoffersen::11836,0.39681776889501047,NA,Norwegian,norwegian,C_log
Kristoffersen::11837,1.7131778868866843,NA,Norwegian,norwegian,C_log
Kristoffersen::11839,-1.3042478101826458,NA,Norwegian,norwegian,C_log
Kristoffersen::11841,1.9489546615000912,NA,Norwegian,norwegian,C_log
Kristoffersen::11847,-2.14430674081423,NA,Norwegian,norwegian,C_log
Kristoffersen::1185,0.98772439455112,NA,Norwegian,norwegian,C_log
Kristoffersen::11854,0.9438772244776549,NA,Norwegian,norwegian,C_log
Kristoffersen::11858,1.3740665715541545,NA,Norwegian,norwegian,C_log
Kristoffersen::11868,1.3163380111309853,NA,Norwegian,norwegian,C_log
Kristoffersen::11882,-1.9277550399366619,NA,Norwegian,norwegian,C_log
Kristoffersen::11891,-0.9934490816255245,NA,Norwegian,norwegian,C_log
Kristoffersen::11896,-2.86228959999322,NA,Norwegian,norwegian,C_log
Kristoffersen::11897,-0.6928515292801123,NA,Norwegian,norwegian,C_log
Kristoffersen::11901,0.22141857079724245,NA,Norwegian,norwegian,C_log
Kristoffersen::11904,-5.283801073216412,NA,Norwegian,norwegian,C_log
Kristoffersen::11906,0.387093190926874,NA,Norwegian,norwegian,C_log
Kristoffersen::11911,-1.9295638612981019,NA,Norwegian,norwegian,C_log
Kristoffersen::11913,-0.17632081776627606,NA,Norwegian,norwegian,C_log
Kristoffersen::11914,2.375758650925845,NA,Norwegian,norwegian,C_log
Kristoffersen::11917,0.943888234409904,NA,Norwegian,norwegian,C_log
Kristoffersen::11918,1.7745744328122326,NA,Norwegian,norwegian,C_log
Kristoffersen::11922,-0.5183141777174198,NA,Norwegian,norwegian,C_log
Kristoffersen::11923,2.3369307531885726,NA,Norwegian,norwegian,C_log
Kristoffersen::11927,1.263170302894217,NA,Norwegian,norwegian,C_log
Kristoffersen::11928,-0.44841336719970337,NA,Norwegian,norwegian,C_log
Kristoffersen::11931,-4.15480262320322,NA,Norwegian,norwegian,C_log
Kristoffersen::11938,2.002596710518479,NA,Norwegian,norwegian,C_log
Kristoffersen::11942,2.0143948595180174,NA,Norwegian,norwegian,C_log
Kristoffersen::11944,1.6639992534212213,NA,Norwegian,norwegian,C_log
Kristoffersen::11953,-2.1849334482989526,NA,Norwegian,norwegian,C_log
Kristoffersen::11955,2.1591547465474665,NA,Norwegian,norwegian,C_log
Kristoffersen::11960,0.6484843153311906,NA,Norwegian,norwegian,C_log
Kristoffersen::11963,-4.832789545794812,NA,Norwegian,norwegian,C_log
Kristoffersen::11966,2.2702980009275646,NA,Norwegian,norwegian,C_log
Kristoffersen::11976,0.4599083112762885,NA,Norwegian,norwegian,C_log
Kristoffersen::11982,2.9087766048820307,NA,Norwegian,norwegian,C_log
Kristoffersen::11984,-0.11310904763070943,NA,Norwegian,norwegian,C_log
Kristoffersen::12,2.0275225180441057,NA,Norwegian,norwegian,C_log
Kristoffersen::12000,-3.2202492418336797,NA,Norwegian,norwegian,C_log
Kristoffersen::12001,0.5821391917691463,NA,Norwegian,norwegian,C_log
Kristoffersen::12007,-5.625625341270123,NA,Norwegian,norwegian,C_log
Kristoffersen::12017,-3.0110963584534924,NA,Norwegian,norwegian,C_log
Kristoffersen::12019,-5.336413617815386,NA,Norwegian,norwegian,C_log
Kristoffersen::12026,1.6533242702974194,NA,Norwegian,norwegian,C_log
Kristoffersen::12027,-2.470628877956169,NA,Norwegian,norwegian,C_log
Kristoffersen::12030,1.7233166334730006,NA,Norwegian,norwegian,C_log
Kristoffersen::12031,-0.40996327052260817,NA,Norwegian,norwegian,C_log
Kristoffersen::12042,0.8005965431243028,NA,Norwegian,norwegian,C_log
Kristoffersen::12044,3.5336766207034667,NA,Norwegian,norwegian,C_log
Kristoffersen::12051,2.3927001237586603,NA,Norwegian,norwegian,C_log
Kristoffersen::12057,-2.020191410482566,NA,Norwegian,norwegian,C_log
Kristoffersen::12061,0.18966326757739466,NA,Norwegian,norwegian,C_log
Kristoffersen::12075,-1.9457366508098055,NA,Norwegian,norwegian,C_log
Kristoffersen::12083,-3.7116274615936518,NA,Norwegian,norwegian,C_log
Kristoffersen::12088,1.3756417513991024,NA,Norwegian,norwegian,C_log
Kristoffersen::12092,0.8152416542605364,NA,Norwegian,norwegian,C_log
Kristoffersen::12103,-0.9523409692600128,NA,Norwegian,norwegian,C_log
Kristoffersen::12106,0.2116369768617138,NA,Norwegian,norwegian,C_log
Kristoffersen::12107,1.2247709960214865,NA,Norwegian,norwegian,C_log
Kristoffersen::12117,-0.006058197958977693,NA,Norwegian,norwegian,C_log
Kristoffersen::1212,0.3409093664389082,NA,Norwegian,norwegian,C_log
Kristoffersen::12129,0.39132607928362373,NA,Norwegian,norwegian,C_log
Kristoffersen::12141,-0.2820439023971036,NA,Norwegian,norwegian,C_log
Kristoffersen::12145,0.521545676381898,NA,Norwegian,norwegian,C_log
Kristoffersen::12149,-2.3611664927118725,NA,Norwegian,norwegian,C_log
Kristoffersen::12151,-2.4379858724096737,NA,Norwegian,norwegian,C_log
Kristoffersen::12155,-1.0614952873000483,NA,Norwegian,norwegian,C_log
Kristoffersen::12156,-0.4995008320389156,NA,Norwegian,norwegian,C_log
Kristoffersen::12158,2.4233995542300777,NA,Norwegian,norwegian,C_log
Kristoffersen::12159,1.4352312559247034,NA,Norwegian,norwegian,C_log
Kristoffersen::1216,-0.9913877010216353,NA,Norwegian,norwegian,C_log
Kristoffersen::12165,0.7487668211490691,NA,Norwegian,norwegian,C_log
Kristoffersen::12184,2.918351925420849,NA,Norwegian,norwegian,C_log
Kristoffersen::122,1.3711302887388752,NA,Norwegian,norwegian,C_log
Kristoffersen::12200,-0.04278284022814266,NA,Norwegian,norwegian,C_log
Kristoffersen::12211,0.36720082166745993,NA,Norwegian,norwegian,C_log
Kristoffersen::12217,-0.11290425852792992,NA,Norwegian,norwegian,C_log
Kristoffersen::12219,1.5290568789654364,NA,Norwegian,norwegian,C_log
Kristoffersen::12229,2.123447731487817,NA,Norwegian,norwegian,C_log
Kristoffersen::12231,-0.7336467097374241,NA,Norwegian,norwegian,C_log
Kristoffersen::12239,2.709579226333133,NA,Norwegian,norwegian,C_log
Kristoffersen::12243,1.4612407654687598,NA,Norwegian,norwegian,C_log
Kristoffersen::12244,-1.596324006391615,NA,Norwegian,norwegian,C_log
Kristoffersen::12248,0.11341646505072155,NA,Norwegian,norwegian,C_log
Kristoffersen::12251,-2.5661459989318463,NA,Norwegian,norwegian,C_log
Kristoffersen::12254,3.742035344295407,NA,Norwegian,norwegian,C_log
Kristoffersen::12255,1.2739618044417145,NA,Norwegian,norwegian,C_log
Kristoffersen::12259,-3.1392033663302557,NA,Norwegian,norwegian,C_log
Kristoffersen::12274,-9.60954098987772,NA,Norwegian,norwegian,C_log
Kristoffersen::12277,-4.3125857744738525,NA,Norwegian,norwegian,C_log
Kristoffersen::12284,3.1555779970451643,NA,Norwegian,norwegian,C_log
Kristoffersen::12285,3.1110471807903384,NA,Norwegian,norwegian,C_log
Kristoffersen::12288,0.45655289778981784,NA,Norwegian,norwegian,C_log
Kristoffersen::12291,-2.928019034082364,NA,Norwegian,norwegian,C_log
Kristoffersen::12292,-0.32177700084065036,NA,Norwegian,norwegian,C_log
Kristoffersen::12300,0.7394864637593465,NA,Norwegian,norwegian,C_log
Kristoffersen::12302,-1.9142754702372338,NA,Norwegian,norwegian,C_log
Kristoffersen::12304,1.616429888184968,NA,Norwegian,norwegian,C_log
Kristoffersen::12306,1.5871513195838363,NA,Norwegian,norwegian,C_log
Kristoffersen::12312,4.369930022858954,NA,Norwegian,norwegian,C_log
Kristoffersen::12323,0.5648867022229018,NA,Norwegian,norwegian,C_log
Kristoffersen::12331,-0.8118856169256615,NA,Norwegian,norwegian,C_log
Kristoffersen::12332,0.09833236169740049,NA,Norwegian,norwegian,C_log
Kristoffersen::12336,-2.095467094641316,NA,Norwegian,norwegian,C_log
Kristoffersen::12341,0.7394864637593479,NA,Norwegian,norwegian,C_log
Kristoffersen::12343,1.5384359006754142,NA,Norwegian,norwegian,C_log
Kristoffersen::12355,1.3126827873029743,NA,Norwegian,norwegian,C_log
Kristoffersen::12358,3.3774641742697873,NA,Norwegian,norwegian,C_log
Kristoffersen::12360,0.5183081112226758,NA,Norwegian,norwegian,C_log
Kristoffersen::12367,-1.7984677793351693,NA,Norwegian,norwegian,C_log
Kristoffersen::12373,1.9438806438266953,NA,Norwegian,norwegian,C_log
Kristoffersen::12377,-2.425831476123297,NA,Norwegian,norwegian,C_log
Kristoffersen::12379,0.5659426637347176,NA,Norwegian,norwegian,C_log
Kristoffersen::12381,1.8948283917948874,NA,Norwegian,norwegian,C_log
Kristoffersen::12382,-1.8477854333609558,NA,Norwegian,norwegian,C_log
Kristoffersen::12383,-0.16406491720192176,NA,Norwegian,norwegian,C_log
Kristoffersen::12384,0.09241187397450303,NA,Norwegian,norwegian,C_log
Kristoffersen::12388,1.8842450027590145,NA,Norwegian,norwegian,C_log
Kristoffersen::12389,2.1653639170891,NA,Norwegian,norwegian,C_log
Kristoffersen::12395,-1.564051695971664,NA,Norwegian,norwegian,C_log
Kristoffersen::12397,-2.399764858090054,NA,Norwegian,norwegian,C_log
Kristoffersen::12401,1.1840262529646544,NA,Norwegian,norwegian,C_log
Kristoffersen::12403,-1.3466025484867703,NA,Norwegian,norwegian,C_log
Kristoffersen::12406,0.47830174480799015,NA,Norwegian,norwegian,C_log
Kristoffersen::12408,0.13117634580691612,NA,Norwegian,norwegian,C_log
Kristoffersen::12409,-5.23550557950891,NA,Norwegian,norwegian,C_log
Kristoffersen::12411,-3.508003967207651,NA,Norwegian,norwegian,C_log
Kristoffersen::12413,-2.0059647936737948,NA,Norwegian,norwegian,C_log
Kristoffersen::12419,-0.09914754041690525,NA,Norwegian,norwegian,C_log
Kristoffersen::12427,0.46166711665852295,NA,Norwegian,norwegian,C_log
Kristoffersen::12433,-1.003314956173327,NA,Norwegian,norwegian,C_log
Kristoffersen::12452,5.763132432482721,NA,Norwegian,norwegian,C_log
Kristoffersen::12457,-0.6798424460191682,NA,Norwegian,norwegian,C_log
Kristoffersen::12467,0.5503093359461156,NA,Norwegian,norwegian,C_log
Kristoffersen::12469,-0.2276663802064076,NA,Norwegian,norwegian,C_log
Kristoffersen::12485,-0.15628111926917157,NA,Norwegian,norwegian,C_log
Kristoffersen::12491,1.040248774362063,NA,Norwegian,norwegian,C_log
Kristoffersen::12494,-0.4474272511878613,NA,Norwegian,norwegian,C_log
Kristoffersen::12501,-1.5897038130752266,NA,Norwegian,norwegian,C_log
Kristoffersen::12507,1.2009819842731841,NA,Norwegian,norwegian,C_log
Kristoffersen::12509,-0.5787106172282478,NA,Norwegian,norwegian,C_log
Kristoffersen::1251,1.3802385943917237,NA,Norwegian,norwegian,C_log
Kristoffersen::12510,2.930975748436363,NA,Norwegian,norwegian,C_log
Kristoffersen::12511,0.11750134142532453,NA,Norwegian,norwegian,C_log
Kristoffersen::12513,-0.39894770647303135,NA,Norwegian,norwegian,C_log
Kristoffersen::12516,0.19738779319912786,NA,Norwegian,norwegian,C_log
Kristoffersen::12518,-0.3708821238761,NA,Norwegian,norwegian,C_log
Kristoffersen::12519,2.0941492420665346,NA,Norwegian,norwegian,C_log
Kristoffersen::12545,-0.9721260245316348,NA,Norwegian,norwegian,C_log
Kristoffersen::12552,-0.45291836811637226,NA,Norwegian,norwegian,C_log
Kristoffersen::12555,0.585042213966253,NA,Norwegian,norwegian,C_log
Kristoffersen::12561,0.33639365577311414,NA,Norwegian,norwegian,C_log
Kristoffersen::12569,1.629719284774421,NA,Norwegian,norwegian,C_log
Kristoffersen::12571,-2.87838936377803,NA,Norwegian,norwegian,C_log
Kristoffersen::12578,-1.9227113684233015,NA,Norwegian,norwegian,C_log
Kristoffersen::12586,1.6804198068174128,NA,Norwegian,norwegian,C_log
Kristoffersen::12591,0.9475084471029036,NA,Norwegian,norwegian,C_log
Kristoffersen::12594,-2.6765252612021695,NA,Norwegian,norwegian,C_log
Kristoffersen::12597,-2.6040901431727366,NA,Norwegian,norwegian,C_log
Kristoffersen::12617,2.265853087629018,NA,Norwegian,norwegian,C_log
Kristoffersen::12618,-2.4002731431845152,NA,Norwegian,norwegian,C_log
Kristoffersen::12621,-0.3234182179184158,NA,Norwegian,norwegian,C_log
Kristoffersen::12639,-2.0479755322811783,NA,Norwegian,norwegian,C_log
Kristoffersen::12646,-2.7322081142162196,NA,Norwegian,norwegian,C_log
Kristoffersen::12650,-2.7027647843055314,NA,Norwegian,norwegian,C_log
Kristoffersen::12651,-3.4731602939753485,NA,Norwegian,norwegian,C_log
Kristoffersen::12654,2.8910935833800315,NA,Norwegian,norwegian,C_log
Kristoffersen::12667,1.1419855606021432,NA,Norwegian,norwegian,C_log
Kristoffersen::12669,0.4005740154502464,NA,Norwegian,norwegian,C_log
Kristoffersen::12670,-1.4831848118961999,NA,Norwegian,norwegian,C_log
Kristoffersen::12683,1.9218952313453859,NA,Norwegian,norwegian,C_log
Kristoffersen::12690,1.45048556059775,NA,Norwegian,norwegian,C_log
Kristoffersen::12694,3.81760453022306,NA,Norwegian,norwegian,C_log
Kristoffersen::12695,-1.6517571328783944,NA,Norwegian,norwegian,C_log
Kristoffersen::12696,-0.41937898304066434,NA,Norwegian,norwegian,C_log
Kristoffersen::12702,0.06563843889974033,NA,Norwegian,norwegian,C_log
Kristoffersen::12710,-0.40813528459945947,NA,Norwegian,norwegian,C_log
Kristoffersen::12715,0.8453135074212051,NA,Norwegian,norwegian,C_log
Kristoffersen::12725,-1.9637320094890416,NA,Norwegian,norwegian,C_log
Kristoffersen::12736,-0.004325686995009957,NA,Norwegian,norwegian,C_log
Kristoffersen::12739,0.6170886088342076,NA,Norwegian,norwegian,C_log
Kristoffersen::12742,-1.4453111770669862,NA,Norwegian,norwegian,C_log
Kristoffersen::12744,-2.754738946480035,NA,Norwegian,norwegian,C_log
Kristoffersen::12747,1.2913567310391838,NA,Norwegian,norwegian,C_log
Kristoffersen::12749,-1.0821251765862,NA,Norwegian,norwegian,C_log
Kristoffersen::12759,-2.409352848462219,NA,Norwegian,norwegian,C_log
Kristoffersen::12776,3.3786315947162873,NA,Norwegian,norwegian,C_log
Kristoffersen::12781,-4.545412414793792,NA,Norwegian,norwegian,C_log
Kristoffersen::12783,-1.170581882816342,NA,Norwegian,norwegian,C_log
Kristoffersen::12785,-0.25048551916372386,NA,Norwegian,norwegian,C_log
Kristoffersen::12786,1.5130606687720345,NA,Norwegian,norwegian,C_log
Kristoffersen::12794,-3.807384635053341,NA,Norwegian,norwegian,C_log
Kristoffersen::12804,2.3361005597213262,NA,Norwegian,norwegian,C_log
Kristoffersen::12805,-0.3653049656639094,NA,Norwegian,norwegian,C_log
Kristoffersen::12820,0.4758709629815839,NA,Norwegian,norwegian,C_log
Kristoffersen::12821,1.013919732860527,NA,Norwegian,norwegian,C_log
Kristoffersen::12834,-2.064758732596361,NA,Norwegian,norwegian,C_log
Kristoffersen::12835,-2.358375055427933,NA,Norwegian,norwegian,C_log
Kristoffersen::12837,-2.0668646790104415,NA,Norwegian,norwegian,C_log
Kristoffersen::12851,0.024587915025245724,NA,Norwegian,norwegian,C_log
Kristoffersen::12863,0.42080713452336505,NA,Norwegian,norwegian,C_log
Kristoffersen::12872,-0.4832779056903134,NA,Norwegian,norwegian,C_log
Kristoffersen::12889,-0.09055141209227956,NA,Norwegian,norwegian,C_log
Kristoffersen::12904,0.9763347389976471,NA,Norwegian,norwegian,C_log
Kristoffersen::12908,-0.7262763940172703,NA,Norwegian,norwegian,C_log
Kristoffersen::12910,0.03275625943999638,NA,Norwegian,norwegian,C_log
Kristoffersen::12914,-4.196137901715651,NA,Norwegian,norwegian,C_log
Kristoffersen::12927,0.2911884708203539,NA,Norwegian,norwegian,C_log
Kristoffersen::12932,1.425678548404838,NA,Norwegian,norwegian,C_log
Kristoffersen::12936,-2.988685383275392,NA,Norwegian,norwegian,C_log
Kristoffersen::12949,0.16571488977501062,NA,Norwegian,norwegian,C_log
Kristoffersen::12963,-1.992978346322031,NA,Norwegian,norwegian,C_log
Kristoffersen::12966,2.351927831622776,NA,Norwegian,norwegian,C_log
Kristoffersen::12983,-4.444067290530627,NA,Norwegian,norwegian,C_log
Kristoffersen::12990,1.3948421212464004,NA,Norwegian,norwegian,C_log
Kristoffersen::12994,1.7859784241786762,NA,Norwegian,norwegian,C_log
Kristoffersen::12995,2.139314464950637,NA,Norwegian,norwegian,C_log
Kristoffersen::130,-0.04435546312223921,NA,Norwegian,norwegian,C_log
Kristoffersen::13004,0.8832668991986783,NA,Norwegian,norwegian,C_log
Kristoffersen::13005,1.8078055090068519,NA,Norwegian,norwegian,C_log
Kristoffersen::13010,-0.4397115856491336,NA,Norwegian,norwegian,C_log
Kristoffersen::13020,2.2023120164961347,NA,Norwegian,norwegian,C_log
Kristoffersen::13023,0.4116139097755235,NA,Norwegian,norwegian,C_log
Kristoffersen::13026,-0.7427505387950276,NA,Norwegian,norwegian,C_log
Kristoffersen::13029,0.5034596566288139,NA,Norwegian,norwegian,C_log
Kristoffersen::13035,-0.21921084382442263,NA,Norwegian,norwegian,C_log
Kristoffersen::13036,-0.9699787457072001,NA,Norwegian,norwegian,C_log
Kristoffersen::13042,-0.3152142104152695,NA,Norwegian,norwegian,C_log
Kristoffersen::13043,0.6796813556630921,NA,Norwegian,norwegian,C_log
Kristoffersen::13044,-0.676158595292331,NA,Norwegian,norwegian,C_log
Kristoffersen::13065,2.509263586550396,NA,Norwegian,norwegian,C_log
Kristoffersen::13066,0.7192738439796194,NA,Norwegian,norwegian,C_log
Kristoffersen::13077,-0.23360345361832188,NA,Norwegian,norwegian,C_log
Kristoffersen::13089,-1.200993221101181,NA,Norwegian,norwegian,C_log
Kristoffersen::13105,2.5851815606752098,NA,Norwegian,norwegian,C_log
Kristoffersen::1311,2.5660653974840946,NA,Norwegian,norwegian,C_log
Kristoffersen::13122,1.3831995161236337,NA,Norwegian,norwegian,C_log
Kristoffersen::13133,0.7535411262110062,NA,Norwegian,norwegian,C_log
Kristoffersen::1314,1.9191929370860006,NA,Norwegian,norwegian,C_log
Kristoffersen::13143,-0.38149122112976697,NA,Norwegian,norwegian,C_log
Kristoffersen::13148,0.1232081327935056,NA,Norwegian,norwegian,C_log
Kristoffersen::13155,0.5515216866652637,NA,Norwegian,norwegian,C_log
Kristoffersen::13157,-1.6561517591423023,NA,Norwegian,norwegian,C_log
Kristoffersen::13158,0.11341646505072109,NA,Norwegian,norwegian,C_log
Kristoffersen::13170,-1.0716409517675873,NA,Norwegian,norwegian,C_log
Kristoffersen::13171,2.648957861904368,NA,Norwegian,norwegian,C_log
Kristoffersen::13189,2.309852039939585,NA,Norwegian,norwegian,C_log
Kristoffersen::13193,3.0585021298715827,NA,Norwegian,norwegian,C_log
Kristoffersen::13209,-3.9906525715528933,NA,Norwegian,norwegian,C_log
Kristoffersen::13215,1.281462410468539,NA,Norwegian,norwegian,C_log
Kristoffersen::13222,2.7598353172768917,NA,Norwegian,norwegian,C_log
Kristoffersen::13243,-2.70598657567685,NA,Norwegian,norwegian,C_log
Kristoffersen::13248,0.5940240647681623,NA,Norwegian,norwegian,C_log
Kristoffersen::13253,-6.269293020937758,NA,Norwegian,norwegian,C_log
Kristoffersen::13258,1.3555050350222475,NA,Norwegian,norwegian,C_log
Kristoffersen::1326,2.2834151897061226,NA,Norwegian,norwegian,C_log
Kristoffersen::13268,-0.034293230010377276,NA,Norwegian,norwegian,C_log
Kristoffersen::13269,0.27976205953949695,NA,Norwegian,norwegian,C_log
Kristoffersen::13270,-2.960760383780417,NA,Norwegian,norwegian,C_log
Kristoffersen::13280,-0.5917761228822399,NA,Norwegian,norwegian,C_log
Kristoffersen::13285,0.6144558970924315,NA,Norwegian,norwegian,C_log
Kristoffersen::13288,2.52468528659285,NA,Norwegian,norwegian,C_log
Kristoffersen::13289,4.649550195669636,NA,Norwegian,norwegian,C_log
Kristoffersen::13297,-0.4221708566893372,NA,Norwegian,norwegian,C_log
Kristoffersen::13301,1.9752024478405192,NA,Norwegian,norwegian,C_log
Kristoffersen::13302,0.18170980061059983,NA,Norwegian,norwegian,C_log
Kristoffersen::13304,0.8873416171312817,NA,Norwegian,norwegian,C_log
Kristoffersen::13307,-2.428335261877759,NA,Norwegian,norwegian,C_log
Kristoffersen::13311,-1.9429163728168162,NA,Norwegian,norwegian,C_log
Kristoffersen::13314,-2.023194317968261,NA,Norwegian,norwegian,C_log
Kristoffersen::13330,2.544904019797338,NA,Norwegian,norwegian,C_log
Kristoffersen::13336,0.5382937608059154,NA,Norwegian,norwegian,C_log
Kristoffersen::13337,-0.5353576883222531,NA,Norwegian,norwegian,C_log
Kristoffersen::13338,0.517151074173096,NA,Norwegian,norwegian,C_log
Kristoffersen::13340,5.0786194213361595,NA,Norwegian,norwegian,C_log
Kristoffersen::13345,-1.1347338816566683,NA,Norwegian,norwegian,C_log
Kristoffersen::13361,0.4858177046564208,NA,Norwegian,norwegian,C_log
Kristoffersen::13368,3.424906298419518,NA,Norwegian,norwegian,C_log
Kristoffersen::13372,0.3420747670783541,NA,Norwegian,norwegian,C_log
Kristoffersen::13375,1.7556948236695218,NA,Norwegian,norwegian,C_log
Kristoffersen::13379,0.9371075804556498,NA,Norwegian,norwegian,C_log
Kristoffersen::13380,4.748855570204034,NA,Norwegian,norwegian,C_log
Kristoffersen::13384,0.026719848848366423,NA,Norwegian,norwegian,C_log
Kristoffersen::13388,-2.622635657635352,NA,Norwegian,norwegian,C_log
Kristoffersen::13391,-0.16060992737525046,NA,Norwegian,norwegian,C_log
Kristoffersen::13419,2.9504752796939377,NA,Norwegian,norwegian,C_log
Kristoffersen::13420,-0.14479447318170763,NA,Norwegian,norwegian,C_log
Kristoffersen::13430,4.706209453019618,NA,Norwegian,norwegian,C_log
Kristoffersen::13439,-0.2019032645893021,NA,Norwegian,norwegian,C_log
Kristoffersen::1344,-0.9996158485070933,NA,Norwegian,norwegian,C_log
Kristoffersen::13451,0.961603990707658,NA,Norwegian,norwegian,C_log
Kristoffersen::13459,-1.5847611703713294,NA,Norwegian,norwegian,C_log
Kristoffersen::13460,1.9167869868116694,NA,Norwegian,norwegian,C_log
Kristoffersen::13473,2.329098763906274,NA,Norwegian,norwegian,C_log
Kristoffersen::13476,1.2839931852242084,NA,Norwegian,norwegian,C_log
Kristoffersen::13477,0.20837369143078743,NA,Norwegian,norwegian,C_log
Kristoffersen::13491,-3.323087563072595,NA,Norwegian,norwegian,C_log
Kristoffersen::13501,2.5065028262361873,NA,Norwegian,norwegian,C_log
Kristoffersen::13507,1.009107632450958,NA,Norwegian,norwegian,C_log
Kristoffersen::13518,2.188029611200549,NA,Norwegian,norwegian,C_log
Kristoffersen::13521,-3.321132292933886,NA,Norwegian,norwegian,C_log
Kristoffersen::13524,1.4106415811564847,NA,Norwegian,norwegian,C_log
Kristoffersen::13560,0.25858894941082056,NA,Norwegian,norwegian,C_log
Kristoffersen::13565,-0.5700675582833103,NA,Norwegian,norwegian,C_log
Kristoffersen::13567,-1.1280528778504553,NA,Norwegian,norwegian,C_log
Kristoffersen::13568,1.389422583545408,NA,Norwegian,norwegian,C_log
Kristoffersen::13571,-1.023180827376597,NA,Norwegian,norwegian,C_log
Kristoffersen::13585,1.823723370621876,NA,Norwegian,norwegian,C_log
Kristoffersen::13587,-2.743162269457596,NA,Norwegian,norwegian,C_log
Kristoffersen::13591,-0.9249779101153753,NA,Norwegian,norwegian,C_log
Kristoffersen::13592,1.0545850468397784,NA,Norwegian,norwegian,C_log
Kristoffersen::13606,0.8643262157007667,NA,Norwegian,norwegian,C_log
Kristoffersen::13608,0.6387895536159,NA,Norwegian,norwegian,C_log
Kristoffersen::13618,1.167679020049152,NA,Norwegian,norwegian,C_log
Kristoffersen::13619,1.1543498789507654,NA,Norwegian,norwegian,C_log
Kristoffersen::13627,-3.2017635975756584,NA,Norwegian,norwegian,C_log
Kristoffersen::13632,2.0791479036635905,NA,Norwegian,norwegian,C_log
Kristoffersen::13636,3.4548498935361813,NA,Norwegian,norwegian,C_log
Kristoffersen::13642,-0.5496086667873843,NA,Norwegian,norwegian,C_log
Kristoffersen::13648,2.7788887888624467,NA,Norwegian,norwegian,C_log
Kristoffersen::13654,-0.5666634085501081,NA,Norwegian,norwegian,C_log
Kristoffersen::13670,0.07351980451694978,NA,Norwegian,norwegian,C_log
Kristoffersen::13671,-4.406178364460309,NA,Norwegian,norwegian,C_log
Kristoffersen::1369,-2.9241723097167003,NA,Norwegian,norwegian,C_log
Kristoffersen::13695,-0.5199795240521936,NA,Norwegian,norwegian,C_log
Kristoffersen::13697,0.39791656040458717,NA,Norwegian,norwegian,C_log
Kristoffersen::13700,2.265930930476528,NA,Norwegian,norwegian,C_log
Kristoffersen::13711,-1.0317140125697914,NA,Norwegian,norwegian,C_log
Kristoffersen::13726,-0.7026099842778936,NA,Norwegian,norwegian,C_log
Kristoffersen::13731,0.8819614094853391,NA,Norwegian,norwegian,C_log
Kristoffersen::13732,1.0982175375711134,NA,Norwegian,norwegian,C_log
Kristoffersen::13738,-0.15300844009736403,NA,Norwegian,norwegian,C_log
Kristoffersen::13763,0.18012856201788324,NA,Norwegian,norwegian,C_log
Kristoffersen::13779,-3.217733847118033,NA,Norwegian,norwegian,C_log
Kristoffersen::13782,-0.2208279069160236,NA,Norwegian,norwegian,C_log
Kristoffersen::13786,2.1791439497159155,NA,Norwegian,norwegian,C_log
Kristoffersen::13788,0.27747616644135537,NA,Norwegian,norwegian,C_log
Kristoffersen::13792,-1.9326965175278858,NA,Norwegian,norwegian,C_log
Kristoffersen::13796,0.6082169387527276,NA,Norwegian,norwegian,C_log
Kristoffersen::13801,0.5193566884066294,NA,Norwegian,norwegian,C_log
Kristoffersen::13810,2.8240597384683,NA,Norwegian,norwegian,C_log
Kristoffersen::13815,-1.806690017522408,NA,Norwegian,norwegian,C_log
Kristoffersen::13816,2.1884882932023277,NA,Norwegian,norwegian,C_log
Kristoffersen::13824,1.5118899513699946,NA,Norwegian,norwegian,C_log
Kristoffersen::13829,0.25971831530246986,NA,Norwegian,norwegian,C_log
Kristoffersen::13830,3.5673998596507444,NA,Norwegian,norwegian,C_log
Kristoffersen::13833,0.8014129633068526,NA,Norwegian,norwegian,C_log
Kristoffersen::13840,-1.0234710439673853,NA,Norwegian,norwegian,C_log
Kristoffersen::13860,1.5910162855033352,NA,Norwegian,norwegian,C_log
Kristoffersen::13867,1.0669626053145838,NA,Norwegian,norwegian,C_log
Kristoffersen::13881,-1.3065213155994682,NA,Norwegian,norwegian,C_log
Kristoffersen::1389,2.4428406478595224,NA,Norwegian,norwegian,C_log
Kristoffersen::13890,-0.7392989551223551,NA,Norwegian,norwegian,C_log
Kristoffersen::13900,0.7838502040124224,NA,Norwegian,norwegian,C_log
Kristoffersen::13908,2.1771723733970627,NA,Norwegian,norwegian,C_log
Kristoffersen::13918,2.933425733030319,NA,Norwegian,norwegian,C_log
Kristoffersen::13919,0.6713577730400996,NA,Norwegian,norwegian,C_log
Kristoffersen::13938,0.5594558413975992,NA,Norwegian,norwegian,C_log
Kristoffersen::13942,-9.527241335828512,NA,Norwegian,norwegian,C_log
Kristoffersen::13948,1.2879998632427183,NA,Norwegian,norwegian,C_log
Kristoffersen::1395,-1.2209547098039135,NA,Norwegian,norwegian,C_log
Kristoffersen::13952,-0.742055322589524,NA,Norwegian,norwegian,C_log
Kristoffersen::13959,2.1805424238149405,NA,Norwegian,norwegian,C_log
Kristoffersen::13960,-2.6261042839521744,NA,Norwegian,norwegian,C_log
Kristoffersen::13962,-4.662209639854127,NA,Norwegian,norwegian,C_log
Kristoffersen::13966,-0.31754664961944773,NA,Norwegian,norwegian,C_log
Kristoffersen::13987,1.3529901899153292,NA,Norwegian,norwegian,C_log
Kristoffersen::13994,1.3049629657275064,NA,Norwegian,norwegian,C_log
Kristoffersen::14003,1.6334228830957902,NA,Norwegian,norwegian,C_log
Kristoffersen::14005,-3.9278069614949693,NA,Norwegian,norwegian,C_log
Kristoffersen::14013,-0.38799326898170255,NA,Norwegian,norwegian,C_log
Kristoffersen::14026,2.419848319707847,NA,Norwegian,norwegian,C_log
Kristoffersen::1403,-0.6013599018800148,NA,Norwegian,norwegian,C_log
Kristoffersen::14033,-1.1680183318092348,NA,Norwegian,norwegian,C_log
Kristoffersen::14034,-4.031532863524273,NA,Norwegian,norwegian,C_log
Kristoffersen::14039,1.6493985803043776,NA,Norwegian,norwegian,C_log
Kristoffersen::14052,1.110628731166362,NA,Norwegian,norwegian,C_log
Kristoffersen::14054,-0.44579908820060277,NA,Norwegian,norwegian,C_log
Kristoffersen::14056,0.9713606696147215,NA,Norwegian,norwegian,C_log
Kristoffersen::14063,-2.662077583342724,NA,Norwegian,norwegian,C_log
Kristoffersen::14067,1.7257987020438645,NA,Norwegian,norwegian,C_log
Kristoffersen::14072,1.0380962954042143,NA,Norwegian,norwegian,C_log
Kristoffersen::14084,0.7466378359638112,NA,Norwegian,norwegian,C_log
Kristoffersen::14089,2.3849602557403644,NA,Norwegian,norwegian,C_log
Kristoffersen::14091,-3.7652285891088932,NA,Norwegian,norwegian,C_log
Kristoffersen::14105,-7.283612782725927,NA,Norwegian,norwegian,C_log
Kristoffersen::14108,2.420006833092075,NA,Norwegian,norwegian,C_log
Kristoffersen::14120,2.2508121664514613,NA,Norwegian,norwegian,C_log
Kristoffersen::14127,-1.642390645961882,NA,Norwegian,norwegian,C_log
Kristoffersen::14131,-0.535357688322253,NA,Norwegian,norwegian,C_log
Kristoffersen::14141,0.9504984123276744,NA,Norwegian,norwegian,C_log
Kristoffersen::14147,-4.515644670403732,NA,Norwegian,norwegian,C_log
Kristoffersen::14180,0.6948172156444641,NA,Norwegian,norwegian,C_log
Kristoffersen::14185,0.9979892425598648,NA,Norwegian,norwegian,C_log
Kristoffersen::14186,1.4567760439185586,NA,Norwegian,norwegian,C_log
Kristoffersen::14190,4.410921788381233,NA,Norwegian,norwegian,C_log
Kristoffersen::14237,1.3363993427535183,NA,Norwegian,norwegian,C_log
Kristoffersen::14240,0.6837136759513266,NA,Norwegian,norwegian,C_log
Kristoffersen::14246,-0.17540635826792758,NA,Norwegian,norwegian,C_log
Kristoffersen::14247,-2.6997041310186973,NA,Norwegian,norwegian,C_log
Kristoffersen::14275,0.5358094436198154,NA,Norwegian,norwegian,C_log
Kristoffersen::14280,-2.123915117577895,NA,Norwegian,norwegian,C_log
Kristoffersen::14281,-1.3333194829745143,NA,Norwegian,norwegian,C_log
Kristoffersen::14287,0.15425025357617916,NA,Norwegian,norwegian,C_log
Kristoffersen::14288,3.4575505194173166,NA,Norwegian,norwegian,C_log
Kristoffersen::14298,-2.87624107880091,NA,Norwegian,norwegian,C_log
Kristoffersen::14316,-6.617231311783933,NA,Norwegian,norwegian,C_log
Kristoffersen::14348,2.139567359239323,NA,Norwegian,norwegian,C_log
Kristoffersen::14350,-0.955774918946018,NA,Norwegian,norwegian,C_log
Kristoffersen::14352,0.9814852317693427,NA,Norwegian,norwegian,C_log
Kristoffersen::14364,-0.46146309223467036,NA,Norwegian,norwegian,C_log
Kristoffersen::14365,-1.4699482452155328,NA,Norwegian,norwegian,C_log
Kristoffersen::14372,-0.21786778868330864,NA,Norwegian,norwegian,C_log
Kristoffersen::14382,1.5296739180292496,NA,Norwegian,norwegian,C_log
Kristoffersen::14383,2.2045545897031,NA,Norwegian,norwegian,C_log
Kristoffersen::14389,-1.6579827500237778,NA,Norwegian,norwegian,C_log
Kristoffersen::14397,1.666868082803049,NA,Norwegian,norwegian,C_log
Kristoffersen::144,-0.8954707316095893,NA,Norwegian,norwegian,C_log
Kristoffersen::14401,-5.697579662419373,NA,Norwegian,norwegian,C_log
Kristoffersen::14406,2.5921449092464592,NA,Norwegian,norwegian,C_log
Kristoffersen::14416,-1.7795081684149265,NA,Norwegian,norwegian,C_log
Kristoffersen::14430,-2.703003423371539,NA,Norwegian,norwegian,C_log
Kristoffersen::14434,-0.2579581903525211,NA,Norwegian,norwegian,C_log
Kristoffersen::14435,0.38105747272561863,NA,Norwegian,norwegian,C_log
Kristoffersen::14437,2.0783761970686725,NA,Norwegian,norwegian,C_log
Kristoffersen::14450,0.804015349084595,NA,Norwegian,norwegian,C_log
Kristoffersen::14451,-1.7389881242166538,NA,Norwegian,norwegian,C_log
Kristoffersen::14453,1.5741285128060118,NA,Norwegian,norwegian,C_log
Kristoffersen::14454,1.0945294246719794,NA,Norwegian,norwegian,C_log
Kristoffersen::14460,3.2376624630396815,NA,Norwegian,norwegian,C_log
Kristoffersen::14461,0.7240351350105844,NA,Norwegian,norwegian,C_log
Kristoffersen::14462,2.1062000991950343,NA,Norwegian,norwegian,C_log
Kristoffersen::14482,0.8355453307604261,NA,Norwegian,norwegian,C_log
Kristoffersen::14485,0.6408619783038655,NA,Norwegian,norwegian,C_log
Kristoffersen::14487,-3.2097995915500794,NA,Norwegian,norwegian,C_log
Kristoffersen::14497,1.2585584073023799,NA,Norwegian,norwegian,C_log
Kristoffersen::14502,2.219412101977341,NA,Norwegian,norwegian,C_log
Kristoffersen::14504,-0.1071719391764374,NA,Norwegian,norwegian,C_log
Kristoffersen::14520,-2.9930060251336568,NA,Norwegian,norwegian,C_log
Kristoffersen::14521,-1.9555541020475151,NA,Norwegian,norwegian,C_log
Kristoffersen::14527,-0.3912633090453477,NA,Norwegian,norwegian,C_log
Kristoffersen::14530,0.6964329543906141,NA,Norwegian,norwegian,C_log
Kristoffersen::14538,1.24717636278764,NA,Norwegian,norwegian,C_log
Kristoffersen::1454,-0.5151541877842805,NA,Norwegian,norwegian,C_log
Kristoffersen::14548,-0.09929631824928307,NA,Norwegian,norwegian,C_log
Kristoffersen::14551,-0.810744326117617,NA,Norwegian,norwegian,C_log
Kristoffersen::14556,-0.8708666865727178,NA,Norwegian,norwegian,C_log
Kristoffersen::14567,1.031498471150613,NA,Norwegian,norwegian,C_log
Kristoffersen::14569,-1.5493280365961812,NA,Norwegian,norwegian,C_log
Kristoffersen::14579,-1.9421538180846112,NA,Norwegian,norwegian,C_log
Kristoffersen::14583,0.17087236146692422,NA,Norwegian,norwegian,C_log
Kristoffersen::14588,2.6822308095626375,NA,Norwegian,norwegian,C_log
Kristoffersen::14594,1.3261815574640743,NA,Norwegian,norwegian,C_log
Kristoffersen::14599,-4.601167624311069,NA,Norwegian,norwegian,C_log
Kristoffersen::14606,-0.9108762483621281,NA,Norwegian,norwegian,C_log
Kristoffersen::14620,-1.1237770640286406,NA,Norwegian,norwegian,C_log
Kristoffersen::14625,-1.3955233126434632,NA,Norwegian,norwegian,C_log
Kristoffersen::14631,-3.5500298189076904,NA,Norwegian,norwegian,C_log
Kristoffersen::14634,0.05317806398910389,NA,Norwegian,norwegian,C_log
Kristoffersen::14649,0.025372912011895465,NA,Norwegian,norwegian,C_log
Kristoffersen::14657,-0.9285032899579856,NA,Norwegian,norwegian,C_log
Kristoffersen::14660,-0.5692667524525196,NA,Norwegian,norwegian,C_log
Kristoffersen::14673,-1.0357315072993751,NA,Norwegian,norwegian,C_log
Kristoffersen::14676,0.929823348580337,NA,Norwegian,norwegian,C_log
Kristoffersen::14679,-1.1770907093587408,NA,Norwegian,norwegian,C_log
Kristoffersen::14691,-0.278113000766373,NA,Norwegian,norwegian,C_log
Kristoffersen::14692,1.926908181433964,NA,Norwegian,norwegian,C_log
Kristoffersen::14693,-5.73874745853203,NA,Norwegian,norwegian,C_log
Kristoffersen::14695,2.3188567238905144,NA,Norwegian,norwegian,C_log
Kristoffersen::14723,1.8364247038610826,NA,Norwegian,norwegian,C_log
Kristoffersen::14742,0.15939992397803263,NA,Norwegian,norwegian,C_log
Kristoffersen::14746,1.6499654419429726,NA,Norwegian,norwegian,C_log
Kristoffersen::14752,0.18267323517643305,NA,Norwegian,norwegian,C_log
Kristoffersen::14777,0.7607131469192916,NA,Norwegian,norwegian,C_log
Kristoffersen::14783,1.4251570559115592,NA,Norwegian,norwegian,C_log
Kristoffersen::1479,1.051955722177711,NA,Norwegian,norwegian,C_log
Kristoffersen::14792,0.3539008799820817,NA,Norwegian,norwegian,C_log
Kristoffersen::14793,3.3328147386512144,NA,Norwegian,norwegian,C_log
Kristoffersen::14794,-2.1460741672519204,NA,Norwegian,norwegian,C_log
Kristoffersen::14796,-0.13737000958714307,NA,Norwegian,norwegian,C_log
Kristoffersen::14797,1.2332292806024094,NA,Norwegian,norwegian,C_log
Kristoffersen::14812,-0.2164964565086231,NA,Norwegian,norwegian,C_log
Kristoffersen::14826,-0.4547405084674907,NA,Norwegian,norwegian,C_log
Kristoffersen::14827,0.9584143649508203,NA,Norwegian,norwegian,C_log
Kristoffersen::14838,1.9880529474333766,NA,Norwegian,norwegian,C_log
Kristoffersen::14843,-2.3775382110478684,NA,Norwegian,norwegian,C_log
Kristoffersen::14867,-0.7911922989606759,NA,Norwegian,norwegian,C_log
Kristoffersen::14868,0.6152766210194204,NA,Norwegian,norwegian,C_log
Kristoffersen::14878,-1.6889887176609475,NA,Norwegian,norwegian,C_log
Kristoffersen::14882,0.6819267082640776,NA,Norwegian,norwegian,C_log
Kristoffersen::14895,-2.5835527508630953,NA,Norwegian,norwegian,C_log
Kristoffersen::14914,-3.84915027334133,NA,Norwegian,norwegian,C_log
Kristoffersen::14916,-1.1397783577661942,NA,Norwegian,norwegian,C_log
Kristoffersen::14930,-0.03657631424020884,NA,Norwegian,norwegian,C_log
Kristoffersen::14945,0.5788555415942338,NA,Norwegian,norwegian,C_log
Kristoffersen::14951,1.0664937101607483,NA,Norwegian,norwegian,C_log
Kristoffersen::14953,0.125573804602708,NA,Norwegian,norwegian,C_log
Kristoffersen::14957,3.0188314644757144,NA,Norwegian,norwegian,C_log
Kristoffersen::14964,0.7885502127602045,NA,Norwegian,norwegian,C_log
Kristoffersen::14989,1.2163700073951147,NA,Norwegian,norwegian,C_log
Kristoffersen::14990,1.3411442826102475,NA,Norwegian,norwegian,C_log
Kristoffersen::14995,1.8903043179768162,NA,Norwegian,norwegian,C_log
Kristoffersen::15013,1.738475603430759,NA,Norwegian,norwegian,C_log
Kristoffersen::15015,0.4580315945218814,NA,Norwegian,norwegian,C_log
Kristoffersen::15022,1.7966915652322788,NA,Norwegian,norwegian,C_log
Kristoffersen::15029,-1.6252751589532524,NA,Norwegian,norwegian,C_log
Kristoffersen::15030,-1.9246968237047999,NA,Norwegian,norwegian,C_log
Kristoffersen::15065,-4.537690442901845,NA,Norwegian,norwegian,C_log
Kristoffersen::15068,0.3255822020567158,NA,Norwegian,norwegian,C_log
Kristoffersen::15074,-2.2448868118434118,NA,Norwegian,norwegian,C_log
Kristoffersen::15076,2.271730340834378,NA,Norwegian,norwegian,C_log
Kristoffersen::15081,-1.1717430154702864,NA,Norwegian,norwegian,C_log
Kristoffersen::15082,3.0410313566627782,NA,Norwegian,norwegian,C_log
Kristoffersen::15083,-0.9824871251752257,NA,Norwegian,norwegian,C_log
Kristoffersen::15091,-6.110939932656556,NA,Norwegian,norwegian,C_log
Kristoffersen::15103,-1.6800238105245044,NA,Norwegian,norwegian,C_log
Kristoffersen::15115,0.2371824115934821,NA,Norwegian,norwegian,C_log
Kristoffersen::15136,-0.5469696662788411,NA,Norwegian,norwegian,C_log
Kristoffersen::15152,-0.16160964600287173,NA,Norwegian,norwegian,C_log
Kristoffersen::15154,1.9269501716099298,NA,Norwegian,norwegian,C_log
Kristoffersen::15158,-0.3047701890698463,NA,Norwegian,norwegian,C_log
Kristoffersen::15169,-0.06850439369739302,NA,Norwegian,norwegian,C_log
Kristoffersen::15170,-1.4425117121551152,NA,Norwegian,norwegian,C_log
Kristoffersen::15177,2.6680655862706186,NA,Norwegian,norwegian,C_log
Kristoffersen::15198,0.07678651648188894,NA,Norwegian,norwegian,C_log
Kristoffersen::15207,1.5708673454427133,NA,Norwegian,norwegian,C_log
Kristoffersen::15214,1.39938670965403,NA,Norwegian,norwegian,C_log
Kristoffersen::15215,1.1881455582137554,NA,Norwegian,norwegian,C_log
Kristoffersen::15217,-0.04927454075048823,NA,Norwegian,norwegian,C_log
Kristoffersen::15218,0.11868967067106212,NA,Norwegian,norwegian,C_log
Kristoffersen::15227,-2.843221453154567,NA,Norwegian,norwegian,C_log
Kristoffersen::15229,0.028961864174286384,NA,Norwegian,norwegian,C_log
Kristoffersen::15234,2.5794651598335516,NA,Norwegian,norwegian,C_log
Kristoffersen::15235,-1.366516564157087,NA,Norwegian,norwegian,C_log
Kristoffersen::15248,-0.7304847156280385,NA,Norwegian,norwegian,C_log
Kristoffersen::15249,-1.4277107637303748,NA,Norwegian,norwegian,C_log
Kristoffersen::15272,0.08846964063747237,NA,Norwegian,norwegian,C_log
Kristoffersen::15277,-2.4790999670226603,NA,Norwegian,norwegian,C_log
Kristoffersen::15289,-2.7786094737506577,NA,Norwegian,norwegian,C_log
Kristoffersen::15298,-0.9567326265843132,NA,Norwegian,norwegian,C_log
Kristoffersen::15317,-7.8910681201635375,NA,Norwegian,norwegian,C_log
Kristoffersen::1532,1.3194455181406106,NA,Norwegian,norwegian,C_log
Kristoffersen::15320,2.399690549336769,NA,Norwegian,norwegian,C_log
Kristoffersen::15331,1.8297310747853845,NA,Norwegian,norwegian,C_log
Kristoffersen::15342,-2.080299237781436,NA,Norwegian,norwegian,C_log
Kristoffersen::15343,0.17359236422515179,NA,Norwegian,norwegian,C_log
Kristoffersen::15355,0.09459208279981723,NA,Norwegian,norwegian,C_log
Kristoffersen::15359,-0.9160509715994725,NA,Norwegian,norwegian,C_log
Kristoffersen::15362,0.02547929238600305,NA,Norwegian,norwegian,C_log
Kristoffersen::15365,-2.6114801154728533,NA,Norwegian,norwegian,C_log
Kristoffersen::15375,0.8853160977745523,NA,Norwegian,norwegian,C_log
Kristoffersen::15378,0.9720006173400721,NA,Norwegian,norwegian,C_log
Kristoffersen::15380,-0.6173079832177115,NA,Norwegian,norwegian,C_log
Kristoffersen::15384,-1.1611155559520434,NA,Norwegian,norwegian,C_log
Kristoffersen::15385,1.8016285242872871,NA,Norwegian,norwegian,C_log
Kristoffersen::15397,-0.959382558521331,NA,Norwegian,norwegian,C_log
Kristoffersen::15400,-0.47174318309996816,NA,Norwegian,norwegian,C_log
Kristoffersen::15404,4.420455824908312,NA,Norwegian,norwegian,C_log
Kristoffersen::15411,-0.3471431686235002,NA,Norwegian,norwegian,C_log
Kristoffersen::15412,3.3427726528171924,NA,Norwegian,norwegian,C_log
Kristoffersen::15415,1.1733773302214987,NA,Norwegian,norwegian,C_log
Kristoffersen::15435,0.9952650486237224,NA,Norwegian,norwegian,C_log
Kristoffersen::15437,-3.847515723306518,NA,Norwegian,norwegian,C_log
Kristoffersen::15439,-0.8301021520645143,NA,Norwegian,norwegian,C_log
Kristoffersen::15442,1.3068047325184997,NA,Norwegian,norwegian,C_log
Kristoffersen::15450,1.2526374637944,NA,Norwegian,norwegian,C_log
Kristoffersen::15455,-3.403387033062171,NA,Norwegian,norwegian,C_log
Kristoffersen::15458,-1.2772336323226332,NA,Norwegian,norwegian,C_log
Kristoffersen::15465,-3.968714868044483,NA,Norwegian,norwegian,C_log
Kristoffersen::15466,2.096441597955574,NA,Norwegian,norwegian,C_log
Kristoffersen::15468,-1.4223145519211273,NA,Norwegian,norwegian,C_log
Kristoffersen::15472,4.140460471064976,NA,Norwegian,norwegian,C_log
Kristoffersen::15478,2.4599032193077477,NA,Norwegian,norwegian,C_log
Kristoffersen::15481,-1.3129463017278478,NA,Norwegian,norwegian,C_log
Kristoffersen::15482,2.843937474526789,NA,Norwegian,norwegian,C_log
Kristoffersen::15485,3.2822974839620094,NA,Norwegian,norwegian,C_log
Kristoffersen::15493,-1.635478057600537,NA,Norwegian,norwegian,C_log
Kristoffersen::15496,-0.27467367743048954,NA,Norwegian,norwegian,C_log
Kristoffersen::15524,1.9187416254595198,NA,Norwegian,norwegian,C_log
Kristoffersen::15526,-0.22069011681127926,NA,Norwegian,norwegian,C_log
Kristoffersen::15530,1.3072827396618356,NA,Norwegian,norwegian,C_log
Kristoffersen::15544,2.271643503172583,NA,Norwegian,norwegian,C_log
Kristoffersen::15555,-0.41498379034893007,NA,Norwegian,norwegian,C_log
Kristoffersen::15556,0.23187539533035617,NA,Norwegian,norwegian,C_log
Kristoffersen::1556,2.3716660157218743,NA,Norwegian,norwegian,C_log
Kristoffersen::15577,-0.8497123924135583,NA,Norwegian,norwegian,C_log
Kristoffersen::15591,-6.926811449085355,NA,Norwegian,norwegian,C_log
Kristoffersen::15612,1.7854594054034996,NA,Norwegian,norwegian,C_log
Kristoffersen::15616,-0.3904470581689906,NA,Norwegian,norwegian,C_log
Kristoffersen::15625,-2.150243581353984,NA,Norwegian,norwegian,C_log
Kristoffersen::15627,-0.2945712217848349,NA,Norwegian,norwegian,C_log
Kristoffersen::1563,-0.11067126604002617,NA,Norwegian,norwegian,C_log
Kristoffersen::15637,0.900375408711362,NA,Norwegian,norwegian,C_log
Kristoffersen::15639,2.8696091706490967,NA,Norwegian,norwegian,C_log
Kristoffersen::15649,0.18216728446752184,NA,Norwegian,norwegian,C_log
Kristoffersen::15650,-2.5281554710172225,NA,Norwegian,norwegian,C_log
Kristoffersen::15660,3.8063588591775486,NA,Norwegian,norwegian,C_log
Kristoffersen::15672,-0.7171471374630131,NA,Norwegian,norwegian,C_log
Kristoffersen::15692,2.342836194271231,NA,Norwegian,norwegian,C_log
Kristoffersen::15698,-4.334658828443142,NA,Norwegian,norwegian,C_log
Kristoffersen::15704,0.6407008195031412,NA,Norwegian,norwegian,C_log
Kristoffersen::15705,-1.9836879998471555,NA,Norwegian,norwegian,C_log
Kristoffersen::15708,-0.2138579686871128,NA,Norwegian,norwegian,C_log
Kristoffersen::1571,0.4098949588017439,NA,Norwegian,norwegian,C_log
Kristoffersen::15716,1.521843018121218,NA,Norwegian,norwegian,C_log
Kristoffersen::1572,0.5743372816029758,NA,Norwegian,norwegian,C_log
Kristoffersen::15728,-0.4134497784235072,NA,Norwegian,norwegian,C_log
Kristoffersen::15729,-1.8880482551978919,NA,Norwegian,norwegian,C_log
Kristoffersen::15745,-1.9980146685477254,NA,Norwegian,norwegian,C_log
Kristoffersen::15757,1.8456184401919817,NA,Norwegian,norwegian,C_log
Kristoffersen::1577,-1.8679077791884418,NA,Norwegian,norwegian,C_log
Kristoffersen::15770,1.6843501685037006,NA,Norwegian,norwegian,C_log
Kristoffersen::15772,-0.4446301395721404,NA,Norwegian,norwegian,C_log
Kristoffersen::15784,0.8139587445993146,NA,Norwegian,norwegian,C_log
Kristoffersen::158,0.7644631272573086,NA,Norwegian,norwegian,C_log
Kristoffersen::15818,-3.272638409684075,NA,Norwegian,norwegian,C_log
Kristoffersen::15825,-0.03931273523944686,NA,Norwegian,norwegian,C_log
Kristoffersen::1583,1.5175225035228854,NA,Norwegian,norwegian,C_log
Kristoffersen::15854,-1.399156898305145,NA,Norwegian,norwegian,C_log
Kristoffersen::1586,-0.7028458978567469,NA,Norwegian,norwegian,C_log
Kristoffersen::15863,0.5530187844671633,NA,Norwegian,norwegian,C_log
Kristoffersen::15872,0.00979375912552061,NA,Norwegian,norwegian,C_log
Kristoffersen::15880,-2.3134156270518136,NA,Norwegian,norwegian,C_log
Kristoffersen::15885,-1.547381186751894,NA,Norwegian,norwegian,C_log
Kristoffersen::15898,-0.10157384986812318,NA,Norwegian,norwegian,C_log
Kristoffersen::15906,-1.8748543132582494,NA,Norwegian,norwegian,C_log
Kristoffersen::15915,-2.6764565439444534,NA,Norwegian,norwegian,C_log
Kristoffersen::15918,-0.92619877467295475,NA,Norwegian,norwegian,C_log
Kristoffersen::15922,0.01749350088587765,NA,Norwegian,norwegian,C_log
Kristoffersen::15938,2.5402337708223426,NA,Norwegian,norwegian,C_log
Kristoffersen::15941,0.7813919213578163,NA,Norwegian,norwegian,C_log
Kristoffersen::15945,2.942974853834182,NA,Norwegian,norwegian,C_log
Kristoffersen::15946,0.7827701166346038,NA,Norwegian,norwegian,C_log
Kristoffersen::15953,-0.138014614040665,NA,Norwegian,norwegian,C_log
Kristoffersen::15976,1.4393935638222795,NA,Norwegian,norwegian,C_log
Kristoffersen::15987,-1.3023683341054768,NA,Norwegian,norwegian,C_log
Kristoffersen::15988,-2.0833458215636695,NA,Norwegian,norwegian,C_log
Kristoffersen::15989,0.2754378940656287,NA,Norwegian,norwegian,C_log
Kristoffersen::15994,1.3280223360465013,NA,Norwegian,norwegian,C_log
Kristoffersen::16,0.9428214174266392,NA,Norwegian,norwegian,C_log
Kristoffersen::16000,2.215050686181492,NA,Norwegian,norwegian,C_log
Kristoffersen::16001,-3.524247729977014,NA,Norwegian,norwegian,C_log
Kristoffersen::16009,1.1623909662941647,NA,Norwegian,norwegian,C_log
Kristoffersen::16010,-1.0929372172307346,NA,Norwegian,norwegian,C_log
Kristoffersen::16015,-3.210888911751123,NA,Norwegian,norwegian,C_log
Kristoffersen::16031,-1.4355968343544014,NA,Norwegian,norwegian,C_log
Kristoffersen::16041,-2.5119630095192655,NA,Norwegian,norwegian,C_log
Kristoffersen::16056,0.8474610468189038,NA,Norwegian,norwegian,C_log
Kristoffersen::16064,-2.906300701930168,NA,Norwegian,norwegian,C_log
Kristoffersen::16069,-2.2373679041935874,NA,Norwegian,norwegian,C_log
Kristoffersen::16072,-1.4239104381188405,NA,Norwegian,norwegian,C_log
Kristoffersen::16122,-0.7309696773217356,NA,Norwegian,norwegian,C_log
Kristoffersen::16124,0.21695295402578596,NA,Norwegian,norwegian,C_log
Kristoffersen::16131,-0.913164355819985,NA,Norwegian,norwegian,C_log
Kristoffersen::16143,1.1081570823270102,NA,Norwegian,norwegian,C_log
Kristoffersen::16145,-0.6810696421567727,NA,Norwegian,norwegian,C_log
Kristoffersen::16157,-3.242634996519964,NA,Norwegian,norwegian,C_log
Kristoffersen::16176,0.42312944984745665,NA,Norwegian,norwegian,C_log
Kristoffersen::16178,0.3872161934517794,NA,Norwegian,norwegian,C_log
Kristoffersen::16180,0.6235288726360109,NA,Norwegian,norwegian,C_log
Kristoffersen::16199,1.4828422214507635,NA,Norwegian,norwegian,C_log
Kristoffersen::16202,0.5752162465859966,NA,Norwegian,norwegian,C_log
Kristoffersen::16203,-2.312857473280538,NA,Norwegian,norwegian,C_log
Kristoffersen::16208,-0.11603478643739684,NA,Norwegian,norwegian,C_log
Kristoffersen::16218,-1.6667721913002382,NA,Norwegian,norwegian,C_log
Kristoffersen::16221,-0.6701830680662344,NA,Norwegian,norwegian,C_log
Kristoffersen::16231,1.5272895948953127,NA,Norwegian,norwegian,C_log
Kristoffersen::16264,1.7766381763029138,NA,Norwegian,norwegian,C_log
Kristoffersen::1628,4.256551218068323,NA,Norwegian,norwegian,C_log
Kristoffersen::16287,-2.269062715566302,NA,Norwegian,norwegian,C_log
Kristoffersen::16290,-0.76511907892232,NA,Norwegian,norwegian,C_log
Kristoffersen::16297,-2.3892028208954916,NA,Norwegian,norwegian,C_log
Kristoffersen::1633,-0.18959820425892454,NA,Norwegian,norwegian,C_log
Kristoffersen::16347,-2.3044347436304853,NA,Norwegian,norwegian,C_log
Kristoffersen::16353,-3.5112992223682418,NA,Norwegian,norwegian,C_log
Kristoffersen::16356,-0.20893409241140248,NA,Norwegian,norwegian,C_log
Kristoffersen::16374,-8.236847639242383,NA,Norwegian,norwegian,C_log
Kristoffersen::16431,-0.23148049747708466,NA,Norwegian,norwegian,C_log
Kristoffersen::16438,-1.0259462356787108,NA,Norwegian,norwegian,C_log
Kristoffersen::16459,-0.12589661443252217,NA,Norwegian,norwegian,C_log
Kristoffersen::16462,4.71157793360721,NA,Norwegian,norwegian,C_log
Kristoffersen::16472,-1.1402193073739413,NA,Norwegian,norwegian,C_log
Kristoffersen::16490,-0.23360078871053977,NA,Norwegian,norwegian,C_log
Kristoffersen::16510,0.8378295942918447,NA,Norwegian,norwegian,C_log
Kristoffersen::16522,0.8807532071593115,NA,Norwegian,norwegian,C_log
Kristoffersen::16524,0.5264476272844748,NA,Norwegian,norwegian,C_log
Kristoffersen::16539,1.4523806160149644,NA,Norwegian,norwegian,C_log
Kristoffersen::16567,-0.8016308888294551,NA,Norwegian,norwegian,C_log
Kristoffersen::16577,-1.0963721251700822,NA,Norwegian,norwegian,C_log
Kristoffersen::16583,-1.2400731809637808,NA,Norwegian,norwegian,C_log
Kristoffersen::16609,-3.8443988396429964,NA,Norwegian,norwegian,C_log
Kristoffersen::16625,-0.3411167699625766,NA,Norwegian,norwegian,C_log
Kristoffersen::16761,-1.2005967050691202,NA,Norwegian,norwegian,C_log
Kristoffersen::16773,-7.3384951109555425,NA,Norwegian,norwegian,C_log
Kristoffersen::16811,1.4585791515121553,NA,Norwegian,norwegian,C_log
Kristoffersen::16820,-1.9397592296060342,NA,Norwegian,norwegian,C_log
Kristoffersen::16829,0.3680505242949457,NA,Norwegian,norwegian,C_log
Kristoffersen::16853,1.245647163483656,NA,Norwegian,norwegian,C_log
Kristoffersen::16855,0.9904025589323547,NA,Norwegian,norwegian,C_log
Kristoffersen::1686,3.3586420301557407,NA,Norwegian,norwegian,C_log
Kristoffersen::16919,-1.0886563711765547,NA,Norwegian,norwegian,C_log
Kristoffersen::16932,-0.06634940010817844,NA,Norwegian,norwegian,C_log
Kristoffersen::16940,-2.5821560802031587,NA,Norwegian,norwegian,C_log
Kristoffersen::16941,-1.2378806586101199,NA,Norwegian,norwegian,C_log
Kristoffersen::16968,-2.7901759683471195,NA,Norwegian,norwegian,C_log
Kristoffersen::1698,1.820101812077061,NA,Norwegian,norwegian,C_log
Kristoffersen::17001,-3.3995422740194186,NA,Norwegian,norwegian,C_log
Kristoffersen::17008,-0.404868845983428,NA,Norwegian,norwegian,C_log
Kristoffersen::17025,-0.615381692052072,NA,Norwegian,norwegian,C_log
Kristoffersen::17059,-1.8362873750994686,NA,Norwegian,norwegian,C_log
Kristoffersen::1713,-0.2655785529272263,NA,Norwegian,norwegian,C_log
Kristoffersen::17286,-1.5150368301191148,NA,Norwegian,norwegian,C_log
Kristoffersen::17323,0.17159507859540776,NA,Norwegian,norwegian,C_log
Kristoffersen::17342,0.127809394704102,NA,Norwegian,norwegian,C_log
Kristoffersen::1735,-1.3396286633948704,NA,Norwegian,norwegian,C_log
Kristoffersen::17377,0.5245887269072215,NA,Norwegian,norwegian,C_log
Kristoffersen::17406,1.384065738955995,NA,Norwegian,norwegian,C_log
Kristoffersen::17518,-0.9190860343907217,NA,Norwegian,norwegian,C_log
Kristoffersen::17597,-3.05832320231047,NA,Norwegian,norwegian,C_log
Kristoffersen::17615,-0.049607731615519464,NA,Norwegian,norwegian,C_log
Kristoffersen::1766,0.8210538036624322,NA,Norwegian,norwegian,C_log
Kristoffersen::17672,-1.1689426062073598,NA,Norwegian,norwegian,C_log
Kristoffersen::17684,-1.9593687795279124,NA,Norwegian,norwegian,C_log
Kristoffersen::17785,-2.236789534582088,NA,Norwegian,norwegian,C_log
Kristoffersen::17796,-0.3414212637385535,NA,Norwegian,norwegian,C_log
Kristoffersen::17826,-1.2580320030205545,NA,Norwegian,norwegian,C_log
Kristoffersen::17835,0.9388711203338507,NA,Norwegian,norwegian,C_log
Kristoffersen::17849,-3.0465495512161382,NA,Norwegian,norwegian,C_log
Kristoffersen::17893,-1.7393723703853499,NA,Norwegian,norwegian,C_log
Kristoffersen::179,1.1685297520685969,NA,Norwegian,norwegian,C_log
Kristoffersen::17904,-0.731363687768595,NA,Norwegian,norwegian,C_log
Kristoffersen::17935,-5.871967326327569,NA,Norwegian,norwegian,C_log
Kristoffersen::17945,-2.5761461000724037,NA,Norwegian,norwegian,C_log
Kristoffersen::17976,1.1570044928333498,NA,Norwegian,norwegian,C_log
Kristoffersen::18001,-0.503755098842276,NA,Norwegian,norwegian,C_log
Kristoffersen::18010,0.9242753008657668,NA,Norwegian,norwegian,C_log
Kristoffersen::18098,-3.6597394384468456,NA,Norwegian,norwegian,C_log
Kristoffersen::18186,-0.939406169706814,NA,Norwegian,norwegian,C_log
Kristoffersen::18222,-1.4991098356762906,NA,Norwegian,norwegian,C_log
Kristoffersen::18314,-1.0667752544020197,NA,Norwegian,norwegian,C_log
Kristoffersen::18366,-1.9473533920802435,NA,Norwegian,norwegian,C_log
Kristoffersen::1837,-0.07163454160522971,NA,Norwegian,norwegian,C_log
Kristoffersen::1840,1.6390160415839705,NA,Norwegian,norwegian,C_log
Kristoffersen::18472,-0.7336061034659143,NA,Norwegian,norwegian,C_log
Kristoffersen::18483,-3.0712891361437693,NA,Norwegian,norwegian,C_log
Kristoffersen::18531,-1.7941342301002727,NA,Norwegian,norwegian,C_log
Kristoffersen::18563,-2.21596710788356,NA,Norwegian,norwegian,C_log
Kristoffersen::18569,0.34951718062571047,NA,Norwegian,norwegian,C_log
Kristoffersen::1866,-1.3072941545634673,NA,Norwegian,norwegian,C_log
Kristoffersen::18727,-1.4530651186391752,NA,Norwegian,norwegian,C_log
Kristoffersen::18830,-2.0450920139310877,NA,Norwegian,norwegian,C_log
Kristoffersen::1887,1.7849247086263818,NA,Norwegian,norwegian,C_log
Kristoffersen::1889,1.3421789867731642,NA,Norwegian,norwegian,C_log
Kristoffersen::18895,-3.0218257760622107,NA,Norwegian,norwegian,C_log
Kristoffersen::18897,-1.020563958228991,NA,Norwegian,norwegian,C_log
Kristoffersen::189,1.1234794465406137,NA,Norwegian,norwegian,C_log
Kristoffersen::1890,-0.6526099239778532,NA,Norwegian,norwegian,C_log
Kristoffersen::18908,-0.3309992271328037,NA,Norwegian,norwegian,C_log
Kristoffersen::18982,1.049714130612206,NA,Norwegian,norwegian,C_log
Kristoffersen::18996,-2.027797545952713,NA,Norwegian,norwegian,C_log
Kristoffersen::19066,-1.3452164381526623,NA,Norwegian,norwegian,C_log
Kristoffersen::19100,-1.3877368270897399,NA,Norwegian,norwegian,C_log
Kristoffersen::1925,-3.1471562784443883,NA,Norwegian,norwegian,C_log
Kristoffersen::1936,-0.4299229493825789,NA,Norwegian,norwegian,C_log
Kristoffersen::1953,0.8692019942757383,NA,Norwegian,norwegian,C_log
Kristoffersen::196,1.3469766315779532,NA,Norwegian,norwegian,C_log
Kristoffersen::2010,1.2111952187539285,NA,Norwegian,norwegian,C_log
Kristoffersen::2015,2.066057896890251,NA,Norwegian,norwegian,C_log
Kristoffersen::206,1.6074673984826047,NA,Norwegian,norwegian,C_log
Kristoffersen::2075,-1.3428340128929903,NA,Norwegian,norwegian,C_log
Kristoffersen::2094,1.6709599374302555,NA,Norwegian,norwegian,C_log
Kristoffersen::210,-0.34247316912406234,NA,Norwegian,norwegian,C_log
Kristoffersen::213,0.4421522144001549,NA,Norwegian,norwegian,C_log
Kristoffersen::2141,2.012166922619333,NA,Norwegian,norwegian,C_log
Kristoffersen::2197,1.6688130286220713,NA,Norwegian,norwegian,C_log
Kristoffersen::2291,3.1559273275878175,NA,Norwegian,norwegian,C_log
Kristoffersen::23,0.9259884241966271,NA,Norwegian,norwegian,C_log
Kristoffersen::237,0.08649095086595851,NA,Norwegian,norwegian,C_log
Kristoffersen::2377,-1.8291263423017674,NA,Norwegian,norwegian,C_log
Kristoffersen::2395,-1.293004667045115,NA,Norwegian,norwegian,C_log
Kristoffersen::2397,-1.9752014811592389,NA,Norwegian,norwegian,C_log
Kristoffersen::2449,-2.8030517008081848,NA,Norwegian,norwegian,C_log
Kristoffersen::2516,-0.6331868664235855,NA,Norwegian,norwegian,C_log
Kristoffersen::255,0.03456230092545118,NA,Norwegian,norwegian,C_log
Kristoffersen::257,1.778308600623872,NA,Norwegian,norwegian,C_log
Kristoffersen::2595,0.7442659905545613,NA,Norwegian,norwegian,C_log
Kristoffersen::2602,2.3741599158821645,NA,Norwegian,norwegian,C_log
Kristoffersen::2604,1.1552562303787184,NA,Norwegian,norwegian,C_log
Kristoffersen::2626,1.4821391707756402,NA,Norwegian,norwegian,C_log
Kristoffersen::2638,0.2243704589686905,NA,Norwegian,norwegian,C_log
Kristoffersen::2648,2.648017311833336,NA,Norwegian,norwegian,C_log
Kristoffersen::2679,0.7284078468473177,NA,Norwegian,norwegian,C_log
Kristoffersen::2691,1.8431199736046815,NA,Norwegian,norwegian,C_log
Kristoffersen::2724,3.463782181000648,NA,Norwegian,norwegian,C_log
Kristoffersen::2748,-0.20267954472408026,NA,Norwegian,norwegian,C_log
Kristoffersen::278,-0.14492055301922344,NA,Norwegian,norwegian,C_log
Kristoffersen::2832,0.5310795557661495,NA,Norwegian,norwegian,C_log
Kristoffersen::2843,1.0569369071190653,NA,Norwegian,norwegian,C_log
Kristoffersen::286,-0.8489145357455576,NA,Norwegian,norwegian,C_log
Kristoffersen::2909,0.401282139621675,NA,Norwegian,norwegian,C_log
Kristoffersen::292,1.5293533040271834,NA,Norwegian,norwegian,C_log
Kristoffersen::2924,0.6662316141492759,NA,Norwegian,norwegian,C_log
Kristoffersen::2931,0.21869605223750163,NA,Norwegian,norwegian,C_log
Kristoffersen::2964,0.5367294468758499,NA,Norwegian,norwegian,C_log
Kristoffersen::2978,1.1698900978760254,NA,Norwegian,norwegian,C_log
Kristoffersen::3004,1.328499443932163,NA,Norwegian,norwegian,C_log
Kristoffersen::3015,0.7404006909248924,NA,Norwegian,norwegian,C_log
Kristoffersen::3040,-0.43599042720591163,NA,Norwegian,norwegian,C_log
Kristoffersen::3095,1.2820257161352315,NA,Norwegian,norwegian,C_log
Kristoffersen::3110,-0.37055076856624564,NA,Norwegian,norwegian,C_log
Kristoffersen::3139,-0.5341044071136772,NA,Norwegian,norwegian,C_log
Kristoffersen::3174,3.1979348754002475,NA,Norwegian,norwegian,C_log
Kristoffersen::3184,0.25408430966625406,NA,Norwegian,norwegian,C_log
Kristoffersen::3190,1.645475238448904,NA,Norwegian,norwegian,C_log
Kristoffersen::3202,-1.1831776331948165,NA,Norwegian,norwegian,C_log
Kristoffersen::3218,-0.3329114512904756,NA,Norwegian,norwegian,C_log
Kristoffersen::3336,-1.2599228485003202,NA,Norwegian,norwegian,C_log
Kristoffersen::3404,0.5250241459521015,NA,Norwegian,norwegian,C_log
Kristoffersen::341,0.2931233395903726,NA,Norwegian,norwegian,C_log
Kristoffersen::3414,0.7608724668707377,NA,Norwegian,norwegian,C_log
Kristoffersen::3452,0.7063437733857238,NA,Norwegian,norwegian,C_log
Kristoffersen::3458,1.2365547908682422,NA,Norwegian,norwegian,C_log
Kristoffersen::3460,-0.057484644219570315,NA,Norwegian,norwegian,C_log
Kristoffersen::353,0.49518645794949134,NA,Norwegian,norwegian,C_log
Kristoffersen::3536,-0.6333316991725731,NA,Norwegian,norwegian,C_log
Kristoffersen::3553,-1.585315134880773,NA,Norwegian,norwegian,C_log
Kristoffersen::3571,-0.6408764537720102,NA,Norwegian,norwegian,C_log
Kristoffersen::3586,1.2063100894295118,NA,Norwegian,norwegian,C_log
Kristoffersen::3633,1.389354204630538,NA,Norwegian,norwegian,C_log
Kristoffersen::3650,-0.862297524348956,NA,Norwegian,norwegian,C_log
Kristoffersen::3664,0.5473842084300242,NA,Norwegian,norwegian,C_log
Kristoffersen::3717,8.638501790325081e-4,NA,Norwegian,norwegian,C_log
Kristoffersen::3748,-1.2972605616579367,NA,Norwegian,norwegian,C_log
Kristoffersen::3769,-1.6813588854084665,NA,Norwegian,norwegian,C_log
Kristoffersen::3888,2.8791541778261065,NA,Norwegian,norwegian,C_log
Kristoffersen::3907,-0.11686897030628465,NA,Norwegian,norwegian,C_log
Kristoffersen::391,-2.716620834312061,NA,Norwegian,norwegian,C_log
Kristoffersen::3934,-0.9254096884104698,NA,Norwegian,norwegian,C_log
Kristoffersen::3978,1.8125214301520056,NA,Norwegian,norwegian,C_log
Kristoffersen::3981,-2.1665155761458443,NA,Norwegian,norwegian,C_log
Kristoffersen::400,1.828106877839156,NA,Norwegian,norwegian,C_log
Kristoffersen::4011,-2.0785722969047447,NA,Norwegian,norwegian,C_log
Kristoffersen::405,-2.6290566496343684,NA,Norwegian,norwegian,C_log
Kristoffersen::4137,-4.169327015463032,NA,Norwegian,norwegian,C_log
Kristoffersen::420,2.3797479712531224,NA,Norwegian,norwegian,C_log
Kristoffersen::422,-0.7383569096294083,NA,Norwegian,norwegian,C_log
Kristoffersen::4252,-0.3468167895005926,NA,Norwegian,norwegian,C_log
Kristoffersen::4281,0.4410842169134114,NA,Norwegian,norwegian,C_log
Kristoffersen::4304,0.9651037760841745,NA,Norwegian,norwegian,C_log
Kristoffersen::4321,-0.49021663829411943,NA,Norwegian,norwegian,C_log
Kristoffersen::4357,-2.8602287755588427,NA,Norwegian,norwegian,C_log
Kristoffersen::4363,-1.5573658866892308,NA,Norwegian,norwegian,C_log
Kristoffersen::437,1.0639938987500346,NA,Norwegian,norwegian,C_log
Kristoffersen::438,1.3241961005663994,NA,Norwegian,norwegian,C_log
Kristoffersen::4382,2.3914074470356184,NA,Norwegian,norwegian,C_log
Kristoffersen::4417,-1.432366014060326,NA,Norwegian,norwegian,C_log
Kristoffersen::4426,2.0311243106037673,NA,Norwegian,norwegian,C_log
Kristoffersen::446,-2.1667857128728545,NA,Norwegian,norwegian,C_log
Kristoffersen::4491,0.5872512593883398,NA,Norwegian,norwegian,C_log
Kristoffersen::4496,0.2484261656410171,NA,Norwegian,norwegian,C_log
Kristoffersen::4519,-0.47181876787636795,NA,Norwegian,norwegian,C_log
Kristoffersen::453,2.1420881999908126,NA,Norwegian,norwegian,C_log
Kristoffersen::4553,-2.2060514568349765,NA,Norwegian,norwegian,C_log
Kristoffersen::460,-0.41323233409257354,NA,Norwegian,norwegian,C_log
Kristoffersen::4607,-2.4702053426997805,NA,Norwegian,norwegian,C_log
Kristoffersen::4609,-3.1338517521222724,NA,Norwegian,norwegian,C_log
Kristoffersen::4643,-0.1487493864160534,NA,Norwegian,norwegian,C_log
Kristoffersen::4667,-2.807819098574112,NA,Norwegian,norwegian,C_log
Kristoffersen::4672,0.9001445257222381,NA,Norwegian,norwegian,C_log
Kristoffersen::4706,-1.9602851823189211,NA,Norwegian,norwegian,C_log
Kristoffersen::4718,-1.1027441917857523,NA,Norwegian,norwegian,C_log
Kristoffersen::4762,-0.34918994069012466,NA,Norwegian,norwegian,C_log
Kristoffersen::4767,-0.3600270079062648,NA,Norwegian,norwegian,C_log
Kristoffersen::482,2.157497311845176,NA,Norwegian,norwegian,C_log
Kristoffersen::4820,1.9134112714774603,NA,Norwegian,norwegian,C_log
Kristoffersen::4828,-0.7438996367874899,NA,Norwegian,norwegian,C_log
Kristoffersen::4834,0.4469176972970634,NA,Norwegian,norwegian,C_log
Kristoffersen::4848,-0.9064831625464154,NA,Norwegian,norwegian,C_log
Kristoffersen::4890,0.1124573151671877,NA,Norwegian,norwegian,C_log
Kristoffersen::490,0.11588323467352953,NA,Norwegian,norwegian,C_log
Kristoffersen::4925,-2.768174206391665,NA,Norwegian,norwegian,C_log
Kristoffersen::494,0.7335917466767053,NA,Norwegian,norwegian,C_log
Kristoffersen::4947,0.20829427874587744,NA,Norwegian,norwegian,C_log
Kristoffersen::496,-0.7623461494665164,NA,Norwegian,norwegian,C_log
Kristoffersen::5015,-1.8692052733009572,NA,Norwegian,norwegian,C_log
Kristoffersen::5021,0.9485388943375346,NA,Norwegian,norwegian,C_log
Kristoffersen::5056,-0.6899510373105463,NA,Norwegian,norwegian,C_log
Kristoffersen::5078,-1.0523414538500482,NA,Norwegian,norwegian,C_log
Kristoffersen::5107,-2.0699603129431,NA,Norwegian,norwegian,C_log
Kristoffersen::5114,-4.281063371584668,NA,Norwegian,norwegian,C_log
Kristoffersen::5130,2.0140794462897538,NA,Norwegian,norwegian,C_log
Kristoffersen::5178,1.7368744061777384,NA,Norwegian,norwegian,C_log
Kristoffersen::5191,2.175632076609048,NA,Norwegian,norwegian,C_log
Kristoffersen::5200,1.0656614150281831,NA,Norwegian,norwegian,C_log
Kristoffersen::5227,1.8926941597646318,NA,Norwegian,norwegian,C_log
Kristoffersen::5233,-0.8718340779355996,NA,Norwegian,norwegian,C_log
Kristoffersen::5257,-0.5780735342530657,NA,Norwegian,norwegian,C_log
Kristoffersen::5258,0.048955798557006484,NA,Norwegian,norwegian,C_log
Kristoffersen::5262,-0.8770915672105748,NA,Norwegian,norwegian,C_log
Kristoffersen::5282,2.395291274535789,NA,Norwegian,norwegian,C_log
Kristoffersen::529,2.2327470095354256,NA,Norwegian,norwegian,C_log
Kristoffersen::5292,2.361964385390542,NA,Norwegian,norwegian,C_log
Kristoffersen::5299,1.5334961022911742,NA,Norwegian,norwegian,C_log
Kristoffersen::5301,0.33351744647710485,NA,Norwegian,norwegian,C_log
Kristoffersen::5302,1.438428292061765,NA,Norwegian,norwegian,C_log
Kristoffersen::5316,-0.8113272590577565,NA,Norwegian,norwegian,C_log
Kristoffersen::5347,3.085432873985667,NA,Norwegian,norwegian,C_log
Kristoffersen::5352,2.3068102955588627,NA,Norwegian,norwegian,C_log
Kristoffersen::5358,1.6375610033281964,NA,Norwegian,norwegian,C_log
Kristoffersen::5380,-0.5335120951681731,NA,Norwegian,norwegian,C_log
Kristoffersen::5392,-0.950986884105517,NA,Norwegian,norwegian,C_log
Kristoffersen::5395,0.35786654744454777,NA,Norwegian,norwegian,C_log
Kristoffersen::54,0.7839677010038796,NA,Norwegian,norwegian,C_log
Kristoffersen::5405,0.5242198004315566,NA,Norwegian,norwegian,C_log
Kristoffersen::5406,-0.9177483458565058,NA,Norwegian,norwegian,C_log
Kristoffersen::5425,0.978876861128473,NA,Norwegian,norwegian,C_log
Kristoffersen::544,2.5798328513437956,NA,Norwegian,norwegian,C_log
Kristoffersen::5519,0.7896697183887186,NA,Norwegian,norwegian,C_log
Kristoffersen::5529,-0.4267660005065112,NA,Norwegian,norwegian,C_log
Kristoffersen::553,3.2780104173649893,NA,Norwegian,norwegian,C_log
Kristoffersen::5568,-2.990847303843206,NA,Norwegian,norwegian,C_log
Kristoffersen::5667,1.2325623001567685,NA,Norwegian,norwegian,C_log
Kristoffersen::5756,-1.5078208975361425,NA,Norwegian,norwegian,C_log
Kristoffersen::582,0.5305282121872866,NA,Norwegian,norwegian,C_log
Kristoffersen::5832,0.40720721220223133,NA,Norwegian,norwegian,C_log
Kristoffersen::5840,0.6309569770386284,NA,Norwegian,norwegian,C_log
Kristoffersen::5844,0.16824564748803925,NA,Norwegian,norwegian,C_log
Kristoffersen::5851,1.4732579066685798,NA,Norwegian,norwegian,C_log
Kristoffersen::5864,2.455512378312333,NA,Norwegian,norwegian,C_log
Kristoffersen::5873,-3.956550697574519,NA,Norwegian,norwegian,C_log
Kristoffersen::5880,0.2705411422270991,NA,Norwegian,norwegian,C_log
Kristoffersen::5895,-0.6739982433259755,NA,Norwegian,norwegian,C_log
Kristoffersen::5898,1.377285448703145,NA,Norwegian,norwegian,C_log
Kristoffersen::5920,-1.448150259093272,NA,Norwegian,norwegian,C_log
Kristoffersen::5925,-0.6196037495863177,NA,Norwegian,norwegian,C_log
Kristoffersen::5928,-0.7810483011110252,NA,Norwegian,norwegian,C_log
Kristoffersen::5945,-0.7454685696159145,NA,Norwegian,norwegian,C_log
Kristoffersen::5948,0.3891831257158432,NA,Norwegian,norwegian,C_log
Kristoffersen::5973,-1.8824556946273598,NA,Norwegian,norwegian,C_log
Kristoffersen::601,2.08454784211153,NA,Norwegian,norwegian,C_log
Kristoffersen::6010,-0.6729817722509408,NA,Norwegian,norwegian,C_log
Kristoffersen::6039,-0.8345642678113308,NA,Norwegian,norwegian,C_log
Kristoffersen::6070,1.8002086123322718,NA,Norwegian,norwegian,C_log
Kristoffersen::6115,0.5979081359392313,NA,Norwegian,norwegian,C_log
Kristoffersen::6138,0.6922293743957464,NA,Norwegian,norwegian,C_log
Kristoffersen::6147,-1.3171607560893608,NA,Norwegian,norwegian,C_log
Kristoffersen::6153,-1.6115135430265486,NA,Norwegian,norwegian,C_log
Kristoffersen::6166,-0.22360128473918503,NA,Norwegian,norwegian,C_log
Kristoffersen::6174,2.5881473233840424,NA,Norwegian,norwegian,C_log
Kristoffersen::6177,2.539276027636421,NA,Norwegian,norwegian,C_log
Kristoffersen::6195,0.27568424441316464,NA,Norwegian,norwegian,C_log
Kristoffersen::6197,0.6102357624478482,NA,Norwegian,norwegian,C_log
Kristoffersen::6208,-3.7017656526784717,NA,Norwegian,norwegian,C_log
Kristoffersen::6238,0.651971734920747,NA,Norwegian,norwegian,C_log
Kristoffersen::6263,-1.946127858972995,NA,Norwegian,norwegian,C_log
Kristoffersen::6277,-3.5951026142551936,NA,Norwegian,norwegian,C_log
Kristoffersen::633,-3.5086061141873706,NA,Norwegian,norwegian,C_log
Kristoffersen::6369,2.801183292800689,NA,Norwegian,norwegian,C_log
Kristoffersen::6370,0.28831263437351923,NA,Norwegian,norwegian,C_log
Kristoffersen::6373,-1.8921894883624095,NA,Norwegian,norwegian,C_log
Kristoffersen::6421,-2.0235359277908347,NA,Norwegian,norwegian,C_log
Kristoffersen::6433,-0.762139007778032,NA,Norwegian,norwegian,C_log
Kristoffersen::647,3.6509548192647494,NA,Norwegian,norwegian,C_log
Kristoffersen::6475,-0.207600554214807,NA,Norwegian,norwegian,C_log
Kristoffersen::6478,1.1748705048530794,NA,Norwegian,norwegian,C_log
Kristoffersen::6493,-0.78009515772269,NA,Norwegian,norwegian,C_log
Kristoffersen::6511,-1.5272306223233723,NA,Norwegian,norwegian,C_log
Kristoffersen::6550,-1.3180726812948222,NA,Norwegian,norwegian,C_log
Kristoffersen::6568,0.8399151629197059,NA,Norwegian,norwegian,C_log
Kristoffersen::6586,0.7528016261454517,NA,Norwegian,norwegian,C_log
Kristoffersen::660,0.7693567337839102,NA,Norwegian,norwegian,C_log
Kristoffersen::6636,0.15386162033051165,NA,Norwegian,norwegian,C_log
Kristoffersen::6683,-0.6894357595645126,NA,Norwegian,norwegian,C_log
Kristoffersen::6711,-2.8095408992815014,NA,Norwegian,norwegian,C_log
Kristoffersen::6765,-2.3594374194540433,NA,Norwegian,norwegian,C_log
Kristoffersen::6777,-3.480836595713563,NA,Norwegian,norwegian,C_log
Kristoffersen::678,1.027221922897191,NA,Norwegian,norwegian,C_log
Kristoffersen::6827,0.8229551135135007,NA,Norwegian,norwegian,C_log
Kristoffersen::6831,0.13690425910255066,NA,Norwegian,norwegian,C_log
Kristoffersen::6832,-0.6960170045130565,NA,Norwegian,norwegian,C_log
Kristoffersen::6851,0.19626616451834816,NA,Norwegian,norwegian,C_log
Kristoffersen::6860,2.099643146812945,NA,Norwegian,norwegian,C_log
Kristoffersen::6916,1.0972054590115439,NA,Norwegian,norwegian,C_log
Kristoffersen::6981,-1.429159784985145,NA,Norwegian,norwegian,C_log
Kristoffersen::6983,-0.8286288565375114,NA,Norwegian,norwegian,C_log
Kristoffersen::7017,1.9221978096245136,NA,Norwegian,norwegian,C_log
Kristoffersen::7071,-0.7801823337551507,NA,Norwegian,norwegian,C_log
Kristoffersen::7084,1.2036164279854156,NA,Norwegian,norwegian,C_log
Kristoffersen::7106,0.42043448852051035,NA,Norwegian,norwegian,C_log
Kristoffersen::7136,-3.0769141852189867,NA,Norwegian,norwegian,C_log
Kristoffersen::7137,1.3098011863042183,NA,Norwegian,norwegian,C_log
Kristoffersen::7172,-0.2766886791471637,NA,Norwegian,norwegian,C_log
Kristoffersen::72,-0.7728928841928343,NA,Norwegian,norwegian,C_log
Kristoffersen::7202,4.001071231779659,NA,Norwegian,norwegian,C_log
Kristoffersen::7261,0.17197329770637743,NA,Norwegian,norwegian,C_log
Kristoffersen::7267,2.6888358577022315,NA,Norwegian,norwegian,C_log
Kristoffersen::727,-0.021162719998514427,NA,Norwegian,norwegian,C_log
Kristoffersen::7283,-6.280550673823781,NA,Norwegian,norwegian,C_log
Kristoffersen::7285,1.53712824372725,NA,Norwegian,norwegian,C_log
Kristoffersen::7287,1.079609099672151,NA,Norwegian,norwegian,C_log
Kristoffersen::7300,0.7655394920702525,NA,Norwegian,norwegian,C_log
Kristoffersen::7467,-0.02276264552810222,NA,Norwegian,norwegian,C_log
Kristoffersen::7473,-2.3513184600743275,NA,Norwegian,norwegian,C_log
Kristoffersen::7536,-0.3702441963199594,NA,Norwegian,norwegian,C_log
Kristoffersen::7542,-1.8907166548544452,NA,Norwegian,norwegian,C_log
Kristoffersen::7563,2.910988462879156,NA,Norwegian,norwegian,C_log
Kristoffersen::7566,1.6333735828287226,NA,Norwegian,norwegian,C_log
Kristoffersen::7632,-0.3576225744086267,NA,Norwegian,norwegian,C_log
Kristoffersen::7682,-0.3069512780058183,NA,Norwegian,norwegian,C_log
Kristoffersen::7702,0.0173337702395532,NA,Norwegian,norwegian,C_log
Kristoffersen::7719,0.7320494823252973,NA,Norwegian,norwegian,C_log
Kristoffersen::7728,-1.588200429775652,NA,Norwegian,norwegian,C_log
Kristoffersen::7730,-1.0124127787265185,NA,Norwegian,norwegian,C_log
Kristoffersen::7736,0.7890715566616024,NA,Norwegian,norwegian,C_log
Kristoffersen::7748,0.4519591563120671,NA,Norwegian,norwegian,C_log
Kristoffersen::777,-4.882316898464862,NA,Norwegian,norwegian,C_log
Kristoffersen::78,-0.6153124439158821,NA,Norwegian,norwegian,C_log
Kristoffersen::781,1.1423558507666325,NA,Norwegian,norwegian,C_log
Kristoffersen::7816,2.3282244081785355,NA,Norwegian,norwegian,C_log
Kristoffersen::7833,3.090512941649361,NA,Norwegian,norwegian,C_log
Kristoffersen::7864,-1.927709172654604,NA,Norwegian,norwegian,C_log
Kristoffersen::7874,0.29730127696452396,NA,Norwegian,norwegian,C_log
Kristoffersen::7902,-0.6558076823447767,NA,Norwegian,norwegian,C_log
Kristoffersen::7951,2.6681373909741453,NA,Norwegian,norwegian,C_log
Kristoffersen::7952,0.09076522933090593,NA,Norwegian,norwegian,C_log
Kristoffersen::7982,1.7294545702285193,NA,Norwegian,norwegian,C_log
Kristoffersen::8014,0.20424319085393336,NA,Norwegian,norwegian,C_log
Kristoffersen::8041,0.5541746686458724,NA,Norwegian,norwegian,C_log
Kristoffersen::8085,-2.3842578844922655,NA,Norwegian,norwegian,C_log
Kristoffersen::8156,2.481304480212604,NA,Norwegian,norwegian,C_log
Kristoffersen::8157,-5.417344805104057,NA,Norwegian,norwegian,C_log
Kristoffersen::8214,1.9848221356495064,NA,Norwegian,norwegian,C_log
Kristoffersen::8241,-1.9467900397635751,NA,Norwegian,norwegian,C_log
Kristoffersen::8253,2.317141668619087,NA,Norwegian,norwegian,C_log
Kristoffersen::8269,-0.313793455187664,NA,Norwegian,norwegian,C_log
Kristoffersen::8290,2.0743775791861903,NA,Norwegian,norwegian,C_log
Kristoffersen::8358,-1.8257161727449092,NA,Norwegian,norwegian,C_log
Kristoffersen::8389,2.0880219697715834,NA,Norwegian,norwegian,C_log
Kristoffersen::8398,3.0678902181249854,NA,Norwegian,norwegian,C_log
Kristoffersen::8453,-0.8698106748146227,NA,Norwegian,norwegian,C_log
Kristoffersen::8490,-1.1273423040248811,NA,Norwegian,norwegian,C_log
Kristoffersen::8510,-1.0330663848287136,NA,Norwegian,norwegian,C_log
Kristoffersen::8549,-0.7204323760986712,NA,Norwegian,norwegian,C_log
Kristoffersen::8555,-0.43781496936588515,NA,Norwegian,norwegian,C_log
Kristoffersen::8560,-3.7104218857828797,NA,Norwegian,norwegian,C_log
Kristoffersen::8562,-0.27004475834903446,NA,Norwegian,norwegian,C_log
Kristoffersen::8572,0.0778718941021103,NA,Norwegian,norwegian,C_log
Kristoffersen::8577,0.2236326146343855,NA,Norwegian,norwegian,C_log
Kristoffersen::8578,0.22763842461712444,NA,Norwegian,norwegian,C_log
Kristoffersen::8581,-0.07235902570167523,NA,Norwegian,norwegian,C_log
Kristoffersen::8584,-0.06249837532668057,NA,Norwegian,norwegian,C_log
Kristoffersen::8589,-2.0335312593749824,NA,Norwegian,norwegian,C_log
Kristoffersen::8599,0.39325941686377547,NA,Norwegian,norwegian,C_log
Kristoffersen::860,5.6616784883092715,NA,Norwegian,norwegian,C_log
Kristoffersen::8602,3.262432558900429,NA,Norwegian,norwegian,C_log
Kristoffersen::8607,1.031682276664857,NA,Norwegian,norwegian,C_log
Kristoffersen::8616,1.1400712301906215,NA,Norwegian,norwegian,C_log
Kristoffersen::8622,2.0545898720641667,NA,Norwegian,norwegian,C_log
Kristoffersen::8626,0.6816493504062149,NA,Norwegian,norwegian,C_log
Kristoffersen::8631,-0.44213071985136426,NA,Norwegian,norwegian,C_log
Kristoffersen::8632,-3.1105908776398716,NA,Norwegian,norwegian,C_log
Kristoffersen::8641,-1.3524227781337201,NA,Norwegian,norwegian,C_log
Kristoffersen::8651,-1.8124887961624405,NA,Norwegian,norwegian,C_log
Kristoffersen::8657,0.0508981115810374,NA,Norwegian,norwegian,C_log
Kristoffersen::8658,0.9764197719080792,NA,Norwegian,norwegian,C_log
Kristoffersen::8664,-1.7226312074523988,NA,Norwegian,norwegian,C_log
Kristoffersen::8671,-0.15290689288563591,NA,Norwegian,norwegian,C_log
Kristoffersen::8677,-0.5812422664407205,NA,Norwegian,norwegian,C_log
Kristoffersen::8683,-1.404855281855401,NA,Norwegian,norwegian,C_log
Kristoffersen::8684,1.793934488166453,NA,Norwegian,norwegian,C_log
Kristoffersen::8686,1.4963305097882622,NA,Norwegian,norwegian,C_log
Kristoffersen::8695,-0.32681989160872815,NA,Norwegian,norwegian,C_log
Kristoffersen::8706,1.0488964006968882,NA,Norwegian,norwegian,C_log
Kristoffersen::871,-1.8891730901790353,NA,Norwegian,norwegian,C_log
Kristoffersen::8711,-2.503388393360948,NA,Norwegian,norwegian,C_log
Kristoffersen::8715,2.4191148160090497,NA,Norwegian,norwegian,C_log
Kristoffersen::8722,1.994046862458458,NA,Norwegian,norwegian,C_log
Kristoffersen::8726,5.320552861375262,NA,Norwegian,norwegian,C_log
Kristoffersen::8728,-0.26520094461838545,NA,Norwegian,norwegian,C_log
Kristoffersen::8734,-1.162454408696448,NA,Norwegian,norwegian,C_log
Kristoffersen::8739,-1.1510507061599042,NA,Norwegian,norwegian,C_log
Kristoffersen::8742,2.049850314331332,NA,Norwegian,norwegian,C_log
Kristoffersen::8750,2.2140007630881424,NA,Norwegian,norwegian,C_log
Kristoffersen::8760,1.896398605809977,NA,Norwegian,norwegian,C_log
Kristoffersen::8763,-1.4480384041631558,NA,Norwegian,norwegian,C_log
Kristoffersen::8764,-0.23481675052743606,NA,Norwegian,norwegian,C_log
Kristoffersen::8765,1.7298529967821876,NA,Norwegian,norwegian,C_log
Kristoffersen::8784,0.692065528026034,NA,Norwegian,norwegian,C_log
Kristoffersen::8789,-3.273696653887159,NA,Norwegian,norwegian,C_log
Kristoffersen::8790,1.1066709369303516,NA,Norwegian,norwegian,C_log
Kristoffersen::8792,1.801672170658049,NA,Norwegian,norwegian,C_log
Kristoffersen::8798,1.6177966386839266,NA,Norwegian,norwegian,C_log
Kristoffersen::8800,0.2754064022621821,NA,Norwegian,norwegian,C_log
Kristoffersen::8801,1.2164527861754684,NA,Norwegian,norwegian,C_log
Kristoffersen::8805,-0.8986027147266252,NA,Norwegian,norwegian,C_log
Kristoffersen::8806,-2.286265872386205,NA,Norwegian,norwegian,C_log
Kristoffersen::8807,0.37803393121433415,NA,Norwegian,norwegian,C_log
Kristoffersen::8816,0.3640855849602603,NA,Norwegian,norwegian,C_log
Kristoffersen::8818,1.0410917050447213,NA,Norwegian,norwegian,C_log
Kristoffersen::8820,-0.18467315233717715,NA,Norwegian,norwegian,C_log
Kristoffersen::8824,1.655654668531834,NA,Norwegian,norwegian,C_log
Kristoffersen::8829,-0.2590522011300926,NA,Norwegian,norwegian,C_log
Kristoffersen::8831,-0.04396827846529129,NA,Norwegian,norwegian,C_log
Kristoffersen::8833,2.8506817677833998,NA,Norwegian,norwegian,C_log
Kristoffersen::8849,-1.1707128485520766,NA,Norwegian,norwegian,C_log
Kristoffersen::8865,0.5252879464097231,NA,Norwegian,norwegian,C_log
Kristoffersen::8867,-1.867083267930821,NA,Norwegian,norwegian,C_log
Kristoffersen::8869,-3.3942030919912156,NA,Norwegian,norwegian,C_log
Kristoffersen::8872,-0.36672991081122686,NA,Norwegian,norwegian,C_log
Kristoffersen::8874,2.074320092344207,NA,Norwegian,norwegian,C_log
Kristoffersen::8882,-0.3645139304604274,NA,Norwegian,norwegian,C_log
Kristoffersen::8885,0.3089928820898681,NA,Norwegian,norwegian,C_log
Kristoffersen::8887,2.3214571546823954,NA,Norwegian,norwegian,C_log
Kristoffersen::889,2.121797283391955,NA,Norwegian,norwegian,C_log
Kristoffersen::8897,1.2514930305947813,NA,Norwegian,norwegian,C_log
Kristoffersen::891,-1.3501279916122688,NA,Norwegian,norwegian,C_log
Kristoffersen::8911,-0.6985926786252653,NA,Norwegian,norwegian,C_log
Kristoffersen::8914,-1.6606932830865684,NA,Norwegian,norwegian,C_log
Kristoffersen::8915,2.0554488976438785,NA,Norwegian,norwegian,C_log
Kristoffersen::8921,1.0255336364635874,NA,Norwegian,norwegian,C_log
Kristoffersen::8923,-0.1259995906037743,NA,Norwegian,norwegian,C_log
Kristoffersen::8940,-0.511795605199714,NA,Norwegian,norwegian,C_log
Kristoffersen::8951,-0.8666659963396772,NA,Norwegian,norwegian,C_log
Kristoffersen::8953,-0.32365494788992927,NA,Norwegian,norwegian,C_log
Kristoffersen::8954,-1.3135932001705344,NA,Norwegian,norwegian,C_log
Kristoffersen::8955,-1.8956626434882407,NA,Norwegian,norwegian,C_log
Kristoffersen::8958,-0.6861002314371758,NA,Norwegian,norwegian,C_log
Kristoffersen::8964,0.753945048910567,NA,Norwegian,norwegian,C_log
Kristoffersen::8973,-0.6986983656717835,NA,Norwegian,norwegian,C_log
Kristoffersen::8976,-0.9790488136175969,NA,Norwegian,norwegian,C_log
Kristoffersen::8978,1.4165316965818018,NA,Norwegian,norwegian,C_log
Kristoffersen::8980,-0.8133303180388222,NA,Norwegian,norwegian,C_log
Kristoffersen::8985,-3.3864605689247576,NA,Norwegian,norwegian,C_log
Kristoffersen::8986,1.4958653325445959,NA,Norwegian,norwegian,C_log
Kristoffersen::8989,1.3885355816915468,NA,Norwegian,norwegian,C_log
Kristoffersen::8993,-1.2718754030988753,NA,Norwegian,norwegian,C_log
Kristoffersen::90,0.8059955505479929,NA,Norwegian,norwegian,C_log
Kristoffersen::9003,1.2608138186942597,NA,Norwegian,norwegian,C_log
Kristoffersen::9009,3.298572956458905,NA,Norwegian,norwegian,C_log
Kristoffersen::901,0.23487547825934543,NA,Norwegian,norwegian,C_log
Kristoffersen::9016,1.3003819032704012,NA,Norwegian,norwegian,C_log
Kristoffersen::9029,-0.19521161476158172,NA,Norwegian,norwegian,C_log
Kristoffersen::9030,0.6868446122528895,NA,Norwegian,norwegian,C_log
Kristoffersen::9050,2.0575955008672397,NA,Norwegian,norwegian,C_log
Kristoffersen::9053,-2.371494989967599,NA,Norwegian,norwegian,C_log
Kristoffersen::9063,0.5909230465287306,NA,Norwegian,norwegian,C_log
Kristoffersen::9068,1.3679625449764932,NA,Norwegian,norwegian,C_log
Kristoffersen::9070,-1.717722124440064,NA,Norwegian,norwegian,C_log
Kristoffersen::9075,3.035577676175295,NA,Norwegian,norwegian,C_log
Kristoffersen::9079,-1.6161337016800235,NA,Norwegian,norwegian,C_log
Kristoffersen::9083,-0.6632126928843882,NA,Norwegian,norwegian,C_log
Kristoffersen::9084,-0.7757652013545265,NA,Norwegian,norwegian,C_log
Kristoffersen::9088,2.252800723510842,NA,Norwegian,norwegian,C_log
Kristoffersen::9090,2.0142328585062583,NA,Norwegian,norwegian,C_log
Kristoffersen::9096,-1.5127522729103986,NA,Norwegian,norwegian,C_log
Kristoffersen::9099,1.0603640805984238,NA,Norwegian,norwegian,C_log
Kristoffersen::9103,-1.6501859709779714,NA,Norwegian,norwegian,C_log
Kristoffersen::9111,0.8662988844063314,NA,Norwegian,norwegian,C_log
Kristoffersen::9115,-0.06040921443543187,NA,Norwegian,norwegian,C_log
Kristoffersen::913,0.8820650019837526,NA,Norwegian,norwegian,C_log
Kristoffersen::9153,2.320555101482705,NA,Norwegian,norwegian,C_log
Kristoffersen::9154,-0.7092842539473213,NA,Norwegian,norwegian,C_log
Kristoffersen::9157,2.8661808322732623,NA,Norwegian,norwegian,C_log
Kristoffersen::9158,2.634062752525926,NA,Norwegian,norwegian,C_log
Kristoffersen::9159,2.724641056266104,NA,Norwegian,norwegian,C_log
Kristoffersen::9163,-2.3460785080170505,NA,Norwegian,norwegian,C_log
Kristoffersen::9165,-1.7986878889380729,NA,Norwegian,norwegian,C_log
Kristoffersen::9167,0.5603522408802271,NA,Norwegian,norwegian,C_log
Kristoffersen::9170,-5.229754357514116,NA,Norwegian,norwegian,C_log
Kristoffersen::9172,2.135454754749645,NA,Norwegian,norwegian,C_log
Kristoffersen::9173,1.6106162535310555,NA,Norwegian,norwegian,C_log
Kristoffersen::9177,-0.8842038256743182,NA,Norwegian,norwegian,C_log
Kristoffersen::9187,-1.821143292566378,NA,Norwegian,norwegian,C_log
Kristoffersen::919,-0.27761862157107203,NA,Norwegian,norwegian,C_log
Kristoffersen::9190,-2.1466400539037807,NA,Norwegian,norwegian,C_log
Kristoffersen::9195,1.8347607674289406,NA,Norwegian,norwegian,C_log
Kristoffersen::9197,1.5941818137873534,NA,Norwegian,norwegian,C_log
Kristoffersen::9200,-0.05134830229017353,NA,Norwegian,norwegian,C_log
Kristoffersen::9204,1.0164161999599144,NA,Norwegian,norwegian,C_log
Kristoffersen::9218,-2.372631974180347,NA,Norwegian,norwegian,C_log
Kristoffersen::9220,-0.43379819870670655,NA,Norwegian,norwegian,C_log
Kristoffersen::9221,-0.6143176819602252,NA,Norwegian,norwegian,C_log
Kristoffersen::9241,1.241358994663441,NA,Norwegian,norwegian,C_log
Kristoffersen::9252,0.7826474270999861,NA,Norwegian,norwegian,C_log
Kristoffersen::9262,0.6198142443808833,NA,Norwegian,norwegian,C_log
Kristoffersen::9267,1.6083667027976167,NA,Norwegian,norwegian,C_log
Kristoffersen::9278,-0.217228208022523,NA,Norwegian,norwegian,C_log
Kristoffersen::9284,-0.46229683619677164,NA,Norwegian,norwegian,C_log
Kristoffersen::9285,0.7500386398641353,NA,Norwegian,norwegian,C_log
Kristoffersen::9289,-4.225323601232298,NA,Norwegian,norwegian,C_log
Kristoffersen::9299,-1.278931163017359,NA,Norwegian,norwegian,C_log
Kristoffersen::9306,2.1543885929977957,NA,Norwegian,norwegian,C_log
Kristoffersen::9309,0.28933585759856795,NA,Norwegian,norwegian,C_log
Kristoffersen::9311,-2.9026834840652262,NA,Norwegian,norwegian,C_log
Kristoffersen::9312,-0.41596875032287445,NA,Norwegian,norwegian,C_log
Kristoffersen::9314,2.535382421085167,NA,Norwegian,norwegian,C_log
Kristoffersen::9327,0.07531922883134447,NA,Norwegian,norwegian,C_log
Kristoffersen::9338,-3.863468671677292,NA,Norwegian,norwegian,C_log
Kristoffersen::9339,-5.073285803927733,NA,Norwegian,norwegian,C_log
Kristoffersen::9351,-2.3172181265509533,NA,Norwegian,norwegian,C_log
Kristoffersen::9352,-0.23485114668302243,NA,Norwegian,norwegian,C_log
Kristoffersen::9362,-0.4878847218259485,NA,Norwegian,norwegian,C_log
Kristoffersen::9369,-1.5107915014081161,NA,Norwegian,norwegian,C_log
Kristoffersen::9372,1.1358265611700067,NA,Norwegian,norwegian,C_log
Kristoffersen::939,-2.111112986338031,NA,Norwegian,norwegian,C_log
Kristoffersen::9390,-0.644591192661596,NA,Norwegian,norwegian,C_log
Kristoffersen::9404,-0.13574107587694373,NA,Norwegian,norwegian,C_log
Kristoffersen::9406,-0.8020472708091604,NA,Norwegian,norwegian,C_log
Kristoffersen::9408,1.2336691703222449,NA,Norwegian,norwegian,C_log
Kristoffersen::9412,2.9002202788903646,NA,Norwegian,norwegian,C_log
Kristoffersen::9419,-1.3314046434581719,NA,Norwegian,norwegian,C_log
Kristoffersen::9424,-1.5490764057932196,NA,Norwegian,norwegian,C_log
Kristoffersen::9436,-0.4223523110191832,NA,Norwegian,norwegian,C_log
Kristoffersen::9442,0.6919623873682565,NA,Norwegian,norwegian,C_log
Kristoffersen::945,0.2710070318072535,NA,Norwegian,norwegian,C_log
Kristoffersen::9454,0.2432721653253553,NA,Norwegian,norwegian,C_log
Kristoffersen::9456,2.159189126650332,NA,Norwegian,norwegian,C_log
Kristoffersen::9460,0.6098862112588532,NA,Norwegian,norwegian,C_log
Kristoffersen::9461,4.037058441539868,NA,Norwegian,norwegian,C_log
Kristoffersen::9484,1.5516621219897495,NA,Norwegian,norwegian,C_log
Kristoffersen::9489,-1.5007517681149192,NA,Norwegian,norwegian,C_log
Kristoffersen::9493,0.1067782681637734,NA,Norwegian,norwegian,C_log
Kristoffersen::9503,3.8023311614613027,NA,Norwegian,norwegian,C_log
Kristoffersen::9526,-0.8352940608166249,NA,Norwegian,norwegian,C_log
Kristoffersen::9528,0.7245922628121433,NA,Norwegian,norwegian,C_log
Kristoffersen::9529,-0.5604327272137518,NA,Norwegian,norwegian,C_log
Kristoffersen::9549,-5.273812773682561,NA,Norwegian,norwegian,C_log
Kristoffersen::9550,-0.5200276769080242,NA,Norwegian,norwegian,C_log
Kristoffersen::9566,1.7472353350590841,NA,Norwegian,norwegian,C_log
Kristoffersen::9579,-1.2952165879315372,NA,Norwegian,norwegian,C_log
Kristoffersen::9594,1.8792933892124424,NA,Norwegian,norwegian,C_log
Kristoffersen::9611,-0.9671925771885759,NA,Norwegian,norwegian,C_log
Kristoffersen::9617,-2.726681194946155,NA,Norwegian,norwegian,C_log
Kristoffersen::9643,-1.6632417139406452,NA,Norwegian,norwegian,C_log
Kristoffersen::9648,4.928866331531674,NA,Norwegian,norwegian,C_log
Kristoffersen::9659,1.6753582403557208,NA,Norwegian,norwegian,C_log
Kristoffersen::967,-2.08031182199583,NA,Norwegian,norwegian,C_log
Kristoffersen::9672,1.732873658466776,NA,Norwegian,norwegian,C_log
Kristoffersen::9674,3.5147436571799937,NA,Norwegian,norwegian,C_log
Kristoffersen::9676,0.522182751843181,NA,Norwegian,norwegian,C_log
Kristoffersen::9680,-1.7668874447114156,NA,Norwegian,norwegian,C_log
Kristoffersen::9683,2.152462742818952,NA,Norwegian,norwegian,C_log
Kristoffersen::9684,2.0029539897843645,NA,Norwegian,norwegian,C_log
Kristoffersen::9688,-0.4066452943550016,NA,Norwegian,norwegian,C_log
Kristoffersen::969,-1.4785921073734591,NA,Norwegian,norwegian,C_log
Kristoffersen::9698,-1.3866851291122948,NA,Norwegian,norwegian,C_log
Kristoffersen::9707,5.10328028456242,NA,Norwegian,norwegian,C_log
Kristoffersen::9709,-3.4906610277845402,NA,Norwegian,norwegian,C_log
Kristoffersen::9713,-1.0397016799688892,NA,Norwegian,norwegian,C_log
Kristoffersen::9717,1.249115003032176,NA,Norwegian,norwegian,C_log
Kristoffersen::9718,2.3189063205506826,NA,Norwegian,norwegian,C_log
Kristoffersen::9730,1.2968277903957777,NA,Norwegian,norwegian,C_log
Kristoffersen::9731,-0.2115976719942782,NA,Norwegian,norwegian,C_log
Kristoffersen::9734,1.9025143013487773,NA,Norwegian,norwegian,C_log
Kristoffersen::9744,1.020166326393117,NA,Norwegian,norwegian,C_log
Kristoffersen::9746,-2.570454396297839,NA,Norwegian,norwegian,C_log
Kristoffersen::9747,1.4874051687499397,NA,Norwegian,norwegian,C_log
Kristoffersen::9750,1.0675518017518537,NA,Norwegian,norwegian,C_log
Kristoffersen::9755,-0.18157702372080875,NA,Norwegian,norwegian,C_log
Kristoffersen::9759,2.269105668323524,NA,Norwegian,norwegian,C_log
Kristoffersen::9761,-2.3599577981620126,NA,Norwegian,norwegian,C_log
Kristoffersen::9765,1.8958753127312424,NA,Norwegian,norwegian,C_log
Kristoffersen::9769,1.1315451764581106,NA,Norwegian,norwegian,C_log
Kristoffersen::9779,-3.221947669728086,NA,Norwegian,norwegian,C_log
Kristoffersen::9788,1.4861657699854343,NA,Norwegian,norwegian,C_log
Kristoffersen::9797,-0.08467923890692663,NA,Norwegian,norwegian,C_log
Kristoffersen::9798,-0.40350912492248286,NA,Norwegian,norwegian,C_log
Kristoffersen::9803,-2.6325717604692254,NA,Norwegian,norwegian,C_log
Kristoffersen::9806,1.2273303292586366,NA,Norwegian,norwegian,C_log
Kristoffersen::9813,1.0858504780112472,NA,Norwegian,norwegian,C_log
Kristoffersen::9820,2.2351389028098643,NA,Norwegian,norwegian,C_log
Kristoffersen::9821,1.3094125771441238,NA,Norwegian,norwegian,C_log
Kristoffersen::9823,5.441231769348126,NA,Norwegian,norwegian,C_log
Kristoffersen::9825,-1.260882968395882,NA,Norwegian,norwegian,C_log
Kristoffersen::9828,1.0717978817544354,NA,Norwegian,norwegian,C_log
Kristoffersen::9836,2.062218367901536,NA,Norwegian,norwegian,C_log
Kristoffersen::9841,-1.6079350336025706,NA,Norwegian,norwegian,C_log
Kristoffersen::9850,2.6517420583260316,NA,Norwegian,norwegian,C_log
Kristoffersen::9856,-0.45987834723023213,NA,Norwegian,norwegian,C_log
Kristoffersen::9863,-0.8967303826124974,NA,Norwegian,norwegian,C_log
Kristoffersen::9868,1.9119540536661908,NA,Norwegian,norwegian,C_log
Kristoffersen::9871,-2.2788307140907973,NA,Norwegian,norwegian,C_log
Kristoffersen::9874,0.9672838850835409,NA,Norwegian,norwegian,C_log
Kristoffersen::9883,0.11332271107738101,NA,Norwegian,norwegian,C_log
Kristoffersen::9887,2.485811700831961,NA,Norwegian,norwegian,C_log
Kristoffersen::9888,-0.7823914760872676,NA,Norwegian,norwegian,C_log
Kristoffersen::9889,-0.9919955820818408,NA,Norwegian,norwegian,C_log
Kristoffersen::9897,-1.4324475743164828,NA,Norwegian,norwegian,C_log
Kristoffersen::9899,-1.60146226012011,NA,Norwegian,norwegian,C_log
Kristoffersen::9908,0.3867631082930727,NA,Norwegian,norwegian,C_log
Kristoffersen::9921,-2.3774734835475884,NA,Norwegian,norwegian,C_log
Kristoffersen::9929,-0.9264580789378193,NA,Norwegian,norwegian,C_log
Kristoffersen::9939,3.9720741975974895e-5,NA,Norwegian,norwegian,C_log
Kristoffersen::9941,1.2609128718517641,NA,Norwegian,norwegian,C_log
Kristoffersen::9942,-2.005875978668017,NA,Norwegian,norwegian,C_log
Kristoffersen::9962,3.0124225481086095,NA,Norwegian,norwegian,C_log
Kristoffersen::9972,1.4752110273887091,NA,Norwegian,norwegian,C_log
Kristoffersen::9986,1.4641079398352688,NA,Norwegian,norwegian,C_log
Kristoffersen::9988,1.5137272511698632,NA,Norwegian,norwegian,C_log
Kristoffersen::9990,1.2911410586781233,NA,Norwegian,norwegian,C_log
Kristoffersen::9991,2.053895967602784,NA,Norwegian,norwegian,C_log
