child_id,intercept_blup,slope_blup,language,lang_slug,model
Marchman::1,1.2846792363156205,-0.09220905375036838,English (American),marchman,D_lin
Marchman::10,-1.7057836204752677,-0.37019867078342994,English (American),marchman,D_lin
Marchman::100,-3.416764597932572,-0.459885596725812,English (American),marchman,D_lin
Marchman::1000,2.936329582911312,-0.42591886698792925,English (American),marchman,D_lin
Marchman::1001,-0.7014650979961095,0.24207992648232085,English (American),marchman,D_lin
Marchman::1002,-1.238530199307982,0.10315685516766479,English (American),marchman,D_lin
Marchman::1003,-0.3200338038764706,0.10027747496889235,English (American),marchman,D_lin
Marchman::1004,1.834294871589299,0.1938975763770239,English (American),marchman,D_lin
Marchman::1005,1.2269284804739256,-0.21722036408276402,English (American),marchman,D_lin
Marchman::1006,0.2944619005841231,-0.43087364150997715,English (American),marchman,D_lin
Marchman::1007,1.4732477500774108,-0.08333272016214738,English (American),marchman,D_lin
Marchman::1008,2.5663625020047474,0.18484554713070733,English (American),marchman,D_lin
Marchman::1009,5.860581803757782,0.7753912599261741,English (American),marchman,D_lin
Marchman::101,0.09318609335809126,0.07627126506161823,English (American),marchman,D_lin
Marchman::1010,-1.0622144326191296,-0.31111336442762044,English (American),marchman,D_lin
Marchman::1011,-0.6440102078657521,-0.005694483545637112,English (American),marchman,D_lin
Marchman::1012,1.8308288724317376,0.003676907383395267,English (American),marchman,D_lin
Marchman::1013,-2.190215078051185,0.08670488207517427,English (American),marchman,D_lin
Marchman::1014,-0.13346589905318654,0.3489019012048277,English (American),marchman,D_lin
Marchman::1015,-2.140527536813778,-0.0801254247644153,English (American),marchman,D_lin
Marchman::1016,2.2292696284362568,0.14200287956504515,English (American),marchman,D_lin
Marchman::1017,-1.6806570532474387,-0.12040485908812565,English (American),marchman,D_lin
Marchman::1018,0.04363648994969438,0.2749031290871583,English (American),marchman,D_lin
Marchman::1019,0.13493115188685698,-0.14146261442412575,English (American),marchman,D_lin
Marchman::102,0.8822815375804701,0.18116677323825273,English (American),marchman,D_lin
Marchman::1020,2.634392487134385,0.27822471672960875,English (American),marchman,D_lin
Marchman::1021,-1.0236413980100647,-0.19732257917830753,English (American),marchman,D_lin
Marchman::1022,1.322248832578237,0.48282812911167844,English (American),marchman,D_lin
Marchman::1023,0.8832413341909852,-0.4420162550058152,English (American),marchman,D_lin
Marchman::1024,2.331451172123064,-0.5497265179110664,English (American),marchman,D_lin
Marchman::1025,0.8510030310572184,-0.30664918483206355,English (American),marchman,D_lin
Marchman::1026,-3.8511348368452376,0.029859755367474594,English (American),marchman,D_lin
Marchman::1027,3.2020684199042186,-0.7357655026786454,English (American),marchman,D_lin
Marchman::1028,0.786415073753532,-0.0846653409469432,English (American),marchman,D_lin
Marchman::1029,-1.615862844430355,-0.3794869638458866,English (American),marchman,D_lin
Marchman::103,0.9761026899330655,0.28227433922993855,English (American),marchman,D_lin
Marchman::1030,-3.3992438439942148,0.19424824117066558,English (American),marchman,D_lin
Marchman::1031,0.019988371485151247,-0.050489508522747306,English (American),marchman,D_lin
Marchman::1032,-1.1590444861499425,-0.03985020653700289,English (American),marchman,D_lin
Marchman::1033,0.16515904985864516,0.04276414962276996,English (American),marchman,D_lin
Marchman::1034,-0.37210515526019966,-0.42993895371480007,English (American),marchman,D_lin
Marchman::1035,1.109295148629304,-0.23967535353464542,English (American),marchman,D_lin
Marchman::1037,-0.1060168298648588,-0.34085573811308867,English (American),marchman,D_lin
Marchman::1038,-0.3311226648064465,-0.2209684391804716,English (American),marchman,D_lin
Marchman::1039,-1.0372453741499204,0.13739054942979367,English (American),marchman,D_lin
Marchman::104,2.349739596594588,0.5229728171782406,English (American),marchman,D_lin
Marchman::1040,0.8064996895621939,-0.20132636018406852,English (American),marchman,D_lin
Marchman::1041,1.3334817695120942,-0.2723555633747759,English (American),marchman,D_lin
Marchman::1042,2.519222122448758,0.27113231989030845,English (American),marchman,D_lin
Marchman::1043,1.0993384274066325,0.4010964616298932,English (American),marchman,D_lin
Marchman::1044,-0.2344032001628004,-0.4616099299481445,English (American),marchman,D_lin
Marchman::1045,-1.7738199768156813,0.23781046920602755,English (American),marchman,D_lin
Marchman::1046,1.5622152827136777,0.023021957137521545,English (American),marchman,D_lin
Marchman::1047,-1.4539388406281435,-0.03201957770778814,English (American),marchman,D_lin
Marchman::1048,1.7330260155805806,-0.4694689947745741,English (American),marchman,D_lin
Marchman::1049,-0.6161584267239855,-0.00615932200737182,English (American),marchman,D_lin
Marchman::105,-0.9107546239301496,-0.20681390661317675,English (American),marchman,D_lin
Marchman::1050,2.561250216984866,-0.5114950884748649,English (American),marchman,D_lin
Marchman::1052,1.3860072282847602,-0.34734788568681696,English (American),marchman,D_lin
Marchman::1053,0.2735178547502082,-0.2831320944474806,English (American),marchman,D_lin
Marchman::1054,0.7064567390192249,-0.2899897966578987,English (American),marchman,D_lin
Marchman::1055,-0.10443355247515736,-0.061814358265269584,English (American),marchman,D_lin
Marchman::1056,2.930194353751482,0.3979821265554002,English (American),marchman,D_lin
Marchman::1057,1.2083934332478012,0.5116660370824927,English (American),marchman,D_lin
Marchman::1058,-1.5233686358357328,-0.34483309676853446,English (American),marchman,D_lin
Marchman::1059,-0.7231372858874142,-0.5529550648939555,English (American),marchman,D_lin
Marchman::1060,-3.0088388470662286,-0.6301814526494208,English (American),marchman,D_lin
Marchman::1061,0.4115052301452435,-0.21508932191175256,English (American),marchman,D_lin
Marchman::1062,1.2550923238445424,-0.12287740730581465,English (American),marchman,D_lin
Marchman::1063,-0.7035452841694274,-0.05767393381156716,English (American),marchman,D_lin
Marchman::1064,-0.7300367056799171,-0.039814825881916885,English (American),marchman,D_lin
Marchman::1065,2.759247492825652,0.8698763177078208,English (American),marchman,D_lin
Marchman::1066,-0.004179572210828279,-0.052623768212689465,English (American),marchman,D_lin
Marchman::1067,-0.6839044880167858,0.05846245587769416,English (American),marchman,D_lin
Marchman::1068,-0.8288134136773069,0.1050968470560954,English (American),marchman,D_lin
Marchman::1069,4.943629838404325,0.5224839038646341,English (American),marchman,D_lin
Marchman::107,-1.2675446007108946,-0.07913739117902485,English (American),marchman,D_lin
Marchman::1070,-0.38604682154004943,0.11906028039414018,English (American),marchman,D_lin
Marchman::1072,-1.3973370603256041,-0.23854391646843578,English (American),marchman,D_lin
Marchman::1073,-0.5279559498959234,-0.1267619386018817,English (American),marchman,D_lin
Marchman::1074,-0.9869218684363532,-0.011799071275441664,English (American),marchman,D_lin
Marchman::1075,-1.7277849171246682,-0.014880035488215593,English (American),marchman,D_lin
Marchman::1076,1.0153314196314827,0.12740760763974845,English (American),marchman,D_lin
Marchman::1077,0.6827220619023844,0.20930300886149386,English (American),marchman,D_lin
Marchman::1078,0.4076580269839029,-0.2250824871426037,English (American),marchman,D_lin
Marchman::1079,3.2555814257603513,0.4652089950235389,English (American),marchman,D_lin
Marchman::108,7.320006122912132,2.433219677373346,English (American),marchman,D_lin
Marchman::1080,-0.7007421323442081,-0.03171446602967754,English (American),marchman,D_lin
Marchman::1081,-0.27271133236721046,0.12566949984000447,English (American),marchman,D_lin
Marchman::1082,-0.982766017915043,0.31653200880453064,English (American),marchman,D_lin
Marchman::1083,1.5222266041949657,0.08427651084475787,English (American),marchman,D_lin
Marchman::1084,0.24640298860233179,0.15371261446426226,English (American),marchman,D_lin
Marchman::1085,0.6496122589611422,-0.015161482788069072,English (American),marchman,D_lin
Marchman::1086,0.8424221324243081,-0.2908251454590473,English (American),marchman,D_lin
Marchman::1087,-2.6829473981409717,-0.02974893471040574,English (American),marchman,D_lin
Marchman::1088,-1.4120529307515157,0.02854744793312218,English (American),marchman,D_lin
Marchman::1089,0.5444668349854311,-0.26667936506066986,English (American),marchman,D_lin
Marchman::109,6.53304214890932,1.9711254578643447,English (American),marchman,D_lin
Marchman::1090,-1.2218789971057509,0.430401940058322,English (American),marchman,D_lin
Marchman::1091,1.017737776758256,-0.019544828975033304,English (American),marchman,D_lin
Marchman::1092,-1.6681225799450787,-0.1483635438103272,English (American),marchman,D_lin
Marchman::1093,-1.4908506684785108,-0.03592592963778621,English (American),marchman,D_lin
Marchman::1094,0.012804336130178682,0.26965864384081056,English (American),marchman,D_lin
Marchman::1095,1.6711514468086206,0.15088379854458733,English (American),marchman,D_lin
Marchman::1096,-0.5231696796522899,0.10922955947590407,English (American),marchman,D_lin
Marchman::1097,-0.0683725072721643,0.16523792972460735,English (American),marchman,D_lin
Marchman::1098,0.2429292794584529,0.016744374230332988,English (American),marchman,D_lin
Marchman::1099,-2.220819895591062,-0.045358099773686655,English (American),marchman,D_lin
Marchman::11,0.07554168830432327,0.4167369446805185,English (American),marchman,D_lin
Marchman::110,2.9956538040323606,0.5171076516040282,English (American),marchman,D_lin
Marchman::1100,-1.4120906814665997,-0.21853586777057685,English (American),marchman,D_lin
Marchman::1101,-1.4763473262548785,-0.23148294168761324,English (American),marchman,D_lin
Marchman::1102,-1.4033233552945668,0.08760097253721802,English (American),marchman,D_lin
Marchman::1103,-0.05737207046971132,0.411951296983587,English (American),marchman,D_lin
Marchman::1104,1.8347408803345944,-0.16313790451410723,English (American),marchman,D_lin
Marchman::1105,2.3388188284937814,0.12409990003123167,English (American),marchman,D_lin
Marchman::1106,-0.5900320263375145,-0.12283148077156189,English (American),marchman,D_lin
Marchman::1107,-2.8555276290233906,-0.18778354607102196,English (American),marchman,D_lin
Marchman::1108,0.5277668856455211,0.15016416676223493,English (American),marchman,D_lin
Marchman::1109,2.362379976370707,0.4325985107003389,English (American),marchman,D_lin
Marchman::111,2.793422291928814,0.8305410403628022,English (American),marchman,D_lin
Marchman::1110,-0.15375385670055478,-0.12592793725682783,English (American),marchman,D_lin
Marchman::1111,-0.0969385533506956,0.13326821028603827,English (American),marchman,D_lin
Marchman::1112,0.058463472368225265,0.144582714351079,English (American),marchman,D_lin
Marchman::1113,-0.4814973860681653,-0.039589249424207315,English (American),marchman,D_lin
Marchman::1114,-1.92240446867007,-0.034927280440384914,English (American),marchman,D_lin
Marchman::1115,0.20473197292752732,0.1938613397025736,English (American),marchman,D_lin
Marchman::1116,1.6250558762543863,0.4062101867428556,English (American),marchman,D_lin
Marchman::1117,0.38427110467817105,0.14212090445724587,English (American),marchman,D_lin
Marchman::1118,-2.872783780197277,-0.1080571203804499,English (American),marchman,D_lin
Marchman::1119,1.003439405089469,0.003346348199098348,English (American),marchman,D_lin
Marchman::112,0.5677067228836065,-0.37101343236083006,English (American),marchman,D_lin
Marchman::1120,-1.3882671661611454,0.006471082135044881,English (American),marchman,D_lin
Marchman::1121,0.15972711587121544,-0.05849768702639485,English (American),marchman,D_lin
Marchman::1122,-0.6299258032905606,0.05979194464263418,English (American),marchman,D_lin
Marchman::1123,1.3798869239372529,0.2966024989707568,English (American),marchman,D_lin
Marchman::1124,0.04535069552096234,0.30741287118311833,English (American),marchman,D_lin
Marchman::1125,0.6520428017570584,0.295065569857244,English (American),marchman,D_lin
Marchman::1126,-0.9952736507117542,-0.14014961739187262,English (American),marchman,D_lin
Marchman::1127,-0.7330589343840711,0.09269919049124471,English (American),marchman,D_lin
Marchman::1128,-1.4570747992305557,-0.31410072009028756,English (American),marchman,D_lin
Marchman::1129,-1.0163050230114707,-0.1808814405538859,English (American),marchman,D_lin
Marchman::113,0.549712609719388,-0.1329706485291066,English (American),marchman,D_lin
Marchman::1130,0.3117234835977613,-0.046510353435226914,English (American),marchman,D_lin
Marchman::1131,-0.3374793813808122,0.09433348412357807,English (American),marchman,D_lin
Marchman::1132,-0.832755590939316,0.06882553645412783,English (American),marchman,D_lin
Marchman::1133,-0.209341837516435,0.016486050225627484,English (American),marchman,D_lin
Marchman::1134,0.8965696455530326,0.260310056141598,English (American),marchman,D_lin
Marchman::1135,0.8882805730633988,-0.19535847207867815,English (American),marchman,D_lin
Marchman::1137,3.525985198324708,0.33491188139368133,English (American),marchman,D_lin
Marchman::1138,0.7613211218261262,0.34732166305935425,English (American),marchman,D_lin
Marchman::1139,0.5285926645288981,0.15448055645640402,English (American),marchman,D_lin
Marchman::114,1.9821089248906711,0.2856711629682049,English (American),marchman,D_lin
Marchman::1140,-0.6394143698142327,-0.07020856924326836,English (American),marchman,D_lin
Marchman::1141,-2.0156350348425223,-0.4670601587339167,English (American),marchman,D_lin
Marchman::1142,0.7150702275789445,0.18881604298610632,English (American),marchman,D_lin
Marchman::1143,1.1178500763953925,0.20483412057078138,English (American),marchman,D_lin
Marchman::1144,3.3403223277405756,0.3510236873360188,English (American),marchman,D_lin
Marchman::1145,-0.04018649822075119,-0.014414153503441366,English (American),marchman,D_lin
Marchman::1146,-1.73609064936648,-0.02244186122825402,English (American),marchman,D_lin
Marchman::1147,-0.061901760148474594,0.03295306222251429,English (American),marchman,D_lin
Marchman::1148,0.8824713829568721,0.29531379505799654,English (American),marchman,D_lin
Marchman::1149,2.0851509090959324,0.49192150711968663,English (American),marchman,D_lin
Marchman::115,-0.1855775022341385,-0.04391330932869182,English (American),marchman,D_lin
Marchman::1150,-0.6260447938259496,0.137479926314852,English (American),marchman,D_lin
Marchman::1151,2.781717821822669,0.28738077260860256,English (American),marchman,D_lin
Marchman::1152,1.121700128221429,0.27861933458710414,English (American),marchman,D_lin
Marchman::1153,-0.2969966628740613,-0.17730759577031158,English (American),marchman,D_lin
Marchman::1154,0.1987659964253988,-0.15219748752035658,English (American),marchman,D_lin
Marchman::1155,-3.044001020931147,-0.14869539101291185,English (American),marchman,D_lin
Marchman::1156,-0.329711175954571,-0.08261104003243235,English (American),marchman,D_lin
Marchman::1157,-1.323242109098489,0.04758343752013425,English (American),marchman,D_lin
Marchman::1158,1.2991540269074748,0.5649509991801139,English (American),marchman,D_lin
Marchman::1159,0.828114250760883,-0.1656427235156941,English (American),marchman,D_lin
Marchman::116,-0.4500687619398504,0.21909850093341843,English (American),marchman,D_lin
Marchman::1160,0.1449852752242746,0.19285878833203668,English (American),marchman,D_lin
Marchman::1161,4.038161400196398,0.05732132839699011,English (American),marchman,D_lin
Marchman::1162,0.6971183578085512,0.32851691058467175,English (American),marchman,D_lin
Marchman::1163,-0.7321652228641953,-0.2288888180077135,English (American),marchman,D_lin
Marchman::1164,0.31019562720712784,0.0673084474841197,English (American),marchman,D_lin
Marchman::1165,2.8934335350596396,0.3107951872036778,English (American),marchman,D_lin
Marchman::1166,-2.0922908054074485,-0.29447888216067963,English (American),marchman,D_lin
Marchman::1167,2.7284730803233606,0.5468033499275171,English (American),marchman,D_lin
Marchman::1168,-1.3910233469813502,-0.23267554656595232,English (American),marchman,D_lin
Marchman::1169,1.683359057326985,0.09301090397975324,English (American),marchman,D_lin
Marchman::117,1.2835974349498376,0.1597127153879254,English (American),marchman,D_lin
Marchman::1170,0.05462549373223367,0.6197197529398047,English (American),marchman,D_lin
Marchman::1171,0.5730567239211741,0.24725049437714836,English (American),marchman,D_lin
Marchman::1172,-0.534361055581492,0.09845929153392036,English (American),marchman,D_lin
Marchman::1173,-0.5625255496380823,-0.16828114914288828,English (American),marchman,D_lin
Marchman::1174,-2.684390664902687,-0.05579031517687172,English (American),marchman,D_lin
Marchman::1175,-1.0929413772521637,0.12065238130788138,English (American),marchman,D_lin
Marchman::1176,-3.1189319361295835,-0.06256471156989268,English (American),marchman,D_lin
Marchman::1177,2.2644496658697104,0.5470119778772227,English (American),marchman,D_lin
Marchman::1178,2.595649233721281,0.5933736086130629,English (American),marchman,D_lin
Marchman::1179,-1.5333314031586482,0.2618615320729279,English (American),marchman,D_lin
Marchman::118,0.2310418907025484,-0.11121701915249411,English (American),marchman,D_lin
Marchman::1180,0.916431479904844,0.5230605158374424,English (American),marchman,D_lin
Marchman::1181,-2.7155011736316617,-0.09524801811437014,English (American),marchman,D_lin
Marchman::1182,1.1237608836946815,0.3719586054321432,English (American),marchman,D_lin
Marchman::1183,-0.5178792049518537,0.20841640502072767,English (American),marchman,D_lin
Marchman::1184,-0.9719152764177685,-0.25409666623630983,English (American),marchman,D_lin
Marchman::1185,1.262787271812981,0.22954427364758376,English (American),marchman,D_lin
Marchman::1186,0.09170092445202294,0.18704658674707428,English (American),marchman,D_lin
Marchman::1187,1.1753746510835625,0.5079211994926308,English (American),marchman,D_lin
Marchman::1188,-0.56476842453285,0.06970821285788084,English (American),marchman,D_lin
Marchman::1189,0.3228261485248406,0.0032161671261862826,English (American),marchman,D_lin
Marchman::119,3.3869836258700197,0.27116137735548,English (American),marchman,D_lin
Marchman::1190,3.819469743389054,0.41366691138044565,English (American),marchman,D_lin
Marchman::1191,0.4654248411463626,-0.3557702787934937,English (American),marchman,D_lin
Marchman::1192,-0.7918653505935739,0.12153807341943924,English (American),marchman,D_lin
Marchman::1193,-0.38310783738658516,0.27934459669771444,English (American),marchman,D_lin
Marchman::1194,-2.3539860964574513,0.014431238390308604,English (American),marchman,D_lin
Marchman::1195,9.673566723936903,2.2146691788466937,English (American),marchman,D_lin
Marchman::1196,2.935382391240629,0.21417543475265444,English (American),marchman,D_lin
Marchman::1197,1.0108898398965351,0.4228028236574415,English (American),marchman,D_lin
Marchman::1198,0.24516190464615975,-0.07601810574488345,English (American),marchman,D_lin
Marchman::1199,-0.6254212633494448,0.015954206101986605,English (American),marchman,D_lin
Marchman::12,0.14583651142768264,-0.22156899456904416,English (American),marchman,D_lin
Marchman::120,-4.259377110075573,-0.6202783838292758,English (American),marchman,D_lin
Marchman::1200,0.3158524825780066,-0.1526339590154743,English (American),marchman,D_lin
Marchman::1201,2.052725071867581,0.37043484138259725,English (American),marchman,D_lin
Marchman::1202,-2.1888897628702244,-0.1333953496854855,English (American),marchman,D_lin
Marchman::1203,1.0034017550988716,0.19552684278058963,English (American),marchman,D_lin
Marchman::1204,0.4181778297067922,0.22165548298387294,English (American),marchman,D_lin
Marchman::1205,0.45544934608762666,-0.08797621919300037,English (American),marchman,D_lin
Marchman::1206,1.8129915640384549,0.7709122924093963,English (American),marchman,D_lin
Marchman::1207,1.6055588612625407,0.29144642990764735,English (American),marchman,D_lin
Marchman::1208,2.54267731215337,0.2760459556181131,English (American),marchman,D_lin
Marchman::1209,-1.2469079043809557,0.004682614142616559,English (American),marchman,D_lin
Marchman::121,-3.329560020818355,-0.4278235723482966,English (American),marchman,D_lin
Marchman::1210,6.686834400942227,1.4000903651337286,English (American),marchman,D_lin
Marchman::1211,2.8114700895187976,0.8330451652141149,English (American),marchman,D_lin
Marchman::1212,-3.07870201878052,-0.03353188347788308,English (American),marchman,D_lin
Marchman::1213,4.99237720713249,1.0003711972824387,English (American),marchman,D_lin
Marchman::1214,-1.5365131592737147,0.07500912436298302,English (American),marchman,D_lin
Marchman::1215,-1.6773158291061465,0.24612520247899133,English (American),marchman,D_lin
Marchman::1216,3.9792436661043475,0.4065746444079177,English (American),marchman,D_lin
Marchman::1217,-3.77261328390928,-0.9723020058287499,English (American),marchman,D_lin
Marchman::1218,5.287000409421317,1.169536787088795,English (American),marchman,D_lin
Marchman::1219,-1.60023819649074,0.3436426237081018,English (American),marchman,D_lin
Marchman::122,0.7356975509307381,0.2886811505394871,English (American),marchman,D_lin
Marchman::1220,3.8584018051653945,0.8481309895941451,English (American),marchman,D_lin
Marchman::1221,-1.356399649940207,0.29289313930657623,English (American),marchman,D_lin
Marchman::1222,-1.250466722971722,0.22387128326376265,English (American),marchman,D_lin
Marchman::1223,-7.115903832222342e-4,0.4160896498277441,English (American),marchman,D_lin
Marchman::1224,1.689522719661524,0.3186805548517847,English (American),marchman,D_lin
Marchman::1225,-0.6378915259054976,0.4060747446868432,English (American),marchman,D_lin
Marchman::1226,-0.7273499729469772,0.488041997656252,English (American),marchman,D_lin
Marchman::1227,3.5923210606478935,1.1915896254509906,English (American),marchman,D_lin
Marchman::1228,3.8883260788913514,0.9292733946080847,English (American),marchman,D_lin
Marchman::1229,0.4709184801525356,0.2439222952377124,English (American),marchman,D_lin
Marchman::123,-2.2622701139121055,-0.20924907178482205,English (American),marchman,D_lin
Marchman::1230,3.4248795044180538,0.5289391379211547,English (American),marchman,D_lin
Marchman::1231,0.18765697351862146,0.17882063878158522,English (American),marchman,D_lin
Marchman::1232,-1.3006835646978112,0.04298636032403974,English (American),marchman,D_lin
Marchman::1233,-0.8476635576228848,0.15173565477362366,English (American),marchman,D_lin
Marchman::1234,-2.7877042397698095,0.11283623014776192,English (American),marchman,D_lin
Marchman::1235,0.13811399224798285,0.6759973347805943,English (American),marchman,D_lin
Marchman::1236,2.3710625627304807,0.51664101219208,English (American),marchman,D_lin
Marchman::1237,-0.17980939619348615,0.48346287230936985,English (American),marchman,D_lin
Marchman::1238,-1.8180055723740973,0.13492668411234,English (American),marchman,D_lin
Marchman::1239,-1.2053002682348084,0.10348356790262407,English (American),marchman,D_lin
Marchman::1240,1.5621726705445642,0.3594052369980779,English (American),marchman,D_lin
Marchman::1241,-2.77599005672145,-0.055632259457907174,English (American),marchman,D_lin
Marchman::1242,-1.370990631219755,0.04161818308871916,English (American),marchman,D_lin
Marchman::1243,-0.5370684959686357,0.20138342676272014,English (American),marchman,D_lin
Marchman::1244,1.9835955276085733,0.17066875417206648,English (American),marchman,D_lin
Marchman::1245,0.2953882800189294,0.0016922851175718463,English (American),marchman,D_lin
Marchman::1246,0.23516713635827632,0.0687272594849238,English (American),marchman,D_lin
Marchman::1247,0.641351587469109,0.021976461467235635,English (American),marchman,D_lin
Marchman::1248,1.8749860456494882,-0.03119421713136286,English (American),marchman,D_lin
Marchman::1249,1.71611670406859,-0.21001947001289367,English (American),marchman,D_lin
Marchman::125,1.8965774785259077,-0.04254514683610078,English (American),marchman,D_lin
Marchman::1250,2.2583164379589795,-0.11011592509288323,English (American),marchman,D_lin
Marchman::1251,-2.0335247678588946,0.1398087401908483,English (American),marchman,D_lin
Marchman::1252,-1.416859769506136,0.4249565819218739,English (American),marchman,D_lin
Marchman::1253,0.8666978828285988,0.015784845145699458,English (American),marchman,D_lin
Marchman::1254,-0.19102039037578877,0.2582443300783943,English (American),marchman,D_lin
Marchman::1255,-1.0755879493410923,-0.05615518932410663,English (American),marchman,D_lin
Marchman::1256,0.4862378843938257,0.17533850244989035,English (American),marchman,D_lin
Marchman::1257,1.2462019372674236,0.021300394502352063,English (American),marchman,D_lin
Marchman::1258,-0.8291802878815987,0.2265074588137534,English (American),marchman,D_lin
Marchman::1259,-1.107670036414858,-0.05930133958238665,English (American),marchman,D_lin
Marchman::126,-2.0154792814973876,-0.8998689656380378,English (American),marchman,D_lin
Marchman::1260,-2.6145820766875816,0.41592977480165827,English (American),marchman,D_lin
Marchman::1261,-1.0825437057595197,-0.1972243327171243,English (American),marchman,D_lin
Marchman::1262,0.3252078408234139,-0.21794830384143424,English (American),marchman,D_lin
Marchman::1263,1.6182613516569437,-0.39221304366791776,English (American),marchman,D_lin
Marchman::1264,0.9267084576664718,-0.1815595875235813,English (American),marchman,D_lin
Marchman::1265,-0.042680368246290255,0.033094337860197796,English (American),marchman,D_lin
Marchman::1266,1.2662379341087115,-0.3697222889086239,English (American),marchman,D_lin
Marchman::1267,-1.1605547746477587,0.12812437803215765,English (American),marchman,D_lin
Marchman::1268,0.4511242587061221,-0.6430085638083383,English (American),marchman,D_lin
Marchman::1269,1.048947792304409,0.057210321369427636,English (American),marchman,D_lin
Marchman::127,2.3526890712640895,0.2665847101887373,English (American),marchman,D_lin
Marchman::1270,-0.7282552007878783,0.6458932276025663,English (American),marchman,D_lin
Marchman::1271,0.39317190000173907,-0.12167654217230428,English (American),marchman,D_lin
Marchman::1272,0.662424052411589,0.1769860369210235,English (American),marchman,D_lin
Marchman::1273,-0.5372869398101922,-0.0811589216257762,English (American),marchman,D_lin
Marchman::1274,0.8482398208787554,0.16602025381396157,English (American),marchman,D_lin
Marchman::1275,-0.28363148570346614,0.1064523068192413,English (American),marchman,D_lin
Marchman::1276,0.08143124528249952,0.08062491452947843,English (American),marchman,D_lin
Marchman::1277,-2.575965209116998,0.10909551255841002,English (American),marchman,D_lin
Marchman::1278,-0.946714361536322,-0.3638620574350837,English (American),marchman,D_lin
Marchman::1279,-0.4576864378281712,0.0363440889914675,English (American),marchman,D_lin
Marchman::128,-0.08536973651285042,0.10313799281818728,English (American),marchman,D_lin
Marchman::1280,1.2666695151314584,-0.03342753314220648,English (American),marchman,D_lin
Marchman::1281,-0.03416163694992161,-0.13654559866378183,English (American),marchman,D_lin
Marchman::1282,-0.9186581643359879,0.20614130043833573,English (American),marchman,D_lin
Marchman::1283,-1.0369757520583738,-0.017787806945376794,English (American),marchman,D_lin
Marchman::1284,4.11522715828543,-0.5877005570532514,English (American),marchman,D_lin
Marchman::1285,-1.3077026325360133,-0.02181668210686183,English (American),marchman,D_lin
Marchman::1286,0.27409599055182293,0.18630815121188826,English (American),marchman,D_lin
Marchman::1287,-1.3217974339330414,-0.04590043912267116,English (American),marchman,D_lin
Marchman::1288,1.2001737961740964,-0.35967719977253926,English (American),marchman,D_lin
Marchman::1289,-1.5718582082373218,-0.06577664785570297,English (American),marchman,D_lin
Marchman::129,1.8698169071811328,0.2527795951481433,English (American),marchman,D_lin
Marchman::1291,0.776421039607629,0.3339576678799519,English (American),marchman,D_lin
Marchman::1292,4.741059228325637,1.3848045074762476,English (American),marchman,D_lin
Marchman::1294,-0.5403879306205104,0.6586094746931074,English (American),marchman,D_lin
Marchman::1295,1.4198720954151922,0.5191004620945994,English (American),marchman,D_lin
Marchman::1296,0.044379555616801056,-0.4596769542512967,English (American),marchman,D_lin
Marchman::1297,-2.306735764313166,0.5112636155963319,English (American),marchman,D_lin
Marchman::1298,-2.0922900840109597,-0.15416509803305267,English (American),marchman,D_lin
Marchman::1299,1.9604308490427185,0.11021171043032095,English (American),marchman,D_lin
Marchman::13,1.6733093290768257,0.29492506612674224,English (American),marchman,D_lin
Marchman::130,-0.7264700044336969,-0.25748306975942853,English (American),marchman,D_lin
Marchman::1300,-0.8130407082002603,-0.04520499949732487,English (American),marchman,D_lin
Marchman::1301,-0.6321809319697331,-0.04213968218632085,English (American),marchman,D_lin
Marchman::1302,-1.1520023888796196,-0.1834767792221197,English (American),marchman,D_lin
Marchman::1303,-1.0304571085410545,0.005876426205206203,English (American),marchman,D_lin
Marchman::1304,-0.15348000343938425,0.15019928467638285,English (American),marchman,D_lin
Marchman::1305,0.2966092237577922,-0.05702951896680078,English (American),marchman,D_lin
Marchman::1306,2.5110943162086237,0.2325205383095658,English (American),marchman,D_lin
Marchman::1307,0.9559175694964773,-0.5153703421257478,English (American),marchman,D_lin
Marchman::1308,0.7729828171552401,0.8177041532058174,English (American),marchman,D_lin
Marchman::1309,2.9539591040668505,0.23937535054383954,English (American),marchman,D_lin
Marchman::131,-1.9839380938805207,-0.22723749751244235,English (American),marchman,D_lin
Marchman::1310,-0.3930258322293996,0.1844233145999496,English (American),marchman,D_lin
Marchman::1311,2.8721899484880193,-0.6157765919439893,English (American),marchman,D_lin
Marchman::1312,0.9158069183086207,-0.26150023600501354,English (American),marchman,D_lin
Marchman::1313,-2.250517887708727,0.35209463900885213,English (American),marchman,D_lin
Marchman::1314,2.551531832065599,-0.2124410750347153,English (American),marchman,D_lin
Marchman::1315,1.7711388482509571,-0.35497002847620124,English (American),marchman,D_lin
Marchman::1316,1.608610224141085,-0.2711400101802419,English (American),marchman,D_lin
Marchman::1317,-0.7466391370320865,0.1669176961278375,English (American),marchman,D_lin
Marchman::1318,-2.128707956689595,0.49749453894050016,English (American),marchman,D_lin
Marchman::1319,1.8489318674996083,-0.1283358731693773,English (American),marchman,D_lin
Marchman::132,-1.0442380050341658,-0.5696979537009567,English (American),marchman,D_lin
Marchman::1320,1.7452083111333345,0.045597446814822876,English (American),marchman,D_lin
Marchman::1321,1.626690150654918,0.15764806320041658,English (American),marchman,D_lin
Marchman::1322,1.1935170144340388,0.3090885379930987,English (American),marchman,D_lin
Marchman::1323,1.5931195877131723,-0.012444979950950091,English (American),marchman,D_lin
Marchman::1324,-1.0100771025768596,0.015289823623231544,English (American),marchman,D_lin
Marchman::1325,0.3899864594859225,0.4907936338095481,English (American),marchman,D_lin
Marchman::1326,-0.16521052383876317,-0.002613835326497114,English (American),marchman,D_lin
Marchman::1327,0.648348044174239,0.11921557151094704,English (American),marchman,D_lin
Marchman::1328,-0.35146886040858505,-0.003047917780292772,English (American),marchman,D_lin
Marchman::1329,2.4722294718609557,0.05269690315717296,English (American),marchman,D_lin
Marchman::133,-1.1819529669525022,-0.1453431449198875,English (American),marchman,D_lin
Marchman::1330,-0.4565935119588136,-0.35992458704340097,English (American),marchman,D_lin
Marchman::1331,0.21451146904697985,-0.0885055283056993,English (American),marchman,D_lin
Marchman::1332,0.041648890786242204,-0.05429298600319024,English (American),marchman,D_lin
Marchman::1333,1.6612744217707434,0.6473765806353333,English (American),marchman,D_lin
Marchman::1334,-0.15986945548642525,0.00522855749373493,English (American),marchman,D_lin
Marchman::1335,1.1751047934663053,-0.09651243419784981,English (American),marchman,D_lin
Marchman::1336,-1.1455330447312913,0.1683181442103297,English (American),marchman,D_lin
Marchman::1337,-0.7772158345797581,0.06732188104717057,English (American),marchman,D_lin
Marchman::1338,-1.3001229364599058,0.09943832818606678,English (American),marchman,D_lin
Marchman::1339,-0.02322929510012193,-0.12416598820476406,English (American),marchman,D_lin
Marchman::134,0.08165980885219049,0.37298687764419103,English (American),marchman,D_lin
Marchman::1340,1.0097841876982314,0.36057215952823046,English (American),marchman,D_lin
Marchman::1341,-1.784975032069557,-0.11401559938697714,English (American),marchman,D_lin
Marchman::1342,-1.8346448563148485,-0.07487821578724206,English (American),marchman,D_lin
Marchman::1343,1.1312895545583763,-0.06189472037982832,English (American),marchman,D_lin
Marchman::1344,-1.2004118379109456,-0.23050348850366909,English (American),marchman,D_lin
Marchman::1345,-0.36009897724639667,-0.046256332637964984,English (American),marchman,D_lin
Marchman::1346,-0.25050248887693644,0.5019944886732386,English (American),marchman,D_lin
Marchman::1347,2.2073585135050187,0.2740378018260625,English (American),marchman,D_lin
Marchman::1348,-0.5483638731603971,0.6925370535022383,English (American),marchman,D_lin
Marchman::1349,1.364479125520878,0.5181292989020007,English (American),marchman,D_lin
Marchman::135,-0.09448303176701534,0.6558134767312195,English (American),marchman,D_lin
Marchman::1350,0.6975623209733223,-0.08421354285410516,English (American),marchman,D_lin
Marchman::1351,2.5433574879085814,-0.20225931617706477,English (American),marchman,D_lin
Marchman::1352,0.33727288746735534,-0.19657870876618344,English (American),marchman,D_lin
Marchman::1353,2.296624350643233,0.03875997646957788,English (American),marchman,D_lin
Marchman::1354,2.1748671739287038,0.6893616964823486,English (American),marchman,D_lin
Marchman::1355,1.3320956630344838,-0.17548331214752744,English (American),marchman,D_lin
Marchman::1356,-2.8518106740821008,-0.10823427060217428,English (American),marchman,D_lin
Marchman::1357,-0.8151379119255179,0.5219429964476359,English (American),marchman,D_lin
Marchman::1358,0.6473656886269585,-0.0605517941310802,English (American),marchman,D_lin
Marchman::1359,0.6632065902636187,0.2577563048836277,English (American),marchman,D_lin
Marchman::136,-2.9684460922885414,-0.35779906226076724,English (American),marchman,D_lin
Marchman::1360,-0.8069239861937273,-0.2421941364804213,English (American),marchman,D_lin
Marchman::1361,-0.3181104381705943,0.05020787568399445,English (American),marchman,D_lin
Marchman::1362,-2.2269361461185597,-0.0225893519667687,English (American),marchman,D_lin
Marchman::1363,2.0773661205265075,0.5348267701869516,English (American),marchman,D_lin
Marchman::1364,1.0321251303509562,0.14270564365336996,English (American),marchman,D_lin
Marchman::1365,-1.6248752167179186,0.10000647282492722,English (American),marchman,D_lin
Marchman::1366,-0.2412972257943182,-0.11254101674914851,English (American),marchman,D_lin
Marchman::1367,-0.10068452619935023,0.2544537176369862,English (American),marchman,D_lin
Marchman::1368,2.288502331903748,1.4099821221564797,English (American),marchman,D_lin
Marchman::1369,-1.2001661934009809,-0.01777656865008098,English (American),marchman,D_lin
Marchman::1370,-0.698029886530144,0.18676679026339438,English (American),marchman,D_lin
Marchman::1371,1.9325828048090243,-0.5704950711841589,English (American),marchman,D_lin
Marchman::1372,-3.000143373869305,0.2462511695768138,English (American),marchman,D_lin
Marchman::1373,-1.575487095720775,0.1782547955032057,English (American),marchman,D_lin
Marchman::1374,1.0760138655264255,-0.3663294505327081,English (American),marchman,D_lin
Marchman::1375,-0.17119643726354497,0.44760065701268914,English (American),marchman,D_lin
Marchman::1376,-0.03300929696809056,-0.06369191652640172,English (American),marchman,D_lin
Marchman::1377,-0.3303654478174619,-0.24102629637937406,English (American),marchman,D_lin
Marchman::1378,0.8991092849826804,-0.011772842140344922,English (American),marchman,D_lin
Marchman::1379,1.5455577887652499,0.6311945043850031,English (American),marchman,D_lin
Marchman::1380,-0.8718349605559683,0.05645559281481742,English (American),marchman,D_lin
Marchman::1382,0.8574508561054833,-0.3245839931441729,English (American),marchman,D_lin
Marchman::1383,-0.06850950201125242,1.205328188750522,English (American),marchman,D_lin
Marchman::1384,-0.9491094480373047,-0.22349650845110564,English (American),marchman,D_lin
Marchman::1385,3.315400249429789,-0.2533494617899839,English (American),marchman,D_lin
Marchman::1386,1.8069080790787708,0.05235692767759069,English (American),marchman,D_lin
Marchman::1388,-1.2635257093900802,-0.5301763114589273,English (American),marchman,D_lin
Marchman::1389,-0.9755706217920698,0.20017762176898019,English (American),marchman,D_lin
Marchman::139,-3.606186671458644,-0.397555446465062,English (American),marchman,D_lin
Marchman::1390,1.00097079313569,-0.20904603136776106,English (American),marchman,D_lin
Marchman::1391,0.8157715499593962,0.1942563793403047,English (American),marchman,D_lin
Marchman::1392,-0.07371356858989529,-0.0327752155778976,English (American),marchman,D_lin
Marchman::1393,0.32544073764891546,0.024013159152866104,English (American),marchman,D_lin
Marchman::1394,1.9924147424628615,-0.053111192928374185,English (American),marchman,D_lin
Marchman::1395,1.1763982321229143,0.10930935853344358,English (American),marchman,D_lin
Marchman::1396,2.2893127185984867,0.24003824290348413,English (American),marchman,D_lin
Marchman::1397,2.1343188405082953,-0.0774180098484378,English (American),marchman,D_lin
Marchman::1398,1.854078106940725,0.23491419111584383,English (American),marchman,D_lin
Marchman::1399,0.6028440239784462,-0.3743368846998317,English (American),marchman,D_lin
Marchman::14,-1.6370623335515866,-0.8054072135796506,English (American),marchman,D_lin
Marchman::140,-0.8068429483542453,-0.03771648698364724,English (American),marchman,D_lin
Marchman::1400,2.8863110212195378,-0.4953415454428297,English (American),marchman,D_lin
Marchman::1401,0.5298815948223515,-2.843485613092944e-4,English (American),marchman,D_lin
Marchman::1402,0.30612721580294255,0.34849027244372893,English (American),marchman,D_lin
Marchman::1404,-0.17590740704607313,-0.02351124757273977,English (American),marchman,D_lin
Marchman::1405,1.9389777185025625,-0.18472869788435442,English (American),marchman,D_lin
Marchman::1406,-0.4938894983549118,-0.12264953626093213,English (American),marchman,D_lin
Marchman::1407,-2.8217731985611687,-0.014709095648233306,English (American),marchman,D_lin
Marchman::1408,2.9961004470000003,0.5953360261338111,English (American),marchman,D_lin
Marchman::1409,1.782433742038188,0.5052976537775047,English (American),marchman,D_lin
Marchman::141,-1.3132818123254326,-0.1589560649441742,English (American),marchman,D_lin
Marchman::1410,-0.45964076387980335,0.03075278953512233,English (American),marchman,D_lin
Marchman::1411,1.400421855954026,0.07018564843707686,English (American),marchman,D_lin
Marchman::1413,-0.7430153522646591,0.1743008452687241,English (American),marchman,D_lin
Marchman::1414,-0.034687884109920956,0.033748033256519316,English (American),marchman,D_lin
Marchman::1415,-0.27343621513291266,-0.05604461181583955,English (American),marchman,D_lin
Marchman::1416,-0.18045114089504724,0.04248236902365076,English (American),marchman,D_lin
Marchman::1417,0.3670463555633589,0.21615894086610482,English (American),marchman,D_lin
Marchman::1418,1.077502781473975,0.2155635184796379,English (American),marchman,D_lin
Marchman::1419,3.397072702075373,-0.29722938680069555,English (American),marchman,D_lin
Marchman::1420,-1.3748708722104486,-0.35183466465740887,English (American),marchman,D_lin
Marchman::1422,-0.13763107131090713,-0.0999549823574796,English (American),marchman,D_lin
Marchman::1423,0.6882562392022423,-0.10581111585458727,English (American),marchman,D_lin
Marchman::1424,0.45673062525478886,0.09739283549240291,English (American),marchman,D_lin
Marchman::1425,-0.452113371480327,-0.30342786528706206,English (American),marchman,D_lin
Marchman::1426,-0.27594408925814523,0.054670430819448675,English (American),marchman,D_lin
Marchman::1427,1.3259692398428775,-0.2954390492516076,English (American),marchman,D_lin
Marchman::1428,2.239329440553728,-0.2381828749236767,English (American),marchman,D_lin
Marchman::1429,0.5280618754230798,-0.06713402841034766,English (American),marchman,D_lin
Marchman::143,-1.829731725730561,-0.3542606165255101,English (American),marchman,D_lin
Marchman::1430,3.002979046811466,-0.30913189323573764,English (American),marchman,D_lin
Marchman::1431,-0.541137362832026,-0.18981976661120648,English (American),marchman,D_lin
Marchman::1432,0.16245639894563368,-0.039038564773474504,English (American),marchman,D_lin
Marchman::1433,-0.1951150286021616,0.11163905367908718,English (American),marchman,D_lin
Marchman::1434,-1.5149820297245489,-0.02357852059467827,English (American),marchman,D_lin
Marchman::1435,-0.01066225620248993,-0.16798815712914358,English (American),marchman,D_lin
Marchman::1436,-2.1005540577186657,-0.3272600290229788,English (American),marchman,D_lin
Marchman::1437,-0.7935630092495329,0.0633564282921338,English (American),marchman,D_lin
Marchman::1438,-0.6417430739319386,0.1690009688329964,English (American),marchman,D_lin
Marchman::1439,-1.1723983573164025,-0.06119095808462377,English (American),marchman,D_lin
Marchman::144,-1.1032009778070073,0.07668184528509643,English (American),marchman,D_lin
Marchman::1440,-1.0671817958289527,-0.21260073332983895,English (American),marchman,D_lin
Marchman::1442,-0.25422708128812954,0.13604709724342975,English (American),marchman,D_lin
Marchman::1443,-0.41957070555745735,0.2712379512969445,English (American),marchman,D_lin
Marchman::1444,0.6618100670636591,-0.1988398771253994,English (American),marchman,D_lin
Marchman::1445,1.0677070175734347,-0.1945620419545378,English (American),marchman,D_lin
Marchman::1446,-1.7624579184401434,-0.252123824385822,English (American),marchman,D_lin
Marchman::1447,-1.4139454695500486,0.12717694665977525,English (American),marchman,D_lin
Marchman::1448,-0.6969650153380573,-0.00045217837147473045,English (American),marchman,D_lin
Marchman::1449,-0.23713597809397305,0.007640661015560192,English (American),marchman,D_lin
Marchman::145,0.7232297971540509,-0.1056559917701676,English (American),marchman,D_lin
Marchman::1450,-3.1328776183624876,0.4867598837293644,English (American),marchman,D_lin
Marchman::1451,1.212921652470378,-0.19164097063139493,English (American),marchman,D_lin
Marchman::1452,-0.6203999797618261,0.24607298834586164,English (American),marchman,D_lin
Marchman::1453,0.21239437093064817,-0.005911654792243405,English (American),marchman,D_lin
Marchman::1454,-0.0018543854520185557,-0.06591027489085287,English (American),marchman,D_lin
Marchman::1455,-0.673317276308788,0.002642882174049545,English (American),marchman,D_lin
Marchman::1456,-0.851998329382356,-0.19195660818807067,English (American),marchman,D_lin
Marchman::1457,0.20866789780106793,-0.23719396049079083,English (American),marchman,D_lin
Marchman::1458,-1.3353213933233739,0.16139058506997314,English (American),marchman,D_lin
Marchman::1459,0.7687259899711247,0.14911491991359022,English (American),marchman,D_lin
Marchman::1460,-1.7068985475963405,-0.21685058943393054,English (American),marchman,D_lin
Marchman::1461,2.1987012108554334,0.23630835650378096,English (American),marchman,D_lin
Marchman::1462,-0.9275738565020875,0.14663964047411449,English (American),marchman,D_lin
Marchman::1463,-1.3275042215756305,0.2591374060733089,English (American),marchman,D_lin
Marchman::1464,1.684794918794062,0.032690591008595934,English (American),marchman,D_lin
Marchman::1465,-0.9533505434169944,0.19676454933328605,English (American),marchman,D_lin
Marchman::1466,1.5356118913439474,0.6859168845278804,English (American),marchman,D_lin
Marchman::1467,0.05843675368262733,0.47765760603175483,English (American),marchman,D_lin
Marchman::1468,1.5992541169667842,-0.6186780482402017,English (American),marchman,D_lin
Marchman::1469,-0.15280559732231971,0.1546289256357977,English (American),marchman,D_lin
Marchman::147,-1.1621109059130248,-0.12149136441164311,English (American),marchman,D_lin
Marchman::1470,-0.917747687547443,0.18374024901485742,English (American),marchman,D_lin
Marchman::1471,0.3669368883804203,0.19238996031277864,English (American),marchman,D_lin
Marchman::1472,0.9894178778025745,0.09221064495740608,English (American),marchman,D_lin
Marchman::1473,1.8572931222257114,-0.275288141551237,English (American),marchman,D_lin
Marchman::1474,-1.065699724532233,-0.09946209161719868,English (American),marchman,D_lin
Marchman::1475,2.983707821535326,-0.4496093623293639,English (American),marchman,D_lin
Marchman::1476,0.3629296755657636,-0.10701313488352712,English (American),marchman,D_lin
Marchman::1477,0.6591853003529724,0.023419457908650392,English (American),marchman,D_lin
Marchman::1478,0.7260585893255174,0.38354407001821056,English (American),marchman,D_lin
Marchman::1479,-1.496971781369633,-0.5043694097658524,English (American),marchman,D_lin
Marchman::148,-1.9796332685045375,-0.5728490987370751,English (American),marchman,D_lin
Marchman::1481,-1.1371046998984904,-0.020626174324783433,English (American),marchman,D_lin
Marchman::1482,-0.8470667833269562,-0.18889022910720166,English (American),marchman,D_lin
Marchman::1483,-0.5753663837652738,0.028758999118215084,English (American),marchman,D_lin
Marchman::1484,1.1355791115911034,0.18206816665582942,English (American),marchman,D_lin
Marchman::1485,-0.1603225746458289,-0.05316116270480555,English (American),marchman,D_lin
Marchman::1486,1.62193497267121,0.28572406943526507,English (American),marchman,D_lin
Marchman::1487,-1.093263216703534,-0.2827429920737074,English (American),marchman,D_lin
Marchman::1488,-2.569864321403547,-0.04240499441463186,English (American),marchman,D_lin
Marchman::1489,-1.7368276617963163,0.11036496470062587,English (American),marchman,D_lin
Marchman::149,-0.39063430118318015,0.03145606094148255,English (American),marchman,D_lin
Marchman::1491,-1.034931780356307,0.035441980271110674,English (American),marchman,D_lin
Marchman::1492,2.5915004369512937,-0.019252716081462146,English (American),marchman,D_lin
Marchman::1493,-0.4983713518022006,0.34172538272287,English (American),marchman,D_lin
Marchman::1494,-0.04643280904369704,0.09007484817798425,English (American),marchman,D_lin
Marchman::1495,-1.208053360848351,0.008267270448293729,English (American),marchman,D_lin
Marchman::1496,-0.9153841014799983,0.0469658644066448,English (American),marchman,D_lin
Marchman::1497,0.4199295717770752,-0.11360638081597005,English (American),marchman,D_lin
Marchman::1498,0.45943452875455915,-0.09057251611531014,English (American),marchman,D_lin
Marchman::1499,-2.3617863957619756,-0.012151993933086552,English (American),marchman,D_lin
Marchman::15,1.8061051938149661,0.37951710761470414,English (American),marchman,D_lin
Marchman::150,0.1278044646230178,0.1448315723467377,English (American),marchman,D_lin
Marchman::1500,-0.7581810337180582,-0.104200566789465,English (American),marchman,D_lin
Marchman::1501,-1.0351151081718355,-0.09357913499130205,English (American),marchman,D_lin
Marchman::1502,-0.5206675404396238,-0.09308141243316446,English (American),marchman,D_lin
Marchman::1503,-1.0157886423067954,-0.09301260489549151,English (American),marchman,D_lin
Marchman::1504,-1.0473424759421495,0.12375695433539309,English (American),marchman,D_lin
Marchman::1505,0.7189047266917191,-0.6168863650330697,English (American),marchman,D_lin
Marchman::1506,-0.3395959493543218,-0.13789549847451305,English (American),marchman,D_lin
Marchman::1507,-0.9473805543495284,0.04497759823449082,English (American),marchman,D_lin
Marchman::1508,1.6639076733859313,-0.5465060536329699,English (American),marchman,D_lin
Marchman::1509,3.6173445902118067,-0.580750552965523,English (American),marchman,D_lin
Marchman::151,-2.4436245490222346,-0.425035112948944,English (American),marchman,D_lin
Marchman::1510,1.5538274913425285,0.2778145348605793,English (American),marchman,D_lin
Marchman::1511,-0.08789446146255232,-0.15517983365974797,English (American),marchman,D_lin
Marchman::1512,0.8661666337308569,-0.3902059743790548,English (American),marchman,D_lin
Marchman::1513,0.4089376346988729,0.051308725348580525,English (American),marchman,D_lin
Marchman::1514,1.584777270059185,-0.03921805419372265,English (American),marchman,D_lin
Marchman::1515,-1.0915150516532657,0.023283472195449476,English (American),marchman,D_lin
Marchman::1516,-1.6870640752653887,0.08675565945651453,English (American),marchman,D_lin
Marchman::1517,6.0264624011179855,1.9214203902056992,English (American),marchman,D_lin
Marchman::1518,-0.7047760184758726,-0.1051144766780952,English (American),marchman,D_lin
Marchman::1519,-2.1678099968075792,-0.304601343403593,English (American),marchman,D_lin
Marchman::152,-3.2583199054539707,-0.09625136152908745,English (American),marchman,D_lin
Marchman::1520,-1.2674398096318968,0.1503323365669862,English (American),marchman,D_lin
Marchman::1521,-0.7967199483626718,-0.13483697492148783,English (American),marchman,D_lin
Marchman::1522,1.8830041574874672,-0.26976527042132065,English (American),marchman,D_lin
Marchman::1523,1.574147988353604,0.025907031726562543,English (American),marchman,D_lin
Marchman::1524,2.0059152771647875,0.24313596089041095,English (American),marchman,D_lin
Marchman::1525,-0.9695515416795139,0.20099104166304688,English (American),marchman,D_lin
Marchman::1526,-1.272439409852587,-0.35201135715287124,English (American),marchman,D_lin
Marchman::1527,0.27497214041695767,-0.01463174375826641,English (American),marchman,D_lin
Marchman::1528,-0.0969531073822987,-0.0453175936569331,English (American),marchman,D_lin
Marchman::1529,0.9274894859299027,0.2739455722912571,English (American),marchman,D_lin
Marchman::153,-0.15788492361590212,0.13083865932094896,English (American),marchman,D_lin
Marchman::1530,1.960939538322691,0.1271533832822771,English (American),marchman,D_lin
Marchman::1531,-0.6153215832551668,-0.20130026858438388,English (American),marchman,D_lin
Marchman::1532,-1.0307348197133368,0.1891133825455284,English (American),marchman,D_lin
Marchman::1533,0.4109924558060728,0.22182680307780406,English (American),marchman,D_lin
Marchman::1534,1.1545587394120655,0.1541901146785449,English (American),marchman,D_lin
Marchman::1535,-1.1964654056266202,0.30887612058103836,English (American),marchman,D_lin
Marchman::1536,0.42875132364638674,-0.18271736222545287,English (American),marchman,D_lin
Marchman::1537,2.799270857518783,-0.6243859897610382,English (American),marchman,D_lin
Marchman::1538,1.2381825836808038,0.1971425906362042,English (American),marchman,D_lin
Marchman::1539,0.917795498769483,0.30618505779181293,English (American),marchman,D_lin
Marchman::1540,0.33290112524826304,0.377524278611963,English (American),marchman,D_lin
Marchman::1541,-0.5186537477446864,0.07851400808812903,English (American),marchman,D_lin
Marchman::1542,0.3405257399395755,0.23005372963274018,English (American),marchman,D_lin
Marchman::1543,-0.298302823837501,0.13078789181568756,English (American),marchman,D_lin
Marchman::1544,1.2254999957559194,-0.2113451261680102,English (American),marchman,D_lin
Marchman::1545,0.15851152562013057,0.11052268345968008,English (American),marchman,D_lin
Marchman::1546,0.49855313142492763,0.03216072627607078,English (American),marchman,D_lin
Marchman::1547,0.33821857723281207,0.009712229563829139,English (American),marchman,D_lin
Marchman::1548,-0.330010521165411,-0.3618320390956361,English (American),marchman,D_lin
Marchman::1549,-0.23114248202335483,0.07011367431931136,English (American),marchman,D_lin
Marchman::1550,-0.7777450931544675,-0.11393714020166129,English (American),marchman,D_lin
Marchman::1551,-0.07481561805338337,0.24740293225881393,English (American),marchman,D_lin
Marchman::1552,0.03623388512468035,-0.6223874645944396,English (American),marchman,D_lin
Marchman::1553,0.30125752637466885,-0.2497064800759834,English (American),marchman,D_lin
Marchman::1554,0.7554566598482884,-0.49387699013064146,English (American),marchman,D_lin
Marchman::1555,-2.0081575066994226,0.01635075748754472,English (American),marchman,D_lin
Marchman::1556,0.6439642750504352,-0.09533053110606007,English (American),marchman,D_lin
Marchman::1557,-1.0772403438489946,0.17734756126915546,English (American),marchman,D_lin
Marchman::1558,-3.3093175353637343,0.4644403293544257,English (American),marchman,D_lin
Marchman::1559,-1.325652414471626,-0.20928413606194174,English (American),marchman,D_lin
Marchman::156,-4.932398042694843,-0.3004263291058587,English (American),marchman,D_lin
Marchman::1560,-0.2778633292115214,0.4924730938568843,English (American),marchman,D_lin
Marchman::1561,-0.1254262494035522,-0.2434278519326174,English (American),marchman,D_lin
Marchman::1562,0.3962213741769859,-0.014750484411423119,English (American),marchman,D_lin
Marchman::1564,0.9962181762419112,0.06587053290758622,English (American),marchman,D_lin
Marchman::1565,3.0037802412469863,-0.28537056975188324,English (American),marchman,D_lin
Marchman::1566,-0.5886968331406203,0.015348648642705895,English (American),marchman,D_lin
Marchman::1567,-1.6447352535810689,-0.16844262826122552,English (American),marchman,D_lin
Marchman::1568,1.2450793283283363,0.0195711233181632,English (American),marchman,D_lin
Marchman::1569,0.6452308914834574,-0.43798943334933005,English (American),marchman,D_lin
Marchman::157,-3.9749609928664724,0.1554695040342926,English (American),marchman,D_lin
Marchman::1570,0.1476334797118755,-0.19481934803188758,English (American),marchman,D_lin
Marchman::1571,-0.39543844225393726,0.03740320960796343,English (American),marchman,D_lin
Marchman::1572,-1.1614077530577582,-0.1067338850798059,English (American),marchman,D_lin
Marchman::1573,-0.8009613715950551,-0.10333454856634167,English (American),marchman,D_lin
Marchman::1574,-0.8279116151258155,0.2208234656165818,English (American),marchman,D_lin
Marchman::1575,-1.7272594270759256,-0.4021560491127276,English (American),marchman,D_lin
Marchman::1576,2.2124604436851367,0.03675919944131997,English (American),marchman,D_lin
Marchman::1577,1.5422375117071145,0.23245829867140316,English (American),marchman,D_lin
Marchman::1578,1.56811527955537,-0.13274717463769595,English (American),marchman,D_lin
Marchman::1579,-0.9493193888469402,0.1374641072691542,English (American),marchman,D_lin
Marchman::158,-2.013262610223742,-0.2227532179141295,English (American),marchman,D_lin
Marchman::1580,-1.399077107298735,-0.08207564025038006,English (American),marchman,D_lin
Marchman::1581,-2.3516946799112457,0.13662868156774047,English (American),marchman,D_lin
Marchman::1582,-0.21997230401248322,-0.0605599561465933,English (American),marchman,D_lin
Marchman::1583,-1.8764200608999861,-0.36415250861826776,English (American),marchman,D_lin
Marchman::1584,-0.003977667722034072,-0.0017162855991512968,English (American),marchman,D_lin
Marchman::1585,-1.980585117002565,-0.13953827993719317,English (American),marchman,D_lin
Marchman::1586,-0.5924343357415696,-0.3025364783506851,English (American),marchman,D_lin
Marchman::1587,-2.0148940217266427,-0.44445522118925407,English (American),marchman,D_lin
Marchman::1588,-0.1253599249006384,-0.3763588217638203,English (American),marchman,D_lin
Marchman::1589,0.6324235997784668,0.02023042674965838,English (American),marchman,D_lin
Marchman::159,-2.5721544584122213,-0.16422902395387365,English (American),marchman,D_lin
Marchman::1590,-1.2703955332041972,-0.43167300477811715,English (American),marchman,D_lin
Marchman::1591,-1.1639560901110226,-0.040432793857642736,English (American),marchman,D_lin
Marchman::1592,-2.1263192199794068,-0.6784206159404456,English (American),marchman,D_lin
Marchman::1593,-0.03127642104026336,-0.037022799885323546,English (American),marchman,D_lin
Marchman::1594,0.6221524817244231,0.3805576573138866,English (American),marchman,D_lin
Marchman::1595,0.6800979840240866,-0.16758825038088618,English (American),marchman,D_lin
Marchman::1596,-0.6624767098586074,-0.11768432294064782,English (American),marchman,D_lin
Marchman::1597,0.05548414091136975,0.008164744837864732,English (American),marchman,D_lin
Marchman::1598,0.030992689497455306,0.12348912213417522,English (American),marchman,D_lin
Marchman::1599,-2.192848060253989,0.0018632526559787255,English (American),marchman,D_lin
Marchman::16,-0.7307118496959786,0.2975614988215464,English (American),marchman,D_lin
Marchman::1600,0.04428669724095015,-0.13212505192250296,English (American),marchman,D_lin
Marchman::1601,-1.1268191516598363,-0.30833659819816417,English (American),marchman,D_lin
Marchman::1602,-0.7043019255940108,0.16458282216178535,English (American),marchman,D_lin
Marchman::1603,2.201347254889686,0.11206288696943001,English (American),marchman,D_lin
Marchman::1604,-1.2549871487745097,-0.06289048624125457,English (American),marchman,D_lin
Marchman::1605,-0.5214399393822229,-0.07663835799437704,English (American),marchman,D_lin
Marchman::1606,0.5902163669431381,-0.02731222923955045,English (American),marchman,D_lin
Marchman::1607,0.039439412820993835,-0.171907484394037,English (American),marchman,D_lin
Marchman::1608,2.029751890294973,0.06297281167090486,English (American),marchman,D_lin
Marchman::1609,2.161004554399626,-0.31317512303342654,English (American),marchman,D_lin
Marchman::161,-3.8295865359729153,-0.46794896815353987,English (American),marchman,D_lin
Marchman::1611,-1.4132439777170498,-0.013290626413887369,English (American),marchman,D_lin
Marchman::1612,0.34604772337206247,-0.23696320699803702,English (American),marchman,D_lin
Marchman::1614,-1.5803371268097557,0.047480456488932704,English (American),marchman,D_lin
Marchman::1615,1.7782205082404297,-0.15066797939954166,English (American),marchman,D_lin
Marchman::1616,1.8425055010014793,0.04044613292183728,English (American),marchman,D_lin
Marchman::1617,1.0269298569032808,-0.19839553217040784,English (American),marchman,D_lin
Marchman::1618,-0.5583579670481584,-0.03389070619226227,English (American),marchman,D_lin
Marchman::1619,-0.6636371328040609,-0.20273949682474554,English (American),marchman,D_lin
Marchman::162,-2.3685272549064513,-0.43702657549564494,English (American),marchman,D_lin
Marchman::1620,-0.550720059269141,-0.1222482605223478,English (American),marchman,D_lin
Marchman::1621,0.10840602025109741,-0.4611465866132076,English (American),marchman,D_lin
Marchman::1622,2.389164979906283,0.09624659415876491,English (American),marchman,D_lin
Marchman::1623,-1.9975633530756791,0.041079175114148714,English (American),marchman,D_lin
Marchman::1624,-0.11278684085980523,-0.18043733388469496,English (American),marchman,D_lin
Marchman::1625,-2.4654303384839826,-0.05822138904953508,English (American),marchman,D_lin
Marchman::1626,-0.8018624218049907,-0.013348456390525149,English (American),marchman,D_lin
Marchman::1627,0.846370556907068,0.10574004370230151,English (American),marchman,D_lin
Marchman::1628,1.097129838066241,0.012600539797949145,English (American),marchman,D_lin
Marchman::1629,-0.9168676553404767,-0.026445147657663343,English (American),marchman,D_lin
Marchman::163,0.4837741201298472,0.10184393880460871,English (American),marchman,D_lin
Marchman::1630,0.6980396022648243,0.14042570825779938,English (American),marchman,D_lin
Marchman::1631,-1.20117711488913,0.014025295550061434,English (American),marchman,D_lin
Marchman::1632,1.449902086220949,0.015537231531262019,English (American),marchman,D_lin
Marchman::1633,-1.3206897211994921,0.6491270496532529,English (American),marchman,D_lin
Marchman::1634,2.9386890224528295,-0.18944601161013627,English (American),marchman,D_lin
Marchman::1635,-1.0546869184255092,-0.04687472393467095,English (American),marchman,D_lin
Marchman::1636,-0.7245539506899009,-0.17474450432448452,English (American),marchman,D_lin
Marchman::1637,-0.12460471636465023,-0.2574427560688758,English (American),marchman,D_lin
Marchman::1638,-1.5907334436838951,0.11715371663257867,English (American),marchman,D_lin
Marchman::1639,-0.8829406072779751,-0.5268490491311022,English (American),marchman,D_lin
Marchman::164,1.8149850239656353,-0.14302324053309384,English (American),marchman,D_lin
Marchman::1640,3.113470947293846,0.43800403291621176,English (American),marchman,D_lin
Marchman::1641,0.9579197739432704,-0.15794792716485415,English (American),marchman,D_lin
Marchman::1642,0.5649395083965605,0.03778226522909568,English (American),marchman,D_lin
Marchman::1643,4.222343661460327,1.336883512111005,English (American),marchman,D_lin
Marchman::1644,-0.44859931673904696,-0.1633774890386107,English (American),marchman,D_lin
Marchman::1645,2.779898258939329,0.19798277701491934,English (American),marchman,D_lin
Marchman::1646,-0.28777156102308976,-0.2521934367172231,English (American),marchman,D_lin
Marchman::1647,-0.8555895163542709,-0.10825356615707746,English (American),marchman,D_lin
Marchman::1648,0.2867577627224106,0.223350586550616,English (American),marchman,D_lin
Marchman::1649,1.3053742901918943,-0.17842338103120114,English (American),marchman,D_lin
Marchman::165,1.8242099761025585,0.5797134321168431,English (American),marchman,D_lin
Marchman::1650,1.2800199450641052,-0.5320944985721421,English (American),marchman,D_lin
Marchman::1651,-0.29920309261926725,0.06394270300573615,English (American),marchman,D_lin
Marchman::1652,-1.0839431150306527,0.12601957895184274,English (American),marchman,D_lin
Marchman::1653,0.4829699185250154,0.15647140917038682,English (American),marchman,D_lin
Marchman::1654,1.604495446735445,0.15516708447819805,English (American),marchman,D_lin
Marchman::1655,-1.4990995941187644,0.1145487403203798,English (American),marchman,D_lin
Marchman::1656,-1.7750968701002576,0.045304697664786564,English (American),marchman,D_lin
Marchman::1657,0.6850904164415855,-0.22925888899081917,English (American),marchman,D_lin
Marchman::1658,1.2251993764230364,-0.362456626486093,English (American),marchman,D_lin
Marchman::1659,-3.0144423763233337,0.39063944099437203,English (American),marchman,D_lin
Marchman::166,0.7969858894724589,-0.11932871612581529,English (American),marchman,D_lin
Marchman::1660,4.375774960655977,-0.6376005190149474,English (American),marchman,D_lin
Marchman::1661,-0.4063545920848741,-0.014239387501389322,English (American),marchman,D_lin
Marchman::1662,1.8560635651703905,0.8670839388134527,English (American),marchman,D_lin
Marchman::1663,3.3558523627163446,0.6598154576308854,English (American),marchman,D_lin
Marchman::1664,0.6781516894393297,0.5877940283439156,English (American),marchman,D_lin
Marchman::1665,-0.8460165988238229,-0.11598861441838487,English (American),marchman,D_lin
Marchman::1666,2.893860432143901,0.7237473860057968,English (American),marchman,D_lin
Marchman::1667,-0.6957175036932016,-0.1674901496590449,English (American),marchman,D_lin
Marchman::1668,-0.31377269748839925,-0.0731254940150951,English (American),marchman,D_lin
Marchman::1669,-0.41496263107834785,-0.4096782469311261,English (American),marchman,D_lin
Marchman::167,-3.6371949339567777,-0.6795435912125054,English (American),marchman,D_lin
Marchman::1670,-1.093947853851664,-0.19907750867471458,English (American),marchman,D_lin
Marchman::1671,-0.8128380641128967,0.06405745489644452,English (American),marchman,D_lin
Marchman::1672,-0.7544648406916055,0.3245111943954837,English (American),marchman,D_lin
Marchman::1673,-0.5036872980244397,-0.025664102420324533,English (American),marchman,D_lin
Marchman::1674,-1.5852782938331864,0.2925494994836566,English (American),marchman,D_lin
Marchman::1675,-1.936725186542735,0.18962721731031296,English (American),marchman,D_lin
Marchman::1676,0.30132889594417556,0.12939769641593907,English (American),marchman,D_lin
Marchman::1677,0.8862853269870354,0.11028741884168566,English (American),marchman,D_lin
Marchman::1678,-1.0541342748094575,-0.04588475542453958,English (American),marchman,D_lin
Marchman::1679,-0.18375803832454388,-0.024704112626920724,English (American),marchman,D_lin
Marchman::1680,0.2416757213590576,0.1211167784529796,English (American),marchman,D_lin
Marchman::1681,-0.1788819627184238,0.14614577160375333,English (American),marchman,D_lin
Marchman::1682,2.944636601589529,0.20257573807996684,English (American),marchman,D_lin
Marchman::1683,0.3897014673744734,0.020038176401433783,English (American),marchman,D_lin
Marchman::1684,1.1648423007582551,-0.2731462355492402,English (American),marchman,D_lin
Marchman::1685,-3.382001689442481,0.3751493891229459,English (American),marchman,D_lin
Marchman::1686,0.29787358364724176,0.5308704684466892,English (American),marchman,D_lin
Marchman::1687,1.979977101688248,0.5221403626140355,English (American),marchman,D_lin
Marchman::1688,0.3960469972278847,-0.1775338620919103,English (American),marchman,D_lin
Marchman::1689,-0.9341041069352914,0.1987961109075171,English (American),marchman,D_lin
Marchman::169,-1.7264224443794367,-0.24201899639763172,English (American),marchman,D_lin
Marchman::1690,-3.9891398191634595,-0.028859331288694057,English (American),marchman,D_lin
Marchman::1691,-0.41049679630501607,-0.08548586236150257,English (American),marchman,D_lin
Marchman::1692,0.9722151826528366,-0.533421049489833,English (American),marchman,D_lin
Marchman::1693,-0.6321440371472242,-0.11380851341256812,English (American),marchman,D_lin
Marchman::1694,-0.39795081867275484,-0.557127474953847,English (American),marchman,D_lin
Marchman::1695,-0.7489352022809782,0.22715076785796823,English (American),marchman,D_lin
Marchman::1696,3.9785595161856344,0.4688699134696901,English (American),marchman,D_lin
Marchman::1698,-1.248874171803974,-0.6175716363033107,English (American),marchman,D_lin
Marchman::1699,-1.4923429445048457,0.06215622796688468,English (American),marchman,D_lin
Marchman::17,-0.12316241387874656,0.10212021151267942,English (American),marchman,D_lin
Marchman::170,-0.9194842690030015,-0.026013571257322322,English (American),marchman,D_lin
Marchman::1700,-2.3465898810660115,0.13723914068706142,English (American),marchman,D_lin
Marchman::1701,-2.7402811665286886,-0.06710173040036307,English (American),marchman,D_lin
Marchman::1702,-0.3693145441792587,0.41114953655541797,English (American),marchman,D_lin
Marchman::1703,-0.5664523423118203,-0.15205456780248078,English (American),marchman,D_lin
Marchman::1704,-0.5632242610108161,-0.08789830513691968,English (American),marchman,D_lin
Marchman::1705,-0.3009069980895175,0.229980933691475,English (American),marchman,D_lin
Marchman::1706,-0.2559739069764025,0.11983796022941764,English (American),marchman,D_lin
Marchman::1707,0.3280669711363446,-0.09621978712615098,English (American),marchman,D_lin
Marchman::1708,1.5520595378814732,-0.19140151851609993,English (American),marchman,D_lin
Marchman::1709,-0.552975990136171,-0.5547455768568416,English (American),marchman,D_lin
Marchman::1710,-0.8172351338012304,-0.31600159612949863,English (American),marchman,D_lin
Marchman::1711,0.4667639386023777,-0.12613673482934606,English (American),marchman,D_lin
Marchman::1712,0.5076929517749972,0.031052107868783173,English (American),marchman,D_lin
Marchman::1713,-0.4960309450120875,0.6348414161693331,English (American),marchman,D_lin
Marchman::1714,0.5411101292072804,-0.02718311807992347,English (American),marchman,D_lin
Marchman::1715,0.531480922153768,0.33642646844616386,English (American),marchman,D_lin
Marchman::1716,0.5001428944757119,-0.33862039834762336,English (American),marchman,D_lin
Marchman::1717,-0.6100858659719252,0.18600898152651846,English (American),marchman,D_lin
Marchman::1718,-3.495455515962416,0.3867646308235225,English (American),marchman,D_lin
Marchman::1719,2.0386090160039734,0.24962327934361817,English (American),marchman,D_lin
Marchman::172,-2.6868191133822075,-0.4527649016453495,English (American),marchman,D_lin
Marchman::1720,2.1084091203771353,-0.2441676889381506,English (American),marchman,D_lin
Marchman::1721,-1.7884865290189171,0.07393883701620949,English (American),marchman,D_lin
Marchman::1722,-0.4414559714340523,-0.17683617534699259,English (American),marchman,D_lin
Marchman::1723,0.8093437229989269,-0.076910088934038,English (American),marchman,D_lin
Marchman::1724,-0.059088112410048944,0.12125529957537928,English (American),marchman,D_lin
Marchman::1725,-0.42803728928856266,0.04626111037075621,English (American),marchman,D_lin
Marchman::1726,-1.3947638758693763,-0.08065401072226189,English (American),marchman,D_lin
Marchman::1727,0.6367355724961026,-0.1869154690702906,English (American),marchman,D_lin
Marchman::1728,0.4786332875535476,-0.07716896902081832,English (American),marchman,D_lin
Marchman::1729,2.225072096700526,-0.23832383969846063,English (American),marchman,D_lin
Marchman::173,2.20802029267555,0.627084301316259,English (American),marchman,D_lin
Marchman::1730,0.3893609700664056,0.08853665276563721,English (American),marchman,D_lin
Marchman::1731,3.323674564691003,-0.3988786870930707,English (American),marchman,D_lin
Marchman::1732,-1.4043634245022083,0.07851684538801365,English (American),marchman,D_lin
Marchman::1733,0.9542320649217054,0.28990645478730087,English (American),marchman,D_lin
Marchman::1734,-1.4048107180877807,0.839741601896081,English (American),marchman,D_lin
Marchman::1735,2.875900966029287,0.19396292796835055,English (American),marchman,D_lin
Marchman::1736,1.1788811480445622,0.18755619126125914,English (American),marchman,D_lin
Marchman::1737,1.6595010072138874,0.19006058266700032,English (American),marchman,D_lin
Marchman::1738,-0.1670112351308226,0.2463790390814381,English (American),marchman,D_lin
Marchman::1739,0.23394370164791528,0.36082543323530814,English (American),marchman,D_lin
Marchman::174,-1.9326046671935708,-0.2524885123773771,English (American),marchman,D_lin
Marchman::1740,1.1508491061338413,0.40585107982817786,English (American),marchman,D_lin
Marchman::1741,0.9325007536094553,-0.12652922604088238,English (American),marchman,D_lin
Marchman::1742,1.640851858427013,-0.28312480050627153,English (American),marchman,D_lin
Marchman::1743,2.1924293987280197,0.3433824229640639,English (American),marchman,D_lin
Marchman::1744,0.8890028073145271,-0.09647045032178858,English (American),marchman,D_lin
Marchman::1745,0.48421253594945973,-0.305045031113645,English (American),marchman,D_lin
Marchman::1746,-0.9454096879457383,-0.3353741650525598,English (American),marchman,D_lin
Marchman::1747,1.2519305267679899,-0.5216704424410767,English (American),marchman,D_lin
Marchman::1748,0.419372167111315,-0.1613416478321478,English (American),marchman,D_lin
Marchman::1749,0.820858866673366,0.010211798132391953,English (American),marchman,D_lin
Marchman::175,1.5004814298991982,0.1102055537394008,English (American),marchman,D_lin
Marchman::1750,-0.220120901689375,-0.08448213357498084,English (American),marchman,D_lin
Marchman::1751,-1.5173966887578412,-0.22649666584200256,English (American),marchman,D_lin
Marchman::1752,-0.9769810844656213,0.20759103327325001,English (American),marchman,D_lin
Marchman::1753,0.5304125526910772,-0.10074563253347593,English (American),marchman,D_lin
Marchman::1754,-2.892165990807255,-0.11343824912146862,English (American),marchman,D_lin
Marchman::1755,-0.7298126215152055,-0.2283511705536715,English (American),marchman,D_lin
Marchman::1756,1.602881790818967,-0.01650600967517457,English (American),marchman,D_lin
Marchman::1757,2.8022594627140593,-0.2856481620131459,English (American),marchman,D_lin
Marchman::1758,1.3431898047871877,-0.06531970170484497,English (American),marchman,D_lin
Marchman::1759,0.2966879470866837,0.20384385018210707,English (American),marchman,D_lin
Marchman::176,-1.8543731751366923,-0.24714874258856867,English (American),marchman,D_lin
Marchman::1760,-1.80368562956746,-0.3800609325647797,English (American),marchman,D_lin
Marchman::1761,-0.5924050789656404,0.07868371196952657,English (American),marchman,D_lin
Marchman::1762,0.5021425991995156,-0.2129938512355604,English (American),marchman,D_lin
Marchman::1763,0.8598238298976557,-0.20100727439571436,English (American),marchman,D_lin
Marchman::1764,2.8003134772895346,-0.44825220520527,English (American),marchman,D_lin
Marchman::1765,0.5820858665666864,-0.016428539219733695,English (American),marchman,D_lin
Marchman::1766,-0.7214977360761168,-0.13993613422563794,English (American),marchman,D_lin
Marchman::1767,2.629235702403752,1.1770804947565108,English (American),marchman,D_lin
Marchman::1768,-0.2285279340038452,-0.061481830364276666,English (American),marchman,D_lin
Marchman::1769,-0.9745750488033511,-0.5739008555411447,English (American),marchman,D_lin
Marchman::177,0.1608525199402536,0.018155492013588535,English (American),marchman,D_lin
Marchman::1770,-0.4018651986073329,0.21724212163291373,English (American),marchman,D_lin
Marchman::1771,1.1534848261997828,-0.003420130236747837,English (American),marchman,D_lin
Marchman::1772,1.9851743030983702,0.6772747359427571,English (American),marchman,D_lin
Marchman::1773,-2.67603977282926,-0.2524482527261333,English (American),marchman,D_lin
Marchman::1774,0.49459981687841076,-0.2962382540640056,English (American),marchman,D_lin
Marchman::1775,2.309127060949098,-0.361661495655372,English (American),marchman,D_lin
Marchman::1776,-0.2813939638574973,-0.13802234641311215,English (American),marchman,D_lin
Marchman::1777,-1.3244430089520365,-0.45918461178087855,English (American),marchman,D_lin
Marchman::1778,-1.2217295113955926,-0.39710509399462657,English (American),marchman,D_lin
Marchman::1779,1.7500391814954783,0.2570994577703835,English (American),marchman,D_lin
Marchman::178,-0.3535884225737663,0.1233892710623912,English (American),marchman,D_lin
Marchman::1780,-0.5876955111016906,0.014779416637106059,English (American),marchman,D_lin
Marchman::1781,-0.19910394286498556,-0.04869378488241187,English (American),marchman,D_lin
Marchman::1782,3.7152207745864567,0.16396718544752814,English (American),marchman,D_lin
Marchman::1783,1.852835874975055,-0.06400427668508343,English (American),marchman,D_lin
Marchman::1784,2.041765897540237,0.2969240665958336,English (American),marchman,D_lin
Marchman::1785,0.7846487814896351,0.2683138637935718,English (American),marchman,D_lin
Marchman::1786,-1.1316692140320668,0.15468919375875517,English (American),marchman,D_lin
Marchman::1787,-0.297728783781154,0.06371127481240293,English (American),marchman,D_lin
Marchman::1788,2.1682395024293286,0.33163524920867266,English (American),marchman,D_lin
Marchman::1789,-0.5567297152943981,-0.12027418221114264,English (American),marchman,D_lin
Marchman::1790,-2.597733603438319,-0.025132961477970617,English (American),marchman,D_lin
Marchman::1791,-0.15408331803578884,0.07949104138920157,English (American),marchman,D_lin
Marchman::1792,2.4728672662709155,2.1428998270581863,English (American),marchman,D_lin
Marchman::1793,-0.8099126579159034,0.17867769985074056,English (American),marchman,D_lin
Marchman::1794,-3.0867004410509655,-0.2921962206979827,English (American),marchman,D_lin
Marchman::1795,-0.8494206328216812,-0.04771844473273098,English (American),marchman,D_lin
Marchman::1796,-1.6948677746464877,-0.24735003410768602,English (American),marchman,D_lin
Marchman::1797,0.6200753717699125,0.09688067411041207,English (American),marchman,D_lin
Marchman::1798,0.6607506126579502,-0.11953165780097362,English (American),marchman,D_lin
Marchman::1799,-0.03330115074386769,-0.019936851765027536,English (American),marchman,D_lin
Marchman::18,-1.012621677278503,-0.13654126123672083,English (American),marchman,D_lin
Marchman::180,-0.21816219428479597,0.023547708515186946,English (American),marchman,D_lin
Marchman::1800,-3.5874425588142254,0.14311272159182198,English (American),marchman,D_lin
Marchman::1801,-0.6807130152756679,-0.14644607354131237,English (American),marchman,D_lin
Marchman::1802,-1.9126760836493233,0.061448016293234736,English (American),marchman,D_lin
Marchman::1803,1.681980317918836,0.5253375464238793,English (American),marchman,D_lin
Marchman::1804,0.33963918168598517,-0.06022634137051433,English (American),marchman,D_lin
Marchman::1805,-1.7931543271700316,-0.2582318951489391,English (American),marchman,D_lin
Marchman::1806,0.07024005667356832,-0.0807406629171547,English (American),marchman,D_lin
Marchman::1807,2.815084422526613,0.47197653886509533,English (American),marchman,D_lin
Marchman::1808,1.727149529108023,0.4167017257112022,English (American),marchman,D_lin
Marchman::1809,-0.6118076921671706,-0.4813490509349285,English (American),marchman,D_lin
Marchman::181,-1.8648562920355993,-0.33923958900146173,English (American),marchman,D_lin
Marchman::1810,0.34812052014610306,0.3242357092312466,English (American),marchman,D_lin
Marchman::1811,5.183522283608262,1.7797394626878922,English (American),marchman,D_lin
Marchman::1812,0.824307249503109,-0.23089155506781622,English (American),marchman,D_lin
Marchman::1813,2.5681213163864625,1.085036252370372,English (American),marchman,D_lin
Marchman::1814,0.7633745657085343,0.6733673715319086,English (American),marchman,D_lin
Marchman::1815,0.1298070476376967,0.25787192654600266,English (American),marchman,D_lin
Marchman::1816,1.024128104566389,-0.024796176221999866,English (American),marchman,D_lin
Marchman::1817,0.9663143746695169,0.169152245420723,English (American),marchman,D_lin
Marchman::1818,0.9011553991888778,0.4577453956973673,English (American),marchman,D_lin
Marchman::1819,-0.7618447260858464,-0.09721080805031443,English (American),marchman,D_lin
Marchman::182,-2.595758415985876,-0.24486378145085336,English (American),marchman,D_lin
Marchman::1820,-0.8198594564888367,0.11743316141766179,English (American),marchman,D_lin
Marchman::1821,-0.6622459205513853,-0.26889119308629333,English (American),marchman,D_lin
Marchman::1822,-1.4261437653627136,0.28035481599357437,English (American),marchman,D_lin
Marchman::1823,-0.6006098022261969,-0.11955143364057769,English (American),marchman,D_lin
Marchman::1824,-1.0341629867425186,-0.29588814711470435,English (American),marchman,D_lin
Marchman::1825,1.0274975851837418,-0.04146916580367123,English (American),marchman,D_lin
Marchman::1826,1.440936520570006,0.17212561531559403,English (American),marchman,D_lin
Marchman::1827,-0.7959388090230975,-0.20577867550549928,English (American),marchman,D_lin
Marchman::1828,2.9244068386659756,0.8871406854046345,English (American),marchman,D_lin
Marchman::1829,-0.4106179118372428,-0.16984298446889542,English (American),marchman,D_lin
Marchman::183,3.640800026064707,0.7064984016601908,English (American),marchman,D_lin
Marchman::1830,0.3334964605230917,0.409468100105723,English (American),marchman,D_lin
Marchman::1831,-1.9861386431686012,-0.5201540343453913,English (American),marchman,D_lin
Marchman::1832,1.5579881653875183,-0.4125712808799561,English (American),marchman,D_lin
Marchman::1833,2.3230502692401176,0.25116600851964793,English (American),marchman,D_lin
Marchman::1834,-1.531065570707272,0.2610425570063336,English (American),marchman,D_lin
Marchman::1835,0.7941792612504085,0.19455134258055434,English (American),marchman,D_lin
Marchman::1836,-1.503095192778522,0.034895345731300056,English (American),marchman,D_lin
Marchman::1837,-2.0259125315869526,0.17689720065032552,English (American),marchman,D_lin
Marchman::1838,0.09768027343886815,-0.11665662748368325,English (American),marchman,D_lin
Marchman::1839,-2.2557582964643146,-0.2984577681674463,English (American),marchman,D_lin
Marchman::184,-1.656566079697284,-0.1838146856702821,English (American),marchman,D_lin
Marchman::1840,-0.34515114517873197,-0.08122224009133697,English (American),marchman,D_lin
Marchman::1841,-0.45547772306407264,0.06298112512067525,English (American),marchman,D_lin
Marchman::1842,1.0177027717848386,-0.2432670985349189,English (American),marchman,D_lin
Marchman::1843,3.146597977082646,0.4932526713445424,English (American),marchman,D_lin
Marchman::1844,-1.3523964381475353,-0.1300983860114854,English (American),marchman,D_lin
Marchman::1845,0.33963502117823996,0.27591274924589904,English (American),marchman,D_lin
Marchman::1846,-2.740190789784899,0.13575208205598413,English (American),marchman,D_lin
Marchman::1847,1.515123336532633,-0.010479341495580455,English (American),marchman,D_lin
Marchman::1848,0.25750733443882584,-0.07603372007414158,English (American),marchman,D_lin
Marchman::1849,1.2662903126506084,-0.16551822406836847,English (American),marchman,D_lin
Marchman::185,-4.031511816934171,-0.7438868085298139,English (American),marchman,D_lin
Marchman::1850,-1.173617630441208,0.023882840500848893,English (American),marchman,D_lin
Marchman::1851,0.0161088593696433,-0.08548697881373934,English (American),marchman,D_lin
Marchman::1852,0.5220596585299503,-0.25267240844992067,English (American),marchman,D_lin
Marchman::1853,2.112937151533109,0.47181340618357515,English (American),marchman,D_lin
Marchman::1854,-0.8768534069221828,-0.014938045392554632,English (American),marchman,D_lin
Marchman::1855,-1.0508921612934639,0.34358777597784695,English (American),marchman,D_lin
Marchman::1856,-0.5244955046225138,-0.6545197072030828,English (American),marchman,D_lin
Marchman::1857,4.24639934507648,0.9320262367100062,English (American),marchman,D_lin
Marchman::1858,0.8058042458017848,-0.006868650964946307,English (American),marchman,D_lin
Marchman::1859,2.598677091350776,0.0982401376819364,English (American),marchman,D_lin
Marchman::1860,0.45447957203109585,-0.056130348713310955,English (American),marchman,D_lin
Marchman::1861,0.6150253990553146,0.6120587492236338,English (American),marchman,D_lin
Marchman::187,-1.581612911746287,-0.4169718696260456,English (American),marchman,D_lin
Marchman::188,-0.8754276692667778,-0.20842703015854053,English (American),marchman,D_lin
Marchman::189,-2.415570404172387,-0.5057093248420753,English (American),marchman,D_lin
Marchman::19,2.636707008136261,0.42049496092440797,English (American),marchman,D_lin
Marchman::190,-2.313267640094972,-0.18722267789175864,English (American),marchman,D_lin
Marchman::191,-0.4383296410124414,0.20666532654481307,English (American),marchman,D_lin
Marchman::193,-0.3770934102661498,-0.06740167027464354,English (American),marchman,D_lin
Marchman::194,-3.5281299026100084,-0.29598863417028826,English (American),marchman,D_lin
Marchman::195,2.3904019497772397,-0.5915238530883526,English (American),marchman,D_lin
Marchman::197,0.44668504536961084,0.32388518964238944,English (American),marchman,D_lin
Marchman::198,-1.7792399490865531,-0.3841489777435091,English (American),marchman,D_lin
Marchman::199,-2.764144249775019,-0.29503766198052606,English (American),marchman,D_lin
Marchman::2,0.9917010973665935,-0.06275094658151263,English (American),marchman,D_lin
Marchman::20,-0.11928860989918214,0.11534033285777102,English (American),marchman,D_lin
Marchman::200,-3.5407867203406624,-0.8193549626970887,English (American),marchman,D_lin
Marchman::201,-0.5174233039526249,-0.17192530064921938,English (American),marchman,D_lin
Marchman::202,-1.772423490997516,-0.3813084265412172,English (American),marchman,D_lin
Marchman::203,-0.6017738591630308,-0.10229661783787862,English (American),marchman,D_lin
Marchman::204,-3.398267665043942,-0.2676388392892989,English (American),marchman,D_lin
Marchman::205,-0.49373264035838066,-0.1294377488598904,English (American),marchman,D_lin
Marchman::206,-3.6696702068570377,-0.469460950144684,English (American),marchman,D_lin
Marchman::207,-2.518190100560785,-0.6580843606435147,English (American),marchman,D_lin
Marchman::208,-2.00277706970938,-0.3241417373953025,English (American),marchman,D_lin
Marchman::209,0.8491988883039343,0.13236087200582952,English (American),marchman,D_lin
Marchman::21,-0.02645357384628253,-0.3860185100712086,English (American),marchman,D_lin
Marchman::210,-2.3352204944137847,-0.5246093621479053,English (American),marchman,D_lin
Marchman::211,0.4868705678484647,0.018172727399255163,English (American),marchman,D_lin
Marchman::212,-5.529635362013623,-0.6537164942939379,English (American),marchman,D_lin
Marchman::213,-2.067515273372237,-0.398112022804052,English (American),marchman,D_lin
Marchman::214,-1.158237253656099,0.3252516207938398,English (American),marchman,D_lin
Marchman::215,-1.5128957421931972,-0.15677205115463413,English (American),marchman,D_lin
Marchman::216,-3.795641086946946,-0.6372846174908804,English (American),marchman,D_lin
Marchman::217,-2.2229339025307775,-0.3143519822338747,English (American),marchman,D_lin
Marchman::219,-2.1647547214723026,-0.3408586395365123,English (American),marchman,D_lin
Marchman::220,0.00861055488562324,0.13722362355247916,English (American),marchman,D_lin
Marchman::221,-0.2850731234191643,0.21714810698937062,English (American),marchman,D_lin
Marchman::222,-2.1165279600371076,-0.30646115355903575,English (American),marchman,D_lin
Marchman::223,-2.753278091274723,-0.4850235835443736,English (American),marchman,D_lin
Marchman::224,2.162156752578293,0.6217090649153054,English (American),marchman,D_lin
Marchman::225,3.529993367346649,0.16208861897304916,English (American),marchman,D_lin
Marchman::226,0.8517292558034963,0.10992586832514942,English (American),marchman,D_lin
Marchman::227,1.3526384307684618,0.5389851279750841,English (American),marchman,D_lin
Marchman::228,-2.6745943491941735,-0.056833616856367564,English (American),marchman,D_lin
Marchman::23,5.0821008369005005,0.5996676180653708,English (American),marchman,D_lin
Marchman::230,-0.7073810864574837,0.13031030159280282,English (American),marchman,D_lin
Marchman::232,-0.41240880546775355,0.12122617823768718,English (American),marchman,D_lin
Marchman::233,0.8972512112952901,0.3478504731707134,English (American),marchman,D_lin
Marchman::234,6.563668071344036,0.8594796999613574,English (American),marchman,D_lin
Marchman::235,0.34135526616213613,0.07020046230595708,English (American),marchman,D_lin
Marchman::236,5.198879665847916,0.7613663879172501,English (American),marchman,D_lin
Marchman::237,-2.442620644426193,-0.4259066420925942,English (American),marchman,D_lin
Marchman::238,0.9221249596809853,0.32433778102645855,English (American),marchman,D_lin
Marchman::239,-1.8285487377906242,-0.013604846482456079,English (American),marchman,D_lin
Marchman::24,-0.06623820739331499,-0.4525821097631354,English (American),marchman,D_lin
Marchman::240,1.513757269855759,0.11453912916208714,English (American),marchman,D_lin
Marchman::241,5.229643632305567,1.5005645203637537,English (American),marchman,D_lin
Marchman::242,-1.331336975557896,-0.3590807465408911,English (American),marchman,D_lin
Marchman::243,-1.8469378743406013,-0.1235875171662965,English (American),marchman,D_lin
Marchman::244,1.570874027104347,0.277167388743902,English (American),marchman,D_lin
Marchman::245,1.1094068652903712,-0.04524618077187581,English (American),marchman,D_lin
Marchman::246,0.2580117287604468,-0.5213499176946738,English (American),marchman,D_lin
Marchman::247,-0.3328952813713652,-0.13921428737215324,English (American),marchman,D_lin
Marchman::248,0.049749032136895646,0.2693273592501605,English (American),marchman,D_lin
Marchman::249,0.42605300632704984,-0.509968204309249,English (American),marchman,D_lin
Marchman::25,4.1709817887203124,0.40855789995983366,English (American),marchman,D_lin
Marchman::250,-2.144730549304898,-0.18420570946678042,English (American),marchman,D_lin
Marchman::251,-0.8862024427741333,-0.34109248251275065,English (American),marchman,D_lin
Marchman::252,1.7991368618764763,0.41106235920933054,English (American),marchman,D_lin
Marchman::253,5.41813761852917,0.9855921342338384,English (American),marchman,D_lin
Marchman::254,-2.3989104937107357,-0.44309915971835845,English (American),marchman,D_lin
Marchman::255,0.5746059072158088,0.23798829359441034,English (American),marchman,D_lin
Marchman::256,-0.792158806587132,0.2942616911634707,English (American),marchman,D_lin
Marchman::257,0.1723781462600137,0.14109925341671015,English (American),marchman,D_lin
Marchman::258,3.8106343299444103,0.6178460763284198,English (American),marchman,D_lin
Marchman::259,-0.09358251609106792,-0.012444967386689435,English (American),marchman,D_lin
Marchman::260,-2.908160833480484,-0.7471739103446214,English (American),marchman,D_lin
Marchman::261,-1.9468230709684438,-1.0584313889296117,English (American),marchman,D_lin
Marchman::262,-2.0531190836463296,-0.20999591336650755,English (American),marchman,D_lin
Marchman::263,-4.9390100315882215,-0.3466611403043498,English (American),marchman,D_lin
Marchman::264,-2.6906512602458186,0.003099735788049174,English (American),marchman,D_lin
Marchman::265,-2.2714061423491523,-0.42652805184963105,English (American),marchman,D_lin
Marchman::266,-2.4734394732513985,-0.49596101079473,English (American),marchman,D_lin
Marchman::267,-2.3139328261187684,-0.4767891916678555,English (American),marchman,D_lin
Marchman::268,1.2018443210161704,0.23621975752765317,English (American),marchman,D_lin
Marchman::269,-0.71110921321614,0.08651017143640746,English (American),marchman,D_lin
Marchman::27,-0.23406738398359106,-0.3624786364965338,English (American),marchman,D_lin
Marchman::270,-1.6038343877661303,-0.21273088392572825,English (American),marchman,D_lin
Marchman::271,-1.7712792994990667,-0.24171597280379728,English (American),marchman,D_lin
Marchman::272,-0.12013792385746884,-0.14677890044455735,English (American),marchman,D_lin
Marchman::273,-1.8214840136769543,-0.18380926991756769,English (American),marchman,D_lin
Marchman::274,-2.0210968680229744,-0.20300553399094354,English (American),marchman,D_lin
Marchman::275,-1.1849852036834974,0.08308508645703491,English (American),marchman,D_lin
Marchman::276,0.3191862399468542,-0.016002657926725537,English (American),marchman,D_lin
Marchman::277,2.4469652561416564,-0.265626653129181,English (American),marchman,D_lin
Marchman::278,-1.0736463082136183,0.40323906399560827,English (American),marchman,D_lin
Marchman::28,-1.503720958158628,-0.09048261161543722,English (American),marchman,D_lin
Marchman::280,2.650950525592268,-0.4739536535589146,English (American),marchman,D_lin
Marchman::281,-0.02457323933061236,0.3629698800176536,English (American),marchman,D_lin
Marchman::282,-3.0276645132820823,-0.07598761732075984,English (American),marchman,D_lin
Marchman::283,1.1606838740708652,0.017573387381189673,English (American),marchman,D_lin
Marchman::284,-1.2303181452123195,0.1457622072240544,English (American),marchman,D_lin
Marchman::285,-4.60233217707482,-0.26794935852918367,English (American),marchman,D_lin
Marchman::286,-3.9897725767911374,-0.5001667069924702,English (American),marchman,D_lin
Marchman::287,0.2602849598729962,0.17077161201022176,English (American),marchman,D_lin
Marchman::288,-0.8644229687385709,-0.25991416930333744,English (American),marchman,D_lin
Marchman::289,-2.804361287515381,-0.6282990396276895,English (American),marchman,D_lin
Marchman::29,3.2857122431777905,0.6025423110089569,English (American),marchman,D_lin
Marchman::290,-2.400588792192092,-0.19009394516413844,English (American),marchman,D_lin
Marchman::291,-1.64321113381678,-0.5868007778754535,English (American),marchman,D_lin
Marchman::292,3.555697593593059,-0.4162300141549445,English (American),marchman,D_lin
Marchman::293,0.9035248393077797,-0.5262740460260357,English (American),marchman,D_lin
Marchman::294,-0.8369388711246606,0.131168348112445,English (American),marchman,D_lin
Marchman::295,-3.468647163774913,-0.13182673468269526,English (American),marchman,D_lin
Marchman::296,-2.07048350840571,-0.8317265153142852,English (American),marchman,D_lin
Marchman::297,-2.678281349533433,-0.37442182049021194,English (American),marchman,D_lin
Marchman::298,-3.185565823841914,-0.6130922355906685,English (American),marchman,D_lin
Marchman::299,-0.5314796176871429,-0.3097632130939227,English (American),marchman,D_lin
Marchman::3,1.6684434380960282,0.1694378273204422,English (American),marchman,D_lin
Marchman::30,1.0927232853621527,0.6308074603326442,English (American),marchman,D_lin
Marchman::301,0.37103476160253057,-0.11051988520391356,English (American),marchman,D_lin
Marchman::302,1.2595346437824253,-0.10014454159240258,English (American),marchman,D_lin
Marchman::303,-3.0908822109149034,-0.5128995607546213,English (American),marchman,D_lin
Marchman::304,-0.12023891238627604,-0.34893600311636197,English (American),marchman,D_lin
Marchman::305,-1.5634867833314678,-0.0017991982446130816,English (American),marchman,D_lin
Marchman::306,2.499352104798089,0.10457715366551669,English (American),marchman,D_lin
Marchman::307,-0.09860578920785949,-0.04016296915052986,English (American),marchman,D_lin
Marchman::308,1.5378207530427235,0.5616377682658287,English (American),marchman,D_lin
Marchman::309,-3.1428001006933033,-0.5624735904975214,English (American),marchman,D_lin
Marchman::31,1.0734470597054175,-0.03601256902154901,English (American),marchman,D_lin
Marchman::310,-2.922313959592757,-0.2949451297676531,English (American),marchman,D_lin
Marchman::311,-4.145456751818085,-0.48732427702380343,English (American),marchman,D_lin
Marchman::313,2.1967650877456424,-0.12132821671050631,English (American),marchman,D_lin
Marchman::314,-1.7550210282077319,0.026236407317314442,English (American),marchman,D_lin
Marchman::315,-0.5840029511986484,-0.09832100439277136,English (American),marchman,D_lin
Marchman::316,-2.875306100377047,-0.5659115186936227,English (American),marchman,D_lin
Marchman::317,2.409206343312897,0.20879659907672615,English (American),marchman,D_lin
Marchman::319,3.2567012361293775,0.5301262567834959,English (American),marchman,D_lin
Marchman::32,5.314609816839155,1.1284436828561673,English (American),marchman,D_lin
Marchman::320,0.3603985694769354,-0.061200657712061214,English (American),marchman,D_lin
Marchman::322,-0.9406141421967933,-0.28663551695649025,English (American),marchman,D_lin
Marchman::324,-2.5250628054136377,-0.3255880716388055,English (American),marchman,D_lin
Marchman::325,-4.47617194565573,-0.6214712159307951,English (American),marchman,D_lin
Marchman::326,-0.7372576474511295,0.09606793318664678,English (American),marchman,D_lin
Marchman::327,-0.5726110767867882,0.1157324510580735,English (American),marchman,D_lin
Marchman::328,-1.1410252473774893,-0.2763041933786015,English (American),marchman,D_lin
Marchman::329,0.36204386632960117,-0.09362661035985999,English (American),marchman,D_lin
Marchman::33,-1.0272887696631452,-0.392029723194916,English (American),marchman,D_lin
Marchman::330,-1.0503236684016064,-0.3732082870321103,English (American),marchman,D_lin
Marchman::331,-1.0787669366083257,0.03772389919829479,English (American),marchman,D_lin
Marchman::332,-0.9065824376306681,0.03736163879668335,English (American),marchman,D_lin
Marchman::334,-2.0862941235006733,-0.01781965387643525,English (American),marchman,D_lin
Marchman::335,-3.040315170942653,-0.7915548427214546,English (American),marchman,D_lin
Marchman::337,-2.259229446340616,-0.5960544420161619,English (American),marchman,D_lin
Marchman::338,-1.969523051003214,-0.06672877857857616,English (American),marchman,D_lin
Marchman::339,-0.8646600006353138,-0.14882246403802513,English (American),marchman,D_lin
Marchman::34,-2.537140574705529,-0.4028582075752263,English (American),marchman,D_lin
Marchman::340,-3.033425028064079,-0.321776244443651,English (American),marchman,D_lin
Marchman::341,-1.9985641923735349,-0.1491135640802409,English (American),marchman,D_lin
Marchman::342,-4.681274337805213,-0.24909622249225563,English (American),marchman,D_lin
Marchman::344,-3.9630337369698356,-0.3071067065998305,English (American),marchman,D_lin
Marchman::345,-1.268534167338788,-0.15783756505838117,English (American),marchman,D_lin
Marchman::346,0.1632701050428008,-0.5653483015057659,English (American),marchman,D_lin
Marchman::347,-0.49892744962864183,-0.2171262310825827,English (American),marchman,D_lin
Marchman::349,-3.9995695019817292,-0.46462841338699323,English (American),marchman,D_lin
Marchman::35,1.107890778413446,-0.14236599968562474,English (American),marchman,D_lin
Marchman::350,-1.015001149905509,0.017499562662497123,English (American),marchman,D_lin
Marchman::351,-4.2521377029050385,-0.5074403022369043,English (American),marchman,D_lin
Marchman::352,-4.115546700257971,-0.4278746391614988,English (American),marchman,D_lin
Marchman::353,-1.5746288064624923,-0.34477540583220817,English (American),marchman,D_lin
Marchman::354,-2.27931629367003,-0.271011562970858,English (American),marchman,D_lin
Marchman::355,2.831914686911763,0.3618568508742209,English (American),marchman,D_lin
Marchman::356,-1.35179589426047,0.0678470032036096,English (American),marchman,D_lin
Marchman::357,-3.1877014702420983,-0.40762516680251004,English (American),marchman,D_lin
Marchman::359,-3.056414386531459,0.04132867791893602,English (American),marchman,D_lin
Marchman::360,-1.1168451966703647,-0.4345097300170201,English (American),marchman,D_lin
Marchman::361,-1.4801412433057362,-0.397848056101634,English (American),marchman,D_lin
Marchman::362,-1.4511700331832607,-0.1722020436549498,English (American),marchman,D_lin
Marchman::363,-0.6382179667461273,-0.2033263268102247,English (American),marchman,D_lin
Marchman::364,0.4526617732710022,-0.4465307493081516,English (American),marchman,D_lin
Marchman::365,-2.1521694109304756,-0.7398282220887996,English (American),marchman,D_lin
Marchman::366,-4.683224750585118,-0.17269364125907466,English (American),marchman,D_lin
Marchman::367,-2.7019400182472273,-0.522100896474027,English (American),marchman,D_lin
Marchman::368,-2.875729984215878,-0.16790259090160117,English (American),marchman,D_lin
Marchman::369,0.8178835498489222,-0.31646089212517675,English (American),marchman,D_lin
Marchman::37,-0.013215548959453038,-0.6215407380550908,English (American),marchman,D_lin
Marchman::370,1.6561482928521953,-0.35087349152419267,English (American),marchman,D_lin
Marchman::371,-2.9359172240408147,-0.42329606291600974,English (American),marchman,D_lin
Marchman::372,-3.075239667805891,-0.8817061543236548,English (American),marchman,D_lin
Marchman::373,-2.9388939463128922,-0.05189178450334875,English (American),marchman,D_lin
Marchman::374,-4.767871113579552,-0.345063810879243,English (American),marchman,D_lin
Marchman::375,-0.9656529973628388,-0.042400776698051396,English (American),marchman,D_lin
Marchman::376,-1.0424660745561438,-0.03918913852090928,English (American),marchman,D_lin
Marchman::377,0.8800476855317965,0.15819138615581113,English (American),marchman,D_lin
Marchman::378,-2.152793126461077,-0.19183041614083898,English (American),marchman,D_lin
Marchman::38,1.4970597788195217,0.022180915203662055,English (American),marchman,D_lin
Marchman::380,-2.734471980394407,-0.7051396334420952,English (American),marchman,D_lin
Marchman::381,1.2311825056331818,-0.01246265429828046,English (American),marchman,D_lin
Marchman::382,1.5095601355962802,0.06463104812242804,English (American),marchman,D_lin
Marchman::383,-0.876123356670122,-0.5225906332874715,English (American),marchman,D_lin
Marchman::384,-3.44276899188267,-0.19731360210038595,English (American),marchman,D_lin
Marchman::385,-2.9110142003950146,-0.4655292303534142,English (American),marchman,D_lin
Marchman::386,2.2313610424315424,1.3285313290676368,English (American),marchman,D_lin
Marchman::387,-3.1174473376305043,-0.7160920332130575,English (American),marchman,D_lin
Marchman::388,-2.7173878190266882,0.010700165999611627,English (American),marchman,D_lin
Marchman::389,-2.467036714021326,-0.3924075598208369,English (American),marchman,D_lin
Marchman::39,1.7100708395222515,-0.31572753418931754,English (American),marchman,D_lin
Marchman::391,-2.210681343197537,-0.5264750781896572,English (American),marchman,D_lin
Marchman::392,-1.551310005589478,-0.03845714032862298,English (American),marchman,D_lin
Marchman::393,-2.468710322360376,-0.36676299349332847,English (American),marchman,D_lin
Marchman::394,-0.025189775197866165,-0.02132994400932001,English (American),marchman,D_lin
Marchman::395,-1.0839771296132896,-0.039756982720581986,English (American),marchman,D_lin
Marchman::396,2.42943181636564,0.40787882575785495,English (American),marchman,D_lin
Marchman::397,-4.001665415992647,-0.23350054438367399,English (American),marchman,D_lin
Marchman::399,-4.218961242401389,-0.6818375164881478,English (American),marchman,D_lin
Marchman::4,2.487022505186926,0.3965019361037503,English (American),marchman,D_lin
Marchman::40,3.014413548445787,0.2157221128259901,English (American),marchman,D_lin
Marchman::400,-3.9058197935583934,-0.6739747090303447,English (American),marchman,D_lin
Marchman::401,-1.6587072740607807,-0.23852431877693428,English (American),marchman,D_lin
Marchman::402,4.288780991940258,0.7101082892415189,English (American),marchman,D_lin
Marchman::404,-2.480063315455323,-0.801837382965149,English (American),marchman,D_lin
Marchman::405,-0.5975994164057785,-0.17874313817400758,English (American),marchman,D_lin
Marchman::406,1.0000695658336891,0.23505575510263826,English (American),marchman,D_lin
Marchman::407,-0.31130855809816643,-0.07679651975693255,English (American),marchman,D_lin
Marchman::409,-1.2156079035019018,-0.5019181346011711,English (American),marchman,D_lin
Marchman::41,3.4374375566928035,0.1926399186503579,English (American),marchman,D_lin
Marchman::411,0.25534238123461456,0.06879126089672619,English (American),marchman,D_lin
Marchman::412,-2.5732257770068747,-0.40878804749301234,English (American),marchman,D_lin
Marchman::413,-2.634851286340411,-0.13138444995633394,English (American),marchman,D_lin
Marchman::414,-3.549100488473333,-0.5254496128513629,English (American),marchman,D_lin
Marchman::415,-0.6553015690207667,0.05468693192693449,English (American),marchman,D_lin
Marchman::417,-2.353628516789668,-0.1347002513865833,English (American),marchman,D_lin
Marchman::418,-0.40184655625514837,0.4306963983608519,English (American),marchman,D_lin
Marchman::419,-2.2058311298128195,-0.3090660276674939,English (American),marchman,D_lin
Marchman::42,-2.217964263973104,-0.19788165553335474,English (American),marchman,D_lin
Marchman::420,-2.948398845437292,-0.4470155170495478,English (American),marchman,D_lin
Marchman::421,-1.603040219618515,-0.1467241657509015,English (American),marchman,D_lin
Marchman::422,-0.16997954053908484,0.13386441384756698,English (American),marchman,D_lin
Marchman::423,-2.4651969868727086,-0.4683374477823534,English (American),marchman,D_lin
Marchman::424,-0.641686407965166,-0.335387583643391,English (American),marchman,D_lin
Marchman::427,-4.735652114903692,-0.5636064320783991,English (American),marchman,D_lin
Marchman::428,-0.7488975798891264,-0.18395372421538994,English (American),marchman,D_lin
Marchman::429,-2.646353001765689,-0.27655277284063445,English (American),marchman,D_lin
Marchman::43,-0.9486747850726044,-0.3249652515400774,English (American),marchman,D_lin
Marchman::430,-2.26326746113164,-0.39094086915897514,English (American),marchman,D_lin
Marchman::431,5.396748256427384,1.2894505827500575,English (American),marchman,D_lin
Marchman::432,-1.7886469683345654,-0.3793675205306618,English (American),marchman,D_lin
Marchman::433,-3.806268916714165,-0.15173989760921938,English (American),marchman,D_lin
Marchman::434,-1.0662661876557609,0.34350711936475076,English (American),marchman,D_lin
Marchman::435,-0.3877074225353407,0.11530453596268736,English (American),marchman,D_lin
Marchman::436,-1.9349503983060348,-0.06112053778478231,English (American),marchman,D_lin
Marchman::437,1.4591369845691646,0.030803819512152136,English (American),marchman,D_lin
Marchman::438,-0.7117235809033917,-0.17594972172962803,English (American),marchman,D_lin
Marchman::439,0.01433408177446245,0.2537898489197326,English (American),marchman,D_lin
Marchman::44,-1.4589016983870187,-0.7062845940194281,English (American),marchman,D_lin
Marchman::440,-0.7285794406847556,-0.12367915046481623,English (American),marchman,D_lin
Marchman::441,-2.185870004684908,-0.002389574571466685,English (American),marchman,D_lin
Marchman::443,-0.7751541044951028,-0.10621895410524773,English (American),marchman,D_lin
Marchman::444,-0.11845058922524695,0.30426091072148503,English (American),marchman,D_lin
Marchman::446,-2.366631812696291,-0.4688575647674428,English (American),marchman,D_lin
Marchman::447,-5.006222177159576,-0.6265658045071141,English (American),marchman,D_lin
Marchman::448,-2.5267819135173633,-0.6944324203443003,English (American),marchman,D_lin
Marchman::449,-2.6239017560557563,-0.3158621796060623,English (American),marchman,D_lin
Marchman::45,0.13110939087945786,-0.0841370882814315,English (American),marchman,D_lin
Marchman::450,2.1140093022546593,-0.3500602291738599,English (American),marchman,D_lin
Marchman::451,-2.652590766111734,-0.054188982639436,English (American),marchman,D_lin
Marchman::452,-2.9746630585806706,-0.4834942024961755,English (American),marchman,D_lin
Marchman::453,-0.7414833152937724,-0.11077314587727025,English (American),marchman,D_lin
Marchman::454,-1.0024121530146775,-0.49057363500445694,English (American),marchman,D_lin
Marchman::455,3.785698554423184,1.1520244963881088,English (American),marchman,D_lin
Marchman::456,0.17336041169522418,-0.09967217966892941,English (American),marchman,D_lin
Marchman::457,-3.225135222553742,-0.4342227865102477,English (American),marchman,D_lin
Marchman::458,-1.1810211745590087,-0.24693610823494402,English (American),marchman,D_lin
Marchman::46,-2.1257750500681145,-0.4727191244161604,English (American),marchman,D_lin
Marchman::460,-1.143184048464099,-0.12501605405489713,English (American),marchman,D_lin
Marchman::461,-0.42386529764950925,-0.13424361318549236,English (American),marchman,D_lin
Marchman::462,-3.169558348237741,-0.33697637047488194,English (American),marchman,D_lin
Marchman::463,15.479282961394647,2.528974179308168,English (American),marchman,D_lin
Marchman::464,-0.9928721729262108,-0.02013381387805742,English (American),marchman,D_lin
Marchman::465,-0.5796332850327103,0.25515922065318697,English (American),marchman,D_lin
Marchman::466,-0.3272254935889494,-0.14699695293344997,English (American),marchman,D_lin
Marchman::467,-0.03375173446680406,-0.0295553003161661,English (American),marchman,D_lin
Marchman::468,-1.962194498737317,-0.05546806554905044,English (American),marchman,D_lin
Marchman::469,-1.9467502146773787,-0.2939914476085057,English (American),marchman,D_lin
Marchman::47,-0.9252556807295063,-0.16301490944983194,English (American),marchman,D_lin
Marchman::470,-1.086172362876385,0.06755058919090277,English (American),marchman,D_lin
Marchman::471,-2.896177380293518,-0.10618959948170914,English (American),marchman,D_lin
Marchman::472,-1.0625899224747604,0.2942839381088743,English (American),marchman,D_lin
Marchman::473,-2.4273185769840153,-0.5120059350390913,English (American),marchman,D_lin
Marchman::474,3.630965662848175,1.0874159143476108,English (American),marchman,D_lin
Marchman::475,1.0998823125270512,0.22038439477770305,English (American),marchman,D_lin
Marchman::477,-0.5381987579509974,0.16169462690190406,English (American),marchman,D_lin
Marchman::478,-0.046148862347645495,-0.006934897060821151,English (American),marchman,D_lin
Marchman::479,-3.314558742562492,-0.13936020010838063,English (American),marchman,D_lin
Marchman::48,-0.8388167100902909,0.0795013396198664,English (American),marchman,D_lin
Marchman::480,-1.3285105812921305,0.07413894945627351,English (American),marchman,D_lin
Marchman::481,-2.59732107864185,-0.056580029496853756,English (American),marchman,D_lin
Marchman::482,2.21062545988983,-0.07526860861717835,English (American),marchman,D_lin
Marchman::483,-2.1613767443985505,-0.1025271020568162,English (American),marchman,D_lin
Marchman::484,-3.068901842162442,-0.3539858897359106,English (American),marchman,D_lin
Marchman::485,1.461815494258799,0.18261385496356725,English (American),marchman,D_lin
Marchman::486,-1.1174526754042664,-0.4750488205266932,English (American),marchman,D_lin
Marchman::487,3.436557323555856,0.30009902795100535,English (American),marchman,D_lin
Marchman::488,-2.354672478012063,-0.2296529517360681,English (American),marchman,D_lin
Marchman::489,-3.332822382693624,-0.10103514977354666,English (American),marchman,D_lin
Marchman::49,0.6943422064635055,-0.4016268908523235,English (American),marchman,D_lin
Marchman::490,0.27322089592680393,0.2680393788638311,English (American),marchman,D_lin
Marchman::491,-0.31964476783253637,-0.10606990700977609,English (American),marchman,D_lin
Marchman::492,0.750043271245531,-0.13760587050017667,English (American),marchman,D_lin
Marchman::493,1.5919797881431577,0.26919888041855045,English (American),marchman,D_lin
Marchman::494,-0.27664454859741777,-0.18124958677206782,English (American),marchman,D_lin
Marchman::495,0.2873856570461812,0.005240736466154996,English (American),marchman,D_lin
Marchman::496,-1.2928562419388243,-0.2463755161935306,English (American),marchman,D_lin
Marchman::497,-1.957079918350727,-0.5674929782095631,English (American),marchman,D_lin
Marchman::498,1.0975340425901274,-0.41019157175938636,English (American),marchman,D_lin
Marchman::499,0.8012702885586559,-0.5403081263537719,English (American),marchman,D_lin
Marchman::5,2.177771357099288,0.20651030601586343,English (American),marchman,D_lin
Marchman::50,-0.0295326041483378,0.20228526479781103,English (American),marchman,D_lin
Marchman::500,0.5195830334607237,0.11297705282743194,English (American),marchman,D_lin
Marchman::501,-0.45349103276784447,0.12272745277844022,English (American),marchman,D_lin
Marchman::502,-1.0863278670025172,-0.3473044043426493,English (American),marchman,D_lin
Marchman::503,-2.0888074282199343,2.955021165503835e-4,English (American),marchman,D_lin
Marchman::504,-4.503046858764445,-0.3085159656688107,English (American),marchman,D_lin
Marchman::505,-2.2029452435115577,-0.06752636125974767,English (American),marchman,D_lin
Marchman::507,-0.2966065154882593,0.234326482998398,English (American),marchman,D_lin
Marchman::508,1.2182346611370123,0.2407197838129018,English (American),marchman,D_lin
Marchman::509,-1.2077891806750556,-0.21701533093341574,English (American),marchman,D_lin
Marchman::51,-3.140141075222667,-0.35284313023292924,English (American),marchman,D_lin
Marchman::510,1.4887468473556857,0.6494567186769689,English (American),marchman,D_lin
Marchman::511,1.9170415510533527,0.2371111242665081,English (American),marchman,D_lin
Marchman::512,-0.28006768399850374,0.49111078125103996,English (American),marchman,D_lin
Marchman::513,-1.5459991678208167,-0.05015587622596243,English (American),marchman,D_lin
Marchman::514,1.9378424157558607,0.2849823275761697,English (American),marchman,D_lin
Marchman::515,-0.7106311423980847,-0.1609104786136521,English (American),marchman,D_lin
Marchman::517,-2.0588265908647383,0.010063970934665323,English (American),marchman,D_lin
Marchman::518,0.5731392360292134,-0.12066214712790332,English (American),marchman,D_lin
Marchman::519,3.3544680989728075,0.482739868421165,English (American),marchman,D_lin
Marchman::52,-3.4669217561691026,-0.49692909901324267,English (American),marchman,D_lin
Marchman::520,-0.5800121966097225,0.03245969530545624,English (American),marchman,D_lin
Marchman::521,-0.12421948471405049,-0.3877983705222951,English (American),marchman,D_lin
Marchman::522,-0.34308170834326135,0.7316039329996572,English (American),marchman,D_lin
Marchman::523,-0.8627941057540373,-0.13152073653277516,English (American),marchman,D_lin
Marchman::524,5.5803982082451205,0.5987324354545134,English (American),marchman,D_lin
Marchman::525,1.6942501481581398,0.20275334563407044,English (American),marchman,D_lin
Marchman::526,-3.0187381676323466,-0.13903921069022068,English (American),marchman,D_lin
Marchman::527,-1.199961641513957,-0.18849689068265585,English (American),marchman,D_lin
Marchman::528,-1.2320064387314473,0.05043079720150073,English (American),marchman,D_lin
Marchman::529,0.8363435112803074,-0.16461857408575697,English (American),marchman,D_lin
Marchman::53,-0.4384524462826435,-0.11995175196289444,English (American),marchman,D_lin
Marchman::530,-0.2902050378002057,-0.2862976355474631,English (American),marchman,D_lin
Marchman::531,0.6695002649979195,0.12344141083449969,English (American),marchman,D_lin
Marchman::532,-0.7822067297670469,-0.0735741356507095,English (American),marchman,D_lin
Marchman::533,-1.2627424619068888,-0.3380448083012984,English (American),marchman,D_lin
Marchman::534,0.01777986894249427,-0.013290909057759061,English (American),marchman,D_lin
Marchman::535,-2.289572275662764,-0.38493069988066564,English (American),marchman,D_lin
Marchman::536,2.838329962147431,-0.4139386300399047,English (American),marchman,D_lin
Marchman::537,-3.6146177536193824,-0.1816946317626691,English (American),marchman,D_lin
Marchman::538,-1.9678400392643638,-0.03974771372936288,English (American),marchman,D_lin
Marchman::539,1.170969176216458,-0.23881307413385924,English (American),marchman,D_lin
Marchman::54,1.067791144817845,-0.016359025734214383,English (American),marchman,D_lin
Marchman::540,0.9795425279806225,0.027448333746355837,English (American),marchman,D_lin
Marchman::541,-0.30332647099981325,-0.48736113153244065,English (American),marchman,D_lin
Marchman::542,-1.804528750916791,0.03640333132335363,English (American),marchman,D_lin
Marchman::543,-2.637247920131559,-0.13599154754072895,English (American),marchman,D_lin
Marchman::545,1.735590332021163,0.35484037523163275,English (American),marchman,D_lin
Marchman::546,1.6712690867412,0.055437444061902624,English (American),marchman,D_lin
Marchman::547,-2.086417469109575,0.1688762368739776,English (American),marchman,D_lin
Marchman::548,4.635961665026141,-0.10585725072523983,English (American),marchman,D_lin
Marchman::549,-0.9307803898944346,-0.4014908111672537,English (American),marchman,D_lin
Marchman::55,-0.43861155539061675,0.04796375643591368,English (American),marchman,D_lin
Marchman::550,-1.3831076150923984,-0.2334239279351872,English (American),marchman,D_lin
Marchman::551,-0.4566463649227255,-0.05469125694596649,English (American),marchman,D_lin
Marchman::552,-0.8495038919712975,-0.18440339181994272,English (American),marchman,D_lin
Marchman::553,-0.22952974638355148,-0.353867501911601,English (American),marchman,D_lin
Marchman::554,4.021720029301605,1.4637709934564318,English (American),marchman,D_lin
Marchman::555,2.5709214076248847,0.5077129563125543,English (American),marchman,D_lin
Marchman::556,0.2802258661034743,-0.12030177732721023,English (American),marchman,D_lin
Marchman::557,-2.5686874636446753,-0.06305188172973361,English (American),marchman,D_lin
Marchman::558,-1.5325759031125452,0.04757320559901977,English (American),marchman,D_lin
Marchman::559,-2.0440699391707424,-0.11296489669698181,English (American),marchman,D_lin
Marchman::56,-1.3086396544913628,-0.3772549229310929,English (American),marchman,D_lin
Marchman::560,-0.5784389682542577,0.01546033093644765,English (American),marchman,D_lin
Marchman::561,-1.0289751781456642,-0.44230824577527506,English (American),marchman,D_lin
Marchman::562,3.0965077861988646,1.7853020393893773,English (American),marchman,D_lin
Marchman::563,-0.2099134814574204,0.11065930106962149,English (American),marchman,D_lin
Marchman::564,-1.9750119332802698,-0.20461121297350957,English (American),marchman,D_lin
Marchman::565,-1.2500922327931494,-0.3564250856826953,English (American),marchman,D_lin
Marchman::566,4.302572653258747,1.087971930589604,English (American),marchman,D_lin
Marchman::568,-0.7943333457810288,-0.15692563908311752,English (American),marchman,D_lin
Marchman::569,0.7986799906405404,-0.611165774553639,English (American),marchman,D_lin
Marchman::57,-2.2853969599034283,-0.5109643813629154,English (American),marchman,D_lin
Marchman::570,-0.30917666272733146,-0.17896160882737375,English (American),marchman,D_lin
Marchman::571,-2.040796349098603,0.12026659089320307,English (American),marchman,D_lin
Marchman::572,-2.518633718983004,-0.15717027624663082,English (American),marchman,D_lin
Marchman::573,-0.03779834043892223,0.1636078894806799,English (American),marchman,D_lin
Marchman::574,-1.6224218610894483,-0.27197053051548425,English (American),marchman,D_lin
Marchman::575,0.39921543110149227,-0.5076791799934954,English (American),marchman,D_lin
Marchman::576,-1.138901946173774,-0.415689511967466,English (American),marchman,D_lin
Marchman::577,-1.7994408468770693,-0.29282578559525807,English (American),marchman,D_lin
Marchman::578,-0.4261116261041865,0.11206973347167479,English (American),marchman,D_lin
Marchman::579,-3.0436756909662903,0.0014550923651242553,English (American),marchman,D_lin
Marchman::58,-2.693798321823166,-0.5389582365771494,English (American),marchman,D_lin
Marchman::580,-0.9784460402261224,-0.08692048560114413,English (American),marchman,D_lin
Marchman::581,0.9076798287595808,0.051217255658701,English (American),marchman,D_lin
Marchman::582,4.006949933670358,0.04643067530344047,English (American),marchman,D_lin
Marchman::583,0.6987384666238661,0.25991932116963723,English (American),marchman,D_lin
Marchman::584,0.27659989166502436,-0.11442090755475468,English (American),marchman,D_lin
Marchman::585,-0.12758079636622816,-0.46542089265440445,English (American),marchman,D_lin
Marchman::586,0.6150000935970478,-0.05996864029856149,English (American),marchman,D_lin
Marchman::587,1.225523096297062,-0.07114785562475613,English (American),marchman,D_lin
Marchman::588,-1.8777954940381782,-0.1541468732787222,English (American),marchman,D_lin
Marchman::589,-1.9818492280431284,0.10682987476719333,English (American),marchman,D_lin
Marchman::59,-2.1179986913714832,-0.5117434737485531,English (American),marchman,D_lin
Marchman::590,-1.4141169139593754,-0.41733331854841804,English (American),marchman,D_lin
Marchman::591,-2.533007198204022,-0.1480925964951218,English (American),marchman,D_lin
Marchman::592,-3.519058216437221,-0.22839587290049868,English (American),marchman,D_lin
Marchman::593,-2.019255115697479,0.00418860201130869,English (American),marchman,D_lin
Marchman::594,0.8839450878118946,-0.13608708271954412,English (American),marchman,D_lin
Marchman::595,-2.647721392225017,-0.15318686020304492,English (American),marchman,D_lin
Marchman::596,-0.7672380130821974,0.20416726906400168,English (American),marchman,D_lin
Marchman::597,1.6064496394793377,0.15405131132109376,English (American),marchman,D_lin
Marchman::598,-1.810155214333372,-0.010864374496042911,English (American),marchman,D_lin
Marchman::599,0.584250432152325,-0.10302880146788282,English (American),marchman,D_lin
Marchman::6,3.243285231004375,0.04085996089211255,English (American),marchman,D_lin
Marchman::60,-3.5645612333765055,-0.37113313041563,English (American),marchman,D_lin
Marchman::600,2.1633572558083087,-0.38820117490947625,English (American),marchman,D_lin
Marchman::601,1.0710974529334225,0.3139555733272309,English (American),marchman,D_lin
Marchman::602,-0.3398421723097475,0.04687296797423162,English (American),marchman,D_lin
Marchman::603,1.334114127833629,-0.08145579705640396,English (American),marchman,D_lin
Marchman::604,-2.4628039057221454,-0.13588931935393614,English (American),marchman,D_lin
Marchman::605,0.10933203845374488,-0.1775857658252179,English (American),marchman,D_lin
Marchman::606,0.5789600248109809,-0.13312458667018945,English (American),marchman,D_lin
Marchman::607,-2.3599016889630047,-0.18669532730455607,English (American),marchman,D_lin
Marchman::608,0.5153054388953041,0.21340012588084728,English (American),marchman,D_lin
Marchman::609,0.059876584381883334,-0.2253080716682777,English (American),marchman,D_lin
Marchman::61,-1.3404997891649448,-0.30729436584770475,English (American),marchman,D_lin
Marchman::610,-0.3145552229291922,-0.04554384544745897,English (American),marchman,D_lin
Marchman::611,0.8979129186813544,0.18737297310022,English (American),marchman,D_lin
Marchman::612,1.9550270913282408,-0.3817485934266077,English (American),marchman,D_lin
Marchman::613,0.07562999684277044,0.08470802330110512,English (American),marchman,D_lin
Marchman::614,0.5702167285107235,-0.17077060699020946,English (American),marchman,D_lin
Marchman::615,0.10937320073903967,-0.45927711312380637,English (American),marchman,D_lin
Marchman::616,-0.1319420200996557,-0.18292771265903,English (American),marchman,D_lin
Marchman::617,-2.4014462706689295,-0.2766827372963783,English (American),marchman,D_lin
Marchman::618,0.7162101066836546,-0.4447450183846691,English (American),marchman,D_lin
Marchman::619,-1.9731945010122474,-0.04148424952627591,English (American),marchman,D_lin
Marchman::62,-2.7974822078859667,-0.5200646209310935,English (American),marchman,D_lin
Marchman::620,-0.3517518543598746,0.102620298557758,English (American),marchman,D_lin
Marchman::621,0.5939159565145986,-0.10133109463154522,English (American),marchman,D_lin
Marchman::622,0.5668945271867907,0.2643693168966549,English (American),marchman,D_lin
Marchman::623,-6.011055731497286,-0.4582406053812603,English (American),marchman,D_lin
Marchman::624,-3.1592229166918817,-0.22934933405157013,English (American),marchman,D_lin
Marchman::625,-0.30943182633048183,-0.17829181318900708,English (American),marchman,D_lin
Marchman::626,0.7697748940313254,0.4245379659594175,English (American),marchman,D_lin
Marchman::628,-0.5803106274267923,0.19476095169451627,English (American),marchman,D_lin
Marchman::629,0.6906551877967959,-0.21956368479052057,English (American),marchman,D_lin
Marchman::63,5.7006163613396,0.9781066551092574,English (American),marchman,D_lin
Marchman::630,-0.06102921169616976,0.2611986992110068,English (American),marchman,D_lin
Marchman::631,-0.9180077013316534,0.12909364843431392,English (American),marchman,D_lin
Marchman::632,-0.17307157200241022,-0.1662151152952434,English (American),marchman,D_lin
Marchman::633,-0.7776359827185811,0.2982944098502411,English (American),marchman,D_lin
Marchman::634,0.3256452385357292,0.17913786349454797,English (American),marchman,D_lin
Marchman::636,-0.0832135306720754,-0.09763454040944981,English (American),marchman,D_lin
Marchman::637,2.50629959280854,0.5141096087251826,English (American),marchman,D_lin
Marchman::638,0.1493645582420305,-0.1792551256944465,English (American),marchman,D_lin
Marchman::639,-1.6614888324744301,0.02597131464127772,English (American),marchman,D_lin
Marchman::64,2.409280211963875,0.2644178026197653,English (American),marchman,D_lin
Marchman::640,-0.9507860935694212,0.014401857750166433,English (American),marchman,D_lin
Marchman::641,1.494024947638169,-0.43300629243198585,English (American),marchman,D_lin
Marchman::642,-0.48872820798597244,0.08311001623994141,English (American),marchman,D_lin
Marchman::643,1.3018893644541591,-0.209512579830196,English (American),marchman,D_lin
Marchman::644,3.371076655202956,0.30841215370265124,English (American),marchman,D_lin
Marchman::645,2.825644071178096,-0.03240001132387085,English (American),marchman,D_lin
Marchman::646,0.06726893399305466,0.08548204576609923,English (American),marchman,D_lin
Marchman::647,-3.203401063830388,-0.11461421353389734,English (American),marchman,D_lin
Marchman::648,-0.501274338292657,-0.4118985680808146,English (American),marchman,D_lin
Marchman::649,-3.20520193079427,-0.23820119464340467,English (American),marchman,D_lin
Marchman::65,-1.771684769860768,-0.02413544678325051,English (American),marchman,D_lin
Marchman::650,-2.3944461950287104,-0.31311621823747304,English (American),marchman,D_lin
Marchman::651,-0.9109350042785413,0.12245253145688988,English (American),marchman,D_lin
Marchman::652,-2.861700024229443,-0.11431216494486947,English (American),marchman,D_lin
Marchman::653,-1.2140499079917915,0.10422146413288032,English (American),marchman,D_lin
Marchman::654,-0.4657718729959331,0.12724878021274413,English (American),marchman,D_lin
Marchman::655,-1.5449799144028211,-0.022382983850106203,English (American),marchman,D_lin
Marchman::656,1.0056587795091985,-0.026031648851129005,English (American),marchman,D_lin
Marchman::657,-1.1791417263154087,0.08615148528071061,English (American),marchman,D_lin
Marchman::658,-1.2035536550275001,0.8180317862827928,English (American),marchman,D_lin
Marchman::659,-1.5964751881774069,0.16507485400078376,English (American),marchman,D_lin
Marchman::66,8.465478635720727,1.2328917931702712,English (American),marchman,D_lin
Marchman::660,-0.11423935522784344,-0.1892780810370896,English (American),marchman,D_lin
Marchman::661,0.8349330452941199,0.025023329346313024,English (American),marchman,D_lin
Marchman::662,-1.3004739432740124,0.08382931927277362,English (American),marchman,D_lin
Marchman::663,-0.7252129989225709,0.09751825562478249,English (American),marchman,D_lin
Marchman::664,1.5939304205057823,-0.45374220162256773,English (American),marchman,D_lin
Marchman::665,2.53573224759679,0.32155395114171054,English (American),marchman,D_lin
Marchman::666,2.8000745499357795,0.06005246977780221,English (American),marchman,D_lin
Marchman::667,1.0904734642213239,0.11750345661298649,English (American),marchman,D_lin
Marchman::668,-0.9492373641784646,0.01917073341114507,English (American),marchman,D_lin
Marchman::669,-1.2952301602608733,0.47785359323058996,English (American),marchman,D_lin
Marchman::67,-2.261294893316255,-0.22394066534470827,English (American),marchman,D_lin
Marchman::670,-1.1858076425909183,0.053664604938646415,English (American),marchman,D_lin
Marchman::671,-0.3421445880215816,-0.0873051590730548,English (American),marchman,D_lin
Marchman::672,1.812832723173158,0.5060348506259704,English (American),marchman,D_lin
Marchman::673,3.953865823498828,0.27679083309055946,English (American),marchman,D_lin
Marchman::674,-0.24674094033828878,-0.05379724192525545,English (American),marchman,D_lin
Marchman::675,-2.2596170941414533,-0.1128370197680748,English (American),marchman,D_lin
Marchman::676,-0.5701193682285233,0.06907695425394478,English (American),marchman,D_lin
Marchman::677,3.8582710581646156,-0.33031262368731823,English (American),marchman,D_lin
Marchman::678,-0.3241271859488097,0.09412839525727305,English (American),marchman,D_lin
Marchman::679,-0.8001128086082915,0.377309231082898,English (American),marchman,D_lin
Marchman::68,-3.010196425405473,-0.8842341988878276,English (American),marchman,D_lin
Marchman::680,1.4275441845475718,0.26989737296243954,English (American),marchman,D_lin
Marchman::681,1.5550164447505794,-0.2118966886327673,English (American),marchman,D_lin
Marchman::682,0.28223548739375914,0.1147394227557085,English (American),marchman,D_lin
Marchman::683,0.8489049814861627,-0.40023401454375723,English (American),marchman,D_lin
Marchman::684,-1.7365628727491695,-0.33093154444352235,English (American),marchman,D_lin
Marchman::685,4.676155908137256,1.2754851183645752,English (American),marchman,D_lin
Marchman::686,-1.5472434322759703,0.25632118851122265,English (American),marchman,D_lin
Marchman::687,0.21457852231800253,0.16600975710632862,English (American),marchman,D_lin
Marchman::688,0.5103935626959532,-0.28510275226156034,English (American),marchman,D_lin
Marchman::689,0.8652363186897598,0.05894428928692828,English (American),marchman,D_lin
Marchman::69,2.549892153267552,0.21430072583143345,English (American),marchman,D_lin
Marchman::690,2.5091370685315413,0.4776674437801173,English (American),marchman,D_lin
Marchman::691,0.1625041834396155,-0.22115374787562414,English (American),marchman,D_lin
Marchman::692,0.10210934784246439,-0.18030218506563395,English (American),marchman,D_lin
Marchman::693,-0.8998725920124641,0.06392498938068733,English (American),marchman,D_lin
Marchman::694,-0.9441496141846426,-0.08087515714516931,English (American),marchman,D_lin
Marchman::695,-0.3861593626877896,-0.10853630331494765,English (American),marchman,D_lin
Marchman::696,2.525694888196476,-0.16677772628380486,English (American),marchman,D_lin
Marchman::697,-0.5327472532689723,-0.20174677380128822,English (American),marchman,D_lin
Marchman::698,-2.1066690538970043,-0.05524665424661579,English (American),marchman,D_lin
Marchman::699,-1.7479614045630478,-0.20647144388125013,English (American),marchman,D_lin
Marchman::7,0.8475913089022479,-0.44849256397587234,English (American),marchman,D_lin
Marchman::70,4.868958889377542,0.5062863704069474,English (American),marchman,D_lin
Marchman::700,0.6213520196685951,0.01488827625883802,English (American),marchman,D_lin
Marchman::701,-0.8896033570064021,-0.12269751945363105,English (American),marchman,D_lin
Marchman::702,-0.7170093072522474,0.21832752663150828,English (American),marchman,D_lin
Marchman::703,-0.24284218354540982,-0.07316486622577816,English (American),marchman,D_lin
Marchman::704,-1.5522125355959622,0.2634976092416607,English (American),marchman,D_lin
Marchman::705,-1.1383406407754062,-0.29457391171140657,English (American),marchman,D_lin
Marchman::706,-0.1941967093890917,0.18122380581307856,English (American),marchman,D_lin
Marchman::707,0.8879228945849675,0.20129170558554516,English (American),marchman,D_lin
Marchman::709,0.7799822903974597,0.43251712974599715,English (American),marchman,D_lin
Marchman::71,-3.1502205804416272,-1.0219617767155877,English (American),marchman,D_lin
Marchman::710,0.5789526834688514,-0.46083660951720706,English (American),marchman,D_lin
Marchman::711,-0.04734207672560591,-0.06632901670183153,English (American),marchman,D_lin
Marchman::712,1.3974498060075844,0.14193072867042905,English (American),marchman,D_lin
Marchman::713,1.5523427993827372,-0.018613990452158058,English (American),marchman,D_lin
Marchman::714,-2.3017152582393368,-0.1338239457210818,English (American),marchman,D_lin
Marchman::715,-3.028583132051224,-0.3234979559134779,English (American),marchman,D_lin
Marchman::716,0.8021353389141469,-0.2337950237943226,English (American),marchman,D_lin
Marchman::717,-1.1051506814345728,7.251830419525568e-4,English (American),marchman,D_lin
Marchman::718,-1.6042118275158843,0.0038206928370130844,English (American),marchman,D_lin
Marchman::719,1.7675760786983892,-0.2343065133720762,English (American),marchman,D_lin
Marchman::72,-1.135798323379125,-0.36715551532278345,English (American),marchman,D_lin
Marchman::720,-0.8475946765530952,-0.12712136995471457,English (American),marchman,D_lin
Marchman::721,-0.7147827433494204,-0.06609715745914212,English (American),marchman,D_lin
Marchman::722,-2.038011011220753,-0.048993242293454226,English (American),marchman,D_lin
Marchman::723,-2.4665991241062635,-0.13057270285960598,English (American),marchman,D_lin
Marchman::724,-0.3415495461395712,-0.2652108827113829,English (American),marchman,D_lin
Marchman::725,-0.8590053709655492,-0.08074642291525683,English (American),marchman,D_lin
Marchman::726,-2.156528066711211,-0.12199399662416066,English (American),marchman,D_lin
Marchman::728,-0.01779864724236414,-0.007181170395226884,English (American),marchman,D_lin
Marchman::729,1.4582144439882512,-0.22904407824233564,English (American),marchman,D_lin
Marchman::73,-2.468321154997162,-0.40192441081081665,English (American),marchman,D_lin
Marchman::730,0.29750619153357044,-0.0360505109932725,English (American),marchman,D_lin
Marchman::731,1.6917277532371267,0.04238451146976645,English (American),marchman,D_lin
Marchman::732,-2.4134640901587314,0.07044710678494884,English (American),marchman,D_lin
Marchman::733,-1.0683669366978064,0.08924707155713914,English (American),marchman,D_lin
Marchman::735,-6.191209908859565,-0.5288446961009076,English (American),marchman,D_lin
Marchman::736,-1.7882051669063748,0.027076132923099655,English (American),marchman,D_lin
Marchman::737,0.2746436097802641,0.03406186671471044,English (American),marchman,D_lin
Marchman::738,-0.4776479746661207,-0.2314094365657032,English (American),marchman,D_lin
Marchman::739,-1.5230667581686468,-0.0438023048198711,English (American),marchman,D_lin
Marchman::74,1.6456673672885047,-0.038399869194341185,English (American),marchman,D_lin
Marchman::740,1.147781407968602,-0.08936440703216234,English (American),marchman,D_lin
Marchman::742,0.2160858775898446,0.0623074080818677,English (American),marchman,D_lin
Marchman::743,-2.5904491066179096,-0.2687678548603168,English (American),marchman,D_lin
Marchman::744,0.024213295643213253,0.041227509898563,English (American),marchman,D_lin
Marchman::745,2.309410996032588,-0.02409172240513402,English (American),marchman,D_lin
Marchman::746,-0.9760403785015856,-0.1260040353402239,English (American),marchman,D_lin
Marchman::747,1.3683550128901827,-0.01393436902655558,English (American),marchman,D_lin
Marchman::748,2.8496010882594915,0.2270502556756586,English (American),marchman,D_lin
Marchman::749,-2.1929982433627537,-0.09575814288131886,English (American),marchman,D_lin
Marchman::75,-1.0207895825540312,-0.21299824505558304,English (American),marchman,D_lin
Marchman::750,0.4673912683595949,-0.027105271782469707,English (American),marchman,D_lin
Marchman::751,-1.0199829307112602,-0.09355459946907901,English (American),marchman,D_lin
Marchman::752,1.8525592866140015,0.07790655426143199,English (American),marchman,D_lin
Marchman::753,-1.5721886599426806,0.36106194024064886,English (American),marchman,D_lin
Marchman::754,0.5809179658223765,0.28843448453111586,English (American),marchman,D_lin
Marchman::755,-0.7005389950194111,0.06355783521686714,English (American),marchman,D_lin
Marchman::756,-0.06665715417010576,-0.5804087396471059,English (American),marchman,D_lin
Marchman::757,0.749679018814921,0.010161214113713353,English (American),marchman,D_lin
Marchman::758,-0.6422732190018565,0.069666018092751,English (American),marchman,D_lin
Marchman::759,-0.8890115658753164,-0.20850902628494022,English (American),marchman,D_lin
Marchman::76,0.32452476055662355,0.6022166121271615,English (American),marchman,D_lin
Marchman::760,-1.0467593953739371,-0.14242636262103653,English (American),marchman,D_lin
Marchman::761,-2.5108525173541816,-0.10674464432694508,English (American),marchman,D_lin
Marchman::762,-0.6945995580118047,-0.5343209528863346,English (American),marchman,D_lin
Marchman::763,0.5796589011186661,-0.5785420705972831,English (American),marchman,D_lin
Marchman::764,0.5097010003467035,0.22127555547814098,English (American),marchman,D_lin
Marchman::765,0.8043437763480172,-0.02064268446241961,English (American),marchman,D_lin
Marchman::767,-1.1110228971220621,-0.005063251866729249,English (American),marchman,D_lin
Marchman::768,-1.4910789642459887,0.052338124005914394,English (American),marchman,D_lin
Marchman::769,0.9575054961261463,-0.11002489398365337,English (American),marchman,D_lin
Marchman::77,-2.971626474287043,-0.1629180790148139,English (American),marchman,D_lin
Marchman::770,2.014380618093207,0.48600702179011807,English (American),marchman,D_lin
Marchman::771,1.7313176668446817,1.6465664342638735,English (American),marchman,D_lin
Marchman::772,0.5526776921011191,-0.024639094831073155,English (American),marchman,D_lin
Marchman::773,-0.45427397259191155,0.03220363099271661,English (American),marchman,D_lin
Marchman::774,-0.6579996520238481,-0.5840446503819715,English (American),marchman,D_lin
Marchman::775,0.41982195578094617,0.6142817785586203,English (American),marchman,D_lin
Marchman::776,0.8419217779780669,-0.08637842894497574,English (American),marchman,D_lin
Marchman::777,0.6467205211640331,0.20316840373898407,English (American),marchman,D_lin
Marchman::778,-1.6952180564744144,-0.004748752475609325,English (American),marchman,D_lin
Marchman::779,-1.4212639016207784,0.2539731567303915,English (American),marchman,D_lin
Marchman::780,0.2999159108516401,-0.5535508199501455,English (American),marchman,D_lin
Marchman::781,-1.1529087343987363,0.23919291523259253,English (American),marchman,D_lin
Marchman::782,0.7845684248981802,0.23476652330027836,English (American),marchman,D_lin
Marchman::783,-1.5203388411802579,-0.0282502333476813,English (American),marchman,D_lin
Marchman::784,1.0325592638915286,0.04729283581075222,English (American),marchman,D_lin
Marchman::785,1.2639688586658986,0.13613843150193344,English (American),marchman,D_lin
Marchman::786,-0.48038199789269714,0.3361231302426101,English (American),marchman,D_lin
Marchman::787,-0.9720277195801693,0.019239844409988757,English (American),marchman,D_lin
Marchman::788,-1.337962604969042,-0.27116221748307223,English (American),marchman,D_lin
Marchman::789,0.7516573062121188,-0.03323055127027027,English (American),marchman,D_lin
Marchman::79,1.3517044134657243,-0.4579680869352841,English (American),marchman,D_lin
Marchman::790,1.600660064658083,-0.27258843660999726,English (American),marchman,D_lin
Marchman::791,-1.4213766496958067,-0.4377644162312794,English (American),marchman,D_lin
Marchman::792,-1.4142315234104748,0.00787362873217988,English (American),marchman,D_lin
Marchman::793,-0.40871180854162736,0.16329842365738334,English (American),marchman,D_lin
Marchman::794,0.2671930564746034,0.2061807533920884,English (American),marchman,D_lin
Marchman::795,-0.22059548766889206,0.3042740348122423,English (American),marchman,D_lin
Marchman::796,3.2114086246319142,0.5369086842093344,English (American),marchman,D_lin
Marchman::797,1.1350143497010383,0.1529708250794964,English (American),marchman,D_lin
Marchman::798,-0.4945006664495496,0.04448433157874246,English (American),marchman,D_lin
Marchman::799,0.038348957112738155,0.14280499774919292,English (American),marchman,D_lin
Marchman::8,-0.6429005781754831,-0.138918728674285,English (American),marchman,D_lin
Marchman::80,6.259501522794859,1.9443012426150788,English (American),marchman,D_lin
Marchman::800,1.8907760678170211,-0.5639793513677115,English (American),marchman,D_lin
Marchman::801,-0.03194108561522641,0.296900912193114,English (American),marchman,D_lin
Marchman::802,1.5997057686029594,0.11866022427264045,English (American),marchman,D_lin
Marchman::803,0.9027253493234166,0.01124321869025039,English (American),marchman,D_lin
Marchman::804,-1.1829025995525924,-0.11710185662276612,English (American),marchman,D_lin
Marchman::805,0.6474294804578803,-0.31873076241080567,English (American),marchman,D_lin
Marchman::806,0.04760596615570214,-0.2621968232560386,English (American),marchman,D_lin
Marchman::807,1.8260270886585592,-0.20161507448222224,English (American),marchman,D_lin
Marchman::808,-0.5562612235979105,-0.040889584684141264,English (American),marchman,D_lin
Marchman::809,0.585454232595982,-0.14328111288335754,English (American),marchman,D_lin
Marchman::81,-1.3457092300780809,0.05063800892141722,English (American),marchman,D_lin
Marchman::810,-0.1296795781077994,-0.11923775791710262,English (American),marchman,D_lin
Marchman::811,-0.39786565419397907,0.0880330696211348,English (American),marchman,D_lin
Marchman::812,0.0575350499649595,0.14518512662378533,English (American),marchman,D_lin
Marchman::813,-2.0841051063372307,-0.22737788927218724,English (American),marchman,D_lin
Marchman::814,-3.6806355427563573,-0.26607630133370497,English (American),marchman,D_lin
Marchman::815,0.13696543040964332,-0.1492939795238898,English (American),marchman,D_lin
Marchman::816,0.09860455183008633,-0.2659276094201017,English (American),marchman,D_lin
Marchman::817,-2.548286283680544,0.2807280226871979,English (American),marchman,D_lin
Marchman::818,-0.36727314238728836,0.22907244444866473,English (American),marchman,D_lin
Marchman::819,-1.339090817363738,0.30135369523478667,English (American),marchman,D_lin
Marchman::82,-0.10329208310069596,0.5621504094549623,English (American),marchman,D_lin
Marchman::820,-0.2747907360206579,0.37839201127711747,English (American),marchman,D_lin
Marchman::821,-0.6490675199401074,-0.5921109369075723,English (American),marchman,D_lin
Marchman::822,1.4675361333803962,-0.017992449856665968,English (American),marchman,D_lin
Marchman::823,1.2832184581096358,-0.053607464314665274,English (American),marchman,D_lin
Marchman::824,-2.1908479654458177,-0.23844032230285747,English (American),marchman,D_lin
Marchman::825,0.1381587570659606,-0.039891449386371056,English (American),marchman,D_lin
Marchman::826,1.0016744455907687,0.08602099571355022,English (American),marchman,D_lin
Marchman::827,0.7841436395196905,0.028359017553433265,English (American),marchman,D_lin
Marchman::828,-2.0227386425664435,-0.11058405301299383,English (American),marchman,D_lin
Marchman::829,-2.146478836796433,-0.6752387883091422,English (American),marchman,D_lin
Marchman::83,-2.559192206300887,-0.019849620278198143,English (American),marchman,D_lin
Marchman::830,-0.8054452767089817,-0.2844779832576166,English (American),marchman,D_lin
Marchman::831,1.0114062047463732,0.5081211175090318,English (American),marchman,D_lin
Marchman::832,-1.8237180821104941,-0.07239879246659105,English (American),marchman,D_lin
Marchman::833,1.553607591754142,0.07474218931744907,English (American),marchman,D_lin
Marchman::834,-0.4776311558250926,0.004446426980257087,English (American),marchman,D_lin
Marchman::835,0.3253998040996345,0.13178244881592005,English (American),marchman,D_lin
Marchman::836,2.6582721138828274,0.2914680456778024,English (American),marchman,D_lin
Marchman::837,-0.6894253423676181,-0.16719579113857977,English (American),marchman,D_lin
Marchman::838,4.125206642388002,0.8650628343392424,English (American),marchman,D_lin
Marchman::839,-1.2991649087518315,-0.23956376755331732,English (American),marchman,D_lin
Marchman::84,-0.6324452476867438,-0.2506434311587099,English (American),marchman,D_lin
Marchman::840,-0.9103047704901356,-0.2257789723625123,English (American),marchman,D_lin
Marchman::841,2.2779856740270272,0.033521383458399806,English (American),marchman,D_lin
Marchman::842,-0.6408383144586985,0.02216543544794059,English (American),marchman,D_lin
Marchman::843,1.7016975738836495,-0.300225501057777,English (American),marchman,D_lin
Marchman::844,-0.7426351503705815,0.3983221355310054,English (American),marchman,D_lin
Marchman::845,2.3311275926526713,-0.3350294560903041,English (American),marchman,D_lin
Marchman::846,1.8589266061428726,0.11261402590574564,English (American),marchman,D_lin
Marchman::847,-1.3337862326964085,0.15180592391297082,English (American),marchman,D_lin
Marchman::848,-1.2446885153605394,0.06940722316809923,English (American),marchman,D_lin
Marchman::849,-0.2208713637013301,-0.1877328492705934,English (American),marchman,D_lin
Marchman::85,-0.6819469564426267,-0.21660394779938838,English (American),marchman,D_lin
Marchman::850,0.9829415338366766,0.4454401449065177,English (American),marchman,D_lin
Marchman::851,-1.6269939554513073,0.017669726222444837,English (American),marchman,D_lin
Marchman::852,2.0175032882877986,-0.4809423610796207,English (American),marchman,D_lin
Marchman::853,0.4595587543952049,-0.13294076320207987,English (American),marchman,D_lin
Marchman::854,-0.8759920717240278,-0.37761021152533697,English (American),marchman,D_lin
Marchman::855,4.372179930323768,-0.558026243106085,English (American),marchman,D_lin
Marchman::856,-1.9596290995244097,0.18832824603364326,English (American),marchman,D_lin
Marchman::857,0.622940685740585,-0.043241501253644524,English (American),marchman,D_lin
Marchman::858,0.7022796970193276,-0.036840320031649075,English (American),marchman,D_lin
Marchman::859,4.985260407221581,0.3709480542380995,English (American),marchman,D_lin
Marchman::86,-1.3766875343163605,0.18232138013289273,English (American),marchman,D_lin
Marchman::860,1.1915036759069615,-0.2157644907344089,English (American),marchman,D_lin
Marchman::861,3.0436263468026605,-0.4832567068519871,English (American),marchman,D_lin
Marchman::862,1.9213743523875968,0.498819676086366,English (American),marchman,D_lin
Marchman::863,1.2905048735341922,0.21567984807763763,English (American),marchman,D_lin
Marchman::864,4.24214943994632,-0.704563468340347,English (American),marchman,D_lin
Marchman::865,0.761272083508877,-0.09718252455851994,English (American),marchman,D_lin
Marchman::867,-0.6833277559026918,-0.10147693476393727,English (American),marchman,D_lin
Marchman::868,4.022795201063817,1.1891077542089075,English (American),marchman,D_lin
Marchman::869,-3.1005340380924102,-0.9797756093993182,English (American),marchman,D_lin
Marchman::87,3.1597545744352398,0.4700396264994749,English (American),marchman,D_lin
Marchman::870,1.2874701099337833,0.2908164936638682,English (American),marchman,D_lin
Marchman::871,0.11673501192382774,0.3336948203262583,English (American),marchman,D_lin
Marchman::872,0.815661287652497,0.37772211707067105,English (American),marchman,D_lin
Marchman::873,-1.6334392849100774,0.01438960394901126,English (American),marchman,D_lin
Marchman::874,-1.3016700885069523,-0.07853458142632264,English (American),marchman,D_lin
Marchman::875,2.67204075825523,-0.03163693143051277,English (American),marchman,D_lin
Marchman::876,-1.1920131836516807,-0.15826905345858228,English (American),marchman,D_lin
Marchman::877,1.0164052412547508,0.041920454933628955,English (American),marchman,D_lin
Marchman::878,0.7916414801863298,-0.1420744704931009,English (American),marchman,D_lin
Marchman::879,6.0459027308989395,0.6007308724667744,English (American),marchman,D_lin
Marchman::88,4.4438144195392955,1.0994509541332584,English (American),marchman,D_lin
Marchman::880,0.58254312188977,-0.30645023111977027,English (American),marchman,D_lin
Marchman::881,-0.9707312750350133,-0.2744033451394029,English (American),marchman,D_lin
Marchman::882,-1.4963541890625285,-0.5724181488518004,English (American),marchman,D_lin
Marchman::883,-2.437953327295503,-0.016930787082997112,English (American),marchman,D_lin
Marchman::884,3.181466460651415,-0.23455373677021052,English (American),marchman,D_lin
Marchman::885,-1.5677731802239303,-0.41142228288644267,English (American),marchman,D_lin
Marchman::886,8.485737788284823,0.7706379753566034,English (American),marchman,D_lin
Marchman::887,0.06473130700772628,-0.2635365009855626,English (American),marchman,D_lin
Marchman::888,1.7910408414279677,-0.15083312709798924,English (American),marchman,D_lin
Marchman::889,0.4115074586336982,-0.06615710346875103,English (American),marchman,D_lin
Marchman::89,0.40642092668373914,0.1969479495368354,English (American),marchman,D_lin
Marchman::890,0.5612758976296849,-0.05055968639491256,English (American),marchman,D_lin
Marchman::891,1.3567442673402537,-0.20931486201551172,English (American),marchman,D_lin
Marchman::892,-0.16420918228840228,-0.026152917400740106,English (American),marchman,D_lin
Marchman::893,3.6662433259206004,0.8206229433099476,English (American),marchman,D_lin
Marchman::894,1.1178500763953878,0.2048341205707799,English (American),marchman,D_lin
Marchman::895,-0.459211268888393,-0.03682536706109217,English (American),marchman,D_lin
Marchman::896,-2.98936206976115,-0.09078728428956401,English (American),marchman,D_lin
Marchman::897,-0.5791953977897832,0.10468315691782329,English (American),marchman,D_lin
Marchman::898,1.4742446676716112,0.40827062680711396,English (American),marchman,D_lin
Marchman::899,-0.1478435847983914,0.1345935051512586,English (American),marchman,D_lin
Marchman::9,-3.4623921124944657,-0.4232329947586364,English (American),marchman,D_lin
Marchman::90,2.8231055315385376,0.4838700573815135,English (American),marchman,D_lin
Marchman::900,0.12989679024088352,-0.02161763414085477,English (American),marchman,D_lin
Marchman::901,0.8447323926282361,-0.0974625394888797,English (American),marchman,D_lin
Marchman::902,0.039471965034678716,-0.012369763028070748,English (American),marchman,D_lin
Marchman::903,12.85492659619881,1.652334681196549,English (American),marchman,D_lin
Marchman::904,4.459170445126906,1.128041604128318,English (American),marchman,D_lin
Marchman::905,4.484478860867623,0.3986930569103875,English (American),marchman,D_lin
Marchman::907,-0.4504938730237317,-0.2661070868007264,English (American),marchman,D_lin
Marchman::908,1.4915905245862933,-0.02974423264321452,English (American),marchman,D_lin
Marchman::909,0.19419338145256013,-0.026035895830064517,English (American),marchman,D_lin
Marchman::91,-1.3043171556481132,-0.06724537476786216,English (American),marchman,D_lin
Marchman::910,-0.4824974798901012,0.34684707590028246,English (American),marchman,D_lin
Marchman::911,1.3207434160115428,0.04788955385637606,English (American),marchman,D_lin
Marchman::912,1.810237833534251,-0.12732233522803896,English (American),marchman,D_lin
Marchman::913,-1.1764765212694808,-0.0076298720052283275,English (American),marchman,D_lin
Marchman::914,-0.8764269212007313,0.052206451594366945,English (American),marchman,D_lin
Marchman::915,5.692463434928088,2.2297707270019744,English (American),marchman,D_lin
Marchman::916,-0.8171640674546325,0.03367537475449943,English (American),marchman,D_lin
Marchman::917,0.8871660206739944,0.07894474272418571,English (American),marchman,D_lin
Marchman::918,-0.6216312822081073,-0.11253171595199638,English (American),marchman,D_lin
Marchman::919,-0.7025950509019903,0.060952488038710444,English (American),marchman,D_lin
Marchman::92,1.4579721875795633,0.11400934748629016,English (American),marchman,D_lin
Marchman::920,2.534339407160487,0.05115691346094928,English (American),marchman,D_lin
Marchman::921,-0.1167259638993262,-0.3032259689447889,English (American),marchman,D_lin
Marchman::922,1.807029310602171,-0.14811591246766215,English (American),marchman,D_lin
Marchman::923,1.5910509846708603,-0.029145987130201917,English (American),marchman,D_lin
Marchman::924,1.3192579677135017,-0.06665627787122565,English (American),marchman,D_lin
Marchman::925,-0.4889531873191028,0.039415169205549286,English (American),marchman,D_lin
Marchman::926,-2.3528263063983936,0.06620833287136871,English (American),marchman,D_lin
Marchman::927,0.1904684133195148,-0.013527820400892813,English (American),marchman,D_lin
Marchman::928,-1.6335731392438526,-0.08347214652319038,English (American),marchman,D_lin
Marchman::929,-2.3310902019613646,-0.29687751036282695,English (American),marchman,D_lin
Marchman::93,-1.8472554721340448,0.007619446258768758,English (American),marchman,D_lin
Marchman::930,-1.0423080560860363,-0.026738324240141727,English (American),marchman,D_lin
Marchman::931,-0.984578776096059,0.05395307698114696,English (American),marchman,D_lin
Marchman::932,-1.074893540212493,0.05084912390942409,English (American),marchman,D_lin
Marchman::933,0.9572598811080585,-0.16890300982661383,English (American),marchman,D_lin
Marchman::934,1.275832714920167,-0.2604547587176368,English (American),marchman,D_lin
Marchman::935,0.5984337538105946,-0.16969609868080884,English (American),marchman,D_lin
Marchman::936,1.3748244705349817,-0.1059815363377683,English (American),marchman,D_lin
Marchman::937,5.367577337491003,1.2454165461407813,English (American),marchman,D_lin
Marchman::938,0.9356916398546578,0.037648090410766305,English (American),marchman,D_lin
Marchman::939,0.23413333441595655,0.20199714357527054,English (American),marchman,D_lin
Marchman::94,-1.7494566404032428,-0.3423867807902353,English (American),marchman,D_lin
Marchman::940,-1.8268886065884236,2.4853786618705964e-4,English (American),marchman,D_lin
Marchman::941,-1.2035140640346567,-0.4516170787275911,English (American),marchman,D_lin
Marchman::942,-0.7441510777567313,0.1226535597064372,English (American),marchman,D_lin
Marchman::943,-0.055019726943888354,-0.12800677423847878,English (American),marchman,D_lin
Marchman::944,-1.6609369088635306,-0.007113142086755203,English (American),marchman,D_lin
Marchman::945,-1.4222197011078974,0.027233379737757038,English (American),marchman,D_lin
Marchman::946,-0.5333069781316206,-0.09527955167453903,English (American),marchman,D_lin
Marchman::947,0.10070377680603909,0.11756406376133607,English (American),marchman,D_lin
Marchman::948,-0.07878187750439884,-0.0033960422348978778,English (American),marchman,D_lin
Marchman::949,-1.7231074131901778,-0.298538551103258,English (American),marchman,D_lin
Marchman::95,-3.273688239940983,-0.6332047309311839,English (American),marchman,D_lin
Marchman::950,-0.9476161382036432,-0.3789883532877888,English (American),marchman,D_lin
Marchman::951,2.8231447229242397,0.3637524726002789,English (American),marchman,D_lin
Marchman::952,1.1763744418023765,-0.10107283612446682,English (American),marchman,D_lin
Marchman::953,-1.0347713580873532,-0.27628754246565984,English (American),marchman,D_lin
Marchman::954,1.033548478827744,0.18624897425467365,English (American),marchman,D_lin
Marchman::955,-0.7896561023905161,0.1464837615019513,English (American),marchman,D_lin
Marchman::956,-1.409404632443646,0.013600352132988741,English (American),marchman,D_lin
Marchman::957,-0.1452498722549153,0.03785059423001588,English (American),marchman,D_lin
Marchman::958,-1.6333159508179242,-0.12855017619034897,English (American),marchman,D_lin
Marchman::959,-1.2162143499106752,-0.049861259541033376,English (American),marchman,D_lin
Marchman::96,5.156815357451598,1.5968328546917676,English (American),marchman,D_lin
Marchman::960,2.5370357025918264,0.249598837163987,English (American),marchman,D_lin
Marchman::961,-0.3840943899903201,0.08842947348318447,English (American),marchman,D_lin
Marchman::962,-0.5531016758003152,0.09320249122516097,English (American),marchman,D_lin
Marchman::963,0.9706714313269352,-0.11138089377049232,English (American),marchman,D_lin
Marchman::964,-0.7940827265964602,0.04958584892330169,English (American),marchman,D_lin
Marchman::965,-1.1915783831869051,0.27048302186509016,English (American),marchman,D_lin
Marchman::966,-0.6823453497552282,-0.2258496909305613,English (American),marchman,D_lin
Marchman::967,-0.2185094569957615,-0.07591829393237406,English (American),marchman,D_lin
Marchman::968,-0.9567818147512825,0.2811603780047386,English (American),marchman,D_lin
Marchman::969,0.9317917513316206,0.21672043745194158,English (American),marchman,D_lin
Marchman::97,1.6567080029212593,0.07756360485489813,English (American),marchman,D_lin
Marchman::970,1.1515362996711038,-0.1432081852487681,English (American),marchman,D_lin
Marchman::972,-1.662177167824676,-0.21537289040923047,English (American),marchman,D_lin
Marchman::973,0.08837879761895266,0.10207531072772154,English (American),marchman,D_lin
Marchman::974,-0.28900830778919157,0.23148325372210926,English (American),marchman,D_lin
Marchman::975,-2.1143477318489414,-0.5850604531556869,English (American),marchman,D_lin
Marchman::976,-3.0640725571347835,-0.1756458079042273,English (American),marchman,D_lin
Marchman::977,3.5600318039087617,0.7204864566430291,English (American),marchman,D_lin
Marchman::978,2.029402209192805,0.16939601966925782,English (American),marchman,D_lin
Marchman::979,0.9156898544047437,-0.017707341803807453,English (American),marchman,D_lin
Marchman::98,2.9580396898687837,0.42521525176919894,English (American),marchman,D_lin
Marchman::980,-1.0031071435641434,0.13978029564721633,English (American),marchman,D_lin
Marchman::981,2.982985503268421,0.4472372507748689,English (American),marchman,D_lin
Marchman::982,-2.231277967216924,0.23156928968896826,English (American),marchman,D_lin
Marchman::983,-2.60519994729559,0.016288116702345812,English (American),marchman,D_lin
Marchman::984,-0.9842578876363092,-0.14875907169641822,English (American),marchman,D_lin
Marchman::985,-2.065944209160273,0.16999376198535524,English (American),marchman,D_lin
Marchman::986,-0.4631225445732326,0.0859451847244769,English (American),marchman,D_lin
Marchman::987,-1.4630472222359518,0.19217540595373434,English (American),marchman,D_lin
Marchman::988,-0.498334373555008,0.15244630350097965,English (American),marchman,D_lin
Marchman::989,-1.0842698090232252,-0.13738156411558802,English (American),marchman,D_lin
Marchman::99,-0.6638439467751756,0.3081747266769031,English (American),marchman,D_lin
Marchman::990,-1.045749595452525,-0.41261950670819586,English (American),marchman,D_lin
Marchman::991,0.08789183209461099,-0.3200141504080422,English (American),marchman,D_lin
Marchman::992,1.0861803888562997,-0.04478833691160537,English (American),marchman,D_lin
Marchman::993,0.1137056166719442,0.10763093555900896,English (American),marchman,D_lin
Marchman::994,-0.26234310045146647,0.10980808297081765,English (American),marchman,D_lin
Marchman::995,-0.6192527323047193,-0.13952986290740865,English (American),marchman,D_lin
Marchman::996,-1.3901644178783987,-0.3117523868775197,English (American),marchman,D_lin
Marchman::997,0.613111708183599,-0.004866770424682726,English (American),marchman,D_lin
Marchman::998,0.40206964126269334,0.0978855081360005,English (American),marchman,D_lin
Marchman::999,-0.9089807145811006,0.36302490554306166,English (American),marchman,D_lin
Marchman::AA02F057,0.8997493289037252,-0.08457203010779729,English (American),marchman,D_lin
Marchman::AA19M056,-1.393768960603814,0.654891615553431,English (American),marchman,D_lin
Marchman::AB02M097,-1.3021753115205446,-0.055965771747246026,English (American),marchman,D_lin
Marchman::AB03F018,-0.37052045831824215,0.06515450185616062,English (American),marchman,D_lin
Marchman::AB05M098,-1.248625897399556,-0.05495148763838545,English (American),marchman,D_lin
Marchman::AB09M014,-0.18930682348615574,-0.1287023704194601,English (American),marchman,D_lin
Marchman::AB11M035,1.565088193312243,0.054959327274148775,English (American),marchman,D_lin
Marchman::AC03F018,1.940044407342188,-0.0626071157198595,English (American),marchman,D_lin
Marchman::AC05F088,0.4079708907568075,0.15205013104163936,English (American),marchman,D_lin
Marchman::AC05M098,1.536397868965028,0.05568498580820681,English (American),marchman,D_lin
Marchman::AC11M048,-1.8429885270552822,-0.06994485067646898,English (American),marchman,D_lin
Marchman::AC13M067,1.7484044306834137,0.06771342894095689,English (American),marchman,D_lin
Marchman::AD02F018,6.612854911666123,0.6256387050666616,English (American),marchman,D_lin
Marchman::AD04M059,-1.2588744332811228,0.4818743348109801,English (American),marchman,D_lin
Marchman::AD08F059,4.571251876891144,0.025728169100317277,English (American),marchman,D_lin
Marchman::AF12M075,2.139826633485199,0.07561061975326676,English (American),marchman,D_lin
Marchman::AH02F038,-1.6981906250446974,-0.14420999383157554,English (American),marchman,D_lin
Marchman::AH03M018,-2.7259992314085086,0.24087561034357663,English (American),marchman,D_lin
Marchman::AH08M123,-0.8849497037147929,-0.15777315649290635,English (American),marchman,D_lin
Marchman::AJ12M055,0.714288268701191,0.20361468682392933,English (American),marchman,D_lin
Marchman::AK03M038,-4.007964764300055,0.47561152624109426,English (American),marchman,D_lin
Marchman::AK11F045,1.846504329947473,0.2085323934092117,English (American),marchman,D_lin
Marchman::AK18F025,-1.098610379532533,-0.21629344226910543,English (American),marchman,D_lin
Marchman::AL02M097,2.276834534332607,-0.22383911558642872,English (American),marchman,D_lin
Marchman::AL03F059,0.007735134683402881,-0.057181143397549414,English (American),marchman,D_lin
Marchman::AL10F107,2.164977335111595,0.10324683780950238,English (American),marchman,D_lin
Marchman::AL16F104,-2.429600279907648,-0.24314317935908664,English (American),marchman,D_lin
Marchman::AM05M018,-0.9540681534510346,-0.015750381410888623,English (American),marchman,D_lin
Marchman::AP21F095,-2.53025105782617,0.11873171785039746,English (American),marchman,D_lin
Marchman::AR09F054,-1.1697463671110435,0.11073893187234422,English (American),marchman,D_lin
Marchman::AS01F038,-3.0639342673457377,-0.05562575288020216,English (American),marchman,D_lin
Marchman::AS02M057,1.1374361107054036,-0.18680381455337744,English (American),marchman,D_lin
Marchman::AS09F024,2.8138754564506567,1.0888051815518873,English (American),marchman,D_lin
Marchman::AS12F123,-0.8389193470757784,-0.0460271389714077,English (American),marchman,D_lin
Marchman::AS17F115,0.22186106576639286,0.1546815567027659,English (American),marchman,D_lin
Marchman::AS20F095,3.427436502081741,-0.15642141763831346,English (American),marchman,D_lin
Marchman::AS2F038A,-0.8076471356968459,0.3399005475819747,English (American),marchman,D_lin
Marchman::BA03M088,1.3432184975998245,-0.23878705672271766,English (American),marchman,D_lin
Marchman::BB03M107,-0.42473347802065686,-0.2348770745726895,English (American),marchman,D_lin
Marchman::BC13F074,-2.421509997694529,0.03037285601855702,English (American),marchman,D_lin
Marchman::BC18M103,-1.2234333931498123,0.07389009758034405,English (American),marchman,D_lin
Marchman::BD03F057,2.9384136557270875,-0.0557163022993534,English (American),marchman,D_lin
Marchman::BG03M057,0.26155977636176214,-0.3640210959632852,English (American),marchman,D_lin
Marchman::BG03M107,-3.325839373714786,-0.05717048912925224,English (American),marchman,D_lin
Marchman::BG3M107A,-3.67993321555726,-0.14090970039668904,English (American),marchman,D_lin
Marchman::BH04M088,0.11320602630787674,0.02070412355855882,English (American),marchman,D_lin
Marchman::BH11F095,0.5534582854263737,0.13632290407406158,English (American),marchman,D_lin
Marchman::BH15M123,-1.6394187826733442,-0.023297263699195367,English (American),marchman,D_lin
Marchman::BO00M038,0.8436634634754356,-0.21177408871789408,English (American),marchman,D_lin
Marchman::BR03F018,-0.02164684390180389,0.041493948229851516,English (American),marchman,D_lin
Marchman::BR09M084,-3.2239633072391025,0.17193140843336147,English (American),marchman,D_lin
Marchman::BS10M123,1.1412412218800734,-0.01710570976429153,English (American),marchman,D_lin
Marchman::BW03F088,0.7464438120364467,-0.038441542009688266,English (American),marchman,D_lin
Marchman::CA02F097,2.791156664040752,-0.12524500628306778,English (American),marchman,D_lin
Marchman::CB03F038,1.289159068211036,-0.0316447054749639,English (American),marchman,D_lin
Marchman::CB03M107,-1.2366591358431342,-0.18981889880376934,English (American),marchman,D_lin
Marchman::CB04M047,2.088269049848571,0.012404499729063378,English (American),marchman,D_lin
Marchman::CB04M098,0.2228019576793807,0.07086267997044082,English (American),marchman,D_lin
Marchman::CB04M117,2.0339505030346308,-0.251975130094089,English (American),marchman,D_lin
Marchman::CB19F054,-1.838193070222813,0.12235098481812456,English (American),marchman,D_lin
Marchman::CC02F059,3.289477558785999,0.09015593747482506,English (American),marchman,D_lin
Marchman::CC05M098,0.6043809966053592,0.05984476820064466,English (American),marchman,D_lin
Marchman::CD04F107,-0.013952512923420002,0.06266771347537298,English (American),marchman,D_lin
Marchman::CD05F069,1.4974561418022914,-0.07269441355465332,English (American),marchman,D_lin
Marchman::CE02F107,-2.414252073807186,0.3410601311953293,English (American),marchman,D_lin
Marchman::CG04F088,-1.6414066337680484,0.03359776235209336,English (American),marchman,D_lin
Marchman::CG04M108,2.629908008707413,0.06862686979075619,English (American),marchman,D_lin
Marchman::CH02F038,-0.09612474618057869,-0.2869685855987596,English (American),marchman,D_lin
Marchman::CH03F018,2.2418303216162108,-0.015953338644664583,English (American),marchman,D_lin
Marchman::CH03F038,0.18349741324427857,0.524538854273404,English (American),marchman,D_lin
Marchman::CH04M048,0.45901513976640745,0.020886920746347664,English (American),marchman,D_lin
Marchman::CJ02F038,-0.12764694967020276,-0.22846237355089202,English (American),marchman,D_lin
Marchman::CK03M059,-1.793921784368414,-0.059694965479209175,English (American),marchman,D_lin
Marchman::CL03M018,0.9949360164810565,-0.1144423082661371,English (American),marchman,D_lin
Marchman::CM02M057,1.111783426878568,0.0996136764940457,English (American),marchman,D_lin
Marchman::CM02M059,1.1527480603715716,-0.12158910916645638,English (American),marchman,D_lin
Marchman::CO04M098,1.5097790264691597,0.08065103713521105,English (American),marchman,D_lin
Marchman::CP03M018,0.4301519525997991,-0.06520231615030916,English (American),marchman,D_lin
Marchman::CP13F067,2.4943442762059838,-0.2761571186207362,English (American),marchman,D_lin
Marchman::CR03M059,-1.5922115104816537,-0.032360010589876684,English (American),marchman,D_lin
Marchman::CR06F057,3.7440514674171137,-0.19964117019705807,English (American),marchman,D_lin
Marchman::CR12F087,1.0081174815206628,-0.024376980296078113,English (American),marchman,D_lin
Marchman::CS02M058,-1.1759679764863602,-0.19471834947250583,English (American),marchman,D_lin
Marchman::CS02M097,-0.0842557743154198,-0.2811173564675807,English (American),marchman,D_lin
Marchman::CS04M077,0.22178702187448412,-0.12778812320393906,English (American),marchman,D_lin
Marchman::CS05M098,2.64781488115126,-0.22334494331794352,English (American),marchman,D_lin
Marchman::CS06F077,1.6849394277939913,-0.20633207331998635,English (American),marchman,D_lin
Marchman::CS2M107A,-0.11900841381988149,-0.1675908108348773,English (American),marchman,D_lin
Marchman::CT03F018,4.872297171702657,0.09614489909878315,English (American),marchman,D_lin
Marchman::CW08M057,-1.2831712724406574,-0.31486401005348685,English (American),marchman,D_lin
Marchman::CW14M067,1.9230441471225979,-0.24816132432354965,English (American),marchman,D_lin
Marchman::CW18M026,1.3529949304719127,0.015646107612813973,English (American),marchman,D_lin
Marchman::DA12M084,-0.7735510249705919,-0.30881974978107707,English (American),marchman,D_lin
Marchman::DC16M114,3.4104080079227574,-0.025668175475689226,English (American),marchman,D_lin
Marchman::DI02M038,-0.8090966801566072,0.37406291133730596,English (American),marchman,D_lin
Marchman::DM03M018,0.18563898392254768,-0.07326668329247973,English (American),marchman,D_lin
Marchman::DM18M044,-2.319435749456329,-0.30854549927884745,English (American),marchman,D_lin
Marchman::DN05F088,-0.24096078613357055,-0.04015827397516795,English (American),marchman,D_lin
Marchman::DN12F067,0.9001128209254659,-0.21680069307026498,English (American),marchman,D_lin
Marchman::DO09M025,-1.5347214126333402,0.07565790458114517,English (American),marchman,D_lin
Marchman::DS02M038,-0.8668375328829865,-0.02551848296123862,English (American),marchman,D_lin
Marchman::DW02M047,0.044278608413216375,-0.11417396933307256,English (American),marchman,D_lin
Marchman::DW03M018,1.2359055690184901,-0.2374177447780701,English (American),marchman,D_lin
Marchman::EB03F107,0.5112856417053433,0.06761474407289644,English (American),marchman,D_lin
Marchman::EB05F098,-0.2389985957753789,0.003442031615213722,English (American),marchman,D_lin
Marchman::EB12F113,-2.2363881164265678,-0.11566282472292667,English (American),marchman,D_lin
Marchman::EC05F098,2.5435131699698412,0.007475401565591483,English (American),marchman,D_lin
Marchman::ED06M117,-0.15778666990481474,0.3094329217119598,English (American),marchman,D_lin
Marchman::EF08F014,0.9308988997552057,0.18217609873928348,English (American),marchman,D_lin
Marchman::EK05F098,1.442909405423656,0.045445156060751044,English (American),marchman,D_lin
Marchman::EL05F098,2.6431732104858865,0.162396300598066,English (American),marchman,D_lin
Marchman::EM03F107,2.2400689424176607,-0.2646536899758889,English (American),marchman,D_lin
Marchman::EM09M104,-0.9388528568404837,-0.3935270724385941,English (American),marchman,D_lin
Marchman::ER03F097,1.1232184243090921,-0.07226710832385619,English (American),marchman,D_lin
Marchman::ES08F014,-3.523652920211042,-0.3241325307594569,English (American),marchman,D_lin
Marchman::ES10F115,-0.18886719582363104,0.027245899397902895,English (American),marchman,D_lin
Marchman::EW15F125,-1.2616683386244039,-0.1137180005487897,English (American),marchman,D_lin
Marchman::FH17M064,-0.8157449141620312,0.032433835146460435,English (American),marchman,D_lin
Marchman::FT03M097,-0.060792309470542254,-0.08425478952756102,English (American),marchman,D_lin
Marchman::GA04M107,-0.3017544156820632,0.004158065338594866,English (American),marchman,D_lin
Marchman::GB03F069,2.387607752211567,-0.13162071247956902,English (American),marchman,D_lin
Marchman::GB04M107,1.3782489959198687,-0.11587482688198175,English (American),marchman,D_lin
Marchman::GC03M038,3.2350115762121,0.4110905659522445,English (American),marchman,D_lin
Marchman::GC18M118,-0.022803234045409244,-0.10759894185861452,English (American),marchman,D_lin
Marchman::GK09M044,0.7408664484396698,-0.05935184679415656,English (American),marchman,D_lin
Marchman::GW03F038,0.6966470723187412,-0.12917792140851259,English (American),marchman,D_lin
Marchman::GY03F038,3.111905487019126,0.1292033036645827,English (American),marchman,D_lin
Marchman::HA03F018,1.218615200728727,0.3304071154816647,English (American),marchman,D_lin
Marchman::HB03F018,1.887669594978639,-0.063822006342096,English (American),marchman,D_lin
Marchman::HB06M098,1.762735301718904,-0.3061800192761803,English (American),marchman,D_lin
Marchman::HB12M045,-2.017203000822474,-0.31325701363116887,English (American),marchman,D_lin
Marchman::HC03F038,-3.485370336125068,0.027837266977677633,English (American),marchman,D_lin
Marchman::HH03F057,2.583117639524053,0.11253909186220984,English (American),marchman,D_lin
Marchman::HJ02F038,1.5091510460407003,-0.008619741515964771,English (American),marchman,D_lin
Marchman::HM03F018,0.35360954392008936,0.19788080937719837,English (American),marchman,D_lin
Marchman::HO03M038,0.0334166528105926,-0.09744732541622798,English (American),marchman,D_lin
Marchman::HP02M059,0.6133422244537406,0.08205333962398464,English (American),marchman,D_lin
Marchman::HU06F088,1.7937954278070614,0.03909924257576056,English (American),marchman,D_lin
Marchman::IB09M103,-0.3076613428532737,-0.14025746768367994,English (American),marchman,D_lin
Marchman::IC03F059,3.341096050724206,0.1601575202682231,English (American),marchman,D_lin
Marchman::ID12F035,-1.6032911904136262,0.1279804827990974,English (American),marchman,D_lin
Marchman::IE05F057,1.149004380395246,-0.1439918292068576,English (American),marchman,D_lin
Marchman::IM04M038,2.112477880640439,-0.05209547908560205,English (American),marchman,D_lin
Marchman::IM18M075,-2.385856503294197,0.0888943938408236,English (American),marchman,D_lin
Marchman::IN12M026,-1.6961052096556206,0.09010765775149696,English (American),marchman,D_lin
Marchman::IS05F057,0.7329784420792244,0.31498515075192374,English (American),marchman,D_lin
Marchman::IT02F018,1.925465612203636,-0.26340842939519393,English (American),marchman,D_lin
Marchman::IT02F107,0.11759132303044587,-0.08401555211941102,English (American),marchman,D_lin
Marchman::IT03F047,2.0678424277753513,-0.1615891259004983,English (American),marchman,D_lin
Marchman::JA12M035,-0.3398848693879279,0.04870028217668113,English (American),marchman,D_lin
Marchman::JA16F015,-0.20687947150740857,0.2634198325411371,English (American),marchman,D_lin
Marchman::JB05M057,1.6131835060902129,-0.2311253154858216,English (American),marchman,D_lin
Marchman::JB09M113,0.009054629635502244,-0.009605570367038664,English (American),marchman,D_lin
Marchman::JB11M105,-2.254195027389541,-0.08483967412417882,English (American),marchman,D_lin
Marchman::JC02M057,2.9642891876415183,-0.34670514779546174,English (American),marchman,D_lin
Marchman::JC05M088,-2.94748527265091,-0.3399567323684668,English (American),marchman,D_lin
Marchman::JC09M034,3.872182570968967,0.23508288739229966,English (American),marchman,D_lin
Marchman::JC12M114,-0.1258934776867925,0.35198503574997025,English (American),marchman,D_lin
Marchman::JC15M084,-1.745887027137729,0.08465817604636033,English (American),marchman,D_lin
Marchman::JD03M059,0.9039543976335839,0.2220935408573865,English (American),marchman,D_lin
Marchman::JD04M088,0.4140458185117405,-0.076257118631569,English (American),marchman,D_lin
Marchman::JD05M047,3.5500001271103123,-0.09016513685041877,English (American),marchman,D_lin
Marchman::JF03M018,-0.6496335240320477,0.22919375019082674,English (American),marchman,D_lin
Marchman::JF06M088,1.6117815564270646,0.16513723938522143,English (American),marchman,D_lin
Marchman::JF17F056,-2.140200676193253,-0.05000230945565838,English (American),marchman,D_lin
Marchman::JG13M075,1.0777903614911037,0.11420572236735063,English (American),marchman,D_lin
Marchman::JH03F067,0.7369918216479969,0.1838922517859006,English (American),marchman,D_lin
Marchman::JH03M018,2.5648042466340057,-0.061492975585424964,English (American),marchman,D_lin
Marchman::JH03M097,5.269713548757867,0.23295667958421135,English (American),marchman,D_lin
Marchman::JH04M107,0.41287415087342005,0.08543766439542685,English (American),marchman,D_lin
Marchman::JH12F115,2.414213875206485,-0.12084184024835701,English (American),marchman,D_lin
Marchman::JH12F125,2.568480180243556,-0.22220523116139151,English (American),marchman,D_lin
Marchman::JJ12M055,-1.3656306507965372,-0.11939693060895634,English (American),marchman,D_lin
Marchman::JK02F107,0.14082496279018245,-0.03819586368597046,English (American),marchman,D_lin
Marchman::JM04M107,-1.6740060500634208,0.1279910846958659,English (American),marchman,D_lin
Marchman::JN02F097,1.746623640603169,-0.1572615053047186,English (American),marchman,D_lin
Marchman::JO18F086,-1.7744141163174383,0.17251763189918046,English (American),marchman,D_lin
Marchman::JP02M059,1.9222289316007086,0.06155416726516569,English (American),marchman,D_lin
Marchman::JP03F057,0.8899139230346573,-0.11376473325539448,English (American),marchman,D_lin
Marchman::JP04F098,1.8306572143480442,0.2521138448435818,English (American),marchman,D_lin
Marchman::JR03M098,0.8290183776970846,0.7706723488935697,English (American),marchman,D_lin
Marchman::JS06M047,-0.23516295186808986,0.1464181839431204,English (American),marchman,D_lin
Marchman::JW00M038,3.1449480234574057,-0.16636417439520357,English (American),marchman,D_lin
Marchman::JW02M107,1.4141367760547061,-0.12197061667829513,English (American),marchman,D_lin
Marchman::JW03M038,-2.152941387183024,-0.004957550290849322,English (American),marchman,D_lin
Marchman::KA03M097,0.9376450369742635,-0.0743023154548911,English (American),marchman,D_lin
Marchman::KB03M088,0.36555030530407123,-0.18922578353185887,English (American),marchman,D_lin
Marchman::KC02F038,-0.6399025135979672,0.2954180074209113,English (American),marchman,D_lin
Marchman::KH05F098,1.8309470853993042,-0.17904575235684225,English (American),marchman,D_lin
Marchman::KH09M014,3.460219179564909,-0.022445873590958787,English (American),marchman,D_lin
Marchman::KK09M103,-0.4446110394524466,-0.1839495275114234,English (American),marchman,D_lin
Marchman::KK12F044,1.3262721207618093,-0.004022744746651777,English (American),marchman,D_lin
Marchman::KM09F074,-0.8029337479478517,-0.27847027338069813,English (American),marchman,D_lin
Marchman::KM12M015,-2.6305378730777056,-0.12513279895533064,English (American),marchman,D_lin
Marchman::KM14F067,-0.09505408815734287,-0.2192707181286937,English (American),marchman,D_lin
Marchman::KM15F115,0.7690524030094249,-0.2169035272008091,English (American),marchman,D_lin
Marchman::KN05F088,-2.520801552028108,-0.17785117238383907,English (American),marchman,D_lin
Marchman::KO05M098,2.2469902204987866,-0.17039717258978349,English (American),marchman,D_lin
Marchman::KR09F064,-0.63442213380279,0.11799474767149716,English (American),marchman,D_lin
Marchman::KS02F117,1.0057588712539163,-0.20541851328513983,English (American),marchman,D_lin
Marchman::KS03M018,2.493631565214279,0.04115125206901457,English (American),marchman,D_lin
Marchman::KS09M024,-1.6060361819490538,-0.19020354628894642,English (American),marchman,D_lin
Marchman::KS11F113,1.5385777564626348,-0.01852968110489725,English (American),marchman,D_lin
Marchman::KS21M024,-5.103491241509222,0.010436735502179217,English (American),marchman,D_lin
Marchman::KT03F059,2.8412821500830727,-0.09233007869768317,English (American),marchman,D_lin
Marchman::KT04F059,2.5148289550246643,0.02269566010142915,English (American),marchman,D_lin
Marchman::KW04F107,4.50366464671422,-0.38049498376885427,English (American),marchman,D_lin
Marchman::LB3F018A,-0.38963373755141123,0.07252429284669284,English (American),marchman,D_lin
Marchman::LC05F047,2.61234803071942,-0.061794703517004,English (American),marchman,D_lin
Marchman::LL02F047,1.169508604366317,0.004211478456552453,English (American),marchman,D_lin
Marchman::LP16M113,-1.0819591078547623,0.034529995089869814,English (American),marchman,D_lin
Marchman::LR11F114,-3.495836604253236,-0.030664790810813358,English (American),marchman,D_lin
Marchman::LS12F103,0.5170842206217334,0.005664310003607814,English (American),marchman,D_lin
Marchman::LW05M069,-0.5065974823586868,0.14589837941789502,English (American),marchman,D_lin
Marchman::MA03F059,-0.052418969141784885,-0.022926210462103927,English (American),marchman,D_lin
Marchman::MA06M067,2.0964064979902606,0.001333532344589189,English (American),marchman,D_lin
Marchman::MA08F024,1.1844118736709999,0.22481219472456743,English (American),marchman,D_lin
Marchman::MB02M018,2.3505316618743604,0.005182387408449951,English (American),marchman,D_lin
Marchman::MB03M018,1.3126259918227932,-0.16179373314820897,English (American),marchman,D_lin
Marchman::MB03M057,-1.5786576454609897,0.03342539187829202,English (American),marchman,D_lin
Marchman::MB09M084,-2.1303168127632874,-0.01806995687034127,English (American),marchman,D_lin
Marchman::MB15M117,-2.519954628405245,-0.14202270422288454,English (American),marchman,D_lin
Marchman::MB19M064,-1.9926612933262988,0.10423930561591657,English (American),marchman,D_lin
Marchman::MC15F104,-2.0035892721996538,0.010608568363524418,English (American),marchman,D_lin
Marchman::ME03F038,0.419716266641208,-0.11402645352936383,English (American),marchman,D_lin
Marchman::ME12M056,0.6382802540373472,-0.30315389256706893,English (American),marchman,D_lin
Marchman::MF03F018,0.6112569135465205,0.18127886179164393,English (American),marchman,D_lin
Marchman::MF15F086,-1.1466314085458293,-0.08751769213105938,English (American),marchman,D_lin
Marchman::MF15M103,-0.20631025561461422,-0.10071213507554523,English (American),marchman,D_lin
Marchman::MH09M024,1.0458484485114168,-0.1827572805989095,English (American),marchman,D_lin
Marchman::MK22F095,-2.5242749601019776,0.16082350987147145,English (American),marchman,D_lin
Marchman::MM01F038,-1.055779054017795,0.10421595282753648,English (American),marchman,D_lin
Marchman::MM02F059,0.7380551822199412,0.046280624020549964,English (American),marchman,D_lin
Marchman::MM03F107,3.0835286461168265,-0.04781743734362437,English (American),marchman,D_lin
Marchman::MM04F088,3.2708979633507203,-0.166778505858744,English (American),marchman,D_lin
Marchman::MM04F107,-0.06067613984703385,-0.034024781906837435,English (American),marchman,D_lin
Marchman::MO03M098,1.562905623478626,-0.10032255722453576,English (American),marchman,D_lin
Marchman::MP03F107,1.002697498723018,0.008733309562833566,English (American),marchman,D_lin
Marchman::MP12F044,6.488208950344458,0.6548271052325602,English (American),marchman,D_lin
Marchman::MR03F057,3.139529728706758,-0.3294345993674449,English (American),marchman,D_lin
Marchman::MR03F107,-0.523060296919509,0.22785783955822603,English (American),marchman,D_lin
Marchman::MS02M57A,0.6569759379726062,-0.11371983564356813,English (American),marchman,D_lin
Marchman::MS03M057,-3.3101415142017157,0.05497725409696286,English (American),marchman,D_lin
Marchman::MS09F014,0.7661566939887876,0.2834271710946685,English (American),marchman,D_lin
Marchman::MV03M018,1.871481293583094,-0.20928256215747107,English (American),marchman,D_lin
Marchman::MW05F047,0.22563465367415503,0.015369956792343245,English (American),marchman,D_lin
Marchman::NB03M038,0.9653847442824257,-0.09743198404618607,English (American),marchman,D_lin
Marchman::NB12F024,-3.3580219520093344,-0.1614408465620641,English (American),marchman,D_lin
Marchman::NC05M098,5.9166822829512995,0.6615811782729073,English (American),marchman,D_lin
Marchman::NC18M084,-0.6556810548264476,0.31550763278782407,English (American),marchman,D_lin
Marchman::NF02M018,1.3193243181171193,-0.2956347858665075,English (American),marchman,D_lin
Marchman::NG06M057,1.4226124156300874,0.20113493641042204,English (American),marchman,D_lin
Marchman::NG06M57A,-1.70962845321697,0.19032787553543914,English (American),marchman,D_lin
Marchman::NG18M086,1.7170428889742697,-0.05748174313514348,English (American),marchman,D_lin
Marchman::NJ01M059,-2.1846751455300515,-0.0048326551827160835,English (American),marchman,D_lin
Marchman::NL01F038,-2.5407868496253183,-0.07915810731515768,English (American),marchman,D_lin
Marchman::NL03M018,-0.8976298020156569,-0.12985001425503795,English (American),marchman,D_lin
Marchman::NL11M095,2.336033901834162,-0.01489122534012241,English (American),marchman,D_lin
Marchman::NM15F015,3.3813710600882483,0.2814568580251785,English (American),marchman,D_lin
Marchman::NP05M069,0.03776939130602418,-0.23169802211230994,English (American),marchman,D_lin
Marchman::NR11M036,-0.23994872148699387,0.21132870050468552,English (American),marchman,D_lin
Marchman::NS01M038,1.3194048320628748,-0.20320196315096578,English (American),marchman,D_lin
Marchman::NS12F045,0.3512201558481538,-0.5040673433602378,English (American),marchman,D_lin
Marchman::NS18F105,-0.27555536133186564,-0.5121763719132103,English (American),marchman,D_lin
Marchman::NV09M014,0.5494719560518293,4.4364883091901203e-4,English (American),marchman,D_lin
Marchman::NY02F018,0.9598506226249435,0.3005256230455933,English (American),marchman,D_lin
Marchman::OS06M098,2.2841203598101587,-0.2652185636392376,English (American),marchman,D_lin
Marchman::PA18M098,-0.9213108136464192,0.1105363493115182,English (American),marchman,D_lin
Marchman::PB06M098,-2.1573592261040546,0.24808620261054454,English (American),marchman,D_lin
Marchman::PB13M065,0.8344695218577907,0.15429279842926244,English (American),marchman,D_lin
Marchman::PC05M098,1.4186200088294285,-0.16343062738364683,English (American),marchman,D_lin
Marchman::PC08M038,-0.0871615965663574,0.06079798106315473,English (American),marchman,D_lin
Marchman::PC09M094,-0.9295444955628113,-0.20982807083169083,English (American),marchman,D_lin
Marchman::PM03M059,-0.7226811710732355,-0.13564317055707129,English (American),marchman,D_lin
Marchman::PS03M059,0.7755008933999877,0.09527713227770829,English (American),marchman,D_lin
Marchman::PS18M115,0.6613070922603272,-0.28909499207648853,English (American),marchman,D_lin
Marchman::PW02M057,3.327657943999702,-0.08397428799123813,English (American),marchman,D_lin
Marchman::PY12M036,-0.49984825825718293,-0.04388773216658462,English (American),marchman,D_lin
Marchman::RB04F057,2.3154443592820417,-0.18168644331150724,English (American),marchman,D_lin
Marchman::RC09F014,-0.6698408957266186,-0.121838114078049,English (American),marchman,D_lin
Marchman::RC11F067,1.1564388130762493,-0.003492176348548398,English (American),marchman,D_lin
Marchman::RE02F057,0.5858768324515448,0.04192876553345273,English (American),marchman,D_lin
Marchman::RG14M067,-0.41929481565581606,0.1711778332115596,English (American),marchman,D_lin
Marchman::RM12F105,6.49417031017344,0.49091771178788585,English (American),marchman,D_lin
Marchman::RP19M105,-2.51986055454847,0.4653214403712867,English (American),marchman,D_lin
Marchman::RR05M057,-0.7023724147351615,0.1097828109899365,English (American),marchman,D_lin
Marchman::RS03F057,1.4137058381914778,-0.16699304715557556,English (American),marchman,D_lin
Marchman::RS14M123,-2.1929278336371523,0.4005952496840135,English (American),marchman,D_lin
Marchman::RW02F018,1.6109695219217295,-0.0852678083158871,English (American),marchman,D_lin
Marchman::RW03F107,-0.3158138943677498,-0.410187872643945,English (American),marchman,D_lin
Marchman::SA04F069,2.357772935938421,0.10294014977558424,English (American),marchman,D_lin
Marchman::SB05M069,-1.0638125509116398,0.10175561810704283,English (American),marchman,D_lin
Marchman::SB09M103,2.506539108049091,-0.135134965905867,English (American),marchman,D_lin
Marchman::SC05F098,2.6472543287402126,-0.19591464701437444,English (American),marchman,D_lin
Marchman::SE03F018,-2.3215042148704517,-0.260390107778626,English (American),marchman,D_lin
Marchman::SF12F015,0.20424041485221406,-0.18661876317074316,English (American),marchman,D_lin
Marchman::SG02F059,-0.31947241301265616,0.10079776467103413,English (American),marchman,D_lin
Marchman::SH09M034,0.09453412765576706,0.39441569959672645,English (American),marchman,D_lin
Marchman::SJ02F018,1.3171095371275001,0.10537436726876764,English (American),marchman,D_lin
Marchman::SJ04M107,-0.0981666524279212,0.00579461143973839,English (American),marchman,D_lin
Marchman::SJ12M123,-2.268363501015319,-0.02169541528480362,English (American),marchman,D_lin
Marchman::SK02F107,0.07472255232246569,-0.06280841420536364,English (American),marchman,D_lin
Marchman::SK03F018,-0.11528933556835974,-0.1812018162384436,English (American),marchman,D_lin
Marchman::SK04F098,-3.0745037174457033,-0.5065824449179661,English (American),marchman,D_lin
Marchman::SL05F057,2.1125963812985566,-0.18584366293417404,English (American),marchman,D_lin
Marchman::SL09F104,0.25217305115653893,-0.0282896439834948,English (American),marchman,D_lin
Marchman::SM03F107,2.263747709462798,-0.23999818882071516,English (American),marchman,D_lin
Marchman::SM4F098A,2.2987532778952597,0.05506598791984457,English (American),marchman,D_lin
Marchman::SO04F097,1.571105924081955,-0.23142958879483913,English (American),marchman,D_lin
Marchman::SP15F077,-0.39761573221645774,0.06909459749644217,English (American),marchman,D_lin
Marchman::SR02F059,1.6898742029611133,-0.07648373058015026,English (American),marchman,D_lin
Marchman::SS02F018,0.7753559928397137,-0.19098010262945753,English (American),marchman,D_lin
Marchman::SS09M123,-1.987312536386755,-0.06398113926292316,English (American),marchman,D_lin
Marchman::SS12M064,-2.3969866626931298,-0.4654864919649734,English (American),marchman,D_lin
Marchman::ST02F059,0.22007882116263627,0.022466941919199453,English (American),marchman,D_lin
Marchman::SW03F018,0.3186770100078483,-0.08391161383998118,English (American),marchman,D_lin
Marchman::SW03F069,-0.041165753002672126,-0.1575314745921456,English (American),marchman,D_lin
Marchman::SW03M028,-2.727524949330029,-0.33322351134487616,English (American),marchman,D_lin
Marchman::SW06F108,2.082604277129411,-0.019858754484666757,English (American),marchman,D_lin
Marchman::SW15F125,-0.25859780589474246,-0.0847309331942721,English (American),marchman,D_lin
Marchman::TA12M103,-2.490906947255968,0.11931770542473286,English (American),marchman,D_lin
Marchman::TC02M047,0.47772204455885336,-0.1440549680343785,English (American),marchman,D_lin
Marchman::TC09F014,0.06845388715230612,-0.1446802236068485,English (American),marchman,D_lin
Marchman::TE04M038,-0.25678499962578294,-0.17490273380582766,English (American),marchman,D_lin
Marchman::TG18M035,-0.7730669463603319,0.20154136335123543,English (American),marchman,D_lin
Marchman::TH03M057,0.7540321643965601,-0.18872362083490313,English (American),marchman,D_lin
Marchman::TM03F018,3.3405461349569436,-0.08007328719993695,English (American),marchman,D_lin
Marchman::TM03F047,3.159552375033072,0.23631405055600022,English (American),marchman,D_lin
Marchman::TM09M034,3.0822082169417224,-0.3161359786005504,English (American),marchman,D_lin
Marchman::TP03M107,2.1996406700278293,0.06431959562945457,English (American),marchman,D_lin
Marchman::TS02F018,1.3098486349377116,-0.013012246300484212,English (American),marchman,D_lin
Marchman::TS05M057,-0.3510357049159459,0.03665274735520548,English (American),marchman,D_lin
Marchman::TT03M069,1.14401935441467,0.02111973443718347,English (American),marchman,D_lin
Marchman::TT04M088,0.1752913275750791,0.026377008882909732,English (American),marchman,D_lin
Marchman::TT06M098,-0.882671135808614,0.020513822512186447,English (American),marchman,D_lin
Marchman::VB06F108,3.2981700167334576,0.014135599159713408,English (American),marchman,D_lin
Marchman::VJ02M057,1.1453171664726758,-0.028425370949921966,English (American),marchman,D_lin
Marchman::VL03F018,1.0763378357632074,-0.1485661207444517,English (American),marchman,D_lin
Marchman::VS04F098,-0.5863085101027792,-0.3316718440964335,English (American),marchman,D_lin
Marchman::WL05M057,1.232799216342942,-0.1647869575641513,English (American),marchman,D_lin
Marchman::WW02F038,-0.45835931405295877,-0.10729603959879523,English (American),marchman,D_lin
Marchman::WW03M069,-2.1290225049105795,-0.2642536785362659,English (American),marchman,D_lin
Marchman::WW04F067,-0.23840867240443306,0.08173424992386036,English (American),marchman,D_lin
Marchman::YM13F026,-3.708163723671904,-0.5200292442563098,English (American),marchman,D_lin
Marchman::ZB09M113,0.9607442651848125,0.2071916933692179,English (American),marchman,D_lin
Marchman::ZB11F035,-0.20684114080538793,0.21745281211376385,English (American),marchman,D_lin
Marchman::ZC06F098,-2.5886441742116766,-0.028585084452962345,English (American),marchman,D_lin
Marchman::ZE06M039,-0.6526245616226742,-0.20817884907050085,English (American),marchman,D_lin
Marchman::ZM02F059,3.145644031230796,-0.032649267587152975,English (American),marchman,D_lin
Marchman::ZM03M038,0.0744624953073528,0.06648348474762829,English (American),marchman,D_lin
Marchman::ZO02M047,1.0816845285046546,0.13097150585457965,English (American),marchman,D_lin
Marchman::ZT02M107,-0.4621473677812613,0.05855629963984659,English (American),marchman,D_lin
Marchman::ZW02M057,0.46567743031262415,-0.09784889339241437,English (American),marchman,D_lin
