child_id,intercept_blup,slope_blup,language,lang_slug,model
Marchman::1,1.3020756905661703,NA,English (American),marchman,C_lin
Marchman::10,-1.6146558840122982,NA,English (American),marchman,C_lin
Marchman::100,-2.055169368051536,NA,English (American),marchman,C_lin
Marchman::1000,2.7444901727564965,NA,English (American),marchman,C_lin
Marchman::1001,0.6998720683613725,NA,English (American),marchman,C_lin
Marchman::1002,0.006654213264474655,NA,English (American),marchman,C_lin
Marchman::1003,0.5371579254991842,NA,English (American),marchman,C_lin
Marchman::1004,1.5793855588692276,NA,English (American),marchman,C_lin
Marchman::1005,0.8095822901810821,NA,English (American),marchman,C_lin
Marchman::1006,0.5349333007204714,NA,English (American),marchman,C_lin
Marchman::1007,1.414341837236782,NA,English (American),marchman,C_lin
Marchman::1008,1.7253175144312731,NA,English (American),marchman,C_lin
Marchman::1009,4.629497601485722,NA,English (American),marchman,C_lin
Marchman::101,-0.12291985444524835,NA,English (American),marchman,C_lin
Marchman::1010,-0.9298965277916624,NA,English (American),marchman,C_lin
Marchman::1011,-0.3843065851451691,NA,English (American),marchman,C_lin
Marchman::1012,1.9433392159471803,NA,English (American),marchman,C_lin
Marchman::1013,-0.736616489948961,NA,English (American),marchman,C_lin
Marchman::1014,1.4880703108847075,NA,English (American),marchman,C_lin
Marchman::1015,-2.013054907588763,NA,English (American),marchman,C_lin
Marchman::1016,1.6063009434443043,NA,English (American),marchman,C_lin
Marchman::1017,-1.6329767378505995,NA,English (American),marchman,C_lin
Marchman::1018,1.5639440079649587,NA,English (American),marchman,C_lin
Marchman::1019,-0.14255067027344767,NA,English (American),marchman,C_lin
Marchman::102,0.2042193837782861,NA,English (American),marchman,C_lin
Marchman::1020,1.4331144099611637,NA,English (American),marchman,C_lin
Marchman::1021,-1.2844948164734231,NA,English (American),marchman,C_lin
Marchman::1022,1.5916267599425336,NA,English (American),marchman,C_lin
Marchman::1023,-0.19730172313160155,NA,English (American),marchman,C_lin
Marchman::1024,2.2107633170329537,NA,English (American),marchman,C_lin
Marchman::1025,-0.22745010168493116,NA,English (American),marchman,C_lin
Marchman::1026,-2.7571699116755592,NA,English (American),marchman,C_lin
Marchman::1027,3.338864831498543,NA,English (American),marchman,C_lin
Marchman::1028,0.7370537222086369,NA,English (American),marchman,C_lin
Marchman::1029,-1.9826076303807645,NA,English (American),marchman,C_lin
Marchman::103,0.19275218352947315,NA,English (American),marchman,C_lin
Marchman::1030,-2.271935922479777,NA,English (American),marchman,C_lin
Marchman::1031,0.10330456236539243,NA,English (American),marchman,C_lin
Marchman::1032,-0.8396313270360575,NA,English (American),marchman,C_lin
Marchman::1033,-0.23274929484936935,NA,English (American),marchman,C_lin
Marchman::1034,-1.5413488467718819,NA,English (American),marchman,C_lin
Marchman::1035,0.07331257366469118,NA,English (American),marchman,C_lin
Marchman::1037,0.7477290239728739,NA,English (American),marchman,C_lin
Marchman::1038,-0.7872800167522715,NA,English (American),marchman,C_lin
Marchman::1039,-0.1904067429935196,NA,English (American),marchman,C_lin
Marchman::104,0.7636516195342061,NA,English (American),marchman,C_lin
Marchman::1040,0.24305038232611606,NA,English (American),marchman,C_lin
Marchman::1041,1.0675490516177844,NA,English (American),marchman,C_lin
Marchman::1042,1.3474421786071642,NA,English (American),marchman,C_lin
Marchman::1043,2.1675908360279554,NA,English (American),marchman,C_lin
Marchman::1044,-2.0856389777119033,NA,English (American),marchman,C_lin
Marchman::1045,-0.38423092114639973,NA,English (American),marchman,C_lin
Marchman::1046,2.068997667360794,NA,English (American),marchman,C_lin
Marchman::1047,-1.4164706273128553,NA,English (American),marchman,C_lin
Marchman::1048,2.232596942742039,NA,English (American),marchman,C_lin
Marchman::1049,-0.27363682089035696,NA,English (American),marchman,C_lin
Marchman::105,-0.5859333638821632,NA,English (American),marchman,C_lin
Marchman::1050,1.4664005164339589,NA,English (American),marchman,C_lin
Marchman::1052,0.27264153664370494,NA,English (American),marchman,C_lin
Marchman::1053,-0.40522862195213694,NA,English (American),marchman,C_lin
Marchman::1054,-0.786599619900621,NA,English (American),marchman,C_lin
Marchman::1055,0.04229808330184303,NA,English (American),marchman,C_lin
Marchman::1056,2.4417483073063053,NA,English (American),marchman,C_lin
Marchman::1057,-0.14228387384239768,NA,English (American),marchman,C_lin
Marchman::1058,-0.8768946348881058,NA,English (American),marchman,C_lin
Marchman::1059,-0.0058702710415464866,NA,English (American),marchman,C_lin
Marchman::1060,-4.491437875467778,NA,English (American),marchman,C_lin
Marchman::1061,0.1025856933034013,NA,English (American),marchman,C_lin
Marchman::1062,1.1449230740693945,NA,English (American),marchman,C_lin
Marchman::1063,-0.5222364652611312,NA,English (American),marchman,C_lin
Marchman::1064,-0.4307531449881697,NA,English (American),marchman,C_lin
Marchman::1065,0.41568269567826316,NA,English (American),marchman,C_lin
Marchman::1066,0.15208543541139288,NA,English (American),marchman,C_lin
Marchman::1067,-7.349109925567729e-4,NA,English (American),marchman,C_lin
Marchman::1068,-0.08637666005624103,NA,English (American),marchman,C_lin
Marchman::1069,3.3573766493557384,NA,English (American),marchman,C_lin
Marchman::107,-1.1530462058124877,NA,English (American),marchman,C_lin
Marchman::1070,0.32749811428990233,NA,English (American),marchman,C_lin
Marchman::1072,-2.434366652631678,NA,English (American),marchman,C_lin
Marchman::1073,-0.6546205791790846,NA,English (American),marchman,C_lin
Marchman::1074,-0.7121738872929062,NA,English (American),marchman,C_lin
Marchman::1075,-1.482433956038116,NA,English (American),marchman,C_lin
Marchman::1076,1.6160883750067014,NA,English (American),marchman,C_lin
Marchman::1077,0.4489635998574939,NA,English (American),marchman,C_lin
Marchman::1078,-0.4371828048429632,NA,English (American),marchman,C_lin
Marchman::1079,2.737185284404555,NA,English (American),marchman,C_lin
Marchman::108,1.2327145991538673,NA,English (American),marchman,C_lin
Marchman::1080,-0.6131139775752761,NA,English (American),marchman,C_lin
Marchman::1081,1.0378892864389688,NA,English (American),marchman,C_lin
Marchman::1082,0.9334473331547484,NA,English (American),marchman,C_lin
Marchman::1083,2.1383301672962753,NA,English (American),marchman,C_lin
Marchman::1084,1.5244395901914878,NA,English (American),marchman,C_lin
Marchman::1085,0.9966452056517342,NA,English (American),marchman,C_lin
Marchman::1086,-0.024761669852766892,NA,English (American),marchman,C_lin
Marchman::1087,-2.3456316745538333,NA,English (American),marchman,C_lin
Marchman::1088,-0.32666286284544355,NA,English (American),marchman,C_lin
Marchman::1089,-0.40293555683646104,NA,English (American),marchman,C_lin
Marchman::109,1.4514645687788228,NA,English (American),marchman,C_lin
Marchman::1090,1.2230261146929793,NA,English (American),marchman,C_lin
Marchman::1091,1.2147706727427834,NA,English (American),marchman,C_lin
Marchman::1092,-1.9252739895242732,NA,English (American),marchman,C_lin
Marchman::1093,-1.1653151417997387,NA,English (American),marchman,C_lin
Marchman::1094,1.2345180471806614,NA,English (American),marchman,C_lin
Marchman::1095,2.1457867102170414,NA,English (American),marchman,C_lin
Marchman::1096,0.5565690779415677,NA,English (American),marchman,C_lin
Marchman::1097,1.4749665980751427,NA,English (American),marchman,C_lin
Marchman::1098,0.7419472341886231,NA,English (American),marchman,C_lin
Marchman::1099,-1.9658249991764394,NA,English (American),marchman,C_lin
Marchman::11,-0.6839103096832247,NA,English (American),marchman,C_lin
Marchman::110,1.4216904158856505,NA,English (American),marchman,C_lin
Marchman::1100,-1.8945451406114058,NA,English (American),marchman,C_lin
Marchman::1101,-2.480351173497768,NA,English (American),marchman,C_lin
Marchman::1102,-0.5582191550980498,NA,English (American),marchman,C_lin
Marchman::1103,2.103708520099814,NA,English (American),marchman,C_lin
Marchman::1104,1.5408553431489977,NA,English (American),marchman,C_lin
Marchman::1105,1.9001869130282107,NA,English (American),marchman,C_lin
Marchman::1106,-0.8445314451983474,NA,English (American),marchman,C_lin
Marchman::1107,-3.4031971415526607,NA,English (American),marchman,C_lin
Marchman::1108,1.5985439432709514,NA,English (American),marchman,C_lin
Marchman::1109,0.5363476618176911,NA,English (American),marchman,C_lin
Marchman::111,0.5696913965777995,NA,English (American),marchman,C_lin
Marchman::1110,0.03560927953990372,NA,English (American),marchman,C_lin
Marchman::1111,-0.6865546878666426,NA,English (American),marchman,C_lin
Marchman::1112,0.886914309994977,NA,English (American),marchman,C_lin
Marchman::1113,-0.3620322886969365,NA,English (American),marchman,C_lin
Marchman::1114,-1.6838072880106791,NA,English (American),marchman,C_lin
Marchman::1115,0.684314275201096,NA,English (American),marchman,C_lin
Marchman::1116,2.3598822624751614,NA,English (American),marchman,C_lin
Marchman::1117,1.1225541715032388,NA,English (American),marchman,C_lin
Marchman::1118,-2.798962003707647,NA,English (American),marchman,C_lin
Marchman::1119,1.1664676806246908,NA,English (American),marchman,C_lin
Marchman::112,1.5068486282175213,NA,English (American),marchman,C_lin
Marchman::1120,-0.8311639308542248,NA,English (American),marchman,C_lin
Marchman::1121,0.23127813662973443,NA,English (American),marchman,C_lin
Marchman::1122,0.3198846884854736,NA,English (American),marchman,C_lin
Marchman::1123,0.1823390023896574,NA,English (American),marchman,C_lin
Marchman::1124,-1.1382651633733256,NA,English (American),marchman,C_lin
Marchman::1125,1.8999266732510092,NA,English (American),marchman,C_lin
Marchman::1126,-1.1567739696821997,NA,English (American),marchman,C_lin
Marchman::1127,-0.2157704403626589,NA,English (American),marchman,C_lin
Marchman::1128,-0.4397244971668005,NA,English (American),marchman,C_lin
Marchman::1129,-0.5542292841976146,NA,English (American),marchman,C_lin
Marchman::113,0.6916514954484964,NA,English (American),marchman,C_lin
Marchman::1130,0.41915565999882143,NA,English (American),marchman,C_lin
Marchman::1131,0.9707435551375756,NA,English (American),marchman,C_lin
Marchman::1132,-0.7800601303566824,NA,English (American),marchman,C_lin
Marchman::1133,0.3296745451566003,NA,English (American),marchman,C_lin
Marchman::1134,2.721475866930059,NA,English (American),marchman,C_lin
Marchman::1135,0.39725393713979906,NA,English (American),marchman,C_lin
Marchman::1137,2.0871628649921425,NA,English (American),marchman,C_lin
Marchman::1138,2.0102735317477607,NA,English (American),marchman,C_lin
Marchman::1139,1.0757801203330981,NA,English (American),marchman,C_lin
Marchman::114,0.7916251327300261,NA,English (American),marchman,C_lin
Marchman::1140,-0.5781453522331308,NA,English (American),marchman,C_lin
Marchman::1141,-4.705656021788767,NA,English (American),marchman,C_lin
Marchman::1142,0.41158462810809165,NA,English (American),marchman,C_lin
Marchman::1143,0.5061100369145167,NA,English (American),marchman,C_lin
Marchman::1144,2.269934746320294,NA,English (American),marchman,C_lin
Marchman::1145,0.5048258639043758,NA,English (American),marchman,C_lin
Marchman::1146,-1.4250896702363345,NA,English (American),marchman,C_lin
Marchman::1147,-0.38448598292825886,NA,English (American),marchman,C_lin
Marchman::1148,0.7805286048099443,NA,English (American),marchman,C_lin
Marchman::1149,2.2843454371904373,NA,English (American),marchman,C_lin
Marchman::115,-0.23121262851636826,NA,English (American),marchman,C_lin
Marchman::1150,0.6035253330942338,NA,English (American),marchman,C_lin
Marchman::1151,1.542314542603242,NA,English (American),marchman,C_lin
Marchman::1152,2.5840697080267736,NA,English (American),marchman,C_lin
Marchman::1153,-0.9040412537301399,NA,English (American),marchman,C_lin
Marchman::1154,-0.18998880012807917,NA,English (American),marchman,C_lin
Marchman::1155,-3.3867105887846916,NA,English (American),marchman,C_lin
Marchman::1156,-0.32786280535950285,NA,English (American),marchman,C_lin
Marchman::1157,-0.42236151003049627,NA,English (American),marchman,C_lin
Marchman::1158,-0.2626319287311369,NA,English (American),marchman,C_lin
Marchman::1159,0.3459413725577448,NA,English (American),marchman,C_lin
Marchman::116,-1.0263801265779557,NA,English (American),marchman,C_lin
Marchman::1160,0.2599870105778725,NA,English (American),marchman,C_lin
Marchman::1161,3.6365006591339646,NA,English (American),marchman,C_lin
Marchman::1162,-0.2924504555648237,NA,English (American),marchman,C_lin
Marchman::1163,-0.8858469049733924,NA,English (American),marchman,C_lin
Marchman::1164,-0.0034128818732978806,NA,English (American),marchman,C_lin
Marchman::1165,2.0694354758425586,NA,English (American),marchman,C_lin
Marchman::1166,-3.287806625299089,NA,English (American),marchman,C_lin
Marchman::1167,2.781216105121461,NA,English (American),marchman,C_lin
Marchman::1168,-1.6998283395153755,NA,English (American),marchman,C_lin
Marchman::1169,1.8806378900908796,NA,English (American),marchman,C_lin
Marchman::117,0.6365668538835394,NA,English (American),marchman,C_lin
Marchman::1170,-0.1886000051160265,NA,English (American),marchman,C_lin
Marchman::1171,2.0022311886910287,NA,English (American),marchman,C_lin
Marchman::1172,0.8439048554617461,NA,English (American),marchman,C_lin
Marchman::1173,-0.6601985790486007,NA,English (American),marchman,C_lin
Marchman::1174,-2.3450336346615632,NA,English (American),marchman,C_lin
Marchman::1175,0.42494046464109025,NA,English (American),marchman,C_lin
Marchman::1176,-2.85117159415734,NA,English (American),marchman,C_lin
Marchman::1177,1.295027010194138,NA,English (American),marchman,C_lin
Marchman::1178,1.6003327069300068,NA,English (American),marchman,C_lin
Marchman::1179,0.33977993183980504,NA,English (American),marchman,C_lin
Marchman::118,0.3679057876777113,NA,English (American),marchman,C_lin
Marchman::1180,1.2238481401740706,NA,English (American),marchman,C_lin
Marchman::1181,-2.689519461777214,NA,English (American),marchman,C_lin
Marchman::1182,2.833703438342323,NA,English (American),marchman,C_lin
Marchman::1183,-0.5230666718474871,NA,English (American),marchman,C_lin
Marchman::1184,-1.8419831617563338,NA,English (American),marchman,C_lin
Marchman::1185,0.8166004841884131,NA,English (American),marchman,C_lin
Marchman::1186,2.0192764658451234,NA,English (American),marchman,C_lin
Marchman::1187,-0.1649491627450923,NA,English (American),marchman,C_lin
Marchman::1188,0.3055133698823494,NA,English (American),marchman,C_lin
Marchman::1189,0.8914672590205678,NA,English (American),marchman,C_lin
Marchman::119,2.197854894503481,NA,English (American),marchman,C_lin
Marchman::1190,2.099880391153092,NA,English (American),marchman,C_lin
Marchman::1191,-0.35099023537839485,NA,English (American),marchman,C_lin
Marchman::1192,-0.010010225841308987,NA,English (American),marchman,C_lin
Marchman::1193,0.24312955539651604,NA,English (American),marchman,C_lin
Marchman::1194,-1.8772301783309624,NA,English (American),marchman,C_lin
Marchman::1195,2.0064664705508464,NA,English (American),marchman,C_lin
Marchman::1196,2.3542950999451695,NA,English (American),marchman,C_lin
Marchman::1197,0.36529762775591545,NA,English (American),marchman,C_lin
Marchman::1198,0.2765331044547222,NA,English (American),marchman,C_lin
Marchman::1199,-0.7867680278048403,NA,English (American),marchman,C_lin
Marchman::12,-0.06264847154138989,NA,English (American),marchman,C_lin
Marchman::120,-1.893914493896282,NA,English (American),marchman,C_lin
Marchman::1200,-0.01770166316290439,NA,English (American),marchman,C_lin
Marchman::1201,2.2627309537524094,NA,English (American),marchman,C_lin
Marchman::1202,-1.7871964104369797,NA,English (American),marchman,C_lin
Marchman::1203,-0.18965713368669693,NA,English (American),marchman,C_lin
Marchman::1204,1.1288487112789232,NA,English (American),marchman,C_lin
Marchman::1205,0.43012664757099067,NA,English (American),marchman,C_lin
Marchman::1206,2.02341560704601,NA,English (American),marchman,C_lin
Marchman::1207,0.05204568388236598,NA,English (American),marchman,C_lin
Marchman::1208,0.9289743528117118,NA,English (American),marchman,C_lin
Marchman::1209,-0.6405868851159194,NA,English (American),marchman,C_lin
Marchman::121,-1.744230046969217,NA,English (American),marchman,C_lin
Marchman::1210,0.36750962886201594,NA,English (American),marchman,C_lin
Marchman::1211,0.615540283802211,NA,English (American),marchman,C_lin
Marchman::1212,-2.772732723330741,NA,English (American),marchman,C_lin
Marchman::1213,0.2841141242704686,NA,English (American),marchman,C_lin
Marchman::1214,-0.8853485283123077,NA,English (American),marchman,C_lin
Marchman::1215,-1.3551655610941704,NA,English (American),marchman,C_lin
Marchman::1216,1.6587294548413478,NA,English (American),marchman,C_lin
Marchman::1217,0.6269709833612531,NA,English (American),marchman,C_lin
Marchman::1218,-0.02588593259711857,NA,English (American),marchman,C_lin
Marchman::1219,-1.64787810377781,NA,English (American),marchman,C_lin
Marchman::122,-0.7669248534141052,NA,English (American),marchman,C_lin
Marchman::1220,-0.16129409682262794,NA,English (American),marchman,C_lin
Marchman::1221,0.010163986760815553,NA,English (American),marchman,C_lin
Marchman::1222,0.6712956821796877,NA,English (American),marchman,C_lin
Marchman::1223,1.878242387250904,NA,English (American),marchman,C_lin
Marchman::1224,0.4038116477376984,NA,English (American),marchman,C_lin
Marchman::1225,0.1646940186949202,NA,English (American),marchman,C_lin
Marchman::1226,-0.8721592539286072,NA,English (American),marchman,C_lin
Marchman::1227,1.6350956721055587,NA,English (American),marchman,C_lin
Marchman::1228,0.4670603324120301,NA,English (American),marchman,C_lin
Marchman::1229,-0.19982978673276683,NA,English (American),marchman,C_lin
Marchman::123,-1.9370634614822986,NA,English (American),marchman,C_lin
Marchman::1230,1.343389740719062,NA,English (American),marchman,C_lin
Marchman::1231,-0.5638356768712304,NA,English (American),marchman,C_lin
Marchman::1232,-0.09150749566842398,NA,English (American),marchman,C_lin
Marchman::1233,1.1415126569384138,NA,English (American),marchman,C_lin
Marchman::1234,-0.8980925428123362,NA,English (American),marchman,C_lin
Marchman::1235,1.6988992505527867,NA,English (American),marchman,C_lin
Marchman::1236,0.3853074638259786,NA,English (American),marchman,C_lin
Marchman::1237,1.1571512520948453,NA,English (American),marchman,C_lin
Marchman::1238,-0.3537398975362406,NA,English (American),marchman,C_lin
Marchman::1239,0.3584812519897966,NA,English (American),marchman,C_lin
Marchman::1240,1.3951231173251275,NA,English (American),marchman,C_lin
Marchman::1241,-2.4902551814811056,NA,English (American),marchman,C_lin
Marchman::1242,-0.5062205909536944,NA,English (American),marchman,C_lin
Marchman::1243,0.24461637876655842,NA,English (American),marchman,C_lin
Marchman::1244,2.216009117995855,NA,English (American),marchman,C_lin
Marchman::1245,0.860329831131358,NA,English (American),marchman,C_lin
Marchman::1246,1.2595686581759615,NA,English (American),marchman,C_lin
Marchman::1247,1.2768043971674174,NA,English (American),marchman,C_lin
Marchman::1248,1.9280750724497455,NA,English (American),marchman,C_lin
Marchman::1249,1.2105555621811035,NA,English (American),marchman,C_lin
Marchman::125,1.7181530240348672,NA,English (American),marchman,C_lin
Marchman::1250,2.1695699795874357,NA,English (American),marchman,C_lin
Marchman::1251,-0.25577796750326653,NA,English (American),marchman,C_lin
Marchman::1252,0.7752897788209078,NA,English (American),marchman,C_lin
Marchman::1253,0.9727331794733638,NA,English (American),marchman,C_lin
Marchman::1254,0.7221153553537396,NA,English (American),marchman,C_lin
Marchman::1255,-0.8385042995311954,NA,English (American),marchman,C_lin
Marchman::1256,1.22397465485682,NA,English (American),marchman,C_lin
Marchman::1257,1.468052201340585,NA,English (American),marchman,C_lin
Marchman::1258,0.7301056364081219,NA,English (American),marchman,C_lin
Marchman::1259,-0.8787847809964955,NA,English (American),marchman,C_lin
Marchman::126,0.09560641257679511,NA,English (American),marchman,C_lin
Marchman::1260,0.5650582357332572,NA,English (American),marchman,C_lin
Marchman::1261,-1.8731427428011476,NA,English (American),marchman,C_lin
Marchman::1262,-0.5242395129579565,NA,English (American),marchman,C_lin
Marchman::1263,0.993511658440226,NA,English (American),marchman,C_lin
Marchman::1264,0.6895694292171559,NA,English (American),marchman,C_lin
Marchman::1265,0.261836777000554,NA,English (American),marchman,C_lin
Marchman::1266,0.9292584651095587,NA,English (American),marchman,C_lin
Marchman::1267,-0.4664997943655607,NA,English (American),marchman,C_lin
Marchman::1268,-0.18015518203023637,NA,English (American),marchman,C_lin
Marchman::1269,1.3911526398984981,NA,English (American),marchman,C_lin
Marchman::127,1.362002795987562,NA,English (American),marchman,C_lin
Marchman::1270,1.0681464458620098,NA,English (American),marchman,C_lin
Marchman::1271,0.236672385550541,NA,English (American),marchman,C_lin
Marchman::1272,1.2007837283882006,NA,English (American),marchman,C_lin
Marchman::1273,-0.49951917092668047,NA,English (American),marchman,C_lin
Marchman::1274,1.322596311592134,NA,English (American),marchman,C_lin
Marchman::1275,0.08017807790168631,NA,English (American),marchman,C_lin
Marchman::1276,0.5693575443761233,NA,English (American),marchman,C_lin
Marchman::1277,-0.8628192932096865,NA,English (American),marchman,C_lin
Marchman::1278,-1.5588147276343238,NA,English (American),marchman,C_lin
Marchman::1279,-0.009151925329865524,NA,English (American),marchman,C_lin
Marchman::128,-0.4937827387342196,NA,English (American),marchman,C_lin
Marchman::1280,1.332646709455939,NA,English (American),marchman,C_lin
Marchman::1281,-0.10559959692972518,NA,English (American),marchman,C_lin
Marchman::1282,-0.019823144891954976,NA,English (American),marchman,C_lin
Marchman::1283,-0.6308886399322913,NA,English (American),marchman,C_lin
Marchman::1284,3.4443953060957195,NA,English (American),marchman,C_lin
Marchman::1285,-0.7626606557920603,NA,English (American),marchman,C_lin
Marchman::1286,1.2381113449003895,NA,English (American),marchman,C_lin
Marchman::1287,-0.9741917245820002,NA,English (American),marchman,C_lin
Marchman::1288,-0.3647738502055127,NA,English (American),marchman,C_lin
Marchman::1289,-1.379168095056317,NA,English (American),marchman,C_lin
Marchman::129,1.110807428453221,NA,English (American),marchman,C_lin
Marchman::1291,1.2203355246013903,NA,English (American),marchman,C_lin
Marchman::1292,1.1468661264838904,NA,English (American),marchman,C_lin
Marchman::1294,0.9223974127391364,NA,English (American),marchman,C_lin
Marchman::1295,2.037152331899553,NA,English (American),marchman,C_lin
Marchman::1296,-0.38265485066102206,NA,English (American),marchman,C_lin
Marchman::1297,0.24419499174928025,NA,English (American),marchman,C_lin
Marchman::1298,-2.252517815393127,NA,English (American),marchman,C_lin
Marchman::1299,2.1454191162140535,NA,English (American),marchman,C_lin
Marchman::13,1.193605629483105,NA,English (American),marchman,C_lin
Marchman::130,-0.8432174854624135,NA,English (American),marchman,C_lin
Marchman::1300,-0.45847348021290557,NA,English (American),marchman,C_lin
Marchman::1301,-0.34132085839292986,NA,English (American),marchman,C_lin
Marchman::1302,-1.6498476800270765,NA,English (American),marchman,C_lin
Marchman::1303,-0.7960435838366322,NA,English (American),marchman,C_lin
Marchman::1304,0.4494787378141293,NA,English (American),marchman,C_lin
Marchman::1305,0.33522647793156185,NA,English (American),marchman,C_lin
Marchman::1306,2.728426120753798,NA,English (American),marchman,C_lin
Marchman::1307,0.10007105627170781,NA,English (American),marchman,C_lin
Marchman::1308,1.9474810838743815,NA,English (American),marchman,C_lin
Marchman::1309,2.990003640260662,NA,English (American),marchman,C_lin
Marchman::131,-2.3959757924992453,NA,English (American),marchman,C_lin
Marchman::1310,0.12983971813659897,NA,English (American),marchman,C_lin
Marchman::1311,1.573912923014383,NA,English (American),marchman,C_lin
Marchman::1312,-0.07987960484955314,NA,English (American),marchman,C_lin
Marchman::1313,0.5078798109657026,NA,English (American),marchman,C_lin
Marchman::1314,2.19865084902436,NA,English (American),marchman,C_lin
Marchman::1315,0.32818787887065787,NA,English (American),marchman,C_lin
Marchman::1316,0.7039559954493759,NA,English (American),marchman,C_lin
Marchman::1317,1.1911842364087342,NA,English (American),marchman,C_lin
Marchman::1318,0.5900134615712916,NA,English (American),marchman,C_lin
Marchman::1319,1.6585860077257435,NA,English (American),marchman,C_lin
Marchman::132,-1.4424204003705026,NA,English (American),marchman,C_lin
Marchman::1320,1.9171083790944665,NA,English (American),marchman,C_lin
Marchman::1321,1.8511638485871933,NA,English (American),marchman,C_lin
Marchman::1322,1.8917729684410896,NA,English (American),marchman,C_lin
Marchman::1323,1.572411835133298,NA,English (American),marchman,C_lin
Marchman::1324,-0.837116583689685,NA,English (American),marchman,C_lin
Marchman::1325,0.9392286221407495,NA,English (American),marchman,C_lin
Marchman::1326,0.052889253162067176,NA,English (American),marchman,C_lin
Marchman::1327,0.9022951660173554,NA,English (American),marchman,C_lin
Marchman::1328,-0.11541332951001666,NA,English (American),marchman,C_lin
Marchman::1329,2.52225837370569,NA,English (American),marchman,C_lin
Marchman::133,-0.9831866333320485,NA,English (American),marchman,C_lin
Marchman::1330,-1.0643506341592062,NA,English (American),marchman,C_lin
Marchman::1331,0.1616145173785778,NA,English (American),marchman,C_lin
Marchman::1332,0.06411023250701076,NA,English (American),marchman,C_lin
Marchman::1333,2.041002514419168,NA,English (American),marchman,C_lin
Marchman::1334,0.38191220667344083,NA,English (American),marchman,C_lin
Marchman::1335,1.09383070264272,NA,English (American),marchman,C_lin
Marchman::1336,0.8439048554617469,NA,English (American),marchman,C_lin
Marchman::1337,0.055721861397533316,NA,English (American),marchman,C_lin
Marchman::1338,-0.8558153104306576,NA,English (American),marchman,C_lin
Marchman::1339,-0.3149679776030029,NA,English (American),marchman,C_lin
Marchman::134,-1.332448784574351,NA,English (American),marchman,C_lin
Marchman::1340,1.8475990823149813,NA,English (American),marchman,C_lin
Marchman::1341,-1.9124855841510429,NA,English (American),marchman,C_lin
Marchman::1342,-1.7072223075471584,NA,English (American),marchman,C_lin
Marchman::1343,1.1411342495525463,NA,English (American),marchman,C_lin
Marchman::1344,-1.8044709572350046,NA,English (American),marchman,C_lin
Marchman::1345,-0.2811009670710362,NA,English (American),marchman,C_lin
Marchman::1346,1.4084993144084281,NA,English (American),marchman,C_lin
Marchman::1347,2.4842231182474928,NA,English (American),marchman,C_lin
Marchman::1348,1.4864675427775458,NA,English (American),marchman,C_lin
Marchman::1349,2.7486276998843877,NA,English (American),marchman,C_lin
Marchman::135,-1.7397852086063965,NA,English (American),marchman,C_lin
Marchman::1350,0.6713793599689831,NA,English (American),marchman,C_lin
Marchman::1351,2.263358523094091,NA,English (American),marchman,C_lin
Marchman::1352,-0.4067196444080334,NA,English (American),marchman,C_lin
Marchman::1353,2.233094090746312,NA,English (American),marchman,C_lin
Marchman::1354,2.0714875509566717,NA,English (American),marchman,C_lin
Marchman::1355,1.1048200602818017,NA,English (American),marchman,C_lin
Marchman::1356,-2.88339814592969,NA,English (American),marchman,C_lin
Marchman::1357,-0.026414453777574325,NA,English (American),marchman,C_lin
Marchman::1358,0.7208192695559144,NA,English (American),marchman,C_lin
Marchman::1359,2.1362982389499487,NA,English (American),marchman,C_lin
Marchman::136,-1.7148817723994396,NA,English (American),marchman,C_lin
Marchman::1360,-0.8720395881977121,NA,English (American),marchman,C_lin
Marchman::1361,-0.0918747477465874,NA,English (American),marchman,C_lin
Marchman::1362,-1.789411273764844,NA,English (American),marchman,C_lin
Marchman::1363,3.195653590692801,NA,English (American),marchman,C_lin
Marchman::1364,1.9671776890254369,NA,English (American),marchman,C_lin
Marchman::1365,-0.21926300891322573,NA,English (American),marchman,C_lin
Marchman::1366,-0.2225228840198266,NA,English (American),marchman,C_lin
Marchman::1367,0.7857395267579115,NA,English (American),marchman,C_lin
Marchman::1368,1.4058250762118438,NA,English (American),marchman,C_lin
Marchman::1369,-1.0964821168008354,NA,English (American),marchman,C_lin
Marchman::1370,-0.43942413110165923,NA,English (American),marchman,C_lin
Marchman::1371,1.791588987333148,NA,English (American),marchman,C_lin
Marchman::1372,-0.2473229358489546,NA,English (American),marchman,C_lin
Marchman::1373,0.309620800706984,NA,English (American),marchman,C_lin
Marchman::1374,0.5223311464982661,NA,English (American),marchman,C_lin
Marchman::1375,1.1281613687924972,NA,English (American),marchman,C_lin
Marchman::1376,0.029631577721049154,NA,English (American),marchman,C_lin
Marchman::1377,-0.6869514970292504,NA,English (American),marchman,C_lin
Marchman::1378,1.0746607315933336,NA,English (American),marchman,C_lin
Marchman::1379,1.9489657464615493,NA,English (American),marchman,C_lin
Marchman::1380,-0.34178753133291634,NA,English (American),marchman,C_lin
Marchman::1382,0.2949108244485051,NA,English (American),marchman,C_lin
Marchman::1383,1.9586707857055101,NA,English (American),marchman,C_lin
Marchman::1384,-2.1982209816050804,NA,English (American),marchman,C_lin
Marchman::1385,3.0435683420446917,NA,English (American),marchman,C_lin
Marchman::1386,2.0781112326973594,NA,English (American),marchman,C_lin
Marchman::1388,-0.08732510123930075,NA,English (American),marchman,C_lin
Marchman::1389,0.07938070913897585,NA,English (American),marchman,C_lin
Marchman::139,-2.810033718756951,NA,English (American),marchman,C_lin
Marchman::1390,0.70771893545433,NA,English (American),marchman,C_lin
Marchman::1391,1.6147328149013933,NA,English (American),marchman,C_lin
Marchman::1392,0.3475152057982214,NA,English (American),marchman,C_lin
Marchman::1393,0.7789316511921034,NA,English (American),marchman,C_lin
Marchman::1394,1.999831327237486,NA,English (American),marchman,C_lin
Marchman::1395,1.487774758656251,NA,English (American),marchman,C_lin
Marchman::1396,2.5222583737056894,NA,English (American),marchman,C_lin
Marchman::1397,2.055480289002694,NA,English (American),marchman,C_lin
Marchman::1398,2.546328391914288,NA,English (American),marchman,C_lin
Marchman::1399,-0.039862272294633086,NA,English (American),marchman,C_lin
Marchman::14,-0.9033794928149609,NA,English (American),marchman,C_lin
Marchman::140,-0.6212386294454625,NA,English (American),marchman,C_lin
Marchman::1400,2.1333768575630248,NA,English (American),marchman,C_lin
Marchman::1401,0.7713345204319936,NA,English (American),marchman,C_lin
Marchman::1402,-0.20116213882792913,NA,English (American),marchman,C_lin
Marchman::1404,0.07962608460170996,NA,English (American),marchman,C_lin
Marchman::1405,1.6376418478519157,NA,English (American),marchman,C_lin
Marchman::1406,-0.8384720141964327,NA,English (American),marchman,C_lin
Marchman::1407,-2.0898424410886283,NA,English (American),marchman,C_lin
Marchman::1408,1.8045441629249783,NA,English (American),marchman,C_lin
Marchman::1409,0.9750174286711291,NA,English (American),marchman,C_lin
Marchman::141,-1.1181672878804323,NA,English (American),marchman,C_lin
Marchman::1410,0.42782039949262524,NA,English (American),marchman,C_lin
Marchman::1411,1.1023390570505434,NA,English (American),marchman,C_lin
Marchman::1413,0.21669205599603422,NA,English (American),marchman,C_lin
Marchman::1414,0.24876551299154798,NA,English (American),marchman,C_lin
Marchman::1415,-0.08522987550921239,NA,English (American),marchman,C_lin
Marchman::1416,0.15339615987726493,NA,English (American),marchman,C_lin
Marchman::1417,1.3171878241394939,NA,English (American),marchman,C_lin
Marchman::1418,1.5862543707072296,NA,English (American),marchman,C_lin
Marchman::1419,3.123255070730438,NA,English (American),marchman,C_lin
Marchman::1420,-2.079681155788204,NA,English (American),marchman,C_lin
Marchman::1422,-0.18838348802020505,NA,English (American),marchman,C_lin
Marchman::1423,0.7514512620885478,NA,English (American),marchman,C_lin
Marchman::1424,1.5082561000818646,NA,English (American),marchman,C_lin
Marchman::1425,-2.171487810255264,NA,English (American),marchman,C_lin
Marchman::1426,0.8246173353617645,NA,English (American),marchman,C_lin
Marchman::1427,0.127897132565762,NA,English (American),marchman,C_lin
Marchman::1428,1.824541699988623,NA,English (American),marchman,C_lin
Marchman::1429,0.5925024706304651,NA,English (American),marchman,C_lin
Marchman::143,-0.9146965246667463,NA,English (American),marchman,C_lin
Marchman::1430,2.4368733020816147,NA,English (American),marchman,C_lin
Marchman::1431,-1.4878980749664352,NA,English (American),marchman,C_lin
Marchman::1432,0.4962780096566443,NA,English (American),marchman,C_lin
Marchman::1433,0.7039559954493743,NA,English (American),marchman,C_lin
Marchman::1434,-0.9628809354613495,NA,English (American),marchman,C_lin
Marchman::1435,-0.7534290414338012,NA,English (American),marchman,C_lin
Marchman::1436,-4.232721594003318,NA,English (American),marchman,C_lin
Marchman::1437,0.4827714835444214,NA,English (American),marchman,C_lin
Marchman::1438,0.629518600900165,NA,English (American),marchman,C_lin
Marchman::1439,-0.9908955008713181,NA,English (American),marchman,C_lin
Marchman::144,-1.3218394605543626,NA,English (American),marchman,C_lin
Marchman::1440,-2.0919057164616395,NA,English (American),marchman,C_lin
Marchman::1442,0.6965117565424022,NA,English (American),marchman,C_lin
Marchman::1443,0.2747863402668332,NA,English (American),marchman,C_lin
Marchman::1444,-0.0024648109516085823,NA,English (American),marchman,C_lin
Marchman::1445,0.6603037150554205,NA,English (American),marchman,C_lin
Marchman::1446,-1.3516152548114266,NA,English (American),marchman,C_lin
Marchman::1447,0.48277148354441834,NA,English (American),marchman,C_lin
Marchman::1448,0.04352423985082649,NA,English (American),marchman,C_lin
Marchman::1449,0.509844365589438,NA,English (American),marchman,C_lin
Marchman::145,0.7711305461620936,NA,English (American),marchman,C_lin
Marchman::1450,-0.5798942674753864,NA,English (American),marchman,C_lin
Marchman::1451,0.4426051785800881,NA,English (American),marchman,C_lin
Marchman::1452,1.600807502877703,NA,English (American),marchman,C_lin
Marchman::1453,0.7443856839964678,NA,English (American),marchman,C_lin
Marchman::1454,0.10602065401709082,NA,English (American),marchman,C_lin
Marchman::1455,0.09076563492675409,NA,English (American),marchman,C_lin
Marchman::1456,-1.6923910080107862,NA,English (American),marchman,C_lin
Marchman::1457,-0.8708044337151494,NA,English (American),marchman,C_lin
Marchman::1458,-0.5476128279910688,NA,English (American),marchman,C_lin
Marchman::1459,1.22127684887972,NA,English (American),marchman,C_lin
Marchman::1460,-2.062012264547826,NA,English (American),marchman,C_lin
Marchman::1461,2.452712142089149,NA,English (American),marchman,C_lin
Marchman::1462,0.4276064418432583,NA,English (American),marchman,C_lin
Marchman::1463,0.6961376155453896,NA,English (American),marchman,C_lin
Marchman::1464,1.817877954990803,NA,English (American),marchman,C_lin
Marchman::1465,1.1606408827584613,NA,English (American),marchman,C_lin
Marchman::1466,2.235017001888167,NA,English (American),marchman,C_lin
Marchman::1467,1.3372664310730145,NA,English (American),marchman,C_lin
Marchman::1468,0.5981891956732076,NA,English (American),marchman,C_lin
Marchman::1469,1.1208941563646606,NA,English (American),marchman,C_lin
Marchman::147,-0.9523934699705471,NA,English (American),marchman,C_lin
Marchman::1470,0.5464226477671419,NA,English (American),marchman,C_lin
Marchman::1471,1.122950471430433,NA,English (American),marchman,C_lin
Marchman::1472,1.5743558642550526,NA,English (American),marchman,C_lin
Marchman::1473,1.0262838683350204,NA,English (American),marchman,C_lin
Marchman::1474,-1.1838086416538898,NA,English (American),marchman,C_lin
Marchman::1475,1.4774724521924267,NA,English (American),marchman,C_lin
Marchman::1476,0.27037991251419996,NA,English (American),marchman,C_lin
Marchman::1477,0.9521339721359964,NA,English (American),marchman,C_lin
Marchman::1478,1.6036532317632473,NA,English (American),marchman,C_lin
Marchman::1479,-2.3082882875422093,NA,English (American),marchman,C_lin
Marchman::148,-0.42024100387714375,NA,English (American),marchman,C_lin
Marchman::1481,-0.6049234784478216,NA,English (American),marchman,C_lin
Marchman::1482,-1.0385465300980188,NA,English (American),marchman,C_lin
Marchman::1483,-0.24216558199092073,NA,English (American),marchman,C_lin
Marchman::1484,1.8292599906991527,NA,English (American),marchman,C_lin
Marchman::1485,-0.057110531719419884,NA,English (American),marchman,C_lin
Marchman::1486,2.5189304063010067,NA,English (American),marchman,C_lin
Marchman::1487,-2.735013330580396,NA,English (American),marchman,C_lin
Marchman::1488,-2.0880803600374684,NA,English (American),marchman,C_lin
Marchman::1489,-0.3184267510813852,NA,English (American),marchman,C_lin
Marchman::149,0.1845233691296418,NA,English (American),marchman,C_lin
Marchman::1491,-0.5686528118713179,NA,English (American),marchman,C_lin
Marchman::1492,2.5405523499758385,NA,English (American),marchman,C_lin
Marchman::1493,0.7030106211389325,NA,English (American),marchman,C_lin
Marchman::1494,0.39279823619683113,NA,English (American),marchman,C_lin
Marchman::1495,-0.41967759062330245,NA,English (American),marchman,C_lin
Marchman::1496,0.24924838039126526,NA,English (American),marchman,C_lin
Marchman::1497,0.1507973019773687,NA,English (American),marchman,C_lin
Marchman::1498,0.40700585244771514,NA,English (American),marchman,C_lin
Marchman::1499,-1.6071939716064503,NA,English (American),marchman,C_lin
Marchman::15,0.7087324126459003,NA,English (American),marchman,C_lin
Marchman::150,-0.30085328833401004,NA,English (American),marchman,C_lin
Marchman::1500,-0.8867603801543789,NA,English (American),marchman,C_lin
Marchman::1501,-1.0371888706975145,NA,English (American),marchman,C_lin
Marchman::1502,-0.5752107103272761,NA,English (American),marchman,C_lin
Marchman::1503,-1.0768374061406636,NA,English (American),marchman,C_lin
Marchman::1504,0.7926744739942373,NA,English (American),marchman,C_lin
Marchman::1505,-0.27887103121625434,NA,English (American),marchman,C_lin
Marchman::1506,-0.6977162417227866,NA,English (American),marchman,C_lin
Marchman::1507,-0.2211604667788397,NA,English (American),marchman,C_lin
Marchman::1508,-0.8852635135475593,NA,English (American),marchman,C_lin
Marchman::1509,2.939922370704148,NA,English (American),marchman,C_lin
Marchman::151,-3.2617472521496476,NA,English (American),marchman,C_lin
Marchman::1510,2.4553919983287105,NA,English (American),marchman,C_lin
Marchman::1511,-0.5017118817260467,NA,English (American),marchman,C_lin
Marchman::1512,-0.7487869960265015,NA,English (American),marchman,C_lin
Marchman::1513,1.2768043971674181,NA,English (American),marchman,C_lin
Marchman::1514,1.615771041215573,NA,English (American),marchman,C_lin
Marchman::1515,-0.10554449838494771,NA,English (American),marchman,C_lin
Marchman::1516,-0.08303303367541547,NA,English (American),marchman,C_lin
Marchman::1517,2.6732443926525913,NA,English (American),marchman,C_lin
Marchman::1518,-0.8475276109963148,NA,English (American),marchman,C_lin
Marchman::1519,-3.783270139875794,NA,English (American),marchman,C_lin
Marchman::152,-3.103286216219924,NA,English (American),marchman,C_lin
Marchman::1520,0.6238324072974258,NA,English (American),marchman,C_lin
Marchman::1521,-1.2454796765510996,NA,English (American),marchman,C_lin
Marchman::1522,1.1111912582849532,NA,English (American),marchman,C_lin
Marchman::1523,1.9670489567710405,NA,English (American),marchman,C_lin
Marchman::1524,2.315887414070524,NA,English (American),marchman,C_lin
Marchman::1525,0.08780423272465883,NA,English (American),marchman,C_lin
Marchman::1526,-3.6160767103417872,NA,English (American),marchman,C_lin
Marchman::1527,0.4306449864081098,NA,English (American),marchman,C_lin
Marchman::1528,0.12441797337313669,NA,English (American),marchman,C_lin
Marchman::1529,0.4361466936735009,NA,English (American),marchman,C_lin
Marchman::153,-0.7364968059405107,NA,English (American),marchman,C_lin
Marchman::1530,2.047195986416919,NA,English (American),marchman,C_lin
Marchman::1531,-1.5455187977669873,NA,English (American),marchman,C_lin
Marchman::1532,0.4729740658766019,NA,English (American),marchman,C_lin
Marchman::1533,1.3717233931425077,NA,English (American),marchman,C_lin
Marchman::1534,1.6348646498630948,NA,English (American),marchman,C_lin
Marchman::1535,-0.31517436606548116,NA,English (American),marchman,C_lin
Marchman::1536,0.2794476976366764,NA,English (American),marchman,C_lin
Marchman::1537,0.9776223376027877,NA,English (American),marchman,C_lin
Marchman::1538,2.222338477045668,NA,English (American),marchman,C_lin
Marchman::1539,1.721782688148804,NA,English (American),marchman,C_lin
Marchman::1540,1.7892833269221569,NA,English (American),marchman,C_lin
Marchman::1541,-0.056944062057509175,NA,English (American),marchman,C_lin
Marchman::1542,1.0841566171706474,NA,English (American),marchman,C_lin
Marchman::1543,0.7880493906048099,NA,English (American),marchman,C_lin
Marchman::1544,0.9286743375433067,NA,English (American),marchman,C_lin
Marchman::1545,0.7884878880388553,NA,English (American),marchman,C_lin
Marchman::1546,0.8512866269536706,NA,English (American),marchman,C_lin
Marchman::1547,0.6156669039756244,NA,English (American),marchman,C_lin
Marchman::1548,0.3508234188036552,NA,English (American),marchman,C_lin
Marchman::1549,1.0202514589553915,NA,English (American),marchman,C_lin
Marchman::1550,-1.0421387387650358,NA,English (American),marchman,C_lin
Marchman::1551,0.785487008996821,NA,English (American),marchman,C_lin
Marchman::1552,-0.8510573306212695,NA,English (American),marchman,C_lin
Marchman::1553,-0.19940754618168535,NA,English (American),marchman,C_lin
Marchman::1554,-0.07088120492272379,NA,English (American),marchman,C_lin
Marchman::1555,-1.542431591882475,NA,English (American),marchman,C_lin
Marchman::1556,0.51142422653428,NA,English (American),marchman,C_lin
Marchman::1557,1.0753758715764763,NA,English (American),marchman,C_lin
Marchman::1558,0.4822666827582518,NA,English (American),marchman,C_lin
Marchman::1559,-1.6857210214916531,NA,English (American),marchman,C_lin
Marchman::156,-5.088842322636851,NA,English (American),marchman,C_lin
Marchman::1560,1.2251396338977412,NA,English (American),marchman,C_lin
Marchman::1561,-0.4912324958370197,NA,English (American),marchman,C_lin
Marchman::1562,0.9040895572283574,NA,English (American),marchman,C_lin
Marchman::1564,1.3795221228690493,NA,English (American),marchman,C_lin
Marchman::1565,3.0244001629034187,NA,English (American),marchman,C_lin
Marchman::1566,-0.22400512555213228,NA,English (American),marchman,C_lin
Marchman::1567,-2.3843799442071005,NA,English (American),marchman,C_lin
Marchman::1568,1.6674696248789622,NA,English (American),marchman,C_lin
Marchman::1569,-0.09187854635561608,NA,English (American),marchman,C_lin
Marchman::157,-2.961670630436045,NA,English (American),marchman,C_lin
Marchman::1570,-0.8196982985425806,NA,English (American),marchman,C_lin
Marchman::1571,0.3581632036163722,NA,English (American),marchman,C_lin
Marchman::1572,-1.3283211038519938,NA,English (American),marchman,C_lin
Marchman::1573,-0.8194802777507112,NA,English (American),marchman,C_lin
Marchman::1574,-0.18015518203023653,NA,English (American),marchman,C_lin
Marchman::1575,-3.8269523661751537,NA,English (American),marchman,C_lin
Marchman::1576,2.3113665400302983,NA,English (American),marchman,C_lin
Marchman::1577,2.0686836286505526,NA,English (American),marchman,C_lin
Marchman::1578,1.4258303098643352,NA,English (American),marchman,C_lin
Marchman::1579,0.9698636787455482,NA,English (American),marchman,C_lin
Marchman::158,-1.4717406975782068,NA,English (American),marchman,C_lin
Marchman::1580,-1.3372880063404582,NA,English (American),marchman,C_lin
Marchman::1581,-0.43617400610602935,NA,English (American),marchman,C_lin
Marchman::1582,-0.15455297954068595,NA,English (American),marchman,C_lin
Marchman::1583,-2.4817278753247627,NA,English (American),marchman,C_lin
Marchman::1584,0.6347293657338401,NA,English (American),marchman,C_lin
Marchman::1585,-2.4016008870277714,NA,English (American),marchman,C_lin
Marchman::1586,0.006533945891450187,NA,English (American),marchman,C_lin
Marchman::1587,-3.191329988529069,NA,English (American),marchman,C_lin
Marchman::1588,-0.7635131383142848,NA,English (American),marchman,C_lin
Marchman::1589,1.0018326059724667,NA,English (American),marchman,C_lin
Marchman::159,-2.1728732230816794,NA,English (American),marchman,C_lin
Marchman::1590,-2.9979851057520843,NA,English (American),marchman,C_lin
Marchman::1591,-0.8480421261808107,NA,English (American),marchman,C_lin
Marchman::1592,0.015565490773751503,NA,English (American),marchman,C_lin
Marchman::1593,0.33798704480744984,NA,English (American),marchman,C_lin
Marchman::1594,1.3096090861970715,NA,English (American),marchman,C_lin
Marchman::1595,0.19426118418379826,NA,English (American),marchman,C_lin
Marchman::1596,-0.9589005724352355,NA,English (American),marchman,C_lin
Marchman::1597,0.516029953223754,NA,English (American),marchman,C_lin
Marchman::1598,0.9011289351542816,NA,English (American),marchman,C_lin
Marchman::1599,-1.3817839678627801,NA,English (American),marchman,C_lin
Marchman::16,-1.2514872529076164,NA,English (American),marchman,C_lin
Marchman::1600,-0.38594972990740095,NA,English (American),marchman,C_lin
Marchman::1601,-2.206902869685422,NA,English (American),marchman,C_lin
Marchman::1602,0.3592742716392745,NA,English (American),marchman,C_lin
Marchman::1603,2.270558862722653,NA,English (American),marchman,C_lin
Marchman::1604,-1.0562580155314136,NA,English (American),marchman,C_lin
Marchman::1605,-0.4536872263778037,NA,English (American),marchman,C_lin
Marchman::1606,0.730638074126962,NA,English (American),marchman,C_lin
Marchman::1607,-0.5636090459066744,NA,English (American),marchman,C_lin
Marchman::1608,2.1365881679240406,NA,English (American),marchman,C_lin
Marchman::1609,1.4428045030525198,NA,English (American),marchman,C_lin
Marchman::161,-2.73323269832254,NA,English (American),marchman,C_lin
Marchman::1611,-1.096490418450966,NA,English (American),marchman,C_lin
Marchman::1612,-0.9964719950984111,NA,English (American),marchman,C_lin
Marchman::1614,-0.5143229037157084,NA,English (American),marchman,C_lin
Marchman::1615,1.5612088699201883,NA,English (American),marchman,C_lin
Marchman::1616,2.1362982389499474,NA,English (American),marchman,C_lin
Marchman::1617,0.6944495174827862,NA,English (American),marchman,C_lin
Marchman::1618,-0.11674537853445471,NA,English (American),marchman,C_lin
Marchman::1619,-1.6093606666030444,NA,English (American),marchman,C_lin
Marchman::162,-3.5053521097962137,NA,English (American),marchman,C_lin
Marchman::1620,-0.7034046702023913,NA,English (American),marchman,C_lin
Marchman::1621,-1.294287734168827,NA,English (American),marchman,C_lin
Marchman::1622,2.3649913002948635,NA,English (American),marchman,C_lin
Marchman::1623,-0.772454519023092,NA,English (American),marchman,C_lin
Marchman::1624,-0.5225557502215843,NA,English (American),marchman,C_lin
Marchman::1625,-2.194931261404307,NA,English (American),marchman,C_lin
Marchman::1626,-0.2588158749713572,NA,English (American),marchman,C_lin
Marchman::1627,1.3717233931425077,NA,English (American),marchman,C_lin
Marchman::1628,1.2373421445227428,NA,English (American),marchman,C_lin
Marchman::1629,-0.6775098763991061,NA,English (American),marchman,C_lin
Marchman::163,-0.1320334269606199,NA,English (American),marchman,C_lin
Marchman::1630,1.1517754053500942,NA,English (American),marchman,C_lin
Marchman::1631,-0.8004333416369909,NA,English (American),marchman,C_lin
Marchman::1632,1.6305181962973803,NA,English (American),marchman,C_lin
Marchman::1633,0.3218761181146901,NA,English (American),marchman,C_lin
Marchman::1634,2.7766749199155387,NA,English (American),marchman,C_lin
Marchman::1635,-0.7253186311559969,NA,English (American),marchman,C_lin
Marchman::1636,-1.4487970689545915,NA,English (American),marchman,C_lin
Marchman::1637,-0.4481052222752725,NA,English (American),marchman,C_lin
Marchman::1638,-0.7900088410725226,NA,English (American),marchman,C_lin
Marchman::1639,0.6894431219895849,NA,English (American),marchman,C_lin
Marchman::164,1.988359857613138,NA,English (American),marchman,C_lin
Marchman::1640,2.708883768098232,NA,English (American),marchman,C_lin
Marchman::1641,0.5969891556444499,NA,English (American),marchman,C_lin
Marchman::1642,0.7027638348024886,NA,English (American),marchman,C_lin
Marchman::1643,2.8887062162951187,NA,English (American),marchman,C_lin
Marchman::1644,-0.9408894298731189,NA,English (American),marchman,C_lin
Marchman::1645,1.4283488116500282,NA,English (American),marchman,C_lin
Marchman::1646,-1.6376844726823339,NA,English (American),marchman,C_lin
Marchman::1647,-0.8360928503298894,NA,English (American),marchman,C_lin
Marchman::1648,0.8033332021104275,NA,English (American),marchman,C_lin
Marchman::1649,1.2704448177418615,NA,English (American),marchman,C_lin
Marchman::165,0.1783410924456691,NA,English (American),marchman,C_lin
Marchman::1650,-0.5428213194950785,NA,English (American),marchman,C_lin
Marchman::1651,-0.17267776086432826,NA,English (American),marchman,C_lin
Marchman::1652,0.10663961682332859,NA,English (American),marchman,C_lin
Marchman::1653,1.8760905571717266,NA,English (American),marchman,C_lin
Marchman::1654,1.8285942656899108,NA,English (American),marchman,C_lin
Marchman::1655,0.3123751143684833,NA,English (American),marchman,C_lin
Marchman::1656,-1.2178483919463787,NA,English (American),marchman,C_lin
Marchman::1657,0.2703799125142002,NA,English (American),marchman,C_lin
Marchman::1658,-0.34872007593888404,NA,English (American),marchman,C_lin
Marchman::1659,0.3140388386515504,NA,English (American),marchman,C_lin
Marchman::166,0.919613912278683,NA,English (American),marchman,C_lin
Marchman::1660,1.8428522433139707,NA,English (American),marchman,C_lin
Marchman::1661,0.1873607669426638,NA,English (American),marchman,C_lin
Marchman::1662,2.285169911943244,NA,English (American),marchman,C_lin
Marchman::1663,2.0374705676723868,NA,English (American),marchman,C_lin
Marchman::1664,1.2690911144098056,NA,English (American),marchman,C_lin
Marchman::1665,-0.7190867433105688,NA,English (American),marchman,C_lin
Marchman::1666,2.079432066748218,NA,English (American),marchman,C_lin
Marchman::1667,-1.2069979826746329,NA,English (American),marchman,C_lin
Marchman::1668,-0.22682995795222793,NA,English (American),marchman,C_lin
Marchman::1669,-2.968994549637212,NA,English (American),marchman,C_lin
Marchman::167,-0.7228935854363732,NA,English (American),marchman,C_lin
Marchman::1670,-2.1219064294790733,NA,English (American),marchman,C_lin
Marchman::1671,-0.259908500847698,NA,English (American),marchman,C_lin
Marchman::1672,0.40544089998613775,NA,English (American),marchman,C_lin
Marchman::1673,-0.2870285002052902,NA,English (American),marchman,C_lin
Marchman::1674,0.564829179638733,NA,English (American),marchman,C_lin
Marchman::1675,0.1657956324841547,NA,English (American),marchman,C_lin
Marchman::1676,1.3023695307147838,NA,English (American),marchman,C_lin
Marchman::1677,1.2657468060472787,NA,English (American),marchman,C_lin
Marchman::1678,-0.7814699134610634,NA,English (American),marchman,C_lin
Marchman::1679,0.2148853046053226,NA,English (American),marchman,C_lin
Marchman::1680,0.897683339314412,NA,English (American),marchman,C_lin
Marchman::1681,1.373797596382569,NA,English (American),marchman,C_lin
Marchman::1682,2.9501278615634914,NA,English (American),marchman,C_lin
Marchman::1683,0.7996311611192846,NA,English (American),marchman,C_lin
Marchman::1684,0.06203183304879185,NA,English (American),marchman,C_lin
Marchman::1685,-1.6679755510705256,NA,English (American),marchman,C_lin
Marchman::1686,1.6380106334242026,NA,English (American),marchman,C_lin
Marchman::1687,3.1460304285874843,NA,English (American),marchman,C_lin
Marchman::1688,0.1732366198318796,NA,English (American),marchman,C_lin
Marchman::1689,1.276804397167419,NA,English (American),marchman,C_lin
Marchman::169,-1.1886781977299317,NA,English (American),marchman,C_lin
Marchman::1690,-3.3177232853032974,NA,English (American),marchman,C_lin
Marchman::1691,-0.4272800532973977,NA,English (American),marchman,C_lin
Marchman::1692,-2.1236705895169767,NA,English (American),marchman,C_lin
Marchman::1693,-0.8943887712454016,NA,English (American),marchman,C_lin
Marchman::1694,-1.319034224852328,NA,English (American),marchman,C_lin
Marchman::1695,1.4476069920703376,NA,English (American),marchman,C_lin
Marchman::1696,3.3641617515903137,NA,English (American),marchman,C_lin
Marchman::1698,-4.844664397092897,NA,English (American),marchman,C_lin
Marchman::1699,-0.10667794792639408,NA,English (American),marchman,C_lin
Marchman::17,-0.532847195505078,NA,English (American),marchman,C_lin
Marchman::170,-0.7267349827961327,NA,English (American),marchman,C_lin
Marchman::1700,-0.9151740049151122,NA,English (American),marchman,C_lin
Marchman::1701,-2.4818709989238963,NA,English (American),marchman,C_lin
Marchman::1702,0.9109327577686472,NA,English (American),marchman,C_lin
Marchman::1703,-0.386397614733783,NA,English (American),marchman,C_lin
Marchman::1704,-0.5559890969471715,NA,English (American),marchman,C_lin
Marchman::1705,0.8193276323613562,NA,English (American),marchman,C_lin
Marchman::1706,0.1298397181366003,NA,English (American),marchman,C_lin
Marchman::1707,0.19964214894601312,NA,English (American),marchman,C_lin
Marchman::1708,1.195416408721926,NA,English (American),marchman,C_lin
Marchman::1709,-3.9484859240048986,NA,English (American),marchman,C_lin
Marchman::1710,-1.928916518751483,NA,English (American),marchman,C_lin
Marchman::1711,0.2038851595483402,NA,English (American),marchman,C_lin
Marchman::1712,0.3470252331564163,NA,English (American),marchman,C_lin
Marchman::1713,0.9105432414517597,NA,English (American),marchman,C_lin
Marchman::1714,0.9367787006416249,NA,English (American),marchman,C_lin
Marchman::1715,1.1727982564837287,NA,English (American),marchman,C_lin
Marchman::1716,-1.13386921571925,NA,English (American),marchman,C_lin
Marchman::1717,1.4040734681449123,NA,English (American),marchman,C_lin
Marchman::1718,0.1853997577061206,NA,English (American),marchman,C_lin
Marchman::1719,2.0659205869600443,NA,English (American),marchman,C_lin
Marchman::172,-3.818002492757545,NA,English (American),marchman,C_lin
Marchman::1720,2.298787205304564,NA,English (American),marchman,C_lin
Marchman::1721,-0.419677590623302,NA,English (American),marchman,C_lin
Marchman::1722,-0.9113803911643372,NA,English (American),marchman,C_lin
Marchman::1723,0.7994705507982609,NA,English (American),marchman,C_lin
Marchman::1724,0.7977593505133052,NA,English (American),marchman,C_lin
Marchman::1725,0.6856516947519807,NA,English (American),marchman,C_lin
Marchman::1726,-1.3211980215644448,NA,English (American),marchman,C_lin
Marchman::1727,-0.21597362565005213,NA,English (American),marchman,C_lin
Marchman::1728,0.49627800965664454,NA,English (American),marchman,C_lin
Marchman::1729,1.73000850855558,NA,English (American),marchman,C_lin
Marchman::173,0.5338906068602783,NA,English (American),marchman,C_lin
Marchman::1730,1.4327334161264307,NA,English (American),marchman,C_lin
Marchman::1731,2.9073054154484557,NA,English (American),marchman,C_lin
Marchman::1732,-0.1593430744844623,NA,English (American),marchman,C_lin
Marchman::1733,1.7386764505824555,NA,English (American),marchman,C_lin
Marchman::1734,-0.05898687850943046,NA,English (American),marchman,C_lin
Marchman::1735,2.902273770286096,NA,English (American),marchman,C_lin
Marchman::1736,1.8773980775648242,NA,English (American),marchman,C_lin
Marchman::1737,1.8664577766198425,NA,English (American),marchman,C_lin
Marchman::1738,0.704169547259595,NA,English (American),marchman,C_lin
Marchman::1739,1.3186693511753862,NA,English (American),marchman,C_lin
Marchman::174,-1.1471635316520363,NA,English (American),marchman,C_lin
Marchman::1740,1.1313620031955973,NA,English (American),marchman,C_lin
Marchman::1741,0.801953937334478,NA,English (American),marchman,C_lin
Marchman::1742,1.388724122780741,NA,English (American),marchman,C_lin
Marchman::1743,2.442285775115829,NA,English (American),marchman,C_lin
Marchman::1744,0.7914248785182922,NA,English (American),marchman,C_lin
Marchman::1745,-0.7240867905770165,NA,English (American),marchman,C_lin
Marchman::1746,-0.8701197802729993,NA,English (American),marchman,C_lin
Marchman::1747,0.39279823619683124,NA,English (American),marchman,C_lin
Marchman::1748,-0.20564460340621193,NA,English (American),marchman,C_lin
Marchman::1749,1.1103135156257822,NA,English (American),marchman,C_lin
Marchman::175,0.8295168536389542,NA,English (American),marchman,C_lin
Marchman::1750,-0.20434427441377093,NA,English (American),marchman,C_lin
Marchman::1751,-2.699962655172284,NA,English (American),marchman,C_lin
Marchman::1752,-0.6959059662250165,NA,English (American),marchman,C_lin
Marchman::1753,0.42670637990190646,NA,English (American),marchman,C_lin
Marchman::1754,-2.954970615767277,NA,English (American),marchman,C_lin
Marchman::1755,-0.6959059662250163,NA,English (American),marchman,C_lin
Marchman::1756,1.706003479521625,NA,English (American),marchman,C_lin
Marchman::1757,2.7170045555647793,NA,English (American),marchman,C_lin
Marchman::1758,1.3117570641164438,NA,English (American),marchman,C_lin
Marchman::1759,0.46560737939125724,NA,English (American),marchman,C_lin
Marchman::176,-1.251495039050521,NA,English (American),marchman,C_lin
Marchman::1760,-3.4615051918855277,NA,English (American),marchman,C_lin
Marchman::1761,0.1432193504508863,NA,English (American),marchman,C_lin
Marchman::1762,0.09967208607225211,NA,English (American),marchman,C_lin
Marchman::1763,0.01341002224143064,NA,English (American),marchman,C_lin
Marchman::1764,2.875373876078999,NA,English (American),marchman,C_lin
Marchman::1765,0.7523014553009715,NA,English (American),marchman,C_lin
Marchman::1766,-0.6933010351480215,NA,English (American),marchman,C_lin
Marchman::1767,0.7533273931093176,NA,English (American),marchman,C_lin
Marchman::1768,-0.17926820240288824,NA,English (American),marchman,C_lin
Marchman::1769,-1.8399207982563777,NA,English (American),marchman,C_lin
Marchman::177,-0.058485372441534386,NA,English (American),marchman,C_lin
Marchman::1770,0.6831194215756169,NA,English (American),marchman,C_lin
Marchman::1771,1.4983071092526652,NA,English (American),marchman,C_lin
Marchman::1772,1.8645024542223028,NA,English (American),marchman,C_lin
Marchman::1773,-3.270310615789404,NA,English (American),marchman,C_lin
Marchman::1774,-0.3044383032308433,NA,English (American),marchman,C_lin
Marchman::1775,1.1630878396594713,NA,English (American),marchman,C_lin
Marchman::1776,-0.32766747891601217,NA,English (American),marchman,C_lin
Marchman::1777,-2.103955194979457,NA,English (American),marchman,C_lin
Marchman::1778,-1.3226825402178874,NA,English (American),marchman,C_lin
Marchman::1779,2.043589896500631,NA,English (American),marchman,C_lin
Marchman::178,-0.8978846180523496,NA,English (American),marchman,C_lin
Marchman::1780,-0.04999664174394803,NA,English (American),marchman,C_lin
Marchman::1781,0.0018870996382995466,NA,English (American),marchman,C_lin
Marchman::1782,3.43022743564884,NA,English (American),marchman,C_lin
Marchman::1783,1.8227942916038868,NA,English (American),marchman,C_lin
Marchman::1784,2.6787537225703315,NA,English (American),marchman,C_lin
Marchman::1785,1.5516282844288496,NA,English (American),marchman,C_lin
Marchman::1786,-1.3107898139001344,NA,English (American),marchman,C_lin
Marchman::1787,-0.038528627985146224,NA,English (American),marchman,C_lin
Marchman::1788,1.889140237581185,NA,English (American),marchman,C_lin
Marchman::1789,-0.5027769907155034,NA,English (American),marchman,C_lin
Marchman::1790,-2.2018529948181844,NA,English (American),marchman,C_lin
Marchman::1791,1.0616861618882338,NA,English (American),marchman,C_lin
Marchman::1792,2.5236646266628995,NA,English (American),marchman,C_lin
Marchman::1793,-0.7916593498699309,NA,English (American),marchman,C_lin
Marchman::1794,-2.9470252713839895,NA,English (American),marchman,C_lin
Marchman::1795,-0.7447435415344374,NA,English (American),marchman,C_lin
Marchman::1796,-2.311635204562697,NA,English (American),marchman,C_lin
Marchman::1797,1.1170244797261595,NA,English (American),marchman,C_lin
Marchman::1798,0.3721245391052576,NA,English (American),marchman,C_lin
Marchman::1799,0.25766789619281877,NA,English (American),marchman,C_lin
Marchman::18,-0.8792325790916341,NA,English (American),marchman,C_lin
Marchman::180,-0.093497550817373265,NA,English (American),marchman,C_lin
Marchman::1800,-1.6155856097975556,NA,English (American),marchman,C_lin
Marchman::1801,-1.2366997252562588,NA,English (American),marchman,C_lin
Marchman::1802,-0.8983263675294296,NA,English (American),marchman,C_lin
Marchman::1803,1.9208162818186079,NA,English (American),marchman,C_lin
Marchman::1804,0.39228566129034875,NA,English (American),marchman,C_lin
Marchman::1805,-2.0840561068982715,NA,English (American),marchman,C_lin
Marchman::1806,0.07238653199963986,NA,English (American),marchman,C_lin
Marchman::1807,2.7871551617661354,NA,English (American),marchman,C_lin
Marchman::1808,1.6687268396744541,NA,English (American),marchman,C_lin
Marchman::1809,0.631087290998678,NA,English (American),marchman,C_lin
Marchman::181,-1.5058457883182865,NA,English (American),marchman,C_lin
Marchman::1810,-0.24501574405710377,NA,English (American),marchman,C_lin
Marchman::1811,0.8739437873856872,NA,English (American),marchman,C_lin
Marchman::1812,-0.014552249298583182,NA,English (American),marchman,C_lin
Marchman::1813,0.8182247570358626,NA,English (American),marchman,C_lin
Marchman::1814,1.4530057457463998,NA,English (American),marchman,C_lin
Marchman::1815,0.7787332099992935,NA,English (American),marchman,C_lin
Marchman::1816,0.9373910027590693,NA,English (American),marchman,C_lin
Marchman::1817,0.3883373505028059,NA,English (American),marchman,C_lin
Marchman::1818,0.06022006084850206,NA,English (American),marchman,C_lin
Marchman::1819,-0.8389089941035669,NA,English (American),marchman,C_lin
Marchman::182,-2.298439413458996,NA,English (American),marchman,C_lin
Marchman::1820,0.4944783772951957,NA,English (American),marchman,C_lin
Marchman::1821,-2.0464742486873666,NA,English (American),marchman,C_lin
Marchman::1822,0.5188429434380649,NA,English (American),marchman,C_lin
Marchman::1823,-0.6334475617646648,NA,English (American),marchman,C_lin
Marchman::1824,-2.6299277287089367,NA,English (American),marchman,C_lin
Marchman::1825,1.1092620589996585,NA,English (American),marchman,C_lin
Marchman::1826,1.1537561897588684,NA,English (American),marchman,C_lin
Marchman::1827,-0.9732022752703291,NA,English (American),marchman,C_lin
Marchman::1828,1.460935714157291,NA,English (American),marchman,C_lin
Marchman::1829,-0.4496429089173206,NA,English (American),marchman,C_lin
Marchman::183,0.20625705411537842,NA,English (American),marchman,C_lin
Marchman::1830,0.13494832304334545,NA,English (American),marchman,C_lin
Marchman::1831,-2.3707072967546714,NA,English (American),marchman,C_lin
Marchman::1832,1.0947690682523858,NA,English (American),marchman,C_lin
Marchman::1833,2.3943751775357534,NA,English (American),marchman,C_lin
Marchman::1834,0.8153056368887116,NA,English (American),marchman,C_lin
Marchman::1835,1.562361818874258,NA,English (American),marchman,C_lin
Marchman::1836,-0.6958657867049041,NA,English (American),marchman,C_lin
Marchman::1837,-0.5321458334241781,NA,English (American),marchman,C_lin
Marchman::1838,-0.11191640880208022,NA,English (American),marchman,C_lin
Marchman::1839,-3.871304376588181,NA,English (American),marchman,C_lin
Marchman::184,-1.147163531652037,NA,English (American),marchman,C_lin
Marchman::1840,-0.31872372097293766,NA,English (American),marchman,C_lin
Marchman::1841,0.011805856728462193,NA,English (American),marchman,C_lin
Marchman::1842,0.6511286570019511,NA,English (American),marchman,C_lin
Marchman::1843,2.4284569715962796,NA,English (American),marchman,C_lin
Marchman::1844,-1.5884288400656608,NA,English (American),marchman,C_lin
Marchman::1845,1.3594111190091354,NA,English (American),marchman,C_lin
Marchman::1846,-1.8283494814244319,NA,English (American),marchman,C_lin
Marchman::1847,1.577524601954898,NA,English (American),marchman,C_lin
Marchman::1848,0.2652316426913266,NA,English (American),marchman,C_lin
Marchman::1849,0.8511478442352434,NA,English (American),marchman,C_lin
Marchman::185,-1.3502634956047836,NA,English (American),marchman,C_lin
Marchman::1850,-0.3183291898427515,NA,English (American),marchman,C_lin
Marchman::1851,-0.004832481621949253,NA,English (American),marchman,C_lin
Marchman::1852,0.5880315691582467,NA,English (American),marchman,C_lin
Marchman::1853,1.9800661073552894,NA,English (American),marchman,C_lin
Marchman::1854,-0.6708316280011127,NA,English (American),marchman,C_lin
Marchman::1855,0.4490297547941896,NA,English (American),marchman,C_lin
Marchman::1856,-0.7637253262398769,NA,English (American),marchman,C_lin
Marchman::1857,2.4376286307396993,NA,English (American),marchman,C_lin
Marchman::1858,1.1362428802340474,NA,English (American),marchman,C_lin
Marchman::1859,2.5425345011368994,NA,English (American),marchman,C_lin
Marchman::1860,0.4849454522306549,NA,English (American),marchman,C_lin
Marchman::1861,1.9927062927923416,NA,English (American),marchman,C_lin
Marchman::187,0.2268778808657647,NA,English (American),marchman,C_lin
Marchman::188,-0.5878821482638137,NA,English (American),marchman,C_lin
Marchman::189,-1.2385823892690868,NA,English (American),marchman,C_lin
Marchman::19,2.27652504061731,NA,English (American),marchman,C_lin
Marchman::190,-1.9856313367138634,NA,English (American),marchman,C_lin
Marchman::191,-0.5240301100712266,NA,English (American),marchman,C_lin
Marchman::193,-0.3668639050391662,NA,English (American),marchman,C_lin
Marchman::194,-4.680264672645722,NA,English (American),marchman,C_lin
Marchman::195,2.121069066290996,NA,English (American),marchman,C_lin
Marchman::197,-1.198334765560131,NA,English (American),marchman,C_lin
Marchman::198,-1.3830041668748714,NA,English (American),marchman,C_lin
Marchman::199,-4.13869185659301,NA,English (American),marchman,C_lin
Marchman::2,0.9487747991371622,NA,English (American),marchman,C_lin
Marchman::20,-0.5127614621111131,NA,English (American),marchman,C_lin
Marchman::200,-0.050324159085804954,NA,English (American),marchman,C_lin
Marchman::201,-1.20614436567987,NA,English (American),marchman,C_lin
Marchman::202,-1.2859210098176306,NA,English (American),marchman,C_lin
Marchman::203,-0.5445384178130452,NA,English (American),marchman,C_lin
Marchman::204,-3.2097588244366535,NA,English (American),marchman,C_lin
Marchman::205,-0.39391535923847837,NA,English (American),marchman,C_lin
Marchman::206,-2.592455282533224,NA,English (American),marchman,C_lin
Marchman::207,-0.30817150109289626,NA,English (American),marchman,C_lin
Marchman::208,-3.43945787126038,NA,English (American),marchman,C_lin
Marchman::209,-0.0756772862357261,NA,English (American),marchman,C_lin
Marchman::21,-1.2199781435743948,NA,English (American),marchman,C_lin
Marchman::210,-0.642777006704878,NA,English (American),marchman,C_lin
Marchman::211,0.07835618786982325,NA,English (American),marchman,C_lin
Marchman::212,-2.034320592233247,NA,English (American),marchman,C_lin
Marchman::213,-3.4801519937929855,NA,English (American),marchman,C_lin
Marchman::214,-0.06618167849913748,NA,English (American),marchman,C_lin
Marchman::215,-1.0454871091944766,NA,English (American),marchman,C_lin
Marchman::216,-0.7127321962038123,NA,English (American),marchman,C_lin
Marchman::217,-1.0794967183030137,NA,English (American),marchman,C_lin
Marchman::219,-0.7669248534141067,NA,English (American),marchman,C_lin
Marchman::220,-0.7997573984425835,NA,English (American),marchman,C_lin
Marchman::221,-0.9607313303822267,NA,English (American),marchman,C_lin
Marchman::222,-0.8993435685488493,NA,English (American),marchman,C_lin
Marchman::223,-0.6425831301614305,NA,English (American),marchman,C_lin
Marchman::224,0.5033079728292379,NA,English (American),marchman,C_lin
Marchman::225,2.3492967096484687,NA,English (American),marchman,C_lin
Marchman::226,0.052045683882365606,NA,English (American),marchman,C_lin
Marchman::227,-1.248421604020531,NA,English (American),marchman,C_lin
Marchman::228,-2.4513152863808525,NA,English (American),marchman,C_lin
Marchman::23,2.9580533317941105,NA,English (American),marchman,C_lin
Marchman::230,-1.4361660435610253,NA,English (American),marchman,C_lin
Marchman::232,-1.1983347655601309,NA,English (American),marchman,C_lin
Marchman::233,-0.5133657805660745,NA,English (American),marchman,C_lin
Marchman::234,2.198479450320649,NA,English (American),marchman,C_lin
Marchman::235,0.01958939137201833,NA,English (American),marchman,C_lin
Marchman::236,1.4424615141041626,NA,English (American),marchman,C_lin
Marchman::237,-0.6425831301614321,NA,English (American),marchman,C_lin
Marchman::238,-0.10235282532425874,NA,English (American),marchman,C_lin
Marchman::239,-1.3094375655349344,NA,English (American),marchman,C_lin
Marchman::24,-1.3072226749139955,NA,English (American),marchman,C_lin
Marchman::240,0.8475705629724264,NA,English (American),marchman,C_lin
Marchman::241,1.1396992880867352,NA,English (American),marchman,C_lin
Marchman::242,0.09056505862740293,NA,English (American),marchman,C_lin
Marchman::243,-1.5481758690512695,NA,English (American),marchman,C_lin
Marchman::244,0.7711305461620926,NA,English (American),marchman,C_lin
Marchman::245,1.0135610061812643,NA,English (American),marchman,C_lin
Marchman::246,1.88799582914465,NA,English (American),marchman,C_lin
Marchman::247,-0.0749374218541919,NA,English (American),marchman,C_lin
Marchman::248,-1.078082347341914,NA,English (American),marchman,C_lin
Marchman::249,1.4184858929281052,NA,English (American),marchman,C_lin
Marchman::25,2.861478420945488,NA,English (American),marchman,C_lin
Marchman::250,-1.6492571143012276,NA,English (American),marchman,C_lin
Marchman::251,-2.9472107839146022,NA,English (American),marchman,C_lin
Marchman::252,-0.33461000892155984,NA,English (American),marchman,C_lin
Marchman::253,0.809942534051601,NA,English (American),marchman,C_lin
Marchman::254,-4.994592171031965,NA,English (American),marchman,C_lin
Marchman::255,-0.7645876377033338,NA,English (American),marchman,C_lin
Marchman::256,-2.234606518929722,NA,English (American),marchman,C_lin
Marchman::257,-0.6624352109843473,NA,English (American),marchman,C_lin
Marchman::258,1.2745779982987195,NA,English (American),marchman,C_lin
Marchman::259,-0.2236582753391126,NA,English (American),marchman,C_lin
Marchman::260,0.901863510578829,NA,English (American),marchman,C_lin
Marchman::261,1.3898698738585313,NA,English (American),marchman,C_lin
Marchman::262,-2.3817934701933354,NA,English (American),marchman,C_lin
Marchman::263,-6.761745390978042,NA,English (American),marchman,C_lin
Marchman::264,-2.6641976392085267,NA,English (American),marchman,C_lin
Marchman::265,-2.8200053555428064,NA,English (American),marchman,C_lin
Marchman::266,-0.9381540424661083,NA,English (American),marchman,C_lin
Marchman::267,-2.7081666731809273,NA,English (American),marchman,C_lin
Marchman::268,0.21307452391992246,NA,English (American),marchman,C_lin
Marchman::269,0.255661176695584,NA,English (American),marchman,C_lin
Marchman::27,-1.6015741255048905,NA,English (American),marchman,C_lin
Marchman::270,-1.1154316157888098,NA,English (American),marchman,C_lin
Marchman::271,-2.235077331029453,NA,English (American),marchman,C_lin
Marchman::272,-0.3272926584563127,NA,English (American),marchman,C_lin
Marchman::273,-1.9966109087632355,NA,English (American),marchman,C_lin
Marchman::274,-2.0363531535085495,NA,English (American),marchman,C_lin
Marchman::275,-0.24916997017498524,NA,English (American),marchman,C_lin
Marchman::276,0.33320532087723065,NA,English (American),marchman,C_lin
Marchman::277,1.7111643448013705,NA,English (American),marchman,C_lin
Marchman::278,-2.476568913556803,NA,English (American),marchman,C_lin
Marchman::28,-1.3909680677409257,NA,English (American),marchman,C_lin
Marchman::280,1.844912559717492,NA,English (American),marchman,C_lin
Marchman::281,-1.4004783711795346,NA,English (American),marchman,C_lin
Marchman::282,-2.8354451659974313,NA,English (American),marchman,C_lin
Marchman::283,1.4033959120475459,NA,English (American),marchman,C_lin
Marchman::284,-1.3936179217599556,NA,English (American),marchman,C_lin
Marchman::285,-4.929934529898133,NA,English (American),marchman,C_lin
Marchman::286,-4.717282563802169,NA,English (American),marchman,C_lin
Marchman::287,1.616060558070024,NA,English (American),marchman,C_lin
Marchman::288,0.06974825740114748,NA,English (American),marchman,C_lin
Marchman::289,-3.380518401680065,NA,English (American),marchman,C_lin
Marchman::29,1.4535167481491147,NA,English (American),marchman,C_lin
Marchman::290,-1.9494021416764737,NA,English (American),marchman,C_lin
Marchman::291,0.2198385431152747,NA,English (American),marchman,C_lin
Marchman::292,3.4531527675239886,NA,English (American),marchman,C_lin
Marchman::293,0.2503291245548624,NA,English (American),marchman,C_lin
Marchman::294,-1.5587138115446315,NA,English (American),marchman,C_lin
Marchman::295,-3.2291857639738106,NA,English (American),marchman,C_lin
Marchman::296,-2.791965231933189,NA,English (American),marchman,C_lin
Marchman::297,-1.3599234531558,NA,English (American),marchman,C_lin
Marchman::298,-1.1593243035126746,NA,English (American),marchman,C_lin
Marchman::299,-0.20254243907062197,NA,English (American),marchman,C_lin
Marchman::3,0.9864589699208833,NA,English (American),marchman,C_lin
Marchman::30,0.3635426892342594,NA,English (American),marchman,C_lin
Marchman::301,0.4595573979928914,NA,English (American),marchman,C_lin
Marchman::302,1.1554550037587368,NA,English (American),marchman,C_lin
Marchman::303,-1.0324258888011655,NA,English (American),marchman,C_lin
Marchman::304,-1.5249932236908643,NA,English (American),marchman,C_lin
Marchman::305,-1.232869095055841,NA,English (American),marchman,C_lin
Marchman::306,1.739425598790268,NA,English (American),marchman,C_lin
Marchman::307,-0.121616912268707,NA,English (American),marchman,C_lin
Marchman::308,-0.08402237940055583,NA,English (American),marchman,C_lin
Marchman::309,-5.16412998915078,NA,English (American),marchman,C_lin
Marchman::31,1.1621022651421746,NA,English (American),marchman,C_lin
Marchman::310,-2.768188290258397,NA,English (American),marchman,C_lin
Marchman::311,-2.625579646045672,NA,English (American),marchman,C_lin
Marchman::313,2.076219362160694,NA,English (American),marchman,C_lin
Marchman::314,-0.6748565501838746,NA,English (American),marchman,C_lin
Marchman::315,-0.4828650501306507,NA,English (American),marchman,C_lin
Marchman::316,-2.0605706467274953,NA,English (American),marchman,C_lin
Marchman::317,1.3079283940319661,NA,English (American),marchman,C_lin
Marchman::319,0.5277418545289725,NA,English (American),marchman,C_lin
Marchman::32,1.1048039668591947,NA,English (American),marchman,C_lin
Marchman::320,0.47261321438920983,NA,English (American),marchman,C_lin
Marchman::322,-1.8774996665026211,NA,English (American),marchman,C_lin
Marchman::324,-2.1911189758351384,NA,English (American),marchman,C_lin
Marchman::325,-2.099269572152189,NA,English (American),marchman,C_lin
Marchman::326,-1.0163700136288922,NA,English (American),marchman,C_lin
Marchman::327,-1.0804367530360655,NA,English (American),marchman,C_lin
Marchman::328,-1.6594324940842906,NA,English (American),marchman,C_lin
Marchman::329,0.42569577167887385,NA,English (American),marchman,C_lin
Marchman::33,-0.623565581689161,NA,English (American),marchman,C_lin
Marchman::330,0.19420485991966657,NA,English (American),marchman,C_lin
Marchman::331,-0.025735092325306595,NA,English (American),marchman,C_lin
Marchman::332,-0.4199224799369462,NA,English (American),marchman,C_lin
Marchman::334,-2.066150996279871,NA,English (American),marchman,C_lin
Marchman::335,0.44355838126251856,NA,English (American),marchman,C_lin
Marchman::337,-3.0555630859894847,NA,English (American),marchman,C_lin
Marchman::338,-1.814375519491789,NA,English (American),marchman,C_lin
Marchman::339,-1.1616810581136674,NA,English (American),marchman,C_lin
Marchman::34,-3.9432881472779426,NA,English (American),marchman,C_lin
Marchman::340,-3.8508260432067436,NA,English (American),marchman,C_lin
Marchman::341,-1.7357335470071573,NA,English (American),marchman,C_lin
Marchman::342,-4.304676670723748,NA,English (American),marchman,C_lin
Marchman::344,-5.403470804529723,NA,English (American),marchman,C_lin
Marchman::345,-1.227042774234062,NA,English (American),marchman,C_lin
Marchman::346,0.39118309773761534,NA,English (American),marchman,C_lin
Marchman::347,-1.1669069467914919,NA,English (American),marchman,C_lin
Marchman::349,-2.921156579554874,NA,English (American),marchman,C_lin
Marchman::35,0.9621793823318914,NA,English (American),marchman,C_lin
Marchman::350,-0.4134732485496745,NA,English (American),marchman,C_lin
Marchman::351,-4.197688350508406,NA,English (American),marchman,C_lin
Marchman::352,-6.9529664046690645,NA,English (American),marchman,C_lin
Marchman::353,-3.0897500778548777,NA,English (American),marchman,C_lin
Marchman::354,-3.936811963928549,NA,English (American),marchman,C_lin
Marchman::355,1.912554919404453,NA,English (American),marchman,C_lin
Marchman::356,-1.4077123751817413,NA,English (American),marchman,C_lin
Marchman::357,-2.327127124078543,NA,English (American),marchman,C_lin
Marchman::359,-2.791574970055775,NA,English (American),marchman,C_lin
Marchman::360,-1.6156054269093623,NA,English (American),marchman,C_lin
Marchman::361,-1.266260412408803,NA,English (American),marchman,C_lin
Marchman::362,-1.2139775387355496,NA,English (American),marchman,C_lin
Marchman::363,-0.4632231708147356,NA,English (American),marchman,C_lin
Marchman::364,1.121914031126123,NA,English (American),marchman,C_lin
Marchman::365,-1.6337820359352337,NA,English (American),marchman,C_lin
Marchman::366,-4.2426647884395665,NA,English (American),marchman,C_lin
Marchman::367,-1.4570814379399515,NA,English (American),marchman,C_lin
Marchman::368,-3.026779790536306,NA,English (American),marchman,C_lin
Marchman::369,0.6116368353175237,NA,English (American),marchman,C_lin
Marchman::37,-2.6668064686488075,NA,English (American),marchman,C_lin
Marchman::370,2.3128239894192535,NA,English (American),marchman,C_lin
Marchman::371,-1.698752600367017,NA,English (American),marchman,C_lin
Marchman::372,-2.1598597298201,NA,English (American),marchman,C_lin
Marchman::373,-2.5601461890406445,NA,English (American),marchman,C_lin
Marchman::374,-5.3245747284504,NA,English (American),marchman,C_lin
Marchman::375,-0.7982227521943489,NA,English (American),marchman,C_lin
Marchman::376,-0.9443155822203789,NA,English (American),marchman,C_lin
Marchman::377,0.2553243256069287,NA,English (American),marchman,C_lin
Marchman::378,-2.846538987805266,NA,English (American),marchman,C_lin
Marchman::38,1.0897657404909382,NA,English (American),marchman,C_lin
Marchman::380,-1.0526303319460013,NA,English (American),marchman,C_lin
Marchman::381,1.0972248498140413,NA,English (American),marchman,C_lin
Marchman::382,1.0790890907925073,NA,English (American),marchman,C_lin
Marchman::383,-0.032980704506508605,NA,English (American),marchman,C_lin
Marchman::384,-3.425982555701997,NA,English (American),marchman,C_lin
Marchman::385,-2.5819789224666603,NA,English (American),marchman,C_lin
Marchman::386,0.3652526151558331,NA,English (American),marchman,C_lin
Marchman::387,-3.7548895821013466,NA,English (American),marchman,C_lin
Marchman::388,-2.2353057265808007,NA,English (American),marchman,C_lin
Marchman::389,-2.5646674891187735,NA,English (American),marchman,C_lin
Marchman::39,2.6403063805012104,NA,English (American),marchman,C_lin
Marchman::391,-5.541615059981578,NA,English (American),marchman,C_lin
Marchman::392,-1.0858169952787853,NA,English (American),marchman,C_lin
Marchman::393,-1.5138044232421173,NA,English (American),marchman,C_lin
Marchman::394,-0.14228387384239868,NA,English (American),marchman,C_lin
Marchman::395,-0.8484127999585289,NA,English (American),marchman,C_lin
Marchman::396,1.1235579447648334,NA,English (American),marchman,C_lin
Marchman::397,-3.337497041003816,NA,English (American),marchman,C_lin
Marchman::399,-1.9795627955732766,NA,English (American),marchman,C_lin
Marchman::4,1.1342872741340868,NA,English (American),marchman,C_lin
Marchman::40,2.4688995448354873,NA,English (American),marchman,C_lin
Marchman::400,-1.5722853127437795,NA,English (American),marchman,C_lin
Marchman::401,-1.1166055510122825,NA,English (American),marchman,C_lin
Marchman::402,1.548104248670753,NA,English (American),marchman,C_lin
Marchman::404,-3.928542563801894,NA,English (American),marchman,C_lin
Marchman::405,-0.16029010921221812,NA,English (American),marchman,C_lin
Marchman::406,-0.3668639050391665,NA,English (American),marchman,C_lin
Marchman::407,-0.2724334677839275,NA,English (American),marchman,C_lin
Marchman::409,-3.265498961473764,NA,English (American),marchman,C_lin
Marchman::41,2.2728146378733243,NA,English (American),marchman,C_lin
Marchman::411,0.053184862663736884,NA,English (American),marchman,C_lin
Marchman::412,-2.9896826544332527,NA,English (American),marchman,C_lin
Marchman::413,-2.768557177378399,NA,English (American),marchman,C_lin
Marchman::414,-3.8730689998271717,NA,English (American),marchman,C_lin
Marchman::415,0.3878078215706088,NA,English (American),marchman,C_lin
Marchman::417,-2.5880932775704064,NA,English (American),marchman,C_lin
Marchman::418,-0.5240301100712278,NA,English (American),marchman,C_lin
Marchman::419,-1.2320381128588889,NA,English (American),marchman,C_lin
Marchman::42,-2.7436277269450033,NA,English (American),marchman,C_lin
Marchman::420,-2.981450808788522,NA,English (American),marchman,C_lin
Marchman::421,-1.3324681895797048,NA,English (American),marchman,C_lin
Marchman::422,-0.9526674432097786,NA,English (American),marchman,C_lin
Marchman::423,-0.7503884429428483,NA,English (American),marchman,C_lin
Marchman::424,-0.5199316546824392,NA,English (American),marchman,C_lin
Marchman::427,-6.16399577862745,NA,English (American),marchman,C_lin
Marchman::428,-0.3850010803873022,NA,English (American),marchman,C_lin
Marchman::429,-1.771174228243702,NA,English (American),marchman,C_lin
Marchman::43,-1.7967290952381234,NA,English (American),marchman,C_lin
Marchman::430,-2.179127445639189,NA,English (American),marchman,C_lin
Marchman::431,0.8416829899809165,NA,English (American),marchman,C_lin
Marchman::432,-1.052789214480457,NA,English (American),marchman,C_lin
Marchman::433,-3.6799032356981,NA,English (American),marchman,C_lin
Marchman::434,1.4424465983048222,NA,English (American),marchman,C_lin
Marchman::435,-0.7261000519796184,NA,English (American),marchman,C_lin
Marchman::436,-1.7115927719077564,NA,English (American),marchman,C_lin
Marchman::437,1.4858158819557037,NA,English (American),marchman,C_lin
Marchman::438,-1.2952700065058982,NA,English (American),marchman,C_lin
Marchman::439,-0.0901995539605994,NA,English (American),marchman,C_lin
Marchman::44,-0.24501574405710366,NA,English (American),marchman,C_lin
Marchman::440,-1.0698716095498315,NA,English (American),marchman,C_lin
Marchman::441,-1.4337352017298968,NA,English (American),marchman,C_lin
Marchman::443,-0.6706725470904603,NA,English (American),marchman,C_lin
Marchman::444,-0.5458958910298056,NA,English (American),marchman,C_lin
Marchman::446,-0.971228000303651,NA,English (American),marchman,C_lin
Marchman::447,-3.7004751094426553,NA,English (American),marchman,C_lin
Marchman::448,1.3057209719192098,NA,English (American),marchman,C_lin
Marchman::449,-2.5593578389236145,NA,English (American),marchman,C_lin
Marchman::45,0.16029451207243747,NA,English (American),marchman,C_lin
Marchman::450,1.0169763664903992,NA,English (American),marchman,C_lin
Marchman::451,-2.4235908306777016,NA,English (American),marchman,C_lin
Marchman::452,-5.644324186464457,NA,English (American),marchman,C_lin
Marchman::453,-0.9420008706681791,NA,English (American),marchman,C_lin
Marchman::454,0.44055614333436194,NA,English (American),marchman,C_lin
Marchman::455,0.7576042712343618,NA,English (American),marchman,C_lin
Marchman::456,0.23429630272982382,NA,English (American),marchman,C_lin
Marchman::457,-1.9702257285822475,NA,English (American),marchman,C_lin
Marchman::458,-0.6171810588467247,NA,English (American),marchman,C_lin
Marchman::46,-2.261600784805688,NA,English (American),marchman,C_lin
Marchman::460,-1.5035298117553093,NA,English (American),marchman,C_lin
Marchman::461,-0.23079337144654424,NA,English (American),marchman,C_lin
Marchman::462,-3.8096461560724992,NA,English (American),marchman,C_lin
Marchman::463,3.6481449429382624,NA,English (American),marchman,C_lin
Marchman::464,-0.5555346264719963,NA,English (American),marchman,C_lin
Marchman::465,-0.2898824844435661,NA,English (American),marchman,C_lin
Marchman::466,-0.5413340962211797,NA,English (American),marchman,C_lin
Marchman::467,0.21556694594377349,NA,English (American),marchman,C_lin
Marchman::468,-1.7944961491763127,NA,English (American),marchman,C_lin
Marchman::469,-1.8312755474366726,NA,English (American),marchman,C_lin
Marchman::47,-0.8875193844076867,NA,English (American),marchman,C_lin
Marchman::470,-0.8870150742332521,NA,English (American),marchman,C_lin
Marchman::471,-2.7308685183552166,NA,English (American),marchman,C_lin
Marchman::472,-1.856527028778474,NA,English (American),marchman,C_lin
Marchman::473,-4.064839183512358,NA,English (American),marchman,C_lin
Marchman::474,2.545683016043424,NA,English (American),marchman,C_lin
Marchman::475,0.8531854345845331,NA,English (American),marchman,C_lin
Marchman::477,-0.5248155670326313,NA,English (American),marchman,C_lin
Marchman::478,0.004687885363671682,NA,English (American),marchman,C_lin
Marchman::479,-3.5707931671518156,NA,English (American),marchman,C_lin
Marchman::48,-0.4704593123173657,NA,English (American),marchman,C_lin
Marchman::480,-0.6466408759158598,NA,English (American),marchman,C_lin
Marchman::481,-2.361007518135641,NA,English (American),marchman,C_lin
Marchman::482,2.1465484792366003,NA,English (American),marchman,C_lin
Marchman::483,-2.1456931587886503,NA,English (American),marchman,C_lin
Marchman::484,-5.405954836062645,NA,English (American),marchman,C_lin
Marchman::485,1.3139649247076017,NA,English (American),marchman,C_lin
Marchman::486,-3.0639657256410837,NA,English (American),marchman,C_lin
Marchman::487,2.7856186759944173,NA,English (American),marchman,C_lin
Marchman::488,-1.9626424690563453,NA,English (American),marchman,C_lin
Marchman::489,-3.287806625299088,NA,English (American),marchman,C_lin
Marchman::49,-1.1809735546030717,NA,English (American),marchman,C_lin
Marchman::490,1.1535097644533019,NA,English (American),marchman,C_lin
Marchman::491,-0.44267705080453124,NA,English (American),marchman,C_lin
Marchman::492,0.31634850764205963,NA,English (American),marchman,C_lin
Marchman::493,1.391987221170544,NA,English (American),marchman,C_lin
Marchman::494,-1.1231310870643627,NA,English (American),marchman,C_lin
Marchman::495,0.15257265752700636,NA,English (American),marchman,C_lin
Marchman::496,-2.2530654974796294,NA,English (American),marchman,C_lin
Marchman::497,-3.0602811939014267,NA,English (American),marchman,C_lin
Marchman::498,-0.2963403659436937,NA,English (American),marchman,C_lin
Marchman::499,1.1132709213072034,NA,English (American),marchman,C_lin
Marchman::5,1.3107382370685796,NA,English (American),marchman,C_lin
Marchman::50,0.12849002564599815,NA,English (American),marchman,C_lin
Marchman::500,1.348961399508551,NA,English (American),marchman,C_lin
Marchman::501,-0.20187621627202135,NA,English (American),marchman,C_lin
Marchman::502,-1.3218714826885287,NA,English (American),marchman,C_lin
Marchman::503,-1.6048787927414467,NA,English (American),marchman,C_lin
Marchman::504,-5.884955967311318,NA,English (American),marchman,C_lin
Marchman::505,-2.0167693308224552,NA,English (American),marchman,C_lin
Marchman::507,1.4269356986460273,NA,English (American),marchman,C_lin
Marchman::508,0.6973864981276521,NA,English (American),marchman,C_lin
Marchman::509,-1.4888713824255888,NA,English (American),marchman,C_lin
Marchman::51,-5.031433195581497,NA,English (American),marchman,C_lin
Marchman::510,-0.2626319287311374,NA,English (American),marchman,C_lin
Marchman::511,1.9065069246306279,NA,English (American),marchman,C_lin
Marchman::512,1.5760805064123777,NA,English (American),marchman,C_lin
Marchman::513,-1.2421244112905978,NA,English (American),marchman,C_lin
Marchman::514,2.674667102787388,NA,English (American),marchman,C_lin
Marchman::515,-0.4983068563256189,NA,English (American),marchman,C_lin
Marchman::517,-1.6129511518081048,NA,English (American),marchman,C_lin
Marchman::518,0.4678097357797818,NA,English (American),marchman,C_lin
Marchman::519,1.853186492021691,NA,English (American),marchman,C_lin
Marchman::52,-5.894874685517164,NA,English (American),marchman,C_lin
Marchman::520,0.30906671997764457,NA,English (American),marchman,C_lin
Marchman::521,-0.2957406528780765,NA,English (American),marchman,C_lin
Marchman::522,0.11678138928697955,NA,English (American),marchman,C_lin
Marchman::523,-1.250110200661013,NA,English (American),marchman,C_lin
Marchman::524,4.507464056082236,NA,English (American),marchman,C_lin
Marchman::525,0.9413776912882202,NA,English (American),marchman,C_lin
Marchman::526,-3.36090555477586,NA,English (American),marchman,C_lin
Marchman::527,-2.049441690440451,NA,English (American),marchman,C_lin
Marchman::528,-1.2726525166320353,NA,English (American),marchman,C_lin
Marchman::529,0.07255535585162844,NA,English (American),marchman,C_lin
Marchman::53,-0.33901451732696125,NA,English (American),marchman,C_lin
Marchman::530,-1.5589903617917849,NA,English (American),marchman,C_lin
Marchman::531,1.4302556823712123,NA,English (American),marchman,C_lin
Marchman::532,-0.717409859205522,NA,English (American),marchman,C_lin
Marchman::533,-3.5153114014673053,NA,English (American),marchman,C_lin
Marchman::534,0.4522002688385485,NA,English (American),marchman,C_lin
Marchman::535,-1.5069720914009845,NA,English (American),marchman,C_lin
Marchman::536,2.39200091992452,NA,English (American),marchman,C_lin
Marchman::537,-3.75945492405354,NA,English (American),marchman,C_lin
Marchman::538,-1.7396323931331785,NA,English (American),marchman,C_lin
Marchman::539,0.2111026035464953,NA,English (American),marchman,C_lin
Marchman::54,0.8955949225834358,NA,English (American),marchman,C_lin
Marchman::540,0.8179404593749806,NA,English (American),marchman,C_lin
Marchman::541,-3.0133052352341885,NA,English (American),marchman,C_lin
Marchman::542,-1.1710647328848842,NA,English (American),marchman,C_lin
Marchman::543,-2.9130695334953383,NA,English (American),marchman,C_lin
Marchman::545,2.344034000839214,NA,English (American),marchman,C_lin
Marchman::546,1.4909059930440887,NA,English (American),marchman,C_lin
Marchman::547,-0.8588727962367836,NA,English (American),marchman,C_lin
Marchman::548,4.51457461715456,NA,English (American),marchman,C_lin
Marchman::549,-1.730548239042036,NA,English (American),marchman,C_lin
Marchman::55,-0.5554070523409763,NA,English (American),marchman,C_lin
Marchman::550,-1.999857923585864,NA,English (American),marchman,C_lin
Marchman::551,-0.3144699842132601,NA,English (American),marchman,C_lin
Marchman::552,-1.25519663317133,NA,English (American),marchman,C_lin
Marchman::553,-1.4296721430040171,NA,English (American),marchman,C_lin
Marchman::554,1.8509598031561452,NA,English (American),marchman,C_lin
Marchman::555,1.0723326676547378,NA,English (American),marchman,C_lin
Marchman::556,0.30979815420266266,NA,English (American),marchman,C_lin
Marchman::557,-2.337388051549378,NA,English (American),marchman,C_lin
Marchman::558,-0.5163095115123492,NA,English (American),marchman,C_lin
Marchman::559,-2.252278266156801,NA,English (American),marchman,C_lin
Marchman::56,-0.9244162412372534,NA,English (American),marchman,C_lin
Marchman::560,0.13103438153519115,NA,English (American),marchman,C_lin
Marchman::561,0.2482245686830973,NA,English (American),marchman,C_lin
Marchman::562,2.8729885021121375,NA,English (American),marchman,C_lin
Marchman::563,1.201807686654927,NA,English (American),marchman,C_lin
Marchman::564,-2.6677619876258616,NA,English (American),marchman,C_lin
Marchman::565,-1.9353192404445085,NA,English (American),marchman,C_lin
Marchman::566,2.3565032669803374,NA,English (American),marchman,C_lin
Marchman::568,-0.5944417183361462,NA,English (American),marchman,C_lin
Marchman::569,-2.223739583138398,NA,English (American),marchman,C_lin
Marchman::57,-3.4738360174992824,NA,English (American),marchman,C_lin
Marchman::570,-0.43610573500558936,NA,English (American),marchman,C_lin
Marchman::571,-1.0534779692889087,NA,English (American),marchman,C_lin
Marchman::572,-2.9669356712140575,NA,English (American),marchman,C_lin
Marchman::573,0.5777185910543982,NA,English (American),marchman,C_lin
Marchman::574,-2.5452422961794237,NA,English (American),marchman,C_lin
Marchman::575,-0.05001505703187497,NA,English (American),marchman,C_lin
Marchman::576,-0.2810461838111713,NA,English (American),marchman,C_lin
Marchman::577,-3.2400055674339203,NA,English (American),marchman,C_lin
Marchman::578,1.0066429133376038,NA,English (American),marchman,C_lin
Marchman::579,-2.4321507322386653,NA,English (American),marchman,C_lin
Marchman::58,-1.2409096546194165,NA,English (American),marchman,C_lin
Marchman::580,-0.9352270888271544,NA,English (American),marchman,C_lin
Marchman::581,0.5568107991917366,NA,English (American),marchman,C_lin
Marchman::582,3.6672219626618094,NA,English (American),marchman,C_lin
Marchman::583,2.128553588180871,NA,English (American),marchman,C_lin
Marchman::584,0.1108607125381032,NA,English (American),marchman,C_lin
Marchman::585,-0.8490095895776295,NA,English (American),marchman,C_lin
Marchman::586,0.7193802057890207,NA,English (American),marchman,C_lin
Marchman::587,1.1622640933842896,NA,English (American),marchman,C_lin
Marchman::588,-2.399946543512082,NA,English (American),marchman,C_lin
Marchman::589,-0.5115356020728146,NA,English (American),marchman,C_lin
Marchman::59,-3.2929976860343912,NA,English (American),marchman,C_lin
Marchman::590,-3.298619899905535,NA,English (American),marchman,C_lin
Marchman::591,-2.774281230024352,NA,English (American),marchman,C_lin
Marchman::592,-4.5732868566063685,NA,English (American),marchman,C_lin
Marchman::593,-1.444635947218599,NA,English (American),marchman,C_lin
Marchman::594,0.5296907490754642,NA,English (American),marchman,C_lin
Marchman::595,-2.8350848875721097,NA,English (American),marchman,C_lin
Marchman::596,-0.8518393132827775,NA,English (American),marchman,C_lin
Marchman::597,1.6297633425612588,NA,English (American),marchman,C_lin
Marchman::598,-1.274594071835744,NA,English (American),marchman,C_lin
Marchman::599,0.5751243316579039,NA,English (American),marchman,C_lin
Marchman::6,2.812388932808421,NA,English (American),marchman,C_lin
Marchman::60,-2.5378346824270053,NA,English (American),marchman,C_lin
Marchman::600,1.1057753061890563,NA,English (American),marchman,C_lin
Marchman::601,2.785410965463609,NA,English (American),marchman,C_lin
Marchman::602,0.23307305271006296,NA,English (American),marchman,C_lin
Marchman::603,1.276207413007593,NA,English (American),marchman,C_lin
Marchman::604,-2.7997304975461286,NA,English (American),marchman,C_lin
Marchman::605,-0.08743814429416512,NA,English (American),marchman,C_lin
Marchman::606,0.7112947137424506,NA,English (American),marchman,C_lin
Marchman::607,-2.739655806581299,NA,English (American),marchman,C_lin
Marchman::608,2.4432840912773495,NA,English (American),marchman,C_lin
Marchman::609,-0.36020063149018705,NA,English (American),marchman,C_lin
Marchman::61,-1.2544136766889042,NA,English (American),marchman,C_lin
Marchman::610,-0.07066819898079935,NA,English (American),marchman,C_lin
Marchman::611,0.2777785667084184,NA,English (American),marchman,C_lin
Marchman::612,0.7400490289938255,NA,English (American),marchman,C_lin
Marchman::613,1.1585344303337974,NA,English (American),marchman,C_lin
Marchman::614,0.4820599777108282,NA,English (American),marchman,C_lin
Marchman::615,-0.2527742960252154,NA,English (American),marchman,C_lin
Marchman::616,-0.33353041630997715,NA,English (American),marchman,C_lin
Marchman::617,-3.8809647770558944,NA,English (American),marchman,C_lin
Marchman::618,-1.0381188165184423,NA,English (American),marchman,C_lin
Marchman::619,-1.6336586877374504,NA,English (American),marchman,C_lin
Marchman::62,-3.564530431686066,NA,English (American),marchman,C_lin
Marchman::620,0.00496139148512976,NA,English (American),marchman,C_lin
Marchman::621,0.5053713731700737,NA,English (American),marchman,C_lin
Marchman::622,1.1015365481008301,NA,English (American),marchman,C_lin
Marchman::623,-6.162503114949196,NA,English (American),marchman,C_lin
Marchman::624,-4.2482113365834415,NA,English (American),marchman,C_lin
Marchman::625,-0.8284891507746888,NA,English (American),marchman,C_lin
Marchman::626,1.5056803442187359,NA,English (American),marchman,C_lin
Marchman::628,0.44014090726314375,NA,English (American),marchman,C_lin
Marchman::629,-0.3183561045211486,NA,English (American),marchman,C_lin
Marchman::63,2.577037833221497,NA,English (American),marchman,C_lin
Marchman::630,1.4230638614906654,NA,English (American),marchman,C_lin
Marchman::631,-0.16415681577708183,NA,English (American),marchman,C_lin
Marchman::632,-0.20519704490388185,NA,English (American),marchman,C_lin
Marchman::633,1.5383810785625662,NA,English (American),marchman,C_lin
Marchman::634,1.7170076612030016,NA,English (American),marchman,C_lin
Marchman::636,-0.04952358619608337,NA,English (American),marchman,C_lin
Marchman::637,2.814983608964052,NA,English (American),marchman,C_lin
Marchman::638,-0.5345374534763032,NA,English (American),marchman,C_lin
Marchman::639,-1.2745548822060895,NA,English (American),marchman,C_lin
Marchman::64,1.2826595751047438,NA,English (American),marchman,C_lin
Marchman::640,-0.01367331728646198,NA,English (American),marchman,C_lin
Marchman::641,0.12751394485826498,NA,English (American),marchman,C_lin
Marchman::642,0.14484461935676637,NA,English (American),marchman,C_lin
Marchman::643,0.5757030035841103,NA,English (American),marchman,C_lin
Marchman::644,2.5736312742376786,NA,English (American),marchman,C_lin
Marchman::645,2.6310493709612293,NA,English (American),marchman,C_lin
Marchman::646,0.8288851370655574,NA,English (American),marchman,C_lin
Marchman::647,-3.248195259205064,NA,English (American),marchman,C_lin
Marchman::648,-3.3539758247944267,NA,English (American),marchman,C_lin
Marchman::649,-4.519849520788534,NA,English (American),marchman,C_lin
Marchman::65,-1.4620771069532337,NA,English (American),marchman,C_lin
Marchman::650,-2.1243410790496915,NA,English (American),marchman,C_lin
Marchman::651,0.6609732298218188,NA,English (American),marchman,C_lin
Marchman::652,-2.9691974070559284,NA,English (American),marchman,C_lin
Marchman::653,0.20022593305656516,NA,English (American),marchman,C_lin
Marchman::654,-0.25444974860317765,NA,English (American),marchman,C_lin
Marchman::655,-0.9772726622532306,NA,English (American),marchman,C_lin
Marchman::656,1.2025943216104837,NA,English (American),marchman,C_lin
Marchman::657,-0.8107076879499772,NA,English (American),marchman,C_lin
Marchman::658,1.3894220432855553,NA,English (American),marchman,C_lin
Marchman::659,0.5707083406268638,NA,English (American),marchman,C_lin
Marchman::66,3.123714202374786,NA,English (American),marchman,C_lin
Marchman::660,-0.8019101818244575,NA,English (American),marchman,C_lin
Marchman::661,1.6040527900596635,NA,English (American),marchman,C_lin
Marchman::662,-0.021805826877478358,NA,English (American),marchman,C_lin
Marchman::663,-0.35961119879813747,NA,English (American),marchman,C_lin
Marchman::664,0.18001997351447716,NA,English (American),marchman,C_lin
Marchman::665,1.9636453660198474,NA,English (American),marchman,C_lin
Marchman::666,2.4229786388419203,NA,English (American),marchman,C_lin
Marchman::667,1.3220089011027658,NA,English (American),marchman,C_lin
Marchman::668,-0.15325184375587872,NA,English (American),marchman,C_lin
Marchman::669,0.7523014553009717,NA,English (American),marchman,C_lin
Marchman::67,-1.8308896545070434,NA,English (American),marchman,C_lin
Marchman::670,-1.2325179371810984,NA,English (American),marchman,C_lin
Marchman::671,-0.2983155217877389,NA,English (American),marchman,C_lin
Marchman::672,1.3921507927399561,NA,English (American),marchman,C_lin
Marchman::673,3.5175114284757028,NA,English (American),marchman,C_lin
Marchman::674,-0.025731463031878545,NA,English (American),marchman,C_lin
Marchman::675,-2.285575989537849,NA,English (American),marchman,C_lin
Marchman::676,0.296943813398064,NA,English (American),marchman,C_lin
Marchman::677,4.646552144701673,NA,English (American),marchman,C_lin
Marchman::678,1.262922693071688,NA,English (American),marchman,C_lin
Marchman::679,-1.3825091076210414,NA,English (American),marchman,C_lin
Marchman::68,-0.9858873657421504,NA,English (American),marchman,C_lin
Marchman::680,1.6426228138037078,NA,English (American),marchman,C_lin
Marchman::681,1.0640736429090258,NA,English (American),marchman,C_lin
Marchman::682,1.2822130806615082,NA,English (American),marchman,C_lin
Marchman::683,-0.5767578048388425,NA,English (American),marchman,C_lin
Marchman::684,-3.84405566011511,NA,English (American),marchman,C_lin
Marchman::685,1.3150557053001324,NA,English (American),marchman,C_lin
Marchman::686,-1.2920012791540774,NA,English (American),marchman,C_lin
Marchman::687,1.7517420862854964,NA,English (American),marchman,C_lin
Marchman::688,-0.7985362041328906,NA,English (American),marchman,C_lin
Marchman::689,1.4091905135597138,NA,English (American),marchman,C_lin
Marchman::69,1.7429442198810088,NA,English (American),marchman,C_lin
Marchman::690,2.222655436001233,NA,English (American),marchman,C_lin
Marchman::691,-0.7115776203963508,NA,English (American),marchman,C_lin
Marchman::692,-0.7839338305416571,NA,English (American),marchman,C_lin
Marchman::693,-0.047500122731590426,NA,English (American),marchman,C_lin
Marchman::694,-0.8458356076446554,NA,English (American),marchman,C_lin
Marchman::695,-0.5097573574522619,NA,English (American),marchman,C_lin
Marchman::696,2.3087569849180873,NA,English (American),marchman,C_lin
Marchman::697,-1.2508124236194933,NA,English (American),marchman,C_lin
Marchman::698,-1.9482649828204912,NA,English (American),marchman,C_lin
Marchman::699,-2.1019649324505503,NA,English (American),marchman,C_lin
Marchman::7,-0.7494701782110312,NA,English (American),marchman,C_lin
Marchman::70,2.4794659279603604,NA,English (American),marchman,C_lin
Marchman::700,0.6826597914428029,NA,English (American),marchman,C_lin
Marchman::701,-1.0329051309544486,NA,English (American),marchman,C_lin
Marchman::702,-0.2896946406349167,NA,English (American),marchman,C_lin
Marchman::703,-0.20946720752726655,NA,English (American),marchman,C_lin
Marchman::704,0.6365675453876136,NA,English (American),marchman,C_lin
Marchman::705,-2.965860733675415,NA,English (American),marchman,C_lin
Marchman::706,1.137949009284837,NA,English (American),marchman,C_lin
Marchman::707,0.5601667753765821,NA,English (American),marchman,C_lin
Marchman::709,1.9258721390473366,NA,English (American),marchman,C_lin
Marchman::71,-1.176775250785271,NA,English (American),marchman,C_lin
Marchman::710,2.005611519667326,NA,English (American),marchman,C_lin
Marchman::711,-0.027557129753592403,NA,English (American),marchman,C_lin
Marchman::712,1.5943984980268486,NA,English (American),marchman,C_lin
Marchman::713,1.6531353104658884,NA,English (American),marchman,C_lin
Marchman::714,-2.5881164049613776,NA,English (American),marchman,C_lin
Marchman::715,-4.167105828380594,NA,English (American),marchman,C_lin
Marchman::716,0.13437659747822303,NA,English (American),marchman,C_lin
Marchman::717,-0.43942557762521445,NA,English (American),marchman,C_lin
Marchman::718,-0.7355943276474576,NA,English (American),marchman,C_lin
Marchman::719,1.167231881687342,NA,English (American),marchman,C_lin
Marchman::72,-0.5328096350351914,NA,English (American),marchman,C_lin
Marchman::720,-0.9702143071317239,NA,English (American),marchman,C_lin
Marchman::721,-0.5477952733103879,NA,English (American),marchman,C_lin
Marchman::722,-1.87844846378255,NA,English (American),marchman,C_lin
Marchman::723,-2.7698170588635223,NA,English (American),marchman,C_lin
Marchman::724,-1.274621765375312,NA,English (American),marchman,C_lin
Marchman::725,-0.8089291771726228,NA,English (American),marchman,C_lin
Marchman::726,-2.4039884570806858,NA,English (American),marchman,C_lin
Marchman::728,0.2100698991976415,NA,English (American),marchman,C_lin
Marchman::729,0.6611156729419159,NA,English (American),marchman,C_lin
Marchman::73,-1.6386439254606782,NA,English (American),marchman,C_lin
Marchman::730,0.4050459620055864,NA,English (American),marchman,C_lin
Marchman::731,2.223529611731942,NA,English (American),marchman,C_lin
Marchman::732,-2.015132281233951,NA,English (American),marchman,C_lin
Marchman::733,-1.16361099489606,NA,English (American),marchman,C_lin
Marchman::735,-8.087740580130607,NA,English (American),marchman,C_lin
Marchman::736,-0.897875055640626,NA,English (American),marchman,C_lin
Marchman::737,1.0917142518171856,NA,English (American),marchman,C_lin
Marchman::738,-0.9968073200936454,NA,English (American),marchman,C_lin
Marchman::739,-1.2068118219560795,NA,English (American),marchman,C_lin
Marchman::74,1.4907905269841883,NA,English (American),marchman,C_lin
Marchman::740,1.1030179907035011,NA,English (American),marchman,C_lin
Marchman::742,1.0824909701430818,NA,English (American),marchman,C_lin
Marchman::743,-4.21734343545611,NA,English (American),marchman,C_lin
Marchman::744,0.4325354112301991,NA,English (American),marchman,C_lin
Marchman::745,2.3813202031362066,NA,English (American),marchman,C_lin
Marchman::746,-1.25637981210969,NA,English (American),marchman,C_lin
Marchman::747,1.6573876879474694,NA,English (American),marchman,C_lin
Marchman::748,2.5337314166198435,NA,English (American),marchman,C_lin
Marchman::749,-2.172504027120889,NA,English (American),marchman,C_lin
Marchman::75,-0.7200511598120752,NA,English (American),marchman,C_lin
Marchman::750,0.6300938170792189,NA,English (American),marchman,C_lin
Marchman::751,-1.0858169952787853,NA,English (American),marchman,C_lin
Marchman::752,1.9935655427283012,NA,English (American),marchman,C_lin
Marchman::753,0.712301379617265,NA,English (American),marchman,C_lin
Marchman::754,1.1950646763356085,NA,English (American),marchman,C_lin
Marchman::755,-0.2617101237823877,NA,English (American),marchman,C_lin
Marchman::756,-1.1863911376837475,NA,English (American),marchman,C_lin
Marchman::757,0.7039237300461448,NA,English (American),marchman,C_lin
Marchman::758,-0.18989512292650257,NA,English (American),marchman,C_lin
Marchman::759,-1.867197515075714,NA,English (American),marchman,C_lin
Marchman::76,-0.6545940484211509,NA,English (American),marchman,C_lin
Marchman::760,-1.0845200364462608,NA,English (American),marchman,C_lin
Marchman::761,-2.4620783614046067,NA,English (American),marchman,C_lin
Marchman::762,0.5637827184168818,NA,English (American),marchman,C_lin
Marchman::763,-2.718222232128894,NA,English (American),marchman,C_lin
Marchman::764,0.7370268015622679,NA,English (American),marchman,C_lin
Marchman::765,0.7904143812679266,NA,English (American),marchman,C_lin
Marchman::767,-0.3461264928309347,NA,English (American),marchman,C_lin
Marchman::768,-1.1633481515267734,NA,English (American),marchman,C_lin
Marchman::769,0.8166204697851399,NA,English (American),marchman,C_lin
Marchman::77,-2.625693403014522,NA,English (American),marchman,C_lin
Marchman::770,0.5646518157826178,NA,English (American),marchman,C_lin
Marchman::771,-0.45197815541847636,NA,English (American),marchman,C_lin
Marchman::772,0.6207846399861138,NA,English (American),marchman,C_lin
Marchman::773,0.06337637199402185,NA,English (American),marchman,C_lin
Marchman::774,-1.1278734139073765,NA,English (American),marchman,C_lin
Marchman::775,0.050165183176572224,NA,English (American),marchman,C_lin
Marchman::776,0.8088858088309923,NA,English (American),marchman,C_lin
Marchman::777,1.1236359811664989,NA,English (American),marchman,C_lin
Marchman::778,-0.9952802972593422,NA,English (American),marchman,C_lin
Marchman::779,-0.34592516606309326,NA,English (American),marchman,C_lin
Marchman::780,-0.3723802096220852,NA,English (American),marchman,C_lin
Marchman::781,0.8331581683089372,NA,English (American),marchman,C_lin
Marchman::782,2.138330167296276,NA,English (American),marchman,C_lin
Marchman::783,-1.242484101929413,NA,English (American),marchman,C_lin
Marchman::784,1.3561321706477703,NA,English (American),marchman,C_lin
Marchman::785,1.7973476125279246,NA,English (American),marchman,C_lin
Marchman::786,1.4988023534266177,NA,English (American),marchman,C_lin
Marchman::787,-0.26852811110175023,NA,English (American),marchman,C_lin
Marchman::788,-1.8612261553780118,NA,English (American),marchman,C_lin
Marchman::789,1.0083619966336432,NA,English (American),marchman,C_lin
Marchman::79,2.5232504405117586,NA,English (American),marchman,C_lin
Marchman::790,0.6362972266767948,NA,English (American),marchman,C_lin
Marchman::791,-3.176191806203056,NA,English (American),marchman,C_lin
Marchman::792,-0.9297635775462169,NA,English (American),marchman,C_lin
Marchman::793,1.3250241953551911,NA,English (American),marchman,C_lin
Marchman::794,1.5402971432325274,NA,English (American),marchman,C_lin
Marchman::795,1.6695989914925382,NA,English (American),marchman,C_lin
Marchman::796,2.950409696969336,NA,English (American),marchman,C_lin
Marchman::797,1.7968401139377495,NA,English (American),marchman,C_lin
Marchman::798,-0.11541332951001543,NA,English (American),marchman,C_lin
Marchman::799,0.7628902165820783,NA,English (American),marchman,C_lin
Marchman::8,-0.7959564991223912,NA,English (American),marchman,C_lin
Marchman::80,1.2523202475020467,NA,English (American),marchman,C_lin
Marchman::800,1.1884876195251886,NA,English (American),marchman,C_lin
Marchman::801,1.0687269173689886,NA,English (American),marchman,C_lin
Marchman::802,2.01485055917413,NA,English (American),marchman,C_lin
Marchman::803,1.56968469769386,NA,English (American),marchman,C_lin
Marchman::804,-1.3676740408488008,NA,English (American),marchman,C_lin
Marchman::805,-0.5652483987814761,NA,English (American),marchman,C_lin
Marchman::806,-0.6667037543082188,NA,English (American),marchman,C_lin
Marchman::807,1.320080845933326,NA,English (American),marchman,C_lin
Marchman::808,-0.2393574020282845,NA,English (American),marchman,C_lin
Marchman::809,0.11196075391114345,NA,English (American),marchman,C_lin
Marchman::81,-1.1145024231909715,NA,English (American),marchman,C_lin
Marchman::810,-0.24192081924134343,NA,English (American),marchman,C_lin
Marchman::811,0.7193802057890206,NA,English (American),marchman,C_lin
Marchman::812,1.2985592443796965,NA,English (American),marchman,C_lin
Marchman::813,-2.592418862042504,NA,English (American),marchman,C_lin
Marchman::814,-4.486141577188899,NA,English (American),marchman,C_lin
Marchman::815,-0.20481883917531798,NA,English (American),marchman,C_lin
Marchman::816,-0.47500070795264815,NA,English (American),marchman,C_lin
Marchman::817,-0.2167421557651462,NA,English (American),marchman,C_lin
Marchman::818,0.9542423066752815,NA,English (American),marchman,C_lin
Marchman::819,0.7134861964937295,NA,English (American),marchman,C_lin
Marchman::82,1.4704830791369676,NA,English (American),marchman,C_lin
Marchman::820,0.9607120890051137,NA,English (American),marchman,C_lin
Marchman::821,-3.7145782187373175,NA,English (American),marchman,C_lin
Marchman::822,1.6623809695793053,NA,English (American),marchman,C_lin
Marchman::823,1.3268935253374232,NA,English (American),marchman,C_lin
Marchman::824,-3.366451776567411,NA,English (American),marchman,C_lin
Marchman::825,0.3190309150292303,NA,English (American),marchman,C_lin
Marchman::826,1.5271036363559953,NA,English (American),marchman,C_lin
Marchman::827,1.0986025664535704,NA,English (American),marchman,C_lin
Marchman::828,-2.2094645038934333,NA,English (American),marchman,C_lin
Marchman::829,-0.7416930483732559,NA,English (American),marchman,C_lin
Marchman::83,-2.141530219403465,NA,English (American),marchman,C_lin
Marchman::830,-0.35310850350195966,NA,English (American),marchman,C_lin
Marchman::831,0.2379352985137046,NA,English (American),marchman,C_lin
Marchman::832,-1.6849000965418297,NA,English (American),marchman,C_lin
Marchman::833,2.019572462665021,NA,English (American),marchman,C_lin
Marchman::834,-0.09014681313750011,NA,English (American),marchman,C_lin
Marchman::835,1.006519642118284,NA,English (American),marchman,C_lin
Marchman::836,2.057015112134097,NA,English (American),marchman,C_lin
Marchman::837,-0.47566233761883064,NA,English (American),marchman,C_lin
Marchman::838,1.6377536202131329,NA,English (American),marchman,C_lin
Marchman::839,-2.7177871466984964,NA,English (American),marchman,C_lin
Marchman::84,-0.8047335482863858,NA,English (American),marchman,C_lin
Marchman::840,-1.3499771057797787,NA,English (American),marchman,C_lin
Marchman::841,2.053234879452118,NA,English (American),marchman,C_lin
Marchman::842,-0.05008354666840754,NA,English (American),marchman,C_lin
Marchman::843,1.2665840542183675,NA,English (American),marchman,C_lin
Marchman::844,1.5035651717066658,NA,English (American),marchman,C_lin
Marchman::845,1.7238401611642455,NA,English (American),marchman,C_lin
Marchman::846,2.232935557512603,NA,English (American),marchman,C_lin
Marchman::847,-0.42531245783617133,NA,English (American),marchman,C_lin
Marchman::848,-1.4403637530626598,NA,English (American),marchman,C_lin
Marchman::849,-1.0041077107661585,NA,English (American),marchman,C_lin
Marchman::85,-0.9868652479133709,NA,English (American),marchman,C_lin
Marchman::850,2.171830439580041,NA,English (American),marchman,C_lin
Marchman::851,-1.0116231263984505,NA,English (American),marchman,C_lin
Marchman::852,1.3712079112836368,NA,English (American),marchman,C_lin
Marchman::853,0.1640155709114311,NA,English (American),marchman,C_lin
Marchman::854,-1.5886358908313618,NA,English (American),marchman,C_lin
Marchman::855,3.77077941298971,NA,English (American),marchman,C_lin
Marchman::856,-0.4114161936411929,NA,English (American),marchman,C_lin
Marchman::857,0.7369572976677581,NA,English (American),marchman,C_lin
Marchman::858,0.8105561709369096,NA,English (American),marchman,C_lin
Marchman::859,4.353395678663902,NA,English (American),marchman,C_lin
Marchman::86,-1.4635473421916854,NA,English (American),marchman,C_lin
Marchman::860,0.5043208996908135,NA,English (American),marchman,C_lin
Marchman::861,1.5751080976424607,NA,English (American),marchman,C_lin
Marchman::862,0.5725146514339946,NA,English (American),marchman,C_lin
Marchman::863,0.6455620005535432,NA,English (American),marchman,C_lin
Marchman::864,4.202662934287729,NA,English (American),marchman,C_lin
Marchman::865,0.6518340531697203,NA,English (American),marchman,C_lin
Marchman::867,-0.716614669172755,NA,English (American),marchman,C_lin
Marchman::868,1.9255328087804042,NA,English (American),marchman,C_lin
Marchman::869,-0.29776441427507505,NA,English (American),marchman,C_lin
Marchman::87,1.538070302322745,NA,English (American),marchman,C_lin
Marchman::870,2.496216835493933,NA,English (American),marchman,C_lin
Marchman::871,1.1333899659388598,NA,English (American),marchman,C_lin
Marchman::872,2.228146839145194,NA,English (American),marchman,C_lin
Marchman::873,-0.8598354503796032,NA,English (American),marchman,C_lin
Marchman::874,-1.222830447769281,NA,English (American),marchman,C_lin
Marchman::875,2.5898053033615382,NA,English (American),marchman,C_lin
Marchman::876,-1.3115331561288663,NA,English (American),marchman,C_lin
Marchman::877,0.6789193985460861,NA,English (American),marchman,C_lin
Marchman::878,0.5221149698059723,NA,English (American),marchman,C_lin
Marchman::879,4.095141183975825,NA,English (American),marchman,C_lin
Marchman::88,0.5132273047311225,NA,English (American),marchman,C_lin
Marchman::880,1.0619867080406844,NA,English (American),marchman,C_lin
Marchman::881,-0.5382153732953877,NA,English (American),marchman,C_lin
Marchman::882,-3.203444138862165,NA,English (American),marchman,C_lin
Marchman::883,-1.84346200392332,NA,English (American),marchman,C_lin
Marchman::884,3.0667535192375834,NA,English (American),marchman,C_lin
Marchman::885,-3.5262014624062896,NA,English (American),marchman,C_lin
Marchman::886,5.24992805645944,NA,English (American),marchman,C_lin
Marchman::887,-1.404498568345588,NA,English (American),marchman,C_lin
Marchman::888,1.564724019185907,NA,English (American),marchman,C_lin
Marchman::889,0.5084955268372372,NA,English (American),marchman,C_lin
Marchman::89,-0.15264661981646152,NA,English (American),marchman,C_lin
Marchman::890,0.6314582248747086,NA,English (American),marchman,C_lin
Marchman::891,0.7377159640822117,NA,English (American),marchman,C_lin
Marchman::892,0.04256100749360177,NA,English (American),marchman,C_lin
Marchman::893,1.366313310511409,NA,English (American),marchman,C_lin
Marchman::894,0.5061100369145153,NA,English (American),marchman,C_lin
Marchman::895,-0.5023467471156213,NA,English (American),marchman,C_lin
Marchman::896,-2.899636326001335,NA,English (American),marchman,C_lin
Marchman::897,-0.884925826258004,NA,English (American),marchman,C_lin
Marchman::898,-0.11386805857947319,NA,English (American),marchman,C_lin
Marchman::899,0.8185961504566733,NA,English (American),marchman,C_lin
Marchman::9,-2.5267457712967545,NA,English (American),marchman,C_lin
Marchman::90,1.3944529900675544,NA,English (American),marchman,C_lin
Marchman::900,0.38995562207937506,NA,English (American),marchman,C_lin
Marchman::901,0.7300931568935752,NA,English (American),marchman,C_lin
Marchman::902,0.25721330216043536,NA,English (American),marchman,C_lin
Marchman::903,4.800083207925884,NA,English (American),marchman,C_lin
Marchman::904,1.4344846209409825,NA,English (American),marchman,C_lin
Marchman::905,2.769465452793243,NA,English (American),marchman,C_lin
Marchman::907,-1.4154360507035588,NA,English (American),marchman,C_lin
Marchman::908,1.3174245164906995,NA,English (American),marchman,C_lin
Marchman::909,0.3345390302147667,NA,English (American),marchman,C_lin
Marchman::91,-1.1681299686124704,NA,English (American),marchman,C_lin
Marchman::910,0.7284737533860444,NA,English (American),marchman,C_lin
Marchman::911,1.5739043422396914,NA,English (American),marchman,C_lin
Marchman::912,1.5590796251446295,NA,English (American),marchman,C_lin
Marchman::913,-0.5700088131080726,NA,English (American),marchman,C_lin
Marchman::914,0.325154755084185,NA,English (American),marchman,C_lin
Marchman::915,0.4472196983887803,NA,English (American),marchman,C_lin
Marchman::916,0.0019684648449218296,NA,English (American),marchman,C_lin
Marchman::917,1.3249730715616812,NA,English (American),marchman,C_lin
Marchman::918,-0.5292438790474223,NA,English (American),marchman,C_lin
Marchman::919,0.21200906878545858,NA,English (American),marchman,C_lin
Marchman::92,0.9430827677437771,NA,English (American),marchman,C_lin
Marchman::920,2.7188639921837257,NA,English (American),marchman,C_lin
Marchman::921,0.5930446103627699,NA,English (American),marchman,C_lin
Marchman::922,1.826229264669686,NA,English (American),marchman,C_lin
Marchman::923,1.3601596264464144,NA,English (American),marchman,C_lin
Marchman::924,1.3456997852429669,NA,English (American),marchman,C_lin
Marchman::925,0.39498467202304055,NA,English (American),marchman,C_lin
Marchman::926,-1.063563888955604,NA,English (American),marchman,C_lin
Marchman::927,0.6086929241317406,NA,English (American),marchman,C_lin
Marchman::928,-1.5539332663560246,NA,English (American),marchman,C_lin
Marchman::929,-2.869080515422499,NA,English (American),marchman,C_lin
Marchman::93,-1.8072091044867988,NA,English (American),marchman,C_lin
Marchman::930,-0.5942327421485732,NA,English (American),marchman,C_lin
Marchman::931,0.0887384169114303,NA,English (American),marchman,C_lin
Marchman::932,-0.5314391368338771,NA,English (American),marchman,C_lin
Marchman::933,0.5392943525434533,NA,English (American),marchman,C_lin
Marchman::934,0.9072887704413787,NA,English (American),marchman,C_lin
Marchman::935,0.44335040880861437,NA,English (American),marchman,C_lin
Marchman::936,1.2953698238202647,NA,English (American),marchman,C_lin
Marchman::937,2.9479721313171883,NA,English (American),marchman,C_lin
Marchman::938,0.6058632096494461,NA,English (American),marchman,C_lin
Marchman::939,-0.4375456048898106,NA,English (American),marchman,C_lin
Marchman::94,-0.8605053086112393,NA,English (American),marchman,C_lin
Marchman::940,-1.4285665344549865,NA,English (American),marchman,C_lin
Marchman::941,0.08819575604937212,NA,English (American),marchman,C_lin
Marchman::942,0.4144867906116874,NA,English (American),marchman,C_lin
Marchman::943,-0.1972631552199416,NA,English (American),marchman,C_lin
Marchman::944,-1.3621677446522347,NA,English (American),marchman,C_lin
Marchman::945,-0.3482141878252806,NA,English (American),marchman,C_lin
Marchman::946,-0.6172618367000109,NA,English (American),marchman,C_lin
Marchman::947,0.889588132321141,NA,English (American),marchman,C_lin
Marchman::948,0.17648706311988294,NA,English (American),marchman,C_lin
Marchman::949,-2.374889152980542,NA,English (American),marchman,C_lin
Marchman::95,-0.7503884429428498,NA,English (American),marchman,C_lin
Marchman::950,-1.884005585720722,NA,English (American),marchman,C_lin
Marchman::951,2.9482558281987856,NA,English (American),marchman,C_lin
Marchman::952,0.9776518592673095,NA,English (American),marchman,C_lin
Marchman::953,-1.7295396422219007,NA,English (American),marchman,C_lin
Marchman::954,1.7020631563549218,NA,English (American),marchman,C_lin
Marchman::955,-0.8518393132827763,NA,English (American),marchman,C_lin
Marchman::956,-0.9844878040393908,NA,English (American),marchman,C_lin
Marchman::957,0.09648368668898297,NA,English (American),marchman,C_lin
Marchman::958,-1.8744462243340254,NA,English (American),marchman,C_lin
Marchman::959,-0.9763354408755487,NA,English (American),marchman,C_lin
Marchman::96,1.0759513011104156,NA,English (American),marchman,C_lin
Marchman::960,1.5958837207013827,NA,English (American),marchman,C_lin
Marchman::961,0.885718620638713,NA,English (American),marchman,C_lin
Marchman::962,0.8175144724748299,NA,English (American),marchman,C_lin
Marchman::963,0.8096563822290422,NA,English (American),marchman,C_lin
Marchman::964,-0.26819094779126734,NA,English (American),marchman,C_lin
Marchman::965,0.532196169163208,NA,English (American),marchman,C_lin
Marchman::966,-1.6552751223330087,NA,English (American),marchman,C_lin
Marchman::967,-0.1691684991643125,NA,English (American),marchman,C_lin
Marchman::968,-2.014322350005525,NA,English (American),marchman,C_lin
Marchman::969,0.43802416993936544,NA,English (American),marchman,C_lin
Marchman::97,1.853058983767526,NA,English (American),marchman,C_lin
Marchman::970,0.9528477468747841,NA,English (American),marchman,C_lin
Marchman::972,-2.7020753853597794,NA,English (American),marchman,C_lin
Marchman::973,1.1298286696622633,NA,English (American),marchman,C_lin
Marchman::974,0.8353103110233863,NA,English (American),marchman,C_lin
Marchman::975,-1.2667915833572876,NA,English (American),marchman,C_lin
Marchman::976,-3.1343108719822177,NA,English (American),marchman,C_lin
Marchman::977,1.4588981363560882,NA,English (American),marchman,C_lin
Marchman::978,1.0702792054910597,NA,English (American),marchman,C_lin
Marchman::979,0.7423187357107172,NA,English (American),marchman,C_lin
Marchman::98,1.1624187447947851,NA,English (American),marchman,C_lin
Marchman::980,-0.13949299728237746,NA,English (American),marchman,C_lin
Marchman::981,2.0576432252035386,NA,English (American),marchman,C_lin
Marchman::982,-0.7349378194291827,NA,English (American),marchman,C_lin
Marchman::983,-1.9354271221367443,NA,English (American),marchman,C_lin
Marchman::984,-1.357247925554506,NA,English (American),marchman,C_lin
Marchman::985,-0.6054092464420894,NA,English (American),marchman,C_lin
Marchman::986,0.17954397116968415,NA,English (American),marchman,C_lin
Marchman::987,0.07896203253155856,NA,English (American),marchman,C_lin
Marchman::988,0.9989153026906558,NA,English (American),marchman,C_lin
Marchman::989,-1.4080470989698708,NA,English (American),marchman,C_lin
Marchman::99,-1.4569941011437726,NA,English (American),marchman,C_lin
Marchman::990,-1.7772532509970835,NA,English (American),marchman,C_lin
Marchman::991,-1.4702029360328501,NA,English (American),marchman,C_lin
Marchman::992,1.325859571591433,NA,English (American),marchman,C_lin
Marchman::993,-0.28341061793259475,NA,English (American),marchman,C_lin
Marchman::994,0.2791757914421266,NA,English (American),marchman,C_lin
Marchman::995,-0.6265203944356418,NA,English (American),marchman,C_lin
Marchman::996,-1.7759618810798243,NA,English (American),marchman,C_lin
Marchman::997,1.1081332460965552,NA,English (American),marchman,C_lin
Marchman::998,1.1719790420112002,NA,English (American),marchman,C_lin
Marchman::999,0.38646654907895234,NA,English (American),marchman,C_lin
Marchman::AA02F057,0.846795401902681,NA,English (American),marchman,C_lin
Marchman::AA19M056,0.5797493508340279,NA,English (American),marchman,C_lin
Marchman::AB02M097,-1.1065407282467064,NA,English (American),marchman,C_lin
Marchman::AB03F018,0.11038718102231589,NA,English (American),marchman,C_lin
Marchman::AB05M098,-1.104886439728419,NA,English (American),marchman,C_lin
Marchman::AB09M014,-0.35478143295495007,NA,English (American),marchman,C_lin
Marchman::AB11M035,1.3073955061854325,NA,English (American),marchman,C_lin
Marchman::AC03F018,1.8812865398745022,NA,English (American),marchman,C_lin
Marchman::AC05F088,0.875003826954298,NA,English (American),marchman,C_lin
Marchman::AC05M098,1.6487808962390524,NA,English (American),marchman,C_lin
Marchman::AC11M048,-1.6743625302765144,NA,English (American),marchman,C_lin
Marchman::AC13M067,1.7725659647377543,NA,English (American),marchman,C_lin
Marchman::AD02F018,3.997163518238454,NA,English (American),marchman,C_lin
Marchman::AD04M059,0.5802076032043594,NA,English (American),marchman,C_lin
Marchman::AD08F059,4.201966337169244,NA,English (American),marchman,C_lin
Marchman::AF12M075,1.5700583658372138,NA,English (American),marchman,C_lin
Marchman::AH02F038,-1.8269151516371414,NA,English (American),marchman,C_lin
Marchman::AH03M018,-0.2701914608779596,NA,English (American),marchman,C_lin
Marchman::AH08M123,-1.2767420657000887,NA,English (American),marchman,C_lin
Marchman::AJ12M055,1.0965923869533643,NA,English (American),marchman,C_lin
Marchman::AK03M038,-0.19915086035573734,NA,English (American),marchman,C_lin
Marchman::AK11F045,1.0289307067694917,NA,English (American),marchman,C_lin
Marchman::AK18F025,-1.5013110280832833,NA,English (American),marchman,C_lin
Marchman::AL02M097,2.1335506773725106,NA,English (American),marchman,C_lin
Marchman::AL03F059,0.12289633828054944,NA,English (American),marchman,C_lin
Marchman::AL10F107,2.1895948085931107,NA,English (American),marchman,C_lin
Marchman::AL16F104,-1.9684469697435414,NA,English (American),marchman,C_lin
Marchman::AM05M018,-0.4287787575759908,NA,English (American),marchman,C_lin
Marchman::AP21F095,-1.3235335322694506,NA,English (American),marchman,C_lin
Marchman::AR09F054,-0.7117882209565142,NA,English (American),marchman,C_lin
Marchman::AS01F038,-2.793093260164925,NA,English (American),marchman,C_lin
Marchman::AS02M057,0.8051012748365783,NA,English (American),marchman,C_lin
Marchman::AS09F024,0.08403504954303889,NA,English (American),marchman,C_lin
Marchman::AS12F123,-0.6893810856980305,NA,English (American),marchman,C_lin
Marchman::AS17F115,0.6391561948558823,NA,English (American),marchman,C_lin
Marchman::AS20F095,3.146094587008972,NA,English (American),marchman,C_lin
Marchman::AS2F038A,0.5345827986480941,NA,English (American),marchman,C_lin
Marchman::BA03M088,0.6724765833925463,NA,English (American),marchman,C_lin
Marchman::BB03M107,-0.8926995589589949,NA,English (American),marchman,C_lin
Marchman::BC13F074,-1.868163024035013,NA,English (American),marchman,C_lin
Marchman::BC18M103,-0.7218911102031597,NA,English (American),marchman,C_lin
Marchman::BD03F057,2.8435822158109234,NA,English (American),marchman,C_lin
Marchman::BG03M057,-1.795931891731461,NA,English (American),marchman,C_lin
Marchman::BG03M107,-3.03569558219523,NA,English (American),marchman,C_lin
Marchman::BG3M107A,-3.738850559233814,NA,English (American),marchman,C_lin
Marchman::BH04M088,0.41163584346336773,NA,English (American),marchman,C_lin
Marchman::BH11F095,0.7969127061730762,NA,English (American),marchman,C_lin
Marchman::BH15M123,-1.2834118481326569,NA,English (American),marchman,C_lin
Marchman::BO00M038,0.33504513654673623,NA,English (American),marchman,C_lin
Marchman::BR03F018,0.5340921847763556,NA,English (American),marchman,C_lin
Marchman::BR09M084,-1.3861696143509068,NA,English (American),marchman,C_lin
Marchman::BS10M123,1.2022745882829609,NA,English (American),marchman,C_lin
Marchman::BW03F088,0.7972027329027197,NA,English (American),marchman,C_lin
Marchman::CA02F097,2.60503876729156,NA,English (American),marchman,C_lin
Marchman::CB03F038,1.115131390423032,NA,English (American),marchman,C_lin
Marchman::CB03M107,-1.7504972995417392,NA,English (American),marchman,C_lin
Marchman::CB04M047,2.102676012743498,NA,English (American),marchman,C_lin
Marchman::CB04M098,0.7787018750569675,NA,English (American),marchman,C_lin
Marchman::CB04M117,1.3942168617482014,NA,English (American),marchman,C_lin
Marchman::CB19F054,-0.8135692186185853,NA,English (American),marchman,C_lin
Marchman::CC02F059,3.2351699109072976,NA,English (American),marchman,C_lin
Marchman::CC05M098,0.8644053858426337,NA,English (American),marchman,C_lin
Marchman::CD04F107,0.48897778864716235,NA,English (American),marchman,C_lin
Marchman::CD05F069,1.4472794884342008,NA,English (American),marchman,C_lin
Marchman::CE02F107,0.5752337842351892,NA,English (American),marchman,C_lin
Marchman::CG04F088,-0.8590169070817271,NA,English (American),marchman,C_lin
Marchman::CG04M108,2.498458605811476,NA,English (American),marchman,C_lin
Marchman::CH02F038,-1.2701371356026019,NA,English (American),marchman,C_lin
Marchman::CH03F018,2.17331866234239,NA,English (American),marchman,C_lin
Marchman::CH03F038,1.4727579695745063,NA,English (American),marchman,C_lin
Marchman::CH04M048,0.9050987658478346,NA,English (American),marchman,C_lin
Marchman::CJ02F038,-0.5785136259355611,NA,English (American),marchman,C_lin
Marchman::CK03M059,-1.5611758955769923,NA,English (American),marchman,C_lin
Marchman::CL03M018,0.814111889890271,NA,English (American),marchman,C_lin
Marchman::CM02M057,1.5266382524815536,NA,English (American),marchman,C_lin
Marchman::CM02M059,1.0002374116244597,NA,English (American),marchman,C_lin
Marchman::CO04M098,1.6271904043542003,NA,English (American),marchman,C_lin
Marchman::CP03M018,0.5116971495461858,NA,English (American),marchman,C_lin
Marchman::CP13F067,1.968245224959698,NA,English (American),marchman,C_lin
Marchman::CR03M059,-1.4033269861283817,NA,English (American),marchman,C_lin
Marchman::CR06F057,3.4841738372876554,NA,English (American),marchman,C_lin
Marchman::CR12F087,1.0984752708362218,NA,English (American),marchman,C_lin
Marchman::CS02M058,-1.8601892305790626,NA,English (American),marchman,C_lin
Marchman::CS02M097,-0.6771708436126644,NA,English (American),marchman,C_lin
Marchman::CS04M077,0.23995084889552837,NA,English (American),marchman,C_lin
Marchman::CS05M098,2.1979382690017895,NA,English (American),marchman,C_lin
Marchman::CS06F077,1.1353876753465184,NA,English (American),marchman,C_lin
Marchman::CS2M107A,-0.4642774430056526,NA,English (American),marchman,C_lin
Marchman::CT03F018,4.639498474521423,NA,English (American),marchman,C_lin
Marchman::CW08M057,-2.208200883032442,NA,English (American),marchman,C_lin
Marchman::CW14M067,1.3504042434186505,NA,English (American),marchman,C_lin
Marchman::CW18M026,1.4365233582395178,NA,English (American),marchman,C_lin
Marchman::DA12M084,-0.24064667728385578,NA,English (American),marchman,C_lin
Marchman::DC16M114,3.145988172871547,NA,English (American),marchman,C_lin
Marchman::DI02M038,0.713534921258512,NA,English (American),marchman,C_lin
Marchman::DM03M018,0.22092944239128154,NA,English (American),marchman,C_lin
Marchman::DM18M044,-2.7749527088431467,NA,English (American),marchman,C_lin
Marchman::DN05F088,-0.12414948026849591,NA,English (American),marchman,C_lin
Marchman::DN12F067,0.2990062452637799,NA,English (American),marchman,C_lin
Marchman::DO09M025,-0.49212470283085313,NA,English (American),marchman,C_lin
Marchman::DS02M038,-0.5469461541608308,NA,English (American),marchman,C_lin
Marchman::DW02M047,-0.054846109715703265,NA,English (American),marchman,C_lin
Marchman::DW03M018,0.12409891691635781,NA,English (American),marchman,C_lin
Marchman::EB03F107,0.9314550992445506,NA,English (American),marchman,C_lin
Marchman::EB05F098,0.12615188236192687,NA,English (American),marchman,C_lin
Marchman::EB12F113,-2.2094317350133688,NA,English (American),marchman,C_lin
Marchman::EC05F098,2.477852956096446,NA,English (American),marchman,C_lin
Marchman::ED06M117,0.8500860258536833,NA,English (American),marchman,C_lin
Marchman::EF08F014,1.500336670934742,NA,English (American),marchman,C_lin
Marchman::EK05F098,1.5559106637476763,NA,English (American),marchman,C_lin
Marchman::EL05F098,2.852028680878023,NA,English (American),marchman,C_lin
Marchman::EM03F107,1.7234766065836142,NA,English (American),marchman,C_lin
Marchman::EM09M104,-0.31981771104246476,NA,English (American),marchman,C_lin
Marchman::ER03F097,1.107493801490995,NA,English (American),marchman,C_lin
Marchman::ES08F014,-2.661035498470434,NA,English (American),marchman,C_lin
Marchman::ES10F115,0.353948458883703,NA,English (American),marchman,C_lin
Marchman::EW15F125,-1.2745657833118667,NA,English (American),marchman,C_lin
Marchman::FH17M064,-0.004120705554548939,NA,English (American),marchman,C_lin
Marchman::FT03M097,-0.06197335169256675,NA,English (American),marchman,C_lin
Marchman::GA04M107,-0.038334185242291666,NA,English (American),marchman,C_lin
Marchman::GB03F069,2.108168852860447,NA,English (American),marchman,C_lin
Marchman::GB04M107,1.171091464344461,NA,English (American),marchman,C_lin
Marchman::GC03M038,3.5474000510684918,NA,English (American),marchman,C_lin
Marchman::GC18M118,-0.1151175676387711,NA,English (American),marchman,C_lin
Marchman::GK09M044,0.7523350033469338,NA,English (American),marchman,C_lin
Marchman::GW03F038,0.46927149676065905,NA,English (American),marchman,C_lin
Marchman::GY03F038,2.745804278396737,NA,English (American),marchman,C_lin
Marchman::HA03F018,1.8300971625206088,NA,English (American),marchman,C_lin
Marchman::HB03F018,1.8300971625206068,NA,English (American),marchman,C_lin
Marchman::HB06M098,0.8758829907871921,NA,English (American),marchman,C_lin
Marchman::HB12M045,-1.438640666734966,NA,English (American),marchman,C_lin
Marchman::HC03F038,-2.5370638419266993,NA,English (American),marchman,C_lin
Marchman::HH03F057,2.6372026183176436,NA,English (American),marchman,C_lin
Marchman::HJ02F038,1.6020726858327587,NA,English (American),marchman,C_lin
Marchman::HM03F018,0.9209278835118028,NA,English (American),marchman,C_lin
Marchman::HO03M038,0.09296442948617224,NA,English (American),marchman,C_lin
Marchman::HP02M059,1.2886568139455237,NA,English (American),marchman,C_lin
Marchman::HU06F088,1.9538103420051944,NA,English (American),marchman,C_lin
Marchman::IB09M103,-0.7123904541042494,NA,English (American),marchman,C_lin
Marchman::IC03F059,3.0990681609164743,NA,English (American),marchman,C_lin
Marchman::ID12F035,-1.629777975036903,NA,English (American),marchman,C_lin
Marchman::IE05F057,0.8900176496412734,NA,English (American),marchman,C_lin
Marchman::IM04M038,2.086421166069169,NA,English (American),marchman,C_lin
Marchman::IM18M075,-2.176983744378517,NA,English (American),marchman,C_lin
Marchman::IN12M026,-1.0721486240850242,NA,English (American),marchman,C_lin
Marchman::IS05F057,1.4098351144981918,NA,English (American),marchman,C_lin
Marchman::IT02F018,0.6397852712764377,NA,English (American),marchman,C_lin
Marchman::IT02F107,0.10633889585678968,NA,English (American),marchman,C_lin
Marchman::IT03F047,1.8300971625206075,NA,English (American),marchman,C_lin
Marchman::JA12M035,-0.40491040900110753,NA,English (American),marchman,C_lin
Marchman::JA16F015,-0.695642747923394,NA,English (American),marchman,C_lin
Marchman::JB05M057,1.2166248370741302,NA,English (American),marchman,C_lin
Marchman::JB09M113,-0.24444070398218473,NA,English (American),marchman,C_lin
Marchman::JB11M105,-2.1343118162638355,NA,English (American),marchman,C_lin
Marchman::JC02M057,1.1055368296772643,NA,English (American),marchman,C_lin
Marchman::JC05M088,-3.4590920336347817,NA,English (American),marchman,C_lin
Marchman::JC09M034,3.637371250109534,NA,English (American),marchman,C_lin
Marchman::JC12M114,0.8101211364054901,NA,English (American),marchman,C_lin
Marchman::JC15M084,-0.5177511610054356,NA,English (American),marchman,C_lin
Marchman::JD03M059,1.630336186780956,NA,English (American),marchman,C_lin
Marchman::JD04M088,0.41037100275035626,NA,English (American),marchman,C_lin
Marchman::JD05M047,3.4074793831894468,NA,English (American),marchman,C_lin
Marchman::JF03M018,0.36598865013380033,NA,English (American),marchman,C_lin
Marchman::JF06M088,2.1144872262076277,NA,English (American),marchman,C_lin
Marchman::JF17F056,-1.9020289759074844,NA,English (American),marchman,C_lin
Marchman::JG13M075,0.3761518496728525,NA,English (American),marchman,C_lin
Marchman::JH03F067,1.4817242934476798,NA,English (American),marchman,C_lin
Marchman::JH03M018,2.465641747666801,NA,English (American),marchman,C_lin
Marchman::JH03M097,4.143931016335316,NA,English (American),marchman,C_lin
Marchman::JH04M107,1.3773439983578812,NA,English (American),marchman,C_lin
Marchman::JH12F115,2.2433075157061655,NA,English (American),marchman,C_lin
Marchman::JH12F125,2.339110761821283,NA,English (American),marchman,C_lin
Marchman::JJ12M055,-1.522134849263957,NA,English (American),marchman,C_lin
Marchman::JK02F107,0.3406882835013686,NA,English (American),marchman,C_lin
Marchman::JM04M107,-0.6760770602085342,NA,English (American),marchman,C_lin
Marchman::JN02F097,1.537867459680921,NA,English (American),marchman,C_lin
Marchman::JO18F086,-0.949745590662368,NA,English (American),marchman,C_lin
Marchman::JP02M059,2.0460893191717293,NA,English (American),marchman,C_lin
Marchman::JP03F057,0.7505970773817079,NA,English (American),marchman,C_lin
Marchman::JP04F098,2.0631969348631203,NA,English (American),marchman,C_lin
Marchman::JR03M098,1.9091042259820425,NA,English (American),marchman,C_lin
Marchman::JS06M047,0.46310288463675026,NA,English (American),marchman,C_lin
Marchman::JW00M038,2.8590443491030926,NA,English (American),marchman,C_lin
Marchman::JW02M107,1.2880638724169722,NA,English (American),marchman,C_lin
Marchman::JW03M038,-1.6705500549380696,NA,English (American),marchman,C_lin
Marchman::KA03M097,0.9296164953718264,NA,English (American),marchman,C_lin
Marchman::KB03M088,-0.22739620493240767,NA,English (American),marchman,C_lin
Marchman::KC02F038,0.6048864864226848,NA,English (American),marchman,C_lin
Marchman::KH05F098,1.5948120741905205,NA,English (American),marchman,C_lin
Marchman::KH09M014,3.1588273665620257,NA,English (American),marchman,C_lin
Marchman::KK09M103,-1.2351466835420002,NA,English (American),marchman,C_lin
Marchman::KK12F044,1.2231986096241705,NA,English (American),marchman,C_lin
Marchman::KM09F074,0.19899872406637736,NA,English (American),marchman,C_lin
Marchman::KM12M015,-2.3364079869744216,NA,English (American),marchman,C_lin
Marchman::KM14F067,-0.845167938840891,NA,English (American),marchman,C_lin
Marchman::KM15F115,0.10889615056175685,NA,English (American),marchman,C_lin
Marchman::KN05F088,-2.63987288858809,NA,English (American),marchman,C_lin
Marchman::KO05M098,1.9438723801000588,NA,English (American),marchman,C_lin
Marchman::KR09F064,0.06896846257578838,NA,English (American),marchman,C_lin
Marchman::KS02F117,0.7237231949070148,NA,English (American),marchman,C_lin
Marchman::KS03M018,2.5606198427488462,NA,English (American),marchman,C_lin
Marchman::KS09M024,-1.7301550787873041,NA,English (American),marchman,C_lin
Marchman::KS11F113,1.6039970765630125,NA,English (American),marchman,C_lin
Marchman::KS21M024,-4.204045303120239,NA,English (American),marchman,C_lin
Marchman::KT03F059,2.6968759103338464,NA,English (American),marchman,C_lin
Marchman::KT04F059,2.5564757796059423,NA,English (American),marchman,C_lin
Marchman::KW04F107,2.2218247320605817,NA,English (American),marchman,C_lin
Marchman::LB3F018A,0.11580591629735734,NA,English (American),marchman,C_lin
Marchman::LC05F047,2.504350731357204,NA,English (American),marchman,C_lin
Marchman::LL02F047,1.2673507507444801,NA,English (American),marchman,C_lin
Marchman::LP16M113,-0.5704816360969296,NA,English (American),marchman,C_lin
Marchman::LR11F114,-3.3437591603034416,NA,English (American),marchman,C_lin
Marchman::LS12F103,0.8406220243645263,NA,English (American),marchman,C_lin
Marchman::LW05M069,0.23372142970160398,NA,English (American),marchman,C_lin
Marchman::MA03F059,0.24450320366901565,NA,English (American),marchman,C_lin
Marchman::MA06M067,2.0578643188791954,NA,English (American),marchman,C_lin
Marchman::MA08F024,0.3783375469345257,NA,English (American),marchman,C_lin
Marchman::MB02M018,2.4457708173755073,NA,English (American),marchman,C_lin
Marchman::MB03M018,0.9364226310461778,NA,English (American),marchman,C_lin
Marchman::MB03M057,-0.6690815978940345,NA,English (American),marchman,C_lin
Marchman::MB09M084,-1.7974366437463951,NA,English (American),marchman,C_lin
Marchman::MB15M117,-2.7054709061479967,NA,English (American),marchman,C_lin
Marchman::MB19M064,-1.3447334317680966,NA,English (American),marchman,C_lin
Marchman::MC15F104,-2.002183527526306,NA,English (American),marchman,C_lin
Marchman::ME03F038,0.16083718803877328,NA,English (American),marchman,C_lin
Marchman::ME12M056,1.143357850968978,NA,English (American),marchman,C_lin
Marchman::MF03F018,1.2011838097418899,NA,English (American),marchman,C_lin
Marchman::MF15F086,-1.0125469050201892,NA,English (American),marchman,C_lin
Marchman::MF15M103,-0.10200194948438276,NA,English (American),marchman,C_lin
Marchman::MH09M024,0.5428190359496438,NA,English (American),marchman,C_lin
Marchman::MK22F095,-0.9667408975511999,NA,English (American),marchman,C_lin
Marchman::MM01F038,-0.24598628923606466,NA,English (American),marchman,C_lin
Marchman::MM02F059,1.0577723624190944,NA,English (American),marchman,C_lin
Marchman::MM03F107,2.9693822155346656,NA,English (American),marchman,C_lin
Marchman::MM04F088,3.094723244553066,NA,English (American),marchman,C_lin
Marchman::MM04F107,0.12952341273223905,NA,English (American),marchman,C_lin
Marchman::MO03M098,1.4523286699419697,NA,English (American),marchman,C_lin
Marchman::MP03F107,1.189318531235886,NA,English (American),marchman,C_lin
Marchman::MP12F044,4.053992242304408,NA,English (American),marchman,C_lin
Marchman::MR03F057,2.6191157565507233,NA,English (American),marchman,C_lin
Marchman::MR03F107,0.4528378480323646,NA,English (American),marchman,C_lin
Marchman::MS02M57A,0.520347351450255,NA,English (American),marchman,C_lin
Marchman::MS03M057,-2.0800237871672604,NA,English (American),marchman,C_lin
Marchman::MS09F014,1.2777770117499105,NA,English (American),marchman,C_lin
Marchman::MV03M018,1.5340118136124272,NA,English (American),marchman,C_lin
Marchman::MW05F047,0.751857342378969,NA,English (American),marchman,C_lin
Marchman::NB03M038,0.8641187239419578,NA,English (American),marchman,C_lin
Marchman::NB12F024,-3.2652363568065197,NA,English (American),marchman,C_lin
Marchman::NC05M098,3.5174522307510725,NA,English (American),marchman,C_lin
Marchman::NC18M084,0.4103710027503565,NA,English (American),marchman,C_lin
Marchman::NF02M018,0.6141075787213929,NA,English (American),marchman,C_lin
Marchman::NG06M057,1.773838273155144,NA,English (American),marchman,C_lin
Marchman::NG06M57A,0.276777233451297,NA,English (American),marchman,C_lin
Marchman::NG18M086,1.6357046448939176,NA,English (American),marchman,C_lin
Marchman::NJ01M059,-1.506848887240454,NA,English (American),marchman,C_lin
Marchman::NL01F038,-2.38663192784685,NA,English (American),marchman,C_lin
Marchman::NL03M018,-1.0108673703039481,NA,English (American),marchman,C_lin
Marchman::NL11M095,2.25559045595653,NA,English (American),marchman,C_lin
Marchman::NM15F015,2.3077864295046022,NA,English (American),marchman,C_lin
Marchman::NP05M069,-0.3175876788977567,NA,English (American),marchman,C_lin
Marchman::NR11M036,-1.1201687157731068,NA,English (American),marchman,C_lin
Marchman::NS01M038,0.942878113113841,NA,English (American),marchman,C_lin
Marchman::NS12F045,1.2635013310465977,NA,English (American),marchman,C_lin
Marchman::NS18F105,-0.430829627264931,NA,English (American),marchman,C_lin
Marchman::NV09M014,0.3402019538932574,NA,English (American),marchman,C_lin
Marchman::NY02F018,1.718608866533158,NA,English (American),marchman,C_lin
Marchman::OS06M098,1.6779632033382106,NA,English (American),marchman,C_lin
Marchman::PA18M098,-0.23180004624491116,NA,English (American),marchman,C_lin
Marchman::PB06M098,-0.8231970342054149,NA,English (American),marchman,C_lin
Marchman::PB13M065,1.1599263451263344,NA,English (American),marchman,C_lin
Marchman::PC05M098,1.231663071459155,NA,English (American),marchman,C_lin
Marchman::PC08M038,0.5023106973525714,NA,English (American),marchman,C_lin
Marchman::PC09M094,-0.6098669421497399,NA,English (American),marchman,C_lin
Marchman::PM03M059,-0.8404188234246808,NA,English (American),marchman,C_lin
Marchman::PS03M059,1.1132816387839946,NA,English (American),marchman,C_lin
Marchman::PS18M115,0.24587090244781717,NA,English (American),marchman,C_lin
Marchman::PW02M057,3.1862628033440017,NA,English (American),marchman,C_lin
Marchman::PY12M036,-0.2171281234828759,NA,English (American),marchman,C_lin
Marchman::RB04F057,2.0578643188791927,NA,English (American),marchman,C_lin
Marchman::RC09F014,-0.9594365080333163,NA,English (American),marchman,C_lin
Marchman::RC11F067,1.396947583645974,NA,English (American),marchman,C_lin
Marchman::RE02F057,0.8126387600323283,NA,English (American),marchman,C_lin
Marchman::RG14M067,-0.7544656156915416,NA,English (American),marchman,C_lin
Marchman::RM12F105,4.370449309545263,NA,English (American),marchman,C_lin
Marchman::RP19M105,0.2359778110809119,NA,English (American),marchman,C_lin
Marchman::RR05M057,-0.17090247120365215,NA,English (American),marchman,C_lin
Marchman::RS03F057,1.132915095105673,NA,English (American),marchman,C_lin
Marchman::RS14M123,-0.5119806903333349,NA,English (American),marchman,C_lin
Marchman::RW02F018,1.5266382524815545,NA,English (American),marchman,C_lin
Marchman::RW03F107,-1.0332342106228503,NA,English (American),marchman,C_lin
Marchman::SA04F069,2.307694363408526,NA,English (American),marchman,C_lin
Marchman::SB05M069,-0.20443482598966325,NA,English (American),marchman,C_lin
Marchman::SB09M103,2.45111225530778,NA,English (American),marchman,C_lin
Marchman::SC05F098,2.312158437472897,NA,English (American),marchman,C_lin
Marchman::SE03F018,-2.763094071253286,NA,English (American),marchman,C_lin
Marchman::SF12F015,0.46555071809677545,NA,English (American),marchman,C_lin
Marchman::SG02F059,0.5219791270302917,NA,English (American),marchman,C_lin
Marchman::SH09M034,-0.9478545015106167,NA,English (American),marchman,C_lin
Marchman::SJ02F018,1.6105812350792073,NA,English (American),marchman,C_lin
Marchman::SJ04M107,0.46246562636267086,NA,English (American),marchman,C_lin
Marchman::SJ12M123,-1.9031646435477996,NA,English (American),marchman,C_lin
Marchman::SK02F107,0.1314818982803055,NA,English (American),marchman,C_lin
Marchman::SK03F018,-0.9771973237305931,NA,English (American),marchman,C_lin
Marchman::SK04F098,-5.5993818413141945,NA,English (American),marchman,C_lin
Marchman::SL05F057,1.8185287769136884,NA,English (American),marchman,C_lin
Marchman::SL09F104,0.3978869691047138,NA,English (American),marchman,C_lin
Marchman::SM03F107,1.881286539874502,NA,English (American),marchman,C_lin
Marchman::SM4F098A,2.2930175756327063,NA,English (American),marchman,C_lin
Marchman::SO04F097,1.106372499750661,NA,English (American),marchman,C_lin
Marchman::SP15F077,0.31980363587323685,NA,English (American),marchman,C_lin
Marchman::SR02F059,1.6259715020311862,NA,English (American),marchman,C_lin
Marchman::SS02F018,0.10524474410726345,NA,English (American),marchman,C_lin
Marchman::SS09M123,-1.8722688078565364,NA,English (American),marchman,C_lin
Marchman::SS12M064,-1.472897862668231,NA,English (American),marchman,C_lin
Marchman::ST02F059,0.5755959317269784,NA,English (American),marchman,C_lin
Marchman::SW03F018,0.29425132150273314,NA,English (American),marchman,C_lin
Marchman::SW03F069,-0.5456228656389256,NA,English (American),marchman,C_lin
Marchman::SW03M028,-4.7594820593701215,NA,English (American),marchman,C_lin
Marchman::SW06F108,2.0818275823085197,NA,English (American),marchman,C_lin
Marchman::SW15F125,-0.21843274827159043,NA,English (American),marchman,C_lin
Marchman::TA12M103,-1.6974353795086428,NA,English (American),marchman,C_lin
Marchman::TC02M047,0.32723175690657846,NA,English (American),marchman,C_lin
Marchman::TC09F014,0.21113331066046656,NA,English (American),marchman,C_lin
Marchman::TE04M038,-0.5335294966507763,NA,English (American),marchman,C_lin
Marchman::TG18M035,0.022866028262765074,NA,English (American),marchman,C_lin
Marchman::TH03M057,0.19809976335662458,NA,English (American),marchman,C_lin
Marchman::TM03F018,3.1963648915995657,NA,English (American),marchman,C_lin
Marchman::TM03F047,3.052027034668467,NA,English (American),marchman,C_lin
Marchman::TM09M034,3.0612493513047654,NA,English (American),marchman,C_lin
Marchman::TP03M107,2.286046867500759,NA,English (American),marchman,C_lin
Marchman::TS02F018,1.3264741339940858,NA,English (American),marchman,C_lin
Marchman::TS05M057,-0.04184982578835239,NA,English (American),marchman,C_lin
Marchman::TT03M069,1.4529573735268437,NA,English (American),marchman,C_lin
Marchman::TT04M088,0.47668193892605654,NA,English (American),marchman,C_lin
Marchman::TT06M098,-0.5609966701390595,NA,English (American),marchman,C_lin
Marchman::VB06F108,3.1968010529050352,NA,English (American),marchman,C_lin
Marchman::VJ02M057,1.2563946349250141,NA,English (American),marchman,C_lin
Marchman::VL03F018,0.7448281067201074,NA,English (American),marchman,C_lin
Marchman::VS04F098,-1.334789883869206,NA,English (American),marchman,C_lin
Marchman::WL05M057,0.8984989856466452,NA,English (American),marchman,C_lin
Marchman::WW02F038,-0.5153199380730885,NA,English (American),marchman,C_lin
Marchman::WW03M069,-3.4833013175676357,NA,English (American),marchman,C_lin
Marchman::WW04F067,0.4599999416083702,NA,English (American),marchman,C_lin
Marchman::YM13F026,-1.714881772399437,NA,English (American),marchman,C_lin
Marchman::ZB09M113,-0.19798576606108348,NA,English (American),marchman,C_lin
Marchman::ZB11F035,-0.12256931987469387,NA,English (American),marchman,C_lin
Marchman::ZC06F098,-2.2806544307992507,NA,English (American),marchman,C_lin
Marchman::ZE06M039,-1.39284413611703,NA,English (American),marchman,C_lin
Marchman::ZM02F059,3.0251987468608643,NA,English (American),marchman,C_lin
Marchman::ZM03M038,0.49861827638584105,NA,English (American),marchman,C_lin
Marchman::ZO02M047,1.7868218125531001,NA,English (American),marchman,C_lin
Marchman::ZT02M107,0.009775149264359285,NA,English (American),marchman,C_lin
Marchman::ZW02M057,0.3688483685985775,NA,English (American),marchman,C_lin
