child_id,intercept_blup,slope_blup,language,lang_slug,model
Marchman::1,1.1913830346067744,NA,English (American),marchman,C_log
Marchman::10,-1.845575558373008,NA,English (American),marchman,C_log
Marchman::100,-2.3264414150859505,NA,English (American),marchman,C_log
Marchman::1000,2.6784303420809272,NA,English (American),marchman,C_log
Marchman::1001,0.6857086954431075,NA,English (American),marchman,C_log
Marchman::1002,0.18681262432869136,NA,English (American),marchman,C_log
Marchman::1003,0.51109456036888,NA,English (American),marchman,C_log
Marchman::1004,1.396731009407472,NA,English (American),marchman,C_log
Marchman::1005,0.7215163132738381,NA,English (American),marchman,C_log
Marchman::1006,0.29512943671898956,NA,English (American),marchman,C_log
Marchman::1007,1.2473403879529648,NA,English (American),marchman,C_log
Marchman::1008,1.5925646192743121,NA,English (American),marchman,C_log
Marchman::1009,5.490118725884497,NA,English (American),marchman,C_log
Marchman::101,-0.35597836613080375,NA,English (American),marchman,C_log
Marchman::1010,-1.1749235291524274,NA,English (American),marchman,C_log
Marchman::1011,-0.5022265181124459,NA,English (American),marchman,C_log
Marchman::1012,1.804735906452704,NA,English (American),marchman,C_log
Marchman::1013,-0.3558005237012502,NA,English (American),marchman,C_log
Marchman::1014,1.486155488379493,NA,English (American),marchman,C_log
Marchman::1015,-2.1371491511494827,NA,English (American),marchman,C_log
Marchman::1016,1.4626852360767801,NA,English (American),marchman,C_log
Marchman::1017,-1.8588530296717913,NA,English (American),marchman,C_log
Marchman::1018,1.5964689786944868,NA,English (American),marchman,C_log
Marchman::1019,-0.07883747351698443,NA,English (American),marchman,C_log
Marchman::102,0.03498832944050742,NA,English (American),marchman,C_log
Marchman::1020,1.3148297762766825,NA,English (American),marchman,C_log
Marchman::1021,-1.4041406770618596,NA,English (American),marchman,C_log
Marchman::1022,1.4141507492227008,NA,English (American),marchman,C_log
Marchman::1023,-0.22550044452339255,NA,English (American),marchman,C_log
Marchman::1024,2.084147677286287,NA,English (American),marchman,C_log
Marchman::1025,-0.06453305157321151,NA,English (American),marchman,C_log
Marchman::1026,-2.3736802274971547,NA,English (American),marchman,C_log
Marchman::1027,3.316483184461824,NA,English (American),marchman,C_log
Marchman::1028,0.6330705196875703,NA,English (American),marchman,C_log
Marchman::1029,-2.1920501657442903,NA,English (American),marchman,C_log
Marchman::103,0.0018896105726453952,NA,English (American),marchman,C_log
Marchman::1030,-2.4077037584385264,NA,English (American),marchman,C_log
Marchman::1031,-0.06938143590775245,NA,English (American),marchman,C_log
Marchman::1032,-0.661789797339387,NA,English (American),marchman,C_log
Marchman::1033,-0.3532159890231008,NA,English (American),marchman,C_log
Marchman::1034,-1.5681900815468506,NA,English (American),marchman,C_log
Marchman::1035,0.36992785318607685,NA,English (American),marchman,C_log
Marchman::1037,0.5872399652655834,NA,English (American),marchman,C_log
Marchman::1038,-0.894920579804348,NA,English (American),marchman,C_log
Marchman::1039,-0.287908074806701,NA,English (American),marchman,C_log
Marchman::104,0.5914492919842166,NA,English (American),marchman,C_log
Marchman::1040,0.3209156795395755,NA,English (American),marchman,C_log
Marchman::1041,0.9370701219341896,NA,English (American),marchman,C_log
Marchman::1042,1.2264749906993027,NA,English (American),marchman,C_log
Marchman::1043,2.1020067428644005,NA,English (American),marchman,C_log
Marchman::1044,-1.9092280344076717,NA,English (American),marchman,C_log
Marchman::1045,-0.4471836378965764,NA,English (American),marchman,C_log
Marchman::1046,2.328883495273923,NA,English (American),marchman,C_log
Marchman::1047,-1.680319038367866,NA,English (American),marchman,C_log
Marchman::1048,2.090658865101375,NA,English (American),marchman,C_log
Marchman::1049,-0.29785682049446516,NA,English (American),marchman,C_log
Marchman::105,-0.8263640252360245,NA,English (American),marchman,C_log
Marchman::1050,1.81913561796513,NA,English (American),marchman,C_log
Marchman::1052,0.34323415507651256,NA,English (American),marchman,C_log
Marchman::1053,-0.4299141300058205,NA,English (American),marchman,C_log
Marchman::1054,-0.36597570602036605,NA,English (American),marchman,C_log
Marchman::1055,0.3324524946107226,NA,English (American),marchman,C_log
Marchman::1056,2.3123376827400905,NA,English (American),marchman,C_log
Marchman::1057,-0.31679697034791865,NA,English (American),marchman,C_log
Marchman::1058,-1.117137988153764,NA,English (American),marchman,C_log
Marchman::1059,-0.27379972227139754,NA,English (American),marchman,C_log
Marchman::1060,-4.451795133370206,NA,English (American),marchman,C_log
Marchman::1061,-0.01562520827031573,NA,English (American),marchman,C_log
Marchman::1062,1.0174789185273345,NA,English (American),marchman,C_log
Marchman::1063,-0.34422872020777706,NA,English (American),marchman,C_log
Marchman::1064,-0.25376165667605916,NA,English (American),marchman,C_log
Marchman::1065,0.21548612824051297,NA,English (American),marchman,C_log
Marchman::1066,0.2179460647531694,NA,English (American),marchman,C_log
Marchman::1067,-0.02872908758296586,NA,English (American),marchman,C_log
Marchman::1068,-0.15331281103602196,NA,English (American),marchman,C_log
Marchman::1069,3.2862364885927287,NA,English (American),marchman,C_log
Marchman::107,-1.3903126841669042,NA,English (American),marchman,C_log
Marchman::1070,0.23924057402660867,NA,English (American),marchman,C_log
Marchman::1072,-2.140790604409676,NA,English (American),marchman,C_log
Marchman::1073,-0.7145297945988521,NA,English (American),marchman,C_log
Marchman::1074,-0.8206485043243263,NA,English (American),marchman,C_log
Marchman::1075,-1.676241995538115,NA,English (American),marchman,C_log
Marchman::1076,1.6511767358919123,NA,English (American),marchman,C_log
Marchman::1077,0.19401810524235463,NA,English (American),marchman,C_log
Marchman::1078,-0.18060072446447178,NA,English (American),marchman,C_log
Marchman::1079,2.6601824251407296,NA,English (American),marchman,C_log
Marchman::108,1.052320998026,NA,English (American),marchman,C_log
Marchman::1080,-0.8632269636015054,NA,English (American),marchman,C_log
Marchman::1081,1.3747588402341433,NA,English (American),marchman,C_log
Marchman::1082,0.9762046538840199,NA,English (American),marchman,C_log
Marchman::1083,2.1711763873051164,NA,English (American),marchman,C_log
Marchman::1084,1.9123714190898538,NA,English (American),marchman,C_log
Marchman::1085,1.1985079893800437,NA,English (American),marchman,C_log
Marchman::1086,0.047069877189000485,NA,English (American),marchman,C_log
Marchman::1087,-2.4607734058382618,NA,English (American),marchman,C_log
Marchman::1088,0.23514142839618707,NA,English (American),marchman,C_log
Marchman::1089,-0.23867819585987315,NA,English (American),marchman,C_log
Marchman::109,1.2763003757691926,NA,English (American),marchman,C_log
Marchman::1090,1.2611132344817217,NA,English (American),marchman,C_log
Marchman::1091,1.3282734761153803,NA,English (American),marchman,C_log
Marchman::1092,-1.8657425770334457,NA,English (American),marchman,C_log
Marchman::1093,-1.0982226306881895,NA,English (American),marchman,C_log
Marchman::1094,1.167786272573626,NA,English (American),marchman,C_log
Marchman::1095,2.149738113615858,NA,English (American),marchman,C_log
Marchman::1096,0.6299875396042945,NA,English (American),marchman,C_log
Marchman::1097,1.6910701968332444,NA,English (American),marchman,C_log
Marchman::1098,0.898262126131761,NA,English (American),marchman,C_log
Marchman::1099,-2.0792568558898767,NA,English (American),marchman,C_log
Marchman::11,-0.9121904527194643,NA,English (American),marchman,C_log
Marchman::110,1.294283784829503,NA,English (American),marchman,C_log
Marchman::1100,-1.924518635931566,NA,English (American),marchman,C_log
Marchman::1101,-2.1832430891084673,NA,English (American),marchman,C_log
Marchman::1102,-0.5792591499385894,NA,English (American),marchman,C_log
Marchman::1103,2.331474045316555,NA,English (American),marchman,C_log
Marchman::1104,1.851551898322132,NA,English (American),marchman,C_log
Marchman::1105,1.7425881095132387,NA,English (American),marchman,C_log
Marchman::1106,-0.5639797494497647,NA,English (American),marchman,C_log
Marchman::1107,-3.2321222681014365,NA,English (American),marchman,C_log
Marchman::1108,1.7993506801634445,NA,English (American),marchman,C_log
Marchman::1109,0.4356891545727295,NA,English (American),marchman,C_log
Marchman::111,0.4235398731266854,NA,English (American),marchman,C_log
Marchman::1110,-0.12168707433873584,NA,English (American),marchman,C_log
Marchman::1111,-0.8635446032015183,NA,English (American),marchman,C_log
Marchman::1112,0.7845377789917007,NA,English (American),marchman,C_log
Marchman::1113,-0.5281622195960589,NA,English (American),marchman,C_log
Marchman::1114,-1.865872109091224,NA,English (American),marchman,C_log
Marchman::1115,0.4756107242379363,NA,English (American),marchman,C_log
Marchman::1116,2.3034641880978337,NA,English (American),marchman,C_log
Marchman::1117,1.0512093471936226,NA,English (American),marchman,C_log
Marchman::1118,-2.921471096910501,NA,English (American),marchman,C_log
Marchman::1119,1.0881291975727636,NA,English (American),marchman,C_log
Marchman::112,1.3219577813198657,NA,English (American),marchman,C_log
Marchman::1120,-0.7628407365189992,NA,English (American),marchman,C_log
Marchman::1121,0.13395738103718163,NA,English (American),marchman,C_log
Marchman::1122,0.49253760314494976,NA,English (American),marchman,C_log
Marchman::1123,0.06033021221347041,NA,English (American),marchman,C_log
Marchman::1124,-1.2804387367136383,NA,English (American),marchman,C_log
Marchman::1125,1.864355494424531,NA,English (American),marchman,C_log
Marchman::1126,-1.2680079973591278,NA,English (American),marchman,C_log
Marchman::1127,-0.38611304342105246,NA,English (American),marchman,C_log
Marchman::1128,-0.558347830840069,NA,English (American),marchman,C_log
Marchman::1129,-0.676608675812482,NA,English (American),marchman,C_log
Marchman::113,0.4951018462614817,NA,English (American),marchman,C_log
Marchman::1130,0.31829729785777855,NA,English (American),marchman,C_log
Marchman::1131,1.272464042133045,NA,English (American),marchman,C_log
Marchman::1132,-1.056784974838345,NA,English (American),marchman,C_log
Marchman::1133,0.40530971775807956,NA,English (American),marchman,C_log
Marchman::1134,3.1634548564362146,NA,English (American),marchman,C_log
Marchman::1135,0.46881278348759325,NA,English (American),marchman,C_log
Marchman::1137,1.9925417347844985,NA,English (American),marchman,C_log
Marchman::1138,2.026074295493844,NA,English (American),marchman,C_log
Marchman::1139,0.9562084221403844,NA,English (American),marchman,C_log
Marchman::114,0.6719837045050716,NA,English (American),marchman,C_log
Marchman::1140,-0.8010385160178252,NA,English (American),marchman,C_log
Marchman::1141,-4.286361615272489,NA,English (American),marchman,C_log
Marchman::1142,0.16356355938166872,NA,English (American),marchman,C_log
Marchman::1143,0.29651825253047015,NA,English (American),marchman,C_log
Marchman::1144,2.112794220260347,NA,English (American),marchman,C_log
Marchman::1145,0.9336452094717714,NA,English (American),marchman,C_log
Marchman::1146,-1.5359642971524343,NA,English (American),marchman,C_log
Marchman::1147,-0.5248601617117735,NA,English (American),marchman,C_log
Marchman::1148,0.548349468352356,NA,English (American),marchman,C_log
Marchman::1149,2.1450999112397153,NA,English (American),marchman,C_log
Marchman::115,-0.4217077511243822,NA,English (American),marchman,C_log
Marchman::1150,0.6834194489159251,NA,English (American),marchman,C_log
Marchman::1151,1.4275575346058287,NA,English (American),marchman,C_log
Marchman::1152,2.6801876841141885,NA,English (American),marchman,C_log
Marchman::1153,-0.7298526459315396,NA,English (American),marchman,C_log
Marchman::1154,-0.12136732481112686,NA,English (American),marchman,C_log
Marchman::1155,-3.0934957308552256,NA,English (American),marchman,C_log
Marchman::1156,0.09178470997702616,NA,English (American),marchman,C_log
Marchman::1157,-0.24535932873094574,NA,English (American),marchman,C_log
Marchman::1158,-0.455486681203997,NA,English (American),marchman,C_log
Marchman::1159,0.6068533854042862,NA,English (American),marchman,C_log
Marchman::116,-1.240302440107919,NA,English (American),marchman,C_log
Marchman::1160,0.0412772946259542,NA,English (American),marchman,C_log
Marchman::1161,3.6355654297989064,NA,English (American),marchman,C_log
Marchman::1162,-0.5045485960671042,NA,English (American),marchman,C_log
Marchman::1163,-1.1079542399425009,NA,English (American),marchman,C_log
Marchman::1164,-0.1997786893203186,NA,English (American),marchman,C_log
Marchman::1165,1.9259768180657555,NA,English (American),marchman,C_log
Marchman::1166,-3.1159287276727836,NA,English (American),marchman,C_log
Marchman::1167,2.677219018352102,NA,English (American),marchman,C_log
Marchman::1168,-1.8838260848651494,NA,English (American),marchman,C_log
Marchman::1169,1.6896921529327888,NA,English (American),marchman,C_log
Marchman::117,0.4846809146053354,NA,English (American),marchman,C_log
Marchman::1170,-0.4269540734591999,NA,English (American),marchman,C_log
Marchman::1171,2.4869618950984305,NA,English (American),marchman,C_log
Marchman::1172,1.268179155417537,NA,English (American),marchman,C_log
Marchman::1173,-0.8839194174728782,NA,English (American),marchman,C_log
Marchman::1174,-1.9150030597218173,NA,English (American),marchman,C_log
Marchman::1175,0.7266124798367258,NA,English (American),marchman,C_log
Marchman::1176,-2.7879811118328313,NA,English (American),marchman,C_log
Marchman::1177,1.121576214636472,NA,English (American),marchman,C_log
Marchman::1178,1.4373143179700363,NA,English (American),marchman,C_log
Marchman::1179,0.4036685483178155,NA,English (American),marchman,C_log
Marchman::118,0.23602265267954292,NA,English (American),marchman,C_log
Marchman::1180,1.0329390737857043,NA,English (American),marchman,C_log
Marchman::1181,-2.3904717692025512,NA,English (American),marchman,C_log
Marchman::1182,3.3892251500711756,NA,English (American),marchman,C_log
Marchman::1183,-0.7750300398657188,NA,English (American),marchman,C_log
Marchman::1184,-1.7732459729516465,NA,English (American),marchman,C_log
Marchman::1185,0.6145321295586299,NA,English (American),marchman,C_log
Marchman::1186,2.61905067768846,NA,English (American),marchman,C_log
Marchman::1187,-0.34011017332336807,NA,English (American),marchman,C_log
Marchman::1188,0.37177458902476995,NA,English (American),marchman,C_log
Marchman::1189,1.206075443090811,NA,English (American),marchman,C_log
Marchman::119,2.0699363679583356,NA,English (American),marchman,C_log
Marchman::1190,2.030795999787672,NA,English (American),marchman,C_log
Marchman::1191,-0.38439345489792304,NA,English (American),marchman,C_log
Marchman::1192,-0.10969881620358883,NA,English (American),marchman,C_log
Marchman::1193,0.047242423784246354,NA,English (American),marchman,C_log
Marchman::1194,-1.9871151828899551,NA,English (American),marchman,C_log
Marchman::1195,1.862066514776555,NA,English (American),marchman,C_log
Marchman::1196,2.2081929051148097,NA,English (American),marchman,C_log
Marchman::1197,0.15900816894263478,NA,English (American),marchman,C_log
Marchman::1198,0.6467342308117147,NA,English (American),marchman,C_log
Marchman::1199,-0.9842158439546522,NA,English (American),marchman,C_log
Marchman::12,-0.1760161010464273,NA,English (American),marchman,C_log
Marchman::120,-2.0657408390936727,NA,English (American),marchman,C_log
Marchman::1200,-0.045720171935433165,NA,English (American),marchman,C_log
Marchman::1201,2.0821370094122793,NA,English (American),marchman,C_log
Marchman::1202,-1.8802483218415549,NA,English (American),marchman,C_log
Marchman::1203,-0.20200632835811524,NA,English (American),marchman,C_log
Marchman::1204,1.0006326352891743,NA,English (American),marchman,C_log
Marchman::1205,0.28034307313239465,NA,English (American),marchman,C_log
Marchman::1206,1.8548074496140168,NA,English (American),marchman,C_log
Marchman::1207,0.026955820319334356,NA,English (American),marchman,C_log
Marchman::1208,0.9513323346652539,NA,English (American),marchman,C_log
Marchman::1209,-0.463449039717012,NA,English (American),marchman,C_log
Marchman::121,-1.9081370967756182,NA,English (American),marchman,C_log
Marchman::1210,0.3043264443522451,NA,English (American),marchman,C_log
Marchman::1211,0.4566030569644248,NA,English (American),marchman,C_log
Marchman::1212,-2.964258752971806,NA,English (American),marchman,C_log
Marchman::1213,0.25638401240087777,NA,English (American),marchman,C_log
Marchman::1214,-0.9883539761732265,NA,English (American),marchman,C_log
Marchman::1215,-1.6050061445761552,NA,English (American),marchman,C_log
Marchman::1216,1.6925108021154733,NA,English (American),marchman,C_log
Marchman::1217,0.6073599863511668,NA,English (American),marchman,C_log
Marchman::1218,-0.09754817889228858,NA,English (American),marchman,C_log
Marchman::1219,-1.9173907418966596,NA,English (American),marchman,C_log
Marchman::122,-0.8079160215511513,NA,English (American),marchman,C_log
Marchman::1220,-0.20090889359544667,NA,English (American),marchman,C_log
Marchman::1221,-0.08659128263722823,NA,English (American),marchman,C_log
Marchman::1222,0.8482384919971412,NA,English (American),marchman,C_log
Marchman::1223,1.9198338931772791,NA,English (American),marchman,C_log
Marchman::1224,0.2890552396492897,NA,English (American),marchman,C_log
Marchman::1225,-0.03156586019305932,NA,English (American),marchman,C_log
Marchman::1226,-1.1244048917199232,NA,English (American),marchman,C_log
Marchman::1227,1.4439144299545366,NA,English (American),marchman,C_log
Marchman::1228,0.3647286562984292,NA,English (American),marchman,C_log
Marchman::1229,-0.4016606286437477,NA,English (American),marchman,C_log
Marchman::123,-2.2265137958828474,NA,English (American),marchman,C_log
Marchman::1230,1.2778357246879282,NA,English (American),marchman,C_log
Marchman::1231,-0.7246633442671231,NA,English (American),marchman,C_log
Marchman::1232,0.4710622191121158,NA,English (American),marchman,C_log
Marchman::1233,1.733302411046561,NA,English (American),marchman,C_log
Marchman::1234,-0.3873982900971376,NA,English (American),marchman,C_log
Marchman::1235,1.5600368300651484,NA,English (American),marchman,C_log
Marchman::1236,0.2934680098854813,NA,English (American),marchman,C_log
Marchman::1237,1.0228284469075806,NA,English (American),marchman,C_log
Marchman::1238,-0.18074020876617028,NA,English (American),marchman,C_log
Marchman::1239,0.7858060617551046,NA,English (American),marchman,C_log
Marchman::1240,1.181428670924498,NA,English (American),marchman,C_log
Marchman::1241,-2.4236751490432433,NA,English (American),marchman,C_log
Marchman::1242,-0.32930195891720787,NA,English (American),marchman,C_log
Marchman::1243,0.08938917295148595,NA,English (American),marchman,C_log
Marchman::1244,2.147694243514432,NA,English (American),marchman,C_log
Marchman::1245,1.3603771584280542,NA,English (American),marchman,C_log
Marchman::1246,1.8134695578821387,NA,English (American),marchman,C_log
Marchman::1247,1.8310807837698355,NA,English (American),marchman,C_log
Marchman::1248,2.5045572811381622,NA,English (American),marchman,C_log
Marchman::1249,1.3262235709864105,NA,English (American),marchman,C_log
Marchman::125,1.5793659898561256,NA,English (American),marchman,C_log
Marchman::1250,2.201410649079385,NA,English (American),marchman,C_log
Marchman::1251,0.07541162414340324,NA,English (American),marchman,C_log
Marchman::1252,0.731492942527362,NA,English (American),marchman,C_log
Marchman::1253,0.7841956380369346,NA,English (American),marchman,C_log
Marchman::1254,0.5827144205259908,NA,English (American),marchman,C_log
Marchman::1255,-0.5085799810068922,NA,English (American),marchman,C_log
Marchman::1256,1.3067560344776228,NA,English (American),marchman,C_log
Marchman::1257,1.5692604007250421,NA,English (American),marchman,C_log
Marchman::1258,0.8714153688917431,NA,English (American),marchman,C_log
Marchman::1259,-0.47574068341863707,NA,English (American),marchman,C_log
Marchman::126,-0.12853971967797298,NA,English (American),marchman,C_log
Marchman::1260,0.7255288481754859,NA,English (American),marchman,C_log
Marchman::1261,-1.5169525162446311,NA,English (American),marchman,C_log
Marchman::1262,-0.21594121264064012,NA,English (American),marchman,C_log
Marchman::1263,0.8316987861776884,NA,English (American),marchman,C_log
Marchman::1264,0.5318191052395276,NA,English (American),marchman,C_log
Marchman::1265,0.12615042933754372,NA,English (American),marchman,C_log
Marchman::1266,0.7408179250076408,NA,English (American),marchman,C_log
Marchman::1267,-0.598130921270153,NA,English (American),marchman,C_log
Marchman::1268,-0.3813954950931466,NA,English (American),marchman,C_log
Marchman::1269,1.454175074183366,NA,English (American),marchman,C_log
Marchman::127,1.2326462854500742,NA,English (American),marchman,C_log
Marchman::1270,1.1694561210891081,NA,English (American),marchman,C_log
Marchman::1271,0.21303154095903554,NA,English (American),marchman,C_log
Marchman::1272,1.3179323161465555,NA,English (American),marchman,C_log
Marchman::1273,-0.6310311931218892,NA,English (American),marchman,C_log
Marchman::1274,1.1774301993974288,NA,English (American),marchman,C_log
Marchman::1275,-0.12156766809047612,NA,English (American),marchman,C_log
Marchman::1276,0.47929093459658717,NA,English (American),marchman,C_log
Marchman::1277,-0.4613953893914579,NA,English (American),marchman,C_log
Marchman::1278,-1.6902096118797345,NA,English (American),marchman,C_log
Marchman::1279,-0.07722385929557762,NA,English (American),marchman,C_log
Marchman::128,-0.6783381798752433,NA,English (American),marchman,C_log
Marchman::1280,1.239301109786335,NA,English (American),marchman,C_log
Marchman::1281,-0.29318075059068455,NA,English (American),marchman,C_log
Marchman::1282,-0.15364063767984062,NA,English (American),marchman,C_log
Marchman::1283,-0.5167013195023871,NA,English (American),marchman,C_log
Marchman::1284,3.277234179754761,NA,English (American),marchman,C_log
Marchman::1285,-0.3302032485074316,NA,English (American),marchman,C_log
Marchman::1286,1.2631600340879043,NA,English (American),marchman,C_log
Marchman::1287,-0.5617155579622691,NA,English (American),marchman,C_log
Marchman::1288,-0.06883342245652282,NA,English (American),marchman,C_log
Marchman::1289,-1.046992953933519,NA,English (American),marchman,C_log
Marchman::129,0.9153330187179561,NA,English (American),marchman,C_log
Marchman::1291,1.3345231289953834,NA,English (American),marchman,C_log
Marchman::1292,0.9354853794623289,NA,English (American),marchman,C_log
Marchman::1294,0.7168879760207654,NA,English (American),marchman,C_log
Marchman::1295,1.8229239802467179,NA,English (American),marchman,C_log
Marchman::1296,-0.5706650255771479,NA,English (American),marchman,C_log
Marchman::1297,0.172114979045395,NA,English (American),marchman,C_log
Marchman::1298,-2.3191553024889666,NA,English (American),marchman,C_log
Marchman::1299,1.965751733449144,NA,English (American),marchman,C_log
Marchman::13,0.9994842795369583,NA,English (American),marchman,C_log
Marchman::130,-1.054803022650789,NA,English (American),marchman,C_log
Marchman::1300,0.08093649624764446,NA,English (American),marchman,C_log
Marchman::1301,-0.08587578570795651,NA,English (American),marchman,C_log
Marchman::1302,-1.528701128247338,NA,English (American),marchman,C_log
Marchman::1303,-0.9976091784738323,NA,English (American),marchman,C_log
Marchman::1304,0.2946532764896196,NA,English (American),marchman,C_log
Marchman::1305,0.13266218329213864,NA,English (American),marchman,C_log
Marchman::1306,2.7358739151654645,NA,English (American),marchman,C_log
Marchman::1307,-0.05100265723929432,NA,English (American),marchman,C_log
Marchman::1308,1.7340671965746361,NA,English (American),marchman,C_log
Marchman::1309,2.766531010302458,NA,English (American),marchman,C_log
Marchman::131,-2.516185761711009,NA,English (American),marchman,C_log
Marchman::1310,-0.07204128268412774,NA,English (American),marchman,C_log
Marchman::1311,1.4489842737437542,NA,English (American),marchman,C_log
Marchman::1312,0.15044711591682078,NA,English (American),marchman,C_log
Marchman::1313,0.6748979407499675,NA,English (American),marchman,C_log
Marchman::1314,2.172197340701932,NA,English (American),marchman,C_log
Marchman::1315,0.5782007711959186,NA,English (American),marchman,C_log
Marchman::1316,0.8972817598112864,NA,English (American),marchman,C_log
Marchman::1317,1.650918603014682,NA,English (American),marchman,C_log
Marchman::1318,0.5534415973782615,NA,English (American),marchman,C_log
Marchman::1319,1.6223730863926296,NA,English (American),marchman,C_log
Marchman::132,-1.6262403987908078,NA,English (American),marchman,C_log
Marchman::1320,1.7828459017136753,NA,English (American),marchman,C_log
Marchman::1321,1.7076656288679604,NA,English (American),marchman,C_log
Marchman::1322,1.7581999422316303,NA,English (American),marchman,C_log
Marchman::1323,1.3313853397114592,NA,English (American),marchman,C_log
Marchman::1324,-1.081404175139975,NA,English (American),marchman,C_log
Marchman::1325,0.6999036403356275,NA,English (American),marchman,C_log
Marchman::1326,-0.09772719000512914,NA,English (American),marchman,C_log
Marchman::1327,0.7224482428779782,NA,English (American),marchman,C_log
Marchman::1328,-0.2486778131402224,NA,English (American),marchman,C_log
Marchman::1329,2.33646211229167,NA,English (American),marchman,C_log
Marchman::133,-1.2253998012844176,NA,English (American),marchman,C_log
Marchman::1330,-1.2081814298039206,NA,English (American),marchman,C_log
Marchman::1331,0.34317286893831855,NA,English (American),marchman,C_log
Marchman::1332,-0.16167182355220613,NA,English (American),marchman,C_log
Marchman::1333,1.7978743587496286,NA,English (American),marchman,C_log
Marchman::1334,0.5663880693516915,NA,English (American),marchman,C_log
Marchman::1335,1.2272646635002862,NA,English (American),marchman,C_log
Marchman::1336,1.268179155417538,NA,English (American),marchman,C_log
Marchman::1337,0.13157296897676526,NA,English (American),marchman,C_log
Marchman::1338,-1.0575382386597447,NA,English (American),marchman,C_log
Marchman::1339,-0.02215963916689966,NA,English (American),marchman,C_log
Marchman::134,-1.4786277092106188,NA,English (American),marchman,C_log
Marchman::1340,1.7152287834195825,NA,English (American),marchman,C_log
Marchman::1341,-1.7341571955657338,NA,English (American),marchman,C_log
Marchman::1342,-1.7745300462896718,NA,English (American),marchman,C_log
Marchman::1343,1.0277156198983373,NA,English (American),marchman,C_log
Marchman::1344,-1.781333737101791,NA,English (American),marchman,C_log
Marchman::1345,-0.48614063302219157,NA,English (American),marchman,C_log
Marchman::1346,1.2880261038755916,NA,English (American),marchman,C_log
Marchman::1347,2.299041528893884,NA,English (American),marchman,C_log
Marchman::1348,1.339603491858772,NA,English (American),marchman,C_log
Marchman::1349,2.8357865356381304,NA,English (American),marchman,C_log
Marchman::135,-1.9877442342085314,NA,English (American),marchman,C_log
Marchman::1350,0.513859840069942,NA,English (American),marchman,C_log
Marchman::1351,2.2350542476336,NA,English (American),marchman,C_log
Marchman::1352,-0.056551243523740885,NA,English (American),marchman,C_log
Marchman::1353,2.2483855935990325,NA,English (American),marchman,C_log
Marchman::1354,1.8096931436760066,NA,English (American),marchman,C_log
Marchman::1355,0.9414294114619242,NA,English (American),marchman,C_log
Marchman::1356,-2.707791545816297,NA,English (American),marchman,C_log
Marchman::1357,-0.2663367443709022,NA,English (American),marchman,C_log
Marchman::1358,0.8074939619447371,NA,English (American),marchman,C_log
Marchman::1359,2.4227413292359374,NA,English (American),marchman,C_log
Marchman::136,-1.8742145250107072,NA,English (American),marchman,C_log
Marchman::1360,-1.1166080468969182,NA,English (American),marchman,C_log
Marchman::1361,-0.293819860783874,NA,English (American),marchman,C_log
Marchman::1362,-1.719770003116758,NA,English (American),marchman,C_log
Marchman::1363,3.417888954446883,NA,English (American),marchman,C_log
Marchman::1364,2.1402357386657003,NA,English (American),marchman,C_log
Marchman::1365,0.07354551832702444,NA,English (American),marchman,C_log
Marchman::1366,-0.4540850543260028,NA,English (American),marchman,C_log
Marchman::1367,0.6412802763615892,NA,English (American),marchman,C_log
Marchman::1368,1.156506583033203,NA,English (American),marchman,C_log
Marchman::1369,-1.3711929462554469,NA,English (American),marchman,C_log
Marchman::1370,-0.6805649537091284,NA,English (American),marchman,C_log
Marchman::1371,1.5690522361768897,NA,English (American),marchman,C_log
Marchman::1372,0.08277603522145564,NA,English (American),marchman,C_log
Marchman::1373,0.6154934495356613,NA,English (American),marchman,C_log
Marchman::1374,0.3846326909474624,NA,English (American),marchman,C_log
Marchman::1375,0.9644342807949252,NA,English (American),marchman,C_log
Marchman::1376,-0.06559220594430802,NA,English (American),marchman,C_log
Marchman::1377,-0.8321357437399248,NA,English (American),marchman,C_log
Marchman::1378,1.001520960955148,NA,English (American),marchman,C_log
Marchman::1379,1.7063008277323262,NA,English (American),marchman,C_log
Marchman::1380,-0.43845769262712414,NA,English (American),marchman,C_log
Marchman::1382,0.20611241780772424,NA,English (American),marchman,C_log
Marchman::1383,1.7451560830478547,NA,English (American),marchman,C_log
Marchman::1384,-1.6283306334602616,NA,English (American),marchman,C_log
Marchman::1385,2.9385919938167313,NA,English (American),marchman,C_log
Marchman::1386,2.780513441570585,NA,English (American),marchman,C_log
Marchman::1388,-0.3144391536740421,NA,English (American),marchman,C_log
Marchman::1389,-0.012587344155696359,NA,English (American),marchman,C_log
Marchman::139,-3.122219160880603,NA,English (American),marchman,C_log
Marchman::1390,0.5497368709089214,NA,English (American),marchman,C_log
Marchman::1391,1.5730948445136017,NA,English (American),marchman,C_log
Marchman::1392,0.9103668705061572,NA,English (American),marchman,C_log
Marchman::1393,0.9607489207784587,NA,English (American),marchman,C_log
Marchman::1394,2.1774147206917784,NA,English (American),marchman,C_log
Marchman::1395,1.3186504515078532,NA,English (American),marchman,C_log
Marchman::1396,2.33646211229167,NA,English (American),marchman,C_log
Marchman::1397,1.8772794475793948,NA,English (American),marchman,C_log
Marchman::1398,2.6105528066243404,NA,English (American),marchman,C_log
Marchman::1399,-0.13332774318230914,NA,English (American),marchman,C_log
Marchman::14,-1.1871480303447808,NA,English (American),marchman,C_log
Marchman::140,-0.7230763580297892,NA,English (American),marchman,C_log
Marchman::1400,1.953905943415598,NA,English (American),marchman,C_log
Marchman::1401,0.6889056900224385,NA,English (American),marchman,C_log
Marchman::1402,-0.42295160082266725,NA,English (American),marchman,C_log
Marchman::1404,0.06479472591796608,NA,English (American),marchman,C_log
Marchman::1405,1.7425009679971344,NA,English (American),marchman,C_log
Marchman::1406,-0.28146730764939687,NA,English (American),marchman,C_log
Marchman::1407,-1.5733617602393475,NA,English (American),marchman,C_log
Marchman::1408,1.5650666421565005,NA,English (American),marchman,C_log
Marchman::1409,0.7877007378534279,NA,English (American),marchman,C_log
Marchman::141,-1.3944552707571742,NA,English (American),marchman,C_log
Marchman::1410,0.8462652254634419,NA,English (American),marchman,C_log
Marchman::1411,0.9194765957166082,NA,English (American),marchman,C_log
Marchman::1413,0.12380227500584265,NA,English (American),marchman,C_log
Marchman::1414,0.09766940458243417,NA,English (American),marchman,C_log
Marchman::1415,0.22342809956372145,NA,English (American),marchman,C_log
Marchman::1416,0.0017910397711150404,NA,English (American),marchman,C_log
Marchman::1417,1.2586082919986286,NA,English (American),marchman,C_log
Marchman::1418,1.4155927687316279,NA,English (American),marchman,C_log
Marchman::1419,2.9591584512657136,NA,English (American),marchman,C_log
Marchman::1420,-2.1917115608695736,NA,English (American),marchman,C_log
Marchman::1422,-0.2835150521568239,NA,English (American),marchman,C_log
Marchman::1423,0.600725835147055,NA,English (American),marchman,C_log
Marchman::1424,2.068652410452512,NA,English (American),marchman,C_log
Marchman::1425,-1.6747045165752206,NA,English (American),marchman,C_log
Marchman::1426,1.37239855138121,NA,English (American),marchman,C_log
Marchman::1427,0.4588267190297235,NA,English (American),marchman,C_log
Marchman::1428,1.9024952066650775,NA,English (American),marchman,C_log
Marchman::1429,0.8028522829881243,NA,English (American),marchman,C_log
Marchman::143,-1.1364725508527758,NA,English (American),marchman,C_log
Marchman::1430,2.389050591588368,NA,English (American),marchman,C_log
Marchman::1431,-0.9240918627258328,NA,English (American),marchman,C_log
Marchman::1432,1.0429821868192992,NA,English (American),marchman,C_log
Marchman::1433,0.8972817598112854,NA,English (American),marchman,C_log
Marchman::1434,-0.5129203091909872,NA,English (American),marchman,C_log
Marchman::1435,-0.1973449495853344,NA,English (American),marchman,C_log
Marchman::1436,-3.6597909525258263,NA,English (American),marchman,C_log
Marchman::1437,1.0294820190151364,NA,English (American),marchman,C_log
Marchman::1438,0.8342283746030051,NA,English (American),marchman,C_log
Marchman::1439,-0.8135612044328444,NA,English (American),marchman,C_log
Marchman::144,-1.5733653590281358,NA,English (American),marchman,C_log
Marchman::1440,-1.5989907253218016,NA,English (American),marchman,C_log
Marchman::1442,0.6923122821080268,NA,English (American),marchman,C_log
Marchman::1443,0.07244334360598965,NA,English (American),marchman,C_log
Marchman::1444,0.17631817309378983,NA,English (American),marchman,C_log
Marchman::1445,0.6210232828278056,NA,English (American),marchman,C_log
Marchman::1446,-1.611211078253008,NA,English (American),marchman,C_log
Marchman::1447,1.0294820190151341,NA,English (American),marchman,C_log
Marchman::1448,0.5920343715264778,NA,English (American),marchman,C_log
Marchman::1449,1.0565457219101368,NA,English (American),marchman,C_log
Marchman::145,0.5819391166734441,NA,English (American),marchman,C_log
Marchman::1450,-0.6575848472844699,NA,English (American),marchman,C_log
Marchman::1451,0.9893549922339848,NA,English (American),marchman,C_log
Marchman::1452,2.1642172625581537,NA,English (American),marchman,C_log
Marchman::1453,1.1667255701348305,NA,English (American),marchman,C_log
Marchman::1454,0.38818252968227773,NA,English (American),marchman,C_log
Marchman::1455,0.6389594412845205,NA,English (American),marchman,C_log
Marchman::1456,-1.2222883541670178,NA,English (American),marchman,C_log
Marchman::1457,-0.46856869205385315,NA,English (American),marchman,C_log
Marchman::1458,-0.693552917087491,NA,English (American),marchman,C_log
Marchman::1459,1.0561894148349384,NA,English (American),marchman,C_log
Marchman::1460,-2.1738480933484157,NA,English (American),marchman,C_log
Marchman::1461,2.2680407723015827,NA,English (American),marchman,C_log
Marchman::1462,0.6628481019855629,NA,English (American),marchman,C_log
Marchman::1463,0.9452008014214264,NA,English (American),marchman,C_log
Marchman::1464,1.8319604238801623,NA,English (American),marchman,C_log
Marchman::1465,1.5939501706332349,NA,English (American),marchman,C_log
Marchman::1466,2.0189434994052213,NA,English (American),marchman,C_log
Marchman::1467,1.1704463747618359,NA,English (American),marchman,C_log
Marchman::1468,0.44158339823559173,NA,English (American),marchman,C_log
Marchman::1469,1.3880968014844548,NA,English (American),marchman,C_log
Marchman::147,-1.1502180593737097,NA,English (American),marchman,C_log
Marchman::1470,0.7637698215028372,NA,English (American),marchman,C_log
Marchman::1471,1.0100028259456688,NA,English (American),marchman,C_log
Marchman::1472,1.608575674233592,NA,English (American),marchman,C_log
Marchman::1473,1.1700630126387868,NA,English (American),marchman,C_log
Marchman::1474,-0.6230980517734287,NA,English (American),marchman,C_log
Marchman::1475,1.553375064666068,NA,English (American),marchman,C_log
Marchman::1476,0.18118597262282335,NA,English (American),marchman,C_log
Marchman::1477,0.8788340119336989,NA,English (American),marchman,C_log
Marchman::1478,1.432717886384505,NA,English (American),marchman,C_log
Marchman::1479,-2.4443751611043623,NA,English (American),marchman,C_log
Marchman::148,-0.665784727305338,NA,English (American),marchman,C_log
Marchman::1481,-0.20781691768324956,NA,English (American),marchman,C_log
Marchman::1482,-1.2063142687491912,NA,English (American),marchman,C_log
Marchman::1483,-0.39020958657339694,NA,English (American),marchman,C_log
Marchman::1484,1.8033691426289031,NA,English (American),marchman,C_log
Marchman::1485,-0.15077998639579182,NA,English (American),marchman,C_log
Marchman::1486,2.5782148798560542,NA,English (American),marchman,C_log
Marchman::1487,-2.1984663303540968,NA,English (American),marchman,C_log
Marchman::1488,-1.5190057842986577,NA,English (American),marchman,C_log
Marchman::1489,-0.06509395033673702,NA,English (American),marchman,C_log
Marchman::149,0.24820416645858243,NA,English (American),marchman,C_log
Marchman::1491,-0.6673589140477828,NA,English (American),marchman,C_log
Marchman::1492,2.5947898119006823,NA,English (American),marchman,C_log
Marchman::1493,0.5637779153897445,NA,English (American),marchman,C_log
Marchman::1494,0.23862348924715288,NA,English (American),marchman,C_log
Marchman::1495,-0.001229881404320902,NA,English (American),marchman,C_log
Marchman::1496,0.7965723679912049,NA,English (American),marchman,C_log
Marchman::1497,0.698625002307619,NA,English (American),marchman,C_log
Marchman::1498,0.6989673727376949,NA,English (American),marchman,C_log
Marchman::1499,-1.0422411745127078,NA,English (American),marchman,C_log
Marchman::15,0.4898846711428877,NA,English (American),marchman,C_log
Marchman::150,-0.5281464087007843,NA,English (American),marchman,C_log
Marchman::1500,-0.48291139948618805,NA,English (American),marchman,C_log
Marchman::1501,-1.059536744902909,NA,English (American),marchman,C_log
Marchman::1502,-0.1609261593221692,NA,English (American),marchman,C_log
Marchman::1503,-0.5172611316125401,NA,English (American),marchman,C_log
Marchman::1504,1.3667003823862147,NA,English (American),marchman,C_log
Marchman::1505,-0.4266310830592332,NA,English (American),marchman,C_log
Marchman::1506,-0.37703724098116875,NA,English (American),marchman,C_log
Marchman::1507,-0.14733026938875113,NA,English (American),marchman,C_log
Marchman::1508,-0.5524244591843508,NA,English (American),marchman,C_log
Marchman::1509,2.7776448322988916,NA,English (American),marchman,C_log
Marchman::151,-3.391410706903914,NA,English (American),marchman,C_log
Marchman::1510,2.503705503282992,NA,English (American),marchman,C_log
Marchman::1511,-0.29520525843193185,NA,English (American),marchman,C_log
Marchman::1512,-0.5301432103614493,NA,English (American),marchman,C_log
Marchman::1513,1.8310807837698337,NA,English (American),marchman,C_log
Marchman::1514,1.7238505454368822,NA,English (American),marchman,C_log
Marchman::1515,0.4441054325745792,NA,English (American),marchman,C_log
Marchman::1516,0.4664323206697021,NA,English (American),marchman,C_log
Marchman::1517,2.432848692857078,NA,English (American),marchman,C_log
Marchman::1518,-0.5518967970317212,NA,English (American),marchman,C_log
Marchman::1519,-3.3746138975600557,NA,English (American),marchman,C_log
Marchman::152,-3.301868139071207,NA,English (American),marchman,C_log
Marchman::1520,1.0443157850049345,NA,English (American),marchman,C_log
Marchman::1521,-0.6841241880173763,NA,English (American),marchman,C_log
Marchman::1522,1.2073790493051118,NA,English (American),marchman,C_log
Marchman::1523,2.519831626485351,NA,English (American),marchman,C_log
Marchman::1524,2.1334396675934237,NA,English (American),marchman,C_log
Marchman::1525,-0.004051830618317146,NA,English (American),marchman,C_log
Marchman::1526,-3.0412438891174265,NA,English (American),marchman,C_log
Marchman::1527,0.2760374846185781,NA,English (American),marchman,C_log
Marchman::1528,0.3041133957094767,NA,English (American),marchman,C_log
Marchman::1529,0.23190554345847736,NA,English (American),marchman,C_log
Marchman::153,-0.9149061758877879,NA,English (American),marchman,C_log
Marchman::1530,2.6292251497524792,NA,English (American),marchman,C_log
Marchman::1531,-1.0550596871662965,NA,English (American),marchman,C_log
Marchman::1532,0.5542891527686061,NA,English (American),marchman,C_log
Marchman::1533,1.3158738655634385,NA,English (American),marchman,C_log
Marchman::1534,1.5250844478038994,NA,English (American),marchman,C_log
Marchman::1535,-0.5162947397984861,NA,English (American),marchman,C_log
Marchman::1536,0.09193461099435665,NA,English (American),marchman,C_log
Marchman::1537,1.017858758306862,NA,English (American),marchman,C_log
Marchman::1538,2.5201983721071572,NA,English (American),marchman,C_log
Marchman::1539,1.717825566120864,NA,English (American),marchman,C_log
Marchman::1540,1.7602052420111984,NA,English (American),marchman,C_log
Marchman::1541,-0.20654409425296782,NA,English (American),marchman,C_log
Marchman::1542,1.219069845545775,NA,English (American),marchman,C_log
Marchman::1543,0.9693431133039275,NA,English (American),marchman,C_log
Marchman::1544,0.7677593134521632,NA,English (American),marchman,C_log
Marchman::1545,0.7102501723519258,NA,English (American),marchman,C_log
Marchman::1546,0.7709937195834088,NA,English (American),marchman,C_log
Marchman::1547,0.5330842407889921,NA,English (American),marchman,C_log
Marchman::1548,0.1441193687567384,NA,English (American),marchman,C_log
Marchman::1549,1.604729892064497,NA,English (American),marchman,C_log
Marchman::1550,-0.47907390584401954,NA,English (American),marchman,C_log
Marchman::1551,0.6455203251858875,NA,English (American),marchman,C_log
Marchman::1552,-0.981705656492035,NA,English (American),marchman,C_log
Marchman::1553,-0.2969936077858703,NA,English (American),marchman,C_log
Marchman::1554,-0.22035715761886207,NA,English (American),marchman,C_log
Marchman::1555,-1.6504487082944628,NA,English (American),marchman,C_log
Marchman::1556,1.0772356652105213,NA,English (American),marchman,C_log
Marchman::1557,1.6259273648452661,NA,English (American),marchman,C_log
Marchman::1558,0.709305262359342,NA,English (American),marchman,C_log
Marchman::1559,-1.7949814080962871,NA,English (American),marchman,C_log
Marchman::156,-5.334164009626977,NA,English (American),marchman,C_log
Marchman::1560,1.0809627868234644,NA,English (American),marchman,C_log
Marchman::1561,-0.6227738222558717,NA,English (American),marchman,C_log
Marchman::1562,1.482742167570523,NA,English (American),marchman,C_log
Marchman::1564,1.3240758268358501,NA,English (American),marchman,C_log
Marchman::1565,3.161921025061039,NA,English (American),marchman,C_log
Marchman::1566,-0.3195086468806945,NA,English (American),marchman,C_log
Marchman::1567,-1.8120426374454648,NA,English (American),marchman,C_log
Marchman::1568,2.0145209604768692,NA,English (American),marchman,C_log
Marchman::1569,-0.24116967888672036,NA,English (American),marchman,C_log
Marchman::157,-3.1159640219098055,NA,English (American),marchman,C_log
Marchman::1570,-0.2628970308995127,NA,English (American),marchman,C_log
Marchman::1571,0.6571408011492299,NA,English (American),marchman,C_log
Marchman::1572,-0.7997202657315704,NA,English (American),marchman,C_log
Marchman::1573,-0.9284683253779032,NA,English (American),marchman,C_log
Marchman::1574,-0.3813954950931476,NA,English (American),marchman,C_log
Marchman::1575,-3.5335686503328194,NA,English (American),marchman,C_log
Marchman::1576,2.2031645709932386,NA,English (American),marchman,C_log
Marchman::1577,1.9978188942538904,NA,English (American),marchman,C_log
Marchman::1578,1.27959910397346,NA,English (American),marchman,C_log
Marchman::1579,1.5516814070556133,NA,English (American),marchman,C_log
Marchman::158,-1.6868666577102482,NA,English (American),marchman,C_log
Marchman::1580,-0.859626781280897,NA,English (American),marchman,C_log
Marchman::1581,-0.036497057509946834,NA,English (American),marchman,C_log
Marchman::1582,-0.31179307015528396,NA,English (American),marchman,C_log
Marchman::1583,-2.619460047665533,NA,English (American),marchman,C_log
Marchman::1584,1.1815829925978627,NA,English (American),marchman,C_log
Marchman::1585,-1.8742009259363832,NA,English (American),marchman,C_log
Marchman::1586,-0.2190278253507253,NA,English (American),marchman,C_log
Marchman::1587,-3.231524872604142,NA,English (American),marchman,C_log
Marchman::1588,-0.9083393056396918,NA,English (American),marchman,C_log
Marchman::1589,1.0068367764766948,NA,English (American),marchman,C_log
Marchman::159,-2.4085899991296236,NA,English (American),marchman,C_log
Marchman::1590,-2.847530644555224,NA,English (American),marchman,C_log
Marchman::1591,-0.6701989065588001,NA,English (American),marchman,C_log
Marchman::1592,-0.14409422549544945,NA,English (American),marchman,C_log
Marchman::1593,0.8849732350960875,NA,English (American),marchman,C_log
Marchman::1594,1.1014668248975008,NA,English (American),marchman,C_log
Marchman::1595,0.46381255965621876,NA,English (American),marchman,C_log
Marchman::1596,-0.4005919631254226,NA,English (American),marchman,C_log
Marchman::1597,0.6821180442768122,NA,English (American),marchman,C_log
Marchman::1598,1.1187609021607825,NA,English (American),marchman,C_log
Marchman::1599,-0.9337877983831854,NA,English (American),marchman,C_log
Marchman::16,-1.5265098552535115,NA,English (American),marchman,C_log
Marchman::1600,0.1662817250335566,NA,English (American),marchman,C_log
Marchman::1601,-2.1387409878218335,NA,English (American),marchman,C_log
Marchman::1602,0.3312838687863431,NA,English (American),marchman,C_log
Marchman::1603,2.1626583539793565,NA,English (American),marchman,C_log
Marchman::1604,-0.7134032953007146,NA,English (American),marchman,C_log
Marchman::1605,-0.05211749641630105,NA,English (American),marchman,C_log
Marchman::1606,0.6497583454006819,NA,English (American),marchman,C_log
Marchman::1607,-0.19474561274031552,NA,English (American),marchman,C_log
Marchman::1608,2.072047523843558,NA,English (American),marchman,C_log
Marchman::1609,1.455642493834402,NA,English (American),marchman,C_log
Marchman::161,-3.025063694569212,NA,English (American),marchman,C_log
Marchman::1611,-1.1994543075841804,NA,English (American),marchman,C_log
Marchman::1612,-0.43372768439362086,NA,English (American),marchman,C_log
Marchman::1614,-0.15121555471310125,NA,English (American),marchman,C_log
Marchman::1615,1.6773798452457578,NA,English (American),marchman,C_log
Marchman::1616,2.422741329235935,NA,English (American),marchman,C_log
Marchman::1617,0.6137470368990576,NA,English (American),marchman,C_log
Marchman::1618,0.4329978848788804,NA,English (American),marchman,C_log
Marchman::1619,-1.1153189070177958,NA,English (American),marchman,C_log
Marchman::162,-3.550569411533545,NA,English (American),marchman,C_log
Marchman::1620,-0.7251537116027911,NA,English (American),marchman,C_log
Marchman::1621,-1.2611573299615595,NA,English (American),marchman,C_log
Marchman::1622,2.2720352164438373,NA,English (American),marchman,C_log
Marchman::1623,-0.21616475220908066,NA,English (American),marchman,C_log
Marchman::1624,-0.543409635387402,NA,English (American),marchman,C_log
Marchman::1625,-2.01690281564622,NA,English (American),marchman,C_log
Marchman::1626,0.12084539942899089,NA,English (American),marchman,C_log
Marchman::1627,1.3158738655634379,NA,English (American),marchman,C_log
Marchman::1628,1.0930423700388672,NA,English (American),marchman,C_log
Marchman::1629,-0.7771253387235951,NA,English (American),marchman,C_log
Marchman::163,-0.23986609152107982,NA,English (American),marchman,C_log
Marchman::1630,1.0083315590180817,NA,English (American),marchman,C_log
Marchman::1631,-0.9010445060720733,NA,English (American),marchman,C_log
Marchman::1632,1.5899296349879977,NA,English (American),marchman,C_log
Marchman::1633,0.11936212134989573,NA,English (American),marchman,C_log
Marchman::1634,2.582167541010114,NA,English (American),marchman,C_log
Marchman::1635,-0.30509497598864893,NA,English (American),marchman,C_log
Marchman::1636,-1.0236209983047648,NA,English (American),marchman,C_log
Marchman::1637,-0.6090671604893819,NA,English (American),marchman,C_log
Marchman::1638,-0.8905364639710429,NA,English (American),marchman,C_log
Marchman::1639,0.5419550491514942,NA,English (American),marchman,C_log
Marchman::164,1.9175460375672577,NA,English (American),marchman,C_log
Marchman::1640,3.082628451230864,NA,English (American),marchman,C_log
Marchman::1641,0.7308030546412514,NA,English (American),marchman,C_log
Marchman::1642,0.5172611655442632,NA,English (American),marchman,C_log
Marchman::1643,2.693761240570595,NA,English (American),marchman,C_log
Marchman::1644,-0.7630135635964586,NA,English (American),marchman,C_log
Marchman::1645,1.4718013558677348,NA,English (American),marchman,C_log
Marchman::1646,-1.209812971179942,NA,English (American),marchman,C_log
Marchman::1647,-1.0496052453527032,NA,English (American),marchman,C_log
Marchman::1648,0.6151525132413914,NA,English (American),marchman,C_log
Marchman::1649,1.0701366827100487,NA,English (American),marchman,C_log
Marchman::165,-0.0049285078166168604,NA,English (American),marchman,C_log
Marchman::1650,-0.4315653728005872,NA,English (American),marchman,C_log
Marchman::1651,-0.4090396193132195,NA,English (American),marchman,C_log
Marchman::1652,0.18274911491653809,NA,English (American),marchman,C_log
Marchman::1653,2.41346928807017,NA,English (American),marchman,C_log
Marchman::1654,1.6835572717717904,NA,English (American),marchman,C_log
Marchman::1655,0.8594466083029615,NA,English (American),marchman,C_log
Marchman::1656,-1.3232871774362909,NA,English (American),marchman,C_log
Marchman::1657,0.18118597262282377,NA,English (American),marchman,C_log
Marchman::1658,-0.0540757013943767,NA,English (American),marchman,C_log
Marchman::1659,0.502816951779976,NA,English (American),marchman,C_log
Marchman::166,0.8040970444043299,NA,English (American),marchman,C_log
Marchman::1660,1.8674030835417195,NA,English (American),marchman,C_log
Marchman::1661,0.7349866844913259,NA,English (American),marchman,C_log
Marchman::1662,2.0407029907285814,NA,English (American),marchman,C_log
Marchman::1663,1.7981150919947595,NA,English (American),marchman,C_log
Marchman::1664,1.0290572361057566,NA,English (American),marchman,C_log
Marchman::1665,-0.9624052603281125,NA,English (American),marchman,C_log
Marchman::1666,1.831489802352532,NA,English (American),marchman,C_log
Marchman::1667,-1.0289384585707924,NA,English (American),marchman,C_log
Marchman::1668,0.32387875028842616,NA,English (American),marchman,C_log
Marchman::1669,-2.4273443225663036,NA,English (American),marchman,C_log
Marchman::167,-0.850869199765587,NA,English (American),marchman,C_log
Marchman::1670,-1.5525758295348737,NA,English (American),marchman,C_log
Marchman::1671,-0.35577746133683047,NA,English (American),marchman,C_log
Marchman::1672,0.2511223740200321,NA,English (American),marchman,C_log
Marchman::1673,-0.38316758684035035,NA,English (American),marchman,C_log
Marchman::1674,0.7793846434706095,NA,English (American),marchman,C_log
Marchman::1675,0.49160351734962127,NA,English (American),marchman,C_log
Marchman::1676,1.4113070952935727,NA,English (American),marchman,C_log
Marchman::1677,1.143090080938502,NA,English (American),marchman,C_log
Marchman::1678,-0.604300586754236,NA,English (American),marchman,C_log
Marchman::1679,0.5092330631018614,NA,English (American),marchman,C_log
Marchman::1680,0.8226421089798043,NA,English (American),marchman,C_log
Marchman::1681,1.8161030805337623,NA,English (American),marchman,C_log
Marchman::1682,2.993005043477983,NA,English (American),marchman,C_log
Marchman::1683,0.796071639775774,NA,English (American),marchman,C_log
Marchman::1684,0.4017241999128849,NA,English (American),marchman,C_log
Marchman::1685,-1.811932537407178,NA,English (American),marchman,C_log
Marchman::1686,1.4895455870847647,NA,English (American),marchman,C_log
Marchman::1687,3.353327839570921,NA,English (American),marchman,C_log
Marchman::1688,0.021429879310815737,NA,English (American),marchman,C_log
Marchman::1689,1.8310807837698349,NA,English (American),marchman,C_log
Marchman::169,-1.4183364851924374,NA,English (American),marchman,C_log
Marchman::1690,-2.7843250367480845,NA,English (American),marchman,C_log
Marchman::1691,0.1253661393353742,NA,English (American),marchman,C_log
Marchman::1692,-1.6291864516376957,NA,English (American),marchman,C_log
Marchman::1693,-0.33677811316758305,NA,English (American),marchman,C_log
Marchman::1694,-1.462561098022015,NA,English (American),marchman,C_log
Marchman::1695,1.8936447429650072,NA,English (American),marchman,C_log
Marchman::1696,3.572541105094816,NA,English (American),marchman,C_log
Marchman::1698,-4.290681945132023,NA,English (American),marchman,C_log
Marchman::1699,0.45272816712353237,NA,English (American),marchman,C_log
Marchman::17,-0.7305921958104454,NA,English (American),marchman,C_log
Marchman::170,-0.8909503611475367,NA,English (American),marchman,C_log
Marchman::1700,-0.7924241699621554,NA,English (American),marchman,C_log
Marchman::1701,-1.9101285872774438,NA,English (American),marchman,C_log
Marchman::1702,0.7502605815825029,NA,English (American),marchman,C_log
Marchman::1703,-0.6130486425554614,NA,English (American),marchman,C_log
Marchman::1704,-0.6565703272448795,NA,English (American),marchman,C_log
Marchman::1705,0.7381567965773866,NA,English (American),marchman,C_log
Marchman::1706,-0.07204128268412864,NA,English (American),marchman,C_log
Marchman::1707,0.7472040935197801,NA,English (American),marchman,C_log
Marchman::1708,1.1634380228050094,NA,English (American),marchman,C_log
Marchman::1709,-3.406172256809239,NA,English (American),marchman,C_log
Marchman::1710,-1.859599092535006,NA,English (American),marchman,C_log
Marchman::1711,0.5244888039414103,NA,English (American),marchman,C_log
Marchman::1712,0.13123186235786505,NA,English (American),marchman,C_log
Marchman::1713,0.7051064118752248,NA,English (American),marchman,C_log
Marchman::1714,1.5169619875990477,NA,English (American),marchman,C_log
Marchman::1715,0.965641957299335,NA,English (American),marchman,C_log
Marchman::1716,-0.7867925683960154,NA,English (American),marchman,C_log
Marchman::1717,1.8813422120353627,NA,English (American),marchman,C_log
Marchman::1718,0.4562275241687474,NA,English (American),marchman,C_log
Marchman::1719,1.908660470925797,NA,English (American),marchman,C_log
Marchman::172,-3.86989906108123,NA,English (American),marchman,C_log
Marchman::1720,2.059237547008035,NA,English (American),marchman,C_log
Marchman::1721,-0.0012298814043210722,NA,English (American),marchman,C_log
Marchman::1722,-0.8398224549119765,NA,English (American),marchman,C_log
Marchman::1723,0.9938237313401498,NA,English (American),marchman,C_log
Marchman::1724,0.9766821235498836,NA,English (American),marchman,C_log
Marchman::1725,1.2560162916005304,NA,English (American),marchman,C_log
Marchman::1726,-0.8445997052453997,NA,English (American),marchman,C_log
Marchman::1727,0.33463626752742964,NA,English (American),marchman,C_log
Marchman::1728,1.0429821868192988,NA,English (American),marchman,C_log
Marchman::1729,1.7699500127957473,NA,English (American),marchman,C_log
Marchman::173,0.37899148986875814,NA,English (American),marchman,C_log
Marchman::1730,1.8779925219771378,NA,English (American),marchman,C_log
Marchman::1731,2.684654962661391,NA,English (American),marchman,C_log
Marchman::1732,0.13644224613926215,NA,English (American),marchman,C_log
Marchman::1733,1.6418677047391357,NA,English (American),marchman,C_log
Marchman::1734,-0.2990098349086107,NA,English (American),marchman,C_log
Marchman::1735,2.937105181869722,NA,English (American),marchman,C_log
Marchman::1736,1.8555085754198504,NA,English (American),marchman,C_log
Marchman::1737,1.6753132625435707,NA,English (American),marchman,C_log
Marchman::1738,0.557720371711998,NA,English (American),marchman,C_log
Marchman::1739,1.198364651648162,NA,English (American),marchman,C_log
Marchman::174,-1.2871128359541604,NA,English (American),marchman,C_log
Marchman::1740,0.8871207967737598,NA,English (American),marchman,C_log
Marchman::1741,0.6579097945787453,NA,English (American),marchman,C_log
Marchman::1742,1.1990990866507019,NA,English (American),marchman,C_log
Marchman::1743,2.2242222105003764,NA,English (American),marchman,C_log
Marchman::1744,0.787638978018896,NA,English (American),marchman,C_log
Marchman::1745,-0.5347800697087155,NA,English (American),marchman,C_log
Marchman::1746,-1.1188242288398207,NA,English (American),marchman,C_log
Marchman::1747,0.238623489247153,NA,English (American),marchman,C_log
Marchman::1748,0.21714260633908766,NA,English (American),marchman,C_log
Marchman::1749,1.2954923534091007,NA,English (American),marchman,C_log
Marchman::175,0.7291958996292166,NA,English (American),marchman,C_log
Marchman::1750,-0.4126353576301709,NA,English (American),marchman,C_log
Marchman::1751,-2.1642683980398267,NA,English (American),marchman,C_log
Marchman::1752,-0.9364635817218222,NA,English (American),marchman,C_log
Marchman::1753,0.6029243216043133,NA,English (American),marchman,C_log
Marchman::1754,-2.77977871364918,NA,English (American),marchman,C_log
Marchman::1755,-0.9364635817218221,NA,English (American),marchman,C_log
Marchman::1756,1.7043969006462696,NA,English (American),marchman,C_log
Marchman::1757,2.452201230761204,NA,English (American),marchman,C_log
Marchman::1758,1.1223525932732334,NA,English (American),marchman,C_log
Marchman::1759,0.24885587442609072,NA,English (American),marchman,C_log
Marchman::176,-1.4582262070263934,NA,English (American),marchman,C_log
Marchman::1760,-3.2903543675956866,NA,English (American),marchman,C_log
Marchman::1761,0.1466191466895783,NA,English (American),marchman,C_log
Marchman::1762,0.01036429643766399,NA,English (American),marchman,C_log
Marchman::1763,0.4305387126657886,NA,English (American),marchman,C_log
Marchman::1764,2.6337114426075363,NA,English (American),marchman,C_log
Marchman::1765,0.6486287727703294,NA,English (American),marchman,C_log
Marchman::1766,-0.9389015188323161,NA,English (American),marchman,C_log
Marchman::1767,0.509376077196443,NA,English (American),marchman,C_log
Marchman::1768,-0.3826644514202829,NA,English (American),marchman,C_log
Marchman::1769,-1.9726039882431845,NA,English (American),marchman,C_log
Marchman::177,-0.2344381090471392,NA,English (American),marchman,C_log
Marchman::1770,0.5985548142752062,NA,English (American),marchman,C_log
Marchman::1771,1.7323111696434657,NA,English (American),marchman,C_log
Marchman::1772,1.6223168281506857,NA,English (American),marchman,C_log
Marchman::1773,-3.311645460235709,NA,English (American),marchman,C_log
Marchman::1774,-0.324009314290235,NA,English (American),marchman,C_log
Marchman::1775,1.2531027692144212,NA,English (American),marchman,C_log
Marchman::1776,-0.5334444365452664,NA,English (American),marchman,C_log
Marchman::1777,-2.2498718682465286,NA,English (American),marchman,C_log
Marchman::1778,-1.5613642065789637,NA,English (American),marchman,C_log
Marchman::1779,1.9218165628411918,NA,English (American),marchman,C_log
Marchman::178,-1.080946076890599,NA,English (American),marchman,C_log
Marchman::1780,0.024966665324730075,NA,English (American),marchman,C_log
Marchman::1781,0.17874382488319573,NA,English (American),marchman,C_log
Marchman::1782,3.6160784154350405,NA,English (American),marchman,C_log
Marchman::1783,1.7350341695493743,NA,English (American),marchman,C_log
Marchman::1784,2.7543558559202737,NA,English (American),marchman,C_log
Marchman::1785,1.4432079372161954,NA,English (American),marchman,C_log
Marchman::1786,-1.5693093799927902,NA,English (American),marchman,C_log
Marchman::1787,-0.24430678556728674,NA,English (American),marchman,C_log
Marchman::1788,1.7131670468139095,NA,English (American),marchman,C_log
Marchman::1789,-0.7705645922431075,NA,English (American),marchman,C_log
Marchman::1790,-2.2311295367719817,NA,English (American),marchman,C_log
Marchman::1791,1.5130783163148072,NA,English (American),marchman,C_log
Marchman::1792,2.2599058307123725,NA,English (American),marchman,C_log
Marchman::1793,-1.0493498329923396,NA,English (American),marchman,C_log
Marchman::1794,-3.235290787132471,NA,English (American),marchman,C_log
Marchman::1795,-0.954811267705858,NA,English (American),marchman,C_log
Marchman::1796,-2.3418424210052984,NA,English (American),marchman,C_log
Marchman::1797,1.0475370244014672,NA,English (American),marchman,C_log
Marchman::1798,0.790181503149666,NA,English (American),marchman,C_log
Marchman::1799,0.30631547435420364,NA,English (American),marchman,C_log
Marchman::18,-1.154512149876743,NA,English (American),marchman,C_log
Marchman::180,-0.32109128720374475,NA,English (American),marchman,C_log
Marchman::1800,-1.2710095812454487,NA,English (American),marchman,C_log
Marchman::1801,-0.6754355915116304,NA,English (American),marchman,C_log
Marchman::1802,-0.7210779953879659,NA,English (American),marchman,C_log
Marchman::1803,1.7620168349385352,NA,English (American),marchman,C_log
Marchman::1804,0.3051586207567057,NA,English (American),marchman,C_log
Marchman::1805,-2.2651193084815846,NA,English (American),marchman,C_log
Marchman::1806,-0.08536379129561511,NA,English (American),marchman,C_log
Marchman::1807,2.67732657339708,NA,English (American),marchman,C_log
Marchman::1808,1.4697572506932723,NA,English (American),marchman,C_log
Marchman::1809,0.45656436724382843,NA,English (American),marchman,C_log
Marchman::181,-1.779162972049503,NA,English (American),marchman,C_log
Marchman::1810,-0.5000168360159566,NA,English (American),marchman,C_log
Marchman::1811,0.6537836293522535,NA,English (American),marchman,C_log
Marchman::1812,0.25099273603344824,NA,English (American),marchman,C_log
Marchman::1813,0.5951033282071152,NA,English (American),marchman,C_log
Marchman::1814,1.2301769874498025,NA,English (American),marchman,C_log
Marchman::1815,0.6085632683163594,NA,English (American),marchman,C_log
Marchman::1816,0.7039564949468173,NA,English (American),marchman,C_log
Marchman::1817,0.16358251386588,NA,English (American),marchman,C_log
Marchman::1818,-0.17332866412547815,NA,English (American),marchman,C_log
Marchman::1819,-0.4790048198291737,NA,English (American),marchman,C_log
Marchman::182,-2.5818737759819004,NA,English (American),marchman,C_log
Marchman::1820,0.7596284169561672,NA,English (American),marchman,C_log
Marchman::1821,-1.6340494516905333,NA,English (American),marchman,C_log
Marchman::1822,0.5832147904498254,NA,English (American),marchman,C_log
Marchman::1823,-0.8020799079756766,NA,English (American),marchman,C_log
Marchman::1824,-2.210706668155799,NA,English (American),marchman,C_log
Marchman::1825,1.0984964160285937,NA,English (American),marchman,C_log
Marchman::1826,0.9402606881936522,NA,English (American),marchman,C_log
Marchman::1827,-1.1450959539675016,NA,English (American),marchman,C_log
Marchman::1828,1.2845839170873348,NA,English (American),marchman,C_log
Marchman::1829,-0.6602227128312528,NA,English (American),marchman,C_log
Marchman::183,0.19976850270152727,NA,English (American),marchman,C_log
Marchman::1830,-0.0910775899926576,NA,English (American),marchman,C_log
Marchman::1831,-2.5596853321590842,NA,English (American),marchman,C_log
Marchman::1832,1.014686599722212,NA,English (American),marchman,C_log
Marchman::1833,2.2931816390484094,NA,English (American),marchman,C_log
Marchman::1834,1.0665455397328973,NA,English (American),marchman,C_log
Marchman::1835,1.5313138995811577,NA,English (American),marchman,C_log
Marchman::1836,-0.5221902976630367,NA,English (American),marchman,C_log
Marchman::1837,-0.4679057471390402,NA,English (American),marchman,C_log
Marchman::1838,0.13482870281383644,NA,English (American),marchman,C_log
Marchman::1839,-3.4485581849789493,NA,English (American),marchman,C_log
Marchman::184,-1.2871128359541602,NA,English (American),marchman,C_log
Marchman::1840,-0.4787903211390418,NA,English (American),marchman,C_log
Marchman::1841,-0.0933900514720516,NA,English (American),marchman,C_log
Marchman::1842,0.5623322395539285,NA,English (American),marchman,C_log
Marchman::1843,2.268674440623701,NA,English (American),marchman,C_log
Marchman::1844,-1.4168774950980072,NA,English (American),marchman,C_log
Marchman::1845,1.2863030701196705,NA,English (American),marchman,C_log
Marchman::1846,-1.943832743516401,NA,English (American),marchman,C_log
Marchman::1847,1.4864739142493393,NA,English (American),marchman,C_log
Marchman::1848,0.1757693897178556,NA,English (American),marchman,C_log
Marchman::1849,1.1406323464646366,NA,English (American),marchman,C_log
Marchman::185,-1.559994604628906,NA,English (American),marchman,C_log
Marchman::1850,0.045270385359454886,NA,English (American),marchman,C_log
Marchman::1851,0.3427986063101481,NA,English (American),marchman,C_log
Marchman::1852,0.3688317658950452,NA,English (American),marchman,C_log
Marchman::1853,1.7880015573406702,NA,English (American),marchman,C_log
Marchman::1854,-0.8349142259199848,NA,English (American),marchman,C_log
Marchman::1855,0.3572509249034267,NA,English (American),marchman,C_log
Marchman::1856,-0.933584354577894,NA,English (American),marchman,C_log
Marchman::1857,2.28917302076145,NA,English (American),marchman,C_log
Marchman::1858,1.380620193622197,NA,English (American),marchman,C_log
Marchman::1859,2.4672501949332446,NA,English (American),marchman,C_log
Marchman::1860,0.32713640541704997,NA,English (American),marchman,C_log
Marchman::1861,1.8884621625716103,NA,English (American),marchman,C_log
Marchman::187,0.20826765284473672,NA,English (American),marchman,C_log
Marchman::188,-0.827889843811209,NA,English (American),marchman,C_log
Marchman::189,-1.4902689165379521,NA,English (American),marchman,C_log
Marchman::19,2.0975835826273146,NA,English (American),marchman,C_log
Marchman::190,-2.255486405614383,NA,English (American),marchman,C_log
Marchman::191,-0.7647485290947319,NA,English (American),marchman,C_log
Marchman::193,-0.3915380507251101,NA,English (American),marchman,C_log
Marchman::194,-4.526639273115665,NA,English (American),marchman,C_log
Marchman::195,2.2110884585057384,NA,English (American),marchman,C_log
Marchman::197,-1.2482893666664732,NA,English (American),marchman,C_log
Marchman::198,-1.66530931084076,NA,English (American),marchman,C_log
Marchman::199,-3.850919469155641,NA,English (American),marchman,C_log
Marchman::2,0.6973689649395283,NA,English (American),marchman,C_log
Marchman::20,-0.7508605804750292,NA,English (American),marchman,C_log
Marchman::200,-0.15568203098366729,NA,English (American),marchman,C_log
Marchman::201,-0.7876544998625671,NA,English (American),marchman,C_log
Marchman::202,-1.5437045883702483,NA,English (American),marchman,C_log
Marchman::203,-0.8177039209743211,NA,English (American),marchman,C_log
Marchman::204,-3.5015064534512534,NA,English (American),marchman,C_log
Marchman::205,-0.6363233130260206,NA,English (American),marchman,C_log
Marchman::206,-2.8933896916833994,NA,English (American),marchman,C_log
Marchman::207,-0.48742284384898626,NA,English (American),marchman,C_log
Marchman::208,-3.2687066324868397,NA,English (American),marchman,C_log
Marchman::209,-0.08404761347048015,NA,English (American),marchman,C_log
Marchman::21,-1.1052051568507815,NA,English (American),marchman,C_log
Marchman::210,-0.8452938915146936,NA,English (American),marchman,C_log
Marchman::211,0.045326298243784896,NA,English (American),marchman,C_log
Marchman::212,-2.1564142324728173,NA,English (American),marchman,C_log
Marchman::213,-3.4229990104209467,NA,English (American),marchman,C_log
Marchman::214,-0.22315170946532412,NA,English (American),marchman,C_log
Marchman::215,-1.1129812522876976,NA,English (American),marchman,C_log
Marchman::216,-0.7439832584159733,NA,English (American),marchman,C_log
Marchman::217,-1.181058656016466,NA,English (American),marchman,C_log
Marchman::219,-0.8079160215511497,NA,English (American),marchman,C_log
Marchman::220,-0.8909885993293335,NA,English (American),marchman,C_log
Marchman::221,-1.1820734616406403,NA,English (American),marchman,C_log
Marchman::222,-0.937650800149369,NA,English (American),marchman,C_log
Marchman::223,-0.6765585561500975,NA,English (American),marchman,C_log
Marchman::224,0.3475037653051543,NA,English (American),marchman,C_log
Marchman::225,2.3705189240205002,NA,English (American),marchman,C_log
Marchman::226,0.026955820319333662,NA,English (American),marchman,C_log
Marchman::227,-1.322905391779889,NA,English (American),marchman,C_log
Marchman::228,-2.6396257777080683,NA,English (American),marchman,C_log
Marchman::23,2.88981034858065,NA,English (American),marchman,C_log
Marchman::230,-1.5503626026980308,NA,English (American),marchman,C_log
Marchman::232,-1.248289366666471,NA,English (American),marchman,C_log
Marchman::233,-0.63291580179972,NA,English (American),marchman,C_log
Marchman::234,2.2451633843003056,NA,English (American),marchman,C_log
Marchman::235,-0.1761329967798866,NA,English (American),marchman,C_log
Marchman::236,1.486414235671855,NA,English (American),marchman,C_log
Marchman::237,-0.6765585561500972,NA,English (American),marchman,C_log
Marchman::238,-0.3024716071788097,NA,English (American),marchman,C_log
Marchman::239,-1.1340946634647002,NA,English (American),marchman,C_log
Marchman::24,-1.171751345148832,NA,English (American),marchman,C_log
Marchman::240,0.7297203823935355,NA,English (American),marchman,C_log
Marchman::241,0.9632567785848402,NA,English (American),marchman,C_log
Marchman::242,0.08052356133081963,NA,English (American),marchman,C_log
Marchman::243,-1.7017398592859727,NA,English (American),marchman,C_log
Marchman::244,0.581939116673444,NA,English (American),marchman,C_log
Marchman::245,0.8179156871540931,NA,English (American),marchman,C_log
Marchman::246,1.7815252004046978,NA,English (American),marchman,C_log
Marchman::247,-0.20527967471678288,NA,English (American),marchman,C_log
Marchman::248,-1.2235088048059675,NA,English (American),marchman,C_log
Marchman::249,1.22381981933888,NA,English (American),marchman,C_log
Marchman::25,2.816801764966145,NA,English (American),marchman,C_log
Marchman::250,-1.8450056492758338,NA,English (American),marchman,C_log
Marchman::251,-2.422292605261758,NA,English (American),marchman,C_log
Marchman::252,-0.3792629820795725,NA,English (American),marchman,C_log
Marchman::253,0.7546016996400289,NA,English (American),marchman,C_log
Marchman::254,-4.578062136374805,NA,English (American),marchman,C_log
Marchman::255,-0.8226845693618727,NA,English (American),marchman,C_log
Marchman::256,-2.3253114428346726,NA,English (American),marchman,C_log
Marchman::257,-0.748864968744836,NA,English (American),marchman,C_log
Marchman::258,1.1903577796275682,NA,English (American),marchman,C_log
Marchman::259,-0.40449623541565655,NA,English (American),marchman,C_log
Marchman::260,0.785768808116993,NA,English (American),marchman,C_log
Marchman::261,1.2423738400387612,NA,English (American),marchman,C_log
Marchman::262,-2.4983631175011163,NA,English (American),marchman,C_log
Marchman::263,-6.39167319701661,NA,English (American),marchman,C_log
Marchman::264,-2.951499191810418,NA,English (American),marchman,C_log
Marchman::265,-3.0187114790624188,NA,English (American),marchman,C_log
Marchman::266,-1.140136043751026,NA,English (American),marchman,C_log
Marchman::267,-2.9025176895472353,NA,English (American),marchman,C_log
Marchman::268,0.07563421076817915,NA,English (American),marchman,C_log
Marchman::269,0.32613299945841595,NA,English (American),marchman,C_log
Marchman::27,-1.3516307327159673,NA,English (American),marchman,C_log
Marchman::270,-1.3180795263257583,NA,English (American),marchman,C_log
Marchman::271,-2.3525467722608737,NA,English (American),marchman,C_log
Marchman::272,-0.42602578518403506,NA,English (American),marchman,C_log
Marchman::273,-2.141897322157153,NA,English (American),marchman,C_log
Marchman::274,-2.2677827845726735,NA,English (American),marchman,C_log
Marchman::275,-0.1783172593065185,NA,English (American),marchman,C_log
Marchman::276,0.11692067722536506,NA,English (American),marchman,C_log
Marchman::277,1.928607535633578,NA,English (American),marchman,C_log
Marchman::278,-2.7087788506116084,NA,English (American),marchman,C_log
Marchman::28,-1.6410021330202524,NA,English (American),marchman,C_log
Marchman::280,2.252530684109194,NA,English (American),marchman,C_log
Marchman::281,-1.5489726860858999,NA,English (American),marchman,C_log
Marchman::282,-2.9573077198894606,NA,English (American),marchman,C_log
Marchman::283,1.344874122749843,NA,English (American),marchman,C_log
Marchman::284,-1.6543257981682535,NA,English (American),marchman,C_log
Marchman::285,-5.097967884113724,NA,English (American),marchman,C_log
Marchman::286,-4.879493397072518,NA,English (American),marchman,C_log
Marchman::287,1.711340925614556,NA,English (American),marchman,C_log
Marchman::288,0.06046247841211333,NA,English (American),marchman,C_log
Marchman::289,-3.5114453485761956,NA,English (American),marchman,C_log
Marchman::29,1.3576574982326306,NA,English (American),marchman,C_log
Marchman::290,-2.1833097581458145,NA,English (American),marchman,C_log
Marchman::291,0.05574014334157554,NA,English (American),marchman,C_log
Marchman::292,3.5499598853617353,NA,English (American),marchman,C_log
Marchman::293,0.14635940113102736,NA,English (American),marchman,C_log
Marchman::294,-1.677338346345932,NA,English (American),marchman,C_log
Marchman::295,-3.5537488666139474,NA,English (American),marchman,C_log
Marchman::296,-2.9331355614934473,NA,English (American),marchman,C_log
Marchman::297,-1.5200400271780417,NA,English (American),marchman,C_log
Marchman::298,-1.3632833635987132,NA,English (American),marchman,C_log
Marchman::299,-0.44116879425148475,NA,English (American),marchman,C_log
Marchman::3,0.8670271646571459,NA,English (American),marchman,C_log
Marchman::30,0.1345407245007122,NA,English (American),marchman,C_log
Marchman::301,0.2897944506673536,NA,English (American),marchman,C_log
Marchman::302,1.2430517106301346,NA,English (American),marchman,C_log
Marchman::303,-1.2079294326020542,NA,English (American),marchman,C_log
Marchman::304,-1.353707740061402,NA,English (American),marchman,C_log
Marchman::305,-1.3634853177951243,NA,English (American),marchman,C_log
Marchman::306,1.6910669454709828,NA,English (American),marchman,C_log
Marchman::307,-0.360150411586216,NA,English (American),marchman,C_log
Marchman::308,-0.2837357088057049,NA,English (American),marchman,C_log
Marchman::309,-5.0212673731799216,NA,English (American),marchman,C_log
Marchman::31,1.3834490507363746,NA,English (American),marchman,C_log
Marchman::310,-3.0494175312752794,NA,English (American),marchman,C_log
Marchman::311,-2.875322120207117,NA,English (American),marchman,C_log
Marchman::313,2.0060386892738236,NA,English (American),marchman,C_log
Marchman::314,-0.11412531387108663,NA,English (American),marchman,C_log
Marchman::315,-0.714232532559515,NA,English (American),marchman,C_log
Marchman::316,-2.347191806256446,NA,English (American),marchman,C_log
Marchman::317,1.24815860960058,NA,English (American),marchman,C_log
Marchman::319,0.5058712039840321,NA,English (American),marchman,C_log
Marchman::32,1.0321748524057994,NA,English (American),marchman,C_log
Marchman::320,0.7553889145230792,NA,English (American),marchman,C_log
Marchman::322,-1.812245514980133,NA,English (American),marchman,C_log
Marchman::324,-2.4859795692642286,NA,English (American),marchman,C_log
Marchman::325,-2.2776631778171628,NA,English (American),marchman,C_log
Marchman::326,-1.260243652111302,NA,English (American),marchman,C_log
Marchman::327,-1.2688830043719168,NA,English (American),marchman,C_log
Marchman::328,-1.767129698990761,NA,English (American),marchman,C_log
Marchman::329,0.3264037681416222,NA,English (American),marchman,C_log
Marchman::33,-0.8577217179121662,NA,English (American),marchman,C_log
Marchman::330,0.09620267702560074,NA,English (American),marchman,C_log
Marchman::331,0.47116420029063616,NA,English (American),marchman,C_log
Marchman::332,-0.5289838757367474,NA,English (American),marchman,C_log
Marchman::334,-2.3430185676687403,NA,English (American),marchman,C_log
Marchman::335,0.41971340586122213,NA,English (American),marchman,C_log
Marchman::337,-3.191317904396086,NA,English (American),marchman,C_log
Marchman::338,-1.9995293788777355,NA,English (American),marchman,C_log
Marchman::339,-1.09643112547173,NA,English (American),marchman,C_log
Marchman::34,-3.806446065632933,NA,English (American),marchman,C_log
Marchman::340,-3.902125022422689,NA,English (American),marchman,C_log
Marchman::341,-1.9929100145274998,NA,English (American),marchman,C_log
Marchman::342,-4.647093309499603,NA,English (American),marchman,C_log
Marchman::344,-5.135420731418803,NA,English (American),marchman,C_log
Marchman::345,-1.487015653116312,NA,English (American),marchman,C_log
Marchman::346,0.14299296685169657,NA,English (American),marchman,C_log
Marchman::347,-1.0582155453321256,NA,English (American),marchman,C_log
Marchman::349,-3.21177422094887,NA,English (American),marchman,C_log
Marchman::35,0.9115829007780943,NA,English (American),marchman,C_log
Marchman::350,-0.347535555651234,NA,English (American),marchman,C_log
Marchman::351,-4.48436257256826,NA,English (American),marchman,C_log
Marchman::352,-6.43200720996244,NA,English (American),marchman,C_log
Marchman::353,-2.9154309194635655,NA,English (American),marchman,C_log
Marchman::354,-3.3621105889987892,NA,English (American),marchman,C_log
Marchman::355,1.7484944995713876,NA,English (American),marchman,C_log
Marchman::356,-1.6842373444414955,NA,English (American),marchman,C_log
Marchman::357,-2.613845558079074,NA,English (American),marchman,C_log
Marchman::359,-3.0727510841158847,NA,English (American),marchman,C_log
Marchman::360,-1.7947237151679385,NA,English (American),marchman,C_log
Marchman::361,-1.5143705924924864,NA,English (American),marchman,C_log
Marchman::362,-1.4783763819205968,NA,English (American),marchman,C_log
Marchman::363,-0.7285126820916263,NA,English (American),marchman,C_log
Marchman::364,0.9205890718055525,NA,English (American),marchman,C_log
Marchman::365,-1.907316016383699,NA,English (American),marchman,C_log
Marchman::366,-4.5690420381111485,NA,English (American),marchman,C_log
Marchman::367,-1.7071216209025228,NA,English (American),marchman,C_log
Marchman::368,-3.1551975983397336,NA,English (American),marchman,C_log
Marchman::369,0.4018540774712233,NA,English (American),marchman,C_log
Marchman::37,-2.3978653985003344,NA,English (American),marchman,C_log
Marchman::370,2.1167175220424213,NA,English (American),marchman,C_log
Marchman::371,-1.9193138668635412,NA,English (American),marchman,C_log
Marchman::372,-2.4690771569955334,NA,English (American),marchman,C_log
Marchman::373,-2.1643153544767335,NA,English (American),marchman,C_log
Marchman::374,-5.5050145234409245,NA,English (American),marchman,C_log
Marchman::375,-0.9429002672310736,NA,English (American),marchman,C_log
Marchman::376,-1.1895205308309609,NA,English (American),marchman,C_log
Marchman::377,0.08741316849798181,NA,English (American),marchman,C_log
Marchman::378,-2.5522744492512874,NA,English (American),marchman,C_log
Marchman::38,1.0380801859082833,NA,English (American),marchman,C_log
Marchman::380,-1.3097758619067141,NA,English (American),marchman,C_log
Marchman::381,0.8624256846621343,NA,English (American),marchman,C_log
Marchman::382,0.939681349155563,NA,English (American),marchman,C_log
Marchman::383,-0.26267294420606,NA,English (American),marchman,C_log
Marchman::384,-3.6953441362495885,NA,English (American),marchman,C_log
Marchman::385,-2.8612525753836935,NA,English (American),marchman,C_log
Marchman::386,0.10081404410275907,NA,English (American),marchman,C_log
Marchman::387,-3.902337909507137,NA,English (American),marchman,C_log
Marchman::388,-2.3490180606130484,NA,English (American),marchman,C_log
Marchman::389,-2.805967499233169,NA,English (American),marchman,C_log
Marchman::39,2.660317297566179,NA,English (American),marchman,C_log
Marchman::391,-4.983724385525146,NA,English (American),marchman,C_log
Marchman::392,-0.5261448421185592,NA,English (American),marchman,C_log
Marchman::393,-1.7626109075214622,NA,English (American),marchman,C_log
Marchman::394,-0.31679697034791937,NA,English (American),marchman,C_log
Marchman::395,-0.8707787048971491,NA,English (American),marchman,C_log
Marchman::396,0.9316262568038896,NA,English (American),marchman,C_log
Marchman::397,-3.6033913349006528,NA,English (American),marchman,C_log
Marchman::399,-2.2100996183165726,NA,English (American),marchman,C_log
Marchman::4,1.00804363188227,NA,English (American),marchman,C_log
Marchman::40,2.308375514163392,NA,English (American),marchman,C_log
Marchman::400,-1.7888735258644468,NA,English (American),marchman,C_log
Marchman::401,-1.3332525766590728,NA,English (American),marchman,C_log
Marchman::402,1.4974719534967602,NA,English (American),marchman,C_log
Marchman::404,-3.888002303023046,NA,English (American),marchman,C_log
Marchman::405,-0.2689810412882507,NA,English (American),marchman,C_log
Marchman::406,-0.39153805072511194,NA,English (American),marchman,C_log
Marchman::407,-0.4990965837321508,NA,English (American),marchman,C_log
Marchman::409,-3.09270040510406,NA,English (American),marchman,C_log
Marchman::41,2.3062526866169475,NA,English (American),marchman,C_log
Marchman::411,-0.16180063417056237,NA,English (American),marchman,C_log
Marchman::412,-3.185293390951887,NA,English (American),marchman,C_log
Marchman::413,-2.7047077129560786,NA,English (American),marchman,C_log
Marchman::414,-4.088306406565751,NA,English (American),marchman,C_log
Marchman::415,0.6792770649268016,NA,English (American),marchman,C_log
Marchman::417,-2.4122364904734965,NA,English (American),marchman,C_log
Marchman::418,-0.7647485290947321,NA,English (American),marchman,C_log
Marchman::419,-1.4139993831515285,NA,English (American),marchman,C_log
Marchman::42,-2.6794182385381666,NA,English (American),marchman,C_log
Marchman::420,-3.2318203468611344,NA,English (American),marchman,C_log
Marchman::421,-1.5762111862627706,NA,English (American),marchman,C_log
Marchman::422,-1.04933004791938,NA,English (American),marchman,C_log
Marchman::423,-0.8774093733229738,NA,English (American),marchman,C_log
Marchman::424,-0.7539459696486183,NA,English (American),marchman,C_log
Marchman::427,-6.17189275593009,NA,English (American),marchman,C_log
Marchman::428,-0.5664463522319024,NA,English (American),marchman,C_log
Marchman::429,-1.9589333902629613,NA,English (American),marchman,C_log
Marchman::43,-1.7691161833432643,NA,English (American),marchman,C_log
Marchman::430,-2.4625018342602503,NA,English (American),marchman,C_log
Marchman::431,0.689063523884112,NA,English (American),marchman,C_log
Marchman::432,-1.304602227638477,NA,English (American),marchman,C_log
Marchman::433,-3.9486523317963678,NA,English (American),marchman,C_log
Marchman::434,1.6803631404280046,NA,English (American),marchman,C_log
Marchman::435,-0.963048909117658,NA,English (American),marchman,C_log
Marchman::436,-1.534457120850624,NA,English (American),marchman,C_log
Marchman::437,1.3293592449582534,NA,English (American),marchman,C_log
Marchman::438,-1.1198267284137207,NA,English (American),marchman,C_log
Marchman::439,-0.3212519313635194,NA,English (American),marchman,C_log
Marchman::44,-0.5000168360159538,NA,English (American),marchman,C_log
Marchman::440,-0.5182196315255165,NA,English (American),marchman,C_log
Marchman::441,-1.0205941686838047,NA,English (American),marchman,C_log
Marchman::443,-0.9220786705620855,NA,English (American),marchman,C_log
Marchman::444,-0.776701111326582,NA,English (American),marchman,C_log
Marchman::446,-1.2140034996263664,NA,English (American),marchman,C_log
Marchman::447,-4.020410037243758,NA,English (American),marchman,C_log
Marchman::448,1.3071955589508375,NA,English (American),marchman,C_log
Marchman::449,-2.8479745395201044,NA,English (American),marchman,C_log
Marchman::45,-0.05998410743931878,NA,English (American),marchman,C_log
Marchman::450,1.2847042574154939,NA,English (American),marchman,C_log
Marchman::451,-2.6114622953803868,NA,English (American),marchman,C_log
Marchman::452,-5.257633683492046,NA,English (American),marchman,C_log
Marchman::453,-0.4584145009361534,NA,English (American),marchman,C_log
Marchman::454,0.28290158449394315,NA,English (American),marchman,C_log
Marchman::455,0.5618451794982536,NA,English (American),marchman,C_log
Marchman::456,0.018725945134870827,NA,English (American),marchman,C_log
Marchman::457,-2.232170260714166,NA,English (American),marchman,C_log
Marchman::458,-0.8096007545586117,NA,English (American),marchman,C_log
Marchman::46,-2.46910063983175,NA,English (American),marchman,C_log
Marchman::460,-0.9366032602025393,NA,English (American),marchman,C_log
Marchman::461,-0.4212599006168115,NA,English (American),marchman,C_log
Marchman::462,-3.9501234536900456,NA,English (American),marchman,C_log
Marchman::463,3.66430113955575,NA,English (American),marchman,C_log
Marchman::464,-0.37757073244254,NA,English (American),marchman,C_log
Marchman::465,-0.5227538179030662,NA,English (American),marchman,C_log
Marchman::466,-0.6479383755508201,NA,English (American),marchman,C_log
Marchman::467,0.279275623113956,NA,English (American),marchman,C_log
Marchman::468,-2.03392395777602,NA,English (American),marchman,C_log
Marchman::469,-2.0910566441977445,NA,English (American),marchman,C_log
Marchman::47,-1.1130380382130305,NA,English (American),marchman,C_log
Marchman::470,-1.1464642342531488,NA,English (American),marchman,C_log
Marchman::471,-3.0232673679147655,NA,English (American),marchman,C_log
Marchman::472,-2.092246954295243,NA,English (American),marchman,C_log
Marchman::473,-4.016655808952666,NA,English (American),marchman,C_log
Marchman::474,2.3593708256518715,NA,English (American),marchman,C_log
Marchman::475,0.6441401161014413,NA,English (American),marchman,C_log
Marchman::477,-0.7844716264327323,NA,English (American),marchman,C_log
Marchman::478,-0.22232650097752887,NA,English (American),marchman,C_log
Marchman::479,-3.282172192425204,NA,English (American),marchman,C_log
Marchman::48,-0.6520565776800404,NA,English (American),marchman,C_log
Marchman::480,-0.7066318208610445,NA,English (American),marchman,C_log
Marchman::481,-2.477323888133863,NA,English (American),marchman,C_log
Marchman::482,2.4193502763805186,NA,English (American),marchman,C_log
Marchman::483,-2.1778947561940196,NA,English (American),marchman,C_log
Marchman::484,-4.845119366605731,NA,English (American),marchman,C_log
Marchman::485,1.0973981904949703,NA,English (American),marchman,C_log
Marchman::486,-2.890516756371516,NA,English (American),marchman,C_log
Marchman::487,2.670480746681489,NA,English (American),marchman,C_log
Marchman::488,-2.238933648200693,NA,English (American),marchman,C_log
Marchman::489,-3.115928727672786,NA,English (American),marchman,C_log
Marchman::49,-0.8856792947957762,NA,English (American),marchman,C_log
Marchman::490,1.033852754992091,NA,English (American),marchman,C_log
Marchman::491,-0.3743545145380702,NA,English (American),marchman,C_log
Marchman::492,0.6073490687254651,NA,English (American),marchman,C_log
Marchman::493,1.1916372418188546,NA,English (American),marchman,C_log
Marchman::494,-0.5705603460492276,NA,English (American),marchman,C_log
Marchman::495,-0.05656233320785083,NA,English (American),marchman,C_log
Marchman::496,-2.0753787310004648,NA,English (American),marchman,C_log
Marchman::497,-3.100961222374799,NA,English (American),marchman,C_log
Marchman::498,-0.19400863360306767,NA,English (American),marchman,C_log
Marchman::499,0.9234226185035393,NA,English (American),marchman,C_log
Marchman::5,1.1633329878966476,NA,English (American),marchman,C_log
Marchman::50,-0.08166047003738405,NA,English (American),marchman,C_log
Marchman::500,1.4466740622228738,NA,English (American),marchman,C_log
Marchman::501,-0.4301248175576709,NA,English (American),marchman,C_log
Marchman::502,-1.5528810923913312,NA,English (American),marchman,C_log
Marchman::503,-1.6307492109981456,NA,English (American),marchman,C_log
Marchman::504,-5.629673558575036,NA,English (American),marchman,C_log
Marchman::505,-1.9488295706890728,NA,English (American),marchman,C_log
Marchman::507,1.743722353413061,NA,English (American),marchman,C_log
Marchman::508,0.5050423224821395,NA,English (American),marchman,C_log
Marchman::509,-1.6709268375021378,NA,English (American),marchman,C_log
Marchman::51,-4.627931355346814,NA,English (American),marchman,C_log
Marchman::510,-0.45548668120399494,NA,English (American),marchman,C_log
Marchman::511,1.7467974067414493,NA,English (American),marchman,C_log
Marchman::512,1.510207558657302,NA,English (American),marchman,C_log
Marchman::513,-0.9474222031509371,NA,English (American),marchman,C_log
Marchman::514,2.839666465134543,NA,English (American),marchman,C_log
Marchman::515,-0.7231396489238922,NA,English (American),marchman,C_log
Marchman::517,-1.7215708249521173,NA,English (American),marchman,C_log
Marchman::518,0.34910386184289915,NA,English (American),marchman,C_log
Marchman::519,1.7451060428629253,NA,English (American),marchman,C_log
Marchman::52,-5.505952797772265,NA,English (American),marchman,C_log
Marchman::520,0.7080366310269153,NA,English (American),marchman,C_log
Marchman::521,-0.5106563659808252,NA,English (American),marchman,C_log
Marchman::522,-0.12046797945252917,NA,English (American),marchman,C_log
Marchman::523,-0.8254303138651095,NA,English (American),marchman,C_log
Marchman::524,4.80825327346111,NA,English (American),marchman,C_log
Marchman::525,0.7971053182905438,NA,English (American),marchman,C_log
Marchman::526,-2.929461625474743,NA,English (American),marchman,C_log
Marchman::527,-1.53456769423857,NA,English (American),marchman,C_log
Marchman::528,-1.5521590966827017,NA,English (American),marchman,C_log
Marchman::529,0.6317991789600624,NA,English (American),marchman,C_log
Marchman::53,-0.5858007043465877,NA,English (American),marchman,C_log
Marchman::530,-1.3828829477204378,NA,English (American),marchman,C_log
Marchman::531,1.4552841434649062,NA,English (American),marchman,C_log
Marchman::532,-0.9270555448958462,NA,English (American),marchman,C_log
Marchman::533,-2.939907883766864,NA,English (American),marchman,C_log
Marchman::534,0.7714010530204881,NA,English (American),marchman,C_log
Marchman::535,-1.7632696735521378,NA,English (American),marchman,C_log
Marchman::536,2.8339690938587596,NA,English (American),marchman,C_log
Marchman::537,-3.8988491520732977,NA,English (American),marchman,C_log
Marchman::538,-1.922290893311232,NA,English (American),marchman,C_log
Marchman::539,0.3833879395322224,NA,English (American),marchman,C_log
Marchman::54,0.7605995178261541,NA,English (American),marchman,C_log
Marchman::540,0.5774672669654272,NA,English (American),marchman,C_log
Marchman::541,-2.5833875516322653,NA,English (American),marchman,C_log
Marchman::542,-1.1948583933467904,NA,English (American),marchman,C_log
Marchman::543,-2.6160820354240713,NA,English (American),marchman,C_log
Marchman::545,2.2030733919247356,NA,English (American),marchman,C_log
Marchman::546,1.3042421992392224,NA,English (American),marchman,C_log
Marchman::547,-0.8848903685702477,NA,English (American),marchman,C_log
Marchman::548,4.598948001790785,NA,English (American),marchman,C_log
Marchman::549,-1.8402134235667902,NA,English (American),marchman,C_log
Marchman::55,-0.8195863128483292,NA,English (American),marchman,C_log
Marchman::550,-2.0312083577197133,NA,English (American),marchman,C_log
Marchman::551,-0.3398792334294285,NA,English (American),marchman,C_log
Marchman::552,-1.2793624035421107,NA,English (American),marchman,C_log
Marchman::553,-1.36044503666305,NA,English (American),marchman,C_log
Marchman::554,1.5910739073878701,NA,English (American),marchman,C_log
Marchman::555,0.9338048184941357,NA,English (American),marchman,C_log
Marchman::556,0.07636275578462662,NA,English (American),marchman,C_log
Marchman::557,-2.273382421767938,NA,English (American),marchman,C_log
Marchman::558,-0.20860357663139023,NA,English (American),marchman,C_log
Marchman::559,-1.680724778369268,NA,English (American),marchman,C_log
Marchman::56,-1.1646111166751068,NA,English (American),marchman,C_log
Marchman::560,0.42483985106728706,NA,English (American),marchman,C_log
Marchman::561,0.08150222294638793,NA,English (American),marchman,C_log
Marchman::562,2.650218393326438,NA,English (American),marchman,C_log
Marchman::563,1.512633961197835,NA,English (American),marchman,C_log
Marchman::564,-2.491102465331232,NA,English (American),marchman,C_log
Marchman::565,-2.0457197177966115,NA,English (American),marchman,C_log
Marchman::566,2.2055252801367455,NA,English (American),marchman,C_log
Marchman::568,-0.8265089472340876,NA,English (American),marchman,C_log
Marchman::569,-1.8353300083080846,NA,English (American),marchman,C_log
Marchman::57,-3.528918785908992,NA,English (American),marchman,C_log
Marchman::570,-0.6242403621725612,NA,English (American),marchman,C_log
Marchman::571,-1.0865369373302578,NA,English (American),marchman,C_log
Marchman::572,-2.6690348383164935,NA,English (American),marchman,C_log
Marchman::573,0.4331672306277826,NA,English (American),marchman,C_log
Marchman::574,-2.4791249930203945,NA,English (American),marchman,C_log
Marchman::575,-0.237550928868258,NA,English (American),marchman,C_log
Marchman::576,-0.5049391370026232,NA,English (American),marchman,C_log
Marchman::577,-2.942594185898434,NA,English (American),marchman,C_log
Marchman::578,1.5011270065454914,NA,English (American),marchman,C_log
Marchman::579,-2.3685555504130766,NA,English (American),marchman,C_log
Marchman::58,-1.471765144704678,NA,English (American),marchman,C_log
Marchman::580,-1.1043699152793502,NA,English (American),marchman,C_log
Marchman::581,0.39973385304502734,NA,English (American),marchman,C_log
Marchman::582,3.586190613152626,NA,English (American),marchman,C_log
Marchman::583,2.186365768679184,NA,English (American),marchman,C_log
Marchman::584,0.18353188144059118,NA,English (American),marchman,C_log
Marchman::585,-0.952449856302948,NA,English (American),marchman,C_log
Marchman::586,0.8954335022834955,NA,English (American),marchman,C_log
Marchman::587,1.0258796672285384,NA,English (American),marchman,C_log
Marchman::588,-1.9697181205560752,NA,English (American),marchman,C_log
Marchman::589,-0.22446981778605196,NA,English (American),marchman,C_log
Marchman::59,-3.2642276544955764,NA,English (American),marchman,C_log
Marchman::590,-3.12638478777083,NA,English (American),marchman,C_log
Marchman::591,-2.711336345308499,NA,English (American),marchman,C_log
Marchman::592,-4.150245214390595,NA,English (American),marchman,C_log
Marchman::593,-1.3741691385913204,NA,English (American),marchman,C_log
Marchman::594,0.9916147817000092,NA,English (American),marchman,C_log
Marchman::595,-2.873149164312135,NA,English (American),marchman,C_log
Marchman::596,-1.1036550857532148,NA,English (American),marchman,C_log
Marchman::597,1.4453510321625278,NA,English (American),marchman,C_log
Marchman::598,-1.0993402919312694,NA,English (American),marchman,C_log
Marchman::599,0.31788686136640043,NA,English (American),marchman,C_log
Marchman::6,2.6925984030546593,NA,English (American),marchman,C_log
Marchman::60,-2.808057302973776,NA,English (American),marchman,C_log
Marchman::600,1.392040890107633,NA,English (American),marchman,C_log
Marchman::601,3.127980096889149,NA,English (American),marchman,C_log
Marchman::602,0.2201640737251411,NA,English (American),marchman,C_log
Marchman::603,1.2909709038894615,NA,English (American),marchman,C_log
Marchman::604,-2.3735001748479108,NA,English (American),marchman,C_log
Marchman::605,-0.24375696435184568,NA,English (American),marchman,C_log
Marchman::606,0.5357191002690295,NA,English (American),marchman,C_log
Marchman::607,-2.7116029417009577,NA,English (American),marchman,C_log
Marchman::608,3.4468936598525866,NA,English (American),marchman,C_log
Marchman::609,-0.45704534709545236,NA,English (American),marchman,C_log
Marchman::61,-1.4749327164985573,NA,English (American),marchman,C_log
Marchman::610,0.1747056753944478,NA,English (American),marchman,C_log
Marchman::611,0.10241332759026248,NA,English (American),marchman,C_log
Marchman::612,0.8624397212206942,NA,English (American),marchman,C_log
Marchman::613,1.6470484434125197,NA,English (American),marchman,C_log
Marchman::614,0.2937360021976032,NA,English (American),marchman,C_log
Marchman::615,-0.4113090742386983,NA,English (American),marchman,C_log
Marchman::616,-0.4930893271974687,NA,English (American),marchman,C_log
Marchman::617,-3.4529551748063034,NA,English (American),marchman,C_log
Marchman::618,-0.8609361684418699,NA,English (American),marchman,C_log
Marchman::619,-1.4802513005170244,NA,English (American),marchman,C_log
Marchman::62,-3.626631768843737,NA,English (American),marchman,C_log
Marchman::620,-0.21727201982041086,NA,English (American),marchman,C_log
Marchman::621,0.4171127990503876,NA,English (American),marchman,C_log
Marchman::622,0.9126915215001308,NA,English (American),marchman,C_log
Marchman::623,-6.415099946170563,NA,English (American),marchman,C_log
Marchman::624,-3.821930111495618,NA,English (American),marchman,C_log
Marchman::625,-0.7618747949626701,NA,English (American),marchman,C_log
Marchman::626,1.3496777424465844,NA,English (American),marchman,C_log
Marchman::628,0.35070375224788275,NA,English (American),marchman,C_log
Marchman::629,0.19297501531867012,NA,English (American),marchman,C_log
Marchman::63,2.554088253474091,NA,English (American),marchman,C_log
Marchman::630,1.4461065155074662,NA,English (American),marchman,C_log
Marchman::631,-0.2624817311376645,NA,English (American),marchman,C_log
Marchman::632,-0.46098932862617814,NA,English (American),marchman,C_log
Marchman::633,1.8325162235961254,NA,English (American),marchman,C_log
Marchman::634,1.8185588834839324,NA,English (American),marchman,C_log
Marchman::636,-0.29122586136636147,NA,English (American),marchman,C_log
Marchman::637,2.8105650424900115,NA,English (American),marchman,C_log
Marchman::638,-0.23933701824352271,NA,English (American),marchman,C_log
Marchman::639,-1.4500929246944934,NA,English (American),marchman,C_log
Marchman::64,1.1740286454728879,NA,English (American),marchman,C_log
Marchman::640,0.545208533799906,NA,English (American),marchman,C_log
Marchman::641,0.2414473286560182,NA,English (American),marchman,C_log
Marchman::642,0.03730512875637759,NA,English (American),marchman,C_log
Marchman::643,0.761381600142242,NA,English (American),marchman,C_log
Marchman::644,2.462601279337056,NA,English (American),marchman,C_log
Marchman::645,2.446586755953942,NA,English (American),marchman,C_log
Marchman::646,1.057658927099675,NA,English (American),marchman,C_log
Marchman::647,-3.082026558556999,NA,English (American),marchman,C_log
Marchman::648,-2.7785915880162495,NA,English (American),marchman,C_log
Marchman::649,-3.9485391759068156,NA,English (American),marchman,C_log
Marchman::65,-1.523772894883852,NA,English (American),marchman,C_log
Marchman::650,-2.425747821678033,NA,English (American),marchman,C_log
Marchman::651,1.05551785024418,NA,English (American),marchman,C_log
Marchman::652,-2.6707423614832453,NA,English (American),marchman,C_log
Marchman::653,0.49862438741201587,NA,English (American),marchman,C_log
Marchman::654,-0.5053583500029055,NA,English (American),marchman,C_log
Marchman::655,-0.5532143688906151,NA,English (American),marchman,C_log
Marchman::656,1.3064517768009154,NA,English (American),marchman,C_log
Marchman::657,-1.0318895147948743,NA,English (American),marchman,C_log
Marchman::658,1.2435683351021307,NA,English (American),marchman,C_log
Marchman::659,1.081103063058738,NA,English (American),marchman,C_log
Marchman::66,3.1787952685609735,NA,English (American),marchman,C_log
Marchman::660,-0.6280690050025395,NA,English (American),marchman,C_log
Marchman::661,2.090823564612022,NA,English (American),marchman,C_log
Marchman::662,0.3287761411528927,NA,English (American),marchman,C_log
Marchman::663,-0.5803343417789183,NA,English (American),marchman,C_log
Marchman::664,0.2921149531186399,NA,English (American),marchman,C_log
Marchman::665,1.752694985007035,NA,English (American),marchman,C_log
Marchman::666,2.2820186347158242,NA,English (American),marchman,C_log
Marchman::667,1.1545959625881368,NA,English (American),marchman,C_log
Marchman::668,0.13698045956709556,NA,English (American),marchman,C_log
Marchman::669,0.6486287727703308,NA,English (American),marchman,C_log
Marchman::67,-2.1035770070327193,NA,English (American),marchman,C_log
Marchman::670,-1.5111783186005303,NA,English (American),marchman,C_log
Marchman::671,-0.5642724316148731,NA,English (American),marchman,C_log
Marchman::672,1.1974640794520124,NA,English (American),marchman,C_log
Marchman::673,3.4395966958558657,NA,English (American),marchman,C_log
Marchman::674,0.3777789136139328,NA,English (American),marchman,C_log
Marchman::675,-2.3187168804595872,NA,English (American),marchman,C_log
Marchman::676,0.36317545937816714,NA,English (American),marchman,C_log
Marchman::677,5.164395897162251,NA,English (American),marchman,C_log
Marchman::678,1.8683222269806803,NA,English (American),marchman,C_log
Marchman::679,-1.6590685689488789,NA,English (American),marchman,C_log
Marchman::68,-1.243202465876485,NA,English (American),marchman,C_log
Marchman::680,1.4144053742338047,NA,English (American),marchman,C_log
Marchman::681,1.0653089248481127,NA,English (American),marchman,C_log
Marchman::682,1.5234838727287578,NA,English (American),marchman,C_log
Marchman::683,-0.4240325289851187,NA,English (American),marchman,C_log
Marchman::684,-3.2764073463441723,NA,English (American),marchman,C_log
Marchman::685,1.1050823795783042,NA,English (American),marchman,C_log
Marchman::686,-1.550277996029698,NA,English (American),marchman,C_log
Marchman::687,1.97285168164902,NA,English (American),marchman,C_log
Marchman::688,-0.44061899830660267,NA,English (American),marchman,C_log
Marchman::689,1.4228052309699912,NA,English (American),marchman,C_log
Marchman::69,1.6429614725137887,NA,English (American),marchman,C_log
Marchman::690,2.007577528007598,NA,English (American),marchman,C_log
Marchman::691,-0.5363386063340755,NA,English (American),marchman,C_log
Marchman::692,-0.22114357036599297,NA,English (American),marchman,C_log
Marchman::693,0.02148282050615853,NA,English (American),marchman,C_log
Marchman::694,-0.984082192723635,NA,English (American),marchman,C_log
Marchman::695,-0.43720267501197446,NA,English (American),marchman,C_log
Marchman::696,2.4276328154792957,NA,English (American),marchman,C_log
Marchman::697,-1.0121126173770372,NA,English (American),marchman,C_log
Marchman::698,-2.2274579409488457,NA,English (American),marchman,C_log
Marchman::699,-2.219245009103198,NA,English (American),marchman,C_log
Marchman::7,-0.6315460541510644,NA,English (American),marchman,C_log
Marchman::70,2.5264596923830456,NA,English (American),marchman,C_log
Marchman::700,0.4435908694545623,NA,English (American),marchman,C_log
Marchman::701,-1.057832186953579,NA,English (American),marchman,C_log
Marchman::702,-0.5068887664332062,NA,English (American),marchman,C_log
Marchman::703,-0.4333009508443995,NA,English (American),marchman,C_log
Marchman::704,0.8107412062060048,NA,English (American),marchman,C_log
Marchman::705,-2.397185414154074,NA,English (American),marchman,C_log
Marchman::706,1.4671773407322872,NA,English (American),marchman,C_log
Marchman::707,0.31484130747983563,NA,English (American),marchman,C_log
Marchman::709,1.8428478484533894,NA,English (American),marchman,C_log
Marchman::71,-1.4500551916671836,NA,English (American),marchman,C_log
Marchman::710,1.8810450149630091,NA,English (American),marchman,C_log
Marchman::711,-0.2872491991311133,NA,English (American),marchman,C_log
Marchman::712,1.4430344062715872,NA,English (American),marchman,C_log
Marchman::713,1.7529585281032094,NA,English (American),marchman,C_log
Marchman::714,-2.289677626866764,NA,English (American),marchman,C_log
Marchman::715,-4.121617742664864,NA,English (American),marchman,C_log
Marchman::716,0.1066351309053227,NA,English (American),marchman,C_log
Marchman::717,-0.14843684818739974,NA,English (American),marchman,C_log
Marchman::718,-0.17301246205402177,NA,English (American),marchman,C_log
Marchman::719,1.4109471153044157,NA,English (American),marchman,C_log
Marchman::72,-0.7930715584556508,NA,English (American),marchman,C_log
Marchman::720,-1.0807582551764,NA,English (American),marchman,C_log
Marchman::721,-0.00639083254415901,NA,English (American),marchman,C_log
Marchman::722,-2.15643673509663,NA,English (American),marchman,C_log
Marchman::723,-2.3381078138046134,NA,English (American),marchman,C_log
Marchman::724,-1.2048958198635347,NA,English (American),marchman,C_log
Marchman::725,-0.8529732240218973,NA,English (American),marchman,C_log
Marchman::726,-1.9733446416700362,NA,English (American),marchman,C_log
Marchman::728,0.11536761969814388,NA,English (American),marchman,C_log
Marchman::729,0.8487191583954374,NA,English (American),marchman,C_log
Marchman::73,-1.9064295994215077,NA,English (American),marchman,C_log
Marchman::730,0.28643348844658173,NA,English (American),marchman,C_log
Marchman::731,2.5461830225100996,NA,English (American),marchman,C_log
Marchman::732,-2.245861759552894,NA,English (American),marchman,C_log
Marchman::733,-1.434542543269422,NA,English (American),marchman,C_log
Marchman::735,-7.9172944892732025,NA,English (American),marchman,C_log
Marchman::736,-0.6021290303960625,NA,English (American),marchman,C_log
Marchman::737,1.6425152741026225,NA,English (American),marchman,C_log
Marchman::738,-1.0298458442468683,NA,English (American),marchman,C_log
Marchman::739,-1.031631598887791,NA,English (American),marchman,C_log
Marchman::74,1.3916697404889808,NA,English (American),marchman,C_log
Marchman::740,0.9049148498688554,NA,English (American),marchman,C_log
Marchman::742,1.2849040926937696,NA,English (American),marchman,C_log
Marchman::743,-3.6439333484791585,NA,English (American),marchman,C_log
Marchman::744,0.346149945986237,NA,English (American),marchman,C_log
Marchman::745,2.4767959457345587,NA,English (American),marchman,C_log
Marchman::746,-0.9607865076643742,NA,English (American),marchman,C_log
Marchman::747,2.0307446449731343,NA,English (American),marchman,C_log
Marchman::748,2.387884108963255,NA,English (American),marchman,C_log
Marchman::749,-2.014297483382348,NA,English (American),marchman,C_log
Marchman::75,-0.9874158484004423,NA,English (American),marchman,C_log
Marchman::750,0.5384300502626076,NA,English (American),marchman,C_log
Marchman::751,-0.5261448421185599,NA,English (American),marchman,C_log
Marchman::752,2.13991201396075,NA,English (American),marchman,C_log
Marchman::753,0.755090906750344,NA,English (American),marchman,C_log
Marchman::754,1.3670936548691457,NA,English (American),marchman,C_log
Marchman::755,-0.4361758529813476,NA,English (American),marchman,C_log
Marchman::756,-1.2133661508467397,NA,English (American),marchman,C_log
Marchman::757,0.44863773636860754,NA,English (American),marchman,C_log
Marchman::758,-0.3640216911255232,NA,English (American),marchman,C_log
Marchman::759,-1.4425115708096328,NA,English (American),marchman,C_log
Marchman::76,-0.8963529586672528,NA,English (American),marchman,C_log
Marchman::760,-1.3157298065032388,NA,English (American),marchman,C_log
Marchman::761,-2.5820542590883933,NA,English (American),marchman,C_log
Marchman::762,0.3675476062024438,NA,English (American),marchman,C_log
Marchman::763,-2.151468758943505,NA,English (American),marchman,C_log
Marchman::764,0.5006133572522979,NA,English (American),marchman,C_log
Marchman::765,0.5822947071280653,NA,English (American),marchman,C_log
Marchman::767,0.2127739669630247,NA,English (American),marchman,C_log
Marchman::768,-1.3889674328404709,NA,English (American),marchman,C_log
Marchman::769,0.9926423737053527,NA,English (American),marchman,C_log
Marchman::77,-2.9288162264314965,NA,English (American),marchman,C_log
Marchman::770,0.36649204493332793,NA,English (American),marchman,C_log
Marchman::771,-0.725447783975477,NA,English (American),marchman,C_log
Marchman::772,0.411134331012007,NA,English (American),marchman,C_log
Marchman::773,0.048362380375305936,NA,English (American),marchman,C_log
Marchman::774,-1.3190209199196408,NA,English (American),marchman,C_log
Marchman::775,-0.22229144419371996,NA,English (American),marchman,C_log
Marchman::776,0.6040507407477848,NA,English (American),marchman,C_log
Marchman::777,0.9129398869889354,NA,English (American),marchman,C_log
Marchman::778,-0.5896942551978239,NA,English (American),marchman,C_log
Marchman::779,-0.49318798107763834,NA,English (American),marchman,C_log
Marchman::780,-0.4723853362184695,NA,English (American),marchman,C_log
Marchman::781,1.0123389235227094,NA,English (American),marchman,C_log
Marchman::782,2.1711763873051164,NA,English (American),marchman,C_log
Marchman::783,-1.3540812409533125,NA,English (American),marchman,C_log
Marchman::784,1.2994862418678368,NA,English (American),marchman,C_log
Marchman::785,1.8051134339290136,NA,English (American),marchman,C_log
Marchman::786,1.6722959862125177,NA,English (American),marchman,C_log
Marchman::787,-0.09622781358953784,NA,English (American),marchman,C_log
Marchman::788,-1.9709491337093497,NA,English (American),marchman,C_log
Marchman::789,1.399296413222704,NA,English (American),marchman,C_log
Marchman::79,2.338601511830761,NA,English (American),marchman,C_log
Marchman::790,0.9360074905304839,NA,English (American),marchman,C_log
Marchman::791,-3.025690780348571,NA,English (American),marchman,C_log
Marchman::792,-0.9563957520780744,NA,English (American),marchman,C_log
Marchman::793,1.6664181372693432,NA,English (American),marchman,C_log
Marchman::794,1.548271080131336,NA,English (American),marchman,C_log
Marchman::795,1.803192494388626,NA,English (American),marchman,C_log
Marchman::796,3.0939621266445623,NA,English (American),marchman,C_log
Marchman::797,1.7649450821331212,NA,English (American),marchman,C_log
Marchman::798,-0.24867781314022253,NA,English (American),marchman,C_log
Marchman::799,0.6813813455003374,NA,English (American),marchman,C_log
Marchman::8,-0.8465043473412049,NA,English (American),marchman,C_log
Marchman::80,1.070866590474697,NA,English (American),marchman,C_log
Marchman::800,1.194916511639389,NA,English (American),marchman,C_log
Marchman::801,0.9710724460538922,NA,English (American),marchman,C_log
Marchman::802,2.00541900152996,NA,English (American),marchman,C_log
Marchman::803,2.2363261276220427,NA,English (American),marchman,C_log
Marchman::804,-1.1059577123810076,NA,English (American),marchman,C_log
Marchman::805,-0.3918792938955199,NA,English (American),marchman,C_log
Marchman::806,-0.6882799243291533,NA,English (American),marchman,C_log
Marchman::807,1.3060413642611572,NA,English (American),marchman,C_log
Marchman::808,0.05616103293784932,NA,English (American),marchman,C_log
Marchman::809,0.6367469203822944,NA,English (American),marchman,C_log
Marchman::81,-1.3560333272495424,NA,English (American),marchman,C_log
Marchman::810,-0.3376078412289172,NA,English (American),marchman,C_log
Marchman::811,0.8954335022834955,NA,English (American),marchman,C_log
Marchman::812,1.3796899938501146,NA,English (American),marchman,C_log
Marchman::813,-2.6256888513231824,NA,English (American),marchman,C_log
Marchman::814,-4.446921251171281,NA,English (American),marchman,C_log
Marchman::815,-0.13089465580953064,NA,English (American),marchman,C_log
Marchman::816,-0.5368693792712911,NA,English (American),marchman,C_log
Marchman::817,-0.09175964426210509,NA,English (American),marchman,C_log
Marchman::818,0.9631518855839742,NA,English (American),marchman,C_log
Marchman::819,0.8567405453914424,NA,English (American),marchman,C_log
Marchman::82,1.4519357279256082,NA,English (American),marchman,C_log
Marchman::820,0.8191231813353442,NA,English (American),marchman,C_log
Marchman::821,-3.3061420560424097,NA,English (American),marchman,C_log
Marchman::822,1.8005510675329113,NA,English (American),marchman,C_log
Marchman::823,1.3902009380411262,NA,English (American),marchman,C_log
Marchman::824,-2.9390696701714725,NA,English (American),marchman,C_log
Marchman::825,0.29185109538956733,NA,English (American),marchman,C_log
Marchman::826,1.451775403307602,NA,English (American),marchman,C_log
Marchman::827,1.0263474151538114,NA,English (American),marchman,C_log
Marchman::828,-1.6381670275344744,NA,English (American),marchman,C_log
Marchman::829,-0.987724460558246,NA,English (American),marchman,C_log
Marchman::83,-2.1703217691515233,NA,English (American),marchman,C_log
Marchman::830,-0.5871907750491414,NA,English (American),marchman,C_log
Marchman::831,0.03256940217645333,NA,English (American),marchman,C_log
Marchman::832,-1.617704036896566,NA,English (American),marchman,C_log
Marchman::833,2.187339049105775,NA,English (American),marchman,C_log
Marchman::834,-0.10816017321101086,NA,English (American),marchman,C_log
Marchman::835,0.9350645071760235,NA,English (American),marchman,C_log
Marchman::836,1.796690074587572,NA,English (American),marchman,C_log
Marchman::837,-0.7046404082030693,NA,English (American),marchman,C_log
Marchman::838,1.4496541880556968,NA,English (American),marchman,C_log
Marchman::839,-2.143725241759968,NA,English (American),marchman,C_log
Marchman::84,-0.9989336942616507,NA,English (American),marchman,C_log
Marchman::840,-1.458420052462762,NA,English (American),marchman,C_log
Marchman::841,1.8962311316282932,NA,English (American),marchman,C_log
Marchman::842,0.024646337759212777,NA,English (American),marchman,C_log
Marchman::843,1.2012891208422762,NA,English (American),marchman,C_log
Marchman::844,1.5780716094680831,NA,English (American),marchman,C_log
Marchman::845,1.9303296779599677,NA,English (American),marchman,C_log
Marchman::846,2.3841195413206537,NA,English (American),marchman,C_log
Marchman::847,-0.5227597321299116,NA,English (American),marchman,C_log
Marchman::848,-1.6949635761942352,NA,English (American),marchman,C_log
Marchman::849,-0.5507824232675911,NA,English (American),marchman,C_log
Marchman::85,-1.065152703625473,NA,English (American),marchman,C_log
Marchman::850,2.130621296595153,NA,English (American),marchman,C_log
Marchman::851,-0.942014300390222,NA,English (American),marchman,C_log
Marchman::852,1.2255423123993918,NA,English (American),marchman,C_log
Marchman::853,0.3373540082992085,NA,English (American),marchman,C_log
Marchman::854,-1.6956849462669852,NA,English (American),marchman,C_log
Marchman::855,3.6006639767454525,NA,English (American),marchman,C_log
Marchman::856,-0.347371960052677,NA,English (American),marchman,C_log
Marchman::857,0.694677366106686,NA,English (American),marchman,C_log
Marchman::858,0.7531469946950355,NA,English (American),marchman,C_log
Marchman::859,4.686388135647096,NA,English (American),marchman,C_log
Marchman::86,-1.7328300826832854,NA,English (American),marchman,C_log
Marchman::860,0.577090078114445,NA,English (American),marchman,C_log
Marchman::861,1.5849247537778028,NA,English (American),marchman,C_log
Marchman::862,0.41594149796652313,NA,English (American),marchman,C_log
Marchman::863,0.4390936784266323,NA,English (American),marchman,C_log
Marchman::864,4.289233395733909,NA,English (American),marchman,C_log
Marchman::865,0.7367640650988146,NA,English (American),marchman,C_log
Marchman::867,-0.8183968787943305,NA,English (American),marchman,C_log
Marchman::868,1.6861545118682386,NA,English (American),marchman,C_log
Marchman::869,-0.5023231687536108,NA,English (American),marchman,C_log
Marchman::87,1.426949740230505,NA,English (American),marchman,C_log
Marchman::870,2.4763418183056523,NA,English (American),marchman,C_log
Marchman::871,0.9901281173496825,NA,English (American),marchman,C_log
Marchman::872,2.2967250363152876,NA,English (American),marchman,C_log
Marchman::873,-0.5703696389372338,NA,English (American),marchman,C_log
Marchman::874,-0.9273701273827898,NA,English (American),marchman,C_log
Marchman::875,2.6328275894695063,NA,English (American),marchman,C_log
Marchman::876,-1.4847234651974688,NA,English (American),marchman,C_log
Marchman::877,0.5257987857065544,NA,English (American),marchman,C_log
Marchman::878,0.5121224970842149,NA,English (American),marchman,C_log
Marchman::879,4.202280936393913,NA,English (American),marchman,C_log
Marchman::88,0.3588436767692152,NA,English (American),marchman,C_log
Marchman::880,0.8613603950582395,NA,English (American),marchman,C_log
Marchman::881,-0.7769709024088195,NA,English (American),marchman,C_log
Marchman::882,-3.1645673244822023,NA,English (American),marchman,C_log
Marchman::883,-1.5457807407197812,NA,English (American),marchman,C_log
Marchman::884,3.00610830680035,NA,English (American),marchman,C_log
Marchman::885,-3.264443393718022,NA,English (American),marchman,C_log
Marchman::886,6.0129993737701,NA,English (American),marchman,C_log
Marchman::887,-0.9781245537000223,NA,English (American),marchman,C_log
Marchman::888,1.587599923707762,NA,English (American),marchman,C_log
Marchman::889,0.9386875520597221,NA,English (American),marchman,C_log
Marchman::89,-0.3657549302641135,NA,English (American),marchman,C_log
Marchman::890,0.5492397229844934,NA,English (American),marchman,C_log
Marchman::891,0.9905986679483356,NA,English (American),marchman,C_log
Marchman::892,-0.06120834282543661,NA,English (American),marchman,C_log
Marchman::893,1.2252951717885485,NA,English (American),marchman,C_log
Marchman::894,0.29651825253046915,NA,English (American),marchman,C_log
Marchman::895,-0.7186920084296813,NA,English (American),marchman,C_log
Marchman::896,-2.724277827946463,NA,English (American),marchman,C_log
Marchman::897,-1.1256243047358752,NA,English (American),marchman,C_log
Marchman::898,-0.2811318358474516,NA,English (American),marchman,C_log
Marchman::899,0.8950733739516712,NA,English (American),marchman,C_log
Marchman::9,-2.8125478843527416,NA,English (American),marchman,C_log
Marchman::90,1.2668934136219934,NA,English (American),marchman,C_log
Marchman::900,0.4358697135855425,NA,English (American),marchman,C_log
Marchman::901,1.0815491417885776,NA,English (American),marchman,C_log
Marchman::902,0.16763022080375453,NA,English (American),marchman,C_log
Marchman::903,4.851202188023848,NA,English (American),marchman,C_log
Marchman::904,1.2254102900403265,NA,English (American),marchman,C_log
Marchman::905,2.7105501387485025,NA,English (American),marchman,C_log
Marchman::907,-1.2648184138894132,NA,English (American),marchman,C_log
Marchman::908,1.1272933790802935,NA,English (American),marchman,C_log
Marchman::909,0.21602859040689043,NA,English (American),marchman,C_log
Marchman::91,-1.1217257492391504,NA,English (American),marchman,C_log
Marchman::910,0.589016586390143,NA,English (American),marchman,C_log
Marchman::911,1.523966002886927,NA,English (American),marchman,C_log
Marchman::912,2.1876184616079315,NA,English (American),marchman,C_log
Marchman::913,-0.27851072684107675,NA,English (American),marchman,C_log
Marchman::914,0.8721824050089633,NA,English (American),marchman,C_log
Marchman::915,0.22311560094813365,NA,English (American),marchman,C_log
Marchman::916,0.2693861564506095,NA,English (American),marchman,C_log
Marchman::917,1.2667738097188306,NA,English (American),marchman,C_log
Marchman::918,-0.7833463746020094,NA,English (American),marchman,C_log
Marchman::919,0.47899762052099715,NA,English (American),marchman,C_log
Marchman::92,0.7580043863094115,NA,English (American),marchman,C_log
Marchman::920,3.2238001902872764,NA,English (American),marchman,C_log
Marchman::921,0.4275079790820554,NA,English (American),marchman,C_log
Marchman::922,1.655983225468731,NA,English (American),marchman,C_log
Marchman::923,1.259774925451874,NA,English (American),marchman,C_log
Marchman::924,1.5392283610381468,NA,English (American),marchman,C_log
Marchman::925,0.6961265520360409,NA,English (American),marchman,C_log
Marchman::926,-0.6934857477977608,NA,English (American),marchman,C_log
Marchman::927,0.8915991910554024,NA,English (American),marchman,C_log
Marchman::928,-1.5962962167059498,NA,English (American),marchman,C_log
Marchman::929,-2.991327649475856,NA,English (American),marchman,C_log
Marchman::93,-2.098693589056915,NA,English (American),marchman,C_log
Marchman::930,-0.2989976853192468,NA,English (American),marchman,C_log
Marchman::931,0.465690699308153,NA,English (American),marchman,C_log
Marchman::932,-0.6380018659360949,NA,English (American),marchman,C_log
Marchman::933,0.621849786294977,NA,English (American),marchman,C_log
Marchman::934,0.8231136881559088,NA,English (American),marchman,C_log
Marchman::935,0.22462078838200844,NA,English (American),marchman,C_log
Marchman::936,1.148783799366195,NA,English (American),marchman,C_log
Marchman::937,2.8164278245750682,NA,English (American),marchman,C_log
Marchman::938,0.43088244963101885,NA,English (American),marchman,C_log
Marchman::939,-0.6234744940922767,NA,English (American),marchman,C_log
Marchman::94,-1.0694569367647404,NA,English (American),marchman,C_log
Marchman::940,-1.5375614744628021,NA,English (American),marchman,C_log
Marchman::941,-0.07970637610158071,NA,English (American),marchman,C_log
Marchman::942,0.49123504976029925,NA,English (American),marchman,C_log
Marchman::943,-0.29248834918614697,NA,English (American),marchman,C_log
Marchman::944,-1.5410983590750995,NA,English (American),marchman,C_log
Marchman::945,0.21357396929589012,NA,English (American),marchman,C_log
Marchman::946,-0.20579742608917062,NA,English (American),marchman,C_log
Marchman::947,0.9001211063759201,NA,English (American),marchman,C_log
Marchman::948,0.08573558134344772,NA,English (American),marchman,C_log
Marchman::949,-2.494870761163928,NA,English (American),marchman,C_log
Marchman::95,-0.8774093733229674,NA,English (American),marchman,C_log
Marchman::950,-1.9267762619445326,NA,English (American),marchman,C_log
Marchman::951,3.01732272258885,NA,English (American),marchman,C_log
Marchman::952,1.413614484622794,NA,English (American),marchman,C_log
Marchman::953,-1.7586474417433144,NA,English (American),marchman,C_log
Marchman::954,1.6591647512369716,NA,English (American),marchman,C_log
Marchman::955,-1.103655085753216,NA,English (American),marchman,C_log
Marchman::956,-1.0930088598506047,NA,English (American),marchman,C_log
Marchman::957,-0.07676833249011063,NA,English (American),marchman,C_log
Marchman::958,-1.6183002210481379,NA,English (American),marchman,C_log
Marchman::959,-0.8519185416083297,NA,English (American),marchman,C_log
Marchman::96,0.8639409279481067,NA,English (American),marchman,C_log
Marchman::960,1.4765065979841074,NA,English (American),marchman,C_log
Marchman::961,1.1849926423898218,NA,English (American),marchman,C_log
Marchman::962,1.31914961629078,NA,English (American),marchman,C_log
Marchman::963,1.0438911673289695,NA,English (American),marchman,C_log
Marchman::964,-0.37689975838369616,NA,English (American),marchman,C_log
Marchman::965,0.5512831331888085,NA,English (American),marchman,C_log
Marchman::966,-1.3608535713729384,NA,English (American),marchman,C_log
Marchman::967,0.05103528459060769,NA,English (American),marchman,C_log
Marchman::968,-2.18398200549718,NA,English (American),marchman,C_log
Marchman::969,0.2358894000479555,NA,English (American),marchman,C_log
Marchman::97,1.8608687279881106,NA,English (American),marchman,C_log
Marchman::970,0.8938833011437096,NA,English (American),marchman,C_log
Marchman::972,-2.2703632179120343,NA,English (American),marchman,C_log
Marchman::973,1.3326241079394454,NA,English (American),marchman,C_log
Marchman::974,0.7545744016808972,NA,English (American),marchman,C_log
Marchman::975,-1.5544406228028385,NA,English (American),marchman,C_log
Marchman::976,-3.3386273996212195,NA,English (American),marchman,C_log
Marchman::977,1.320025742983014,NA,English (American),marchman,C_log
Marchman::978,0.9983552060490855,NA,English (American),marchman,C_log
Marchman::979,0.5677036760244337,NA,English (American),marchman,C_log
Marchman::98,1.0973016498868617,NA,English (American),marchman,C_log
Marchman::980,-0.2242933664996195,NA,English (American),marchman,C_log
Marchman::981,1.9174379494608549,NA,English (American),marchman,C_log
Marchman::982,-0.7680108229322276,NA,English (American),marchman,C_log
Marchman::983,-1.8672274405272014,NA,English (American),marchman,C_log
Marchman::984,-1.137861070524885,NA,English (American),marchman,C_log
Marchman::985,-0.5410432522884275,NA,English (American),marchman,C_log
Marchman::986,0.0721322083734406,NA,English (American),marchman,C_log
Marchman::987,0.151416157175675,NA,English (American),marchman,C_log
Marchman::988,1.1975426783644747,NA,English (American),marchman,C_log
Marchman::989,-1.1454070134924592,NA,English (American),marchman,C_log
Marchman::99,-1.6700062449726045,NA,English (American),marchman,C_log
Marchman::990,-1.8879141745347245,NA,English (American),marchman,C_log
Marchman::991,-1.1330462632194525,NA,English (American),marchman,C_log
Marchman::992,1.9534640597098993,NA,English (American),marchman,C_log
Marchman::993,-0.4754154364537771,NA,English (American),marchman,C_log
Marchman::994,0.10746655247153258,NA,English (American),marchman,C_log
Marchman::995,-0.8394905726302937,NA,English (American),marchman,C_log
Marchman::996,-1.9527374792101952,NA,English (American),marchman,C_log
Marchman::997,1.659194100601453,NA,English (American),marchman,C_log
Marchman::998,1.2866357362677043,NA,English (American),marchman,C_log
Marchman::999,0.23236351292791246,NA,English (American),marchman,C_log
Marchman::AA02F057,0.8737668652529793,NA,English (American),marchman,C_log
Marchman::AA19M056,0.39181921108174633,NA,English (American),marchman,C_log
Marchman::AB02M097,-1.0530217632388013,NA,English (American),marchman,C_log
Marchman::AB03F018,-0.01877454870054724,NA,English (American),marchman,C_log
Marchman::AB05M098,-1.2506774329279433,NA,English (American),marchman,C_log
Marchman::AB09M014,-0.35976316125647656,NA,English (American),marchman,C_log
Marchman::AB11M035,1.0789030671261055,NA,English (American),marchman,C_log
Marchman::AC03F018,1.7088038923512223,NA,English (American),marchman,C_log
Marchman::AC05F088,0.708982221858129,NA,English (American),marchman,C_log
Marchman::AC05M098,1.4685926315846818,NA,English (American),marchman,C_log
Marchman::AC11M048,-1.4119105154907106,NA,English (American),marchman,C_log
Marchman::AC13M067,1.7113856751666467,NA,English (American),marchman,C_log
Marchman::AD02F018,4.043624780068471,NA,English (American),marchman,C_log
Marchman::AD04M059,0.4385564206408564,NA,English (American),marchman,C_log
Marchman::AD08F059,4.0472724009553875,NA,English (American),marchman,C_log
Marchman::AF12M075,1.4597229894711647,NA,English (American),marchman,C_log
Marchman::AH02F038,-1.925626831595168,NA,English (American),marchman,C_log
Marchman::AH03M018,0.006035355301820735,NA,English (American),marchman,C_log
Marchman::AH08M123,-1.1455803009486654,NA,English (American),marchman,C_log
Marchman::AJ12M055,1.0569831735150734,NA,English (American),marchman,C_log
Marchman::AK03M038,0.023837788824551225,NA,English (American),marchman,C_log
Marchman::AK11F045,0.8421219572519874,NA,English (American),marchman,C_log
Marchman::AK18F025,-1.572279678039321,NA,English (American),marchman,C_log
Marchman::AL02M097,2.052403048282005,NA,English (American),marchman,C_log
Marchman::AL03F059,0.2079701623316228,NA,English (American),marchman,C_log
Marchman::AL10F107,2.0280923758333467,NA,English (American),marchman,C_log
Marchman::AL16F104,-2.243394375243955,NA,English (American),marchman,C_log
Marchman::AM05M018,-0.1451761301478126,NA,English (American),marchman,C_log
Marchman::AP21F095,-1.2787925010495829,NA,English (American),marchman,C_log
Marchman::AR09F054,-0.9006053573892827,NA,English (American),marchman,C_log
Marchman::AS01F038,-2.890759869672837,NA,English (American),marchman,C_log
Marchman::AS02M057,0.6569074371180895,NA,English (American),marchman,C_log
Marchman::AS09F024,-0.14174791545079424,NA,English (American),marchman,C_log
Marchman::AS12F123,-0.7744666375852882,NA,English (American),marchman,C_log
Marchman::AS17F115,0.48211162590996565,NA,English (American),marchman,C_log
Marchman::AS20F095,2.9395320595901078,NA,English (American),marchman,C_log
Marchman::AS2F038A,0.39421798762162324,NA,English (American),marchman,C_log
Marchman::BA03M088,0.7030834708974515,NA,English (American),marchman,C_log
Marchman::BB03M107,-1.0016241728998776,NA,English (American),marchman,C_log
Marchman::BC13F074,-1.9666264709234664,NA,English (American),marchman,C_log
Marchman::BC18M103,-0.8694026852981633,NA,English (American),marchman,C_log
Marchman::BD03F057,2.7034490426693294,NA,English (American),marchman,C_log
Marchman::BG03M057,-1.4815643213051346,NA,English (American),marchman,C_log
Marchman::BG03M107,-3.0856250501184825,NA,English (American),marchman,C_log
Marchman::BG3M107A,-3.7880755624578146,NA,English (American),marchman,C_log
Marchman::BH04M088,0.2746625693789443,NA,English (American),marchman,C_log
Marchman::BH11F095,0.6137375191461804,NA,English (American),marchman,C_log
Marchman::BH15M123,-1.2716303632430506,NA,English (American),marchman,C_log
Marchman::BO00M038,0.40832923374129254,NA,English (American),marchman,C_log
Marchman::BR03F018,0.590718683098841,NA,English (American),marchman,C_log
Marchman::BR09M084,-1.1815722939020683,NA,English (American),marchman,C_log
Marchman::BS10M123,1.0839827995564697,NA,English (American),marchman,C_log
Marchman::BW03F088,0.6324512679006102,NA,English (American),marchman,C_log
Marchman::CA02F097,2.4431264475111236,NA,English (American),marchman,C_log
Marchman::CB03F038,0.9770254781601558,NA,English (American),marchman,C_log
Marchman::CB03M107,-1.6806131750775788,NA,English (American),marchman,C_log
Marchman::CB04M047,1.977547066368781,NA,English (American),marchman,C_log
Marchman::CB04M098,0.7991330131368465,NA,English (American),marchman,C_log
Marchman::CB04M117,1.364388557588224,NA,English (American),marchman,C_log
Marchman::CB19F054,-0.8339408241840113,NA,English (American),marchman,C_log
Marchman::CC02F059,3.0439576339205283,NA,English (American),marchman,C_log
Marchman::CC05M098,0.6808669071510417,NA,English (American),marchman,C_log
Marchman::CD04F107,0.4019952133389631,NA,English (American),marchman,C_log
Marchman::CD05F069,1.2790262606867373,NA,English (American),marchman,C_log
Marchman::CE02F107,0.8134807404237867,NA,English (American),marchman,C_log
Marchman::CG04F088,-0.6735431883222319,NA,English (American),marchman,C_log
Marchman::CG04M108,2.3682991292619997,NA,English (American),marchman,C_log
Marchman::CH02F038,-1.0927017100776815,NA,English (American),marchman,C_log
Marchman::CH03F018,2.0684465510596763,NA,English (American),marchman,C_log
Marchman::CH03F038,1.3146113457165594,NA,English (American),marchman,C_log
Marchman::CH04M048,0.9936405389463101,NA,English (American),marchman,C_log
Marchman::CJ02F038,-0.6927763663854272,NA,English (American),marchman,C_log
Marchman::CK03M059,-1.3070729211586738,NA,English (American),marchman,C_log
Marchman::CL03M018,0.8441681020884032,NA,English (American),marchman,C_log
Marchman::CM02M057,1.45763388110386,NA,English (American),marchman,C_log
Marchman::CM02M059,0.9503759299908203,NA,English (American),marchman,C_log
Marchman::CO04M098,1.5146061119712353,NA,English (American),marchman,C_log
Marchman::CP03M018,0.6908704746411064,NA,English (American),marchman,C_log
Marchman::CP13F067,1.8499412280262961,NA,English (American),marchman,C_log
Marchman::CR03M059,-1.6196805063748718,NA,English (American),marchman,C_log
Marchman::CR06F057,3.2425786340812683,NA,English (American),marchman,C_log
Marchman::CR12F087,0.9478664093368242,NA,English (American),marchman,C_log
Marchman::CS02M058,-1.598282952399265,NA,English (American),marchman,C_log
Marchman::CS02M097,-0.7757185673736078,NA,English (American),marchman,C_log
Marchman::CS04M077,0.004182813358781168,NA,English (American),marchman,C_log
Marchman::CS05M098,2.128915394872738,NA,English (American),marchman,C_log
Marchman::CS06F077,1.1353420862483183,NA,English (American),marchman,C_log
Marchman::CS2M107A,-0.48366210958640843,NA,English (American),marchman,C_log
Marchman::CT03F018,4.373352192802599,NA,English (American),marchman,C_log
Marchman::CW08M057,-2.232022724147412,NA,English (American),marchman,C_log
Marchman::CW14M067,1.3355978278745753,NA,English (American),marchman,C_log
Marchman::CW18M026,1.2604601522608714,NA,English (American),marchman,C_log
Marchman::DA12M084,-0.4634773676649828,NA,English (American),marchman,C_log
Marchman::DC16M114,2.912252331571563,NA,English (American),marchman,C_log
Marchman::DI02M038,0.6940674441249992,NA,English (American),marchman,C_log
Marchman::DM03M018,0.345227420992795,NA,English (American),marchman,C_log
Marchman::DM18M044,-2.927809694442857,NA,English (American),marchman,C_log
Marchman::DN05F088,-0.27659220972717224,NA,English (American),marchman,C_log
Marchman::DN12F067,0.39823659001854467,NA,English (American),marchman,C_log
Marchman::DO09M025,-0.2451316374667939,NA,English (American),marchman,C_log
Marchman::DS02M038,-0.45909683656202643,NA,English (American),marchman,C_log
Marchman::DW02M047,-0.1800460339329975,NA,English (American),marchman,C_log
Marchman::DW03M018,0.32677963968907575,NA,English (American),marchman,C_log
Marchman::EB03F107,0.8398174206924869,NA,English (American),marchman,C_log
Marchman::EB05F098,0.11014466960733003,NA,English (American),marchman,C_log
Marchman::EB12F113,-2.3450311418845624,NA,English (American),marchman,C_log
Marchman::EC05F098,2.2806904004150206,NA,English (American),marchman,C_log
Marchman::ED06M117,0.7125645975574322,NA,English (American),marchman,C_log
Marchman::EF08F014,1.4336327465638266,NA,English (American),marchman,C_log
Marchman::EK05F098,1.3775450897547856,NA,English (American),marchman,C_log
Marchman::EL05F098,2.6175494268483397,NA,English (American),marchman,C_log
Marchman::EM03F107,1.546270252691508,NA,English (American),marchman,C_log
Marchman::EM09M104,-0.5727156663626264,NA,English (American),marchman,C_log
Marchman::ER03F097,1.1165583617967278,NA,English (American),marchman,C_log
Marchman::ES08F014,-2.931969626684011,NA,English (American),marchman,C_log
Marchman::ES10F115,0.4122268643867544,NA,English (American),marchman,C_log
Marchman::EW15F125,-1.4199793460004235,NA,English (American),marchman,C_log
Marchman::FH17M064,0.32353174049573113,NA,English (American),marchman,C_log
Marchman::FT03M097,-0.17349013500737862,NA,English (American),marchman,C_log
Marchman::GA04M107,-0.1485991886134879,NA,English (American),marchman,C_log
Marchman::GB03F069,2.0254294817147227,NA,English (American),marchman,C_log
Marchman::GB04M107,1.187927396337561,NA,English (American),marchman,C_log
Marchman::GC03M038,3.297913525631271,NA,English (American),marchman,C_log
Marchman::GC18M118,-0.1593725265999916,NA,English (American),marchman,C_log
Marchman::GK09M044,0.5883010678947953,NA,English (American),marchman,C_log
Marchman::GW03F038,0.49771425050659557,NA,English (American),marchman,C_log
Marchman::GY03F038,2.6626882015194835,NA,English (American),marchman,C_log
Marchman::HA03F018,1.6594164586678715,NA,English (American),marchman,C_log
Marchman::HB03F018,1.659416458667873,NA,English (American),marchman,C_log
Marchman::HB06M098,0.871218835597787,NA,English (American),marchman,C_log
Marchman::HB12M045,-1.6994274307123725,NA,English (American),marchman,C_log
Marchman::HC03F038,-2.291817758347373,NA,English (American),marchman,C_log
Marchman::HH03F057,2.53430030869714,NA,English (American),marchman,C_log
Marchman::HJ02F038,1.4288100105751982,NA,English (American),marchman,C_log
Marchman::HM03F018,0.7363193590561733,NA,English (American),marchman,C_log
Marchman::HO03M038,-0.11763128169196939,NA,English (American),marchman,C_log
Marchman::HP02M059,1.3132361788102558,NA,English (American),marchman,C_log
Marchman::HU06F088,1.769125090527041,NA,English (American),marchman,C_log
Marchman::IB09M103,-0.29702814065646926,NA,English (American),marchman,C_log
Marchman::IC03F059,3.346390258140699,NA,English (American),marchman,C_log
Marchman::ID12F035,-1.9138276709607913,NA,English (American),marchman,C_log
Marchman::IE05F057,1.011704630475449,NA,English (American),marchman,C_log
Marchman::IM04M038,2.0026698436926407,NA,English (American),marchman,C_log
Marchman::IM18M075,-2.4769384017830216,NA,English (American),marchman,C_log
Marchman::IN12M026,-1.1896016123580382,NA,English (American),marchman,C_log
Marchman::IS05F057,1.215283610588019,NA,English (American),marchman,C_log
Marchman::IT02F018,0.8114127658318944,NA,English (American),marchman,C_log
Marchman::IT02F107,0.08391599287408236,NA,English (American),marchman,C_log
Marchman::IT03F047,1.6594164586678732,NA,English (American),marchman,C_log
Marchman::JA12M035,-0.6664372203423163,NA,English (American),marchman,C_log
Marchman::JA16F015,-0.9549228517606807,NA,English (American),marchman,C_log
Marchman::JB05M057,1.0672890305598353,NA,English (American),marchman,C_log
Marchman::JB09M113,-0.2992406503906833,NA,English (American),marchman,C_log
Marchman::JB11M105,-2.2447213083694817,NA,English (American),marchman,C_log
Marchman::JC02M057,1.2506340164517085,NA,English (American),marchman,C_log
Marchman::JC05M088,-3.6446490919278376,NA,English (American),marchman,C_log
Marchman::JC09M034,3.924094547994437,NA,English (American),marchman,C_log
Marchman::JC12M114,0.6978694730176789,NA,English (American),marchman,C_log
Marchman::JC15M084,-0.2607937961073392,NA,English (American),marchman,C_log
Marchman::JD03M059,1.5414345591219512,NA,English (American),marchman,C_log
Marchman::JD04M088,0.25142691943304263,NA,English (American),marchman,C_log
Marchman::JD05M047,3.3871933050273357,NA,English (American),marchman,C_log
Marchman::JF03M018,0.24329331921268502,NA,English (American),marchman,C_log
Marchman::JF06M088,1.9671389348578128,NA,English (American),marchman,C_log
Marchman::JF17F056,-1.9709340014465586,NA,English (American),marchman,C_log
Marchman::JG13M075,0.2715916943948413,NA,English (American),marchman,C_log
Marchman::JH03F067,1.3491599242475727,NA,English (American),marchman,C_log
Marchman::JH03M018,2.2471422560902483,NA,English (American),marchman,C_log
Marchman::JH03M097,4.185423208437336,NA,English (American),marchman,C_log
Marchman::JH04M107,1.5075753590079937,NA,English (American),marchman,C_log
Marchman::JH12F115,2.081867507559622,NA,English (American),marchman,C_log
Marchman::JH12F125,2.144828383449436,NA,English (American),marchman,C_log
Marchman::JJ12M055,-1.3902274797664598,NA,English (American),marchman,C_log
Marchman::JK02F107,0.41576319119245336,NA,English (American),marchman,C_log
Marchman::JM04M107,-0.7187375938747752,NA,English (American),marchman,C_log
Marchman::JN02F097,1.4001498642315728,NA,English (American),marchman,C_log
Marchman::JO18F086,-1.1104712746511254,NA,English (American),marchman,C_log
Marchman::JP02M059,1.9731996872674504,NA,English (American),marchman,C_log
Marchman::JP03F057,0.6024192472688884,NA,English (American),marchman,C_log
Marchman::JP04F098,1.8746244813811443,NA,English (American),marchman,C_log
Marchman::JR03M098,1.7034550928124317,NA,English (American),marchman,C_log
Marchman::JS06M047,0.32472346244683864,NA,English (American),marchman,C_log
Marchman::JW00M038,2.6949831986073924,NA,English (American),marchman,C_log
Marchman::JW02M107,1.2188891654415015,NA,English (American),marchman,C_log
Marchman::JW03M038,-1.6523069511804207,NA,English (American),marchman,C_log
Marchman::KA03M097,1.014087353630482,NA,English (American),marchman,C_log
Marchman::KB03M088,-0.07607036361692976,NA,English (American),marchman,C_log
Marchman::KC02F038,0.49613791334142127,NA,English (American),marchman,C_log
Marchman::KH05F098,1.3962328188956457,NA,English (American),marchman,C_log
Marchman::KH09M014,2.943895411889669,NA,English (American),marchman,C_log
Marchman::KK09M103,-0.739015037107456,NA,English (American),marchman,C_log
Marchman::KK12F044,0.9847300579661569,NA,English (American),marchman,C_log
Marchman::KM09F074,0.16001615256429663,NA,English (American),marchman,C_log
Marchman::KM12M015,-2.582905515116209,NA,English (American),marchman,C_log
Marchman::KM14F067,-0.659115635586557,NA,English (American),marchman,C_log
Marchman::KM15F115,0.2183540078356828,NA,English (American),marchman,C_log
Marchman::KN05F088,-2.814232540255975,NA,English (American),marchman,C_log
Marchman::KO05M098,1.863017436217913,NA,English (American),marchman,C_log
Marchman::KR09F064,-0.026075366161185387,NA,English (American),marchman,C_log
Marchman::KS02F117,0.5427668433502583,NA,English (American),marchman,C_log
Marchman::KS03M018,2.414757331615091,NA,English (American),marchman,C_log
Marchman::KS09M024,-1.8896077504032935,NA,English (American),marchman,C_log
Marchman::KS11F113,1.6419966125821848,NA,English (American),marchman,C_log
Marchman::KS21M024,-4.0111785563548334,NA,English (American),marchman,C_log
Marchman::KT03F059,2.473036538359617,NA,English (American),marchman,C_log
Marchman::KT04F059,2.328466088165197,NA,English (American),marchman,C_log
Marchman::KW04F107,2.3926671838323985,NA,English (American),marchman,C_log
Marchman::LB3F018A,-0.013489722648570302,NA,English (American),marchman,C_log
Marchman::LC05F047,2.4627686217284013,NA,English (American),marchman,C_log
Marchman::LL02F047,1.0758127810520066,NA,English (American),marchman,C_log
Marchman::LP16M113,-0.6162934684648105,NA,English (American),marchman,C_log
Marchman::LR11F114,-3.6545296249737316,NA,English (American),marchman,C_log
Marchman::LS12F103,0.84034112414028606,NA,English (American),marchman,C_log
Marchman::LW05M069,0.10145075048595507,NA,English (American),marchman,C_log
Marchman::MA03F059,0.3521927783174438,NA,English (American),marchman,C_log
Marchman::MA06M067,1.9636341074107346,NA,English (American),marchman,C_log
Marchman::MA08F024,0.1826797194294145,NA,English (American),marchman,C_log
Marchman::MB02M018,2.325958774213336,NA,English (American),marchman,C_log
Marchman::MB03M018,0.9795464971704028,NA,English (American),marchman,C_log
Marchman::MB03M057,-0.3545552161648575,NA,English (American),marchman,C_log
Marchman::MB09M084,-1.8873398258959029,NA,English (American),marchman,C_log
Marchman::MB15M117,-2.6477749445466805,NA,English (American),marchman,C_log
Marchman::MB19M064,-1.5038705601350106,NA,English (American),marchman,C_log
Marchman::MC15F104,-2.2916534829165647,NA,English (American),marchman,C_log
Marchman::ME03F038,0.41739178388573434,NA,English (American),marchman,C_log
Marchman::ME12M056,0.9619769409076097,NA,English (American),marchman,C_log
Marchman::MF03F018,1.0523713065907836,NA,English (American),marchman,C_log
Marchman::MF15F086,-1.1742694092488388,NA,English (American),marchman,C_log
Marchman::MF15M103,-0.29124388172487253,NA,English (American),marchman,C_log
Marchman::MH09M024,0.8576399747255917,NA,English (American),marchman,C_log
Marchman::MK22F095,-0.8660614080999322,NA,English (American),marchman,C_log
Marchman::MM01F038,-0.30317864966535363,NA,English (American),marchman,C_log
Marchman::MM02F059,1.0504824618290278,NA,English (American),marchman,C_log
Marchman::MM03F107,2.7598925808073425,NA,English (American),marchman,C_log
Marchman::MM04F088,2.884903740051763,NA,English (American),marchman,C_log
Marchman::MM04F107,0.10723972451848822,NA,English (American),marchman,C_log
Marchman::MO03M098,1.2948923423942813,NA,English (American),marchman,C_log
Marchman::MP03F107,1.1110199624970185,NA,English (American),marchman,C_log
Marchman::MP12F044,3.881468953664789,NA,English (American),marchman,C_log
Marchman::MR03F057,2.4663633691822677,NA,English (American),marchman,C_log
Marchman::MR03F107,0.31474046529851507,NA,English (American),marchman,C_log
Marchman::MS02M57A,0.43197593696454634,NA,English (American),marchman,C_log
Marchman::MS03M057,-1.7420317072664886,NA,English (American),marchman,C_log
Marchman::MS09F014,1.113903621333021,NA,English (American),marchman,C_log
Marchman::MV03M018,1.3737296099767362,NA,English (American),marchman,C_log
Marchman::MW05F047,0.8633475217028853,NA,English (American),marchman,C_log
Marchman::NB03M038,0.8543135072312846,NA,English (American),marchman,C_log
Marchman::NB12F024,-3.518362156127635,NA,English (American),marchman,C_log
Marchman::NC05M098,3.5178217156740064,NA,English (American),marchman,C_log
Marchman::NC18M084,0.25142691943304085,NA,English (American),marchman,C_log
Marchman::NF02M018,0.46931094696270376,NA,English (American),marchman,C_log
Marchman::NG06M057,1.571260300456139,NA,English (American),marchman,C_log
Marchman::NG06M57A,0.528149886482651,NA,English (American),marchman,C_log
Marchman::NG18M086,1.368740482409165,NA,English (American),marchman,C_log
Marchman::NJ01M059,-1.1954873092562317,NA,English (American),marchman,C_log
Marchman::NL01F038,-2.5483055683635913,NA,English (American),marchman,C_log
Marchman::NL03M018,-1.1039751146972663,NA,English (American),marchman,C_log
Marchman::NL11M095,2.138971644152644,NA,English (American),marchman,C_log
Marchman::NM15F015,2.122208552203289,NA,English (American),marchman,C_log
Marchman::NP05M069,-0.49356833151339397,NA,English (American),marchman,C_log
Marchman::NR11M036,-1.3078904998962637,NA,English (American),marchman,C_log
Marchman::NS01M038,0.7905276230216658,NA,English (American),marchman,C_log
Marchman::NS12F045,1.0523567514314602,NA,English (American),marchman,C_log
Marchman::NS18F105,-0.6723799482106882,NA,English (American),marchman,C_log
Marchman::NV09M014,0.14394231347697906,NA,English (American),marchman,C_log
Marchman::NY02F018,1.5415607339425128,NA,English (American),marchman,C_log
Marchman::OS06M098,1.618308867321327,NA,English (American),marchman,C_log
Marchman::PA18M098,-0.35302435211145844,NA,English (American),marchman,C_log
Marchman::PB06M098,-0.9332220090511708,NA,English (American),marchman,C_log
Marchman::PB13M065,0.9422797854060738,NA,English (American),marchman,C_log
Marchman::PC05M098,1.05942667085714,NA,English (American),marchman,C_log
Marchman::PC08M038,0.49133241272191014,NA,English (American),marchman,C_log
Marchman::PC09M094,-0.8513372452868897,NA,English (American),marchman,C_log
Marchman::PM03M059,-0.9409766158372533,NA,English (American),marchman,C_log
Marchman::PS03M059,0.915845571737745,NA,English (American),marchman,C_log
Marchman::PS18M115,0.08912404759471101,NA,English (American),marchman,C_log
Marchman::PW02M057,3.163651194381171,NA,English (American),marchman,C_log
Marchman::PY12M036,0.20095578926199495,NA,English (American),marchman,C_log
Marchman::RB04F057,1.9636341074107346,NA,English (American),marchman,C_log
Marchman::RC09F014,-0.48094200991487135,NA,English (American),marchman,C_log
Marchman::RC11F067,1.418405351489675,NA,English (American),marchman,C_log
Marchman::RE02F057,0.6300641065458974,NA,English (American),marchman,C_log
Marchman::RG14M067,-0.9918110280668205,NA,English (American),marchman,C_log
Marchman::RM12F105,4.277895063049212,NA,English (American),marchman,C_log
Marchman::RP19M105,0.3761476854630613,NA,English (American),marchman,C_log
Marchman::RR05M057,-0.3484499503777578,NA,English (American),marchman,C_log
Marchman::RS03F057,0.9746789774841755,NA,English (American),marchman,C_log
Marchman::RS14M123,-0.6444235026842029,NA,English (American),marchman,C_log
Marchman::RW02F018,1.4576338811038592,NA,English (American),marchman,C_log
Marchman::RW03F107,-1.1318767578275115,NA,English (American),marchman,C_log
Marchman::SA04F069,2.1763482180646987,NA,English (American),marchman,C_log
Marchman::SB05M069,-0.22331958268135269,NA,English (American),marchman,C_log
Marchman::SB09M103,2.4909289497647946,NA,English (American),marchman,C_log
Marchman::SC05F098,2.204193978953428,NA,English (American),marchman,C_log
Marchman::SE03F018,-2.8837535325096053,NA,English (American),marchman,C_log
Marchman::SF12F015,0.24445518268899602,NA,English (American),marchman,C_log
Marchman::SG02F059,0.5797594146848217,NA,English (American),marchman,C_log
Marchman::SH09M034,-1.192013493282568,NA,English (American),marchman,C_log
Marchman::SJ02F018,1.4031099339968707,NA,English (American),marchman,C_log
Marchman::SJ04M107,0.6445688957326061,NA,English (American),marchman,C_log
Marchman::SJ12M123,-1.940376596189253,NA,English (American),marchman,C_log
Marchman::SK02F107,0.03497403182986272,NA,English (American),marchman,C_log
Marchman::SK03F018,-0.41869120199048293,NA,English (American),marchman,C_log
Marchman::SK04F098,-5.182514803054193,NA,English (American),marchman,C_log
Marchman::SL05F057,1.7539692278708954,NA,English (American),marchman,C_log
Marchman::SL09F104,0.377446742200969,NA,English (American),marchman,C_log
Marchman::SM03F107,1.7088038923512223,NA,English (American),marchman,C_log
Marchman::SM4F098A,2.0996918385017613,NA,English (American),marchman,C_log
Marchman::SO04F097,1.005865888228554,NA,English (American),marchman,C_log
Marchman::SP15F077,0.38007034752292607,NA,English (American),marchman,C_log
Marchman::SR02F059,1.5487053513376814,NA,English (American),marchman,C_log
Marchman::SS02F018,0.24123118572396282,NA,English (American),marchman,C_log
Marchman::SS09M123,-2.1445661205366555,NA,English (American),marchman,C_log
Marchman::SS12M064,-1.7345630024531153,NA,English (American),marchman,C_log
Marchman::ST02F059,0.5884005521963448,NA,English (American),marchman,C_log
Marchman::SW03F018,0.32339878482115747,NA,English (American),marchman,C_log
Marchman::SW03F069,-0.3295693871785243,NA,English (American),marchman,C_log
Marchman::SW03M028,-4.215270495706979,NA,English (American),marchman,C_log
Marchman::SW06F108,2.010768723158635,NA,English (American),marchman,C_log
Marchman::SW15F125,-0.47735520274100574,NA,English (American),marchman,C_log
Marchman::TA12M103,-1.8105117387772636,NA,English (American),marchman,C_log
Marchman::TC02M047,0.16246219767920733,NA,English (American),marchman,C_log
Marchman::TC09F014,-0.01490747620435368,NA,English (American),marchman,C_log
Marchman::TE04M038,-0.6163960320925238,NA,English (American),marchman,C_log
Marchman::TG18M035,-0.1311780789203267,NA,English (American),marchman,C_log
Marchman::TH03M057,0.3101071660585344,NA,English (American),marchman,C_log
Marchman::TM03F018,3.1486546333362693,NA,English (American),marchman,C_log
Marchman::TM03F047,2.898270679293034,NA,English (American),marchman,C_log
Marchman::TM09M034,2.79667669068848,NA,English (American),marchman,C_log
Marchman::TP03M107,2.1252786617407025,NA,English (American),marchman,C_log
Marchman::TS02F018,1.1765149862991988,NA,English (American),marchman,C_log
Marchman::TS05M057,-0.21101204175460142,NA,English (American),marchman,C_log
Marchman::TT03M069,1.4290441069834914,NA,English (American),marchman,C_log
Marchman::TT04M088,0.350825693452664,NA,English (American),marchman,C_log
Marchman::TT06M098,-0.7095758859939194,NA,English (American),marchman,C_log
Marchman::VB06F108,2.9947532400664763,NA,English (American),marchman,C_log
Marchman::VJ02M057,1.2107109682377464,NA,English (American),marchman,C_log
Marchman::VL03F018,0.7814366441128888,NA,English (American),marchman,C_log
Marchman::VS04F098,-1.4237230227326751,NA,English (American),marchman,C_log
Marchman::WL05M057,1.0187569386688637,NA,English (American),marchman,C_log
Marchman::WW02F038,-0.6307685470438232,NA,English (American),marchman,C_log
Marchman::WW03M069,-3.0793123031763217,NA,English (American),marchman,C_log
Marchman::WW04F067,0.511331544802859,NA,English (American),marchman,C_log
Marchman::YM13F026,-1.8742145250107065,NA,English (American),marchman,C_log
Marchman::ZB09M113,-0.2511103636747022,NA,English (American),marchman,C_log
Marchman::ZB11F035,-0.3593247342233455,NA,English (American),marchman,C_log
Marchman::ZC06F098,-2.4289364025001388,NA,English (American),marchman,C_log
Marchman::ZE06M039,-1.1735796436242285,NA,English (American),marchman,C_log
Marchman::ZM02F059,2.8494894945441667,NA,English (American),marchman,C_log
Marchman::ZM03M038,0.37212321061413955,NA,English (American),marchman,C_log
Marchman::ZO02M047,1.877709744220481,NA,English (American),marchman,C_log
Marchman::ZT02M107,-0.1034959146613796,NA,English (American),marchman,C_log
Marchman::ZW02M057,0.44123436099466284,NA,English (American),marchman,C_log
