child_id,intercept_blup,slope_blup,language,lang_slug,model
Marchman::1,0.9075362968174334,-2.922756891164436,English (American),marchman,D_log
Marchman::10,-1.8746792130138852,-7.0450813331997875,English (American),marchman,D_log
Marchman::100,-3.7220293989555864,-9.217257165261774,English (American),marchman,D_log
Marchman::1000,2.7681251286793036,-7.976619049641975,English (American),marchman,D_log
Marchman::1001,-0.5906135758207631,6.4493502191646765,English (American),marchman,D_log
Marchman::1002,-0.6426627537230529,2.1216936592219486,English (American),marchman,D_log
Marchman::1003,0.13952283768326335,1.1227105474830406,English (American),marchman,D_log
Marchman::1004,1.6051909620235874,1.4082263277067497,English (American),marchman,D_log
Marchman::1005,1.351644471067075,-5.0001812757858914,English (American),marchman,D_log
Marchman::1006,0.09837440082490498,-8.633132378580502,English (American),marchman,D_log
Marchman::1007,1.3870906009136375,-2.0646809693935015,English (American),marchman,D_log
Marchman::1008,2.1101756742930537,1.4418393434563037,English (American),marchman,D_log
Marchman::1009,5.965872752849442,13.641686968521775,English (American),marchman,D_log
Marchman::101,-0.3306641012354031,-0.9111486050622031,English (American),marchman,D_log
Marchman::1010,-1.2660078798899566,-6.065107655148671,English (American),marchman,D_log
Marchman::1011,-0.6622553210542972,0.42713410574913646,English (American),marchman,D_log
Marchman::1012,2.15284887405286,-2.4296285542689775,English (American),marchman,D_log
Marchman::1013,-1.77620605974171,3.324543100004678,English (American),marchman,D_log
Marchman::1014,0.2691826065800833,6.93958100654234,English (American),marchman,D_log
Marchman::1015,-2.196881798294872,-1.0095000420063671,English (American),marchman,D_log
Marchman::1016,1.6249749512828666,-0.7732501276518788,English (American),marchman,D_log
Marchman::1017,-1.7417800955543332,-3.140716932837976,English (American),marchman,D_log
Marchman::1018,0.5527135987930544,4.805145029560166,English (American),marchman,D_log
Marchman::1019,0.2703961277036617,-2.407107297862406,English (American),marchman,D_log
Marchman::102,0.4398824090053285,1.5085678676537353,English (American),marchman,D_log
Marchman::1020,1.8175329201255526,1.322972796868868,English (American),marchman,D_log
Marchman::1021,-1.118090682750533,-3.366512250160945,English (American),marchman,D_log
Marchman::1022,1.261967639875436,7.359295005077975,English (American),marchman,D_log
Marchman::1023,0.8260663633614086,-8.713165867988948,English (American),marchman,D_log
Marchman::1024,2.1011390510498105,-10.345422252754354,English (American),marchman,D_log
Marchman::1025,0.8734755902587453,-5.524144038778589,English (American),marchman,D_log
Marchman::1026,-3.8348736260841196,3.0183163418220245,English (American),marchman,D_log
Marchman::1027,2.8859647068952925,-13.727037093106837,English (American),marchman,D_log
Marchman::1028,1.1700033090265196,-3.514355090699392,English (American),marchman,D_log
Marchman::1029,-1.825855654584741,-6.871388964821665,English (American),marchman,D_log
Marchman::103,0.4656905267079047,2.7940079608812827,English (American),marchman,D_log
Marchman::1030,-3.4513820811908844,4.9834752788995305,English (American),marchman,D_log
Marchman::1031,0.2790054848298952,-3.133300906524917,English (American),marchman,D_log
Marchman::1032,-0.6061237136238762,-1.0687657449092922,English (American),marchman,D_log
Marchman::1033,-0.30484431567183395,-0.8983119964332935,English (American),marchman,D_log
Marchman::1034,-0.4485185707118098,-8.362018235853878,English (American),marchman,D_log
Marchman::1035,1.5241101594524487,-4.904433896170518,English (American),marchman,D_log
Marchman::1037,-0.44099691935730567,-7.34213995706166,English (American),marchman,D_log
Marchman::1038,-0.17242813290574033,-5.272193942106171,English (American),marchman,D_log
Marchman::1039,-0.7662215697334087,1.9802661786352749,English (American),marchman,D_log
Marchman::104,1.8753718213702675,7.666957223459514,English (American),marchman,D_log
Marchman::1040,1.0041431637099607,-4.014990880063082,English (American),marchman,D_log
Marchman::1041,1.2770756125209248,-5.63420294068877,English (American),marchman,D_log
Marchman::1042,1.7145056622182682,1.267482928424403,English (American),marchman,D_log
Marchman::1043,1.3852831101945315,6.359495692140537,English (American),marchman,D_log
Marchman::1044,-0.36087925124773285,-8.647027837047217,English (American),marchman,D_log
Marchman::1045,-1.7268836940929149,6.056523237909854,English (American),marchman,D_log
Marchman::1046,2.6214791777841575,-1.3246038840611898,English (American),marchman,D_log
Marchman::1047,-1.7286194045226213,-1.0928303705281823,English (American),marchman,D_log
Marchman::1048,1.5172555918574606,-8.993513656578564,English (American),marchman,D_log
Marchman::1049,-0.44405123021415405,0.029858788374287903,English (American),marchman,D_log
Marchman::105,-1.1993638329876344,-4.63671925952166,English (American),marchman,D_log
Marchman::1050,2.3968321643622765,-9.642275829093029,English (American),marchman,D_log
Marchman::1052,1.5115272592775673,-7.0801699254012895,English (American),marchman,D_log
Marchman::1053,0.24320978705507898,-5.270591118417599,English (American),marchman,D_log
Marchman::1054,0.9451425588494127,-5.327666637922185,English (American),marchman,D_log
Marchman::1055,0.8881849096295671,-2.396002620218823,English (American),marchman,D_log
Marchman::1056,2.7009800907978185,4.668805015598532,English (American),marchman,D_log
Marchman::1057,0.7542568007338565,7.661959263760526,English (American),marchman,D_log
Marchman::1058,-1.78510801982914,-6.849873616518619,English (American),marchman,D_log
Marchman::1059,-0.9789570832515307,-10.69948770073455,English (American),marchman,D_log
Marchman::1060,-3.333620134273328,-11.833497427257715,English (American),marchman,D_log
Marchman::1061,0.3134005442507288,-3.729071233876592,English (American),marchman,D_log
Marchman::1062,1.2563440185324057,-2.837948837554789,English (American),marchman,D_log
Marchman::1063,-0.15652613684604025,-1.4656846569102737,English (American),marchman,D_log
Marchman::1064,-0.06738135400795042,-1.435372768038846,English (American),marchman,D_log
Marchman::1065,2.3249094258697127,14.589730791217825,English (American),marchman,D_log
Marchman::1066,0.7165755757574201,-2.6115513751137573,English (American),marchman,D_log
Marchman::1067,-0.2366737433874662,0.2425578195997971,English (American),marchman,D_log
Marchman::1068,-0.822990896328446,3.2667119886885567,English (American),marchman,D_log
Marchman::1069,4.515911449796757,6.699275161716827,English (American),marchman,D_log
Marchman::107,-1.751414653780113,-3.4656598154084186,English (American),marchman,D_log
Marchman::1070,-0.09193672314958969,1.4514878716630613,English (American),marchman,D_log
Marchman::1072,-1.2667537924806829,-4.027930441756346,English (American),marchman,D_log
Marchman::1073,-0.6054382931153384,-1.5556808494134458,English (American),marchman,D_log
Marchman::1074,-0.955063683584608,0.017492352237244546,English (American),marchman,D_log
Marchman::1075,-1.8466363580356375,0.32327139769769353,English (American),marchman,D_log
Marchman::1076,1.2843900096854592,3.212959297204225,English (American),marchman,D_log
Marchman::1077,0.4525242267582132,3.736175771200105,English (American),marchman,D_log
Marchman::1078,0.4933162534160241,-3.5743897626897136,English (American),marchman,D_log
Marchman::1079,3.5135660041010315,10.06518772543734,English (American),marchman,D_log
Marchman::108,6.90691165564083,44.24990650678026,English (American),marchman,D_log
Marchman::1080,-0.7976757469207296,-2.4956050537886263,English (American),marchman,D_log
Marchman::1081,0.3707615081371054,3.631959693962427,English (American),marchman,D_log
Marchman::1082,-0.7815309717275036,8.398387269734904,English (American),marchman,D_log
Marchman::1083,2.315546788034154,-0.7552320397955459,English (American),marchman,D_log
Marchman::1084,1.0874906933701778,3.767612871157742,English (American),marchman,D_log
Marchman::1085,1.2810323359889908,-0.7663356009787106,English (American),marchman,D_log
Marchman::1086,0.8864282784961768,-5.474608982696176,English (American),marchman,D_log
Marchman::1087,-2.589782531201559,-0.7258884456320849,English (American),marchman,D_log
Marchman::1088,-0.5275576153197732,1.1480553811905687,English (American),marchman,D_log
Marchman::1089,0.6084810796851842,-4.730110869091832,English (American),marchman,D_log
Marchman::109,6.100539040940058,35.33883786647965,English (American),marchman,D_log
Marchman::1090,-0.8197242769609571,9.641403069519361,English (American),marchman,D_log
Marchman::1091,1.242025606295948,0.4871334776737255,English (American),marchman,D_log
Marchman::1092,-1.6103790411621817,-2.2711440343861296,English (American),marchman,D_log
Marchman::1093,-0.9902581100733664,-1.386872230150493,English (American),marchman,D_log
Marchman::1094,0.3773703747481536,4.364660077253898,English (American),marchman,D_log
Marchman::1095,2.018056518665998,1.8400102066846171,English (American),marchman,D_log
Marchman::1096,0.059022855157269447,1.61851255253822,English (American),marchman,D_log
Marchman::1097,0.6441729601209313,3.165857616572527,English (American),marchman,D_log
Marchman::1098,0.5988801015015863,0.8998801545449546,English (American),marchman,D_log
Marchman::1099,-2.048223251509905,-1.5024387940672561,English (American),marchman,D_log
Marchman::11,-0.22985659956718352,7.09790509591741,English (American),marchman,D_log
Marchman::110,2.4064847003349112,6.4751531322409495,English (American),marchman,D_log
Marchman::1100,-1.3994797539289752,-4.021617542803226,English (American),marchman,D_log
Marchman::1101,-1.2715976739453139,-4.080690178522037,English (American),marchman,D_log
Marchman::1102,-1.051972335501581,1.3269357472704444,English (American),marchman,D_log
Marchman::1103,0.6863752722127273,8.794470298243708,English (American),marchman,D_log
Marchman::1104,2.1158346300086674,-2.384275538318079,English (American),marchman,D_log
Marchman::1105,1.9462574198654579,-0.3941051572668801,English (American),marchman,D_log
Marchman::1106,-0.3199200649421342,-1.690840983433647,English (American),marchman,D_log
Marchman::1107,-2.461352979513635,-3.9992852636668434,English (American),marchman,D_log
Marchman::1108,1.143265091040624,3.1329144894317924,English (American),marchman,D_log
Marchman::1109,1.7466638135327344,5.379935118190989,English (American),marchman,D_log
Marchman::111,2.3021150931211554,13.337039179785036,English (American),marchman,D_log
Marchman::1110,-0.8176247519139973,-5.175915267220757,English (American),marchman,D_log
Marchman::1111,-0.5388836147893133,0.980010249972519,English (American),marchman,D_log
Marchman::1112,0.40525960817203893,1.719247175005546,English (American),marchman,D_log
Marchman::1113,-0.5224006901132261,-0.7502292622214558,English (American),marchman,D_log
Marchman::1114,-1.815990838207486,-1.7222072159624844,English (American),marchman,D_log
Marchman::1115,0.28686021899042796,1.9859337432300523,English (American),marchman,D_log
Marchman::1116,1.8944440962841542,6.578853519431325,English (American),marchman,D_log
Marchman::1117,0.7816351721016496,1.3863701840635998,English (American),marchman,D_log
Marchman::1118,-2.8700694509774105,-1.952440084378044,English (American),marchman,D_log
Marchman::1119,1.1086736697029553,-0.05498744463224803,English (American),marchman,D_log
Marchman::112,0.21441093693078359,-8.102504677012332,English (American),marchman,D_log
Marchman::1120,-0.8898530333552063,-0.4079647490586563,English (American),marchman,D_log
Marchman::1121,0.4483776131618416,-2.416196815183074,English (American),marchman,D_log
Marchman::1122,0.03532077520512559,0.875817006893767,English (American),marchman,D_log
Marchman::1123,0.7534616097598914,2.8359365267144474,English (American),marchman,D_log
Marchman::1124,-0.3694018019275329,4.317313212451635,English (American),marchman,D_log
Marchman::1125,1.0636169730306033,4.655483329899995,English (American),marchman,D_log
Marchman::1126,-0.6995982800280841,-4.254199942831118,English (American),marchman,D_log
Marchman::1127,-0.5477670324446353,0.469923292378564,English (American),marchman,D_log
Marchman::1128,-1.8433322819139035,-6.9140946806956025,English (American),marchman,D_log
Marchman::1129,-1.477496288804546,-4.938301228330415,English (American),marchman,D_log
Marchman::113,0.23528885458960577,-3.2120222993932215,English (American),marchman,D_log
Marchman::1130,0.6750570687550963,-2.5641103544217536,English (American),marchman,D_log
Marchman::1131,0.4144906153476191,2.02600722205089,English (American),marchman,D_log
Marchman::1132,-1.0656547677056247,-0.49497968854140784,English (American),marchman,D_log
Marchman::1133,0.42012350386220326,-0.6821004581635691,English (American),marchman,D_log
Marchman::1134,1.5034709031969253,5.71124748046762,English (American),marchman,D_log
Marchman::1135,0.8373190985965098,-2.686076551407089,English (American),marchman,D_log
Marchman::1137,2.62041492823154,1.8188612465472844,English (American),marchman,D_log
Marchman::1138,1.1881769946955636,6.7824350702108696,English (American),marchman,D_log
Marchman::1139,0.5758276162375283,3.5781057258365765,English (American),marchman,D_log
Marchman::114,1.262568168045863,2.0615748353258034,English (American),marchman,D_log
Marchman::1140,-0.5898872447789615,-3.232520635013939,English (American),marchman,D_log
Marchman::1141,-2.1466482556269044,-8.630911452191098,English (American),marchman,D_log
Marchman::1142,0.33247196924129574,1.098196220839202,English (American),marchman,D_log
Marchman::1143,0.5827266677676098,1.0926094450436115,English (American),marchman,D_log
Marchman::1144,2.6565898355578126,2.4350132914199762,English (American),marchman,D_log
Marchman::1145,1.06799075099308,-1.0065974128573265,English (American),marchman,D_log
Marchman::1146,-1.5002084075640763,-1.3426176089180175,English (American),marchman,D_log
Marchman::1147,-0.7304510311052137,-2.2883815923038355,English (American),marchman,D_log
Marchman::1148,0.6527488641041916,3.3010637349636385,English (American),marchman,D_log
Marchman::1149,2.047479043511297,7.06859648204784,English (American),marchman,D_log
Marchman::115,-0.6569993384872789,-3.0138428244399886,English (American),marchman,D_log
Marchman::1150,-0.05188698051629029,2.2952796603948946,English (American),marchman,D_log
Marchman::1151,1.9495915640444559,1.3971724228803455,English (American),marchman,D_log
Marchman::1152,1.5592932551222936,5.191782728952967,English (American),marchman,D_log
Marchman::1153,0.3121480241229903,-4.464662804681227,English (American),marchman,D_log
Marchman::1154,0.6675928535312001,-3.925995196295379,English (American),marchman,D_log
Marchman::1155,-2.8490556375179983,-2.0858368479510387,English (American),marchman,D_log
Marchman::1156,0.7448464108616808,-2.560871760674659,English (American),marchman,D_log
Marchman::1157,-0.7231674887692847,0.8128279984851488,English (American),marchman,D_log
Marchman::1158,0.867047646797887,8.849795228757108,English (American),marchman,D_log
Marchman::1159,1.0521329623412556,-2.5768997538558915,English (American),marchman,D_log
Marchman::116,-0.8584894090369138,2.569097551246708,English (American),marchman,D_log
Marchman::1160,0.025323597705992972,2.619490099523381,English (American),marchman,D_log
Marchman::1161,4.08312182021017,0.655500637718915,English (American),marchman,D_log
Marchman::1162,0.3368361427434787,5.046795187227605,English (American),marchman,D_log
Marchman::1163,-0.792692958030569,-5.414260239172277,English (American),marchman,D_log
Marchman::1164,-0.2396677055723514,-1.6558419026855027,English (American),marchman,D_log
Marchman::1165,2.507701663452841,3.369223565739071,English (American),marchman,D_log
Marchman::1166,-2.020965307553437,-5.410649597849352,English (American),marchman,D_log
Marchman::1167,2.8284879485008503,9.162985476947664,English (American),marchman,D_log
Marchman::1168,-1.3130994017960493,-5.7690794264437955,English (American),marchman,D_log
Marchman::1169,1.8790851958500256,-1.3316657118058042,English (American),marchman,D_log
Marchman::117,0.8018532366239506,0.7302563336676292,English (American),marchman,D_log
Marchman::1170,-0.17480630336883926,11.008609198195124,English (American),marchman,D_log
Marchman::1171,1.6970390655182763,5.238570677003523,English (American),marchman,D_log
Marchman::1172,0.33850087967949155,2.3593528497551155,English (American),marchman,D_log
Marchman::1173,-0.5663543377326247,-4.733195060784318,English (American),marchman,D_log
Marchman::1174,-2.201429342870561,-0.30963103550054427,English (American),marchman,D_log
Marchman::1175,-0.3660121715217438,2.7326750585155843,English (American),marchman,D_log
Marchman::1176,-2.948462408987723,-0.7428642162074217,English (American),marchman,D_log
Marchman::1177,1.8593099634540058,7.5892388193463995,English (American),marchman,D_log
Marchman::1178,2.186320548009547,8.413178881441722,English (American),marchman,D_log
Marchman::1179,-1.1513252589905691,5.875121888140331,English (American),marchman,D_log
Marchman::118,-0.10992553684171961,-3.1119093616819513,English (American),marchman,D_log
Marchman::1180,0.8399128846079953,8.520344953158158,English (American),marchman,D_log
Marchman::1181,-2.2900636410738016,-1.4974842636114702,English (American),marchman,D_log
Marchman::1182,1.9168576733647917,7.664828714172149,English (American),marchman,D_log
Marchman::1183,-0.7494527165913625,2.3436802507820023,English (American),marchman,D_log
Marchman::1184,-0.7415259917079088,-5.349058750836543,English (American),marchman,D_log
Marchman::1185,0.8560656262978573,1.3968829357301404,English (American),marchman,D_log
Marchman::1186,0.9788688686601708,4.446098573379553,English (American),marchman,D_log
Marchman::1187,0.7229254387794043,7.6070103106639255,English (American),marchman,D_log
Marchman::1188,-2.1066232423786155e-4,0.7831244708341097,English (American),marchman,D_log
Marchman::1189,1.2200747076161984,-0.5732021594611265,English (American),marchman,D_log
Marchman::119,2.8576423495302694,2.7475779320231015,English (American),marchman,D_log
Marchman::1190,2.925101299821089,3.3392032378329923,English (American),marchman,D_log
Marchman::1191,0.35466936649024117,-6.538278347044931,English (American),marchman,D_log
Marchman::1192,-0.4854292539442809,1.4377512651582025,English (American),marchman,D_log
Marchman::1193,-0.34602849153637133,4.253945348724897,English (American),marchman,D_log
Marchman::1194,-2.227825831752676,0.06703285252456936,English (American),marchman,D_log
Marchman::1195,9.029604495667117,37.958446238511286,English (American),marchman,D_log
Marchman::1196,2.4986656053167664,0.4975418437634129,English (American),marchman,D_log
Marchman::1197,0.6400628761036697,5.865799041905085,English (American),marchman,D_log
Marchman::1198,0.6392381637017152,-0.5701136958284158,English (American),marchman,D_log
Marchman::1199,-1.0785680394986235,-1.7118460148155776,English (American),marchman,D_log
Marchman::12,0.08237095952357196,-4.331172682189557,English (American),marchman,D_log
Marchman::120,-4.527871493369814,-11.664903354813411,English (American),marchman,D_log
Marchman::1200,0.7362375571919872,-4.369330315643855,English (American),marchman,D_log
Marchman::1201,2.012787082667931,4.622891662746888,English (American),marchman,D_log
Marchman::1202,-2.515016141372182,-3.37258488026863,English (American),marchman,D_log
Marchman::1203,0.28429060260822464,0.7800038189089338,English (American),marchman,D_log
Marchman::1204,0.6462113431543287,2.9350701840099678,English (American),marchman,D_log
Marchman::1205,0.43630973225667363,-1.941574784770314,English (American),marchman,D_log
Marchman::1206,1.7462766516811135,13.391959846559727,English (American),marchman,D_log
Marchman::1207,0.9153946486802882,2.654171486251837,English (American),marchman,D_log
Marchman::1208,1.6068873643975683,1.273158682343401,English (American),marchman,D_log
Marchman::1209,-0.7361201328803049,0.11061610652295317,English (American),marchman,D_log
Marchman::121,-3.6569759399880044,-8.599174045483338,English (American),marchman,D_log
Marchman::1210,6.540420957845648,24.776288072093603,English (American),marchman,D_log
Marchman::1211,2.318438581379287,13.374347686506816,English (American),marchman,D_log
Marchman::1212,-3.111966968621716,-0.6991823120721552,English (American),marchman,D_log
Marchman::1213,4.478432645740263,16.059439155698808,English (American),marchman,D_log
Marchman::1214,-1.312973020247468,0.8691888066694098,English (American),marchman,D_log
Marchman::1215,-1.8242921808824493,4.227782630566001,English (American),marchman,D_log
Marchman::1216,3.1048406591608186,3.8792702266833947,English (American),marchman,D_log
Marchman::1217,-3.870138127872081,-17.12405069444319,English (American),marchman,D_log
Marchman::1218,5.22302219024093,21.012345757997714,English (American),marchman,D_log
Marchman::1219,-1.8313353485073076,6.210538358416659,English (American),marchman,D_log
Marchman::122,0.24426912212726226,3.4812949246777523,English (American),marchman,D_log
Marchman::1220,3.4486148140547446,13.786989448125768,English (American),marchman,D_log
Marchman::1221,-1.1679404060057863,5.846742865976562,English (American),marchman,D_log
Marchman::1222,-0.6966945086114275,5.07305854404312,English (American),marchman,D_log
Marchman::1223,0.47703528340651014,8.102120433221254,English (American),marchman,D_log
Marchman::1224,1.0316107115195297,3.0483798345286277,English (American),marchman,D_log
Marchman::1225,-0.6371251399301984,7.296710060187032,English (American),marchman,D_log
Marchman::1226,-0.9577498984548424,8.71872498554033,English (American),marchman,D_log
Marchman::1227,3.2059565497795717,20.490291463626118,English (American),marchman,D_log
Marchman::1228,3.31152986861129,14.76913625162759,English (American),marchman,D_log
Marchman::1229,-0.008201230195216515,2.368644499954395,English (American),marchman,D_log
Marchman::123,-2.5987950408686875,-5.669997000122024,English (American),marchman,D_log
Marchman::1230,2.6544879283007745,6.226497452217732,English (American),marchman,D_log
Marchman::1231,-0.3112290307296568,1.459836025942796,English (American),marchman,D_log
Marchman::1232,-0.3963397166029997,1.4532642179533364,English (American),marchman,D_log
Marchman::1233,0.12957808773834578,3.9408665169211137,English (American),marchman,D_log
Marchman::1234,-2.3266990082665213,4.276120261826323,English (American),marchman,D_log
Marchman::1235,0.30099153255118205,13.146423004562124,English (American),marchman,D_log
Marchman::1236,1.7432774466609444,6.872890186492564,English (American),marchman,D_log
Marchman::1237,-0.01962670238384856,9.041820554093043,English (American),marchman,D_log
Marchman::1238,-1.3583501161835552,3.3190068206208485,English (American),marchman,D_log
Marchman::1239,-0.39396068117740096,2.653108391886976,English (American),marchman,D_log
Marchman::1240,1.3330056939033643,4.251576750645718,English (American),marchman,D_log
Marchman::1241,-2.534834856405874,-0.8518588893938377,English (American),marchman,D_log
Marchman::1242,-0.7778762887147175,0.6971444114186445,English (American),marchman,D_log
Marchman::1243,-0.35735973182917136,2.847129242866234,English (American),marchman,D_log
Marchman::1244,2.141807904789823,2.3236162993807388,English (American),marchman,D_log
Marchman::1245,1.0081914779609955,0.8965442105633679,English (American),marchman,D_log
Marchman::1246,1.213079606976616,1.8867617212255556,English (American),marchman,D_log
Marchman::1247,1.5414454397017736,0.9260972586121123,English (American),marchman,D_log
Marchman::1248,2.677048367809355,-0.15788543160986368,English (American),marchman,D_log
Marchman::1249,1.6460835491174302,-2.3864191152498173,English (American),marchman,D_log
Marchman::125,1.386603784426673,-3.375080256181348,English (American),marchman,D_log
Marchman::1250,2.3396199761616603,-0.31167406395558794,English (American),marchman,D_log
Marchman::1251,-1.939784633132476,5.838051333548572,English (American),marchman,D_log
Marchman::1252,-1.3662407323647745,10.854555377103818,English (American),marchman,D_log
Marchman::1253,0.7622564158349034,0.8935506907957185,English (American),marchman,D_log
Marchman::1254,-0.18614050645537095,6.088126598573963,English (American),marchman,D_log
Marchman::1255,-0.992187439990826,0.7539353998767455,English (American),marchman,D_log
Marchman::1256,0.5625384986042701,6.340197548598177,English (American),marchman,D_log
Marchman::1257,1.3815609161680242,2.4639103356433916,English (American),marchman,D_log
Marchman::1258,-0.730471822712758,7.53296314257952,English (American),marchman,D_log
Marchman::1259,-1.1092561201017455,1.1703119262176012,English (American),marchman,D_log
Marchman::126,-2.29069137621203,-17.161727860957242,English (American),marchman,D_log
Marchman::1260,-2.4256915652260123,11.878158032255254,English (American),marchman,D_log
Marchman::1261,-1.165273039280793,-2.2139667764325037,English (American),marchman,D_log
Marchman::1262,0.3072728772654252,-2.8919833488328077,English (American),marchman,D_log
Marchman::1263,1.4201451256302806,-7.067671958190724,English (American),marchman,D_log
Marchman::1264,0.7689639764798815,-2.6680768627928813,English (American),marchman,D_log
Marchman::1265,-0.10250567226352039,1.5058987211504657,English (American),marchman,D_log
Marchman::1266,1.076588504489072,-6.772466351707509,English (American),marchman,D_log
Marchman::1267,-1.1965544453104717,3.459576903827701,English (American),marchman,D_log
Marchman::1268,0.2065891515033886,-12.260840369100787,English (American),marchman,D_log
Marchman::1269,1.0760066678727287,3.621510448877467,English (American),marchman,D_log
Marchman::127,1.830383522509081,2.364292311761617,English (American),marchman,D_log
Marchman::1270,-0.47854552409377354,16.8874978265674,English (American),marchman,D_log
Marchman::1271,0.28650976890794155,-1.0339159048856332,English (American),marchman,D_log
Marchman::1272,0.7705339738226205,6.6701824196232256,English (American),marchman,D_log
Marchman::1273,-0.6316287394415055,-0.8130731011243675,English (American),marchman,D_log
Marchman::1274,0.8282371726196047,4.195243737560499,English (American),marchman,D_log
Marchman::1275,-0.4185452020236475,3.055430415667906,English (American),marchman,D_log
Marchman::1276,0.2289028010672981,1.4125116665194317,English (American),marchman,D_log
Marchman::1277,-2.49600740108026,5.1207035919953,English (American),marchman,D_log
Marchman::1278,-1.1256598264878697,-6.564241865843274,English (American),marchman,D_log
Marchman::1279,-0.47560934967305113,1.8324937152890026,English (American),marchman,D_log
Marchman::128,-0.5335831005824077,-0.020190703297469748,English (American),marchman,D_log
Marchman::1280,1.2255635497641024,0.3649576312342404,English (American),marchman,D_log
Marchman::1281,-0.17366674099035656,-2.12766912233513,English (American),marchman,D_log
Marchman::1282,-0.931375313704701,5.0444296488497935,English (American),marchman,D_log
Marchman::1283,-1.0015427007853683,1.1702946330416704,English (American),marchman,D_log
Marchman::1284,3.876237754982573,-11.144235959456847,English (American),marchman,D_log
Marchman::1285,-1.1676909794812125,1.7452513314309137,English (American),marchman,D_log
Marchman::1286,0.4138288424847126,5.561519900022808,English (American),marchman,D_log
Marchman::1287,-1.3171559272737663,1.4858039156243539,English (American),marchman,D_log
Marchman::1288,1.0919875062884479,-6.080740669725706,English (American),marchman,D_log
Marchman::1289,-1.598483950717799,0.8180640079798476,English (American),marchman,D_log
Marchman::129,1.2817240242640322,1.4901445624701115,English (American),marchman,D_log
Marchman::1291,0.9450926787862424,10.22310763594874,English (American),marchman,D_log
Marchman::1292,4.352731513862109,24.691188244652285,English (American),marchman,D_log
Marchman::1294,-0.5964839011553912,14.339752970942403,English (American),marchman,D_log
Marchman::1295,1.3459062517423093,11.44628359451644,English (American),marchman,D_log
Marchman::1296,-0.16733096381663942,-8.557224496356303,English (American),marchman,D_log
Marchman::1297,-2.181936584122825,11.832774438361353,English (American),marchman,D_log
Marchman::1298,-2.2319470133906414,-1.9033262532421982,English (American),marchman,D_log
Marchman::1299,1.8593965107564545,3.3993883534188596,English (American),marchman,D_log
Marchman::13,1.4286636914591877,4.721464800113768,English (American),marchman,D_log
Marchman::130,-0.853770657697036,-5.312062513769534,English (American),marchman,D_log
Marchman::1300,-0.19124590747036005,-0.021452941886244997,English (American),marchman,D_log
Marchman::1301,-0.6478519436670037,1.3565561932018266,English (American),marchman,D_log
Marchman::1302,-1.262136821047817,-2.210356746269857,English (American),marchman,D_log
Marchman::1303,-1.1818185412698723,1.0066485858594743,English (American),marchman,D_log
Marchman::1304,-0.2480238646443854,4.26260994685274,English (American),marchman,D_log
Marchman::1305,0.13867366973322473,-0.2887420190306687,English (American),marchman,D_log
Marchman::1306,2.7672648316666,2.9338533106235976,English (American),marchman,D_log
Marchman::1307,0.7328250350883431,-9.635446053259127,English (American),marchman,D_log
Marchman::1308,0.7411145013197241,17.547912705312115,English (American),marchman,D_log
Marchman::1309,2.8394269889444,5.71167768437009,English (American),marchman,D_log
Marchman::131,-1.8075209251029336,-5.524424917481765,English (American),marchman,D_log
Marchman::1310,-0.51675622534866394,4.6494151705261055,English (American),marchman,D_log
Marchman::1311,2.628219195880855,-11.766671737280976,English (American),marchman,D_log
Marchman::1312,0.8083654617228931,-3.706940359676582,English (American),marchman,D_log
Marchman::1313,-2.093404357105794,10.420775272554746,English (American),marchman,D_log
Marchman::1314,2.4657885907970067,-2.592996108543045,English (American),marchman,D_log
Marchman::1315,1.6332497242761574,-5.784340452965093,English (American),marchman,D_log
Marchman::1316,1.5099394421009993,-3.8175820851114484,English (American),marchman,D_log
Marchman::1317,0.14425018961793792,3.9649107560979475,English (American),marchman,D_log
Marchman::1318,-2.0557252947639646,12.431047287051813,English (American),marchman,D_log
Marchman::1319,1.760666656754763,-1.0106678629968577,English (American),marchman,D_log
Marchman::132,-1.2852775145657924,-10.730254799447854,English (American),marchman,D_log
Marchman::1320,1.659703214036262,2.3219335616077585,English (American),marchman,D_log
Marchman::1321,1.732276338159562,0.9752528718346243,English (American),marchman,D_log
Marchman::1322,1.1703811100819905,7.931654767152369,English (American),marchman,D_log
Marchman::1323,1.4168419528020615,0.3586397502517078,English (American),marchman,D_log
Marchman::1324,-1.1881072156386034,0.9416165345351841,English (American),marchman,D_log
Marchman::1325,0.26096853458787256,10.426599294548044,English (American),marchman,D_log
Marchman::1326,-0.2895251337366648,1.0744405102538959,English (American),marchman,D_log
Marchman::1327,0.6943932405285573,0.8004347861381319,English (American),marchman,D_log
Marchman::1328,-0.42249770822359844,0.7743194757601937,English (American),marchman,D_log
Marchman::1329,2.360117790412695,2.192869979929924,English (American),marchman,D_log
Marchman::133,-1.4991876669031936,-4.087845412516981,English (American),marchman,D_log
Marchman::1330,-0.651639921181106,-6.3855718768107526,English (American),marchman,D_log
Marchman::1331,0.7286383259714835,-2.0784481458173825,English (American),marchman,D_log
Marchman::1332,-0.08560428659951984,-2.309021534417115,English (American),marchman,D_log
Marchman::1333,1.548104596686089,13.519905507703,English (American),marchman,D_log
Marchman::1334,0.4890477094155663,-0.3428926165786995,English (American),marchman,D_log
Marchman::1335,1.157673591430393,0.27727608714196106,English (American),marchman,D_log
Marchman::1336,-0.33938736853478363,4.232134649739168,English (American),marchman,D_log
Marchman::1337,-0.2927352486285877,1.036075792828999,English (American),marchman,D_log
Marchman::1338,-1.4386112928509676,2.9229595838751203,English (American),marchman,D_log
Marchman::1339,0.43089089603911507,-2.2722822751798404,English (American),marchman,D_log
Marchman::134,-0.28283543962527846,5.812033353007472,English (American),marchman,D_log
Marchman::1340,0.9988305763301416,9.028865026514188,English (American),marchman,D_log
Marchman::1341,-1.3516536541649369,-2.4009110378384646,English (American),marchman,D_log
Marchman::1342,-1.953950570347398,-0.21252145464751937,English (American),marchman,D_log
Marchman::1343,1.019886383424516,0.0435037177200579,English (American),marchman,D_log
Marchman::1344,-1.3414027386248595,-3.394293786455541,English (American),marchman,D_log
Marchman::1345,-0.383213639348638,-1.9574921903319384,English (American),marchman,D_log
Marchman::1346,-0.227535125853896,12.055924300227476,English (American),marchman,D_log
Marchman::1347,2.1372467849220214,6.803390866233168,English (American),marchman,D_log
Marchman::1348,-0.42762446408957155,14.96571347777255,English (American),marchman,D_log
Marchman::1349,1.8339865515265308,9.204347587530453,English (American),marchman,D_log
Marchman::135,-0.3179329298492133,12.455351122207158,English (American),marchman,D_log
Marchman::1350,0.5584937354811625,-0.6353573237403568,English (American),marchman,D_log
Marchman::1351,2.4772212369835067,-2.213038457248019,English (American),marchman,D_log
Marchman::1352,0.27238414685134804,-2.0591762205670245,English (American),marchman,D_log
Marchman::1353,2.4423155214264174,2.836672670053276,English (American),marchman,D_log
Marchman::1354,2.0054997111657045,13.785657931880062,English (American),marchman,D_log
Marchman::1355,1.1759273151622804,-2.544863821478164,English (American),marchman,D_log
Marchman::1356,-2.5271291460289964,-1.9070568282274745,English (American),marchman,D_log
Marchman::1357,-0.9450736911361179,11.088389458103318,English (American),marchman,D_log
Marchman::1358,1.099739349196167,-1.7708516570851769,English (American),marchman,D_log
Marchman::1359,1.5207332918201057,4.820270196735416,English (American),marchman,D_log
Marchman::136,-3.3100195191342903,-7.430461517546272,English (American),marchman,D_log
Marchman::1360,-1.0096142239537091,-4.211353904453817,English (American),marchman,D_log
Marchman::1361,-0.30509771091578136,-0.30831446731119927,English (American),marchman,D_log
Marchman::1362,-1.882870111223291,-0.48535166447608447,English (American),marchman,D_log
Marchman::1363,2.5905075844076575,9.308704144965683,English (American),marchman,D_log
Marchman::1364,1.7510813064888628,1.8423559771860798,English (American),marchman,D_log
Marchman::1365,-1.0116541966666028,2.5850035587587383,English (American),marchman,D_log
Marchman::1366,-0.38123973609217093,-3.25494189434958,English (American),marchman,D_log
Marchman::1367,0.10878865391899811,3.7735536362518767,English (American),marchman,D_log
Marchman::1368,2.061234894200529,26.416548529249564,English (American),marchman,D_log
Marchman::1369,-1.4088191545351156,0.04321271225716106,English (American),marchman,D_log
Marchman::1370,-0.8018632041373351,2.1432212532299975,English (American),marchman,D_log
Marchman::1371,1.7000080322731805,-10.759277077203084,English (American),marchman,D_log
Marchman::1372,-2.8492842539073058,8.32109969316241,English (American),marchman,D_log
Marchman::1373,-1.296690929174079,6.323536653129496,English (American),marchman,D_log
Marchman::1374,0.9001593464948268,-6.621509549991529,English (American),marchman,D_log
Marchman::1375,-0.20834373788161162,10.462681635446945,English (American),marchman,D_log
Marchman::1376,0.19167561854220763,-2.178447269031572,English (American),marchman,D_log
Marchman::1377,-0.5017081836642739,-3.902185069606362,English (American),marchman,D_log
Marchman::1378,1.175945250068474,-1.3286079458060458,English (American),marchman,D_log
Marchman::1379,1.4308610881355597,13.200423003402062,English (American),marchman,D_log
Marchman::1380,-0.6292339441218039,0.35990794853034536,English (American),marchman,D_log
Marchman::1382,0.8132832728093283,-6.427899570569884,English (American),marchman,D_log
Marchman::1383,-0.04876551507240881,25.489158349347665,English (American),marchman,D_log
Marchman::1384,-0.5353878001301492,-3.8992844344311033,English (American),marchman,D_log
Marchman::1385,3.2256088245204384,-3.4170295114014797,English (American),marchman,D_log
Marchman::1386,2.934074304927812,1.0680869423308108,English (American),marchman,D_log
Marchman::1388,-1.5453686679990395,-10.321228339692595,English (American),marchman,D_log
Marchman::1389,-0.7146549321931004,3.4142602378913867,English (American),marchman,D_log
Marchman::139,-3.8900367711147146,-8.26228640790767,English (American),marchman,D_log
Marchman::1390,0.8379562222915278,-3.2420957236081396,English (American),marchman,D_log
Marchman::1391,1.1869937516052698,2.668450109082058,English (American),marchman,D_log
Marchman::1392,0.8523438518168172,-0.4741336242540857,English (American),marchman,D_log
Marchman::1393,0.36364573757994406,3.10803125704565,English (American),marchman,D_log
Marchman::1394,2.457357974414261,-1.6647435004278361,English (American),marchman,D_log
Marchman::1395,1.075074955270029,3.3935132694078884,English (American),marchman,D_log
Marchman::1396,2.2127453806433866,6.094384832124593,English (American),marchman,D_log
Marchman::1397,1.9974307486339904,-0.5105403978994927,English (American),marchman,D_log
Marchman::1398,2.351936479333638,2.844258803010839,English (American),marchman,D_log
Marchman::1399,0.5166316207987045,-7.2903632536621235,English (American),marchman,D_log
Marchman::14,-1.8793564555871412,-15.339944412327734,English (American),marchman,D_log
Marchman::140,-0.7332033343763875,-0.7800449996786581,English (American),marchman,D_log
Marchman::1400,2.6690141558769493,-9.228128089575094,English (American),marchman,D_log
Marchman::1401,0.81517916291978,-1.1211236306177892,English (American),marchman,D_log
Marchman::1402,-0.04781526835574259,4.763011995381246,English (American),marchman,D_log
Marchman::1404,0.12807632850606507,-0.9512841124617923,English (American),marchman,D_log
Marchman::1405,1.9678075774652664,-2.010680030563792,English (American),marchman,D_log
Marchman::1406,0.11928102338682303,-1.908187932398747,English (American),marchman,D_log
Marchman::1407,-2.6852963337174165,1.9339042759807872,English (American),marchman,D_log
Marchman::1408,2.685665491083925,10.370690568545765,English (American),marchman,D_log
Marchman::1409,1.393011643790351,7.0955272096271145,English (American),marchman,D_log
Marchman::141,-1.6784120148616408,-5.267390157186121,English (American),marchman,D_log
Marchman::1410,0.3257115367752795,0.9600018719359789,English (American),marchman,D_log
Marchman::1411,1.0396345169982728,-0.8128354177860595,English (American),marchman,D_log
Marchman::1413,-0.44484188599851426,2.6414565441510995,English (American),marchman,D_log
Marchman::1414,0.09325806999144623,-0.3816020110992769,English (American),marchman,D_log
Marchman::1415,-0.27293724071925657,1.2400395729655291,English (American),marchman,D_log
Marchman::1416,-0.2959905091273523,2.015624427034182,English (American),marchman,D_log
Marchman::1417,0.7400662079063987,3.1431507195419592,English (American),marchman,D_log
Marchman::1418,0.9964831565987755,5.608567592707652,English (American),marchman,D_log
Marchman::1419,3.2420774660015046,-5.238379614873613,English (American),marchman,D_log
Marchman::1420,-1.4468715697175696,-6.8898539250971496,English (American),marchman,D_log
Marchman::1422,0.0020258567861990598,-2.507410461929599,English (American),marchman,D_log
Marchman::1423,0.267938981194352,-3.710047877983491,English (American),marchman,D_log
Marchman::1424,1.4902050172122894,2.4477794743607837,English (American),marchman,D_log
Marchman::1425,-0.5685999430250819,-4.5627611560467685,English (American),marchman,D_log
Marchman::1426,0.6610840370206693,1.649808023651016,English (American),marchman,D_log
Marchman::1427,1.276223835360907,-4.5343899382240975,English (American),marchman,D_log
Marchman::1428,2.230473878696872,-3.2338587990280434,English (American),marchman,D_log
Marchman::1429,0.5239153645062542,0.972263246316132,English (American),marchman,D_log
Marchman::143,-2.1738238402181445,-7.6463158907035,English (American),marchman,D_log
Marchman::1430,2.8871272061865296,-4.7198555839204,English (American),marchman,D_log
Marchman::1431,-0.058202486705495333,-3.2407573241505703,English (American),marchman,D_log
Marchman::1432,0.9421495763379507,-0.2683787208653292,English (American),marchman,D_log
Marchman::1433,-0.11619162061320024,5.163688941186328,English (American),marchman,D_log
Marchman::1434,-1.3768960025154848,1.7077015259590345,English (American),marchman,D_log
Marchman::1435,0.5184888557258964,-2.81947337656743,English (American),marchman,D_log
Marchman::1436,-1.901303821155466,-5.933485008393808,English (American),marchman,D_log
Marchman::1437,0.1258049195929762,1.9125972620831364,English (American),marchman,D_log
Marchman::1438,-0.53585288256039,6.509614552427959,English (American),marchman,D_log
Marchman::1439,-0.7320296819438296,-1.1908548615208439,English (American),marchman,D_log
Marchman::144,-1.4595029243627005,0.3924124042350903,English (American),marchman,D_log
Marchman::1440,-1.1415256625339951,-2.4268502443622575,English (American),marchman,D_log
Marchman::1442,0.18433476705021476,2.0184004878907604,English (American),marchman,D_log
Marchman::1443,-0.5307269872671755,6.42324059194326,English (American),marchman,D_log
Marchman::1444,0.9309304578804496,-3.8335388722865686,English (American),marchman,D_log
Marchman::1445,0.9407468960445106,-2.624201769152381,English (American),marchman,D_log
Marchman::1446,-2.068672752376544,-5.922527372196564,English (American),marchman,D_log
Marchman::1447,-0.5632497262636104,3.6570202038293766,English (American),marchman,D_log
Marchman::1448,0.1323623096430345,0.5656789052160893,English (American),marchman,D_log
Marchman::1449,0.6210886308366063,0.6887779820045239,English (American),marchman,D_log
Marchman::145,0.21897222608781544,-4.504288472256655,English (American),marchman,D_log
Marchman::1450,-3.1167965553490125,11.770353451792158,English (American),marchman,D_log
Marchman::1451,1.6979275650222287,-3.301282856767324,English (American),marchman,D_log
Marchman::1452,0.3946362597578797,6.157678271110739,English (American),marchman,D_log
Marchman::1453,0.9539320501574312,0.18611977237313249,English (American),marchman,D_log
Marchman::1454,-0.005793298990379936,1.0063667552042992,English (American),marchman,D_log
Marchman::1455,0.1620764744755272,0.6265807529199833,English (American),marchman,D_log
Marchman::1456,-0.9162166348445697,-1.94310967382598,English (American),marchman,D_log
Marchman::1457,0.1245175381635859,-3.0109926604829425,English (American),marchman,D_log
Marchman::1458,-1.4298462949528543,4.5077307988186845,English (American),marchman,D_log
Marchman::1459,0.6748286025068434,4.228877727111557,English (American),marchman,D_log
Marchman::1460,-1.6712414325404945,-4.515836806763243,English (American),marchman,D_log
Marchman::1461,2.1214836463204407,6.0187880521711765,English (American),marchman,D_log
Marchman::1462,-0.8319342365860134,5.99011737717789,English (American),marchman,D_log
Marchman::1463,-0.9916939765015087,8.165248413363678,English (American),marchman,D_log
Marchman::1464,1.7016274466733423,3.0486406084261026,English (American),marchman,D_log
Marchman::1465,-0.10998901861584957,4.816132125915189,English (American),marchman,D_log
Marchman::1466,1.485120232422457,14.841189643103899,English (American),marchman,D_log
Marchman::1467,0.027172667872753225,11.084838649072418,English (American),marchman,D_log
Marchman::1468,1.3566901375219242,-11.793734495667984,English (American),marchman,D_log
Marchman::1469,0.37365607317313687,4.644446943231176,English (American),marchman,D_log
Marchman::147,-1.5434181018492361,-3.6250333695617964,English (American),marchman,D_log
Marchman::1470,-0.8046846686177325,6.857078622317262,English (American),marchman,D_log
Marchman::1471,0.3159895331602022,5.464604495143441,English (American),marchman,D_log
Marchman::1472,1.4145272109020188,1.0865932967631926,English (American),marchman,D_log
Marchman::1473,1.7568341271574097,-3.916874851578108,English (American),marchman,D_log
Marchman::1474,-0.4196022300168892,-1.4157715250897394,English (American),marchman,D_log
Marchman::1475,2.8020645354756772,-8.011525055803107,English (American),marchman,D_log
Marchman::1476,0.4988358779993339,-2.641344537669778,English (American),marchman,D_log
Marchman::1477,0.9013065562485987,-0.364548832653395,English (American),marchman,D_log
Marchman::1478,0.6770041067681478,9.1129653297909,English (American),marchman,D_log
Marchman::1479,-1.7191807053705992,-9.422818917828874,English (American),marchman,D_log
Marchman::148,-2.210762986025891,-10.649638192353912,English (American),marchman,D_log
Marchman::1481,-0.685038006873773,0.6215700563166489,English (American),marchman,D_log
Marchman::1482,-0.8558033398738655,-4.194575204690349,English (American),marchman,D_log
Marchman::1483,-0.6942184101792069,1.7322898513737324,English (American),marchman,D_log
Marchman::1484,1.5025623540812232,2.420663201774052,English (American),marchman,D_log
Marchman::1485,0.016457921667604253,-1.6839716586630156,English (American),marchman,D_log
Marchman::1486,2.1508072824625057,3.7898520641624884,English (American),marchman,D_log
Marchman::1487,-1.1378683472896367,-4.230083002939686,English (American),marchman,D_log
Marchman::1488,-1.9866260968209708,0.14963731575635197,English (American),marchman,D_log
Marchman::1489,-1.6872282072357516,4.872612647108547,English (American),marchman,D_log
Marchman::149,-0.1067187411257953,0.9802562116206868,English (American),marchman,D_log
Marchman::1491,-0.8097187181516992,-0.006618168071822694,English (American),marchman,D_log
Marchman::1492,2.8009005368725055,-1.143576358118215,English (American),marchman,D_log
Marchman::1493,-0.47101944747003427,7.7963283989769465,English (American),marchman,D_log
Marchman::1494,-0.15252417563930154,3.0073720109091906,English (American),marchman,D_log
Marchman::1495,-0.491878478942515,0.6089709820601382,English (American),marchman,D_log
Marchman::1496,-0.02726291898986544,1.5881558973240666,English (American),marchman,D_log
Marchman::1497,1.0578627587249472,-1.7534499544516102,English (American),marchman,D_log
Marchman::1498,0.5538781359628602,0.15438932873432176,English (American),marchman,D_log
Marchman::1499,-1.7285256389814705,0.7714235747005858,English (American),marchman,D_log
Marchman::15,1.487156222920632,6.396948269230879,English (American),marchman,D_log
Marchman::150,-0.3316330349790216,0.686880809382556,English (American),marchman,D_log
Marchman::1500,-0.7807334580760926,0.11527964025934567,English (American),marchman,D_log
Marchman::1501,-0.8078545072248019,-2.178558018429917,English (American),marchman,D_log
Marchman::1502,-0.4291744402607775,0.10694009616941835,English (American),marchman,D_log
Marchman::1503,-0.35683867435648764,-1.2888979659402495,English (American),marchman,D_log
Marchman::1504,-0.10631425574851143,3.3456594220906957,English (American),marchman,D_log
Marchman::1505,0.4753912726024444,-11.755224666014968,English (American),marchman,D_log
Marchman::1506,-0.3070685092370602,-1.0890151309286826,English (American),marchman,D_log
Marchman::1507,-0.489826454226941,0.6286747168950249,English (American),marchman,D_log
Marchman::1508,1.4352072733756727,-10.281022583022716,English (American),marchman,D_log
Marchman::1509,3.379870022876003,-10.994555016155854,English (American),marchman,D_log
Marchman::151,-2.565907411831785,-8.23222219412379,English (American),marchman,D_log
Marchman::1510,2.0755536013066163,3.657577692002946,English (American),marchman,D_log
Marchman::1511,-0.09276158464774592,-1.6436268080445646,English (American),marchman,D_log
Marchman::1512,0.7271592208207674,-6.831359577522059,English (American),marchman,D_log
Marchman::1513,1.3597530618692175,1.5237846465260931,English (American),marchman,D_log
Marchman::1514,1.7158425033342874,1.3135358625402664,English (American),marchman,D_log
Marchman::1515,-0.24867966197696592,1.1193002304377035,English (American),marchman,D_log
Marchman::1516,-0.8970584251300248,2.8155637965289664,English (American),marchman,D_log
Marchman::1517,5.634437109018606,34.553445264531106,English (American),marchman,D_log
Marchman::1518,-0.13070908223296082,-2.174174029174292,English (American),marchman,D_log
Marchman::1519,-2.248168238956055,-4.826433912785297,English (American),marchman,D_log
Marchman::152,-3.2919185044127057,-2.0463493356658855,English (American),marchman,D_log
Marchman::1520,-0.4853270059487492,3.8639620416533877,English (American),marchman,D_log
Marchman::1521,-0.21073942293952783,-2.139729788468208,English (American),marchman,D_log
Marchman::1522,1.772828442091989,-3.904958445968166,English (American),marchman,D_log
Marchman::1523,2.523839642944225,0.368428562008948,English (American),marchman,D_log
Marchman::1524,1.930079508649315,6.164957518585297,English (American),marchman,D_log
Marchman::1525,-0.7080633826691356,3.4289677482863015,English (American),marchman,D_log
Marchman::1526,-1.1151402220762545,-6.438687480976851,English (American),marchman,D_log
Marchman::1527,0.14892571731341062,0.8200331963627789,English (American),marchman,D_log
Marchman::1528,0.3828462194324981,-0.9558681326718529,English (American),marchman,D_log
Marchman::1529,0.5391627818832416,2.624100986119801,English (American),marchman,D_log
Marchman::153,-0.5889361521093371,1.0032848562284733,English (American),marchman,D_log
Marchman::1530,3.056970285713275,2.9341228010459934,English (American),marchman,D_log
Marchman::1531,-0.6007483793159244,-2.367762723334536,English (American),marchman,D_log
Marchman::1532,-0.5353100813317276,3.7779854915702917,English (American),marchman,D_log
Marchman::1533,0.7885777980326489,3.241838872798384,English (American),marchman,D_log
Marchman::1534,1.418201529661852,1.2262765239848847,English (American),marchman,D_log
Marchman::1535,-1.304330224450791,7.205531427336842,English (American),marchman,D_log
Marchman::1536,0.2797741425641894,-3.049480733235297,English (American),marchman,D_log
Marchman::1537,2.5319686842939597,-11.969224389238907,English (American),marchman,D_log
Marchman::1538,2.050487954633516,3.5529791934484023,English (American),marchman,D_log
Marchman::1539,1.1169497075492048,8.134185413795205,English (American),marchman,D_log
Marchman::1540,0.7141470801112816,6.6325776235932965,English (American),marchman,D_log
Marchman::1541,-0.6276844715624287,2.7703360597910462,English (American),marchman,D_log
Marchman::1542,0.4727288735063863,7.909458321327181,English (American),marchman,D_log
Marchman::1543,-0.09452358031727502,4.938487234419309,English (American),marchman,D_log
Marchman::1544,1.0622697112681287,-3.2918596193433154,English (American),marchman,D_log
Marchman::1545,0.4610843036000534,1.2160104755803607,English (American),marchman,D_log
Marchman::1546,0.8121603100082494,-0.5649754072838349,English (American),marchman,D_log
Marchman::1547,0.5677016645764821,-0.5942410275352811,English (American),marchman,D_log
Marchman::1548,-0.603110796246498,-7.455036117428462,English (American),marchman,D_log
Marchman::1549,0.8731700647821272,1.6141215442696766,English (American),marchman,D_log
Marchman::1550,-0.03557548995825212,-2.0109498781984416,English (American),marchman,D_log
Marchman::1551,-0.0727235616720064,5.86507039681691,English (American),marchman,D_log
Marchman::1552,-0.21769949421817283,-11.82621743690467,English (American),marchman,D_log
Marchman::1553,0.35389728309268004,-5.317024223390557,English (American),marchman,D_log
Marchman::1554,0.5362881681506166,-9.186176226286916,English (American),marchman,D_log
Marchman::1555,-1.8308821293329192,-0.16902768182659278,English (American),marchman,D_log
Marchman::1556,1.4450781080593529,-1.7100884571184045,English (American),marchman,D_log
Marchman::1557,-0.15431087519497141,4.7074787323648515,English (American),marchman,D_log
Marchman::1558,-3.038698168155845,13.38203289696253,English (American),marchman,D_log
Marchman::1559,-1.2420924626164693,-4.609443772774628,English (American),marchman,D_log
Marchman::156,-5.087634547816284,-5.443607382699591,English (American),marchman,D_log
Marchman::1560,-0.20775998335458506,10.861548813707827,English (American),marchman,D_log
Marchman::1561,-0.2667383306590468,-4.1169837762702155,English (American),marchman,D_log
Marchman::1562,1.3692810302606966,-0.1530732772240455,English (American),marchman,D_log
Marchman::1564,1.2734944456187247,0.3701673891748609,English (American),marchman,D_log
Marchman::1565,2.992006329900457,-5.758856663535704,English (American),marchman,D_log
Marchman::1566,-0.3652453671701612,-0.4368691145978371,English (American),marchman,D_log
Marchman::1567,-1.0387833830164066,-3.0156768980834556,English (American),marchman,D_log
Marchman::1568,1.9312253370576564,0.43186484230431876,English (American),marchman,D_log
Marchman::1569,0.4368909207307953,-8.018845698005462,English (American),marchman,D_log
Marchman::157,-4.089503943092276,4.459312614634418,English (American),marchman,D_log
Marchman::1570,0.6244913712841516,-3.3517276386214676,English (American),marchman,D_log
Marchman::1571,-0.2118403488315793,3.086875538176216,English (American),marchman,D_log
Marchman::1572,-0.8660835764674829,-0.7286508385238728,English (American),marchman,D_log
Marchman::1573,-0.8119876212310465,-1.7568928924302436,English (American),marchman,D_log
Marchman::1574,-0.9473334335368585,5.3987408792758735,English (American),marchman,D_log
Marchman::1575,-1.695025036519494,-7.633995594154426,English (American),marchman,D_log
Marchman::1576,2.1518686875249315,2.3832223651913726,English (American),marchman,D_log
Marchman::1577,1.7940960959282855,2.9837526550851443,English (American),marchman,D_log
Marchman::1578,1.4614831351248114,-1.880309487388,English (American),marchman,D_log
Marchman::1579,0.00977410540482095,3.6365609660870755,English (American),marchman,D_log
Marchman::158,-2.3388807541634318,-5.010010745888497,English (American),marchman,D_log
Marchman::1580,-1.3018467664424898,0.36767005361330996,English (American),marchman,D_log
Marchman::1581,-2.106402538453379,5.389815437397948,English (American),marchman,D_log
Marchman::1582,-0.14801598791328702,-2.0076908106679157,English (American),marchman,D_log
Marchman::1583,-2.0582282449254405,-6.565426737696477,English (American),marchman,D_log
Marchman::1584,0.842650042315943,0.48502129778343384,English (American),marchman,D_log
Marchman::1585,-1.9262569822571898,-0.941887010576953,English (American),marchman,D_log
Marchman::1586,-0.8779818352914822,-6.101713848726424,English (American),marchman,D_log
Marchman::1587,-2.145548859119633,-8.456705524031625,English (American),marchman,D_log
Marchman::1588,-0.32295921854304693,-6.729613436144746,English (American),marchman,D_log
Marchman::1589,0.9852473265791388,-0.19512205575220531,English (American),marchman,D_log
Marchman::159,-2.9211975611442296,-4.159412775699648,English (American),marchman,D_log
Marchman::1590,-1.4458667662278957,-7.790313123408431,English (American),marchman,D_log
Marchman::1591,-0.6119701981801553,-1.0792269619022634,English (American),marchman,D_log
Marchman::1592,-2.4367342611123464,-13.053362719829757,English (American),marchman,D_log
Marchman::1593,0.7496682813499941,-0.2199717536945981,English (American),marchman,D_log
Marchman::1594,0.5282009846871186,8.638662314869885,English (American),marchman,D_log
Marchman::1595,0.6291455300188374,-1.3824706976114336,English (American),marchman,D_log
Marchman::1596,-0.0421398403881465,-1.8027597282646577,English (American),marchman,D_log
Marchman::1597,0.06158639578152613,2.507276981477782,English (American),marchman,D_log
Marchman::1598,0.27533728803814095,5.04563723154035,English (American),marchman,D_log
Marchman::1599,-2.1655896173733593,2.609475110045387,English (American),marchman,D_log
Marchman::16,-0.995784284609736,5.4619925525344675,English (American),marchman,D_log
Marchman::1600,0.6439824543782295,-2.111459682784219,English (American),marchman,D_log
Marchman::1601,-1.0661806711063417,-5.943964636193943,English (American),marchman,D_log
Marchman::1602,-0.7293042343361087,5.197167943310708,English (American),marchman,D_log
Marchman::1603,2.2878029665766193,0.21159562229632511,English (American),marchman,D_log
Marchman::1604,-1.1763973075945864,0.6045897684852919,English (American),marchman,D_log
Marchman::1605,-0.4183299152197081,0.48284084439567454,English (American),marchman,D_log
Marchman::1606,0.5508362343392185,0.4993983876314829,English (American),marchman,D_log
Marchman::1607,-0.01418938677330902,-1.4783008562564413,English (American),marchman,D_log
Marchman::1608,2.1830871189648113,0.050106923519766866,English (American),marchman,D_log
Marchman::1609,2.0513022267820276,-5.241092590745227,English (American),marchman,D_log
Marchman::161,-4.083954370882967,-9.061507325942161,English (American),marchman,D_log
Marchman::1611,-1.228527542638441,-0.8568476575606475,English (American),marchman,D_log
Marchman::1612,0.8274527642713894,-4.40185851005169,English (American),marchman,D_log
Marchman::1614,-1.5313040788846903,3.675158672017413,English (American),marchman,D_log
Marchman::1615,1.8310252247909216,-1.2315525117005057,English (American),marchman,D_log
Marchman::1616,2.4497108622243005,0.5902585455351539,English (American),marchman,D_log
Marchman::1617,1.0883769189347015,-4.238536573018487,English (American),marchman,D_log
Marchman::1618,0.21793161922913468,-0.12672598627263304,English (American),marchman,D_log
Marchman::1619,-0.6501839638546504,-2.400373613936013,English (American),marchman,D_log
Marchman::162,-2.508292231398166,-8.250597427776462,English (American),marchman,D_log
Marchman::1620,-0.2857525224091144,-2.9897267588348093,English (American),marchman,D_log
Marchman::1621,-0.08490593641109856,-8.4688586504604,English (American),marchman,D_log
Marchman::1622,2.4304993643320407,0.35115845337283735,English (American),marchman,D_log
Marchman::1623,-1.2785665655043437,1.869216873625599,English (American),marchman,D_log
Marchman::1624,0.08849544890997399,-4.0080243541577305,English (American),marchman,D_log
Marchman::1625,-2.0724754192447623,-0.9649855440522404,English (American),marchman,D_log
Marchman::1626,-0.6546307549713919,1.9325343764619434,English (American),marchman,D_log
Marchman::1627,1.153679760344585,1.0801982668892827,English (American),marchman,D_log
Marchman::1628,1.0327166502697391,1.076282844105109,English (American),marchman,D_log
Marchman::1629,-0.7284780721715558,-1.1632712870502537,English (American),marchman,D_log
Marchman::163,-0.06825976611585725,-0.311293398250244,English (American),marchman,D_log
Marchman::1630,0.6704955498144275,3.6776528847615073,English (American),marchman,D_log
Marchman::1631,-0.9937327823582859,-0.3802357957117948,English (American),marchman,D_log
Marchman::1632,1.6881076128598858,-0.5226658574007215,English (American),marchman,D_log
Marchman::1633,-1.3814327163038602,14.17369485306656,English (American),marchman,D_log
Marchman::1634,2.7893217300510402,-3.2073875900156166,English (American),marchman,D_log
Marchman::1635,-0.4077864914686374,-0.5386192354657906,English (American),marchman,D_log
Marchman::1636,-0.2841680798359374,-3.0777134773914017,English (American),marchman,D_log
Marchman::1637,-0.17355855591164177,-5.3734543333460225,English (American),marchman,D_log
Marchman::1638,-1.3891150409969695,1.9154294183376779,English (American),marchman,D_log
Marchman::1639,-1.1873831782503406,-10.282823760508336,English (American),marchman,D_log
Marchman::164,1.3940750879844679,-4.005906415246853,English (American),marchman,D_log
Marchman::1640,4.1742552271268645,7.825169904437033,English (American),marchman,D_log
Marchman::1641,0.9526430781392694,-1.713579757757616,English (American),marchman,D_log
Marchman::1642,0.5793415531027404,-0.5775333158287019,English (American),marchman,D_log
Marchman::1643,4.355336816908024,26.77679131591089,English (American),marchman,D_log
Marchman::1644,-0.057123749621329656,-3.4122598401532485,English (American),marchman,D_log
Marchman::1645,1.9428301659008933,0.32155427814956017,English (American),marchman,D_log
Marchman::1646,0.09272762617435655,-4.792701128857199,English (American),marchman,D_log
Marchman::1647,-0.9058073799300845,-2.9845298560746825,English (American),marchman,D_log
Marchman::1648,0.22690123949751861,5.030542867499484,English (American),marchman,D_log
Marchman::1649,1.1651105718959769,-4.5696174694794705,English (American),marchman,D_log
Marchman::165,1.3648437301548653,8.87763089782648,English (American),marchman,D_log
Marchman::1650,1.0582867966420189,-9.96922343625855,English (American),marchman,D_log
Marchman::1651,-0.3899318799964831,-0.6392392945166329,English (American),marchman,D_log
Marchman::1652,-0.5778356005255341,2.295998419137415,English (American),marchman,D_log
Marchman::1653,1.6322013431114162,2.993952444139247,English (American),marchman,D_log
Marchman::1654,1.7089066846158316,0.9358301875531845,English (American),marchman,D_log
Marchman::1655,-0.667137776947479,3.3936966409791394,English (American),marchman,D_log
Marchman::1656,-1.5748054703663659,0.3426932242939569,English (American),marchman,D_log
Marchman::1657,0.7204624426649915,-4.77227682936612,English (American),marchman,D_log
Marchman::1658,1.1152451344760497,-6.143304295691397,English (American),marchman,D_log
Marchman::1659,-2.833022821864081,11.293931972775695,English (American),marchman,D_log
Marchman::166,0.16750655361635908,-4.847878710069105,English (American),marchman,D_log
Marchman::1660,4.107598718908147,-12.431792063489684,English (American),marchman,D_log
Marchman::1661,0.40875263487050084,0.25923141592466775,English (American),marchman,D_log
Marchman::1662,1.7633206140634645,17.895690224626076,English (American),marchman,D_log
Marchman::1663,3.0403991813246827,11.52767419033528,English (American),marchman,D_log
Marchman::1664,0.5587325853270777,12.357531755555769,English (American),marchman,D_log
Marchman::1665,-1.1822443081484164,-3.8940316443940732,English (American),marchman,D_log
Marchman::1666,2.6648085874461676,13.241182443482142,English (American),marchman,D_log
Marchman::1667,-0.3129056628480718,-3.479213337263144,English (American),marchman,D_log
Marchman::1668,0.3954770645179252,-0.9280345097868338,English (American),marchman,D_log
Marchman::1669,-0.5489229115688024,-7.14149600583921,English (American),marchman,D_log
Marchman::167,-3.8208631146198475,-12.277099735865647,English (American),marchman,D_log
Marchman::1670,-0.6344537101487772,-3.4099521200706846,English (American),marchman,D_log
Marchman::1671,-0.563958559755822,0.49248661983028774,English (American),marchman,D_log
Marchman::1672,-0.8160202971100152,7.9052843515297715,English (American),marchman,D_log
Marchman::1673,-0.3088205994914442,-1.1802190864200823,English (American),marchman,D_log
Marchman::1674,-1.4194248632153144,9.4028742216144,English (American),marchman,D_log
Marchman::1675,-1.6519786443300177,6.591720612812075,English (American),marchman,D_log
Marchman::1676,0.8821230576869953,2.0773721784442887,English (American),marchman,D_log
Marchman::1677,1.064856453135622,0.8969887957759541,English (American),marchman,D_log
Marchman::1678,-0.5919510771762256,-0.9067816029995449,English (American),marchman,D_log
Marchman::1679,0.42207374616413423,-0.36207301219967747,English (American),marchman,D_log
Marchman::1680,0.5529871029917414,1.3998723192141398,English (American),marchman,D_log
Marchman::1681,0.7759183593299441,3.284170286336429,English (American),marchman,D_log
Marchman::1682,3.18301611809041,2.408918307101676,English (American),marchman,D_log
Marchman::1683,0.820194599083957,-0.5465114050970841,English (American),marchman,D_log
Marchman::1684,1.130789223014147,-4.02361989033795,English (American),marchman,D_log
Marchman::1685,-3.4476131426994994,9.0293729440593,English (American),marchman,D_log
Marchman::1686,0.380911869422335,11.62204207681055,English (American),marchman,D_log
Marchman::1687,2.487438889825524,9.065926598989662,English (American),marchman,D_log
Marchman::1688,0.23840222981657277,-2.5802066637249053,English (American),marchman,D_log
Marchman::1689,0.018525598275991546,5.158739081711262,English (American),marchman,D_log
Marchman::169,-2.128628890513151,-6.085027238456746,English (American),marchman,D_log
Marchman::1690,-3.974930544889769,1.8844885071453277,English (American),marchman,D_log
Marchman::1691,0.2741375288829393,-1.1705850798578175,English (American),marchman,D_log
Marchman::1692,0.7489540223502473,-9.97238953629203,English (American),marchman,D_log
Marchman::1693,-0.0040539863785389015,-1.72663723114583,English (American),marchman,D_log
Marchman::1694,-0.6318669062965004,-10.506304280401464,English (American),marchman,D_log
Marchman::1695,0.1330221389558069,5.4423643178370655,English (American),marchman,D_log
Marchman::1696,4.571243513072706,7.3215151275236465,English (American),marchman,D_log
Marchman::1698,-1.534372853250666,-11.907072738586894,English (American),marchman,D_log
Marchman::1699,-0.6394610685896173,2.05359804987317,English (American),marchman,D_log
Marchman::17,-0.6308946617605291,-0.295106964367958,English (American),marchman,D_log
Marchman::170,-0.8343700496515782,-1.3644507974151936,English (American),marchman,D_log
Marchman::1700,-2.241789378992209,4.555505698374663,English (American),marchman,D_log
Marchman::1701,-2.1985111634839147,-0.35691313076451037,English (American),marchman,D_log
Marchman::1702,-0.4136347220119448,9.706257040109811,English (American),marchman,D_log
Marchman::1703,-0.8829230172502587,-4.217879863796324,English (American),marchman,D_log
Marchman::1704,-0.36457054301565545,-2.5683698805981137,English (American),marchman,D_log
Marchman::1705,0.03673372240654436,3.644836853800096,English (American),marchman,D_log
Marchman::1706,-0.3888788131068837,3.3285865783819792,English (American),marchman,D_log
Marchman::1707,0.9994259055544474,-1.407750014033944,English (American),marchman,D_log
Marchman::1708,1.4787840323744534,-2.759176021271976,English (American),marchman,D_log
Marchman::1709,-0.7894302954832575,-10.472801570656285,English (American),marchman,D_log
Marchman::1710,-0.764727506650274,-6.0868597318844815,English (American),marchman,D_log
Marchman::1711,0.5361263808480952,-0.6580671432808339,English (American),marchman,D_log
Marchman::1712,0.13853998572342585,-1.7161067486474197,English (American),marchman,D_log
Marchman::1713,-0.5553391533255682,13.852803773083274,English (American),marchman,D_log
Marchman::1714,1.4899627422357842,-0.40036048365261,English (American),marchman,D_log
Marchman::1715,0.4311035795250315,7.739909845672194,English (American),marchman,D_log
Marchman::1716,0.4046694396499625,-5.604123547639937,English (American),marchman,D_log
Marchman::1717,0.3025731213269312,4.364902770859994,English (American),marchman,D_log
Marchman::1718,-3.2636066118605163,11.576798116291744,English (American),marchman,D_log
Marchman::1719,1.9980693231897535,2.1622148605014107,English (American),marchman,D_log
Marchman::172,-2.854570603115182,-8.478942864380182,English (American),marchman,D_log
Marchman::1720,1.851088027412869,-4.885030407395822,English (American),marchman,D_log
Marchman::1721,-1.1124574877269073,2.308319178424937,English (American),marchman,D_log
Marchman::1722,-0.21750014436452614,-3.5535947131526577,English (American),marchman,D_log
Marchman::1723,1.3449842317896157,-1.884872167603665,English (American),marchman,D_log
Marchman::1724,0.024266710669507616,5.386630867895013,English (American),marchman,D_log
Marchman::1725,0.6246506860892898,1.1586103948563984,English (American),marchman,D_log
Marchman::1726,-1.2965152800331157,0.40015826342290217,English (American),marchman,D_log
Marchman::1727,1.1305795198013737,-3.2022016390620602,English (American),marchman,D_log
Marchman::1728,1.1878937850522426,-1.0346106632356102,English (American),marchman,D_log
Marchman::1729,2.1420481065738595,-3.0542409675973916,English (American),marchman,D_log
Marchman::173,1.703467833621421,9.369190215266128,English (American),marchman,D_log
Marchman::1730,1.289129423081673,2.03535629210237,English (American),marchman,D_log
Marchman::1731,3.117854530752422,-7.296957327166957,English (American),marchman,D_log
Marchman::1732,-0.7305141795444631,1.8931185977346456,English (American),marchman,D_log
Marchman::1733,1.2238267027463614,4.096376403084928,English (American),marchman,D_log
Marchman::1734,-1.5138028747090302,17.538515503304218,English (American),marchman,D_log
Marchman::1735,3.1090914382671517,2.263751005880837,English (American),marchman,D_log
Marchman::1736,1.5503320899537647,2.515641950078927,English (American),marchman,D_log
Marchman::1737,1.593673594152751,4.34521326001812,English (American),marchman,D_log
Marchman::1738,0.037998697119536406,3.6323023930399074,English (American),marchman,D_log
Marchman::1739,0.4545856878164187,5.974937346915112,English (American),marchman,D_log
Marchman::174,-2.320257912809586,-5.7998880738337855,English (American),marchman,D_log
Marchman::1740,0.9916471583751174,7.801454252045921,English (American),marchman,D_log
Marchman::1741,1.0047134267635591,-3.4243880788305843,English (American),marchman,D_log
Marchman::1742,1.47082212085962,-5.0539754146072164,English (American),marchman,D_log
Marchman::1743,2.0932648352223455,7.848130374603016,English (American),marchman,D_log
Marchman::1744,1.1908925263849035,-2.5804732662188625,English (American),marchman,D_log
Marchman::1745,0.3467673283925414,-4.811589895377449,English (American),marchman,D_log
Marchman::1746,-1.1278285805193575,-6.997492972640535,English (American),marchman,D_log
Marchman::1747,1.028015445726011,-9.767745122518189,English (American),marchman,D_log
Marchman::1748,0.988609666961678,-3.1057523383395598,English (American),marchman,D_log
Marchman::1749,0.9863911259049304,2.450906624808974,English (American),marchman,D_log
Marchman::175,0.7483146792846269,-1.3783543840327082,English (American),marchman,D_log
Marchman::1750,-0.2307826244759117,-2.891076837624797,English (American),marchman,D_log
Marchman::1751,-1.5230669006251512,-2.93876071235512,English (American),marchman,D_log
Marchman::1752,-1.0934896595890196,2.82545978203846,English (American),marchman,D_log
Marchman::1753,0.4907818070221713,-0.0027529405483358582,English (American),marchman,D_log
Marchman::1754,-2.5747016565008165,-2.0047621749523166,English (American),marchman,D_log
Marchman::1755,-0.8951969518302317,-5.133490169133273,English (American),marchman,D_log
Marchman::1756,1.5754996052960586,1.6957467035543798,English (American),marchman,D_log
Marchman::1757,2.585835844348755,-5.24668254149354,English (American),marchman,D_log
Marchman::1758,1.2212510121395692,-0.7237062915465107,English (American),marchman,D_log
Marchman::1759,0.21574925947279458,2.0514719324863546,English (American),marchman,D_log
Marchman::176,-2.195608034747221,-5.608572507295749,English (American),marchman,D_log
Marchman::1760,-1.8015097267108666,-7.178969656101833,English (American),marchman,D_log
Marchman::1761,-0.5511093787267872,2.983957459642111,English (American),marchman,D_log
Marchman::1762,0.3535906133974369,-3.1695930996645805,English (American),marchman,D_log
Marchman::1763,1.2600569049179813,-3.6117328842089274,English (American),marchman,D_log
Marchman::1764,2.5780104619878492,-8.447029132753016,English (American),marchman,D_log
Marchman::1765,0.4811674252535883,1.0175271743671326,English (American),marchman,D_log
Marchman::1766,-0.8565626210526874,-3.937333555645786,English (American),marchman,D_log
Marchman::1767,2.3020124525543824,21.32555086889714,English (American),marchman,D_log
Marchman::1768,-0.25696859470036576,-2.2199750158912233,English (American),marchman,D_log
Marchman::1769,-1.216241770049549,-10.839168123122093,English (American),marchman,D_log
Marchman::177,-0.30373710280164057,-1.7784479681670728,English (American),marchman,D_log
Marchman::1770,-0.07308693475780632,3.414607944923789,English (American),marchman,D_log
Marchman::1771,1.8064020693359313,-0.5712264885387346,English (American),marchman,D_log
Marchman::1772,1.8458911424762674,12.946024125183424,English (American),marchman,D_log
Marchman::1773,-2.6223703590902914,-4.976773661483967,English (American),marchman,D_log
Marchman::1774,0.561133386266162,-5.999052531977078,English (American),marchman,D_log
Marchman::1775,2.1602056178931504,-6.0236213491802175,English (American),marchman,D_log
Marchman::1776,-0.3410457231988565,-3.5023523440974236,English (American),marchman,D_log
Marchman::1777,-1.5411988427021899,-8.458610108074978,English (American),marchman,D_log
Marchman::1778,-1.433545077637195,-7.3796240153843495,English (American),marchman,D_log
Marchman::1779,1.8535814722763682,3.0811666657330385,English (American),marchman,D_log
Marchman::178,-0.7492023903963834,1.0877017999769298,English (American),marchman,D_log
Marchman::1780,-0.14619065411766155,-0.0014443522863163138,English (American),marchman,D_log
Marchman::1781,-0.1431236004930936,0.7038319833408171,English (American),marchman,D_log
Marchman::1782,3.9909720034278675,1.2888125574755036,English (American),marchman,D_log
Marchman::1783,1.7636873743869257,0.2028791485850765,English (American),marchman,D_log
Marchman::1784,2.501416443939899,4.4068263472590266,English (American),marchman,D_log
Marchman::1785,1.041156025742218,3.729070795776027,English (American),marchman,D_log
Marchman::1786,-1.4579664944888553,1.5623833677635401,English (American),marchman,D_log
Marchman::1787,-0.24832784267917582,-0.4074509023478672,English (American),marchman,D_log
Marchman::1788,1.939253308889183,3.2190572417040477,English (American),marchman,D_log
Marchman::1789,-0.7685118005459883,-1.97825433127983,English (American),marchman,D_log
Marchman::1790,-2.4117648246909633,-0.4653458091996341,English (American),marchman,D_log
Marchman::1791,0.8453959762618445,1.5550916355063387,English (American),marchman,D_log
Marchman::1792,2.3623910320658017,42.31011288423337,English (American),marchman,D_log
Marchman::1793,-1.04197103569099,1.8892681451866693,English (American),marchman,D_log
Marchman::1794,-3.2715316340711533,-6.095179801307628,English (American),marchman,D_log
Marchman::1795,-0.9038227886587646,-1.6662086788385138,English (American),marchman,D_log
Marchman::1796,-1.6235610527574316,-4.934279026865699,English (American),marchman,D_log
Marchman::1797,0.8486704443254491,1.3205329604251845,English (American),marchman,D_log
Marchman::1798,1.2070047696405461,-2.035195871135385,English (American),marchman,D_log
Marchman::1799,-0.08676662266671156,1.4113470424906975,English (American),marchman,D_log
Marchman::18,-1.2917886256643434,-3.8750524360090752,English (American),marchman,D_log
Marchman::180,-0.36487202548119324,0.804997176480303,English (American),marchman,D_log
Marchman::1800,-3.518537555324541,5.620337826155227,English (American),marchman,D_log
Marchman::1801,-0.1152451112369861,-2.375492940753457,English (American),marchman,D_log
Marchman::1802,-1.4469737281768025,1.5859725122101114,English (American),marchman,D_log
Marchman::1803,1.6294993427783004,8.066917318066446,English (American),marchman,D_log
Marchman::1804,0.5134730212331698,-1.822938888277094,English (American),marchman,D_log
Marchman::1805,-1.8491224207499677,-5.360346778874993,English (American),marchman,D_log
Marchman::1806,0.17214587434730141,-2.6549866578432133,English (American),marchman,D_log
Marchman::1807,2.9665866511731274,8.799586504291284,English (American),marchman,D_log
Marchman::1808,1.6189078641391161,6.983975638787081,English (American),marchman,D_log
Marchman::1809,-0.8682612387908485,-9.23379538743152,English (American),marchman,D_log
Marchman::181,-2.1006271385617827,-7.134635315652573,English (American),marchman,D_log
Marchman::1810,0.06439941176040238,5.628173476669143,English (American),marchman,D_log
Marchman::1811,4.82489616681852,32.471987284198164,English (American),marchman,D_log
Marchman::1812,0.7986314747639505,-3.186336212159935,English (American),marchman,D_log
Marchman::1813,2.2140363298205945,19.031775951874387,English (American),marchman,D_log
Marchman::1814,0.7105659616719247,13.45919614653022,English (American),marchman,D_log
Marchman::1815,0.1371486800780213,5.292964788651921,English (American),marchman,D_log
Marchman::1816,0.793890947127069,-0.9010806503624229,English (American),marchman,D_log
Marchman::1817,0.6629591924533423,2.5848453888987417,English (American),marchman,D_log
Marchman::1818,0.5829314102840142,7.546890326607934,English (American),marchman,D_log
Marchman::1819,-0.604851949747817,-0.43805565373570643,English (American),marchman,D_log
Marchman::182,-2.8305545682953888,-5.284125773298047,English (American),marchman,D_log
Marchman::1820,-0.48227895343724553,4.262421608150582,English (American),marchman,D_log
Marchman::1821,-0.5894889175917425,-4.367776432323341,English (American),marchman,D_log
Marchman::1822,-1.0289184252829844,6.238725929075067,English (American),marchman,D_log
Marchman::1823,-0.6714279634388093,-2.2560405661188954,English (American),marchman,D_log
Marchman::1824,-0.9921831917515456,-4.939759877590211,English (American),marchman,D_log
Marchman::1825,1.1802587853111894,-0.6809039133241992,English (American),marchman,D_log
Marchman::1826,1.2116452086384102,2.2663108306500876,English (American),marchman,D_log
Marchman::1827,-0.89959061396254425,-3.87740967713636,English (American),marchman,D_log
Marchman::1828,2.534450685289098,14.501492271378044,English (American),marchman,D_log
Marchman::1829,-0.5468489715862241,-3.3695021314695146,English (American),marchman,D_log
Marchman::183,3.0203677877478503,10.357853510306823,English (American),marchman,D_log
Marchman::1830,0.10393943396435364,6.290018508847732,English (American),marchman,D_log
Marchman::1831,-2.2122990455079536,-9.78141144688129,English (American),marchman,D_log
Marchman::1832,1.4106685889676553,-7.792146043077071,English (American),marchman,D_log
Marchman::1833,2.3821809687127673,3.4124222704564517,English (American),marchman,D_log
Marchman::1834,-0.9462996512739016,6.48857389204601,English (American),marchman,D_log
Marchman::1835,1.0228461935003608,4.258116046878159,English (American),marchman,D_log
Marchman::1836,-1.0638553484251525,1.054361939631688,English (American),marchman,D_log
Marchman::1837,-1.7143898207489316,4.203944613891338,English (American),marchman,D_log
Marchman::1838,0.2883130311461039,-1.3105744722833166,English (American),marchman,D_log
Marchman::1839,-2.2237656919566007,-4.979343422821453,English (American),marchman,D_log
Marchman::184,-2.071463374487483,-4.71675630301733,English (American),marchman,D_log
Marchman::1840,-0.36355494669740385,-1.8050103289327182,English (American),marchman,D_log
Marchman::1841,-0.3846514831276011,1.4467349719481555,English (American),marchman,D_log
Marchman::1842,0.9736100708305623,-4.643285592132793,English (American),marchman,D_log
Marchman::1843,2.91737679887828,7.309433138223656,English (American),marchman,D_log
Marchman::1844,-1.1555751531862608,-1.9863926389094266,English (American),marchman,D_log
Marchman::1845,0.5957806183318087,5.094556225864216,English (American),marchman,D_log
Marchman::1846,-2.700908609630156,3.2068929170452236,English (American),marchman,D_log
Marchman::1847,1.5549473827635971,-0.0037646052500814875,English (American),marchman,D_log
Marchman::1848,0.36529228230741934,-1.8068251661688637,English (American),marchman,D_log
Marchman::1849,1.4549019111419181,-2.186782612450208,English (American),marchman,D_log
Marchman::185,-4.224311358899957,-13.403976494053552,English (American),marchman,D_log
Marchman::1850,-0.7925614688502878,1.8889549617890404,English (American),marchman,D_log
Marchman::1851,0.2899103254967482,-0.47316308963511305,English (American),marchman,D_log
Marchman::1852,0.3290254437876166,-5.027983014663498,English (American),marchman,D_log
Marchman::1853,2.0117015050664575,7.9626174370014215,English (American),marchman,D_log
Marchman::1854,-0.869508680292851,-0.5683867713493281,English (American),marchman,D_log
Marchman::1855,-0.8335010058295005,6.799690287310149,English (American),marchman,D_log
Marchman::1856,-0.7991295395412468,-12.307439260829113,English (American),marchman,D_log
Marchman::1857,3.811462427079892,14.499754242682808,English (American),marchman,D_log
Marchman::1858,1.215889440454964,0.6342938659372162,English (American),marchman,D_log
Marchman::1859,2.664979473103918,1.4183973347972838,English (American),marchman,D_log
Marchman::1860,0.4101412180393872,-1.0774798326891086,English (American),marchman,D_log
Marchman::1861,0.8300618989941673,11.39612714173854,English (American),marchman,D_log
Marchman::187,-1.969540857642587,-8.62520990273996,English (American),marchman,D_log
Marchman::188,-1.1912991822734273,-5.289079319711879,English (American),marchman,D_log
Marchman::189,-2.692818139559672,-9.81012001738273,English (American),marchman,D_log
Marchman::19,2.4790831296236857,7.9888828620867365,English (American),marchman,D_log
Marchman::190,-2.6192789513303887,-4.677401619057645,English (American),marchman,D_log
Marchman::191,-0.6692143254273372,2.671367979477836,English (American),marchman,D_log
Marchman::193,-0.9037946936824507,-3.04849785007018,English (American),marchman,D_log
Marchman::194,-3.4432173346223345,-5.496755783223675,English (American),marchman,D_log
Marchman::195,2.1070096870529107,-11.047612610834049,English (American),marchman,D_log
Marchman::197,0.07525569908692492,4.626386003971749,English (American),marchman,D_log
Marchman::198,-2.015364249999419,-8.02737038415528,English (American),marchman,D_log
Marchman::199,-2.71259445637437,-5.144045216479977,English (American),marchman,D_log
Marchman::2,0.7608908973745058,-1.3377919865185774,English (American),marchman,D_log
Marchman::20,-0.3911810776041925,1.849212333071046,English (American),marchman,D_log
Marchman::200,-3.6635828397582166,-14.474522164999264,English (American),marchman,D_log
Marchman::201,-0.16208756820291254,-2.7807059505512823,English (American),marchman,D_log
Marchman::202,-2.008271360737254,-7.484969613132904,English (American),marchman,D_log
Marchman::203,-0.8347542285382653,-4.370704558333519,English (American),marchman,D_log
Marchman::204,-3.5944705944005144,-5.319612564996037,English (American),marchman,D_log
Marchman::205,-0.7260681228633279,-2.9888264658890473,English (American),marchman,D_log
Marchman::206,-3.9308549107964614,-9.18885864445974,English (American),marchman,D_log
Marchman::207,-2.723629822193179,-12.03065111826626,English (American),marchman,D_log
Marchman::208,-1.7357731732973385,-6.7585179986882515,English (American),marchman,D_log
Marchman::209,0.13596736467097215,-0.31682223696325523,English (American),marchman,D_log
Marchman::21,-0.07988253323547889,-7.0647732178925935,English (American),marchman,D_log
Marchman::210,-2.5878277311311333,-9.975425417349062,English (American),marchman,D_log
Marchman::211,-0.005491558277087173,-1.3737321031782004,English (American),marchman,D_log
Marchman::212,-5.7791696340069825,-11.835355213655603,English (American),marchman,D_log
Marchman::213,-2.1214059401413863,-7.570285792158167,English (American),marchman,D_log
Marchman::214,-1.0669573914296913,6.140167087529374,English (American),marchman,D_log
Marchman::215,-1.8949802738556036,-4.007289584052383,English (American),marchman,D_log
Marchman::216,-4.0222482200273735,-11.718574125994163,English (American),marchman,D_log
Marchman::217,-2.5386148950225675,-6.476557373584015,English (American),marchman,D_log
Marchman::219,-2.610178552115319,-7.520711707679098,English (American),marchman,D_log
Marchman::220,-0.3826780199188036,1.2631535673583598,English (American),marchman,D_log
Marchman::221,-0.6109999973653063,3.2413978192119135,English (American),marchman,D_log
Marchman::222,-2.556971643901479,-6.892624768687583,English (American),marchman,D_log
Marchman::223,-3.074417315052225,-9.49671612014326,English (American),marchman,D_log
Marchman::224,1.6598958027751967,9.289180762038653,English (American),marchman,D_log
Marchman::225,2.3496258468080136,-1.8534222737378925,English (American),marchman,D_log
Marchman::226,4.120187933692192e-5,-1.3264409389425769,English (American),marchman,D_log
Marchman::227,1.1707847704202747,9.243263340253433,English (American),marchman,D_log
Marchman::228,-2.651315698662268,-1.604186713900139,English (American),marchman,D_log
Marchman::23,4.43529485106975,7.495241044134643,English (American),marchman,D_log
Marchman::230,-0.8849215342546879,2.1320165828078066,English (American),marchman,D_log
Marchman::232,-0.977388247894345,0.11045774236538408,English (American),marchman,D_log
Marchman::233,0.3369312611306882,4.151838889827282,English (American),marchman,D_log
Marchman::234,5.4407014914248375,10.8703455272628,English (American),marchman,D_log
Marchman::235,-0.20997852654087923,-1.6152542367528824,English (American),marchman,D_log
Marchman::236,4.264339437180776,9.965178349730664,English (American),marchman,D_log
Marchman::237,-2.792541311129993,-8.589383575444941,English (American),marchman,D_log
Marchman::238,0.5531033572141547,4.885180102055581,English (American),marchman,D_log
Marchman::239,-1.447890721217096,0.11875988160530349,English (American),marchman,D_log
Marchman::24,-0.2130413193452931,-8.137182987308051,English (American),marchman,D_log
Marchman::240,0.7044527772873277,-1.649542274212373,English (American),marchman,D_log
Marchman::241,4.7053736685968355,25.65812158420993,English (American),marchman,D_log
Marchman::242,-1.711702262331698,-7.5599322161408935,English (American),marchman,D_log
Marchman::243,-2.270437024564944,-3.6850887552897706,English (American),marchman,D_log
Marchman::244,1.010942717600243,2.2224319535545516,English (American),marchman,D_log
Marchman::245,0.7566951211985321,-2.89531744340194,English (American),marchman,D_log
Marchman::246,0.01409433853963326,-9.907095510663417,English (American),marchman,D_log
Marchman::247,-0.9000939123922698,-4.82489383544454,English (American),marchman,D_log
Marchman::248,-0.39616403011181067,3.374560394468811,English (American),marchman,D_log
Marchman::249,0.18774492169095078,-9.673671387208726,English (American),marchman,D_log
Marchman::25,3.4374634417831125,3.040683693681681,English (American),marchman,D_log
Marchman::250,-2.703140726892987,-5.60458946001869,English (American),marchman,D_log
Marchman::251,-1.02142593125291,-5.446600578928626,English (American),marchman,D_log
Marchman::252,1.3026631381246871,5.579186550530392,English (American),marchman,D_log
Marchman::253,5.002163884642534,16.185521218256177,English (American),marchman,D_log
Marchman::254,-2.4753281918120105,-8.197625388051978,English (American),marchman,D_log
Marchman::255,0.1502072278993805,2.800040948984789,English (American),marchman,D_log
Marchman::256,-0.8919216523722243,5.295493258232781,English (American),marchman,D_log
Marchman::257,-0.26729716867734343,1.1110912023227633,English (American),marchman,D_log
Marchman::258,3.101946116072833,8.226176456992949,English (American),marchman,D_log
Marchman::259,-0.5458868301799461,-2.2392466920766334,English (American),marchman,D_log
Marchman::260,-2.967975896543647,-12.824811363940572,English (American),marchman,D_log
Marchman::261,-2.1632517793070014,-19.48958336336425,English (American),marchman,D_log
Marchman::262,-1.9782701831158052,-4.584421917968578,English (American),marchman,D_log
Marchman::263,-4.99655213868201,-5.900735401589729,English (American),marchman,D_log
Marchman::264,-2.913499569136036,0.2948808189142622,English (American),marchman,D_log
Marchman::265,-2.3880528130915386,-8.556340555961345,English (American),marchman,D_log
Marchman::266,-2.7377557811924444,-9.540548660792329,English (American),marchman,D_log
Marchman::267,-2.524405976687775,-8.962740383929715,English (American),marchman,D_log
Marchman::268,0.5690170825115333,1.6871960008588807,English (American),marchman,D_log
Marchman::269,-0.14343293394708864,1.1560767323195336,English (American),marchman,D_log
Marchman::27,-0.2875866173901982,-6.4039514691715125,English (American),marchman,D_log
Marchman::270,-1.9564355132078106,-5.069543484325147,English (American),marchman,D_log
Marchman::271,-1.6470987223010078,-5.552135140442935,English (American),marchman,D_log
Marchman::272,0.02818803817655625,-3.5835116936659293,English (American),marchman,D_log
Marchman::273,-1.9852636678294804,-2.7012104444155014,English (American),marchman,D_log
Marchman::274,-2.153417184596639,-4.135523325440277,English (American),marchman,D_log
Marchman::275,-0.7885818743886643,1.733860715211961,English (American),marchman,D_log
Marchman::276,0.18535704120686863,-1.3793174597091555,English (American),marchman,D_log
Marchman::277,2.860923863371666,-5.887677327864701,English (American),marchman,D_log
Marchman::278,-1.024424897920309,8.802365438624378,English (American),marchman,D_log
Marchman::28,-1.7047445164691095,-2.843323062592682,English (American),marchman,D_log
Marchman::280,2.573577144318262,-9.010190291212584,English (American),marchman,D_log
Marchman::281,-0.3791577980134427,5.687209247436712,English (American),marchman,D_log
Marchman::282,-2.969234173672183,-1.5542892812754108,English (American),marchman,D_log
Marchman::283,1.4652670597052029,-0.840009845920157,English (American),marchman,D_log
Marchman::284,-1.5540739203387963,1.4391504667827495,English (American),marchman,D_log
Marchman::285,-4.710207579028164,-4.825947769453384,English (American),marchman,D_log
Marchman::286,-4.1944029576948445,-9.387552530136425,English (American),marchman,D_log
Marchman::287,0.8177914755685444,3.1092452329658435,English (American),marchman,D_log
Marchman::288,-1.3789359979792362,-6.402619330965383,English (American),marchman,D_log
Marchman::289,-3.0999161238425765,-11.738862596661232,English (American),marchman,D_log
Marchman::29,2.6810233281856375,7.93912256610121,English (American),marchman,D_log
Marchman::290,-2.7735327877619724,-4.84967597720911,English (American),marchman,D_log
Marchman::291,-1.8690131230928708,-10.91723377674554,English (American),marchman,D_log
Marchman::292,3.485183051312703,-7.470069017964482,English (American),marchman,D_log
Marchman::293,0.6836178616726107,-9.892402344457112,English (American),marchman,D_log
Marchman::294,-0.9779970985514254,2.320495044439496,English (American),marchman,D_log
Marchman::295,-3.701786524916669,-3.256967591479888,English (American),marchman,D_log
Marchman::296,-2.390481366369646,-16.077054063779478,English (American),marchman,D_log
Marchman::297,-3.048233175640936,-7.901626534649553,English (American),marchman,D_log
Marchman::298,-3.412254058700065,-11.348019012782304,English (American),marchman,D_log
Marchman::299,-0.7647331683232903,-6.152390731183829,English (American),marchman,D_log
Marchman::3,1.140080769323025,0.47095385828206937,English (American),marchman,D_log
Marchman::30,0.8650144548045169,11.403807740002598,English (American),marchman,D_log
Marchman::301,-0.07374843188337446,-4.027438140765814,English (American),marchman,D_log
Marchman::302,1.2874215410782381,-0.44438513933917645,English (American),marchman,D_log
Marchman::303,-3.3736868429203013,-9.876663795741248,English (American),marchman,D_log
Marchman::304,-0.1437038558519402,-6.358065423524885,English (American),marchman,D_log
Marchman::305,-1.638582892987947,0.8183149762735953,English (American),marchman,D_log
Marchman::306,1.794005427485702,-1.1969955028165509,English (American),marchman,D_log
Marchman::307,-0.4674401378183981,-3.075843859177928,English (American),marchman,D_log
Marchman::308,1.1457786535826815,9.142646172137892,English (American),marchman,D_log
Marchman::309,-3.402873248904742,-10.554371871043486,English (American),marchman,D_log
Marchman::31,1.3152826323402635,0.8865672629357947,English (American),marchman,D_log
Marchman::310,-3.1143919384746073,-6.002886078987539,English (American),marchman,D_log
Marchman::311,-4.411306563246711,-9.37984148937224,English (American),marchman,D_log
Marchman::313,2.23536550504768,-3.080245963892168,English (American),marchman,D_log
Marchman::314,-0.9582342404638374,1.3103116770500114,English (American),marchman,D_log
Marchman::315,-1.1190111355723504,-4.639995491086604,English (American),marchman,D_log
Marchman::316,-3.1152268722854246,-10.641920891437497,English (American),marchman,D_log
Marchman::317,1.7094895026752592,0.7571490550735696,English (American),marchman,D_log
Marchman::319,2.590665750615535,6.979308839323918,English (American),marchman,D_log
Marchman::32,4.63768836382956,17.81847555410376,English (American),marchman,D_log
Marchman::320,0.8096782989458297,-0.7660731942994297,English (American),marchman,D_log
Marchman::322,-0.9386207057937743,-5.221818756240769,English (American),marchman,D_log
Marchman::324,-2.7617072364259583,-7.052589651590846,English (American),marchman,D_log
Marchman::325,-4.750016634142016,-11.707383464575315,English (American),marchman,D_log
Marchman::326,-1.1249620755651706,0.4560254111434425,English (American),marchman,D_log
Marchman::327,-0.9280481406191727,1.198699302185274,English (American),marchman,D_log
Marchman::328,-1.180245457551898,-5.406262187148435,English (American),marchman,D_log
Marchman::329,-0.19924127234744365,-3.9527865410053824,English (American),marchman,D_log
Marchman::33,-1.225677464049363,-7.2256993892853565,English (American),marchman,D_log
Marchman::330,-1.3854380688599617,-7.687685553622793,English (American),marchman,D_log
Marchman::331,-0.4771679614329301,2.070189208786691,English (American),marchman,D_log
Marchman::332,-0.5947964217629091,-0.4409015501612961,English (American),marchman,D_log
Marchman::334,-2.2809782152058444,0.01483672503437905,English (American),marchman,D_log
Marchman::335,-3.2199596190318918,-14.301054677968374,English (American),marchman,D_log
Marchman::337,-2.515621304658153,-11.25519798512676,English (American),marchman,D_log
Marchman::338,-1.8538495851173291,-2.4748292450988005,English (American),marchman,D_log
Marchman::339,-0.7397246613043615,-2.5351456900080054,English (American),marchman,D_log
Marchman::34,-2.6733406632738044,-7.197947686545023,English (American),marchman,D_log
Marchman::340,-3.0795553112018865,-6.086091900751321,English (American),marchman,D_log
Marchman::341,-2.287945160520695,-3.6295467728788937,English (American),marchman,D_log
Marchman::342,-4.901170432367844,-5.114391832412956,English (American),marchman,D_log
Marchman::344,-3.7328880253352508,-5.964805720019193,English (American),marchman,D_log
Marchman::345,-1.3981207272943956,-4.442742465730449,English (American),marchman,D_log
Marchman::346,-0.07021330548071426,-10.65436223606475,English (American),marchman,D_log
Marchman::347,-0.6193165894730277,-2.960121030251356,English (American),marchman,D_log
Marchman::349,-4.244876758726462,-8.884784694636004,English (American),marchman,D_log
Marchman::35,1.1371742471154356,-2.4953403877628606,English (American),marchman,D_log
Marchman::350,-0.47230244991190473,-0.32523649090265266,English (American),marchman,D_log
Marchman::351,-4.458955404255061,-9.66227789856136,English (American),marchman,D_log
Marchman::352,-4.010686899651307,-8.179396298951389,English (American),marchman,D_log
Marchman::353,-1.4806272862376921,-6.659498203045024,English (American),marchman,D_log
Marchman::354,-1.8253822662435155,-5.1735851375035296,English (American),marchman,D_log
Marchman::355,2.4630069015429976,4.689961454321827,English (American),marchman,D_log
Marchman::356,-1.6797402541972537,-0.13783521923249475,English (American),marchman,D_log
Marchman::357,-3.4594322131978616,-8.222885328085635,English (American),marchman,D_log
Marchman::359,-3.235006950197157,0.6631539520951844,English (American),marchman,D_log
Marchman::360,-1.2600816567154778,-8.52092888554345,English (American),marchman,D_log
Marchman::361,-1.6920740408784627,-7.701312486166641,English (American),marchman,D_log
Marchman::362,-1.7867613388378847,-4.953177008858255,English (American),marchman,D_log
Marchman::363,-0.8718836426497496,-3.9286494738392728,English (American),marchman,D_log
Marchman::364,0.22113859332319813,-8.708379075365903,English (American),marchman,D_log
Marchman::365,-2.4051512442307166,-13.977820138448417,English (American),marchman,D_log
Marchman::366,-4.899576504627918,-2.9911588741392854,English (American),marchman,D_log
Marchman::367,-2.947162532452232,-9.899434876750544,English (American),marchman,D_log
Marchman::368,-2.736383479569396,-4.022758545423882,English (American),marchman,D_log
Marchman::369,0.7277308239819786,-6.921666056912987,English (American),marchman,D_log
Marchman::37,-0.2883756619745708,-11.93663781762513,English (American),marchman,D_log
Marchman::370,1.358638445687144,-7.780242420517617,English (American),marchman,D_log
Marchman::371,-3.2220916314670873,-8.377829236574499,English (American),marchman,D_log
Marchman::372,-3.3230107605879056,-16.83454939205986,English (American),marchman,D_log
Marchman::373,-2.8631179735388894,0.8795427146532866,English (American),marchman,D_log
Marchman::374,-4.84076358156724,-6.675663304188543,English (American),marchman,D_log
Marchman::375,-1.0992320264470448,0.2490287603914656,English (American),marchman,D_log
Marchman::376,-1.1715877843434768,-1.9947834446477124,English (American),marchman,D_log
Marchman::377,0.4424076204259967,1.119416273311318,English (American),marchman,D_log
Marchman::378,-1.9771667938838846,-3.0521289907478666,English (American),marchman,D_log
Marchman::38,0.9569116911383425,-1.6967839341796926,English (American),marchman,D_log
Marchman::380,-2.975567323800651,-12.775313421244142,English (American),marchman,D_log
Marchman::381,0.8189231644438946,-3.4179782817612097,English (American),marchman,D_log
Marchman::382,1.0198940375460421,-1.147042517497674,English (American),marchman,D_log
Marchman::383,-1.1108400263190448,-9.891058818602644,English (American),marchman,D_log
Marchman::384,-3.517770574803812,-4.635368817824933,English (American),marchman,D_log
Marchman::385,-3.131266670918325,-8.957643499680161,English (American),marchman,D_log
Marchman::386,1.9621813320733448,25.350201273568462,English (American),marchman,D_log
Marchman::387,-3.420473594411343,-13.611518462405975,English (American),marchman,D_log
Marchman::388,-2.643664428665357,0.2700583010756943,English (American),marchman,D_log
Marchman::389,-2.6481847524523223,-7.615863356041368,English (American),marchman,D_log
Marchman::39,1.364718348553299,-6.987674956658629,English (American),marchman,D_log
Marchman::391,-2.4134466638645864,-9.862793091791275,English (American),marchman,D_log
Marchman::392,-0.8273290889756179,-0.10355908144933557,English (American),marchman,D_log
Marchman::393,-2.8195782790565977,-7.932619255111132,English (American),marchman,D_log
Marchman::394,-0.4440758259503052,-2.091662804604821,English (American),marchman,D_log
Marchman::395,-0.8746113384376782,-0.8910198936714129,English (American),marchman,D_log
Marchman::396,2.0250809008408517,6.1491353550867975,English (American),marchman,D_log
Marchman::397,-4.291475773348176,-5.034410704355471,English (American),marchman,D_log
Marchman::399,-4.445701180406216,-12.557727301318891,English (American),marchman,D_log
Marchman::4,1.9787631388640468,4.95215194701084,English (American),marchman,D_log
Marchman::40,2.6287091365302335,1.0544667352328725,English (American),marchman,D_log
Marchman::400,-4.119603239418771,-12.314095778710996,English (American),marchman,D_log
Marchman::401,-2.042500183519196,-5.846460459826302,English (American),marchman,D_log
Marchman::402,3.506214189984112,9.488176116094355,English (American),marchman,D_log
Marchman::404,-2.8642874135077534,-15.525660550581971,English (American),marchman,D_log
Marchman::405,-1.0282647599692842,-4.711672949176954,English (American),marchman,D_log
Marchman::406,0.3827014917920765,1.9229251802123244,English (American),marchman,D_log
Marchman::407,-0.8601052851333189,-4.366353326659899,English (American),marchman,D_log
Marchman::409,-1.3679981883025951,-9.508838711841129,English (American),marchman,D_log
Marchman::41,2.668120481133207,0.02511690209315187,English (American),marchman,D_log
Marchman::411,-0.10269743847686334,-0.7610013923257626,English (American),marchman,D_log
Marchman::412,-2.73637033466507,-7.8384723191239765,English (American),marchman,D_log
Marchman::413,-2.4639496406094406,-2.318743458134703,English (American),marchman,D_log
Marchman::414,-3.774536051016539,-9.877766508351144,English (American),marchman,D_log
Marchman::415,0.10283140351342651,1.0707997732180163,English (American),marchman,D_log
Marchman::417,-1.8711225020695317,-3.050819496976779,English (American),marchman,D_log
Marchman::418,-0.6322587978029294,7.211858863449121,English (American),marchman,D_log
Marchman::419,-2.666445430895904,-7.272549443854491,English (American),marchman,D_log
Marchman::42,-1.9282876258706743,-4.294429374403658,English (American),marchman,D_log
Marchman::420,-3.1556223112492274,-8.490241559903737,English (American),marchman,D_log
Marchman::421,-2.076279866583186,-4.964356793801629,English (American),marchman,D_log
Marchman::422,-0.5075455313908871,1.4499890325462623,English (American),marchman,D_log
Marchman::423,-2.7584254681620908,-9.144653246740805,English (American),marchman,D_log
Marchman::424,-0.8358341774425891,-6.743588963123612,English (American),marchman,D_log
Marchman::427,-4.9765455278804716,-10.469027440588532,English (American),marchman,D_log
Marchman::428,-1.1141140415906623,-4.649244133483753,English (American),marchman,D_log
Marchman::429,-3.1049410228912806,-6.6717810775101976,English (American),marchman,D_log
Marchman::43,-1.0340828300784968,-5.716064163992086,English (American),marchman,D_log
Marchman::430,-2.4476265308469083,-8.16380654799788,English (American),marchman,D_log
Marchman::431,4.977341103267104,22.281736870055987,English (American),marchman,D_log
Marchman::432,-2.066067047905982,-7.817977832761811,English (American),marchman,D_log
Marchman::433,-3.934690280002653,-3.0854144017459326,English (American),marchman,D_log
Marchman::434,-0.3949214536218124,8.179438905289741,English (American),marchman,D_log
Marchman::435,-0.8049288225994118,0.5352659524451473,English (American),marchman,D_log
Marchman::436,-1.4079780529129236,-1.4789570686193863,English (American),marchman,D_log
Marchman::437,1.4400522884516938,-0.3735129629072098,English (American),marchman,D_log
Marchman::438,-0.10567871182239329,-4.422508033464029,English (American),marchman,D_log
Marchman::439,-0.21601717436413156,3.105919151710951,English (American),marchman,D_log
Marchman::44,-1.6957040068406648,-13.293433204726393,English (American),marchman,D_log
Marchman::440,-0.23287395087886018,-1.642233607251481,English (American),marchman,D_log
Marchman::441,-1.7475681086738877,1.1035790895566104,English (American),marchman,D_log
Marchman::443,-1.1273514271643406,-4.014915490176999,English (American),marchman,D_log
Marchman::444,-0.46217940010183295,4.109539242704593,English (American),marchman,D_log
Marchman::446,-2.6609557262428223,-9.319287583741094,English (American),marchman,D_log
Marchman::447,-5.228126806583177,-11.525097033023208,English (American),marchman,D_log
Marchman::448,-2.588655544110377,-12.101721656307665,English (American),marchman,D_log
Marchman::449,-2.7916806885432774,-6.962073718250416,English (American),marchman,D_log
Marchman::45,-0.13133112177219788,-2.6000018438799253,English (American),marchman,D_log
Marchman::450,2.0743365110879983,-5.907884412633011,English (American),marchman,D_log
Marchman::451,-2.627645990862012,-1.5590240602589962,English (American),marchman,D_log
Marchman::452,-3.1870844928603073,-8.817050796040302,English (American),marchman,D_log
Marchman::453,-0.5565577857461627,-0.5575556719463909,English (American),marchman,D_log
Marchman::454,-1.2606964343243687,-9.425589023430112,English (American),marchman,D_log
Marchman::455,3.3167352080355506,19.60752770576658,English (American),marchman,D_log
Marchman::456,-0.36420604917704313,-4.699020286942287,English (American),marchman,D_log
Marchman::457,-3.5383361336540844,-8.82264454011844,English (American),marchman,D_log
Marchman::458,-1.5431000493004767,-5.803468468068376,English (American),marchman,D_log
Marchman::46,-2.3053451139821948,-8.881384922888419,English (American),marchman,D_log
Marchman::460,-0.20926704540987548,-2.7563131087077046,English (American),marchman,D_log
Marchman::461,-0.8563857364966165,-4.35064317189892,English (American),marchman,D_log
Marchman::462,-3.2174100376474075,-6.707285724743978,English (American),marchman,D_log
Marchman::463,13.945644418617146,38.888294731378565,English (American),marchman,D_log
Marchman::464,-0.40835918054321674,-0.714762399055907,English (American),marchman,D_log
Marchman::465,-0.6861204628136184,3.6094204835936012,English (American),marchman,D_log
Marchman::466,-0.08229685256225634,-4.120771403730089,English (American),marchman,D_log
Marchman::467,0.20011586985716337,-0.2243928982047605,English (American),marchman,D_log
Marchman::468,-1.964516834728783,-2.4035129182411326,English (American),marchman,D_log
Marchman::469,-2.136431424277994,-6.029253617181827,English (American),marchman,D_log
Marchman::47,-1.082095798396219,-3.046861608136398,English (American),marchman,D_log
Marchman::470,-1.1911452888740315,-0.30394160833373807,English (American),marchman,D_log
Marchman::471,-3.0451120923148767,-3.0214337901384343,English (American),marchman,D_log
Marchman::472,-1.3712590641452127,4.836832546308891,English (American),marchman,D_log
Marchman::473,-2.6160429051971232,-9.664732822677655,English (American),marchman,D_log
Marchman::474,3.402114682202124,18.629385081061848,English (American),marchman,D_log
Marchman::475,0.8705717804279368,2.7243832769357947,English (American),marchman,D_log
Marchman::477,-0.770075747391956,1.3143270700544478,English (American),marchman,D_log
Marchman::478,-0.16428252509134242,-1.524847148881991,English (American),marchman,D_log
Marchman::479,-3.189454081878108,-1.6573840593888982,English (American),marchman,D_log
Marchman::48,-0.9255186289769066,2.121689503601782,English (American),marchman,D_log
Marchman::480,-1.335827434784104,2.6319825576034352,English (American),marchman,D_log
Marchman::481,-2.4793326789529746,-1.4519446822905127,English (American),marchman,D_log
Marchman::482,3.057283740867394,-2.907637776811618,English (American),marchman,D_log
Marchman::483,-1.8446493106342443,-2.788720780133223,English (American),marchman,D_log
Marchman::484,-2.831565027783462,-6.691552273941376,English (American),marchman,D_log
Marchman::485,1.232408443676104,0.44157747280670745,English (American),marchman,D_log
Marchman::486,-1.262844396744126,-8.903085307531,English (American),marchman,D_log
Marchman::487,3.2066161418451915,3.524014249481237,English (American),marchman,D_log
Marchman::488,-2.664341268747155,-5.554330963034141,English (American),marchman,D_log
Marchman::489,-3.1339000206179572,-1.3214923253520232,English (American),marchman,D_log
Marchman::49,0.7010468590692568,-7.536917099437251,English (American),marchman,D_log
Marchman::490,0.36306162514887047,5.83439156734482,English (American),marchman,D_log
Marchman::491,0.2213248802780731,-3.145596655343433,English (American),marchman,D_log
Marchman::492,1.5816173641910838,-3.721533029859014,English (American),marchman,D_log
Marchman::493,1.3628435278729578,2.267214210203313,English (American),marchman,D_log
Marchman::494,0.12553909021261786,-2.831092302091783,English (American),marchman,D_log
Marchman::495,-0.02810783872364651,-1.1688742134354342,English (American),marchman,D_log
Marchman::496,-1.0992562554385064,-4.690757170534792,English (American),marchman,D_log
Marchman::497,-2.2284348260196385,-10.585184078711517,English (American),marchman,D_log
Marchman::498,0.9378194073181173,-7.331615140875061,English (American),marchman,D_log
Marchman::499,0.5735742420901521,-10.181237558350704,English (American),marchman,D_log
Marchman::5,1.7603838501926505,2.2189128086878576,English (American),marchman,D_log
Marchman::50,-0.13350864737720217,4.105988998474386,English (American),marchman,D_log
Marchman::500,0.9832034921082027,2.147845074429352,English (American),marchman,D_log
Marchman::501,-0.5865602940958311,2.7438381051869456,English (American),marchman,D_log
Marchman::502,-1.199178916581927,-7.364916493351038,English (American),marchman,D_log
Marchman::503,-1.820461684123363,-0.2613272138996412,English (American),marchman,D_log
Marchman::504,-4.464523917103649,-5.422541227233878,English (American),marchman,D_log
Marchman::505,-1.96444235669981,-1.1114394018495206,English (American),marchman,D_log
Marchman::507,0.46945807307797116,5.9219917286008465,English (American),marchman,D_log
Marchman::508,0.8495131596088414,2.352128792707597,English (American),marchman,D_log
Marchman::509,-1.1135165698035165,-5.546480696298799,English (American),marchman,D_log
Marchman::51,-3.121691307701329,-6.2980249812687985,English (American),marchman,D_log
Marchman::510,1.0580890838436108,10.463083692258301,English (American),marchman,D_log
Marchman::511,1.8517840075447207,2.4163279568813687,English (American),marchman,D_log
Marchman::512,-0.016972061652709414,10.743472855016666,English (American),marchman,D_log
Marchman::513,-0.8460906984264331,-1.241068560729837,English (American),marchman,D_log
Marchman::514,2.5514818342494654,4.526885333323385,English (American),marchman,D_log
Marchman::515,-1.0139290008477193,-4.129644153095367,English (American),marchman,D_log
Marchman::517,-1.8865917273211854,-0.2799528809290335,English (American),marchman,D_log
Marchman::518,0.5127122163971042,-1.8636124054475405,English (American),marchman,D_log
Marchman::519,2.715815948081343,5.355045968267004,English (American),marchman,D_log
Marchman::52,-3.6285217546774104,-8.998229573370875,English (American),marchman,D_log
Marchman::520,0.0754077430937595,1.3527335610661684,English (American),marchman,D_log
Marchman::521,-0.26964826657472213,-7.853458077217309,English (American),marchman,D_log
Marchman::522,-0.47558444066417044,13.936738798411856,English (American),marchman,D_log
Marchman::523,0.07149296322758036,-3.3629389023742164,English (American),marchman,D_log
Marchman::524,5.34527213163081,7.441696621046744,English (American),marchman,D_log
Marchman::525,1.1550573039855578,0.9989707676712654,English (American),marchman,D_log
Marchman::526,-2.587283501481004,-2.189916555337649,English (American),marchman,D_log
Marchman::527,-1.1776239334837468,-2.070522930197867,English (American),marchman,D_log
Marchman::528,-1.5619372621060774,-0.5106482618378458,English (American),marchman,D_log
Marchman::529,1.8331671218828753,-3.9001458180623754,English (American),marchman,D_log
Marchman::53,-0.6813427305706747,-2.916257850465832,English (American),marchman,D_log
Marchman::530,0.07503642391049116,-6.194189935843501,English (American),marchman,D_log
Marchman::531,1.120918993908988,1.6705773180486947,English (American),marchman,D_log
Marchman::532,-0.8448257785785724,-2.1227499711406903,English (American),marchman,D_log
Marchman::533,-1.01855244336304,-6.308382126029478,English (American),marchman,D_log
Marchman::534,0.3690337880176514,1.062127600434875,English (American),marchman,D_log
Marchman::535,-2.561283039797786,-7.7991070881387135,English (American),marchman,D_log
Marchman::536,2.8402059331074954,-7.587687257141577,English (American),marchman,D_log
Marchman::537,-3.600831148941439,-3.6334189507825894,English (American),marchman,D_log
Marchman::538,-1.864719239443143,-1.8029364245493755,English (American),marchman,D_log
Marchman::539,1.6475219158492114,-5.461011230259259,English (American),marchman,D_log
Marchman::54,0.5784612174875444,-2.6713005780938976,English (American),marchman,D_log
Marchman::540,0.5559636072428958,-2.855029826910842,English (American),marchman,D_log
Marchman::541,-0.4422407601929611,-9.09486933826886,English (American),marchman,D_log
Marchman::542,-1.5012612928272573,0.3934906010841577,English (American),marchman,D_log
Marchman::543,-2.341016071192392,-2.082908853251674,English (American),marchman,D_log
Marchman::545,1.8618179132763872,4.889604079857557,English (American),marchman,D_log
Marchman::546,1.441906271309332,-0.8059394971896183,English (American),marchman,D_log
Marchman::547,-1.8749077989787988,3.775548864644931,English (American),marchman,D_log
Marchman::548,4.483291104985957,-2.9381356595473944,English (American),marchman,D_log
Marchman::549,-1.0258674440495614,-7.850902979880856,English (American),marchman,D_log
Marchman::55,-0.7926089958540442,-0.5274300484228647,English (American),marchman,D_log
Marchman::550,-1.1054833056773101,-5.547561063315017,English (American),marchman,D_log
Marchman::551,0.023058420276164802,-2.439428213697826,English (American),marchman,D_log
Marchman::552,-0.6569909790917302,-4.059955778123044,English (American),marchman,D_log
Marchman::553,-0.2547294401783169,-6.654778137670035,English (American),marchman,D_log
Marchman::554,3.722106064554047,27.4223761082945,English (American),marchman,D_log
Marchman::555,1.9977282494469832,6.449841299291666,English (American),marchman,D_log
Marchman::556,0.04916840017762721,-3.8250352404039534,English (American),marchman,D_log
Marchman::557,-2.404362627747899,-0.7278127644291414,English (American),marchman,D_log
Marchman::558,-1.3846381479748489,3.090413855980355,English (American),marchman,D_log
Marchman::559,-1.2393372103236495,-2.1382384059398856,English (American),marchman,D_log
Marchman::56,-1.5171062869702574,-7.06350462188714,English (American),marchman,D_log
Marchman::560,0.07602014069085734,0.44906954108745534,English (American),marchman,D_log
Marchman::561,-1.310526335789999,-8.734431435269695,English (American),marchman,D_log
Marchman::562,3.186484622936298,35.13217542494197,English (American),marchman,D_log
Marchman::563,0.5363368506128712,2.4284448856854723,English (American),marchman,D_log
Marchman::564,-1.6690583495066114,-4.092922943160076,English (American),marchman,D_log
Marchman::565,-1.3470614357785602,-6.852174543542298,English (American),marchman,D_log
Marchman::566,3.8798537879163906,17.775024990553817,English (American),marchman,D_log
Marchman::568,-1.1098172017088395,-4.286719801052792,English (American),marchman,D_log
Marchman::569,0.5266172230405721,-11.734810651147972,English (American),marchman,D_log
Marchman::57,-2.5048157986654593,-9.554140682892267,English (American),marchman,D_log
Marchman::570,-0.4586866993372744,-2.9698569079992345,English (American),marchman,D_log
Marchman::571,-1.8929176060937811,2.9705949551973925,English (American),marchman,D_log
Marchman::572,-1.978380727739106,-3.313688724372816,English (American),marchman,D_log
Marchman::573,0.15446448999330956,1.9467125685208195,English (American),marchman,D_log
Marchman::574,-1.473780995629987,-5.449794647892389,English (American),marchman,D_log
Marchman::575,0.17735259456732763,-9.512744103024199,English (American),marchman,D_log
Marchman::576,-1.4024695539681165,-8.278990268882415,English (American),marchman,D_log
Marchman::577,-1.5687119844072013,-5.6202438487497854,English (American),marchman,D_log
Marchman::578,0.4427882837958731,3.2301735926752464,English (American),marchman,D_log
Marchman::579,-2.880209286488478,0.7506704827854458,English (American),marchman,D_log
Marchman::58,-2.9513684694643354,-10.246092751153407,English (American),marchman,D_log
Marchman::580,-0.8888654769848835,-2.707633202135143,English (American),marchman,D_log
Marchman::581,0.4260738603056352,-1.3194498136463735,English (American),marchman,D_log
Marchman::582,3.999263783602389,0.8002639507485076,English (American),marchman,D_log
Marchman::583,1.2107379782211374,4.447268274708545,English (American),marchman,D_log
Marchman::584,0.5068928131102324,-2.151292599638081,English (American),marchman,D_log
Marchman::585,-0.30971188709115255,-8.770314499449789,English (American),marchman,D_log
Marchman::586,1.4873525679234127,-2.6142919317761937,English (American),marchman,D_log
Marchman::587,0.790548795749372,-3.198605891250406,English (American),marchman,D_log
Marchman::588,-1.4244244975322204,-2.613136194484987,English (American),marchman,D_log
Marchman::589,-1.4588125962137932,3.0170559706119846,English (American),marchman,D_log
Marchman::59,-2.308210591930415,-9.28970744470409,English (American),marchman,D_log
Marchman::590,-1.3822372161428254,-8.148106857463063,English (American),marchman,D_log
Marchman::591,-2.169814925249293,-3.4364575750706843,English (American),marchman,D_log
Marchman::592,-3.180517690711507,-4.109462476814048,English (American),marchman,D_log
Marchman::593,-1.64452600888841,0.011390040684198244,English (American),marchman,D_log
Marchman::594,1.2575650896186936,-1.6569137523598993,English (American),marchman,D_log
Marchman::595,-2.3914359715835247,-3.659080872823189,English (American),marchman,D_log
Marchman::596,-0.9983670947802777,3.03155711552349,English (American),marchman,D_log
Marchman::597,1.5446481090362725,0.6436381268666187,English (American),marchman,D_log
Marchman::598,-1.426178395090486,0.1716381873679389,English (American),marchman,D_log
Marchman::599,0.3534136226839989,-4.4304990306487575,English (American),marchman,D_log
Marchman::6,2.719228784770962,-2.1872967864011486,English (American),marchman,D_log
Marchman::60,-3.9005498593583545,-7.874846830364724,English (American),marchman,D_log
Marchman::600,2.1576156909564284,-7.183920784829304,English (American),marchman,D_log
Marchman::601,1.6821514973628058,6.153137226517883,English (American),marchman,D_log
Marchman::602,0.02633767641615413,0.34680689262068876,English (American),marchman,D_log
Marchman::603,1.6541481913259557,-2.32943537340364,English (American),marchman,D_log
Marchman::604,-2.178584491386031,-1.7157363409135133,English (American),marchman,D_log
Marchman::605,0.1109657132383393,-4.0172633873192565,English (American),marchman,D_log
Marchman::606,0.11829888646167253,-4.609307846421446,English (American),marchman,D_log
Marchman::607,-2.491112941354307,-2.436407177600963,English (American),marchman,D_log
Marchman::608,1.3334537522732026,5.808653103098194,English (American),marchman,D_log
Marchman::609,0.0974464758792653,-4.698977843270013,English (American),marchman,D_log
Marchman::61,-1.5140418079152442,-5.672146218504014,English (American),marchman,D_log
Marchman::610,-0.056784866861363845,0.1799589758774064,English (American),marchman,D_log
Marchman::611,0.3414141915866428,0.5500222490378073,English (American),marchman,D_log
Marchman::612,1.8219439117983267,-6.650239278795292,English (American),marchman,D_log
Marchman::613,0.9187336520463422,2.6155578017255188,English (American),marchman,D_log
Marchman::614,0.47729847916848095,-3.831532527578384,English (American),marchman,D_log
Marchman::615,-0.0670816793654033,-8.798695315425258,English (American),marchman,D_log
Marchman::616,-0.13428378513099729,-4.105255500429666,English (American),marchman,D_log
Marchman::617,-2.2247294815513197,-4.841097680838596,English (American),marchman,D_log
Marchman::618,0.6740374089114106,-8.531452624841393,English (American),marchman,D_log
Marchman::619,-1.8700746081811654,0.3927451389175842,English (American),marchman,D_log
Marchman::62,-3.008350875259849,-9.632572312948529,English (American),marchman,D_log
Marchman::620,-0.29069028306335676,0.28499227170834157,English (American),marchman,D_log
Marchman::621,0.7870733297267203,-2.831715236439194,English (American),marchman,D_log
Marchman::622,0.5164169723860967,5.841491208253562,English (American),marchman,D_log
Marchman::623,-6.127202619698538,-8.419899294931081,English (American),marchman,D_log
Marchman::624,-2.6823196293533185,-4.504931969157348,English (American),marchman,D_log
Marchman::625,0.1824453065838634,-4.610749432472966,English (American),marchman,D_log
Marchman::626,0.8612096307648719,6.731468039798059,English (American),marchman,D_log
Marchman::628,-0.2674179521620473,3.0092888533560984,English (American),marchman,D_log
Marchman::629,0.9424103541483398,-3.407742549595846,English (American),marchman,D_log
Marchman::63,4.992766275903093,14.059298647863402,English (American),marchman,D_log
Marchman::630,0.43765908127209,4.546586764445789,English (American),marchman,D_log
Marchman::631,-0.7567788106028271,2.401537661860514,English (American),marchman,D_log
Marchman::632,-0.27621829908410755,-5.120125911225454,English (American),marchman,D_log
Marchman::633,-0.03063338085139224,6.8796083830340535,English (American),marchman,D_log
Marchman::634,0.880715067245308,3.3084677782883434,English (American),marchman,D_log
Marchman::636,-0.31480115273777864,-3.468541745028475,English (American),marchman,D_log
Marchman::637,2.9093622228778178,9.452218693007527,English (American),marchman,D_log
Marchman::638,0.6004711343645377,-3.572594018318255,English (American),marchman,D_log
Marchman::639,-1.5490116205404558,-0.45111846030121727,English (American),marchman,D_log
Marchman::64,1.6165243142915908,1.2167987519918209,English (American),marchman,D_log
Marchman::640,-0.02645331683848873,0.6974965876086134,English (American),marchman,D_log
Marchman::641,1.342974031640565,-7.892833823502109,English (American),marchman,D_log
Marchman::642,-0.15630337049089912,0.4509444742493714,English (American),marchman,D_log
Marchman::643,1.6950173584499795,-4.500287619418895,English (American),marchman,D_log
Marchman::644,2.9356305265755984,2.357216673993791,English (American),marchman,D_log
Marchman::645,2.595625166221268,-1.3357989579251384,English (American),marchman,D_log
Marchman::646,0.2850906991164295,4.178206245115106,English (American),marchman,D_log
Marchman::647,-3.102781492935969,-1.3111772154970236,English (American),marchman,D_log
Marchman::648,-0.29904990062148634,-8.027608186420906,English (American),marchman,D_log
Marchman::649,-2.6736129744635444,-4.557871437637722,English (American),marchman,D_log
Marchman::65,-1.77763527903656,0.35965003867167056,English (American),marchman,D_log
Marchman::650,-2.631554243864042,-7.187069735816566,English (American),marchman,D_log
Marchman::651,-0.1583430921505546,3.2670010659919395,English (American),marchman,D_log
Marchman::652,-2.465764374348271,-1.8640531813458172,English (American),marchman,D_log
Marchman::653,-0.5074176303949894,2.404287779272535,English (American),marchman,D_log
Marchman::654,-0.5561839268881961,0.6465013547204169,English (American),marchman,D_log
Marchman::655,-0.762866209632609,-0.3087632310633136,English (American),marchman,D_log
Marchman::656,1.4170558529951405,-0.8294814412185751,English (American),marchman,D_log
Marchman::657,-1.1611808882236307,0.38158634724860496,English (American),marchman,D_log
Marchman::658,-1.0659163909085012,17.628688600602445,English (American),marchman,D_log
Marchman::659,-0.8084371716006614,4.745130973142948,English (American),marchman,D_log
Marchman::66,7.373144379588447,17.16818628010186,English (American),marchman,D_log
Marchman::660,0.47029117008478843,-4.661978049994208,English (American),marchman,D_log
Marchman::661,2.21275802456363,-0.7983303745345802,English (American),marchman,D_log
Marchman::662,-1.0863491532780651,4.160469385032583,English (American),marchman,D_log
Marchman::663,-0.6795242880526251,0.3352794870690501,English (American),marchman,D_log
Marchman::664,1.4287374998087325,-8.329374352716282,English (American),marchman,D_log
Marchman::665,2.1027396194381764,2.6663632182258903,English (American),marchman,D_log
Marchman::666,2.4028627732052983,-1.7314948337448142,English (American),marchman,D_log
Marchman::667,1.0595859026144179,2.549222654100901,English (American),marchman,D_log
Marchman::668,-0.19790507855344175,0.2504923986406721,English (American),marchman,D_log
Marchman::669,-1.2781777880511338,11.558099474940335,English (American),marchman,D_log
Marchman::67,-2.5747769613473364,-5.047893939368348,English (American),marchman,D_log
Marchman::670,-1.516994456724561,-0.4733631333786519,English (American),marchman,D_log
Marchman::671,-0.5517917150160929,-1.3357447230540844,English (American),marchman,D_log
Marchman::672,1.5843208767803216,7.6887296344355684,English (American),marchman,D_log
Marchman::673,3.722564671820747,0.6339933853165789,English (American),marchman,D_log
Marchman::674,0.28954074623781906,-0.4126982456151284,English (American),marchman,D_log
Marchman::675,-1.9546615203384583,-2.9681773212641622,English (American),marchman,D_log
Marchman::676,-0.005707323024942764,0.7692872893380792,English (American),marchman,D_log
Marchman::677,3.68580281497761,-7.073838593618404,English (American),marchman,D_log
Marchman::678,0.5730313842683155,2.716396631766817,English (American),marchman,D_log
Marchman::679,-1.0648763625264768,6.978879745225427,English (American),marchman,D_log
Marchman::68,-3.204002178024771,-15.857981859424399,English (American),marchman,D_log
Marchman::680,1.3686188341102175,2.9578927824223022,English (American),marchman,D_log
Marchman::681,1.4388763600911492,-2.858403123483665,English (American),marchman,D_log
Marchman::682,0.8285411603179174,3.116088481873308,English (American),marchman,D_log
Marchman::683,0.7459616809318114,-7.288770630973589,English (American),marchman,D_log
Marchman::684,-1.7112876399506947,-5.593519496710279,English (American),marchman,D_log
Marchman::685,4.283189152025819,22.588544599351522,English (American),marchman,D_log
Marchman::686,-1.7108678801683646,4.781309052247599,English (American),marchman,D_log
Marchman::687,0.8589586963747801,3.4074684710665037,English (American),marchman,D_log
Marchman::688,0.507936343637755,-4.558927403070776,English (American),marchman,D_log
Marchman::689,1.4296305531971625,-0.28189384576188203,English (American),marchman,D_log
Marchman::69,1.911916022835515,0.2737444684479171,English (American),marchman,D_log
Marchman::690,2.38223138718273,8.59293138948907,English (American),marchman,D_log
Marchman::691,0.603276270361486,-4.925748209296314,English (American),marchman,D_log
Marchman::692,0.8176165893970214,-3.583982216813652,English (American),marchman,D_log
Marchman::693,-0.34900906343082616,0.7049425229799686,English (American),marchman,D_log
Marchman::694,-1.3566722225608623,-2.822272422489368,English (American),marchman,D_log
Marchman::695,-0.08028391854101885,-2.3037362419627656,English (American),marchman,D_log
Marchman::696,2.7450450601185126,-3.7994627184444654,English (American),marchman,D_log
Marchman::697,-0.5651992987878933,-2.667328179294423,English (American),marchman,D_log
Marchman::698,-2.232505201948114,-2.4429864842913536,English (American),marchman,D_log
Marchman::699,-1.5430538877292341,-5.2214853388115054,English (American),marchman,D_log
Marchman::7,0.6680015561157218,-8.159309795831023,English (American),marchman,D_log
Marchman::70,3.986871816852816,5.103842244161738,English (American),marchman,D_log
Marchman::700,0.4468100331791036,0.9161948094759067,English (American),marchman,D_log
Marchman::701,-0.5675525665880129,-3.2573655552314533,English (American),marchman,D_log
Marchman::702,-0.8009964158080581,4.2387025790078,English (American),marchman,D_log
Marchman::703,-0.1606477231566107,-3.6331467063964045,English (American),marchman,D_log
Marchman::704,-1.1799677877063528,7.178010218473506,English (American),marchman,D_log
Marchman::705,-1.0014077912946968,-4.969706731731928,English (American),marchman,D_log
Marchman::706,0.4407200370516316,5.5027436656304625,English (American),marchman,D_log
Marchman::707,0.5006209467356555,1.244581276545309,English (American),marchman,D_log
Marchman::709,1.0376946426718792,7.24054966797543,English (American),marchman,D_log
Marchman::71,-3.3571645178891996,-18.92553974462878,English (American),marchman,D_log
Marchman::710,0.2993781999558055,-9.106238509413,English (American),marchman,D_log
Marchman::711,-0.27940313539262235,-1.3858708590534916,English (American),marchman,D_log
Marchman::712,1.455892787802301,1.1439498679786597,English (American),marchman,D_log
Marchman::713,1.7316318720410573,1.0337694667241142,English (American),marchman,D_log
Marchman::714,-1.7204002616865577,-2.8792589996068028,English (American),marchman,D_log
Marchman::715,-2.8492472022163393,-6.758555224268967,English (American),marchman,D_log
Marchman::716,1.0909619759601024,-5.59820903634939,English (American),marchman,D_log
Marchman::717,-0.36260190809352444,-0.16043992857343092,English (American),marchman,D_log
Marchman::718,-0.7560934876154038,0.6307917211330424,English (American),marchman,D_log
Marchman::719,1.91065497291769,-3.9720937914188483,English (American),marchman,D_log
Marchman::72,-1.3770946429200634,-6.947638975669277,English (American),marchman,D_log
Marchman::720,-0.5341619031607919,-4.064265844225263,English (American),marchman,D_log
Marchman::721,-0.12467314857773738,-0.45792702317831957,English (American),marchman,D_log
Marchman::722,-2.1622329030687175,-2.345274719584906,English (American),marchman,D_log
Marchman::723,-1.8601226657482774,-2.4552216186904294,English (American),marchman,D_log
Marchman::724,-0.12530743569154912,-5.547237537169387,English (American),marchman,D_log
Marchman::725,-0.862240301028976,-0.8568375668024797,English (American),marchman,D_log
Marchman::726,-1.4598967800542972,-2.4900243324047593,English (American),marchman,D_log
Marchman::728,0.07831647904980636,-0.23163575242185905,English (American),marchman,D_log
Marchman::729,1.8154426451127341,-4.8363940331079345,English (American),marchman,D_log
Marchman::73,-2.7482975727867727,-8.01684511785761,English (American),marchman,D_log
Marchman::730,0.2700344246480162,-0.18786464103615502,English (American),marchman,D_log
Marchman::731,2.6636285012180774,-0.5846880649720303,English (American),marchman,D_log
Marchman::732,-2.486306663543599,0.9891710003575729,English (American),marchman,D_log
Marchman::733,-1.4039542601678598,0.12379614614931356,English (American),marchman,D_log
Marchman::735,-6.332905274305157,-9.444110271730283,English (American),marchman,D_log
Marchman::736,-1.183419247799171,0.8785937236604007,English (American),marchman,D_log
Marchman::737,1.191682630903399,1.1861324739782158,English (American),marchman,D_log
Marchman::738,-0.5125125544953316,-4.09249034241049,English (American),marchman,D_log
Marchman::739,-0.920339988637022,-1.3274144866481306,English (American),marchman,D_log
Marchman::74,1.1655270054648532,-3.0089761702426197,English (American),marchman,D_log
Marchman::740,1.015305264742222,-2.90168767275486,English (American),marchman,D_log
Marchman::742,1.0622149432149828,0.32308713276490675,English (American),marchman,D_log
Marchman::743,-2.068456032219679,-5.287534672733448,English (American),marchman,D_log
Marchman::744,0.27509893946790637,-0.01956529771412835,English (American),marchman,D_log
Marchman::745,2.856519729346856,-2.0824110489825283,English (American),marchman,D_log
Marchman::746,-0.5343955649206381,-2.275883832109596,English (American),marchman,D_log
Marchman::747,2.1227395895553354,-0.5672951496286673,English (American),marchman,D_log
Marchman::748,2.7396606422503806,3.102896151963843,English (American),marchman,D_log
Marchman::749,-2.127335030886567,-0.750033121032796,English (American),marchman,D_log
Marchman::75,-1.358655200846234,-5.452123994789846,English (American),marchman,D_log
Marchman::750,0.7899185791920731,-1.9140871616940522,English (American),marchman,D_log
Marchman::751,-0.3621126513352462,-1.299559307448721,English (American),marchman,D_log
Marchman::752,2.2321052421722984,2.7169690214046387,English (American),marchman,D_log
Marchman::753,-1.2186740314658906,8.248568224382955,English (American),marchman,D_log
Marchman::754,0.9346694763939616,8.7616325915559,English (American),marchman,D_log
Marchman::755,-0.5104294477627191,-0.19134533357749567,English (American),marchman,D_log
Marchman::756,-0.3247258056379694,-10.922934142929272,English (American),marchman,D_log
Marchman::757,0.5191918207576237,-2.8839263324022313,English (American),marchman,D_log
Marchman::758,-0.4495868652023034,-0.0781307393348496,English (American),marchman,D_log
Marchman::759,-0.5922472703643921,-3.5082187860001137,English (American),marchman,D_log
Marchman::76,0.016537026038413474,10.734172379040588,English (American),marchman,D_log
Marchman::760,-1.0132198407810629,-4.593815475582516,English (American),marchman,D_log
Marchman::761,-2.3508688910230218,-2.786689588464968,English (American),marchman,D_log
Marchman::762,-0.931963613448189,-10.09019347905558,English (American),marchman,D_log
Marchman::763,0.3009823127973352,-10.952323902488056,English (American),marchman,D_log
Marchman::764,0.4406890927347249,2.1627834249546845,English (American),marchman,D_log
Marchman::765,0.6857668482892967,-1.7795402226846706,English (American),marchman,D_log
Marchman::767,-0.1907604438040767,0.2301929080294703,English (American),marchman,D_log
Marchman::768,-1.4881300519250822,-0.17749156117397358,English (American),marchman,D_log
Marchman::769,0.9336498782881573,-0.03672865285339455,English (American),marchman,D_log
Marchman::77,-3.2960016689425955,-4.054033267667489,English (American),marchman,D_log
Marchman::770,1.6099527322743954,7.619461605962286,English (American),marchman,D_log
Marchman::771,1.4993667833206843,32.214258010734646,English (American),marchman,D_log
Marchman::772,0.6367062517261746,-2.6229718305934036,English (American),marchman,D_log
Marchman::773,-0.10319902682297542,0.08626772204490482,English (American),marchman,D_log
Marchman::774,-0.8993277473407947,-11.031620871994617,English (American),marchman,D_log
Marchman::775,0.1900005166403336,11.925533664784497,English (American),marchman,D_log
Marchman::776,0.6804010640508401,-0.8927611365169914,English (American),marchman,D_log
Marchman::777,0.7317587180124988,2.1508996650892946,English (American),marchman,D_log
Marchman::778,-1.2382850961600924,0.9949199575498882,English (American),marchman,D_log
Marchman::779,-1.497973295583304,6.441891546014485,English (American),marchman,D_log
Marchman::780,0.06419714813026775,-10.409832256598047,English (American),marchman,D_log
Marchman::781,-0.5831944216569483,5.375518659858504,English (American),marchman,D_log
Marchman::782,1.2323508823139333,4.1722367435129915,English (American),marchman,D_log
Marchman::783,-1.2516906542646056,-1.6491781210256593,English (American),marchman,D_log
Marchman::784,1.2952785775006581,0.04272704092595281,English (American),marchman,D_log
Marchman::785,1.5482829541346124,2.696859374173268,English (American),marchman,D_log
Marchman::786,0.118037635422822,8.212927199232928,English (American),marchman,D_log
Marchman::787,-0.3200417776734538,-0.022739978437891162,English (American),marchman,D_log
Marchman::788,-1.3433402401275452,-5.481223468971638,English (American),marchman,D_log
Marchman::789,1.3252643804679998,-0.026043325329849765,English (American),marchman,D_log
Marchman::79,1.090910081109623,-9.145342330624834,English (American),marchman,D_log
Marchman::790,1.8184146036779576,-5.101669712656239,English (American),marchman,D_log
Marchman::791,-1.600394001253323,-7.921900990224329,English (American),marchman,D_log
Marchman::792,-1.0314564316635788,-0.6026047479527896,English (American),marchman,D_log
Marchman::793,0.41557835175531,3.446100550250508,English (American),marchman,D_log
Marchman::794,0.7706360952251724,3.2906824668604098,English (American),marchman,D_log
Marchman::795,0.3835056742165775,5.982759729615746,English (American),marchman,D_log
Marchman::796,3.9138860886957705,9.62856015911234,English (American),marchman,D_log
Marchman::797,1.5572356094948832,1.4796288352611893,English (American),marchman,D_log
Marchman::798,-0.5520368861398104,1.7432740733120338,English (American),marchman,D_log
Marchman::799,0.05986050420631654,4.036379642708113,English (American),marchman,D_log
Marchman::8,-0.6338424036114088,-2.2949231489223267,English (American),marchman,D_log
Marchman::80,5.772847007901885,34.42404526124467,English (American),marchman,D_log
Marchman::800,1.645455392243473,-10.600802097059253,English (American),marchman,D_log
Marchman::801,0.148927346536038,5.97074392719586,English (American),marchman,D_log
Marchman::802,1.9210112084617965,1.2766417800486265,English (American),marchman,D_log
Marchman::803,2.253972118480053,-0.463369622651284,English (American),marchman,D_log
Marchman::804,-1.0840175662980194,-1.0448329831291863,English (American),marchman,D_log
Marchman::805,0.700329828201133,-5.90723960010389,English (American),marchman,D_log
Marchman::806,0.15360758764574794,-5.413659022263093,English (American),marchman,D_log
Marchman::807,2.1682296962304664,-5.122994054754738,English (American),marchman,D_log
Marchman::808,0.12652182680092702,-0.9729645154208695,English (American),marchman,D_log
Marchman::809,1.0554072778383599,-2.0693374590766775,English (American),marchman,D_log
Marchman::81,-1.5143680780380149,1.5479764888436012,English (American),marchman,D_log
Marchman::810,-0.005548225121078564,-2.8455324141184297,English (American),marchman,D_log
Marchman::811,0.2683305482175688,1.5282240088024217,English (American),marchman,D_log
Marchman::812,0.6213619130015596,2.5039349347354767,English (American),marchman,D_log
Marchman::813,-2.04093598512578,-4.362229432113694,English (American),marchman,D_log
Marchman::814,-3.502910458289638,-5.436320313273548,English (American),marchman,D_log
Marchman::815,0.3968301081238931,-3.061005133402173,English (American),marchman,D_log
Marchman::816,-0.028732667278865157,-4.450820216058724,English (American),marchman,D_log
Marchman::817,-2.2763871901984456,7.344147608042238,English (American),marchman,D_log
Marchman::818,-0.14786784256028768,5.736604778501121,English (American),marchman,D_log
Marchman::819,-1.207594841387013,9.25464408503198,English (American),marchman,D_log
Marchman::82,0.06139822619376263,13.248325562130287,English (American),marchman,D_log
Marchman::820,-0.23623416897379693,8.536470325217918,English (American),marchman,D_log
Marchman::821,-0.9116733445124146,-11.30533892184532,English (American),marchman,D_log
Marchman::822,1.9806867429900965,-1.0406736028165398,English (American),marchman,D_log
Marchman::823,1.3901424247539667,0.08334141969803,English (American),marchman,D_log
Marchman::824,-2.025146935065308,-3.8828337458481026,English (American),marchman,D_log
Marchman::825,0.7282469572422603,-2.6048028303691924,English (American),marchman,D_log
Marchman::826,1.5122100750632756,-0.4715187066769839,English (American),marchman,D_log
Marchman::827,1.096616659390936,-0.6438368267624384,English (American),marchman,D_log
Marchman::828,-1.2139577676309645,-2.08954158593402,English (American),marchman,D_log
Marchman::829,-2.3857836867921773,-12.38345335969451,English (American),marchman,D_log
Marchman::83,-2.3683777165725415,-0.36822387551806823,English (American),marchman,D_log
Marchman::830,-1.1035488089183239,-6.420988113350664,English (American),marchman,D_log
Marchman::831,0.6516178793084901,7.73755942630185,English (American),marchman,D_log
Marchman::832,-1.3616433648631092,-2.075828212051994,English (American),marchman,D_log
Marchman::833,2.086673815153316,0.9960830532558005,English (American),marchman,D_log
Marchman::834,-0.22457936850235163,-0.09568189064399713,English (American),marchman,D_log
Marchman::835,0.6454938324983375,1.5849488904869222,English (American),marchman,D_log
Marchman::836,2.3847338995633005,5.216581479597427,English (American),marchman,D_log
Marchman::837,-1.0029435917142244,-4.450463973267119,English (American),marchman,D_log
Marchman::838,3.6425427730563684,14.05877223556427,English (American),marchman,D_log
Marchman::839,-0.6555336216223473,-4.863853040346777,English (American),marchman,D_log
Marchman::84,-0.7405771240306098,-5.031914033062132,English (American),marchman,D_log
Marchman::840,-0.8004749551664733,-5.113242522630313,English (American),marchman,D_log
Marchman::841,2.0486179049206688,-1.1646865268576931,English (American),marchman,D_log
Marchman::842,-0.10906919311433572,-0.17714789450050408,English (American),marchman,D_log
Marchman::843,1.707314464108028,-6.168023020530722,English (American),marchman,D_log
Marchman::844,-0.249369675288649,8.556953560123988,English (American),marchman,D_log
Marchman::845,2.364381486308573,-6.2284465493605925,English (American),marchman,D_log
Marchman::846,2.328431067689476,2.09685491118633,English (American),marchman,D_log
Marchman::847,-1.1072156379006757,2.5404551036791805,English (American),marchman,D_log
Marchman::848,-1.5887801607843983,0.3727729881737618,English (American),marchman,D_log
Marchman::849,-0.19596071144390814,-2.060155402580018,English (American),marchman,D_log
Marchman::85,-0.7786515538933368,-3.594351570147085,English (American),marchman,D_log
Marchman::850,1.3320805078730324,8.285018589000577,English (American),marchman,D_log
Marchman::851,-1.2988571363038728,0.4985403309911465,English (American),marchman,D_log
Marchman::852,1.8085480488423455,-8.954569089572168,English (American),marchman,D_log
Marchman::853,0.7411157746068675,-2.3385221342859603,English (American),marchman,D_log
Marchman::854,-0.987137046771058,-7.236464958016156,English (American),marchman,D_log
Marchman::855,4.142020565505616,-10.547214214637867,English (American),marchman,D_log
Marchman::856,-1.638572171109963,4.428841503149421,English (American),marchman,D_log
Marchman::857,0.5390863986180464,0.6687706819629905,English (American),marchman,D_log
Marchman::858,0.7241354848901562,0.011675987800579546,English (American),marchman,D_log
Marchman::859,5.055894904833183,2.18389878972253,English (American),marchman,D_log
Marchman::86,-1.6579393521557328,2.0054157196936795,English (American),marchman,D_log
Marchman::860,1.5511909396680192,-4.966206609605837,English (American),marchman,D_log
Marchman::861,2.840571101717232,-8.856593450543626,English (American),marchman,D_log
Marchman::862,1.4002262839473107,6.785501684012709,English (American),marchman,D_log
Marchman::863,0.7429051618634805,1.1776558744409513,English (American),marchman,D_log
Marchman::864,3.918862092365636,-13.242644819696475,English (American),marchman,D_log
Marchman::865,1.163927690856465,-2.41833667816613,English (American),marchman,D_log
Marchman::867,-0.4977963756680445,-2.7951517910560004,English (American),marchman,D_log
Marchman::868,3.677131110741906,21.216461164169694,English (American),marchman,D_log
Marchman::869,-3.309374068253607,-17.99626175414326,English (American),marchman,D_log
Marchman::87,2.6270979215936134,6.109496371041376,English (American),marchman,D_log
Marchman::870,1.6250389586752036,4.9583837564169215,English (American),marchman,D_log
Marchman::871,0.14390215509031742,7.6161309337102825,English (American),marchman,D_log
Marchman::872,1.3631738054833227,6.918504012838202,English (American),marchman,D_log
Marchman::873,-1.1304837443779925,0.879772380021006,English (American),marchman,D_log
Marchman::874,-0.7982523877399587,-1.3307594087873604,English (American),marchman,D_log
Marchman::875,2.831640897211029,-0.5138573247028693,English (American),marchman,D_log
Marchman::876,-1.1508519622737305,-3.89810596128222,English (American),marchman,D_log
Marchman::877,0.5375508256605491,-1.4703760218261848,English (American),marchman,D_log
Marchman::878,1.0402326952501015,-3.361827546203269,English (American),marchman,D_log
Marchman::879,5.5362584146913205,6.661472727834653,English (American),marchman,D_log
Marchman::88,4.087248890654988,19.137929274783836,English (American),marchman,D_log
Marchman::880,0.3191900618060214,-6.211673017510143,English (American),marchman,D_log
Marchman::881,-1.2714389396111687,-6.270003275162219,English (American),marchman,D_log
Marchman::882,-1.7425881261319565,-10.828183731562977,English (American),marchman,D_log
Marchman::883,-1.980429859143987,0.2712730941203332,English (American),marchman,D_log
Marchman::884,3.1750119216200297,-3.1601239470440996,English (American),marchman,D_log
Marchman::885,-1.7503896334079687,-7.215964136026468,English (American),marchman,D_log
Marchman::886,7.8800560312010335,8.111442344882011,English (American),marchman,D_log
Marchman::887,0.5769252705092807,-5.423337316647274,English (American),marchman,D_log
Marchman::888,1.9162372775242134,-3.010686211870385,English (American),marchman,D_log
Marchman::889,1.171834779431477,-1.3214076602836777,English (American),marchman,D_log
Marchman::89,-0.0762970490095314,1.447565572644735,English (American),marchman,D_log
Marchman::890,0.74374384992958,-1.6588246710593233,English (American),marchman,D_log
Marchman::891,1.529407142001278,-3.4640447160927157,English (American),marchman,D_log
Marchman::892,0.2123915880353512,-2.1900019890140894,English (American),marchman,D_log
Marchman::893,3.0848920642236455,12.297353701253346,English (American),marchman,D_log
Marchman::894,0.5827266677676243,1.0926094450437496,English (American),marchman,D_log
Marchman::895,-0.7759827120846217,-1.4260286915485627,English (American),marchman,D_log
Marchman::896,-2.7102220307938287,-1.3479636172049783,English (American),marchman,D_log
Marchman::897,-0.980320722394702,0.4895483084026706,English (American),marchman,D_log
Marchman::898,1.174071476980567,6.8060580747425234,English (American),marchman,D_log
Marchman::899,-0.1189211469617398,5.126876978962892,English (American),marchman,D_log
Marchman::9,-3.725654131878393,-8.37223327841132,English (American),marchman,D_log
Marchman::90,2.2065351939482944,5.588071152908331,English (American),marchman,D_log
Marchman::900,0.28894460756219026,0.24138090836725973,English (American),marchman,D_log
Marchman::901,1.2120410408169684,-1.0211768448523397,English (American),marchman,D_log
Marchman::902,0.19056521290567546,-0.6473992076618988,English (American),marchman,D_log
Marchman::903,11.460557380359857,22.990558258262098,English (American),marchman,D_log
Marchman::904,4.068849452112935,19.835316035448876,English (American),marchman,D_log
Marchman::905,3.4904048110578736,2.4484146038019117,English (American),marchman,D_log
Marchman::907,-0.4901379227902419,-4.371320430259706,English (American),marchman,D_log
Marchman::908,0.9066964371805214,-3.839447949309947,English (American),marchman,D_log
Marchman::909,0.17046251111079075,0.011466702170307486,English (American),marchman,D_log
Marchman::91,-1.2576267229359352,-0.3712230160077641,English (American),marchman,D_log
Marchman::910,-0.453642553092594,7.900217282465867,English (American),marchman,D_log
Marchman::911,1.5180850824797638,0.41212194530857116,English (American),marchman,D_log
Marchman::912,2.5416413839240537,-2.338249124173686,English (American),marchman,D_log
Marchman::913,-0.43910713634490744,-0.3431225606170353,English (American),marchman,D_log
Marchman::914,0.021693372977893824,1.6918947861309954,English (American),marchman,D_log
Marchman::915,5.431134745980147,41.90097183093073,English (American),marchman,D_log
Marchman::916,-0.37351200111587896,1.5102959636564968,English (American),marchman,D_log
Marchman::917,1.1741059765503317,0.604584227995926,English (American),marchman,D_log
Marchman::918,-0.8542819969492256,-2.4556915906748573,English (American),marchman,D_log
Marchman::919,-0.6473232590134317,3.983578972853257,English (American),marchman,D_log
Marchman::92,0.8308777392889896,-1.0284812193902562,English (American),marchman,D_log
Marchman::920,3.3982411894876434,-0.04098027732779208,English (American),marchman,D_log
Marchman::921,-0.47009025766852147,-6.803197496933998,English (American),marchman,D_log
Marchman::922,1.5773763615514722,-4.0227313064620684,English (American),marchman,D_log
Marchman::923,0.8803773865437233,-3.690518966546742,English (American),marchman,D_log
Marchman::924,2.183943851859932,-2.752697384379846,English (American),marchman,D_log
Marchman::925,0.31194046828407995,0.5805220731876481,English (American),marchman,D_log
Marchman::926,-2.0765440716034083,3.1998308885215074,English (American),marchman,D_log
Marchman::927,0.7032600152891979,0.1769460846009474,English (American),marchman,D_log
Marchman::928,-1.6423298209880524,-0.8965192192648188,English (American),marchman,D_log
Marchman::929,-2.391519393241346,-5.753258423231813,English (American),marchman,D_log
Marchman::93,-2.160344195355535,-1.0029391619283605,English (American),marchman,D_log
Marchman::930,-0.3602268376610829,-0.63247208541937,English (American),marchman,D_log
Marchman::931,-0.4406002073641896,2.175570929669494,English (American),marchman,D_log
Marchman::932,-0.7814455217304581,-0.04415038539500449,English (American),marchman,D_log
Marchman::933,1.1949009205967838,-3.427541142321325,English (American),marchman,D_log
Marchman::934,1.2214412631179892,-4.9642957121138664,English (American),marchman,D_log
Marchman::935,0.622430643184761,-5.0402877821613385,English (American),marchman,D_log
Marchman::936,1.3127498440320118,-2.022726095832264,English (American),marchman,D_log
Marchman::937,4.918749185242837,20.343664043007998,English (American),marchman,D_log
Marchman::938,0.5603475167907164,-0.5701289495561541,English (American),marchman,D_log
Marchman::939,-0.1983526206248503,1.9920572499619429,English (American),marchman,D_log
Marchman::94,-2.0865634433930835,-7.3581055957185,English (American),marchman,D_log
Marchman::940,-1.615367922214662,-0.7101431380519747,English (American),marchman,D_log
Marchman::941,-1.4766209567628854,-8.82348879197653,English (American),marchman,D_log
Marchman::942,-0.18292899876421584,2.006810212687597,English (American),marchman,D_log
Marchman::943,0.062309769416583484,-3.0005460645827036,English (American),marchman,D_log
Marchman::944,-1.5359067567247995,-1.2537763340049533,English (American),marchman,D_log
Marchman::945,-0.5395832240522815,1.1203981343245601,English (American),marchman,D_log
Marchman::946,-0.06182179005658765,-1.2391375921950598,English (American),marchman,D_log
Marchman::947,0.2591672921532923,3.4205891193055504,English (American),marchman,D_log
Marchman::948,0.07770293010238158,-0.47999612424110555,English (American),marchman,D_log
Marchman::949,-1.6307052213199602,-6.627825602489972,English (American),marchman,D_log
Marchman::95,-3.4935730446990356,-11.671448386891436,English (American),marchman,D_log
Marchman::950,-1.097751148420425,-6.891269521753719,English (American),marchman,D_log
Marchman::951,3.239593284029613,6.084261273029808,English (American),marchman,D_log
Marchman::952,2.238212921838159,-2.9884439596275945,English (American),marchman,D_log
Marchman::953,-1.0633207411895385,-5.130926662281294,English (American),marchman,D_log
Marchman::954,1.3241980671490485,2.9331923938838527,English (American),marchman,D_log
Marchman::955,-1.0210523440935013,1.9685598659183785,English (American),marchman,D_log
Marchman::956,-1.1440562617328145,-0.7098937691708893,English (American),marchman,D_log
Marchman::957,-0.20192017288277625,1.0274230139575276,English (American),marchman,D_log
Marchman::958,-1.626706239472635,-1.0433508208001305,English (American),marchman,D_log
Marchman::959,-1.1974599276686633,0.4783145610716,English (American),marchman,D_log
Marchman::96,4.766852857341244,28.674611343191007,English (American),marchman,D_log
Marchman::960,1.9736644591069905,1.652520903313865,English (American),marchman,D_log
Marchman::961,0.36955297490813493,1.8815854001701653,English (American),marchman,D_log
Marchman::962,0.2841655802532374,2.8464996870226704,English (American),marchman,D_log
Marchman::963,1.1185540012186173,-0.7672529935250187,English (American),marchman,D_log
Marchman::964,-0.4759663114874226,-0.20686649711854588,English (American),marchman,D_log
Marchman::965,-0.958271488383368,6.635893057566242,English (American),marchman,D_log
Marchman::966,-0.4642691901254597,-3.985055091192126,English (American),marchman,D_log
Marchman::967,-0.0847949476165398,-0.17282139520396497,English (American),marchman,D_log
Marchman::968,-1.219706803417176,4.735713375682192,English (American),marchman,D_log
Marchman::969,0.5878564158645778,2.3720446245470557,English (American),marchman,D_log
Marchman::97,1.6723060720213216,3.283366070066255,English (American),marchman,D_log
Marchman::970,1.1216716071893729,-2.139671088967672,English (American),marchman,D_log
Marchman::972,-1.222763538952458,-4.059620097979877,English (American),marchman,D_log
Marchman::973,0.7592256593981302,1.8354549200865984,English (American),marchman,D_log
Marchman::974,0.04967078387317836,3.6720156155629464,English (American),marchman,D_log
Marchman::975,-2.3719196205168576,-11.293147342396978,English (American),marchman,D_log
Marchman::976,-3.0304301434883905,-4.242856528467736,English (American),marchman,D_log
Marchman::977,2.980390273263784,10.415633240495215,English (American),marchman,D_log
Marchman::978,1.4173498871768075,0.5695430924109421,English (American),marchman,D_log
Marchman::979,0.3948225897782296,-2.997268332508944,English (American),marchman,D_log
Marchman::98,2.1763178068479583,4.238499641093997,English (American),marchman,D_log
Marchman::980,-1.0679964278693805,4.3590473280952535,English (American),marchman,D_log
Marchman::981,2.5520559695216734,5.143222146169199,English (American),marchman,D_log
Marchman::982,-2.0565808202189504,5.345574109294811,English (American),marchman,D_log
Marchman::983,-2.3580278001676795,0.7733363978185337,English (American),marchman,D_log
Marchman::984,-1.0640217000147616,-1.2674748711968473,English (American),marchman,D_log
Marchman::985,-1.760186777666443,4.068117021469062,English (American),marchman,D_log
Marchman::986,-0.12969792722223275,0.5076777033873853,English (American),marchman,D_log
Marchman::987,-1.0491570935638899,4.161309698916702,English (American),marchman,D_log
Marchman::988,0.2066361158242765,2.8989978058907035,English (American),marchman,D_log
Marchman::989,-1.0004271460185992,-1.4822897233346346,English (American),marchman,D_log
Marchman::99,-1.018231696266861,4.742362816581701,English (American),marchman,D_log
Marchman::990,-1.1974890770871278,-7.785247026865763,English (American),marchman,D_log
Marchman::991,-0.045668135752991196,-5.051011702722433,English (American),marchman,D_log
Marchman::992,2.295651865177046,-1.4878761593588106,English (American),marchman,D_log
Marchman::993,-0.4070947189474789,-0.6176564189208213,English (American),marchman,D_log
Marchman::994,-0.05511618581386744,0.6819981732099634,English (American),marchman,D_log
Marchman::995,-0.748485270757474,-2.8086012002460503,English (American),marchman,D_log
Marchman::996,-1.477025212458257,-6.285628378294776,English (American),marchman,D_log
Marchman::997,1.4622663906000652,0.39381023393081116,English (American),marchman,D_log
Marchman::998,0.724146484268429,2.898455948021767,English (American),marchman,D_log
Marchman::999,-0.9633429837947655,8.710730310671615,English (American),marchman,D_log
Marchman::AA02F057,0.6800379028075347,0.6720306725919838,English (American),marchman,D_log
Marchman::AA19M056,-1.6129427313605174,15.994502425292607,English (American),marchman,D_log
Marchman::AB02M097,-1.5289985599186,1.149819965929061,English (American),marchman,D_log
Marchman::AB03F018,-0.5968259360802916,3.4032884109836465,English (American),marchman,D_log
Marchman::AB05M098,-1.3849896341887429,-0.0134351820628964,English (American),marchman,D_log
Marchman::AB09M014,-0.25898243172801116,-1.3182520648957694,English (American),marchman,D_log
Marchman::AB11M035,1.3114621016751475,0.5062367034951472,English (American),marchman,D_log
Marchman::AC03F018,1.770294594173092,0.2780317688963305,English (American),marchman,D_log
Marchman::AC05F088,0.31463175197185994,4.293402810854371,English (American),marchman,D_log
Marchman::AC05M098,1.4249797921144836,2.270599904253305,English (American),marchman,D_log
Marchman::AC11M048,-2.0990915916363906,1.3413499439371277,English (American),marchman,D_log
Marchman::AC13M067,1.762836242747947,2.5024719625514407,English (American),marchman,D_log
Marchman::AD02F018,5.879236199908436,7.177447268315203,English (American),marchman,D_log
Marchman::AD04M059,-1.480123039412669,12.70271941831172,English (American),marchman,D_log
Marchman::AD08F059,4.451278228229682,0.3990938257532992,English (American),marchman,D_log
Marchman::AF12M075,1.6163078077954112,-0.8395301191836984,English (American),marchman,D_log
Marchman::AH02F038,-1.9258620953711794,-1.2894698834783367,English (American),marchman,D_log
Marchman::AH03M018,-3.8401144545103088,11.20951128754005,English (American),marchman,D_log
Marchman::AH08M123,-1.182771400411689,-0.8379602643743187,English (American),marchman,D_log
Marchman::AJ12M055,0.8204411838440728,5.98275820967495,English (American),marchman,D_log
Marchman::AK03M038,-5.223127379758129,17.182001479827825,English (American),marchman,D_log
Marchman::AK11F045,1.4729111551643101,2.6726181884199587,English (American),marchman,D_log
Marchman::AK18F025,-1.250493955356864,-3.2345079345380907,English (American),marchman,D_log
Marchman::AL02M097,2.2383337248271697,-3.67971417654964,English (American),marchman,D_log
Marchman::AL03F059,-0.152434892374171,1.1060065899966154,English (American),marchman,D_log
Marchman::AL10F107,2.1300968774717597,2.257495893365235,English (American),marchman,D_log
Marchman::AL16F104,-2.687986197862707,-4.8528246994615785,English (American),marchman,D_log
Marchman::AM05M018,-1.7979351928492324,4.272308550649836,English (American),marchman,D_log
Marchman::AP21F095,-2.8512055546301824,5.531756312489051,English (American),marchman,D_log
Marchman::AR09F054,-1.2584147752339916,2.8147749072903707,English (American),marchman,D_log
Marchman::AS01F038,-3.2847423780831573,0.6485223157391902,English (American),marchman,D_log
Marchman::AS02M057,0.9105379717149743,-2.2370403266083,English (American),marchman,D_log
Marchman::AS09F024,2.5079489617756194,19.878535199825436,English (American),marchman,D_log
Marchman::AS12F123,-0.8956087111002059,0.1417042915400517,English (American),marchman,D_log
Marchman::AS17F115,0.11627451290996355,4.847436185219685,English (American),marchman,D_log
Marchman::AS20F095,3.2003819150223,-1.4046713574077483,English (American),marchman,D_log
Marchman::AS2F038A,-1.031510635007359,9.538507384528087,English (American),marchman,D_log
Marchman::BA03M088,1.1402437934048073,-2.9090939497958295,English (American),marchman,D_log
Marchman::BB03M107,-0.6531364885800617,-3.308675028482366,English (American),marchman,D_log
Marchman::BC13F074,-2.643968080116526,2.5971016899175563,English (American),marchman,D_log
Marchman::BC18M103,-1.334439661295548,2.6775270133011597,English (American),marchman,D_log
Marchman::BD03F057,2.7609140597676918,1.0674318826343154,English (American),marchman,D_log
Marchman::BG03M057,-0.12371871992838512,-5.398149273647359,English (American),marchman,D_log
Marchman::BG03M107,-3.3484026200718113,-0.2567912467400566,English (American),marchman,D_log
Marchman::BG3M107A,-3.646861950149308,-2.3840981895225113,English (American),marchman,D_log
Marchman::BH04M088,-0.1132939074265457,2.4077967872491945,English (American),marchman,D_log
Marchman::BH11F095,0.45344797810269194,3.886912645797638,English (American),marchman,D_log
Marchman::BH15M123,-1.7201083251183742,1.1172398882345367,English (American),marchman,D_log
Marchman::BO00M038,0.816235784965357,-2.9602010289917695,English (American),marchman,D_log
Marchman::BR03F018,-0.3266133232030654,3.9525219899341124,English (American),marchman,D_log
Marchman::BR09M084,-3.646330766200211,7.680789736453335,English (American),marchman,D_log
Marchman::BS10M123,1.1225204524256955,0.17539867771191675,English (American),marchman,D_log
Marchman::BW03F088,0.6164985945875849,0.3178594080829195,English (American),marchman,D_log
Marchman::CA02F097,2.5642746840626467,0.065539513712769,English (American),marchman,D_log
Marchman::CB03F038,0.838003963745153,-2.604113544493564,English (American),marchman,D_log
Marchman::CB03M107,-1.0341181312575323,-3.7710922583057562,English (American),marchman,D_log
Marchman::CB04M047,2.020662095960624,1.8577089569135243,English (American),marchman,D_log
Marchman::CB04M098,0.007778481934867321,4.15854128525216,English (American),marchman,D_log
Marchman::CB04M117,1.8067166278809077,-3.0331880721205113,English (American),marchman,D_log
Marchman::CB19F054,-1.9695787792194752,4.639451885824593,English (American),marchman,D_log
Marchman::CC02F059,3.133862379924795,3.597888122541802,English (American),marchman,D_log
Marchman::CC05M098,0.4347421182109858,2.687015637509141,English (American),marchman,D_log
Marchman::CD04F107,-0.2403044146659794,3.6282722663608644,English (American),marchman,D_log
Marchman::CD05F069,1.271128395213871,0.3083772280516417,English (American),marchman,D_log
Marchman::CE02F107,-3.567734890967308,13.652913888411248,English (American),marchman,D_log
Marchman::CG04F088,-2.01288236969137,4.142297796140024,English (American),marchman,D_log
Marchman::CG04M108,2.5734396134071322,1.0080343531725808,English (American),marchman,D_log
Marchman::CH02F038,-0.2786433278492304,-4.258123055305994,English (American),marchman,D_log
Marchman::CH03F018,2.2261927897411757,-0.23400003878419762,English (American),marchman,D_log
Marchman::CH03F038,0.08385785240105452,13.09075293971441,English (American),marchman,D_log
Marchman::CH04M048,0.3928587359576847,2.6204574487579766,English (American),marchman,D_log
Marchman::CJ02F038,-0.35573988575219745,-3.164679180053617,English (American),marchman,D_log
Marchman::CK03M059,-1.8873697827247062,1.0464398981241834,English (American),marchman,D_log
Marchman::CL03M018,0.7811318346550762,-0.048136517545111834,English (American),marchman,D_log
Marchman::CM02M057,0.8608869732446921,4.886778544157036,English (American),marchman,D_log
Marchman::CM02M059,0.9779269758039312,-0.2571736878926738,English (American),marchman,D_log
Marchman::CO04M098,1.5038816233746617,1.9638348354432222,English (American),marchman,D_log
Marchman::CP03M018,-0.2876187666802207,2.7460035943147822,English (American),marchman,D_log
Marchman::CP13F067,2.3113068930560274,-4.138636742646506,English (American),marchman,D_log
Marchman::CR03M059,-1.7862318050415489,0.47450074854362567,English (American),marchman,D_log
Marchman::CR06F057,3.5485766316791776,-2.894079420691283,English (American),marchman,D_log
Marchman::CR12F087,1.0339241910899402,-0.7287904719025371,English (American),marchman,D_log
Marchman::CS02M058,-1.4665614507604157,-1.5510423576133676,English (American),marchman,D_log
Marchman::CS02M097,-0.28195861437202113,-4.4787895418080135,English (American),marchman,D_log
Marchman::CS04M077,0.03308200644362928,-2.5595958977221716,English (American),marchman,D_log
Marchman::CS05M098,2.5136030640439353,-2.9272955531625433,English (American),marchman,D_log
Marchman::CS06F077,1.4274975159987948,-1.9405424623879752,English (American),marchman,D_log
Marchman::CS2M107A,0.04220802039448089,-3.5399435984179437,English (American),marchman,D_log
Marchman::CT03F018,4.701154524934893,3.348966219988805,English (American),marchman,D_log
Marchman::CW08M057,-1.5425975639960745,-4.883047359431625,English (American),marchman,D_log
Marchman::CW14M067,1.7580926815215352,-3.236427958311128,English (American),marchman,D_log
Marchman::CW18M026,1.233849445812693,1.438850460807847,English (American),marchman,D_log
Marchman::DA12M084,-1.058584327818678,-6.6398297745644115,English (American),marchman,D_log
Marchman::DC16M114,3.1370566973195966,-0.9430143304515575,English (American),marchman,D_log
Marchman::DI02M038,-1.1463197569226715,11.128566174935642,English (American),marchman,D_log
Marchman::DM03M018,-0.35000783610650604,2.121853406255477,English (American),marchman,D_log
Marchman::DM18M044,-2.5091310155132924,-5.307885721988891,English (American),marchman,D_log
Marchman::DN05F088,-0.37243446674672515,0.28978186841819037,English (American),marchman,D_log
Marchman::DN12F067,0.7969649112972682,-2.818973620317056,English (American),marchman,D_log
Marchman::DO09M025,-1.5034503568857969,4.391883675270642,English (American),marchman,D_log
Marchman::DS02M038,-1.0814320955068972,2.141351220686284,English (American),marchman,D_log
Marchman::DW02M047,-0.18300590808992134,-0.6073977529176907,English (American),marchman,D_log
Marchman::DW03M018,0.686683319885628,-1.8875991319433003,English (American),marchman,D_log
Marchman::EB03F107,0.3710033380438762,3.4114536039580816,English (American),marchman,D_log
Marchman::EB05F098,0.015678696465367504,-0.12592934300592798,English (American),marchman,D_log
Marchman::EB12F113,-2.3474253935988925,-1.4938693300420716,English (American),marchman,D_log
Marchman::EC05F098,2.422427301201869,1.2523055648325725,English (American),marchman,D_log
Marchman::ED06M117,0.03567491882950567,5.068940235669065,English (American),marchman,D_log
Marchman::EF08F014,1.0595895513129774,4.427399154846663,English (American),marchman,D_log
Marchman::EK05F098,1.3295170505505285,2.0585575395851556,English (American),marchman,D_log
Marchman::EL05F098,2.4178274741526753,5.185856076169185,English (American),marchman,D_log
Marchman::EM03F107,2.0132470752064924,-3.9854112332774325,English (American),marchman,D_log
Marchman::EM09M104,-1.190035628575926,-7.575059359435825,English (American),marchman,D_log
Marchman::ER03F097,1.3847674614421281,-1.8591648717876734,English (American),marchman,D_log
Marchman::ES08F014,-3.760533013202035,-6.15411583888739,English (American),marchman,D_log
Marchman::ES10F115,-0.26093052819119117,2.488221018271104,English (American),marchman,D_log
Marchman::EW15F125,-1.4096359069449163,-1.2411107927922034,English (American),marchman,D_log
Marchman::FH17M064,-0.6358417426365736,2.977595321847542,English (American),marchman,D_log
Marchman::FT03M097,-0.23420950225618564,-0.17572922667382723,English (American),marchman,D_log
Marchman::GA04M107,-0.4011334694679184,1.2980711942899787,English (American),marchman,D_log
Marchman::GB03F069,1.9783367832998062,0.35667375485448893,English (American),marchman,D_log
Marchman::GB04M107,1.1203703535435046,0.06567749792550082,English (American),marchman,D_log
Marchman::GC03M038,3.010159913478453,10.5277215916695,English (American),marchman,D_log
Marchman::GC18M118,-0.1888081834376348,-0.4861908919856607,English (American),marchman,D_log
Marchman::GK09M044,0.6068551547483259,-0.11817973172838181,English (American),marchman,D_log
Marchman::GW03F038,0.42826901357511565,-0.12282764606953711,English (American),marchman,D_log
Marchman::GY03F038,3.098542387053166,3.3043544884849805,English (American),marchman,D_log
Marchman::HA03F018,1.0954033382528987,8.847672797978433,English (American),marchman,D_log
Marchman::HB03F018,1.7177814016059234,0.2522411580704844,English (American),marchman,D_log
Marchman::HB06M098,1.6209670543326713,-5.00279694288312,English (American),marchman,D_log
Marchman::HB12M045,-2.275413530733221,-6.165953599614127,English (American),marchman,D_log
Marchman::HC03F038,-3.7746502483773154,3.7585016884017666,English (American),marchman,D_log
Marchman::HH03F057,2.5288158313919453,4.338730682801748,English (American),marchman,D_log
Marchman::HJ02F038,1.2830487270302302,1.7378479873051735,English (American),marchman,D_log
Marchman::HM03F018,0.1972816862719837,5.639028694803974,English (American),marchman,D_log
Marchman::HO03M038,-0.26774044118197715,-2.8766019238999774,English (American),marchman,D_log
Marchman::HP02M059,-0.01292533704224637,6.112972793577351,English (American),marchman,D_log
Marchman::HU06F088,1.5679033904558375,2.796840968664952,English (American),marchman,D_log
Marchman::IB09M103,-0.24875563413706406,-0.9747944695998605,English (American),marchman,D_log
Marchman::IC03F059,3.8363732985017034,2.234690188188773,English (American),marchman,D_log
Marchman::ID12F035,-1.835275023147782,2.392339607274877,English (American),marchman,D_log
Marchman::IE05F057,1.1095573470986364,-0.8345185987590586,English (American),marchman,D_log
Marchman::IM04M038,1.9248096169494286,1.216902965498212,English (American),marchman,D_log
Marchman::IM18M075,-2.609034867365365,2.4424373993915944,English (American),marchman,D_log
Marchman::IN12M026,-1.8174725777812397,3.4911985941603025,English (American),marchman,D_log
Marchman::IS05F057,0.5880384704155565,8.133669704826806,English (American),marchman,D_log
Marchman::IT02F018,1.403369875919914,-2.596859224389053,English (American),marchman,D_log
Marchman::IT02F107,0.23684231431590966,-1.4784805485635784,English (American),marchman,D_log
Marchman::IT03F047,1.8862596977333905,-1.8813746580481365,English (American),marchman,D_log
Marchman::JA12M035,-0.5717726836095901,0.7672085222136417,English (American),marchman,D_log
Marchman::JA16F015,-0.4845082717711686,4.562118488516347,English (American),marchman,D_log
Marchman::JB05M057,1.4231933423732273,-3.394366516021421,English (American),marchman,D_log
Marchman::JB09M113,-0.8280731237236174,-3.396877139616149,English (American),marchman,D_log
Marchman::JB11M105,-2.369440171512581,-0.48913527407610413,English (American),marchman,D_log
Marchman::JC02M057,2.5252667572081924,-4.849314610217316,English (American),marchman,D_log
Marchman::JC05M088,-3.178402059829162,-5.801095076826098,English (American),marchman,D_log
Marchman::JC09M034,4.267426194248306,1.9413598063057362,English (American),marchman,D_log
Marchman::JC12M114,-0.07089308779701359,8.522077593690254,English (American),marchman,D_log
Marchman::JC15M084,-1.8427238202934686,4.383685835499626,English (American),marchman,D_log
Marchman::JD03M059,0.615148247729456,7.430003289329456,English (American),marchman,D_log
Marchman::JD04M088,0.2764105104981026,-0.46813977360685877,English (American),marchman,D_log
Marchman::JD05M047,3.590567541680681,-1.579921606925092,English (American),marchman,D_log
Marchman::JF03M018,-0.7845748708543744,6.669839379198429,English (American),marchman,D_log
Marchman::JF06M088,1.4648994417916577,5.220444922711659,English (American),marchman,D_log
Marchman::JF17F056,-2.2539329798537793,0.31836384118842753,English (American),marchman,D_log
Marchman::JG13M075,0.565736598608633,0.1629544416202401,English (American),marchman,D_log
Marchman::JH03F067,0.4135722940433068,6.73943328172785,English (American),marchman,D_log
Marchman::JH03M018,2.3836282466924787,0.07030644712952805,English (American),marchman,D_log
Marchman::JH03M097,5.176962260504975,2.7171889628662145,English (American),marchman,D_log
Marchman::JH04M107,-0.4219569234502364,6.661442157097115,English (American),marchman,D_log
Marchman::JH12F115,2.225022959055147,-0.5139653140055329,English (American),marchman,D_log
Marchman::JH12F125,2.403194163781952,-3.529088734698719,English (American),marchman,D_log
Marchman::JJ12M055,-1.4552034967881524,-0.7827307626437672,English (American),marchman,D_log
Marchman::JK02F107,-0.10455196310684575,1.8704922237611321,English (American),marchman,D_log
Marchman::JM04M107,-1.8976822465179801,5.116493328629966,English (American),marchman,D_log
Marchman::JN02F097,1.6125640572614255,-1.9928246171958302,English (American),marchman,D_log
Marchman::JO18F086,-1.9337460239050195,5.100323964699603,English (American),marchman,D_log
Marchman::JP02M059,2.074653533730114,0.027941313035805493,English (American),marchman,D_log
Marchman::JP03F057,0.6151946424543444,-0.3923463066569062,English (American),marchman,D_log
Marchman::JP04F098,1.7566501355094817,6.355050516650438,English (American),marchman,D_log
Marchman::JR03M098,0.7269208464702784,17.834927536943525,English (American),marchman,D_log
Marchman::JS06M047,-0.4609567330853686,5.218090446663057,English (American),marchman,D_log
Marchman::JW00M038,2.929473396392471,-1.2568311394642229,English (American),marchman,D_log
Marchman::JW02M107,1.398995347749973,-1.6250083516070264,English (American),marchman,D_log
Marchman::JW03M038,-2.229357466833988,1.5188406584286391,English (American),marchman,D_log
Marchman::KA03M097,1.2114823835274586,-1.4051489041344147,English (American),marchman,D_log
Marchman::KB03M088,0.1930741860031871,-1.8757879037021552,English (American),marchman,D_log
Marchman::KC02F038,-0.6663388682104939,7.668042839677857,English (American),marchman,D_log
Marchman::KH05F098,1.6386660508371096,-2.430225645451705,English (American),marchman,D_log
Marchman::KH09M014,3.1396354396818698,-1.175620724275011,English (American),marchman,D_log
Marchman::KK09M103,-0.3277485334201964,-2.192853090148489,English (American),marchman,D_log
Marchman::KK12F044,1.1223426004485606,-0.23456682265699524,English (American),marchman,D_log
Marchman::KM09F074,-1.3733449964054463,-6.984108532223384,English (American),marchman,D_log
Marchman::KM12M015,-3.007934717684981,-3.696595257437414,English (American),marchman,D_log
Marchman::KM14F067,-0.20021773146186955,-2.868508446228273,English (American),marchman,D_log
Marchman::KM15F115,0.6000249982916811,-2.4787543246833237,English (American),marchman,D_log
Marchman::KN05F088,-2.7480215915978334,-2.249576124309082,English (American),marchman,D_log
Marchman::KO05M098,2.093153026506751,-1.5900917235977206,English (American),marchman,D_log
Marchman::KR09F064,-0.7038139495958239,3.8905190345622374,English (American),marchman,D_log
Marchman::KS02F117,0.8105305126520205,-2.9877761448676496,English (American),marchman,D_log
Marchman::KS03M018,2.3131937687992683,2.9773219037889884,English (American),marchman,D_log
Marchman::KS09M024,-1.7483936731199283,-3.0373859156983816,English (American),marchman,D_log
Marchman::KS11F113,1.6695069353957173,0.8157188876034867,English (American),marchman,D_log
Marchman::KS21M024,-5.409053274396462,3.1463275765473204,English (American),marchman,D_log
Marchman::KT03F059,2.656978012261341,-0.5917835487945742,English (American),marchman,D_log
Marchman::KT04F059,2.2891146367715827,2.1471685006518415,English (American),marchman,D_log
Marchman::KW04F107,4.06311958392914,-5.679586422731133,English (American),marchman,D_log
Marchman::LB3F018A,-0.6158870697797004,3.568034670844053,English (American),marchman,D_log
Marchman::LC05F047,2.647013813575605,-0.32181679154913967,English (American),marchman,D_log
Marchman::LL02F047,0.9947655669167242,1.492114806259787,English (American),marchman,D_log
Marchman::LP16M113,-1.0305633330620723,1.4822713039203865,English (American),marchman,D_log
Marchman::LR11F114,-3.71633677918399,-0.32972731670936817,English (American),marchman,D_log
Marchman::LS12F103,0.8549186103195081,-0.45295588950447807,English (American),marchman,D_log
Marchman::LW05M069,-0.7322994803356943,5.207652595921326,English (American),marchman,D_log
Marchman::MA03F059,-0.22879971476265865,1.995366954899156,English (American),marchman,D_log
Marchman::MA06M067,1.9953960890578102,2.8632574780257203,English (American),marchman,D_log
Marchman::MA08F024,0.816339680751108,3.0289349629423445,English (American),marchman,D_log
Marchman::MB02M018,2.0813461540846765,2.778748674685687,English (American),marchman,D_log
Marchman::MB03M018,1.1508998501434171,-1.2807265271120025,English (American),marchman,D_log
Marchman::MB03M057,-1.670577916684539,3.6757678172163946,English (American),marchman,D_log
Marchman::MB09M084,-2.217553468202292,0.8754886832586868,English (American),marchman,D_log
Marchman::MB15M117,-2.4682007377475115,-2.1077496138362695,English (American),marchman,D_log
Marchman::MB19M064,-2.159284004506502,3.63844332301218,English (American),marchman,D_log
Marchman::MC15F104,-2.2531037142820365,0.15998349272414858,English (American),marchman,D_log
Marchman::ME03F038,-0.31079028035502787,1.5747842985181333,English (American),marchman,D_log
Marchman::ME12M056,0.35443180443235073,-6.558872584121464,English (American),marchman,D_log
Marchman::MF03F018,0.470471715415548,5.612345841983543,English (American),marchman,D_log
Marchman::MF15F086,-1.4921089831019914,-2.546740542755821,English (American),marchman,D_log
Marchman::MF15M103,-0.5474975098656044,-2.854659726928383,English (American),marchman,D_log
Marchman::MH09M024,1.1657554690662415,-2.179205810449676,English (American),marchman,D_log
Marchman::MK22F095,-2.989806407209621,7.22286496950467,English (American),marchman,D_log
Marchman::MM01F038,-1.2812683903933448,4.579103098017988,English (American),marchman,D_log
Marchman::MM02F059,0.5714406607345192,3.3541739336479153,English (American),marchman,D_log
Marchman::MM03F107,2.914863297527646,0.582691288829742,English (American),marchman,D_log
Marchman::MM04F088,3.1156024187577476,-2.383269456024255,English (American),marchman,D_log
Marchman::MM04F107,0.09483417133279133,-0.520818040852222,English (American),marchman,D_log
Marchman::MO03M098,1.3886402121832677,-0.5397295471709904,English (American),marchman,D_log
Marchman::MP03F107,0.9341392965755487,1.7925317722206402,English (American),marchman,D_log
Marchman::MP12F044,6.012616973169974,10.174455377338859,English (American),marchman,D_log
Marchman::MR03F057,2.9617439340137,-5.066901923982744,English (American),marchman,D_log
Marchman::MR03F107,-0.748161085586654,7.037731793394633,English (American),marchman,D_log
Marchman::MS02M57A,0.42996770941861484,-0.39803315765870617,English (American),marchman,D_log
Marchman::MS03M057,-4.129315145684884,5.977768491546556,English (American),marchman,D_log
Marchman::MS09F014,0.7834046815466165,5.765666489837761,English (American),marchman,D_log
Marchman::MV03M018,1.6841779243481483,-2.9197714718270786,English (American),marchman,D_log
Marchman::MW05F047,-0.47245631751098505,4.675123463816739,English (American),marchman,D_log
Marchman::NB03M038,0.6864680266776667,0.6777042508515719,English (American),marchman,D_log
Marchman::NB12F024,-3.5567479674938376,-2.3207441222271776,English (American),marchman,D_log
Marchman::NC05M098,5.178958836282156,7.8117494554657085,English (American),marchman,D_log
Marchman::NC18M084,-0.7185058891264241,7.714455082432192,English (American),marchman,D_log
Marchman::NF02M018,1.064422707382298,-4.549869637039038,English (American),marchman,D_log
Marchman::NG06M057,1.2667849504497413,5.6923883951553504,English (American),marchman,D_log
Marchman::NG06M57A,-2.754329199594725,9.774410073845091,English (American),marchman,D_log
Marchman::NG18M086,1.485695163349807,-1.0289029822904507,English (American),marchman,D_log
Marchman::NJ01M059,-2.6449066090069895,3.638767682613295,English (American),marchman,D_log
Marchman::NL01F038,-2.7277219155404935,-0.2894670563970987,English (American),marchman,D_log
Marchman::NL03M018,-1.0776185347064176,-1.1702668696732372,English (American),marchman,D_log
Marchman::NL11M095,2.3180225001310912,0.2051173032913738,English (American),marchman,D_log
Marchman::NM15F015,2.9879697041270474,3.8664040391136827,English (American),marchman,D_log
Marchman::NP05M069,-0.18993692611171142,-3.3918599766139104,English (American),marchman,D_log
Marchman::NR11M036,-0.4454863194438532,3.7398693496585915,English (American),marchman,D_log
Marchman::NS01M038,1.0925406254085468,-2.6048657088422926,English (American),marchman,D_log
Marchman::NS12F045,0.11180875301732102,-9.565475627938527,English (American),marchman,D_log
Marchman::NS18F105,-0.5038406199229614,-9.610980033046234,English (American),marchman,D_log
Marchman::NV09M014,0.2151123356300572,-0.884250458585093,English (American),marchman,D_log
Marchman::NY02F018,0.7347849948948388,8.634784074821454,English (American),marchman,D_log
Marchman::OS06M098,2.1046079471226675,-3.663524787184517,English (American),marchman,D_log
Marchman::PA18M098,-1.1469783975100718,4.41723393135997,English (American),marchman,D_log
Marchman::PB06M098,-2.377045414202589,7.469867720555679,English (American),marchman,D_log
Marchman::PB13M065,0.6381652262953936,4.6819192274072705,English (American),marchman,D_log
Marchman::PC05M098,1.2648370411244165,-2.2942611619858884,English (American),marchman,D_log
Marchman::PC08M038,0.21617498000687776,0.9397564907846645,English (American),marchman,D_log
Marchman::PC09M094,-1.196949155639586,-4.365311180298165,English (American),marchman,D_log
Marchman::PM03M059,-0.8035964085065973,-1.92958638007996,English (American),marchman,D_log
Marchman::PS03M059,0.5497511965928787,3.7631613407790443,English (American),marchman,D_log
Marchman::PS18M115,0.4823483536158124,-4.911032307076329,English (American),marchman,D_log
Marchman::PW02M057,3.395962021310609,-1.3213833168436029,English (American),marchman,D_log
Marchman::PY12M036,-0.1483048952345002,0.660849065771874,English (American),marchman,D_log
Marchman::RB04F057,2.1724718109681698,-1.516663957828026,English (American),marchman,D_log
Marchman::RC09F014,-0.49455144897055797,-0.806524190980112,English (American),marchman,D_log
Marchman::RC11F067,1.5659704811320319,-0.985621935437369,English (American),marchman,D_log
Marchman::RE02F057,0.41448067475287154,2.3042815358542708,English (American),marchman,D_log
Marchman::RG14M067,-0.7309838665579136,2.1268390268930446,English (American),marchman,D_log
Marchman::RM12F105,6.563763089623596,9.65701629547895,English (American),marchman,D_log
Marchman::RP19M105,-2.726471489686714,14.522086434340979,English (American),marchman,D_log
Marchman::RR05M057,-0.9281698494505524,4.08634318522057,English (American),marchman,D_log
Marchman::RS03F057,1.1870154347937465,-1.7964877522500962,English (American),marchman,D_log
Marchman::RS14M123,-2.1674496728165327,9.100620892666065,English (American),marchman,D_log
Marchman::RW02F018,1.3863706532526385,0.6195298987809277,English (American),marchman,D_log
Marchman::RW03F107,-0.4590286366121108,-7.761472422382716,English (American),marchman,D_log
Marchman::SA04F069,2.2986867266650446,2.052267417622682,English (American),marchman,D_log
Marchman::SB05M069,-0.7534012444979784,1.8281862787137655,English (American),marchman,D_log
Marchman::SB09M103,2.6713549270273758,-1.1350456325781133,English (American),marchman,D_log
Marchman::SC05F098,2.5061802473731682,-2.322690338573814,English (American),marchman,D_log
Marchman::SE03F018,-2.3571745699206557,-5.086836982064339,English (American),marchman,D_log
Marchman::SF12F015,-0.08714655863345283,-3.993254604562975,English (American),marchman,D_log
Marchman::SG02F059,-0.5690985957079527,5.015788350357696,English (American),marchman,D_log
Marchman::SH09M034,-0.14609023605048274,7.360253185611287,English (American),marchman,D_log
Marchman::SJ02F018,1.0915515108183098,3.975945148262273,English (American),marchman,D_log
Marchman::SJ04M107,-0.8846770252475225,4.653531528735243,English (American),marchman,D_log
Marchman::SJ12M123,-2.1855181876370775,0.058149126013176566,English (American),marchman,D_log
Marchman::SK02F107,-0.037685318790249334,0.032934282918583205,English (American),marchman,D_log
Marchman::SK03F018,0.38731936533373323,-3.0787123993432046,English (American),marchman,D_log
Marchman::SK04F098,-3.307102011348257,-9.213594994976233,English (American),marchman,D_log
Marchman::SL05F057,1.9687029708111783,-1.6144400948964095,English (American),marchman,D_log
Marchman::SL09F104,0.22956015053684026,0.9948442967949703,English (American),marchman,D_log
Marchman::SM03F107,2.0727359107258256,-3.593342414163392,English (American),marchman,D_log
Marchman::SM4F098A,2.1869560050916217,2.2464290596559953,English (American),marchman,D_log
Marchman::SO04F097,1.3883423403684723,-3.256899831382585,English (American),marchman,D_log
Marchman::SP15F077,-0.5098528150900813,3.995670059044887,English (American),marchman,D_log
Marchman::SR02F059,1.4644692029133393,0.8265211844555977,English (American),marchman,D_log
Marchman::SS02F018,0.3148928787713832,-0.9556452418428336,English (American),marchman,D_log
Marchman::SS09M123,-2.255083691954198,-1.6013504723702354,English (American),marchman,D_log
Marchman::SS12M064,-2.6456706450598206,-8.881500335191502,English (American),marchman,D_log
Marchman::ST02F059,0.01606585789102395,3.0793509574236606,English (American),marchman,D_log
Marchman::SW03F018,-0.04531786646020487,1.290418639924334,English (American),marchman,D_log
Marchman::SW03F069,-0.6011191784555879,0.11248229530928233,English (American),marchman,D_log
Marchman::SW03M028,-2.86314551261517,-5.259365397548033,English (American),marchman,D_log
Marchman::SW06F108,2.019580044112116,0.9586241679718606,English (American),marchman,D_log
Marchman::SW15F125,-0.4910348875466832,-1.729208044701822,English (American),marchman,D_log
Marchman::TA12M103,-2.418509281732822,2.64527016305808,English (American),marchman,D_log
Marchman::TC02M047,0.42919250002046044,-2.8657965940059613,English (American),marchman,D_log
Marchman::TC09F014,-0.20455226438611784,-3.237488903550153,English (American),marchman,D_log
Marchman::TE04M038,-0.39692998236868493,-2.354520308139527,English (American),marchman,D_log
Marchman::TG18M035,-0.8582110116002936,5.338260479497815,English (American),marchman,D_log
Marchman::TH03M057,0.5703586528003275,-1.8151182862109871,English (American),marchman,D_log
Marchman::TM03F018,3.3786639271068237,-0.9524835455232239,English (American),marchman,D_log
Marchman::TM03F047,3.1022827751127164,6.471455555832036,English (American),marchman,D_log
Marchman::TM09M034,2.863329186562242,-5.831189587287357,English (American),marchman,D_log
Marchman::TP03M107,2.0588371401127703,3.312317533305353,English (American),marchman,D_log
Marchman::TS02F018,1.2471869843893837,0.12381548200399028,English (American),marchman,D_log
Marchman::TS05M057,-0.5237099834207587,2.19769968986886,English (American),marchman,D_log
Marchman::TT03M069,0.669728536722304,4.263229213435168,English (American),marchman,D_log
Marchman::TT04M088,0.015611908237074805,2.238705876389937,English (American),marchman,D_log
Marchman::TT06M098,-1.003391237970041,1.5604928896571257,English (American),marchman,D_log
Marchman::VB06F108,3.1493181516972006,2.1771566961164375,English (American),marchman,D_log
Marchman::VJ02M057,0.8774133786691861,2.19287685946352,English (American),marchman,D_log
Marchman::VL03F018,0.8634069256473956,-0.8443096789572058,English (American),marchman,D_log
Marchman::VS04F098,-0.7910937828702147,-5.584230717043065,English (American),marchman,D_log
Marchman::WL05M057,1.183677198866138,-1.3223722113294663,English (American),marchman,D_log
Marchman::WW02F038,-0.6858784519193071,-0.45312628170890706,English (American),marchman,D_log
Marchman::WW03M069,-2.5845990855814156,-2.7771636224462766,English (American),marchman,D_log
Marchman::WW04F067,-0.471022175545392,4.510195902128904,English (American),marchman,D_log
Marchman::YM13F026,-3.9907460464118802,-9.976530217666546,English (American),marchman,D_log
Marchman::ZB09M113,0.3350008356972092,1.4425177430344818,English (American),marchman,D_log
Marchman::ZB11F035,-0.36296889707461455,3.861906224283494,English (American),marchman,D_log
Marchman::ZC06F098,-2.7247777917058196,0.5501653957720807,English (American),marchman,D_log
Marchman::ZE06M039,-0.893065275846386,-2.0715731792694996,English (American),marchman,D_log
Marchman::ZM02F059,3.023123718318854,0.7457450208623286,English (American),marchman,D_log
Marchman::ZM03M038,-0.08038859365654458,3.1149026473520336,English (American),marchman,D_log
Marchman::ZO02M047,1.1524821076800482,3.797690486430118,English (American),marchman,D_log
Marchman::ZT02M107,-0.6182614935973578,2.9453155613155797,English (American),marchman,D_log
Marchman::ZW02M057,0.17731537630533495,0.6997622824961875,English (American),marchman,D_log
