child_id,intercept_blup,slope_blup,language,lang_slug,model
Kristoffersen::10003,0.500301088970352,NA,Norwegian,norwegian,C_lin
Kristoffersen::10022,1.6459552103558774,NA,Norwegian,norwegian,C_lin
Kristoffersen::10025,0.369785092779825,NA,Norwegian,norwegian,C_lin
Kristoffersen::10030,1.4906976816214317,NA,Norwegian,norwegian,C_lin
Kristoffersen::10032,-0.8898175917728771,NA,Norwegian,norwegian,C_lin
Kristoffersen::10033,2.1139447409615175,NA,Norwegian,norwegian,C_lin
Kristoffersen::10040,2.0667469284623197,NA,Norwegian,norwegian,C_lin
Kristoffersen::10042,0.30232339188770047,NA,Norwegian,norwegian,C_lin
Kristoffersen::10044,4.522926912584548,NA,Norwegian,norwegian,C_lin
Kristoffersen::10052,2.0976575212145736,NA,Norwegian,norwegian,C_lin
Kristoffersen::10056,-2.022120106213563,NA,Norwegian,norwegian,C_lin
Kristoffersen::10059,-0.9294259793905258,NA,Norwegian,norwegian,C_lin
Kristoffersen::10064,1.4433884907955457,NA,Norwegian,norwegian,C_lin
Kristoffersen::10075,-1.8217179764413711,NA,Norwegian,norwegian,C_lin
Kristoffersen::10076,2.5934348549768513,NA,Norwegian,norwegian,C_lin
Kristoffersen::10079,-1.5352154414230939,NA,Norwegian,norwegian,C_lin
Kristoffersen::10085,-1.6393535315494763,NA,Norwegian,norwegian,C_lin
Kristoffersen::10111,-0.011659596346686757,NA,Norwegian,norwegian,C_lin
Kristoffersen::10119,-0.1866447432189473,NA,Norwegian,norwegian,C_lin
Kristoffersen::10120,-0.45412676817133163,NA,Norwegian,norwegian,C_lin
Kristoffersen::10127,-2.604927164875061,NA,Norwegian,norwegian,C_lin
Kristoffersen::10130,1.5917636159847033,NA,Norwegian,norwegian,C_lin
Kristoffersen::10136,0.9183907858279825,NA,Norwegian,norwegian,C_lin
Kristoffersen::10145,0.5055150459701915,NA,Norwegian,norwegian,C_lin
Kristoffersen::1015,0.6343197363773215,NA,Norwegian,norwegian,C_lin
Kristoffersen::10151,-2.467196746154395,NA,Norwegian,norwegian,C_lin
Kristoffersen::10167,0.5788282912588789,NA,Norwegian,norwegian,C_lin
Kristoffersen::1017,-0.49809852131096805,NA,Norwegian,norwegian,C_lin
Kristoffersen::10178,0.235324214705819,NA,Norwegian,norwegian,C_lin
Kristoffersen::10183,2.36507194506291,NA,Norwegian,norwegian,C_lin
Kristoffersen::10184,-0.5617932045768099,NA,Norwegian,norwegian,C_lin
Kristoffersen::10185,2.5109916440313156,NA,Norwegian,norwegian,C_lin
Kristoffersen::10190,2.7184310930861812,NA,Norwegian,norwegian,C_lin
Kristoffersen::10200,2.3399983971959766,NA,Norwegian,norwegian,C_lin
Kristoffersen::10208,0.9180016556664037,NA,Norwegian,norwegian,C_lin
Kristoffersen::10224,0.7167123977788922,NA,Norwegian,norwegian,C_lin
Kristoffersen::10226,1.9034947172810575,NA,Norwegian,norwegian,C_lin
Kristoffersen::10229,-1.2423493275167126,NA,Norwegian,norwegian,C_lin
Kristoffersen::10231,-1.1775384854526156,NA,Norwegian,norwegian,C_lin
Kristoffersen::10233,1.9349658706808053,NA,Norwegian,norwegian,C_lin
Kristoffersen::10250,2.418041609300357,NA,Norwegian,norwegian,C_lin
Kristoffersen::10262,0.06576408718329438,NA,Norwegian,norwegian,C_lin
Kristoffersen::10281,-0.5979614451246342,NA,Norwegian,norwegian,C_lin
Kristoffersen::10293,0.6243975070580342,NA,Norwegian,norwegian,C_lin
Kristoffersen::10320,-1.179032933081344,NA,Norwegian,norwegian,C_lin
Kristoffersen::10322,2.626060868296723,NA,Norwegian,norwegian,C_lin
Kristoffersen::10324,-1.8335629075909883,NA,Norwegian,norwegian,C_lin
Kristoffersen::10333,-3.5370178560243355,NA,Norwegian,norwegian,C_lin
Kristoffersen::10336,1.8114863969788833,NA,Norwegian,norwegian,C_lin
Kristoffersen::10349,1.0164426994198705,NA,Norwegian,norwegian,C_lin
Kristoffersen::10350,4.528155112825901,NA,Norwegian,norwegian,C_lin
Kristoffersen::10367,-1.1391044248469933,NA,Norwegian,norwegian,C_lin
Kristoffersen::10398,-1.808177169536373,NA,Norwegian,norwegian,C_lin
Kristoffersen::10403,1.4539187234257935,NA,Norwegian,norwegian,C_lin
Kristoffersen::10404,2.056320675195785,NA,Norwegian,norwegian,C_lin
Kristoffersen::10406,3.206557372325085,NA,Norwegian,norwegian,C_lin
Kristoffersen::10408,2.2927227921175457,NA,Norwegian,norwegian,C_lin
Kristoffersen::10412,-0.6319761411106013,NA,Norwegian,norwegian,C_lin
Kristoffersen::10427,-0.9375704352251878,NA,Norwegian,norwegian,C_lin
Kristoffersen::1043,-3.2456135338933816,NA,Norwegian,norwegian,C_lin
Kristoffersen::10431,2.2881644285635194,NA,Norwegian,norwegian,C_lin
Kristoffersen::10433,0.15557706374796665,NA,Norwegian,norwegian,C_lin
Kristoffersen::10436,0.9349338745248493,NA,Norwegian,norwegian,C_lin
Kristoffersen::10439,-1.4285016834484237,NA,Norwegian,norwegian,C_lin
Kristoffersen::10444,1.9523092832286282,NA,Norwegian,norwegian,C_lin
Kristoffersen::10452,2.6397034059574414,NA,Norwegian,norwegian,C_lin
Kristoffersen::10460,3.0414362322614235,NA,Norwegian,norwegian,C_lin
Kristoffersen::10461,-3.9836922400947574,NA,Norwegian,norwegian,C_lin
Kristoffersen::10470,0.3131101726440255,NA,Norwegian,norwegian,C_lin
Kristoffersen::10475,2.1224627776159464,NA,Norwegian,norwegian,C_lin
Kristoffersen::10494,0.8402648131974608,NA,Norwegian,norwegian,C_lin
Kristoffersen::10495,0.019045626530274223,NA,Norwegian,norwegian,C_lin
Kristoffersen::10507,-3.6509920790554355,NA,Norwegian,norwegian,C_lin
Kristoffersen::10508,-0.29647439900605843,NA,Norwegian,norwegian,C_lin
Kristoffersen::10510,0.34545869978752697,NA,Norwegian,norwegian,C_lin
Kristoffersen::10514,1.2499753706871914,NA,Norwegian,norwegian,C_lin
Kristoffersen::10516,-0.31709630201022515,NA,Norwegian,norwegian,C_lin
Kristoffersen::10522,-0.4209128599194496,NA,Norwegian,norwegian,C_lin
Kristoffersen::10523,1.069994725790693,NA,Norwegian,norwegian,C_lin
Kristoffersen::10525,0.53824323870892,NA,Norwegian,norwegian,C_lin
Kristoffersen::10532,-0.10961186772968887,NA,Norwegian,norwegian,C_lin
Kristoffersen::10533,0.33406475021341336,NA,Norwegian,norwegian,C_lin
Kristoffersen::10535,1.1733196189856412,NA,Norwegian,norwegian,C_lin
Kristoffersen::10541,-0.3847799535498713,NA,Norwegian,norwegian,C_lin
Kristoffersen::10546,-0.027653841031120726,NA,Norwegian,norwegian,C_lin
Kristoffersen::10566,0.642568917478383,NA,Norwegian,norwegian,C_lin
Kristoffersen::10585,-3.188605963177727,NA,Norwegian,norwegian,C_lin
Kristoffersen::10590,0.7039457843148941,NA,Norwegian,norwegian,C_lin
Kristoffersen::10594,1.3452632759409886,NA,Norwegian,norwegian,C_lin
Kristoffersen::10596,0.6299599380961561,NA,Norwegian,norwegian,C_lin
Kristoffersen::10598,-1.4066246172587045,NA,Norwegian,norwegian,C_lin
Kristoffersen::10606,0.5387009775829369,NA,Norwegian,norwegian,C_lin
Kristoffersen::1061,-0.539460359144243,NA,Norwegian,norwegian,C_lin
Kristoffersen::10618,-0.596158035349403,NA,Norwegian,norwegian,C_lin
Kristoffersen::10626,0.7887015096340391,NA,Norwegian,norwegian,C_lin
Kristoffersen::10636,-2.3950019957848703,NA,Norwegian,norwegian,C_lin
Kristoffersen::10638,2.948304914303664,NA,Norwegian,norwegian,C_lin
Kristoffersen::10644,1.531901498562632,NA,Norwegian,norwegian,C_lin
Kristoffersen::10654,-4.9603905365128425,NA,Norwegian,norwegian,C_lin
Kristoffersen::10655,1.412696017851534,NA,Norwegian,norwegian,C_lin
Kristoffersen::10661,1.9548599483651428,NA,Norwegian,norwegian,C_lin
Kristoffersen::10663,3.0190194706882196,NA,Norwegian,norwegian,C_lin
Kristoffersen::10679,0.2263212213348455,NA,Norwegian,norwegian,C_lin
Kristoffersen::10681,-2.53395281442394,NA,Norwegian,norwegian,C_lin
Kristoffersen::10682,2.300592241106436,NA,Norwegian,norwegian,C_lin
Kristoffersen::10687,2.2147598195073366,NA,Norwegian,norwegian,C_lin
Kristoffersen::10688,2.4987789990869724,NA,Norwegian,norwegian,C_lin
Kristoffersen::10691,-2.1927566327538326,NA,Norwegian,norwegian,C_lin
Kristoffersen::10697,-0.7179710736247383,NA,Norwegian,norwegian,C_lin
Kristoffersen::10706,2.2765681915104388,NA,Norwegian,norwegian,C_lin
Kristoffersen::10707,-4.641350860981072,NA,Norwegian,norwegian,C_lin
Kristoffersen::10721,2.364143069383601,NA,Norwegian,norwegian,C_lin
Kristoffersen::10729,-3.1144906576241276,NA,Norwegian,norwegian,C_lin
Kristoffersen::10730,-3.767001341962708,NA,Norwegian,norwegian,C_lin
Kristoffersen::10755,-2.7512327132062064,NA,Norwegian,norwegian,C_lin
Kristoffersen::10756,3.329481762104524,NA,Norwegian,norwegian,C_lin
Kristoffersen::10762,0.16651251897360805,NA,Norwegian,norwegian,C_lin
Kristoffersen::10776,0.29650415804255703,NA,Norwegian,norwegian,C_lin
Kristoffersen::10784,-0.3598148446896221,NA,Norwegian,norwegian,C_lin
Kristoffersen::10785,0.9469842496098887,NA,Norwegian,norwegian,C_lin
Kristoffersen::10788,2.3533199138967773,NA,Norwegian,norwegian,C_lin
Kristoffersen::10804,0.2600881120705175,NA,Norwegian,norwegian,C_lin
Kristoffersen::1081,-0.8148690218419791,NA,Norwegian,norwegian,C_lin
Kristoffersen::10813,1.19396046149244,NA,Norwegian,norwegian,C_lin
Kristoffersen::10821,1.6053890128387407,NA,Norwegian,norwegian,C_lin
Kristoffersen::10825,0.9871298771753918,NA,Norwegian,norwegian,C_lin
Kristoffersen::10828,2.0844354227487814,NA,Norwegian,norwegian,C_lin
Kristoffersen::1084,0.8633680281925341,NA,Norwegian,norwegian,C_lin
Kristoffersen::10840,-1.5428414494289873,NA,Norwegian,norwegian,C_lin
Kristoffersen::10843,-3.431961633416057,NA,Norwegian,norwegian,C_lin
Kristoffersen::10844,-0.10672163362746528,NA,Norwegian,norwegian,C_lin
Kristoffersen::10854,2.849302261835268,NA,Norwegian,norwegian,C_lin
Kristoffersen::10857,-2.0894392737670975,NA,Norwegian,norwegian,C_lin
Kristoffersen::10862,4.162073689031007,NA,Norwegian,norwegian,C_lin
Kristoffersen::10867,3.262093541578975,NA,Norwegian,norwegian,C_lin
Kristoffersen::10871,-1.821689547982574,NA,Norwegian,norwegian,C_lin
Kristoffersen::10875,-2.647476951706433,NA,Norwegian,norwegian,C_lin
Kristoffersen::10888,1.0585867624239846,NA,Norwegian,norwegian,C_lin
Kristoffersen::10898,0.8657485323592816,NA,Norwegian,norwegian,C_lin
Kristoffersen::10904,-0.019102305914012033,NA,Norwegian,norwegian,C_lin
Kristoffersen::10905,-0.5076465911374181,NA,Norwegian,norwegian,C_lin
Kristoffersen::10906,-4.423873131929908,NA,Norwegian,norwegian,C_lin
Kristoffersen::10912,0.10882408108059824,NA,Norwegian,norwegian,C_lin
Kristoffersen::10915,-0.24644705852636214,NA,Norwegian,norwegian,C_lin
Kristoffersen::10919,-0.9444284672751728,NA,Norwegian,norwegian,C_lin
Kristoffersen::10923,0.20348062116255264,NA,Norwegian,norwegian,C_lin
Kristoffersen::10924,0.6145646455308899,NA,Norwegian,norwegian,C_lin
Kristoffersen::10925,-4.512639164179059,NA,Norwegian,norwegian,C_lin
Kristoffersen::10928,2.431362201248897,NA,Norwegian,norwegian,C_lin
Kristoffersen::10930,1.0673864906357606,NA,Norwegian,norwegian,C_lin
Kristoffersen::10934,3.3381270285829094,NA,Norwegian,norwegian,C_lin
Kristoffersen::10936,0.016773547693656812,NA,Norwegian,norwegian,C_lin
Kristoffersen::10937,-0.9488209621988238,NA,Norwegian,norwegian,C_lin
Kristoffersen::10951,0.716906818361887,NA,Norwegian,norwegian,C_lin
Kristoffersen::10959,1.495183064812253,NA,Norwegian,norwegian,C_lin
Kristoffersen::1096,0.1407650973985316,NA,Norwegian,norwegian,C_lin
Kristoffersen::10960,0.30542711275141143,NA,Norwegian,norwegian,C_lin
Kristoffersen::10968,-0.8261573520605986,NA,Norwegian,norwegian,C_lin
Kristoffersen::10972,-0.06081646387792371,NA,Norwegian,norwegian,C_lin
Kristoffersen::10991,-2.166228273002316,NA,Norwegian,norwegian,C_lin
Kristoffersen::10993,3.094533976489074,NA,Norwegian,norwegian,C_lin
Kristoffersen::11011,-1.376035143038589,NA,Norwegian,norwegian,C_lin
Kristoffersen::11013,0.21756585766184103,NA,Norwegian,norwegian,C_lin
Kristoffersen::11015,2.5583984730024962,NA,Norwegian,norwegian,C_lin
Kristoffersen::11019,-0.5646631211598807,NA,Norwegian,norwegian,C_lin
Kristoffersen::11027,-0.0804696374341631,NA,Norwegian,norwegian,C_lin
Kristoffersen::11035,-1.6671844537143958,NA,Norwegian,norwegian,C_lin
Kristoffersen::11040,2.1475297405195306,NA,Norwegian,norwegian,C_lin
Kristoffersen::11047,-3.058968398285152,NA,Norwegian,norwegian,C_lin
Kristoffersen::11049,-2.6135434703838567,NA,Norwegian,norwegian,C_lin
Kristoffersen::11053,-0.30619839106709745,NA,Norwegian,norwegian,C_lin
Kristoffersen::11055,-0.6440192685580349,NA,Norwegian,norwegian,C_lin
Kristoffersen::11073,0.9491817759366387,NA,Norwegian,norwegian,C_lin
Kristoffersen::11074,-1.4240809691689114,NA,Norwegian,norwegian,C_lin
Kristoffersen::11075,2.2201081988531413,NA,Norwegian,norwegian,C_lin
Kristoffersen::11076,-0.6570406654613515,NA,Norwegian,norwegian,C_lin
Kristoffersen::11077,0.436528001613725,NA,Norwegian,norwegian,C_lin
Kristoffersen::11078,0.6015844344312067,NA,Norwegian,norwegian,C_lin
Kristoffersen::11081,1.654356933529871,NA,Norwegian,norwegian,C_lin
Kristoffersen::11085,2.839401781541398,NA,Norwegian,norwegian,C_lin
Kristoffersen::11087,0.43652800161372585,NA,Norwegian,norwegian,C_lin
Kristoffersen::1109,-0.9239397369944637,NA,Norwegian,norwegian,C_lin
Kristoffersen::11093,-5.363136492621513,NA,Norwegian,norwegian,C_lin
Kristoffersen::11095,-0.6606303533411276,NA,Norwegian,norwegian,C_lin
Kristoffersen::11101,0.7006355082344796,NA,Norwegian,norwegian,C_lin
Kristoffersen::11120,-0.7140179552088897,NA,Norwegian,norwegian,C_lin
Kristoffersen::11126,0.5231448026562572,NA,Norwegian,norwegian,C_lin
Kristoffersen::1113,-0.09357712374818167,NA,Norwegian,norwegian,C_lin
Kristoffersen::11135,-3.071282740280035,NA,Norwegian,norwegian,C_lin
Kristoffersen::11136,-1.6427540706721568,NA,Norwegian,norwegian,C_lin
Kristoffersen::1114,-0.36473856567397794,NA,Norwegian,norwegian,C_lin
Kristoffersen::11145,-0.5574426314201278,NA,Norwegian,norwegian,C_lin
Kristoffersen::11147,-0.6434233802791707,NA,Norwegian,norwegian,C_lin
Kristoffersen::11174,2.988250478954635,NA,Norwegian,norwegian,C_lin
Kristoffersen::11177,0.7725009097931334,NA,Norwegian,norwegian,C_lin
Kristoffersen::11190,1.1634389618633205,NA,Norwegian,norwegian,C_lin
Kristoffersen::11196,2.287237913590928,NA,Norwegian,norwegian,C_lin
Kristoffersen::11197,-3.8694915196849626,NA,Norwegian,norwegian,C_lin
Kristoffersen::11204,-1.9094162086335669,NA,Norwegian,norwegian,C_lin
Kristoffersen::11230,0.34470632718846694,NA,Norwegian,norwegian,C_lin
Kristoffersen::11233,1.0798414180154061,NA,Norwegian,norwegian,C_lin
Kristoffersen::11236,-1.9178153560594746,NA,Norwegian,norwegian,C_lin
Kristoffersen::11241,0.019157752360205768,NA,Norwegian,norwegian,C_lin
Kristoffersen::11245,-3.1565852849751024,NA,Norwegian,norwegian,C_lin
Kristoffersen::11247,-0.40949108440671933,NA,Norwegian,norwegian,C_lin
Kristoffersen::11249,-2.4822149141433174,NA,Norwegian,norwegian,C_lin
Kristoffersen::11253,3.0105735137156002,NA,Norwegian,norwegian,C_lin
Kristoffersen::11260,0.6817143639268448,NA,Norwegian,norwegian,C_lin
Kristoffersen::11261,0.40119102442464566,NA,Norwegian,norwegian,C_lin
Kristoffersen::11269,-2.0369421031361226,NA,Norwegian,norwegian,C_lin
Kristoffersen::11275,2.687466490115564,NA,Norwegian,norwegian,C_lin
Kristoffersen::11279,-1.1506523123930645,NA,Norwegian,norwegian,C_lin
Kristoffersen::11280,-0.29907397233480804,NA,Norwegian,norwegian,C_lin
Kristoffersen::11281,-0.6246469026819123,NA,Norwegian,norwegian,C_lin
Kristoffersen::11285,0.3220592932211173,NA,Norwegian,norwegian,C_lin
Kristoffersen::1129,-0.20152088743992555,NA,Norwegian,norwegian,C_lin
Kristoffersen::11296,-0.6309471010121822,NA,Norwegian,norwegian,C_lin
Kristoffersen::11300,2.084154852270847,NA,Norwegian,norwegian,C_lin
Kristoffersen::11316,-2.833919069906599,NA,Norwegian,norwegian,C_lin
Kristoffersen::11317,2.682812451852873,NA,Norwegian,norwegian,C_lin
Kristoffersen::11322,3.3510698167044395,NA,Norwegian,norwegian,C_lin
Kristoffersen::11329,-0.7255743229342178,NA,Norwegian,norwegian,C_lin
Kristoffersen::11332,2.4354325977342564,NA,Norwegian,norwegian,C_lin
Kristoffersen::11333,-1.1344969563133507,NA,Norwegian,norwegian,C_lin
Kristoffersen::11336,0.07344140102018429,NA,Norwegian,norwegian,C_lin
Kristoffersen::11347,-3.1272416047127476,NA,Norwegian,norwegian,C_lin
Kristoffersen::11349,0.31413171243177757,NA,Norwegian,norwegian,C_lin
Kristoffersen::11353,2.213082648102785,NA,Norwegian,norwegian,C_lin
Kristoffersen::11357,-1.5798533346296082,NA,Norwegian,norwegian,C_lin
Kristoffersen::11358,1.0951200922036237,NA,Norwegian,norwegian,C_lin
Kristoffersen::1136,1.1440919487629675,NA,Norwegian,norwegian,C_lin
Kristoffersen::11360,1.9572152347143936,NA,Norwegian,norwegian,C_lin
Kristoffersen::11363,3.030027746447057,NA,Norwegian,norwegian,C_lin
Kristoffersen::11365,-2.497661045733747,NA,Norwegian,norwegian,C_lin
Kristoffersen::11369,0.4181161485446894,NA,Norwegian,norwegian,C_lin
Kristoffersen::11372,3.7516285193170473,NA,Norwegian,norwegian,C_lin
Kristoffersen::11375,0.904751556973133,NA,Norwegian,norwegian,C_lin
Kristoffersen::11379,-2.390555714782574,NA,Norwegian,norwegian,C_lin
Kristoffersen::11380,2.2638875800261697,NA,Norwegian,norwegian,C_lin
Kristoffersen::11390,-1.8240899957006602,NA,Norwegian,norwegian,C_lin
Kristoffersen::11406,0.9871114726078113,NA,Norwegian,norwegian,C_lin
Kristoffersen::11411,0.07774857075389689,NA,Norwegian,norwegian,C_lin
Kristoffersen::11414,-0.2872739542769599,NA,Norwegian,norwegian,C_lin
Kristoffersen::11419,2.6128968661889984,NA,Norwegian,norwegian,C_lin
Kristoffersen::11424,0.5657145190483888,NA,Norwegian,norwegian,C_lin
Kristoffersen::11425,2.4666698938746068,NA,Norwegian,norwegian,C_lin
Kristoffersen::11430,1.6591557878142686,NA,Norwegian,norwegian,C_lin
Kristoffersen::11437,-1.7300803051544735,NA,Norwegian,norwegian,C_lin
Kristoffersen::11441,-3.242950867687722,NA,Norwegian,norwegian,C_lin
Kristoffersen::11443,-1.892161721862741,NA,Norwegian,norwegian,C_lin
Kristoffersen::11447,-0.15460953153307225,NA,Norwegian,norwegian,C_lin
Kristoffersen::11448,0.8969977638673845,NA,Norwegian,norwegian,C_lin
Kristoffersen::11450,1.8093953642669882,NA,Norwegian,norwegian,C_lin
Kristoffersen::11455,2.7349067521457955,NA,Norwegian,norwegian,C_lin
Kristoffersen::11456,4.096772793748455,NA,Norwegian,norwegian,C_lin
Kristoffersen::11459,-3.1204449113143107,NA,Norwegian,norwegian,C_lin
Kristoffersen::11472,-0.3130495509314026,NA,Norwegian,norwegian,C_lin
Kristoffersen::11474,0.05606309904518527,NA,Norwegian,norwegian,C_lin
Kristoffersen::11476,4.171839823991305,NA,Norwegian,norwegian,C_lin
Kristoffersen::11477,-1.7103022781210355,NA,Norwegian,norwegian,C_lin
Kristoffersen::11479,-3.3295919399513654,NA,Norwegian,norwegian,C_lin
Kristoffersen::11482,2.7873696141717357,NA,Norwegian,norwegian,C_lin
Kristoffersen::11488,0.2368749227809896,NA,Norwegian,norwegian,C_lin
Kristoffersen::1149,0.8571683791759328,NA,Norwegian,norwegian,C_lin
Kristoffersen::11493,1.9603470259534987,NA,Norwegian,norwegian,C_lin
Kristoffersen::11499,2.574206283201895,NA,Norwegian,norwegian,C_lin
Kristoffersen::11505,-0.18973874586830947,NA,Norwegian,norwegian,C_lin
Kristoffersen::11509,0.04131254542487347,NA,Norwegian,norwegian,C_lin
Kristoffersen::11515,-2.5264740057751585,NA,Norwegian,norwegian,C_lin
Kristoffersen::11516,3.7104734919898,NA,Norwegian,norwegian,C_lin
Kristoffersen::11523,-3.8532472324035076,NA,Norwegian,norwegian,C_lin
Kristoffersen::11525,-1.808221599612822,NA,Norwegian,norwegian,C_lin
Kristoffersen::11534,1.4879912077241335,NA,Norwegian,norwegian,C_lin
Kristoffersen::11537,1.11188536465507,NA,Norwegian,norwegian,C_lin
Kristoffersen::11541,3.5089682028926124,NA,Norwegian,norwegian,C_lin
Kristoffersen::11547,-0.48015011359125354,NA,Norwegian,norwegian,C_lin
Kristoffersen::11551,0.3520919353489121,NA,Norwegian,norwegian,C_lin
Kristoffersen::11559,1.0879344586067774,NA,Norwegian,norwegian,C_lin
Kristoffersen::11561,0.2866207820469822,NA,Norwegian,norwegian,C_lin
Kristoffersen::11562,-2.134947631989426,NA,Norwegian,norwegian,C_lin
Kristoffersen::11568,3.891452422546456,NA,Norwegian,norwegian,C_lin
Kristoffersen::11574,-2.987597760922294,NA,Norwegian,norwegian,C_lin
Kristoffersen::11577,1.710402189395712,NA,Norwegian,norwegian,C_lin
Kristoffersen::11582,-0.0737089114715693,NA,Norwegian,norwegian,C_lin
Kristoffersen::11584,-2.925232824489048,NA,Norwegian,norwegian,C_lin
Kristoffersen::11597,2.8373812717994493,NA,Norwegian,norwegian,C_lin
Kristoffersen::11603,0.39208664314224384,NA,Norwegian,norwegian,C_lin
Kristoffersen::11604,-0.1571920331888167,NA,Norwegian,norwegian,C_lin
Kristoffersen::11629,1.5084565627972917,NA,Norwegian,norwegian,C_lin
Kristoffersen::11630,-2.5774635614465646,NA,Norwegian,norwegian,C_lin
Kristoffersen::11632,1.0513758360071752,NA,Norwegian,norwegian,C_lin
Kristoffersen::11633,-0.559525477510018,NA,Norwegian,norwegian,C_lin
Kristoffersen::11636,0.7748338012011563,NA,Norwegian,norwegian,C_lin
Kristoffersen::11650,1.7275912765844068,NA,Norwegian,norwegian,C_lin
Kristoffersen::11655,-0.9312286900512617,NA,Norwegian,norwegian,C_lin
Kristoffersen::11656,-0.8193474294987404,NA,Norwegian,norwegian,C_lin
Kristoffersen::11658,-1.2994559936792098,NA,Norwegian,norwegian,C_lin
Kristoffersen::11674,0.7218633906745865,NA,Norwegian,norwegian,C_lin
Kristoffersen::11675,-2.3992980454580817,NA,Norwegian,norwegian,C_lin
Kristoffersen::11678,-0.15940378554658677,NA,Norwegian,norwegian,C_lin
Kristoffersen::11679,0.12471163980594911,NA,Norwegian,norwegian,C_lin
Kristoffersen::11686,0.5163706345438305,NA,Norwegian,norwegian,C_lin
Kristoffersen::11693,-0.31309611944271115,NA,Norwegian,norwegian,C_lin
Kristoffersen::11699,6.086537364625076,NA,Norwegian,norwegian,C_lin
Kristoffersen::11700,0.9995506811465688,NA,Norwegian,norwegian,C_lin
Kristoffersen::11707,0.33459770611984235,NA,Norwegian,norwegian,C_lin
Kristoffersen::11716,-0.6487882966254451,NA,Norwegian,norwegian,C_lin
Kristoffersen::11717,-2.04271810481967,NA,Norwegian,norwegian,C_lin
Kristoffersen::11722,1.6751914412702025,NA,Norwegian,norwegian,C_lin
Kristoffersen::11725,-2.8087440424425183,NA,Norwegian,norwegian,C_lin
Kristoffersen::11736,1.2019167442333474,NA,Norwegian,norwegian,C_lin
Kristoffersen::11739,1.208969354827949,NA,Norwegian,norwegian,C_lin
Kristoffersen::11745,-0.6184952079131694,NA,Norwegian,norwegian,C_lin
Kristoffersen::11753,-0.9372341938426506,NA,Norwegian,norwegian,C_lin
Kristoffersen::11760,-0.1108842263327278,NA,Norwegian,norwegian,C_lin
Kristoffersen::11767,1.684471615325765,NA,Norwegian,norwegian,C_lin
Kristoffersen::11773,0.9386124485257803,NA,Norwegian,norwegian,C_lin
Kristoffersen::11780,1.371753728466955,NA,Norwegian,norwegian,C_lin
Kristoffersen::11781,-1.0243353791089078,NA,Norwegian,norwegian,C_lin
Kristoffersen::11782,0.16840110732263922,NA,Norwegian,norwegian,C_lin
Kristoffersen::11793,-1.3095203229293084,NA,Norwegian,norwegian,C_lin
Kristoffersen::11803,-1.9768798420114215,NA,Norwegian,norwegian,C_lin
Kristoffersen::11808,-0.37583081913761945,NA,Norwegian,norwegian,C_lin
Kristoffersen::1181,0.500993998626715,NA,Norwegian,norwegian,C_lin
Kristoffersen::11818,1.125756051506221,NA,Norwegian,norwegian,C_lin
Kristoffersen::11822,1.9177644565626932,NA,Norwegian,norwegian,C_lin
Kristoffersen::11829,-0.05984175077101347,NA,Norwegian,norwegian,C_lin
Kristoffersen::11833,1.1547189561308802,NA,Norwegian,norwegian,C_lin
Kristoffersen::11835,2.144580150330717,NA,Norwegian,norwegian,C_lin
Kristoffersen::11836,0.5370059822881731,NA,Norwegian,norwegian,C_lin
Kristoffersen::11837,1.8224735149327331,NA,Norwegian,norwegian,C_lin
Kristoffersen::11839,-1.2069092586195045,NA,Norwegian,norwegian,C_lin
Kristoffersen::11841,2.0751904000267123,NA,Norwegian,norwegian,C_lin
Kristoffersen::11847,-1.9597612474007673,NA,Norwegian,norwegian,C_lin
Kristoffersen::1185,0.9545534305975409,NA,Norwegian,norwegian,C_lin
Kristoffersen::11854,1.051375836007175,NA,Norwegian,norwegian,C_lin
Kristoffersen::11858,1.5103526261218703,NA,Norwegian,norwegian,C_lin
Kristoffersen::11868,1.360093325046596,NA,Norwegian,norwegian,C_lin
Kristoffersen::11882,-1.749958177712945,NA,Norwegian,norwegian,C_lin
Kristoffersen::11891,-0.9124207481508917,NA,Norwegian,norwegian,C_lin
Kristoffersen::11896,-2.6996765105605256,NA,Norwegian,norwegian,C_lin
Kristoffersen::11897,-0.5474565166347043,NA,Norwegian,norwegian,C_lin
Kristoffersen::11901,0.3195469207550637,NA,Norwegian,norwegian,C_lin
Kristoffersen::11904,-5.092641704188571,NA,Norwegian,norwegian,C_lin
Kristoffersen::11906,0.5272345153135444,NA,Norwegian,norwegian,C_lin
Kristoffersen::11911,-1.739673640912887,NA,Norwegian,norwegian,C_lin
Kristoffersen::11913,-0.05474520981035967,NA,Norwegian,norwegian,C_lin
Kristoffersen::11914,2.5052392340562935,NA,Norwegian,norwegian,C_lin
Kristoffersen::11917,1.034031335851261,NA,Norwegian,norwegian,C_lin
Kristoffersen::11918,1.899711554661009,NA,Norwegian,norwegian,C_lin
Kristoffersen::11922,-0.486307417006208,NA,Norwegian,norwegian,C_lin
Kristoffersen::11923,2.4660836522093796,NA,Norwegian,norwegian,C_lin
Kristoffersen::11927,1.3979594211712933,NA,Norwegian,norwegian,C_lin
Kristoffersen::11928,-0.30272603735759135,NA,Norwegian,norwegian,C_lin
Kristoffersen::11931,-4.239024556540628,NA,Norwegian,norwegian,C_lin
Kristoffersen::11938,2.1413950214872277,NA,Norwegian,norwegian,C_lin
Kristoffersen::11942,2.1410769185318363,NA,Norwegian,norwegian,C_lin
Kristoffersen::11944,1.8199226809634832,NA,Norwegian,norwegian,C_lin
Kristoffersen::11953,-2.000798211021643,NA,Norwegian,norwegian,C_lin
Kristoffersen::11955,2.306285759034114,NA,Norwegian,norwegian,C_lin
Kristoffersen::11960,0.7496684211920093,NA,Norwegian,norwegian,C_lin
Kristoffersen::11963,-4.528559577741766,NA,Norwegian,norwegian,C_lin
Kristoffersen::11966,2.42267879934875,NA,Norwegian,norwegian,C_lin
Kristoffersen::11976,0.6099491003026409,NA,Norwegian,norwegian,C_lin
Kristoffersen::11982,3.036986843810155,NA,Norwegian,norwegian,C_lin
Kristoffersen::11984,-0.03873410818846876,NA,Norwegian,norwegian,C_lin
Kristoffersen::12,1.854221684537596,NA,Norwegian,norwegian,C_lin
Kristoffersen::12000,-3.0504812176952774,NA,Norwegian,norwegian,C_lin
Kristoffersen::12001,0.6403107276122152,NA,Norwegian,norwegian,C_lin
Kristoffersen::12007,-5.4513528866866015,NA,Norwegian,norwegian,C_lin
Kristoffersen::12017,-3.0354767610155142,NA,Norwegian,norwegian,C_lin
Kristoffersen::12019,-5.565474135829914,NA,Norwegian,norwegian,C_lin
Kristoffersen::12026,1.762089187830643,NA,Norwegian,norwegian,C_lin
Kristoffersen::12027,-2.4375803151656013,NA,Norwegian,norwegian,C_lin
Kristoffersen::12030,1.8481558666135132,NA,Norwegian,norwegian,C_lin
Kristoffersen::12031,-0.3689813901642012,NA,Norwegian,norwegian,C_lin
Kristoffersen::12042,0.9219853108959108,NA,Norwegian,norwegian,C_lin
Kristoffersen::12044,3.6757207347799357,NA,Norwegian,norwegian,C_lin
Kristoffersen::12051,2.5263016442722583,NA,Norwegian,norwegian,C_lin
Kristoffersen::12057,-1.9604383638643736,NA,Norwegian,norwegian,C_lin
Kristoffersen::12061,0.33736633037328123,NA,Norwegian,norwegian,C_lin
Kristoffersen::12075,-1.812119157271101,NA,Norwegian,norwegian,C_lin
Kristoffersen::12083,-3.7340330237498827,NA,Norwegian,norwegian,C_lin
Kristoffersen::12088,1.498758642738646,NA,Norwegian,norwegian,C_lin
Kristoffersen::12092,0.9682995972726366,NA,Norwegian,norwegian,C_lin
Kristoffersen::12103,-0.8276561604965589,NA,Norwegian,norwegian,C_lin
Kristoffersen::12106,0.34509616391682596,NA,Norwegian,norwegian,C_lin
Kristoffersen::12107,1.3827227262881054,NA,Norwegian,norwegian,C_lin
Kristoffersen::12117,0.06353208316310101,NA,Norwegian,norwegian,C_lin
Kristoffersen::1212,0.32064673506648456,NA,Norwegian,norwegian,C_lin
Kristoffersen::12129,0.49022700235181366,NA,Norwegian,norwegian,C_lin
Kristoffersen::12141,-0.18597379469068406,NA,Norwegian,norwegian,C_lin
Kristoffersen::12145,0.6673437332186979,NA,Norwegian,norwegian,C_lin
Kristoffersen::12149,-2.387695209068626,NA,Norwegian,norwegian,C_lin
Kristoffersen::12151,-2.266008312116922,NA,Norwegian,norwegian,C_lin
Kristoffersen::12155,-1.0295451899564976,NA,Norwegian,norwegian,C_lin
Kristoffersen::12156,-0.3452221540681088,NA,Norwegian,norwegian,C_lin
Kristoffersen::12158,2.5398362826532757,NA,Norwegian,norwegian,C_lin
Kristoffersen::12159,1.5926051931033736,NA,Norwegian,norwegian,C_lin
Kristoffersen::1216,-1.6218476226559022,NA,Norwegian,norwegian,C_lin
Kristoffersen::12165,0.8730180865068043,NA,Norwegian,norwegian,C_lin
Kristoffersen::12184,3.0407743960427283,NA,Norwegian,norwegian,C_lin
Kristoffersen::122,1.247459344830933,NA,Norwegian,norwegian,C_lin
Kristoffersen::12200,0.07357008283882875,NA,Norwegian,norwegian,C_lin
Kristoffersen::12211,0.466646983773683,NA,Norwegian,norwegian,C_lin
Kristoffersen::12217,0.03821690368642138,NA,Norwegian,norwegian,C_lin
Kristoffersen::12219,1.6935119690573073,NA,Norwegian,norwegian,C_lin
Kristoffersen::12229,2.2703542283333245,NA,Norwegian,norwegian,C_lin
Kristoffersen::12231,-0.6392538870272322,NA,Norwegian,norwegian,C_lin
Kristoffersen::12239,2.873660071419255,NA,Norwegian,norwegian,C_lin
Kristoffersen::12243,1.6019386960351345,NA,Norwegian,norwegian,C_lin
Kristoffersen::12244,-1.4931118678724333,NA,Norwegian,norwegian,C_lin
Kristoffersen::12248,0.24087347522554678,NA,Norwegian,norwegian,C_lin
Kristoffersen::12251,-2.466919125404401,NA,Norwegian,norwegian,C_lin
Kristoffersen::12254,3.876274793107205,NA,Norwegian,norwegian,C_lin
Kristoffersen::12255,1.4214025073403909,NA,Norwegian,norwegian,C_lin
Kristoffersen::12259,-2.983753963019492,NA,Norwegian,norwegian,C_lin
Kristoffersen::12274,-9.212273177918002,NA,Norwegian,norwegian,C_lin
Kristoffersen::12277,-4.662554104048849,NA,Norwegian,norwegian,C_lin
Kristoffersen::12284,3.33316870563182,NA,Norwegian,norwegian,C_lin
Kristoffersen::12285,3.2633781434036124,NA,Norwegian,norwegian,C_lin
Kristoffersen::12288,0.5777127852958097,NA,Norwegian,norwegian,C_lin
Kristoffersen::12291,-2.9195588889978223,NA,Norwegian,norwegian,C_lin
Kristoffersen::12292,-0.19856088024578272,NA,Norwegian,norwegian,C_lin
Kristoffersen::12300,0.8412661181988246,NA,Norwegian,norwegian,C_lin
Kristoffersen::12302,-1.7801487207594517,NA,Norwegian,norwegian,C_lin
Kristoffersen::12304,1.7644940871938088,NA,Norwegian,norwegian,C_lin
Kristoffersen::12306,1.7212500585213437,NA,Norwegian,norwegian,C_lin
Kristoffersen::12312,4.514482064991298,NA,Norwegian,norwegian,C_lin
Kristoffersen::12323,0.719763593522621,NA,Norwegian,norwegian,C_lin
Kristoffersen::12331,-0.6923659436609695,NA,Norwegian,norwegian,C_lin
Kristoffersen::12332,0.19626549929988446,NA,Norwegian,norwegian,C_lin
Kristoffersen::12336,-1.9871735952407568,NA,Norwegian,norwegian,C_lin
Kristoffersen::12341,0.841266118198825,NA,Norwegian,norwegian,C_lin
Kristoffersen::12343,1.6294807740104986,NA,Norwegian,norwegian,C_lin
Kristoffersen::12355,1.4006526273757403,NA,Norwegian,norwegian,C_lin
Kristoffersen::12358,3.559739560675768,NA,Norwegian,norwegian,C_lin
Kristoffersen::12360,0.6299718871448432,NA,Norwegian,norwegian,C_lin
Kristoffersen::12367,-1.690539477883899,NA,Norwegian,norwegian,C_lin
Kristoffersen::12373,2.1143890304220947,NA,Norwegian,norwegian,C_lin
Kristoffersen::12377,-2.506322029713991,NA,Norwegian,norwegian,C_lin
Kristoffersen::12379,0.6979978268922666,NA,Norwegian,norwegian,C_lin
Kristoffersen::12381,2.0340217559529234,NA,Norwegian,norwegian,C_lin
Kristoffersen::12382,-1.6627286045929832,NA,Norwegian,norwegian,C_lin
Kristoffersen::12383,-0.07382502609078254,NA,Norwegian,norwegian,C_lin
Kristoffersen::12384,0.20998913043845546,NA,Norwegian,norwegian,C_lin
Kristoffersen::12388,1.9951150270032114,NA,Norwegian,norwegian,C_lin
Kristoffersen::12389,2.2790172612329735,NA,Norwegian,norwegian,C_lin
Kristoffersen::12395,-1.3810580884247892,NA,Norwegian,norwegian,C_lin
Kristoffersen::12397,-2.2026948051828517,NA,Norwegian,norwegian,C_lin
Kristoffersen::12401,1.3135136967560692,NA,Norwegian,norwegian,C_lin
Kristoffersen::12403,-1.2951566123434606,NA,Norwegian,norwegian,C_lin
Kristoffersen::12406,0.5784158055277938,NA,Norwegian,norwegian,C_lin
Kristoffersen::12408,0.25779042271068886,NA,Norwegian,norwegian,C_lin
Kristoffersen::12409,-5.053359883018604,NA,Norwegian,norwegian,C_lin
Kristoffersen::12411,-3.375174107932202,NA,Norwegian,norwegian,C_lin
Kristoffersen::12413,-1.9109677894436319,NA,Norwegian,norwegian,C_lin
Kristoffersen::12419,0.025417873337311703,NA,Norwegian,norwegian,C_lin
Kristoffersen::12427,0.5828801544717639,NA,Norwegian,norwegian,C_lin
Kristoffersen::12433,-0.8936255143275511,NA,Norwegian,norwegian,C_lin
Kristoffersen::12452,5.973632210471867,NA,Norwegian,norwegian,C_lin
Kristoffersen::12457,-0.5999657372203538,NA,Norwegian,norwegian,C_lin
Kristoffersen::12467,0.6821624195624165,NA,Norwegian,norwegian,C_lin
Kristoffersen::12469,-0.11288735071414173,NA,Norwegian,norwegian,C_lin
Kristoffersen::12485,-0.032250403932024954,NA,Norwegian,norwegian,C_lin
Kristoffersen::12491,1.1852722534265245,NA,Norwegian,norwegian,C_lin
Kristoffersen::12494,-0.38666031285267094,NA,Norwegian,norwegian,C_lin
Kristoffersen::12501,-1.4779858579840073,NA,Norwegian,norwegian,C_lin
Kristoffersen::12507,1.3422605277334372,NA,Norwegian,norwegian,C_lin
Kristoffersen::12509,-0.4665660716510807,NA,Norwegian,norwegian,C_lin
Kristoffersen::1251,1.2302593432872968,NA,Norwegian,norwegian,C_lin
Kristoffersen::12510,3.1136397427428117,NA,Norwegian,norwegian,C_lin
Kristoffersen::12511,0.23531233133869706,NA,Norwegian,norwegian,C_lin
Kristoffersen::12513,-0.23049120431375303,NA,Norwegian,norwegian,C_lin
Kristoffersen::12516,0.3168158137095473,NA,Norwegian,norwegian,C_lin
Kristoffersen::12518,-0.3348495881247632,NA,Norwegian,norwegian,C_lin
Kristoffersen::12519,2.2363625579711903,NA,Norwegian,norwegian,C_lin
Kristoffersen::12545,-0.8622872544704551,NA,Norwegian,norwegian,C_lin
Kristoffersen::12552,-0.33988676923333005,NA,Norwegian,norwegian,C_lin
Kristoffersen::12555,0.7075606064046719,NA,Norwegian,norwegian,C_lin
Kristoffersen::12561,0.4337533385665564,NA,Norwegian,norwegian,C_lin
Kristoffersen::12569,1.7975179543717656,NA,Norwegian,norwegian,C_lin
Kristoffersen::12571,-2.993550477474845,NA,Norwegian,norwegian,C_lin
Kristoffersen::12578,-1.788550601152489,NA,Norwegian,norwegian,C_lin
Kristoffersen::12586,1.8165124433043685,NA,Norwegian,norwegian,C_lin
Kristoffersen::12591,1.0193300617126393,NA,Norwegian,norwegian,C_lin
Kristoffersen::12594,-2.759235235005407,NA,Norwegian,norwegian,C_lin
Kristoffersen::12597,-2.5284072329836427,NA,Norwegian,norwegian,C_lin
Kristoffersen::12617,2.4109664877194765,NA,Norwegian,norwegian,C_lin
Kristoffersen::12618,-2.4541444677909108,NA,Norwegian,norwegian,C_lin
Kristoffersen::12621,-0.19570259617042016,NA,Norwegian,norwegian,C_lin
Kristoffersen::12639,-1.8530463116812346,NA,Norwegian,norwegian,C_lin
Kristoffersen::12646,-2.5261777996665726,NA,Norwegian,norwegian,C_lin
Kristoffersen::12650,-2.8119537694542265,NA,Norwegian,norwegian,C_lin
Kristoffersen::12651,-3.2694071477679434,NA,Norwegian,norwegian,C_lin
Kristoffersen::12654,3.0770703503473267,NA,Norwegian,norwegian,C_lin
Kristoffersen::12667,1.3056625893119573,NA,Norwegian,norwegian,C_lin
Kristoffersen::12669,0.4990613659235046,NA,Norwegian,norwegian,C_lin
Kristoffersen::12670,-1.6322929255465668,NA,Norwegian,norwegian,C_lin
Kristoffersen::12683,2.023903376120698,NA,Norwegian,norwegian,C_lin
Kristoffersen::12690,1.5676922751141753,NA,Norwegian,norwegian,C_lin
Kristoffersen::12694,3.9995471627676267,NA,Norwegian,norwegian,C_lin
Kristoffersen::12695,-1.6336752531198153,NA,Norwegian,norwegian,C_lin
Kristoffersen::12696,-0.3630812811812121,NA,Norwegian,norwegian,C_lin
Kristoffersen::12702,0.132574787766226,NA,Norwegian,norwegian,C_lin
Kristoffersen::12710,-0.32942481258716744,NA,Norwegian,norwegian,C_lin
Kristoffersen::12715,1.009225695615983,NA,Norwegian,norwegian,C_lin
Kristoffersen::12725,-1.8856977429342199,NA,Norwegian,norwegian,C_lin
Kristoffersen::12736,0.053487651308219475,NA,Norwegian,norwegian,C_lin
Kristoffersen::12739,0.7193882741551654,NA,Norwegian,norwegian,C_lin
Kristoffersen::12742,-1.2727102885929131,NA,Norwegian,norwegian,C_lin
Kristoffersen::12744,-2.6958832014440524,NA,Norwegian,norwegian,C_lin
Kristoffersen::12747,1.4056701706336725,NA,Norwegian,norwegian,C_lin
Kristoffersen::12749,-1.0785614181831178,NA,Norwegian,norwegian,C_lin
Kristoffersen::12759,-2.333334649479874,NA,Norwegian,norwegian,C_lin
Kristoffersen::12776,3.534550397802693,NA,Norwegian,norwegian,C_lin
Kristoffersen::12781,-4.46307560543841,NA,Norwegian,norwegian,C_lin
Kristoffersen::12783,-1.2248724746400352,NA,Norwegian,norwegian,C_lin
Kristoffersen::12785,-0.15272029601664228,NA,Norwegian,norwegian,C_lin
Kristoffersen::12786,1.6314141124532562,NA,Norwegian,norwegian,C_lin
Kristoffersen::12794,-4.263924947607069,NA,Norwegian,norwegian,C_lin
Kristoffersen::12804,2.5050545523695247,NA,Norwegian,norwegian,C_lin
Kristoffersen::12805,-0.19211764597861017,NA,Norwegian,norwegian,C_lin
Kristoffersen::12820,0.5756826716466801,NA,Norwegian,norwegian,C_lin
Kristoffersen::12821,1.1710836743289588,NA,Norwegian,norwegian,C_lin
Kristoffersen::12834,-1.8918050351113498,NA,Norwegian,norwegian,C_lin
Kristoffersen::12835,-2.2868795375483244,NA,Norwegian,norwegian,C_lin
Kristoffersen::12837,-2.3865061417775837,NA,Norwegian,norwegian,C_lin
Kristoffersen::12851,0.11648781506030503,NA,Norwegian,norwegian,C_lin
Kristoffersen::12863,0.5415976754755206,NA,Norwegian,norwegian,C_lin
Kristoffersen::12872,-0.38925824655002433,NA,Norwegian,norwegian,C_lin
Kristoffersen::12889,-6.560288826782544e-4,NA,Norwegian,norwegian,C_lin
Kristoffersen::12904,1.069501640227915,NA,Norwegian,norwegian,C_lin
Kristoffersen::12908,-0.6361958115259256,NA,Norwegian,norwegian,C_lin
Kristoffersen::12910,0.1972414442448825,NA,Norwegian,norwegian,C_lin
Kristoffersen::12914,-4.414778927525808,NA,Norwegian,norwegian,C_lin
Kristoffersen::12927,0.312436111829953,NA,Norwegian,norwegian,C_lin
Kristoffersen::12932,1.5424321335481126,NA,Norwegian,norwegian,C_lin
Kristoffersen::12936,-2.929479196962565,NA,Norwegian,norwegian,C_lin
Kristoffersen::12949,0.2701988062456264,NA,Norwegian,norwegian,C_lin
Kristoffersen::12963,-1.9251406794838573,NA,Norwegian,norwegian,C_lin
Kristoffersen::12966,2.499643511452114,NA,Norwegian,norwegian,C_lin
Kristoffersen::12983,-4.348808243633408,NA,Norwegian,norwegian,C_lin
Kristoffersen::12990,1.5110335615723947,NA,Norwegian,norwegian,C_lin
Kristoffersen::12994,1.8975465037052177,NA,Norwegian,norwegian,C_lin
Kristoffersen::12995,2.2449741984230287,NA,Norwegian,norwegian,C_lin
Kristoffersen::130,0.01439516915773852,NA,Norwegian,norwegian,C_lin
Kristoffersen::13004,1.001818205693018,NA,Norwegian,norwegian,C_lin
Kristoffersen::13005,1.9194433421165937,NA,Norwegian,norwegian,C_lin
Kristoffersen::13010,-0.3558192684739046,NA,Norwegian,norwegian,C_lin
Kristoffersen::13020,2.3480726950802624,NA,Norwegian,norwegian,C_lin
Kristoffersen::13023,0.5213109011907016,NA,Norwegian,norwegian,C_lin
Kristoffersen::13026,-0.6639032215299959,NA,Norwegian,norwegian,C_lin
Kristoffersen::13029,0.6349547840988581,NA,Norwegian,norwegian,C_lin
Kristoffersen::13035,-0.12073193732749914,NA,Norwegian,norwegian,C_lin
Kristoffersen::13036,-0.8836481930635244,NA,Norwegian,norwegian,C_lin
Kristoffersen::13042,-0.25409449967443853,NA,Norwegian,norwegian,C_lin
Kristoffersen::13043,0.7403246718229924,NA,Norwegian,norwegian,C_lin
Kristoffersen::13044,-0.5561507167916605,NA,Norwegian,norwegian,C_lin
Kristoffersen::13065,2.6644934206173745,NA,Norwegian,norwegian,C_lin
Kristoffersen::13066,0.7812863922356381,NA,Norwegian,norwegian,C_lin
Kristoffersen::13077,-0.15926873555639623,NA,Norwegian,norwegian,C_lin
Kristoffersen::13089,-1.1179867815984195,NA,Norwegian,norwegian,C_lin
Kristoffersen::13105,2.7399521532951776,NA,Norwegian,norwegian,C_lin
Kristoffersen::1311,2.2806604572237186,NA,Norwegian,norwegian,C_lin
Kristoffersen::13122,1.530916743855382,NA,Norwegian,norwegian,C_lin
Kristoffersen::13133,0.8696145716981887,NA,Norwegian,norwegian,C_lin
Kristoffersen::1314,1.81376485536626,NA,Norwegian,norwegian,C_lin
Kristoffersen::13143,-0.3292920149319634,NA,Norwegian,norwegian,C_lin
Kristoffersen::13148,0.25077002242420365,NA,Norwegian,norwegian,C_lin
Kristoffersen::13155,0.6551424610597455,NA,Norwegian,norwegian,C_lin
Kristoffersen::13157,-1.6720706249562827,NA,Norwegian,norwegian,C_lin
Kristoffersen::13158,0.24087347522554622,NA,Norwegian,norwegian,C_lin
Kristoffersen::13170,-0.8934556253655168,NA,Norwegian,norwegian,C_lin
Kristoffersen::13171,2.7727941224731616,NA,Norwegian,norwegian,C_lin
Kristoffersen::13189,2.4582931851208105,NA,Norwegian,norwegian,C_lin
Kristoffersen::13193,3.2244407756699087,NA,Norwegian,norwegian,C_lin
Kristoffersen::13209,-3.952946571317321,NA,Norwegian,norwegian,C_lin
Kristoffersen::13215,1.4078484192889267,NA,Norwegian,norwegian,C_lin
Kristoffersen::13222,2.91080204412077,NA,Norwegian,norwegian,C_lin
Kristoffersen::13243,-2.6356432859736465,NA,Norwegian,norwegian,C_lin
Kristoffersen::13248,0.6873793448296087,NA,Norwegian,norwegian,C_lin
Kristoffersen::13253,-6.105237361343619,NA,Norwegian,norwegian,C_lin
Kristoffersen::13258,1.4698893130779034,NA,Norwegian,norwegian,C_lin
Kristoffersen::1326,2.1041194550183193,NA,Norwegian,norwegian,C_lin
Kristoffersen::13268,0.033453221921802376,NA,Norwegian,norwegian,C_lin
Kristoffersen::13269,0.36476379349066046,NA,Norwegian,norwegian,C_lin
Kristoffersen::13270,-2.842713416452506,NA,Norwegian,norwegian,C_lin
Kristoffersen::13280,-0.5416871346912154,NA,Norwegian,norwegian,C_lin
Kristoffersen::13285,0.7795259095993688,NA,Norwegian,norwegian,C_lin
Kristoffersen::13288,2.689536784886622,NA,Norwegian,norwegian,C_lin
Kristoffersen::13289,4.850473782303543,NA,Norwegian,norwegian,C_lin
Kristoffersen::13297,-0.3374721228834944,NA,Norwegian,norwegian,C_lin
Kristoffersen::13301,2.1161739114205447,NA,Norwegian,norwegian,C_lin
Kristoffersen::13302,0.28723610252836473,NA,Norwegian,norwegian,C_lin
Kristoffersen::13304,1.054121235725495,NA,Norwegian,norwegian,C_lin
Kristoffersen::13307,-2.47431079196629,NA,Norwegian,norwegian,C_lin
Kristoffersen::13311,-1.8964441146629902,NA,Norwegian,norwegian,C_lin
Kristoffersen::13314,-1.9134117059498759,NA,Norwegian,norwegian,C_lin
Kristoffersen::13330,2.6836167921320557,NA,Norwegian,norwegian,C_lin
Kristoffersen::13336,0.5986819743939211,NA,Norwegian,norwegian,C_lin
Kristoffersen::13337,-0.5003465636199547,NA,Norwegian,norwegian,C_lin
Kristoffersen::13338,0.6578870297743614,NA,Norwegian,norwegian,C_lin
Kristoffersen::13340,5.289411166987617,NA,Norwegian,norwegian,C_lin
Kristoffersen::13345,-1.0885431967680343,NA,Norwegian,norwegian,C_lin
Kristoffersen::13361,0.5763094346259708,NA,Norwegian,norwegian,C_lin
Kristoffersen::13368,3.5767828357996105,NA,Norwegian,norwegian,C_lin
Kristoffersen::13372,0.44884562423239754,NA,Norwegian,norwegian,C_lin
Kristoffersen::13375,1.8785609793411204,NA,Norwegian,norwegian,C_lin
Kristoffersen::13379,1.0394807542966038,NA,Norwegian,norwegian,C_lin
Kristoffersen::13380,4.9520797906409975,NA,Norwegian,norwegian,C_lin
Kristoffersen::13384,0.09226872902675813,NA,Norwegian,norwegian,C_lin
Kristoffersen::13388,-2.5521350342458073,NA,Norwegian,norwegian,C_lin
Kristoffersen::13391,-0.08753441070605678,NA,Norwegian,norwegian,C_lin
Kristoffersen::13419,3.144096404129031,NA,Norwegian,norwegian,C_lin
Kristoffersen::13420,-0.0712859832618716,NA,Norwegian,norwegian,C_lin
Kristoffersen::13430,4.907419382069395,NA,Norwegian,norwegian,C_lin
Kristoffersen::13439,-0.15284059096942923,NA,Norwegian,norwegian,C_lin
Kristoffersen::1344,-0.972485674831503,NA,Norwegian,norwegian,C_lin
Kristoffersen::13451,1.0646187898818562,NA,Norwegian,norwegian,C_lin
Kristoffersen::13459,-1.5447528815831475,NA,Norwegian,norwegian,C_lin
Kristoffersen::13460,2.0449534016607585,NA,Norwegian,norwegian,C_lin
Kristoffersen::13473,2.4683468829678015,NA,Norwegian,norwegian,C_lin
Kristoffersen::13476,1.4008303119876477,NA,Norwegian,norwegian,C_lin
Kristoffersen::13477,0.2366764622656982,NA,Norwegian,norwegian,C_lin
Kristoffersen::13491,-3.317858050178886,NA,Norwegian,norwegian,C_lin
Kristoffersen::13501,2.6505643427859553,NA,Norwegian,norwegian,C_lin
Kristoffersen::13507,1.1114623071778087,NA,Norwegian,norwegian,C_lin
Kristoffersen::13518,2.3234682295454383,NA,Norwegian,norwegian,C_lin
Kristoffersen::13521,-3.4295513084601312,NA,Norwegian,norwegian,C_lin
Kristoffersen::13524,1.5441873479309938,NA,Norwegian,norwegian,C_lin
Kristoffersen::13560,0.3273046761048797,NA,Norwegian,norwegian,C_lin
Kristoffersen::13565,-0.5067604586153087,NA,Norwegian,norwegian,C_lin
Kristoffersen::13567,-1.0766709332198108,NA,Norwegian,norwegian,C_lin
Kristoffersen::13568,1.5488111459594827,NA,Norwegian,norwegian,C_lin
Kristoffersen::13571,-0.9735294825681305,NA,Norwegian,norwegian,C_lin
Kristoffersen::13585,1.9494113024598727,NA,Norwegian,norwegian,C_lin
Kristoffersen::13587,-2.722117832431392,NA,Norwegian,norwegian,C_lin
Kristoffersen::13591,-0.9494819423211259,NA,Norwegian,norwegian,C_lin
Kristoffersen::13592,1.160034137869237,NA,Norwegian,norwegian,C_lin
Kristoffersen::13606,0.9647918886540858,NA,Norwegian,norwegian,C_lin
Kristoffersen::13608,0.7317345825502699,NA,Norwegian,norwegian,C_lin
Kristoffersen::13618,1.2156355316142828,NA,Norwegian,norwegian,C_lin
Kristoffersen::13619,1.2149255287998177,NA,Norwegian,norwegian,C_lin
Kristoffersen::13627,-3.1510047724365595,NA,Norwegian,norwegian,C_lin
Kristoffersen::13632,2.261357412678025,NA,Norwegian,norwegian,C_lin
Kristoffersen::13636,3.6364539589715124,NA,Norwegian,norwegian,C_lin
Kristoffersen::13642,-0.3876890671218445,NA,Norwegian,norwegian,C_lin
Kristoffersen::13648,2.929473695997288,NA,Norwegian,norwegian,C_lin
Kristoffersen::13654,-0.636494932887506,NA,Norwegian,norwegian,C_lin
Kristoffersen::13670,0.23670740395238635,NA,Norwegian,norwegian,C_lin
Kristoffersen::13671,-4.3861371568951535,NA,Norwegian,norwegian,C_lin
Kristoffersen::1369,-2.9208221481834915,NA,Norwegian,norwegian,C_lin
Kristoffersen::13695,-0.45546746481082795,NA,Norwegian,norwegian,C_lin
Kristoffersen::13697,0.4481667838903193,NA,Norwegian,norwegian,C_lin
Kristoffersen::13700,2.440222319874094,NA,Norwegian,norwegian,C_lin
Kristoffersen::13711,-1.0149458697482208,NA,Norwegian,norwegian,C_lin
Kristoffersen::13726,-0.8014797295881805,NA,Norwegian,norwegian,C_lin
Kristoffersen::13731,0.9810590401986679,NA,Norwegian,norwegian,C_lin
Kristoffersen::13732,1.151746043260491,NA,Norwegian,norwegian,C_lin
Kristoffersen::13738,-0.11315292712480615,NA,Norwegian,norwegian,C_lin
Kristoffersen::13763,0.3167426974136119,NA,Norwegian,norwegian,C_lin
Kristoffersen::13779,-3.266701862651959,NA,Norwegian,norwegian,C_lin
Kristoffersen::13782,-0.1604788528489327,NA,Norwegian,norwegian,C_lin
Kristoffersen::13786,2.3053383901349416,NA,Norwegian,norwegian,C_lin
Kristoffersen::13788,0.42562366678160546,NA,Norwegian,norwegian,C_lin
Kristoffersen::13792,-1.9186355726730548,NA,Norwegian,norwegian,C_lin
Kristoffersen::13796,0.6711240921809404,NA,Norwegian,norwegian,C_lin
Kristoffersen::13801,0.4224852049234911,NA,Norwegian,norwegian,C_lin
Kristoffersen::13810,2.9711374766134075,NA,Norwegian,norwegian,C_lin
Kristoffersen::13815,-1.7714286115468825,NA,Norwegian,norwegian,C_lin
Kristoffersen::13816,2.3476518654205267,NA,Norwegian,norwegian,C_lin
Kristoffersen::13824,1.616205897921449,NA,Norwegian,norwegian,C_lin
Kristoffersen::13829,0.2711712054756003,NA,Norwegian,norwegian,C_lin
Kristoffersen::13830,3.7763216590685604,NA,Norwegian,norwegian,C_lin
Kristoffersen::13833,0.8984619852850044,NA,Norwegian,norwegian,C_lin
Kristoffersen::13840,-1.0548571483615357,NA,Norwegian,norwegian,C_lin
Kristoffersen::13860,1.7086789719422295,NA,Norwegian,norwegian,C_lin
Kristoffersen::13867,1.1566674808883488,NA,Norwegian,norwegian,C_lin
Kristoffersen::13881,-1.2604373901600388,NA,Norwegian,norwegian,C_lin
Kristoffersen::1389,2.313405059161063,NA,Norwegian,norwegian,C_lin
Kristoffersen::13890,-0.6800418231739784,NA,Norwegian,norwegian,C_lin
Kristoffersen::13900,0.8421645271858621,NA,Norwegian,norwegian,C_lin
Kristoffersen::13908,2.310892308145484,NA,Norwegian,norwegian,C_lin
Kristoffersen::13918,3.0839850777232805,NA,Norwegian,norwegian,C_lin
Kristoffersen::13919,0.7515258676777442,NA,Norwegian,norwegian,C_lin
Kristoffersen::13938,0.7099435467511087,NA,Norwegian,norwegian,C_lin
Kristoffersen::13942,-9.367418657656765,NA,Norwegian,norwegian,C_lin
Kristoffersen::13948,1.3681398214261233,NA,Norwegian,norwegian,C_lin
Kristoffersen::1395,-1.2309246771582583,NA,Norwegian,norwegian,C_lin
Kristoffersen::13952,-0.6424803405383862,NA,Norwegian,norwegian,C_lin
Kristoffersen::13959,2.2584616265693174,NA,Norwegian,norwegian,C_lin
Kristoffersen::13960,-2.60842590389302,NA,Norwegian,norwegian,C_lin
Kristoffersen::13962,-4.713386047487168,NA,Norwegian,norwegian,C_lin
Kristoffersen::13966,-0.17261621797054802,NA,Norwegian,norwegian,C_lin
Kristoffersen::13987,1.4826988304963944,NA,Norwegian,norwegian,C_lin
Kristoffersen::13994,1.4552858118027765,NA,Norwegian,norwegian,C_lin
Kristoffersen::14003,1.741727382845201,NA,Norwegian,norwegian,C_lin
Kristoffersen::14005,-3.9918424524273415,NA,Norwegian,norwegian,C_lin
Kristoffersen::14013,-0.413836229080157,NA,Norwegian,norwegian,C_lin
Kristoffersen::14026,2.5518125135750336,NA,Norwegian,norwegian,C_lin
Kristoffersen::1403,-0.622998941589521,NA,Norwegian,norwegian,C_lin
Kristoffersen::14033,-1.3043424480331292,NA,Norwegian,norwegian,C_lin
Kristoffersen::14034,-4.0851839178519915,NA,Norwegian,norwegian,C_lin
Kristoffersen::14039,1.6723196037738484,NA,Norwegian,norwegian,C_lin
Kristoffersen::14052,1.1288267736417723,NA,Norwegian,norwegian,C_lin
Kristoffersen::14054,-0.40756242782509144,NA,Norwegian,norwegian,C_lin
Kristoffersen::14056,1.0695070480809818,NA,Norwegian,norwegian,C_lin
Kristoffersen::14063,-2.650463272943321,NA,Norwegian,norwegian,C_lin
Kristoffersen::14067,1.8371347504074809,NA,Norwegian,norwegian,C_lin
Kristoffersen::14072,1.045055800730537,NA,Norwegian,norwegian,C_lin
Kristoffersen::14084,0.8257747563032629,NA,Norwegian,norwegian,C_lin
Kristoffersen::14089,2.5156524319454356,NA,Norwegian,norwegian,C_lin
Kristoffersen::14091,-3.7502010173698346,NA,Norwegian,norwegian,C_lin
Kristoffersen::14105,-7.354887454590008,NA,Norwegian,norwegian,C_lin
Kristoffersen::14108,2.557876068698274,NA,Norwegian,norwegian,C_lin
Kristoffersen::14120,2.379348086585896,NA,Norwegian,norwegian,C_lin
Kristoffersen::14127,-1.7069215376229074,NA,Norwegian,norwegian,C_lin
Kristoffersen::14131,-0.5003465636199557,NA,Norwegian,norwegian,C_lin
Kristoffersen::14141,1.036369283963358,NA,Norwegian,norwegian,C_lin
Kristoffersen::14147,-4.4381705549465,NA,Norwegian,norwegian,C_lin
Kristoffersen::14180,0.8128886748717157,NA,Norwegian,norwegian,C_lin
Kristoffersen::14185,1.153102779130064,NA,Norwegian,norwegian,C_lin
Kristoffersen::14186,1.5592831988098288,NA,Norwegian,norwegian,C_lin
Kristoffersen::14190,4.586942094521167,NA,Norwegian,norwegian,C_lin
Kristoffersen::14237,1.4180646825283916,NA,Norwegian,norwegian,C_lin
Kristoffersen::14240,0.7639295660465342,NA,Norwegian,norwegian,C_lin
Kristoffersen::14246,-0.24820306777205234,NA,Norwegian,norwegian,C_lin
Kristoffersen::14247,-2.8473830091872947,NA,Norwegian,norwegian,C_lin
Kristoffersen::14275,0.5075058952199174,NA,Norwegian,norwegian,C_lin
Kristoffersen::14280,-2.145841061050262,NA,Norwegian,norwegian,C_lin
Kristoffersen::14281,-1.3706064961744446,NA,Norwegian,norwegian,C_lin
Kristoffersen::14287,0.19961835551845936,NA,Norwegian,norwegian,C_lin
Kristoffersen::14288,3.6464795304438637,NA,Norwegian,norwegian,C_lin
Kristoffersen::14298,-2.937543121049095,NA,Norwegian,norwegian,C_lin
Kristoffersen::14316,-6.65525081613347,NA,Norwegian,norwegian,C_lin
Kristoffersen::14348,2.2468619086104513,NA,Norwegian,norwegian,C_lin
Kristoffersen::14350,-0.9436932773009769,NA,Norwegian,norwegian,C_lin
Kristoffersen::14352,1.1274228574072418,NA,Norwegian,norwegian,C_lin
Kristoffersen::14364,-0.4345333953186745,NA,Norwegian,norwegian,C_lin
Kristoffersen::14365,-1.627065077409288,NA,Norwegian,norwegian,C_lin
Kristoffersen::14372,-0.35774220363479664,NA,Norwegian,norwegian,C_lin
Kristoffersen::14382,1.6660698882019038,NA,Norwegian,norwegian,C_lin
Kristoffersen::14383,2.3093628231536796,NA,Norwegian,norwegian,C_lin
Kristoffersen::14389,-1.7101747170778214,NA,Norwegian,norwegian,C_lin
Kristoffersen::14397,1.7715446947367013,NA,Norwegian,norwegian,C_lin
Kristoffersen::144,-0.8727975673132915,NA,Norwegian,norwegian,C_lin
Kristoffersen::14401,-5.679429749256281,NA,Norwegian,norwegian,C_lin
Kristoffersen::14406,2.711046513989929,NA,Norwegian,norwegian,C_lin
Kristoffersen::14416,-1.837308221435589,NA,Norwegian,norwegian,C_lin
Kristoffersen::14430,-2.7392983595361655,NA,Norwegian,norwegian,C_lin
Kristoffersen::14434,-0.23739946670422366,NA,Norwegian,norwegian,C_lin
Kristoffersen::14435,0.4332532416446516,NA,Norwegian,norwegian,C_lin
Kristoffersen::14437,2.1127196906619634,NA,Norwegian,norwegian,C_lin
Kristoffersen::14450,0.8556429894336322,NA,Norwegian,norwegian,C_lin
Kristoffersen::14451,-1.7949183265503723,NA,Norwegian,norwegian,C_lin
Kristoffersen::14453,1.6633291631700635,NA,Norwegian,norwegian,C_lin
Kristoffersen::14454,1.1686055859567814,NA,Norwegian,norwegian,C_lin
Kristoffersen::14460,3.3794042936075726,NA,Norwegian,norwegian,C_lin
Kristoffersen::14461,0.8476596860522664,NA,Norwegian,norwegian,C_lin
Kristoffersen::14462,2.2124251571157596,NA,Norwegian,norwegian,C_lin
Kristoffersen::14482,0.9015938817000935,NA,Norwegian,norwegian,C_lin
Kristoffersen::14485,0.6861570133836287,NA,Norwegian,norwegian,C_lin
Kristoffersen::14487,-3.2728602205942012,NA,Norwegian,norwegian,C_lin
Kristoffersen::14497,1.3903092593629112,NA,Norwegian,norwegian,C_lin
Kristoffersen::14502,2.32926437272134,NA,Norwegian,norwegian,C_lin
Kristoffersen::14504,-0.018167968642157507,NA,Norwegian,norwegian,C_lin
Kristoffersen::14520,-3.13987263325662,NA,Norwegian,norwegian,C_lin
Kristoffersen::14521,-1.8635069669472268,NA,Norwegian,norwegian,C_lin
Kristoffersen::14527,-0.3689251143413255,NA,Norwegian,norwegian,C_lin
Kristoffersen::14530,0.7023498746142929,NA,Norwegian,norwegian,C_lin
Kristoffersen::14538,1.3158683759363652,NA,Norwegian,norwegian,C_lin
Kristoffersen::1454,-1.0353803804247435,NA,Norwegian,norwegian,C_lin
Kristoffersen::14548,-0.14668015702324189,NA,Norwegian,norwegian,C_lin
Kristoffersen::14551,-0.8511541208354853,NA,Norwegian,norwegian,C_lin
Kristoffersen::14556,-0.9399847148605183,NA,Norwegian,norwegian,C_lin
Kristoffersen::14567,1.0187996381530438,NA,Norwegian,norwegian,C_lin
Kristoffersen::14569,-1.4750799926959646,NA,Norwegian,norwegian,C_lin
Kristoffersen::14579,-1.9709975582590706,NA,Norwegian,norwegian,C_lin
Kristoffersen::14583,0.25758796822894736,NA,Norwegian,norwegian,C_lin
Kristoffersen::14588,2.8043430356962813,NA,Norwegian,norwegian,C_lin
Kristoffersen::14594,1.3658891966171802,NA,Norwegian,norwegian,C_lin
Kristoffersen::14599,-4.740331649829996,NA,Norwegian,norwegian,C_lin
Kristoffersen::14606,-0.9292248949911486,NA,Norwegian,norwegian,C_lin
Kristoffersen::14620,-1.0859229180820498,NA,Norwegian,norwegian,C_lin
Kristoffersen::14625,-1.5538950682397747,NA,Norwegian,norwegian,C_lin
Kristoffersen::14631,-3.78889689764749,NA,Norwegian,norwegian,C_lin
Kristoffersen::14634,-0.010760869450557107,NA,Norwegian,norwegian,C_lin
Kristoffersen::14649,0.0463584114705837,NA,Norwegian,norwegian,C_lin
Kristoffersen::14657,-0.9160435847388021,NA,Norwegian,norwegian,C_lin
Kristoffersen::14660,-0.6720484447330385,NA,Norwegian,norwegian,C_lin
Kristoffersen::14673,-1.0596063498824106,NA,Norwegian,norwegian,C_lin
Kristoffersen::14676,0.986313649603282,NA,Norwegian,norwegian,C_lin
Kristoffersen::14679,-1.2250886082333117,NA,Norwegian,norwegian,C_lin
Kristoffersen::14691,-0.3548803719647416,NA,Norwegian,norwegian,C_lin
Kristoffersen::14692,1.9880839093182916,NA,Norwegian,norwegian,C_lin
Kristoffersen::14693,-5.982577539655568,NA,Norwegian,norwegian,C_lin
Kristoffersen::14695,2.3938225152696675,NA,Norwegian,norwegian,C_lin
Kristoffersen::14723,1.8496892895512014,NA,Norwegian,norwegian,C_lin
Kristoffersen::14742,0.2575365495688927,NA,Norwegian,norwegian,C_lin
Kristoffersen::14746,1.7012671170961544,NA,Norwegian,norwegian,C_lin
Kristoffersen::14752,0.16266402802547816,NA,Norwegian,norwegian,C_lin
Kristoffersen::14777,0.810663200996277,NA,Norwegian,norwegian,C_lin
Kristoffersen::14783,1.5597246129709006,NA,Norwegian,norwegian,C_lin
Kristoffersen::1479,0.3179370123522417,NA,Norwegian,norwegian,C_lin
Kristoffersen::14792,0.38796218927911547,NA,Norwegian,norwegian,C_lin
Kristoffersen::14793,3.5050532628429627,NA,Norwegian,norwegian,C_lin
Kristoffersen::14794,-2.2206717519455714,NA,Norwegian,norwegian,C_lin
Kristoffersen::14796,-0.023466901262980566,NA,Norwegian,norwegian,C_lin
Kristoffersen::14797,1.2696099946010964,NA,Norwegian,norwegian,C_lin
Kristoffersen::14812,-0.27879500743636004,NA,Norwegian,norwegian,C_lin
Kristoffersen::14826,-0.40850773934477663,NA,Norwegian,norwegian,C_lin
Kristoffersen::14827,0.943384544941049,NA,Norwegian,norwegian,C_lin
Kristoffersen::14838,2.114246207743333,NA,Norwegian,norwegian,C_lin
Kristoffersen::14843,-2.514955288429805,NA,Norwegian,norwegian,C_lin
Kristoffersen::14867,-0.8256326376556343,NA,Norwegian,norwegian,C_lin
Kristoffersen::14868,0.6297065791498261,NA,Norwegian,norwegian,C_lin
Kristoffersen::14878,-1.6292685456415967,NA,Norwegian,norwegian,C_lin
Kristoffersen::14882,0.6987051373771126,NA,Norwegian,norwegian,C_lin
Kristoffersen::14895,-2.6805788904101253,NA,Norwegian,norwegian,C_lin
Kristoffersen::14914,-3.7316419122578104,NA,Norwegian,norwegian,C_lin
Kristoffersen::14916,-1.301505777631878,NA,Norwegian,norwegian,C_lin
Kristoffersen::14930,-0.1541513395681498,NA,Norwegian,norwegian,C_lin
Kristoffersen::14945,0.5920043774659856,NA,Norwegian,norwegian,C_lin
Kristoffersen::14951,1.1056098216133914,NA,Norwegian,norwegian,C_lin
Kristoffersen::14953,0.12289973774799952,NA,Norwegian,norwegian,C_lin
Kristoffersen::14957,3.117399703318942,NA,Norwegian,norwegian,C_lin
Kristoffersen::14964,0.7944877142925514,NA,Norwegian,norwegian,C_lin
Kristoffersen::14989,1.3062777974096345,NA,Norwegian,norwegian,C_lin
Kristoffersen::14990,1.3998500771680586,NA,Norwegian,norwegian,C_lin
Kristoffersen::14995,1.9501794503644325,NA,Norwegian,norwegian,C_lin
Kristoffersen::15013,1.7929403277960454,NA,Norwegian,norwegian,C_lin
Kristoffersen::15015,0.46694148670334945,NA,Norwegian,norwegian,C_lin
Kristoffersen::15022,1.7556266408501442,NA,Norwegian,norwegian,C_lin
Kristoffersen::15029,-1.534508131449737,NA,Norwegian,norwegian,C_lin
Kristoffersen::15030,-1.867913983891857,NA,Norwegian,norwegian,C_lin
Kristoffersen::15065,-4.773022738906802,NA,Norwegian,norwegian,C_lin
Kristoffersen::15068,0.3743915758304739,NA,Norwegian,norwegian,C_lin
Kristoffersen::15074,-2.266385649199999,NA,Norwegian,norwegian,C_lin
Kristoffersen::15076,2.3436635798990184,NA,Norwegian,norwegian,C_lin
Kristoffersen::15081,-1.3249427850035664,NA,Norwegian,norwegian,C_lin
Kristoffersen::15082,3.1403178874637634,NA,Norwegian,norwegian,C_lin
Kristoffersen::15083,-1.0355731055840576,NA,Norwegian,norwegian,C_lin
Kristoffersen::15091,-6.33950505425429,NA,Norwegian,norwegian,C_lin
Kristoffersen::15103,-1.7479897053852482,NA,Norwegian,norwegian,C_lin
Kristoffersen::15115,0.22288889345302218,NA,Norwegian,norwegian,C_lin
Kristoffersen::15136,-0.5970195398881182,NA,Norwegian,norwegian,C_lin
Kristoffersen::15152,-0.22292652711849084,NA,Norwegian,norwegian,C_lin
Kristoffersen::15154,1.8764603565234912,NA,Norwegian,norwegian,C_lin
Kristoffersen::15158,-0.3435450759267469,NA,Norwegian,norwegian,C_lin
Kristoffersen::15169,-0.24375788477274637,NA,Norwegian,norwegian,C_lin
Kristoffersen::15170,-1.3847059054034523,NA,Norwegian,norwegian,C_lin
Kristoffersen::15177,2.7717741217017213,NA,Norwegian,norwegian,C_lin
Kristoffersen::15198,0.11030065738708993,NA,Norwegian,norwegian,C_lin
Kristoffersen::15207,1.6142484486208233,NA,Norwegian,norwegian,C_lin
Kristoffersen::15214,1.4355461465841908,NA,Norwegian,norwegian,C_lin
Kristoffersen::15215,1.112294198373706,NA,Norwegian,norwegian,C_lin
Kristoffersen::15217,-0.07639930813354318,NA,Norwegian,norwegian,C_lin
Kristoffersen::15218,0.006247537551930485,NA,Norwegian,norwegian,C_lin
Kristoffersen::15227,-3.1310006329215314,NA,Norwegian,norwegian,C_lin
Kristoffersen::15229,-0.08645429486477611,NA,Norwegian,norwegian,C_lin
Kristoffersen::15234,2.5502900720399415,NA,Norwegian,norwegian,C_lin
Kristoffersen::15235,-1.574023016578816,NA,Norwegian,norwegian,C_lin
Kristoffersen::15248,-0.8097317195325251,NA,Norwegian,norwegian,C_lin
Kristoffersen::15249,-1.5212940510142337,NA,Norwegian,norwegian,C_lin
Kristoffersen::15272,-0.024976459655479694,NA,Norwegian,norwegian,C_lin
Kristoffersen::15277,-2.6290110648712988,NA,Norwegian,norwegian,C_lin
Kristoffersen::15289,-3.0910153562985547,NA,Norwegian,norwegian,C_lin
Kristoffersen::15298,-0.9820755523336746,NA,Norwegian,norwegian,C_lin
Kristoffersen::15317,-8.050971624189943,NA,Norwegian,norwegian,C_lin
Kristoffersen::1532,1.3845556124145628,NA,Norwegian,norwegian,C_lin
Kristoffersen::15320,2.4346455340200372,NA,Norwegian,norwegian,C_lin
Kristoffersen::15331,1.9319132345105892,NA,Norwegian,norwegian,C_lin
Kristoffersen::15342,-2.2731582854314043,NA,Norwegian,norwegian,C_lin
Kristoffersen::15343,0.11433510619026419,NA,Norwegian,norwegian,C_lin
Kristoffersen::15355,0.07393781806237434,NA,Norwegian,norwegian,C_lin
Kristoffersen::15359,-0.983820988908708,NA,Norwegian,norwegian,C_lin
Kristoffersen::15362,-0.0395349079632385,NA,Norwegian,norwegian,C_lin
Kristoffersen::15365,-2.5996994689215045,NA,Norwegian,norwegian,C_lin
Kristoffersen::15375,0.9411562766813504,NA,Norwegian,norwegian,C_lin
Kristoffersen::15378,0.9898772833239394,NA,Norwegian,norwegian,C_lin
Kristoffersen::15380,-0.7007066806535563,NA,Norwegian,norwegian,C_lin
Kristoffersen::15384,-1.3639682672936815,NA,Norwegian,norwegian,C_lin
Kristoffersen::15385,1.9032260105121068,NA,Norwegian,norwegian,C_lin
Kristoffersen::15397,-0.9601177478637305,NA,Norwegian,norwegian,C_lin
Kristoffersen::15400,-0.5171469915230194,NA,Norwegian,norwegian,C_lin
Kristoffersen::15404,4.507212144674209,NA,Norwegian,norwegian,C_lin
Kristoffersen::15411,-0.42657744195898123,NA,Norwegian,norwegian,C_lin
Kristoffersen::15412,3.336027009715756,NA,Norwegian,norwegian,C_lin
Kristoffersen::15415,1.1486857008218567,NA,Norwegian,norwegian,C_lin
Kristoffersen::15435,0.9682318115839953,NA,Norwegian,norwegian,C_lin
Kristoffersen::15437,-4.047594099969145,NA,Norwegian,norwegian,C_lin
Kristoffersen::15439,-0.9526981782742955,NA,Norwegian,norwegian,C_lin
Kristoffersen::15442,1.1651148994578684,NA,Norwegian,norwegian,C_lin
Kristoffersen::15450,1.2315905878092295,NA,Norwegian,norwegian,C_lin
Kristoffersen::15455,-3.602405833286233,NA,Norwegian,norwegian,C_lin
Kristoffersen::15458,-1.3379092167204831,NA,Norwegian,norwegian,C_lin
Kristoffersen::15465,-4.218308928735506,NA,Norwegian,norwegian,C_lin
Kristoffersen::15466,2.111979076545739,NA,Norwegian,norwegian,C_lin
Kristoffersen::15468,-1.6027831852298342,NA,Norwegian,norwegian,C_lin
Kristoffersen::15472,4.220898189213346,NA,Norwegian,norwegian,C_lin
Kristoffersen::15478,2.4887841221673037,NA,Norwegian,norwegian,C_lin
Kristoffersen::15481,-1.3717657270182484,NA,Norwegian,norwegian,C_lin
Kristoffersen::15482,2.8862697250664144,NA,Norwegian,norwegian,C_lin
Kristoffersen::15485,3.338940183416834,NA,Norwegian,norwegian,C_lin
Kristoffersen::15493,-1.7654408572757578,NA,Norwegian,norwegian,C_lin
Kristoffersen::15496,-0.4554955742856863,NA,Norwegian,norwegian,C_lin
Kristoffersen::15524,1.9346575576289606,NA,Norwegian,norwegian,C_lin
Kristoffersen::15526,-0.2952380166170145,NA,Norwegian,norwegian,C_lin
Kristoffersen::15530,1.2925027611867186,NA,Norwegian,norwegian,C_lin
Kristoffersen::15544,2.294985856695943,NA,Norwegian,norwegian,C_lin
Kristoffersen::15555,-0.49703838925509225,NA,Norwegian,norwegian,C_lin
Kristoffersen::15556,0.17488856114529414,NA,Norwegian,norwegian,C_lin
Kristoffersen::1556,2.102490941298692,NA,Norwegian,norwegian,C_lin
Kristoffersen::15577,-0.9182516666036805,NA,Norwegian,norwegian,C_lin
Kristoffersen::15591,-7.408630846449262,NA,Norwegian,norwegian,C_lin
Kristoffersen::15612,1.7882587514313297,NA,Norwegian,norwegian,C_lin
Kristoffersen::15616,-0.4715539571567665,NA,Norwegian,norwegian,C_lin
Kristoffersen::15625,-2.301114434301122,NA,Norwegian,norwegian,C_lin
Kristoffersen::15627,-0.38984866948862523,NA,Norwegian,norwegian,C_lin
Kristoffersen::1563,-0.5993444203063791,NA,Norwegian,norwegian,C_lin
Kristoffersen::15637,0.8629706151617289,NA,Norwegian,norwegian,C_lin
Kristoffersen::15639,2.912812531409783,NA,Norwegian,norwegian,C_lin
Kristoffersen::15649,0.11038326335291244,NA,Norwegian,norwegian,C_lin
Kristoffersen::15650,-2.6943277482067076,NA,Norwegian,norwegian,C_lin
Kristoffersen::15660,3.8833659563353984,NA,Norwegian,norwegian,C_lin
Kristoffersen::15672,-0.8718085479878264,NA,Norwegian,norwegian,C_lin
Kristoffersen::15692,2.3674767632304676,NA,Norwegian,norwegian,C_lin
Kristoffersen::15698,-4.329384732669993,NA,Norwegian,norwegian,C_lin
Kristoffersen::15704,0.4855713467537704,NA,Norwegian,norwegian,C_lin
Kristoffersen::15705,-2.204224604297675,NA,Norwegian,norwegian,C_lin
Kristoffersen::15708,-0.30511334435117904,NA,Norwegian,norwegian,C_lin
Kristoffersen::1571,0.37755841418962977,NA,Norwegian,norwegian,C_lin
Kristoffersen::15716,1.5129968579276023,NA,Norwegian,norwegian,C_lin
Kristoffersen::1572,0.33858337004064487,NA,Norwegian,norwegian,C_lin
Kristoffersen::15728,-0.5028412703033011,NA,Norwegian,norwegian,C_lin
Kristoffersen::15729,-2.0694373332348897,NA,Norwegian,norwegian,C_lin
Kristoffersen::15745,-2.264637403683676,NA,Norwegian,norwegian,C_lin
Kristoffersen::15757,1.8510288812076163,NA,Norwegian,norwegian,C_lin
Kristoffersen::1577,-1.9804549931371052,NA,Norwegian,norwegian,C_lin
Kristoffersen::15770,1.6827210667399364,NA,Norwegian,norwegian,C_lin
Kristoffersen::15772,-0.5474436087252695,NA,Norwegian,norwegian,C_lin
Kristoffersen::15784,0.7993050381852025,NA,Norwegian,norwegian,C_lin
Kristoffersen::158,0.8008130748173697,NA,Norwegian,norwegian,C_lin
Kristoffersen::15818,-3.335922474218024,NA,Norwegian,norwegian,C_lin
Kristoffersen::15825,-0.027800031347755064,NA,Norwegian,norwegian,C_lin
Kristoffersen::1583,1.3568927361904686,NA,Norwegian,norwegian,C_lin
Kristoffersen::15854,-1.5524475979916705,NA,Norwegian,norwegian,C_lin
Kristoffersen::1586,-0.6838412997498348,NA,Norwegian,norwegian,C_lin
Kristoffersen::15863,0.44072987489231286,NA,Norwegian,norwegian,C_lin
Kristoffersen::15872,-0.07729717376905107,NA,Norwegian,norwegian,C_lin
Kristoffersen::15880,-2.4199413289867384,NA,Norwegian,norwegian,C_lin
Kristoffersen::15885,-1.7090177240016873,NA,Norwegian,norwegian,C_lin
Kristoffersen::15898,-0.09103950159375777,NA,Norwegian,norwegian,C_lin
Kristoffersen::15906,-2.0911518741015662,NA,Norwegian,norwegian,C_lin
Kristoffersen::15915,-2.964710808020641,NA,Norwegian,norwegian,C_lin
Kristoffersen::15918,-1.0342119411845458,NA,Norwegian,norwegian,C_lin
Kristoffersen::15922,-0.07899376926190738,NA,Norwegian,norwegian,C_lin
Kristoffersen::15938,2.5743147253173606,NA,Norwegian,norwegian,C_lin
Kristoffersen::15941,0.7390108442298685,NA,Norwegian,norwegian,C_lin
Kristoffersen::15945,2.9921943753872946,NA,Norwegian,norwegian,C_lin
Kristoffersen::15946,0.6802659025910808,NA,Norwegian,norwegian,C_lin
Kristoffersen::15953,-0.27975182550824995,NA,Norwegian,norwegian,C_lin
Kristoffersen::15976,1.3644367323836182,NA,Norwegian,norwegian,C_lin
Kristoffersen::15987,-1.4502912321343535,NA,Norwegian,norwegian,C_lin
Kristoffersen::15988,-2.1463624358749125,NA,Norwegian,norwegian,C_lin
Kristoffersen::15989,0.20818457694343,NA,Norwegian,norwegian,C_lin
Kristoffersen::15994,1.2484599761964876,NA,Norwegian,norwegian,C_lin
Kristoffersen::16,0.14904985745200383,NA,Norwegian,norwegian,C_lin
Kristoffersen::16000,2.2360713267296237,NA,Norwegian,norwegian,C_lin
Kristoffersen::16001,-3.874546054152285,NA,Norwegian,norwegian,C_lin
Kristoffersen::16009,0.9303658251387027,NA,Norwegian,norwegian,C_lin
Kristoffersen::16010,-1.4564662292408672,NA,Norwegian,norwegian,C_lin
Kristoffersen::16015,-3.5528217619499487,NA,Norwegian,norwegian,C_lin
Kristoffersen::16031,-1.6324620813206705,NA,Norwegian,norwegian,C_lin
Kristoffersen::16041,-2.895228356150829,NA,Norwegian,norwegian,C_lin
Kristoffersen::16056,0.7672585816877495,NA,Norwegian,norwegian,C_lin
Kristoffersen::16064,-3.1497348353795744,NA,Norwegian,norwegian,C_lin
Kristoffersen::16069,-2.4697186870708707,NA,Norwegian,norwegian,C_lin
Kristoffersen::16072,-1.5453888541450629,NA,Norwegian,norwegian,C_lin
Kristoffersen::16122,-0.8464249673401482,NA,Norwegian,norwegian,C_lin
Kristoffersen::16124,0.08108050049330065,NA,Norwegian,norwegian,C_lin
Kristoffersen::16131,-1.0877090517805659,NA,Norwegian,norwegian,C_lin
Kristoffersen::16143,1.1033397141222965,NA,Norwegian,norwegian,C_lin
Kristoffersen::16145,-0.8457946085615843,NA,Norwegian,norwegian,C_lin
Kristoffersen::16157,-3.6508805149979864,NA,Norwegian,norwegian,C_lin
Kristoffersen::16176,0.30529804256159565,NA,Norwegian,norwegian,C_lin
Kristoffersen::16178,0.2678519636769124,NA,Norwegian,norwegian,C_lin
Kristoffersen::16180,0.5498184970762576,NA,Norwegian,norwegian,C_lin
Kristoffersen::16199,1.4096723881916264,NA,Norwegian,norwegian,C_lin
Kristoffersen::16202,0.48255339604436326,NA,Norwegian,norwegian,C_lin
Kristoffersen::16203,-2.4685068111190867,NA,Norwegian,norwegian,C_lin
Kristoffersen::16208,-0.2693910470531867,NA,Norwegian,norwegian,C_lin
Kristoffersen::16218,-1.873694024293762,NA,Norwegian,norwegian,C_lin
Kristoffersen::16221,-0.9880097167540257,NA,Norwegian,norwegian,C_lin
Kristoffersen::16231,1.4559418012944954,NA,Norwegian,norwegian,C_lin
Kristoffersen::16264,1.708167195453702,NA,Norwegian,norwegian,C_lin
Kristoffersen::1628,2.8558608343736727,NA,Norwegian,norwegian,C_lin
Kristoffersen::16287,-2.5473600290048966,NA,Norwegian,norwegian,C_lin
Kristoffersen::16290,-1.0547692386874654,NA,Norwegian,norwegian,C_lin
Kristoffersen::16297,-2.768221834737182,NA,Norwegian,norwegian,C_lin
Kristoffersen::1633,-0.18607233590258418,NA,Norwegian,norwegian,C_lin
Kristoffersen::16347,-2.5850498323393465,NA,Norwegian,norwegian,C_lin
Kristoffersen::16353,-3.8415124431452554,NA,Norwegian,norwegian,C_lin
Kristoffersen::16356,-0.36722208618590807,NA,Norwegian,norwegian,C_lin
Kristoffersen::16374,-8.64711997783475,NA,Norwegian,norwegian,C_lin
Kristoffersen::16431,-0.4583680595682483,NA,Norwegian,norwegian,C_lin
Kristoffersen::16438,-1.1008764554671187,NA,Norwegian,norwegian,C_lin
Kristoffersen::16459,-0.42302322825798505,NA,Norwegian,norwegian,C_lin
Kristoffersen::16462,4.660581680650979,NA,Norwegian,norwegian,C_lin
Kristoffersen::16472,-1.3496029837434649,NA,Norwegian,norwegian,C_lin
Kristoffersen::16490,-0.32919897179444874,NA,Norwegian,norwegian,C_lin
Kristoffersen::16510,0.5780482074394634,NA,Norwegian,norwegian,C_lin
Kristoffersen::16522,0.7787070560831137,NA,Norwegian,norwegian,C_lin
Kristoffersen::16524,0.406537774033526,NA,Norwegian,norwegian,C_lin
Kristoffersen::16539,1.300987857100348,NA,Norwegian,norwegian,C_lin
Kristoffersen::16567,-1.1243549647271553,NA,Norwegian,norwegian,C_lin
Kristoffersen::16577,-1.362730168269585,NA,Norwegian,norwegian,C_lin
Kristoffersen::16583,-1.4551793386795588,NA,Norwegian,norwegian,C_lin
Kristoffersen::16609,-4.228117010166334,NA,Norwegian,norwegian,C_lin
Kristoffersen::16625,-0.44973579437845207,NA,Norwegian,norwegian,C_lin
Kristoffersen::16761,-1.3202667321363737,NA,Norwegian,norwegian,C_lin
Kristoffersen::16773,-7.4649717193598315,NA,Norwegian,norwegian,C_lin
Kristoffersen::16811,1.321425132269769,NA,Norwegian,norwegian,C_lin
Kristoffersen::16820,-2.112157162808789,NA,Norwegian,norwegian,C_lin
Kristoffersen::16829,0.23544648213719163,NA,Norwegian,norwegian,C_lin
Kristoffersen::16853,1.1663022223580963,NA,Norwegian,norwegian,C_lin
Kristoffersen::16855,0.8275892418929471,NA,Norwegian,norwegian,C_lin
Kristoffersen::1686,3.3004153328773778,NA,Norwegian,norwegian,C_lin
Kristoffersen::16919,-1.2898280372126951,NA,Norwegian,norwegian,C_lin
Kristoffersen::16932,-0.20837702504777855,NA,Norwegian,norwegian,C_lin
Kristoffersen::16940,-2.86744347561656,NA,Norwegian,norwegian,C_lin
Kristoffersen::16941,-1.5220297250938557,NA,Norwegian,norwegian,C_lin
Kristoffersen::16968,-2.969651528374908,NA,Norwegian,norwegian,C_lin
Kristoffersen::1698,1.659235366438384,NA,Norwegian,norwegian,C_lin
Kristoffersen::17001,-3.580946203888999,NA,Norwegian,norwegian,C_lin
Kristoffersen::17008,-0.6319275281514355,NA,Norwegian,norwegian,C_lin
Kristoffersen::17025,-0.9121416657885802,NA,Norwegian,norwegian,C_lin
Kristoffersen::17059,-2.007512903025591,NA,Norwegian,norwegian,C_lin
Kristoffersen::1713,-0.283269527025333,NA,Norwegian,norwegian,C_lin
Kristoffersen::17286,-1.7794294489627611,NA,Norwegian,norwegian,C_lin
Kristoffersen::17323,-0.08437973159106495,NA,Norwegian,norwegian,C_lin
Kristoffersen::17342,-0.063614449826716,NA,Norwegian,norwegian,C_lin
Kristoffersen::1735,-1.647716737898033,NA,Norwegian,norwegian,C_lin
Kristoffersen::17377,0.3409787858049289,NA,Norwegian,norwegian,C_lin
Kristoffersen::17406,1.1517156499377186,NA,Norwegian,norwegian,C_lin
Kristoffersen::17518,-1.1283338908272484,NA,Norwegian,norwegian,C_lin
Kristoffersen::17597,-3.4177062700739773,NA,Norwegian,norwegian,C_lin
Kristoffersen::17615,-0.28491587189208156,NA,Norwegian,norwegian,C_lin
Kristoffersen::1766,0.8408144404285636,NA,Norwegian,norwegian,C_lin
Kristoffersen::17672,-1.4693378731862432,NA,Norwegian,norwegian,C_lin
Kristoffersen::17684,-2.286323763078138,NA,Norwegian,norwegian,C_lin
Kristoffersen::17785,-2.620782166107577,NA,Norwegian,norwegian,C_lin
Kristoffersen::17796,-0.6455518117935125,NA,Norwegian,norwegian,C_lin
Kristoffersen::17826,-1.624930580764429,NA,Norwegian,norwegian,C_lin
Kristoffersen::17835,0.6627211910093364,NA,Norwegian,norwegian,C_lin
Kristoffersen::17849,-3.4406842698543025,NA,Norwegian,norwegian,C_lin
Kristoffersen::17893,-2.0638679494033094,NA,Norwegian,norwegian,C_lin
Kristoffersen::179,1.080912597988582,NA,Norwegian,norwegian,C_lin
Kristoffersen::17904,-1.0408865412683008,NA,Norwegian,norwegian,C_lin
Kristoffersen::17935,-6.262660879682639,NA,Norwegian,norwegian,C_lin
Kristoffersen::17945,-2.908241425420446,NA,Norwegian,norwegian,C_lin
Kristoffersen::17976,0.885462513989376,NA,Norwegian,norwegian,C_lin
Kristoffersen::18001,-0.8542685967237554,NA,Norwegian,norwegian,C_lin
Kristoffersen::18010,0.6478164020581015,NA,Norwegian,norwegian,C_lin
Kristoffersen::18098,-4.058810039564588,NA,Norwegian,norwegian,C_lin
Kristoffersen::18186,-1.2996860984739131,NA,Norwegian,norwegian,C_lin
Kristoffersen::18222,-1.9160058079783129,NA,Norwegian,norwegian,C_lin
Kristoffersen::18314,-1.429758323804517,NA,Norwegian,norwegian,C_lin
Kristoffersen::18366,-2.3268222587408256,NA,Norwegian,norwegian,C_lin
Kristoffersen::1837,-0.5228853960921231,NA,Norwegian,norwegian,C_lin
Kristoffersen::1840,1.0024907765219409,NA,Norwegian,norwegian,C_lin
Kristoffersen::18472,-1.2106610625819565,NA,Norwegian,norwegian,C_lin
Kristoffersen::18483,-3.5245047855876552,NA,Norwegian,norwegian,C_lin
Kristoffersen::18531,-2.234869531330712,NA,Norwegian,norwegian,C_lin
Kristoffersen::18563,-2.662032929285581,NA,Norwegian,norwegian,C_lin
Kristoffersen::18569,-0.09427839752937245,NA,Norwegian,norwegian,C_lin
Kristoffersen::1866,-1.5470476736384247,NA,Norwegian,norwegian,C_lin
Kristoffersen::18727,-1.9408813320351992,NA,Norwegian,norwegian,C_lin
Kristoffersen::18830,-2.614809428791946,NA,Norwegian,norwegian,C_lin
Kristoffersen::1887,1.0959402406204453,NA,Norwegian,norwegian,C_lin
Kristoffersen::1889,1.3316107751581312,NA,Norwegian,norwegian,C_lin
Kristoffersen::18895,-3.53669718595202,NA,Norwegian,norwegian,C_lin
Kristoffersen::18897,-1.49874015718513,NA,Norwegian,norwegian,C_lin
Kristoffersen::189,0.996936311778949,NA,Norwegian,norwegian,C_lin
Kristoffersen::1890,-0.5671883389943375,NA,Norwegian,norwegian,C_lin
Kristoffersen::18908,-0.8687818981501616,NA,Norwegian,norwegian,C_lin
Kristoffersen::18982,0.6241146741619299,NA,Norwegian,norwegian,C_lin
Kristoffersen::18996,-2.5972602150450737,NA,Norwegian,norwegian,C_lin
Kristoffersen::19066,-1.903339285707292,NA,Norwegian,norwegian,C_lin
Kristoffersen::19100,-1.946632979238105,NA,Norwegian,norwegian,C_lin
Kristoffersen::1925,-3.0029896445408073,NA,Norwegian,norwegian,C_lin
Kristoffersen::1936,-0.8798548079904348,NA,Norwegian,norwegian,C_lin
Kristoffersen::1953,0.8968183944997495,NA,Norwegian,norwegian,C_lin
Kristoffersen::196,1.2431084874898342,NA,Norwegian,norwegian,C_lin
Kristoffersen::2010,1.0273617138900544,NA,Norwegian,norwegian,C_lin
Kristoffersen::2015,1.4240856908825592,NA,Norwegian,norwegian,C_lin
Kristoffersen::206,0.38805868507736757,NA,Norwegian,norwegian,C_lin
Kristoffersen::2075,-1.32970194061692,NA,Norwegian,norwegian,C_lin
Kristoffersen::2094,1.0116906621375674,NA,Norwegian,norwegian,C_lin
Kristoffersen::210,-0.9171637160799396,NA,Norwegian,norwegian,C_lin
Kristoffersen::213,0.4192479037781629,NA,Norwegian,norwegian,C_lin
Kristoffersen::2141,1.382097009860746,NA,Norwegian,norwegian,C_lin
Kristoffersen::2197,1.6853029268175408,NA,Norwegian,norwegian,C_lin
Kristoffersen::2291,2.418928369382283,NA,Norwegian,norwegian,C_lin
Kristoffersen::23,0.824677699862572,NA,Norwegian,norwegian,C_lin
Kristoffersen::237,-0.6032853568669552,NA,Norwegian,norwegian,C_lin
Kristoffersen::2377,-1.8110386118262591,NA,Norwegian,norwegian,C_lin
Kristoffersen::2395,-1.3128990828701916,NA,Norwegian,norwegian,C_lin
Kristoffersen::2397,-1.9469394148857289,NA,Norwegian,norwegian,C_lin
Kristoffersen::2449,-2.900429719754297,NA,Norwegian,norwegian,C_lin
Kristoffersen::2516,-0.6614064496485956,NA,Norwegian,norwegian,C_lin
Kristoffersen::255,0.05465674761390593,NA,Norwegian,norwegian,C_lin
Kristoffersen::257,0.4991067421208274,NA,Norwegian,norwegian,C_lin
Kristoffersen::2595,0.7925270736610041,NA,Norwegian,norwegian,C_lin
Kristoffersen::2602,2.348025802114285,NA,Norwegian,norwegian,C_lin
Kristoffersen::2604,1.0966797958428354,NA,Norwegian,norwegian,C_lin
Kristoffersen::2626,1.5142532360778225,NA,Norwegian,norwegian,C_lin
Kristoffersen::2638,0.20806712542643177,NA,Norwegian,norwegian,C_lin
Kristoffersen::2648,2.415442440141244,NA,Norwegian,norwegian,C_lin
Kristoffersen::2679,0.7084116556132705,NA,Norwegian,norwegian,C_lin
Kristoffersen::2691,1.7378979094132994,NA,Norwegian,norwegian,C_lin
Kristoffersen::2724,2.407332429350555,NA,Norwegian,norwegian,C_lin
Kristoffersen::2748,-0.15626881454513386,NA,Norwegian,norwegian,C_lin
Kristoffersen::278,-0.7821067302174901,NA,Norwegian,norwegian,C_lin
Kristoffersen::2832,0.5196257403352079,NA,Norwegian,norwegian,C_lin
Kristoffersen::2843,1.0542507610572645,NA,Norwegian,norwegian,C_lin
Kristoffersen::286,-0.9177907812099875,NA,Norwegian,norwegian,C_lin
Kristoffersen::2909,0.35151706736429505,NA,Norwegian,norwegian,C_lin
Kristoffersen::292,0.15649284962517587,NA,Norwegian,norwegian,C_lin
Kristoffersen::2924,0.7098947030518105,NA,Norwegian,norwegian,C_lin
Kristoffersen::2931,0.2190369115195153,NA,Norwegian,norwegian,C_lin
Kristoffersen::2964,0.6303819677945399,NA,Norwegian,norwegian,C_lin
Kristoffersen::2978,1.1084718016516737,NA,Norwegian,norwegian,C_lin
Kristoffersen::3004,1.192324021963462,NA,Norwegian,norwegian,C_lin
Kristoffersen::3015,0.7733736639435533,NA,Norwegian,norwegian,C_lin
Kristoffersen::3040,-0.44940833122670737,NA,Norwegian,norwegian,C_lin
Kristoffersen::3095,1.3280710027211162,NA,Norwegian,norwegian,C_lin
Kristoffersen::3110,-0.32434165719909885,NA,Norwegian,norwegian,C_lin
Kristoffersen::3139,-0.4776525031067832,NA,Norwegian,norwegian,C_lin
Kristoffersen::3174,3.083374547785593,NA,Norwegian,norwegian,C_lin
Kristoffersen::3184,0.29066399361810275,NA,Norwegian,norwegian,C_lin
Kristoffersen::3190,1.5482785420682845,NA,Norwegian,norwegian,C_lin
Kristoffersen::3202,-1.1360232848041727,NA,Norwegian,norwegian,C_lin
Kristoffersen::3218,-0.43825191156965393,NA,Norwegian,norwegian,C_lin
Kristoffersen::3336,-1.1682452257003886,NA,Norwegian,norwegian,C_lin
Kristoffersen::3404,0.5091245646790317,NA,Norwegian,norwegian,C_lin
Kristoffersen::341,-0.6711621644181669,NA,Norwegian,norwegian,C_lin
Kristoffersen::3414,0.6649402091063685,NA,Norwegian,norwegian,C_lin
Kristoffersen::3452,0.5826463002840205,NA,Norwegian,norwegian,C_lin
Kristoffersen::3458,1.1207481178508518,NA,Norwegian,norwegian,C_lin
Kristoffersen::3460,7.048780030720534e-4,NA,Norwegian,norwegian,C_lin
Kristoffersen::353,0.4108444421319632,NA,Norwegian,norwegian,C_lin
Kristoffersen::3536,-0.9702374272826549,NA,Norwegian,norwegian,C_lin
Kristoffersen::3553,-1.6047347328717232,NA,Norwegian,norwegian,C_lin
Kristoffersen::3571,-0.9329592994663141,NA,Norwegian,norwegian,C_lin
Kristoffersen::3586,1.208254181340474,NA,Norwegian,norwegian,C_lin
Kristoffersen::3633,0.9006238322841184,NA,Norwegian,norwegian,C_lin
Kristoffersen::3650,-0.8153144730812844,NA,Norwegian,norwegian,C_lin
Kristoffersen::3664,0.5806819011153809,NA,Norwegian,norwegian,C_lin
Kristoffersen::3717,0.041619818119003484,NA,Norwegian,norwegian,C_lin
Kristoffersen::3748,-1.2894628969291946,NA,Norwegian,norwegian,C_lin
Kristoffersen::3769,-1.7107466943609626,NA,Norwegian,norwegian,C_lin
Kristoffersen::3888,2.862977619698093,NA,Norwegian,norwegian,C_lin
Kristoffersen::3907,-0.09024038985795611,NA,Norwegian,norwegian,C_lin
Kristoffersen::391,-2.7901135874689262,NA,Norwegian,norwegian,C_lin
Kristoffersen::3934,-0.8932407700534424,NA,Norwegian,norwegian,C_lin
Kristoffersen::3978,1.7749809500947435,NA,Norwegian,norwegian,C_lin
Kristoffersen::3981,-2.121843247420178,NA,Norwegian,norwegian,C_lin
Kristoffersen::400,1.0929383514923696,NA,Norwegian,norwegian,C_lin
Kristoffersen::4011,-1.9552628091519166,NA,Norwegian,norwegian,C_lin
Kristoffersen::405,-2.6139467455690784,NA,Norwegian,norwegian,C_lin
Kristoffersen::4137,-4.385543996982013,NA,Norwegian,norwegian,C_lin
Kristoffersen::420,2.142827745144362,NA,Norwegian,norwegian,C_lin
Kristoffersen::422,-0.6859958810267945,NA,Norwegian,norwegian,C_lin
Kristoffersen::4252,-0.3568212415803126,NA,Norwegian,norwegian,C_lin
Kristoffersen::4281,0.4436799011541998,NA,Norwegian,norwegian,C_lin
Kristoffersen::4304,0.9768892077371111,NA,Norwegian,norwegian,C_lin
Kristoffersen::4321,-0.41134114932072635,NA,Norwegian,norwegian,C_lin
Kristoffersen::4357,-2.809203760846489,NA,Norwegian,norwegian,C_lin
Kristoffersen::4363,-1.630360360282591,NA,Norwegian,norwegian,C_lin
Kristoffersen::437,0.5713916822399453,NA,Norwegian,norwegian,C_lin
Kristoffersen::438,1.2388755884424605,NA,Norwegian,norwegian,C_lin
Kristoffersen::4382,2.4104947389260394,NA,Norwegian,norwegian,C_lin
Kristoffersen::4417,-1.3470261646917827,NA,Norwegian,norwegian,C_lin
Kristoffersen::4426,2.0306896203573253,NA,Norwegian,norwegian,C_lin
Kristoffersen::446,-2.027627744972408,NA,Norwegian,norwegian,C_lin
Kristoffersen::4491,0.6872015428705706,NA,Norwegian,norwegian,C_lin
Kristoffersen::4496,0.2687885432307229,NA,Norwegian,norwegian,C_lin
Kristoffersen::4519,-0.40077541265002414,NA,Norwegian,norwegian,C_lin
Kristoffersen::453,1.209830418224977,NA,Norwegian,norwegian,C_lin
Kristoffersen::4553,-2.0902753281135547,NA,Norwegian,norwegian,C_lin
Kristoffersen::460,-0.42254715126880177,NA,Norwegian,norwegian,C_lin
Kristoffersen::4607,-2.374139462625291,NA,Norwegian,norwegian,C_lin
Kristoffersen::4609,-3.2175180895106066,NA,Norwegian,norwegian,C_lin
Kristoffersen::4643,-0.09959009529798366,NA,Norwegian,norwegian,C_lin
Kristoffersen::4667,-2.885451815259969,NA,Norwegian,norwegian,C_lin
Kristoffersen::4672,0.944148244100839,NA,Norwegian,norwegian,C_lin
Kristoffersen::4706,-1.8875486235245598,NA,Norwegian,norwegian,C_lin
Kristoffersen::4718,-1.1291263405009881,NA,Norwegian,norwegian,C_lin
Kristoffersen::4762,-0.2659198711559179,NA,Norwegian,norwegian,C_lin
Kristoffersen::4767,-0.3575330044992305,NA,Norwegian,norwegian,C_lin
Kristoffersen::482,0.8828076243847724,NA,Norwegian,norwegian,C_lin
Kristoffersen::4820,1.796663846624672,NA,Norwegian,norwegian,C_lin
Kristoffersen::4828,-0.8203397360274108,NA,Norwegian,norwegian,C_lin
Kristoffersen::4834,0.5263209773160534,NA,Norwegian,norwegian,C_lin
Kristoffersen::4848,-0.7884341267975723,NA,Norwegian,norwegian,C_lin
Kristoffersen::4890,0.2217451014177096,NA,Norwegian,norwegian,C_lin
Kristoffersen::490,-0.38183620457418543,NA,Norwegian,norwegian,C_lin
Kristoffersen::4925,-2.8441818476276644,NA,Norwegian,norwegian,C_lin
Kristoffersen::494,0.6421190787493338,NA,Norwegian,norwegian,C_lin
Kristoffersen::4947,0.23586415438710276,NA,Norwegian,norwegian,C_lin
Kristoffersen::496,-0.7255999522678462,NA,Norwegian,norwegian,C_lin
Kristoffersen::5015,-1.8757445306535403,NA,Norwegian,norwegian,C_lin
Kristoffersen::5021,0.9746079349471004,NA,Norwegian,norwegian,C_lin
Kristoffersen::5056,-0.7039185048178804,NA,Norwegian,norwegian,C_lin
Kristoffersen::5078,-1.0987810957006097,NA,Norwegian,norwegian,C_lin
Kristoffersen::5107,-1.9908468154376158,NA,Norwegian,norwegian,C_lin
Kristoffersen::5114,-4.275026101158201,NA,Norwegian,norwegian,C_lin
Kristoffersen::5130,2.003922140863314,NA,Norwegian,norwegian,C_lin
Kristoffersen::5178,1.6076661332170514,NA,Norwegian,norwegian,C_lin
Kristoffersen::5191,2.09255849709934,NA,Norwegian,norwegian,C_lin
Kristoffersen::5200,1.0962472350449715,NA,Norwegian,norwegian,C_lin
Kristoffersen::5227,1.866881104835088,NA,Norwegian,norwegian,C_lin
Kristoffersen::5233,-0.8509808021757245,NA,Norwegian,norwegian,C_lin
Kristoffersen::5257,-0.4909551016767482,NA,Norwegian,norwegian,C_lin
Kristoffersen::5258,0.10049894631386061,NA,Norwegian,norwegian,C_lin
Kristoffersen::5262,-0.7492655692960564,NA,Norwegian,norwegian,C_lin
Kristoffersen::5282,2.2297297379808936,NA,Norwegian,norwegian,C_lin
Kristoffersen::529,2.1184422500251876,NA,Norwegian,norwegian,C_lin
Kristoffersen::5292,2.302628932298491,NA,Norwegian,norwegian,C_lin
Kristoffersen::5299,1.5327209629002614,NA,Norwegian,norwegian,C_lin
Kristoffersen::5301,0.3719209704294377,NA,Norwegian,norwegian,C_lin
Kristoffersen::5302,1.3239403079366272,NA,Norwegian,norwegian,C_lin
Kristoffersen::5316,-0.7424939313623881,NA,Norwegian,norwegian,C_lin
Kristoffersen::5347,3.0415665341639606,NA,Norwegian,norwegian,C_lin
Kristoffersen::5352,2.202115151230387,NA,Norwegian,norwegian,C_lin
Kristoffersen::5358,1.5789120254609803,NA,Norwegian,norwegian,C_lin
Kristoffersen::5380,-0.508250565266371,NA,Norwegian,norwegian,C_lin
Kristoffersen::5392,-0.9643961618307955,NA,Norwegian,norwegian,C_lin
Kristoffersen::5395,0.3249168241139783,NA,Norwegian,norwegian,C_lin
Kristoffersen::54,-0.1971400556552722,NA,Norwegian,norwegian,C_lin
Kristoffersen::5405,0.5589033320265507,NA,Norwegian,norwegian,C_lin
Kristoffersen::5406,-0.8645701862856572,NA,Norwegian,norwegian,C_lin
Kristoffersen::5425,1.044869064071816,NA,Norwegian,norwegian,C_lin
Kristoffersen::544,2.4323321693727724,NA,Norwegian,norwegian,C_lin
Kristoffersen::5519,0.7402323746594991,NA,Norwegian,norwegian,C_lin
Kristoffersen::5529,-0.5160577361640557,NA,Norwegian,norwegian,C_lin
Kristoffersen::553,3.0760852596080674,NA,Norwegian,norwegian,C_lin
Kristoffersen::5568,-3.0845458381090536,NA,Norwegian,norwegian,C_lin
Kristoffersen::5667,1.2124135250495331,NA,Norwegian,norwegian,C_lin
Kristoffersen::5756,-1.5063409024029843,NA,Norwegian,norwegian,C_lin
Kristoffersen::582,0.48605517398657566,NA,Norwegian,norwegian,C_lin
Kristoffersen::5832,0.40308533885577974,NA,Norwegian,norwegian,C_lin
Kristoffersen::5840,0.7096595505738408,NA,Norwegian,norwegian,C_lin
Kristoffersen::5844,0.2529286604098035,NA,Norwegian,norwegian,C_lin
Kristoffersen::5851,1.501638412520109,NA,Norwegian,norwegian,C_lin
Kristoffersen::5864,2.4643665817524667,NA,Norwegian,norwegian,C_lin
Kristoffersen::5873,-4.174375613945611,NA,Norwegian,norwegian,C_lin
Kristoffersen::5880,0.3228532740727188,NA,Norwegian,norwegian,C_lin
Kristoffersen::5895,-0.6655039177309564,NA,Norwegian,norwegian,C_lin
Kristoffersen::5898,1.415490433150593,NA,Norwegian,norwegian,C_lin
Kristoffersen::5920,-1.4333459429057271,NA,Norwegian,norwegian,C_lin
Kristoffersen::5925,-0.5737295230527774,NA,Norwegian,norwegian,C_lin
Kristoffersen::5928,-0.6652122851965901,NA,Norwegian,norwegian,C_lin
Kristoffersen::5945,-0.7266104904774214,NA,Norwegian,norwegian,C_lin
Kristoffersen::5948,0.4250580550734291,NA,Norwegian,norwegian,C_lin
Kristoffersen::5973,-1.8614983111384158,NA,Norwegian,norwegian,C_lin
Kristoffersen::601,0.7818859917103026,NA,Norwegian,norwegian,C_lin
Kristoffersen::6010,-0.6515886915697932,NA,Norwegian,norwegian,C_lin
Kristoffersen::6039,-0.8159990445484718,NA,Norwegian,norwegian,C_lin
Kristoffersen::6070,1.752650044942203,NA,Norwegian,norwegian,C_lin
Kristoffersen::6115,0.6153507595942301,NA,Norwegian,norwegian,C_lin
Kristoffersen::6138,0.7226369749502904,NA,Norwegian,norwegian,C_lin
Kristoffersen::6147,-1.3024780550664077,NA,Norwegian,norwegian,C_lin
Kristoffersen::6153,-1.5557903021597494,NA,Norwegian,norwegian,C_lin
Kristoffersen::6166,-0.21477562439962106,NA,Norwegian,norwegian,C_lin
Kristoffersen::6174,2.6043005541837436,NA,Norwegian,norwegian,C_lin
Kristoffersen::6177,2.5760344132144786,NA,Norwegian,norwegian,C_lin
Kristoffersen::6195,0.25419641522161723,NA,Norwegian,norwegian,C_lin
Kristoffersen::6197,0.6057149962181158,NA,Norwegian,norwegian,C_lin
Kristoffersen::6208,-3.6114334831931147,NA,Norwegian,norwegian,C_lin
Kristoffersen::6238,0.7134875430522617,NA,Norwegian,norwegian,C_lin
Kristoffersen::6263,-2.0552619030443156,NA,Norwegian,norwegian,C_lin
Kristoffersen::6277,-3.6570191083894383,NA,Norwegian,norwegian,C_lin
Kristoffersen::633,-3.4616113051352673,NA,Norwegian,norwegian,C_lin
Kristoffersen::6369,2.7704679928592966,NA,Norwegian,norwegian,C_lin
Kristoffersen::6370,0.3627222436309285,NA,Norwegian,norwegian,C_lin
Kristoffersen::6373,-1.8220011460741985,NA,Norwegian,norwegian,C_lin
Kristoffersen::6421,-1.9725814315901842,NA,Norwegian,norwegian,C_lin
Kristoffersen::6433,-0.7725284115948954,NA,Norwegian,norwegian,C_lin
Kristoffersen::647,3.1037194333559284,NA,Norwegian,norwegian,C_lin
Kristoffersen::6475,-0.17920588371082571,NA,Norwegian,norwegian,C_lin
Kristoffersen::6478,1.225758002089075,NA,Norwegian,norwegian,C_lin
Kristoffersen::6493,-0.7759162660411888,NA,Norwegian,norwegian,C_lin
Kristoffersen::6511,-1.5512189088218264,NA,Norwegian,norwegian,C_lin
Kristoffersen::6550,-1.4030956409349977,NA,Norwegian,norwegian,C_lin
Kristoffersen::6568,0.8547687671356695,NA,Norwegian,norwegian,C_lin
Kristoffersen::6586,0.8222316393240382,NA,Norwegian,norwegian,C_lin
Kristoffersen::660,8.465343213908609e-4,NA,Norwegian,norwegian,C_lin
Kristoffersen::6636,0.12555733891363804,NA,Norwegian,norwegian,C_lin
Kristoffersen::6683,-0.6131694149359386,NA,Norwegian,norwegian,C_lin
Kristoffersen::6711,-2.8707165631488913,NA,Norwegian,norwegian,C_lin
Kristoffersen::6765,-2.331219263049437,NA,Norwegian,norwegian,C_lin
Kristoffersen::6777,-3.2572436353776855,NA,Norwegian,norwegian,C_lin
Kristoffersen::678,0.9563133787256816,NA,Norwegian,norwegian,C_lin
Kristoffersen::6827,0.9339206146250638,NA,Norwegian,norwegian,C_lin
Kristoffersen::6831,0.17365594698930373,NA,Norwegian,norwegian,C_lin
Kristoffersen::6832,-0.622269970779039,NA,Norwegian,norwegian,C_lin
Kristoffersen::6851,0.2546833236976039,NA,Norwegian,norwegian,C_lin
Kristoffersen::6860,1.9772815500718948,NA,Norwegian,norwegian,C_lin
Kristoffersen::6916,1.1757418052061874,NA,Norwegian,norwegian,C_lin
Kristoffersen::6981,-1.3030910143033971,NA,Norwegian,norwegian,C_lin
Kristoffersen::6983,-0.7500055703850225,NA,Norwegian,norwegian,C_lin
Kristoffersen::7017,1.904509293558586,NA,Norwegian,norwegian,C_lin
Kristoffersen::7071,-0.766052307173702,NA,Norwegian,norwegian,C_lin
Kristoffersen::7084,1.2406546050122902,NA,Norwegian,norwegian,C_lin
Kristoffersen::7106,0.48212429221176695,NA,Norwegian,norwegian,C_lin
Kristoffersen::7136,-3.2389028419254924,NA,Norwegian,norwegian,C_lin
Kristoffersen::7137,1.4220483909697563,NA,Norwegian,norwegian,C_lin
Kristoffersen::7172,-0.2453850077289967,NA,Norwegian,norwegian,C_lin
Kristoffersen::72,-1.2290515688729238,NA,Norwegian,norwegian,C_lin
Kristoffersen::7202,3.8528942684540164,NA,Norwegian,norwegian,C_lin
Kristoffersen::7261,0.21136961812983615,NA,Norwegian,norwegian,C_lin
Kristoffersen::7267,2.5669567519041823,NA,Norwegian,norwegian,C_lin
Kristoffersen::727,-0.059559702468972936,NA,Norwegian,norwegian,C_lin
Kristoffersen::7283,-6.585760773849553,NA,Norwegian,norwegian,C_lin
Kristoffersen::7285,1.5135241991613744,NA,Norwegian,norwegian,C_lin
Kristoffersen::7287,1.1162459063066388,NA,Norwegian,norwegian,C_lin
Kristoffersen::7300,0.7804069195311382,NA,Norwegian,norwegian,C_lin
Kristoffersen::7467,0.05735699628520462,NA,Norwegian,norwegian,C_lin
Kristoffersen::7473,-2.2382309077819706,NA,Norwegian,norwegian,C_lin
Kristoffersen::7536,-0.2668524336585879,NA,Norwegian,norwegian,C_lin
Kristoffersen::7542,-1.8544033150371766,NA,Norwegian,norwegian,C_lin
Kristoffersen::7563,2.8521379018914232,NA,Norwegian,norwegian,C_lin
Kristoffersen::7566,1.6743989499097858,NA,Norwegian,norwegian,C_lin
Kristoffersen::7632,-0.3183396266778701,NA,Norwegian,norwegian,C_lin
Kristoffersen::7682,-0.2936479279003492,NA,Norwegian,norwegian,C_lin
Kristoffersen::7702,0.07389088609442794,NA,Norwegian,norwegian,C_lin
Kristoffersen::7719,0.8408314772464316,NA,Norwegian,norwegian,C_lin
Kristoffersen::7728,-1.6106930548787481,NA,Norwegian,norwegian,C_lin
Kristoffersen::7730,-0.8925446976496009,NA,Norwegian,norwegian,C_lin
Kristoffersen::7736,0.8398083588192299,NA,Norwegian,norwegian,C_lin
Kristoffersen::7748,0.5007377036106809,NA,Norwegian,norwegian,C_lin
Kristoffersen::777,-4.975819758655276,NA,Norwegian,norwegian,C_lin
Kristoffersen::78,-0.7338956493463644,NA,Norwegian,norwegian,C_lin
Kristoffersen::781,1.1170980864413962,NA,Norwegian,norwegian,C_lin
Kristoffersen::7816,2.2467487837190574,NA,Norwegian,norwegian,C_lin
Kristoffersen::7833,3.066636398473726,NA,Norwegian,norwegian,C_lin
Kristoffersen::7864,-1.8171165702905825,NA,Norwegian,norwegian,C_lin
Kristoffersen::7874,0.2811389491044536,NA,Norwegian,norwegian,C_lin
Kristoffersen::7902,-0.5736222316879218,NA,Norwegian,norwegian,C_lin
Kristoffersen::7951,2.632280549530089,NA,Norwegian,norwegian,C_lin
Kristoffersen::7952,0.14212248160722382,NA,Norwegian,norwegian,C_lin
Kristoffersen::7982,1.8007592589646928,NA,Norwegian,norwegian,C_lin
Kristoffersen::8014,0.2578960609274579,NA,Norwegian,norwegian,C_lin
Kristoffersen::8041,0.5885792763557237,NA,Norwegian,norwegian,C_lin
Kristoffersen::8085,-2.2472051732330014,NA,Norwegian,norwegian,C_lin
Kristoffersen::8156,2.5947928432606586,NA,Norwegian,norwegian,C_lin
Kristoffersen::8157,-5.646738096036586,NA,Norwegian,norwegian,C_lin
Kristoffersen::8214,2.054480328392615,NA,Norwegian,norwegian,C_lin
Kristoffersen::8241,-1.800037351181234,NA,Norwegian,norwegian,C_lin
Kristoffersen::8253,2.401485519751304,NA,Norwegian,norwegian,C_lin
Kristoffersen::8269,-0.27284711156557756,NA,Norwegian,norwegian,C_lin
Kristoffersen::8290,1.9684972686946185,NA,Norwegian,norwegian,C_lin
Kristoffersen::8358,-1.6979036546304453,NA,Norwegian,norwegian,C_lin
Kristoffersen::8389,2.068744384024789,NA,Norwegian,norwegian,C_lin
Kristoffersen::8398,3.126238496696788,NA,Norwegian,norwegian,C_lin
Kristoffersen::8453,-0.8780011989978559,NA,Norwegian,norwegian,C_lin
Kristoffersen::8490,-1.0889713083662425,NA,Norwegian,norwegian,C_lin
Kristoffersen::8510,-0.9779133954890542,NA,Norwegian,norwegian,C_lin
Kristoffersen::8549,-0.6659054329465534,NA,Norwegian,norwegian,C_lin
Kristoffersen::8555,-0.33223163208184514,NA,Norwegian,norwegian,C_lin
Kristoffersen::8560,-3.497635256447798,NA,Norwegian,norwegian,C_lin
Kristoffersen::8562,-0.20986548193078147,NA,Norwegian,norwegian,C_lin
Kristoffersen::8572,0.11045355641115559,NA,Norwegian,norwegian,C_lin
Kristoffersen::8577,0.29397984409588207,NA,Norwegian,norwegian,C_lin
Kristoffersen::8578,0.2818194934090008,NA,Norwegian,norwegian,C_lin
Kristoffersen::8581,0.05541315652837259,NA,Norwegian,norwegian,C_lin
Kristoffersen::8584,-0.3960454895890057,NA,Norwegian,norwegian,C_lin
Kristoffersen::8589,-1.9131674689239275,NA,Norwegian,norwegian,C_lin
Kristoffersen::8599,0.47696154351501385,NA,Norwegian,norwegian,C_lin
Kristoffersen::860,4.48855462402472,NA,Norwegian,norwegian,C_lin
Kristoffersen::8602,3.243269640852171,NA,Norwegian,norwegian,C_lin
Kristoffersen::8607,0.9393815488912777,NA,Norwegian,norwegian,C_lin
Kristoffersen::8616,1.1414434740101824,NA,Norwegian,norwegian,C_lin
Kristoffersen::8622,2.0043845088181365,NA,Norwegian,norwegian,C_lin
Kristoffersen::8626,0.7098994455566798,NA,Norwegian,norwegian,C_lin
Kristoffersen::8631,-0.41749732771142684,NA,Norwegian,norwegian,C_lin
Kristoffersen::8632,-2.938246878632376,NA,Norwegian,norwegian,C_lin
Kristoffersen::8641,-1.211546323701585,NA,Norwegian,norwegian,C_lin
Kristoffersen::8651,-1.7011732074113997,NA,Norwegian,norwegian,C_lin
Kristoffersen::8657,0.14190462758030797,NA,Norwegian,norwegian,C_lin
Kristoffersen::8658,0.9787801027921665,NA,Norwegian,norwegian,C_lin
Kristoffersen::8664,-1.7181044300432013,NA,Norwegian,norwegian,C_lin
Kristoffersen::8671,-0.12147153269942708,NA,Norwegian,norwegian,C_lin
Kristoffersen::8677,-0.7982409593602162,NA,Norwegian,norwegian,C_lin
Kristoffersen::8683,-1.2600917190877863,NA,Norwegian,norwegian,C_lin
Kristoffersen::8684,1.921551864429688,NA,Norwegian,norwegian,C_lin
Kristoffersen::8686,1.4789880526984338,NA,Norwegian,norwegian,C_lin
Kristoffersen::8695,-0.29998135419746264,NA,Norwegian,norwegian,C_lin
Kristoffersen::8706,1.0230072484803792,NA,Norwegian,norwegian,C_lin
Kristoffersen::871,-1.8611935809725737,NA,Norwegian,norwegian,C_lin
Kristoffersen::8711,-2.3331141073160917,NA,Norwegian,norwegian,C_lin
Kristoffersen::8715,2.2461570287462513,NA,Norwegian,norwegian,C_lin
Kristoffersen::8722,1.979107783421227,NA,Norwegian,norwegian,C_lin
Kristoffersen::8726,4.846339583858976,NA,Norwegian,norwegian,C_lin
Kristoffersen::8728,-0.21188839109597835,NA,Norwegian,norwegian,C_lin
Kristoffersen::8734,-1.0286002462055126,NA,Norwegian,norwegian,C_lin
Kristoffersen::8739,-1.4240751624676258,NA,Norwegian,norwegian,C_lin
Kristoffersen::8742,2.005934922626352,NA,Norwegian,norwegian,C_lin
Kristoffersen::8750,2.1556653287770935,NA,Norwegian,norwegian,C_lin
Kristoffersen::8760,1.8704963036890325,NA,Norwegian,norwegian,C_lin
Kristoffersen::8763,-1.4710388725974672,NA,Norwegian,norwegian,C_lin
Kristoffersen::8764,-0.18283147856737061,NA,Norwegian,norwegian,C_lin
Kristoffersen::8765,1.6990568203721885,NA,Norwegian,norwegian,C_lin
Kristoffersen::8784,0.7800812470011035,NA,Norwegian,norwegian,C_lin
Kristoffersen::8789,-3.4597015486351914,NA,Norwegian,norwegian,C_lin
Kristoffersen::8790,1.1297869147752508,NA,Norwegian,norwegian,C_lin
Kristoffersen::8792,1.906739330710878,NA,Norwegian,norwegian,C_lin
Kristoffersen::8798,1.6938557239021728,NA,Norwegian,norwegian,C_lin
Kristoffersen::8800,0.3422900486996151,NA,Norwegian,norwegian,C_lin
Kristoffersen::8801,1.3119504376972366,NA,Norwegian,norwegian,C_lin
Kristoffersen::8805,-0.8417485224425206,NA,Norwegian,norwegian,C_lin
Kristoffersen::8806,-2.11353619121638,NA,Norwegian,norwegian,C_lin
Kristoffersen::8807,0.2922349322357367,NA,Norwegian,norwegian,C_lin
Kristoffersen::8816,0.40927302010953936,NA,Norwegian,norwegian,C_lin
Kristoffersen::8818,0.9876727258052456,NA,Norwegian,norwegian,C_lin
Kristoffersen::8820,-0.12402303296991127,NA,Norwegian,norwegian,C_lin
Kristoffersen::8824,1.7202124001341443,NA,Norwegian,norwegian,C_lin
Kristoffersen::8829,-0.20156692228285164,NA,Norwegian,norwegian,C_lin
Kristoffersen::8831,0.06142786431291695,NA,Norwegian,norwegian,C_lin
Kristoffersen::8833,2.758354017950101,NA,Norwegian,norwegian,C_lin
Kristoffersen::8849,-1.0437338557963152,NA,Norwegian,norwegian,C_lin
Kristoffersen::8865,0.5620829770230886,NA,Norwegian,norwegian,C_lin
Kristoffersen::8867,-1.836033662066183,NA,Norwegian,norwegian,C_lin
Kristoffersen::8869,-3.5057411676699433,NA,Norwegian,norwegian,C_lin
Kristoffersen::8872,-0.23775301507025556,NA,Norwegian,norwegian,C_lin
Kristoffersen::8874,1.8995574681844802,NA,Norwegian,norwegian,C_lin
Kristoffersen::8882,-0.2855558500934314,NA,Norwegian,norwegian,C_lin
Kristoffersen::8885,0.3087383008007184,NA,Norwegian,norwegian,C_lin
Kristoffersen::8887,2.0605881288472983,NA,Norwegian,norwegian,C_lin
Kristoffersen::889,1.9059193971634505,NA,Norwegian,norwegian,C_lin
Kristoffersen::8897,1.2993177801046436,NA,Norwegian,norwegian,C_lin
Kristoffersen::891,-1.287724939929151,NA,Norwegian,norwegian,C_lin
Kristoffersen::8911,-0.5798489295958831,NA,Norwegian,norwegian,C_lin
Kristoffersen::8914,-1.529990654423709,NA,Norwegian,norwegian,C_lin
Kristoffersen::8915,2.1805865800103166,NA,Norwegian,norwegian,C_lin
Kristoffersen::8921,0.9580954988841874,NA,Norwegian,norwegian,C_lin
Kristoffersen::8923,0.004327643926261435,NA,Norwegian,norwegian,C_lin
Kristoffersen::8940,-0.590201326415666,NA,Norwegian,norwegian,C_lin
Kristoffersen::8951,-0.8753748828285106,NA,Norwegian,norwegian,C_lin
Kristoffersen::8953,-0.23657410415408725,NA,Norwegian,norwegian,C_lin
Kristoffersen::8954,-1.2079684575006735,NA,Norwegian,norwegian,C_lin
Kristoffersen::8955,-1.7343004247627376,NA,Norwegian,norwegian,C_lin
Kristoffersen::8958,-0.5652277115442602,NA,Norwegian,norwegian,C_lin
Kristoffersen::8964,0.7845013672781993,NA,Norwegian,norwegian,C_lin
Kristoffersen::8973,-0.5704350102657575,NA,Norwegian,norwegian,C_lin
Kristoffersen::8976,-0.9853691894241131,NA,Norwegian,norwegian,C_lin
Kristoffersen::8978,1.4825388044710524,NA,Norwegian,norwegian,C_lin
Kristoffersen::8980,-0.6801862130847761,NA,Norwegian,norwegian,C_lin
Kristoffersen::8985,-3.375219566728952,NA,Norwegian,norwegian,C_lin
Kristoffersen::8986,1.5683454174498719,NA,Norwegian,norwegian,C_lin
Kristoffersen::8989,1.1948226865440796,NA,Norwegian,norwegian,C_lin
Kristoffersen::8993,-1.5030026636485925,NA,Norwegian,norwegian,C_lin
Kristoffersen::90,0.7804524263384708,NA,Norwegian,norwegian,C_lin
Kristoffersen::9003,1.3134921838992073,NA,Norwegian,norwegian,C_lin
Kristoffersen::9009,3.3976819692320013,NA,Norwegian,norwegian,C_lin
Kristoffersen::901,-0.6399365577388323,NA,Norwegian,norwegian,C_lin
Kristoffersen::9016,1.2942885535258997,NA,Norwegian,norwegian,C_lin
Kristoffersen::9029,-0.08658362213162094,NA,Norwegian,norwegian,C_lin
Kristoffersen::9030,0.8172374164170552,NA,Norwegian,norwegian,C_lin
Kristoffersen::9050,1.9699532112541367,NA,Norwegian,norwegian,C_lin
Kristoffersen::9053,-2.594097391263872,NA,Norwegian,norwegian,C_lin
Kristoffersen::9063,0.5249121505677339,NA,Norwegian,norwegian,C_lin
Kristoffersen::9068,1.4426740215047509,NA,Norwegian,norwegian,C_lin
Kristoffersen::9070,-1.6310954721014652,NA,Norwegian,norwegian,C_lin
Kristoffersen::9075,3.0046641836000374,NA,Norwegian,norwegian,C_lin
Kristoffersen::9079,-2.035292586459638,NA,Norwegian,norwegian,C_lin
Kristoffersen::9083,-0.6142959070974076,NA,Norwegian,norwegian,C_lin
Kristoffersen::9084,-0.7000888952450626,NA,Norwegian,norwegian,C_lin
Kristoffersen::9088,2.3073112539508056,NA,Norwegian,norwegian,C_lin
Kristoffersen::9090,2.073029272848357,NA,Norwegian,norwegian,C_lin
Kristoffersen::9096,-1.4068088957880545,NA,Norwegian,norwegian,C_lin
Kristoffersen::9099,1.0678942763531558,NA,Norwegian,norwegian,C_lin
Kristoffersen::9103,-1.6917889990836323,NA,Norwegian,norwegian,C_lin
Kristoffersen::9111,0.906160526851082,NA,Norwegian,norwegian,C_lin
Kristoffersen::9115,0.04487860576589739,NA,Norwegian,norwegian,C_lin
Kristoffersen::913,0.8152780282240935,NA,Norwegian,norwegian,C_lin
Kristoffersen::9153,2.131734500302292,NA,Norwegian,norwegian,C_lin
Kristoffersen::9154,-0.6378147999158772,NA,Norwegian,norwegian,C_lin
Kristoffersen::9157,2.4624940200464476,NA,Norwegian,norwegian,C_lin
Kristoffersen::9158,2.6853876894319533,NA,Norwegian,norwegian,C_lin
Kristoffersen::9159,2.7754427407411137,NA,Norwegian,norwegian,C_lin
Kristoffersen::9163,-2.3465567526859146,NA,Norwegian,norwegian,C_lin
Kristoffersen::9165,-1.664663530826931,NA,Norwegian,norwegian,C_lin
Kristoffersen::9167,0.6134100810315014,NA,Norwegian,norwegian,C_lin
Kristoffersen::9170,-4.897221492259882,NA,Norwegian,norwegian,C_lin
Kristoffersen::9172,2.081521446175865,NA,Norwegian,norwegian,C_lin
Kristoffersen::9173,1.6524846878420782,NA,Norwegian,norwegian,C_lin
Kristoffersen::9177,-0.8654450323849849,NA,Norwegian,norwegian,C_lin
Kristoffersen::9187,-1.7906174299623814,NA,Norwegian,norwegian,C_lin
Kristoffersen::919,-0.2729018258417936,NA,Norwegian,norwegian,C_lin
Kristoffersen::9190,-1.968331703352006,NA,Norwegian,norwegian,C_lin
Kristoffersen::9195,1.896608095850683,NA,Norwegian,norwegian,C_lin
Kristoffersen::9197,1.6650168104363552,NA,Norwegian,norwegian,C_lin
Kristoffersen::9200,-0.3404552768334469,NA,Norwegian,norwegian,C_lin
Kristoffersen::9204,1.0955320629696728,NA,Norwegian,norwegian,C_lin
Kristoffersen::9218,-2.4582626312859808,NA,Norwegian,norwegian,C_lin
Kristoffersen::9220,-0.43207708851187,NA,Norwegian,norwegian,C_lin
Kristoffersen::9221,-0.4753670061003583,NA,Norwegian,norwegian,C_lin
Kristoffersen::9241,1.2308360703580725,NA,Norwegian,norwegian,C_lin
Kristoffersen::9252,0.7127495337731102,NA,Norwegian,norwegian,C_lin
Kristoffersen::9262,0.7093848320107153,NA,Norwegian,norwegian,C_lin
Kristoffersen::9267,1.706306319574385,NA,Norwegian,norwegian,C_lin
Kristoffersen::9278,-0.3206857283433647,NA,Norwegian,norwegian,C_lin
Kristoffersen::9284,-0.3952673531318705,NA,Norwegian,norwegian,C_lin
Kristoffersen::9285,0.8678658561535759,NA,Norwegian,norwegian,C_lin
Kristoffersen::9289,-3.964232818825023,NA,Norwegian,norwegian,C_lin
Kristoffersen::9299,-1.125502068777352,NA,Norwegian,norwegian,C_lin
Kristoffersen::9306,2.1781957064590087,NA,Norwegian,norwegian,C_lin
Kristoffersen::9309,0.37518172953595647,NA,Norwegian,norwegian,C_lin
Kristoffersen::9311,-2.748204847151105,NA,Norwegian,norwegian,C_lin
Kristoffersen::9312,-0.3725073631196672,NA,Norwegian,norwegian,C_lin
Kristoffersen::9314,2.642940607586401,NA,Norwegian,norwegian,C_lin
Kristoffersen::9327,0.1748957524092483,NA,Norwegian,norwegian,C_lin
Kristoffersen::9338,-3.838937054580892,NA,Norwegian,norwegian,C_lin
Kristoffersen::9339,-4.726836372035365,NA,Norwegian,norwegian,C_lin
Kristoffersen::9351,-2.157515438126393,NA,Norwegian,norwegian,C_lin
Kristoffersen::9352,-0.10273824773491119,NA,Norwegian,norwegian,C_lin
Kristoffersen::9362,-0.36132214693314646,NA,Norwegian,norwegian,C_lin
Kristoffersen::9369,-1.3763053453789564,NA,Norwegian,norwegian,C_lin
Kristoffersen::9372,1.1670428659087244,NA,Norwegian,norwegian,C_lin
Kristoffersen::939,-2.5289701060728174,NA,Norwegian,norwegian,C_lin
Kristoffersen::9390,-0.5050526777634378,NA,Norwegian,norwegian,C_lin
Kristoffersen::9404,-0.06442277725236908,NA,Norwegian,norwegian,C_lin
Kristoffersen::9406,-0.8061152135121946,NA,Norwegian,norwegian,C_lin
Kristoffersen::9408,1.346882090921594,NA,Norwegian,norwegian,C_lin
Kristoffersen::9412,3.008908033578275,NA,Norwegian,norwegian,C_lin
Kristoffersen::9419,-1.1766812742055877,NA,Norwegian,norwegian,C_lin
Kristoffersen::9424,-1.437681869913912,NA,Norwegian,norwegian,C_lin
Kristoffersen::9436,-0.3084796182758214,NA,Norwegian,norwegian,C_lin
Kristoffersen::9442,0.7639242786703216,NA,Norwegian,norwegian,C_lin
Kristoffersen::945,0.2579175944814345,NA,Norwegian,norwegian,C_lin
Kristoffersen::9454,0.30466419128834377,NA,Norwegian,norwegian,C_lin
Kristoffersen::9456,2.1484192619465983,NA,Norwegian,norwegian,C_lin
Kristoffersen::9460,0.6321624186653256,NA,Norwegian,norwegian,C_lin
Kristoffersen::9461,3.9474481548751412,NA,Norwegian,norwegian,C_lin
Kristoffersen::9484,1.577020713957187,NA,Norwegian,norwegian,C_lin
Kristoffersen::9489,-1.3503996874569142,NA,Norwegian,norwegian,C_lin
Kristoffersen::9493,0.16648218386172334,NA,Norwegian,norwegian,C_lin
Kristoffersen::9503,3.855475176547931,NA,Norwegian,norwegian,C_lin
Kristoffersen::9526,-0.7244752106294652,NA,Norwegian,norwegian,C_lin
Kristoffersen::9528,0.7619487906621888,NA,Norwegian,norwegian,C_lin
Kristoffersen::9529,-0.4225125405549646,NA,Norwegian,norwegian,C_lin
Kristoffersen::9549,-5.519108238803578,NA,Norwegian,norwegian,C_lin
Kristoffersen::9550,-0.37786333458959864,NA,Norwegian,norwegian,C_lin
Kristoffersen::9566,1.765058771027923,NA,Norwegian,norwegian,C_lin
Kristoffersen::9579,-1.2397532810586858,NA,Norwegian,norwegian,C_lin
Kristoffersen::9594,1.819839337877279,NA,Norwegian,norwegian,C_lin
Kristoffersen::9611,-0.9223399923076502,NA,Norwegian,norwegian,C_lin
Kristoffersen::9617,-2.543408984289747,NA,Norwegian,norwegian,C_lin
Kristoffersen::9643,-1.5218288554902275,NA,Norwegian,norwegian,C_lin
Kristoffersen::9648,4.970911830918141,NA,Norwegian,norwegian,C_lin
Kristoffersen::9659,1.7297316969686136,NA,Norwegian,norwegian,C_lin
Kristoffersen::967,-2.0593823428823224,NA,Norwegian,norwegian,C_lin
Kristoffersen::9672,1.7976559643246255,NA,Norwegian,norwegian,C_lin
Kristoffersen::9674,3.3292100916874188,NA,Norwegian,norwegian,C_lin
Kristoffersen::9676,0.5840649802401393,NA,Norwegian,norwegian,C_lin
Kristoffersen::9680,-1.60043640033537,NA,Norwegian,norwegian,C_lin
Kristoffersen::9683,2.1749997542799564,NA,Norwegian,norwegian,C_lin
Kristoffersen::9684,2.0012303282911286,NA,Norwegian,norwegian,C_lin
Kristoffersen::9688,-0.3650001562251329,NA,Norwegian,norwegian,C_lin
Kristoffersen::969,-1.5592750825234205,NA,Norwegian,norwegian,C_lin
Kristoffersen::9698,-1.2479928439879016,NA,Norwegian,norwegian,C_lin
Kristoffersen::9707,4.973586765610086,NA,Norwegian,norwegian,C_lin
Kristoffersen::9709,-3.2437093144626115,NA,Norwegian,norwegian,C_lin
Kristoffersen::9713,-1.096863926482254,NA,Norwegian,norwegian,C_lin
Kristoffersen::9717,1.3678645358293424,NA,Norwegian,norwegian,C_lin
Kristoffersen::9718,2.427164043482917,NA,Norwegian,norwegian,C_lin
Kristoffersen::9730,1.2181428084775117,NA,Norwegian,norwegian,C_lin
Kristoffersen::9731,-0.23699285583668717,NA,Norwegian,norwegian,C_lin
Kristoffersen::9734,1.9308655897159839,NA,Norwegian,norwegian,C_lin
Kristoffersen::9744,1.0438898206304974,NA,Norwegian,norwegian,C_lin
Kristoffersen::9746,-2.4663337951007946,NA,Norwegian,norwegian,C_lin
Kristoffersen::9747,1.6318045591799497,NA,Norwegian,norwegian,C_lin
Kristoffersen::9750,1.18219173628565,NA,Norwegian,norwegian,C_lin
Kristoffersen::9755,-0.14355741451551943,NA,Norwegian,norwegian,C_lin
Kristoffersen::9759,2.2243770956321067,NA,Norwegian,norwegian,C_lin
Kristoffersen::9761,-2.180421193809461,NA,Norwegian,norwegian,C_lin
Kristoffersen::9765,1.909805019850778,NA,Norwegian,norwegian,C_lin
Kristoffersen::9769,1.1770240907383804,NA,Norwegian,norwegian,C_lin
Kristoffersen::9779,-3.071234233298319,NA,Norwegian,norwegian,C_lin
Kristoffersen::9788,1.5082264056731949,NA,Norwegian,norwegian,C_lin
Kristoffersen::9797,-0.042533634639391756,NA,Norwegian,norwegian,C_lin
Kristoffersen::9798,-0.34030854828738266,NA,Norwegian,norwegian,C_lin
Kristoffersen::9803,-2.5587093478077603,NA,Norwegian,norwegian,C_lin
Kristoffersen::9806,1.242662695468126,NA,Norwegian,norwegian,C_lin
Kristoffersen::9813,1.1274733748507062,NA,Norwegian,norwegian,C_lin
Kristoffersen::9820,2.2385220329568734,NA,Norwegian,norwegian,C_lin
Kristoffersen::9821,1.3383615625073577,NA,Norwegian,norwegian,C_lin
Kristoffersen::9823,5.374722335700963,NA,Norwegian,norwegian,C_lin
Kristoffersen::9825,-1.202931075605085,NA,Norwegian,norwegian,C_lin
Kristoffersen::9828,1.1963137565920778,NA,Norwegian,norwegian,C_lin
Kristoffersen::9836,2.181577070683782,NA,Norwegian,norwegian,C_lin
Kristoffersen::9841,-1.4700828870335816,NA,Norwegian,norwegian,C_lin
Kristoffersen::9850,2.71484820701554,NA,Norwegian,norwegian,C_lin
Kristoffersen::9856,-0.5073798332919645,NA,Norwegian,norwegian,C_lin
Kristoffersen::9863,-0.8347304989534867,NA,Norwegian,norwegian,C_lin
Kristoffersen::9868,1.9718453296433456,NA,Norwegian,norwegian,C_lin
Kristoffersen::9871,-2.217491979293557,NA,Norwegian,norwegian,C_lin
Kristoffersen::9874,1.0745966401160136,NA,Norwegian,norwegian,C_lin
Kristoffersen::9883,0.22421420188295493,NA,Norwegian,norwegian,C_lin
Kristoffersen::9887,2.4705020881756967,NA,Norwegian,norwegian,C_lin
Kristoffersen::9888,-0.7346614037278815,NA,Norwegian,norwegian,C_lin
Kristoffersen::9889,-0.9848455582633644,NA,Norwegian,norwegian,C_lin
Kristoffersen::9897,-1.4343309118347223,NA,Norwegian,norwegian,C_lin
Kristoffersen::9899,-1.5711620742278982,NA,Norwegian,norwegian,C_lin
Kristoffersen::9908,0.4727344691464095,NA,Norwegian,norwegian,C_lin
Kristoffersen::9921,-2.291812123554811,NA,Norwegian,norwegian,C_lin
Kristoffersen::9929,-0.8325540007452734,NA,Norwegian,norwegian,C_lin
Kristoffersen::9939,-0.18495730258952248,NA,Norwegian,norwegian,C_lin
Kristoffersen::9941,1.3506339357988426,NA,Norwegian,norwegian,C_lin
Kristoffersen::9942,-1.8314147358410053,NA,Norwegian,norwegian,C_lin
Kristoffersen::9962,2.9830872669466757,NA,Norwegian,norwegian,C_lin
Kristoffersen::9972,1.4944698638880072,NA,Norwegian,norwegian,C_lin
Kristoffersen::9986,1.4870225066729128,NA,Norwegian,norwegian,C_lin
Kristoffersen::9988,1.534723480355132,NA,Norwegian,norwegian,C_lin
Kristoffersen::9990,1.4353320929082842,NA,Norwegian,norwegian,C_lin
Kristoffersen::9991,2.1615384489119647,NA,Norwegian,norwegian,C_lin
