child_id,intercept_blup,slope_blup,language,lang_slug,model
11202,2.689176726718571,0.23479723977630976,Norwegian,norwegian,D_lin
11203,0.7996825135131832,-0.08973964790796261,Norwegian,norwegian,D_lin
11204,-0.944042485422325,0.0414018048233327,Norwegian,norwegian,D_lin
11205,0.9063266322205065,0.037205523059972594,Norwegian,norwegian,D_lin
11206,2.0268139224876167,0.2786806996986934,Norwegian,norwegian,D_lin
11207,-0.04072652931769617,0.12851907903028623,Norwegian,norwegian,D_lin
11208,-1.1289336182386236,0.10075352144273465,Norwegian,norwegian,D_lin
11209,1.2700466459156754,0.25347703468446886,Norwegian,norwegian,D_lin
11210,1.2952452951280706,0.0665975959784342,Norwegian,norwegian,D_lin
11211,0.807089916426715,-0.021916839738866215,Norwegian,norwegian,D_lin
11212,1.0915568771677377,-0.06631668108082327,Norwegian,norwegian,D_lin
11213,0.08152616107840549,-0.06736758515155393,Norwegian,norwegian,D_lin
11214,-0.5278666536169184,-0.492165354571735,Norwegian,norwegian,D_lin
11215,-1.1657934690559684,0.001338044899316361,Norwegian,norwegian,D_lin
11216,0.2131071109234701,-0.09937983108502761,Norwegian,norwegian,D_lin
11217,-2.5736852908009293,-0.26674884941386745,Norwegian,norwegian,D_lin
11218,2.4566944682771923,0.04500673091581867,Norwegian,norwegian,D_lin
11219,-0.8374945087024349,0.07690733723538903,Norwegian,norwegian,D_lin
11220,1.61119465215267,0.15815299814450345,Norwegian,norwegian,D_lin
11221,-2.9091234527471634,-0.2104672878492952,Norwegian,norwegian,D_lin
11222,-0.5474848127789776,0.2497681463298827,Norwegian,norwegian,D_lin
11223,0.6938588481469348,0.09363361113336298,Norwegian,norwegian,D_lin
11224,-1.095446228356002,-0.0749560903976796,Norwegian,norwegian,D_lin
11225,2.252806276238236,0.04682246145656537,Norwegian,norwegian,D_lin
11226,2.6095599488613352,0.05157893261952309,Norwegian,norwegian,D_lin
11227,2.681980843986803,-0.2699914962991081,Norwegian,norwegian,D_lin
11228,0.45710836294787227,0.04807646502810521,Norwegian,norwegian,D_lin
11229,2.7293869740191368,-0.08626409860094672,Norwegian,norwegian,D_lin
11230,1.1916475117364054,0.09655196107732324,Norwegian,norwegian,D_lin
11231,-0.310379961740279,-0.19598159364043063,Norwegian,norwegian,D_lin
11232,-5.981475918630955,0.12812656724152685,Norwegian,norwegian,D_lin
11233,0.7837260836962628,-0.1206766491582933,Norwegian,norwegian,D_lin
11234,6.457677213534827,0.13384511322994486,Norwegian,norwegian,D_lin
11235,-2.0161381101401155,-0.03420845228639823,Norwegian,norwegian,D_lin
11236,2.45427345584379,0.12241282835558745,Norwegian,norwegian,D_lin
11237,-1.9307314444306725,0.25425689337361396,Norwegian,norwegian,D_lin
11238,0.33281872886183195,-0.21297738408062722,Norwegian,norwegian,D_lin
11239,-0.48757837210148214,0.0587833242891951,Norwegian,norwegian,D_lin
11240,0.1920985011102559,-0.13690881744313965,Norwegian,norwegian,D_lin
11241,-2.741786985873833,0.18947370380288675,Norwegian,norwegian,D_lin
11242,-1.891041113250238,-0.03808453561022983,Norwegian,norwegian,D_lin
11243,-3.3305956454191215,-0.15297061523061214,Norwegian,norwegian,D_lin
11244,-0.8003856802397804,-0.07467791581557495,Norwegian,norwegian,D_lin
11245,-0.004717577938442174,-0.1746558596583597,Norwegian,norwegian,D_lin
11246,-1.1091549823527316,0.09572028147040662,Norwegian,norwegian,D_lin
11247,-0.17420244448446515,0.17427466020343776,Norwegian,norwegian,D_lin
11248,-0.497291856985667,-0.14258986393209108,Norwegian,norwegian,D_lin
11249,1.4620059987879535,0.2849407316210324,Norwegian,norwegian,D_lin
11250,0.7818846995436184,-0.017468142608194036,Norwegian,norwegian,D_lin
11251,0.2460214647105576,0.032822167242894044,Norwegian,norwegian,D_lin
11252,1.8379097953469776,0.17527771284779944,Norwegian,norwegian,D_lin
11253,2.1736588656129987,-0.07419687413995772,Norwegian,norwegian,D_lin
11254,1.6881572057943646,0.009335797038869421,Norwegian,norwegian,D_lin
11255,1.8476002191370249,-0.04857070084566881,Norwegian,norwegian,D_lin
11256,-1.1024092255498783,-0.03368339894607992,Norwegian,norwegian,D_lin
11257,-3.623826334514366,0.13466927606909257,Norwegian,norwegian,D_lin
11258,1.8509203622446606,-0.08810453079324002,Norwegian,norwegian,D_lin
11259,-1.4440155567931894,-0.02883008872491052,Norwegian,norwegian,D_lin
11260,-0.7670738081668163,-0.0189794806258769,Norwegian,norwegian,D_lin
11261,1.388192382871995,-0.02958025035499142,Norwegian,norwegian,D_lin
11262,3.6604386939910545,0.35224403829000256,Norwegian,norwegian,D_lin
11263,0.442037463758022,0.12229567434396929,Norwegian,norwegian,D_lin
11264,0.15913676650481462,-0.0526819338980422,Norwegian,norwegian,D_lin
11265,-1.9542905566000728,-0.10957836948573291,Norwegian,norwegian,D_lin
11266,1.5174729766687867,0.030428016938384466,Norwegian,norwegian,D_lin
11267,-0.8537746597888405,-0.09954004705831217,Norwegian,norwegian,D_lin
11268,-0.6336121941007298,0.2585820490178765,Norwegian,norwegian,D_lin
11269,4.050690625861209,0.2095900909708458,Norwegian,norwegian,D_lin
11270,2.185999542313187,0.15112535037664337,Norwegian,norwegian,D_lin
11271,-0.3080192305309264,0.005875233879680286,Norwegian,norwegian,D_lin
11272,0.7074167316786333,-0.022774651968811496,Norwegian,norwegian,D_lin
11273,1.3747271420305949,0.09081794246638718,Norwegian,norwegian,D_lin
11274,-0.7908857934201553,0.043185924359173386,Norwegian,norwegian,D_lin
11275,-3.4749738240425954,-0.13243351123045966,Norwegian,norwegian,D_lin
11276,1.0402654982021131,0.13163979460336692,Norwegian,norwegian,D_lin
11277,1.318894204001146,0.14527646905350772,Norwegian,norwegian,D_lin
11278,-1.563345236450376,-0.155818574471537,Norwegian,norwegian,D_lin
11279,2.156035524966816,0.21593806886055167,Norwegian,norwegian,D_lin
11280,-1.7256432302169322,-0.31275682319312204,Norwegian,norwegian,D_lin
11281,-1.2862347076368315,-0.1356222462421237,Norwegian,norwegian,D_lin
11282,-2.017690435607791,-0.10861116811305115,Norwegian,norwegian,D_lin
11283,-2.764968531249984,-0.13074739316555756,Norwegian,norwegian,D_lin
11284,-0.9892265447963291,0.06712937662546338,Norwegian,norwegian,D_lin
11285,0.738179168662546,0.04013462941012426,Norwegian,norwegian,D_lin
11286,2.4447536638010816,0.04746369345543088,Norwegian,norwegian,D_lin
11287,1.5254953092600185,0.1701001787757708,Norwegian,norwegian,D_lin
11288,1.203235572124475,-0.15020093403210016,Norwegian,norwegian,D_lin
11289,1.1727309830004526,0.3083207166090039,Norwegian,norwegian,D_lin
11290,2.6657552278863936,-0.0030438129699986854,Norwegian,norwegian,D_lin
11291,0.6871115062534382,-0.008958311534960225,Norwegian,norwegian,D_lin
11292,2.023811656330448,0.10894069934066514,Norwegian,norwegian,D_lin
11293,0.06649758994686365,0.14208351253917761,Norwegian,norwegian,D_lin
11294,0.8546054126219202,0.2162769028312632,Norwegian,norwegian,D_lin
11295,1.2478159205449812,0.1600068914090698,Norwegian,norwegian,D_lin
11296,0.12052736416969839,-0.143212858875046,Norwegian,norwegian,D_lin
11297,0.46205641334390846,-0.12209041945786377,Norwegian,norwegian,D_lin
11298,0.12013251483881705,-0.05260053313938809,Norwegian,norwegian,D_lin
11299,0.32387955790081663,-0.2267763875885912,Norwegian,norwegian,D_lin
11300,0.5078143301678081,-0.15981977235330144,Norwegian,norwegian,D_lin
11301,1.6014707261545564,0.14256771665909607,Norwegian,norwegian,D_lin
11302,0.7694932840163733,0.037293358400721247,Norwegian,norwegian,D_lin
11303,-0.8866358943314252,0.1790817948253137,Norwegian,norwegian,D_lin
11304,1.320365324611791,0.07417861072619417,Norwegian,norwegian,D_lin
11305,-0.44115515217510504,0.06918712488891594,Norwegian,norwegian,D_lin
11306,-1.0543743842832953,-0.10774932449598962,Norwegian,norwegian,D_lin
11307,3.6279316065275524,0.12573676628572833,Norwegian,norwegian,D_lin
11308,0.37723950623250085,0.12199300119053494,Norwegian,norwegian,D_lin
11309,1.0931073530941346,-0.1461468101211321,Norwegian,norwegian,D_lin
11310,-1.3531697446292774,0.03595936430891005,Norwegian,norwegian,D_lin
11311,-2.0973432320751053,0.21672372698649847,Norwegian,norwegian,D_lin
11312,-1.41377545623348,-0.019321445960236095,Norwegian,norwegian,D_lin
11313,0.5236652511524506,0.08138328843323644,Norwegian,norwegian,D_lin
11314,0.22814977490312988,-0.09841955940560079,Norwegian,norwegian,D_lin
11315,1.0617480317539145,0.10849286851436785,Norwegian,norwegian,D_lin
11316,2.1972025419189225,0.2660963548977401,Norwegian,norwegian,D_lin
11317,-0.14549211041343588,0.06370788265367507,Norwegian,norwegian,D_lin
11318,-2.3063102576819303,0.30567734827778,Norwegian,norwegian,D_lin
11319,0.6206219276672831,-0.17968846661891502,Norwegian,norwegian,D_lin
11320,-1.1412132326484596,0.2177133550190113,Norwegian,norwegian,D_lin
11321,0.2544938075422229,-0.08339593736001577,Norwegian,norwegian,D_lin
11322,-0.19508670603402606,-0.08318416485809732,Norwegian,norwegian,D_lin
11323,-1.5060184676674604,0.023180125847194637,Norwegian,norwegian,D_lin
11324,-2.0194397800947543,0.04676224958459251,Norwegian,norwegian,D_lin
11325,2.6759162618830357,-0.038451068712463427,Norwegian,norwegian,D_lin
11326,-0.8255308051632207,-0.05063257016002551,Norwegian,norwegian,D_lin
11327,-1.1101389284260483,0.020228487858246012,Norwegian,norwegian,D_lin
11328,1.7126218382151246,0.009539698053424271,Norwegian,norwegian,D_lin
11329,-2.3839478124227105,-0.07823706244001062,Norwegian,norwegian,D_lin
11330,-2.1698217793748173,0.05818856626820745,Norwegian,norwegian,D_lin
11331,-5.638212079147471,0.15106155141172478,Norwegian,norwegian,D_lin
11332,-0.13126838258467236,0.16504849229221996,Norwegian,norwegian,D_lin
11333,0.5091510776741985,0.06937772119716888,Norwegian,norwegian,D_lin
11334,0.8323019967914931,-0.010949067965416049,Norwegian,norwegian,D_lin
11335,-0.5758025944714221,-0.027655075934349814,Norwegian,norwegian,D_lin
11336,-2.97398100765235,-0.03952588187067209,Norwegian,norwegian,D_lin
11337,-1.761608327939523,-0.03490545433587869,Norwegian,norwegian,D_lin
11338,2.535279509008141,0.05528665162457128,Norwegian,norwegian,D_lin
11339,-1.4887878036734488,0.05532380540279097,Norwegian,norwegian,D_lin
11340,1.7927818007088676,0.010119333427361373,Norwegian,norwegian,D_lin
11341,1.0929756974899008,0.4979167615283608,Norwegian,norwegian,D_lin
11342,0.2449299378660076,0.0546486308068453,Norwegian,norwegian,D_lin
11343,-0.5362871551152402,0.04905017714922896,Norwegian,norwegian,D_lin
11344,-2.2895603657532075,0.045414585981061906,Norwegian,norwegian,D_lin
11345,-2.6764587584115223,0.07371058112919049,Norwegian,norwegian,D_lin
11346,-3.260393584556543,-0.05373121906423608,Norwegian,norwegian,D_lin
11347,-0.45111432274110963,-0.08779682397640766,Norwegian,norwegian,D_lin
11348,-2.9914865408619034,-0.033165380446405365,Norwegian,norwegian,D_lin
11349,0.8562918088377544,0.056536992967163593,Norwegian,norwegian,D_lin
11350,-2.1910226198887788,0.09632034679335785,Norwegian,norwegian,D_lin
11351,-1.4501883005140106,0.09619012705014209,Norwegian,norwegian,D_lin
11352,-0.2908380068751204,0.05937225505284175,Norwegian,norwegian,D_lin
11353,-0.5312215419967293,0.0426862472136866,Norwegian,norwegian,D_lin
11354,2.4489692048196408,0.18117522950995707,Norwegian,norwegian,D_lin
11355,-1.7548229405325468,-0.10004776338229936,Norwegian,norwegian,D_lin
11356,0.37234238464509184,0.06547863181202562,Norwegian,norwegian,D_lin
11357,-1.0920643842895132,0.026095988085528425,Norwegian,norwegian,D_lin
11358,0.11664922432484866,0.05521245191816989,Norwegian,norwegian,D_lin
11359,-2.7404038806376136,-0.09376454254579716,Norwegian,norwegian,D_lin
11360,0.12090257937865377,-0.05480184244471457,Norwegian,norwegian,D_lin
11361,-5.714612002604714,-0.3099636182710801,Norwegian,norwegian,D_lin
11362,-2.29394949636704,0.082736242147606,Norwegian,norwegian,D_lin
11363,0.7392857839914945,-0.03594722649019351,Norwegian,norwegian,D_lin
11364,-0.8150755962865156,-0.11281965921264717,Norwegian,norwegian,D_lin
11365,-1.3438082736560084,0.014069965689497855,Norwegian,norwegian,D_lin
11366,-2.3099233019272076,-0.09245576511737533,Norwegian,norwegian,D_lin
11367,-3.835501535468127,-0.23413209501277055,Norwegian,norwegian,D_lin
11368,3.6707274182215155,0.41697387575101524,Norwegian,norwegian,D_lin
11369,1.5998007614094203,0.020789561304821774,Norwegian,norwegian,D_lin
11370,2.560886816642608,0.1558147568650698,Norwegian,norwegian,D_lin
11371,0.8332977499116146,-0.12787613746549217,Norwegian,norwegian,D_lin
11372,1.978187791204876,0.014580113265138368,Norwegian,norwegian,D_lin
11373,-0.8851853593452506,-0.18375392909697041,Norwegian,norwegian,D_lin
11374,-0.3721199489798394,0.24890655232645048,Norwegian,norwegian,D_lin
11375,-0.07042089179466728,0.05817011136888986,Norwegian,norwegian,D_lin
11376,-0.9648124364269819,-0.023583963874388856,Norwegian,norwegian,D_lin
11377,2.1146193250977925,-0.009462174087943784,Norwegian,norwegian,D_lin
11378,2.1926723300713906,-0.0106715586281168,Norwegian,norwegian,D_lin
11379,1.2371203321166484,-0.11187486694953508,Norwegian,norwegian,D_lin
11380,-0.6104817207602682,-0.22390418602865533,Norwegian,norwegian,D_lin
11381,0.8319784103170427,-0.11429057021209553,Norwegian,norwegian,D_lin
11382,-0.8822760607854363,0.037301696772398155,Norwegian,norwegian,D_lin
11383,3.3532187881935895,0.11103637788225931,Norwegian,norwegian,D_lin
11384,3.735971335258329,0.3520876033161016,Norwegian,norwegian,D_lin
11385,3.2050839306555305,0.39194559568434634,Norwegian,norwegian,D_lin
11386,-0.677290142171669,-0.01874119082795917,Norwegian,norwegian,D_lin
11387,-1.060420139890263,-0.15053612854540813,Norwegian,norwegian,D_lin
11388,0.19527849062968541,-0.03465922524381785,Norwegian,norwegian,D_lin
11389,0.3920945744918725,-0.03664522623564791,Norwegian,norwegian,D_lin
11390,-1.0244744060708315,-0.03181553934103172,Norwegian,norwegian,D_lin
11391,1.341118271898522,0.2088804399797283,Norwegian,norwegian,D_lin
11392,0.6074365293879274,9.542687345231726e-4,Norwegian,norwegian,D_lin
11393,-0.031896009949026395,0.11135700083222824,Norwegian,norwegian,D_lin
11394,-2.7225641357754533,-0.19663726654664512,Norwegian,norwegian,D_lin
11395,0.6533268459196983,0.09670228693444059,Norwegian,norwegian,D_lin
11396,-1.6153486735701594,-0.05652470076532483,Norwegian,norwegian,D_lin
11397,0.0657062036980029,0.0639818949523073,Norwegian,norwegian,D_lin
11398,1.2679499960149219,0.5215125954260552,Norwegian,norwegian,D_lin
11399,0.8848043543306672,0.34599407496120455,Norwegian,norwegian,D_lin
11400,2.8063120035915228,0.43492336873244547,Norwegian,norwegian,D_lin
11401,3.01350712378928,0.16924871574684058,Norwegian,norwegian,D_lin
11402,-3.696004741623901,-0.16180095457301208,Norwegian,norwegian,D_lin
11403,0.2792167740769457,0.062429541698618675,Norwegian,norwegian,D_lin
11404,-1.1852133887047782,0.24626154570847503,Norwegian,norwegian,D_lin
11405,2.1947450410584923,0.29858823148442437,Norwegian,norwegian,D_lin
11406,-1.6332668772865073,-0.0031269857281269672,Norwegian,norwegian,D_lin
11407,-0.7590384107780946,0.010721467431911528,Norwegian,norwegian,D_lin
11408,-0.3058675613905008,0.5426734544948775,Norwegian,norwegian,D_lin
11409,-0.8443817778992246,-0.03343016154274282,Norwegian,norwegian,D_lin
11410,0.5925436695673303,0.2283117651377608,Norwegian,norwegian,D_lin
11411,-2.4708685935512764,0.20000719815193857,Norwegian,norwegian,D_lin
11412,-0.9098871807260145,0.07333249064189397,Norwegian,norwegian,D_lin
11413,-1.054219489622203,0.0878821953237453,Norwegian,norwegian,D_lin
11414,1.4586047543649843,-0.1395769452281798,Norwegian,norwegian,D_lin
11415,0.4370310164356931,-0.028987230852595084,Norwegian,norwegian,D_lin
11416,0.5720209352581587,-0.0555244651017792,Norwegian,norwegian,D_lin
11417,-1.6201919003300318,0.0636037550074012,Norwegian,norwegian,D_lin
11418,-1.9658069470170527,0.12270961609554341,Norwegian,norwegian,D_lin
11419,-0.45925859874535974,-0.14507868314937036,Norwegian,norwegian,D_lin
11420,2.8939464068392886,0.11204120766252221,Norwegian,norwegian,D_lin
11421,2.5908095141936305,0.028406046186527756,Norwegian,norwegian,D_lin
11422,-0.1178333765064639,-0.12105859075889722,Norwegian,norwegian,D_lin
11423,0.6654289325624173,0.0570355533084606,Norwegian,norwegian,D_lin
11424,-4.044534766549324,0.06868896294624302,Norwegian,norwegian,D_lin
11425,0.2924962409254895,-0.2251402631707625,Norwegian,norwegian,D_lin
11426,-2.1971257763423067,-0.024589766072813365,Norwegian,norwegian,D_lin
11427,-3.46350944479406,-0.12223602726286936,Norwegian,norwegian,D_lin
11428,2.564322488437545,-0.04923406161762449,Norwegian,norwegian,D_lin
11429,0.22287147977771776,0.015102592981513101,Norwegian,norwegian,D_lin
11430,-2.0629999582114578,0.03779722316135098,Norwegian,norwegian,D_lin
11431,-2.2558032134234485,0.047797175538815004,Norwegian,norwegian,D_lin
11432,-1.225331712878317,-0.17558851055154737,Norwegian,norwegian,D_lin
11433,-0.2658850365636856,-0.06160461313818348,Norwegian,norwegian,D_lin
11434,1.0776214658507925,-0.01582920538042009,Norwegian,norwegian,D_lin
11435,-0.9686644871200145,-0.013543212995022268,Norwegian,norwegian,D_lin
11436,-1.8084485997749447,0.028646671784693413,Norwegian,norwegian,D_lin
11437,-1.5678388863582122,-0.03347443159297239,Norwegian,norwegian,D_lin
11438,0.7067124289777031,-0.03054727960281476,Norwegian,norwegian,D_lin
11439,1.2937272172491552,0.2310446782720574,Norwegian,norwegian,D_lin
11440,-0.12401976054822,-0.13193393327355937,Norwegian,norwegian,D_lin
11441,-0.8224618940385652,-0.04784254174465459,Norwegian,norwegian,D_lin
11442,-2.9800852788596406,-0.041183028773859945,Norwegian,norwegian,D_lin
11443,-3.140374512536574,0.19809610135432631,Norwegian,norwegian,D_lin
11444,-3.4796476097739943,0.019376450892433988,Norwegian,norwegian,D_lin
11445,0.7563896637710424,-0.0545602256447921,Norwegian,norwegian,D_lin
11446,0.025558807420770286,-0.010381496572849975,Norwegian,norwegian,D_lin
11447,-0.7783209800969115,-0.005830390673849953,Norwegian,norwegian,D_lin
11448,0.25001196518015273,0.24500061050015276,Norwegian,norwegian,D_lin
11449,2.3406132805920334,0.09493455154555783,Norwegian,norwegian,D_lin
11450,1.0285325911219365,-0.16413245139297516,Norwegian,norwegian,D_lin
11451,-1.0859022752462675,0.3921958529263268,Norwegian,norwegian,D_lin
11452,-0.8371658421549633,0.19373643515429112,Norwegian,norwegian,D_lin
11453,1.718439695673182,-0.029009102565855066,Norwegian,norwegian,D_lin
11454,-0.7555018185757967,0.12226210717648492,Norwegian,norwegian,D_lin
11455,1.1171611811585884,-0.013802530450309883,Norwegian,norwegian,D_lin
11456,0.5984527926642932,-0.25845778562852756,Norwegian,norwegian,D_lin
11457,-3.1702283498936583,-0.07928769011993919,Norwegian,norwegian,D_lin
11458,1.2201446146271127,-0.14987050722992865,Norwegian,norwegian,D_lin
11459,-0.596227560636877,0.2917196746112741,Norwegian,norwegian,D_lin
11460,3.790500663581971,-0.006250266324107162,Norwegian,norwegian,D_lin
11461,-0.02552857814661627,0.28986758504943866,Norwegian,norwegian,D_lin
11462,1.5267952989032612,-0.26998492867805435,Norwegian,norwegian,D_lin
11463,-5.836548439182886,-0.15932941860628363,Norwegian,norwegian,D_lin
11464,1.598982662606192,0.045522393337607825,Norwegian,norwegian,D_lin
11465,1.0302856570307093,0.03145745990220637,Norwegian,norwegian,D_lin
11466,1.0004728598793053,0.16771305267512868,Norwegian,norwegian,D_lin
11467,0.29114631847302913,0.15303309386701788,Norwegian,norwegian,D_lin
11468,-2.534372803593748,0.08862939194118832,Norwegian,norwegian,D_lin
11469,-0.5202619121223904,-0.031228418804382128,Norwegian,norwegian,D_lin
11470,-1.9131721214364086,-0.10020127991062258,Norwegian,norwegian,D_lin
11471,5.035111523626636,0.5285894195692453,Norwegian,norwegian,D_lin
11472,2.0465865915371197,0.31280076574339,Norwegian,norwegian,D_lin
11473,-0.46093472493149923,0.07206361308235665,Norwegian,norwegian,D_lin
11474,-0.5041199659846605,-0.185743699779769,Norwegian,norwegian,D_lin
11475,-0.051540436266660675,0.035417003359740455,Norwegian,norwegian,D_lin
11476,0.7963960095965222,-0.052129718762047,Norwegian,norwegian,D_lin
11477,-1.321480707096052,-0.20257489330834955,Norwegian,norwegian,D_lin
11478,-0.599689506537229,0.19002143952071895,Norwegian,norwegian,D_lin
11479,1.0141112015386908,0.19226581599660617,Norwegian,norwegian,D_lin
11480,0.26262472625356414,0.035195209662850786,Norwegian,norwegian,D_lin
11481,2.8655102043905636,0.14317882267298607,Norwegian,norwegian,D_lin
11482,4.8721719509714205,0.481571742412591,Norwegian,norwegian,D_lin
11483,-2.041546226576776,-0.05612013425655414,Norwegian,norwegian,D_lin
11484,0.0028028951145655707,0.17684680353550464,Norwegian,norwegian,D_lin
11485,-0.9016402529229148,0.20002615219598247,Norwegian,norwegian,D_lin
11486,5.751857287761168,0.6396375906131595,Norwegian,norwegian,D_lin
11487,-0.4483268372709794,-0.15468913690645095,Norwegian,norwegian,D_lin
11488,1.8780968018048554,0.20701703073783345,Norwegian,norwegian,D_lin
11489,0.06381142193675324,-0.04639857222637117,Norwegian,norwegian,D_lin
11490,0.31510387195763107,-0.06088814553126281,Norwegian,norwegian,D_lin
11491,-2.5022632579760686,0.023307302010095187,Norwegian,norwegian,D_lin
11492,2.887901440033022,0.22849737276016513,Norwegian,norwegian,D_lin
11493,-5.4451197774724935,-0.08556169249180141,Norwegian,norwegian,D_lin
11494,2.2973045054300534,0.3362546540965048,Norwegian,norwegian,D_lin
11495,-2.6344042710388544,-0.21324861611303964,Norwegian,norwegian,D_lin
11496,2.146649907369678,-0.08905953696119277,Norwegian,norwegian,D_lin
11497,-0.4845712624772123,0.0791094455979163,Norwegian,norwegian,D_lin
11498,1.4140055214004237,-0.1570787474167774,Norwegian,norwegian,D_lin
11499,-1.8104342272473162,0.12167832329908339,Norwegian,norwegian,D_lin
11500,2.2290166890006358,0.03688202218567837,Norwegian,norwegian,D_lin
11501,2.775681275799692,-0.14743814515857206,Norwegian,norwegian,D_lin
11502,-1.2676309139940778,0.13518530271456106,Norwegian,norwegian,D_lin
11503,-1.3720802525774691,0.06430395236578568,Norwegian,norwegian,D_lin
11504,-1.1250262365059487,-0.04419157234994071,Norwegian,norwegian,D_lin
11505,-0.8421279486432115,-0.0037885227938365598,Norwegian,norwegian,D_lin
11507,-0.7279172204076403,-0.2506749188021929,Norwegian,norwegian,D_lin
11510,-0.06337675868710599,0.0875606653100674,Norwegian,norwegian,D_lin
11513,0.4150052782077681,0.15349689562415048,Norwegian,norwegian,D_lin
11514,0.13367875750549585,0.02353348130214047,Norwegian,norwegian,D_lin
11515,1.3564602256610592,0.5929207200040769,Norwegian,norwegian,D_lin
11518,-2.29077773007742,-0.11103139841180873,Norwegian,norwegian,D_lin
11519,0.14900784038833415,-0.05795740761217977,Norwegian,norwegian,D_lin
11520,3.238335871141767,0.004672769783004765,Norwegian,norwegian,D_lin
11522,1.912616412435482,0.2181117902483742,Norwegian,norwegian,D_lin
11524,1.8725134166430364,0.19285125796888974,Norwegian,norwegian,D_lin
11526,2.31612623821136,0.08852306922885433,Norwegian,norwegian,D_lin
11527,1.4046221226621445,0.34605758042028467,Norwegian,norwegian,D_lin
11528,-0.6911635654742381,-0.17332732275432844,Norwegian,norwegian,D_lin
11529,-4.138442523220123,-0.23379080859445187,Norwegian,norwegian,D_lin
11530,-2.9112429336113292,-0.5653885640265393,Norwegian,norwegian,D_lin
11533,-2.273779875003035,-0.06732203662721821,Norwegian,norwegian,D_lin
11535,1.2723594284661315,0.4034620947242321,Norwegian,norwegian,D_lin
11536,0.13654236642408768,-0.18460638393787118,Norwegian,norwegian,D_lin
11539,-2.209574233339116,0.055860828972340806,Norwegian,norwegian,D_lin
11541,-0.2767551352689162,-0.006817617493430138,Norwegian,norwegian,D_lin
11543,-1.0242874862382974,0.02230898639373695,Norwegian,norwegian,D_lin
11545,-1.3863326155231808,0.024204887934261104,Norwegian,norwegian,D_lin
11546,1.8384818805276404,0.013899891846816396,Norwegian,norwegian,D_lin
11550,-0.951991616290306,-0.20436328782454527,Norwegian,norwegian,D_lin
11554,-2.8428532838272873,-0.13803458647696826,Norwegian,norwegian,D_lin
11560,2.274207277421874,0.153047188067766,Norwegian,norwegian,D_lin
11561,5.128763796466149,-0.12485884585358349,Norwegian,norwegian,D_lin
11563,0.10861706845513859,0.1836320538396614,Norwegian,norwegian,D_lin
11566,-1.2164188631142436,0.004648730726063489,Norwegian,norwegian,D_lin
11569,1.887957892574647,-0.10328515292470528,Norwegian,norwegian,D_lin
11570,3.5479873952348226,0.361025102521776,Norwegian,norwegian,D_lin
11573,1.7454658104899488,-0.10504852477614274,Norwegian,norwegian,D_lin
11574,-1.6105640369377714,-0.1328829504032708,Norwegian,norwegian,D_lin
11575,0.7732337807225075,0.3064861062274846,Norwegian,norwegian,D_lin
11576,3.095539464336483,0.5686650755124169,Norwegian,norwegian,D_lin
11580,-0.2358677430199761,-0.31651891374586344,Norwegian,norwegian,D_lin
11581,-2.895651154086583,-0.1761491911567705,Norwegian,norwegian,D_lin
11582,0.9932682378496482,-0.022526144380998907,Norwegian,norwegian,D_lin
11583,1.7309039482810709,-0.04981222450721568,Norwegian,norwegian,D_lin
11585,2.81790202577046,0.3784245946942959,Norwegian,norwegian,D_lin
11586,0.09930129771748213,-0.07842192369941763,Norwegian,norwegian,D_lin
11587,1.2300039731592554,-0.11739354143482109,Norwegian,norwegian,D_lin
11588,-1.0649117553791612,-0.19314198012639006,Norwegian,norwegian,D_lin
11589,-2.4031305006978627,-0.1004381290775598,Norwegian,norwegian,D_lin
11591,0.9565822195115773,0.33230327382502306,Norwegian,norwegian,D_lin
11592,4.606833052427567,0.7608335026428733,Norwegian,norwegian,D_lin
11594,-0.25881076693342214,-0.09380189455027613,Norwegian,norwegian,D_lin
11595,1.296775006343963,-0.1267706747801035,Norwegian,norwegian,D_lin
11596,-0.45381053410967165,0.06713758016596005,Norwegian,norwegian,D_lin
11597,-0.19450499182661016,-0.06006604755054086,Norwegian,norwegian,D_lin
11598,3.6392933174050284,0.20291222034166992,Norwegian,norwegian,D_lin
11602,-1.1423356239939684,0.0697594952256205,Norwegian,norwegian,D_lin
11605,-0.02803643088940215,-0.14969552616557658,Norwegian,norwegian,D_lin
11606,-2.253996817272812,0.11080423706509297,Norwegian,norwegian,D_lin
11607,-4.114876192676176,0.06602321060133097,Norwegian,norwegian,D_lin
11608,-0.540627015285458,0.23033456779814912,Norwegian,norwegian,D_lin
11610,-1.3942610656135117,-1.1856604209534543,Norwegian,norwegian,D_lin
11611,-0.36920874465711545,-0.010859575740977363,Norwegian,norwegian,D_lin
11612,0.21793863140744538,0.08237884730088095,Norwegian,norwegian,D_lin
11615,-1.915734803710504,-0.7873611949692136,Norwegian,norwegian,D_lin
11618,0.22908390916156193,0.5222419201739654,Norwegian,norwegian,D_lin
11620,-2.588844403391456,-0.3087345515691998,Norwegian,norwegian,D_lin
11621,1.9773039873788323,-0.09471681004517676,Norwegian,norwegian,D_lin
11622,1.262457785189346,0.09507747549412357,Norwegian,norwegian,D_lin
11623,0.15052011050184605,0.13054409353207513,Norwegian,norwegian,D_lin
11630,-1.1160278424104835,0.055520195372624474,Norwegian,norwegian,D_lin
11631,-0.4171237900099347,-0.043251913731910584,Norwegian,norwegian,D_lin
11632,-0.9112065939635874,0.1612344157030847,Norwegian,norwegian,D_lin
11634,-1.4199773229159622,-0.34413258523331125,Norwegian,norwegian,D_lin
11635,0.4925756339692908,-0.12618835874832732,Norwegian,norwegian,D_lin
11638,-0.5863723138832735,0.0852702780101067,Norwegian,norwegian,D_lin
11640,0.9977670635885717,-0.11716790969949618,Norwegian,norwegian,D_lin
11641,-1.181776973995489,-0.118029316153138,Norwegian,norwegian,D_lin
11643,-3.7838938012385834,0.03799080995579079,Norwegian,norwegian,D_lin
11644,2.1992354617422234,0.2411920077359532,Norwegian,norwegian,D_lin
11651,1.296110296709701,0.023125733045681784,Norwegian,norwegian,D_lin
11652,3.475151475130619,0.05393678057667507,Norwegian,norwegian,D_lin
11653,1.5068630681212172,0.09455160674347782,Norwegian,norwegian,D_lin
11655,0.07387994676923676,0.11860507653630213,Norwegian,norwegian,D_lin
11656,1.05931239441849,0.2614024876713798,Norwegian,norwegian,D_lin
11661,4.037319552252294,0.39004792981964076,Norwegian,norwegian,D_lin
11662,-3.0613391354703503,0.04062600720844411,Norwegian,norwegian,D_lin
11666,0.6588265391640379,0.04674054432248197,Norwegian,norwegian,D_lin
11668,0.06340582920358047,-0.4303749721552753,Norwegian,norwegian,D_lin
11669,-2.033804885587994,0.11923980465291792,Norwegian,norwegian,D_lin
11670,2.447993986414757,-0.2222894447918181,Norwegian,norwegian,D_lin
11671,-1.2085966518647662,-0.2345080769952551,Norwegian,norwegian,D_lin
11672,-1.1067411105202913,0.12213758629661674,Norwegian,norwegian,D_lin
11673,-0.8264500581066471,-0.001063993186248547,Norwegian,norwegian,D_lin
11675,2.442653741442808,0.12215109211365029,Norwegian,norwegian,D_lin
11676,2.0992251329506266,0.02091221232876008,Norwegian,norwegian,D_lin
11677,-1.5827400176337165,-0.03914214647099407,Norwegian,norwegian,D_lin
11678,0.6105108387434408,-0.10621066740997856,Norwegian,norwegian,D_lin
11682,1.0378667882777075,0.0699300127486671,Norwegian,norwegian,D_lin
11683,0.4424653929054611,0.2176739327219783,Norwegian,norwegian,D_lin
11690,5.541464419620759,0.5776591655596467,Norwegian,norwegian,D_lin
11691,-1.9829714371943183,-0.31620089824472053,Norwegian,norwegian,D_lin
11693,2.704172285294077,0.02465939496297869,Norwegian,norwegian,D_lin
11694,2.9727340909346758,0.11913095830261031,Norwegian,norwegian,D_lin
11697,-2.0642812125487664,-0.09903377858778917,Norwegian,norwegian,D_lin
11699,0.44580280023568086,-0.018595414210092098,Norwegian,norwegian,D_lin
11700,-7.248231906171771,-0.2719293878934639,Norwegian,norwegian,D_lin
11701,1.3297552288944268,-0.16818099005062817,Norwegian,norwegian,D_lin
11702,1.6576206967421436,0.032132523721111306,Norwegian,norwegian,D_lin
11703,-0.8876629271624478,-0.08339277776275308,Norwegian,norwegian,D_lin
11705,-2.554907914091864,0.219271124418565,Norwegian,norwegian,D_lin
11706,-2.1030231694247146,0.0427976194231075,Norwegian,norwegian,D_lin
11708,1.9500254836936808,0.040145185123034444,Norwegian,norwegian,D_lin
11710,1.247498797996464,-0.11018641275979243,Norwegian,norwegian,D_lin
11713,1.587460351208537,0.2528671540749932,Norwegian,norwegian,D_lin
11714,-3.1271044906550927,0.05190426244198962,Norwegian,norwegian,D_lin
11716,-0.5403304145516479,0.03840961835919182,Norwegian,norwegian,D_lin
11720,3.2947095722132596,0.6108508360947364,Norwegian,norwegian,D_lin
11724,0.9046878554952688,0.05450065044202847,Norwegian,norwegian,D_lin
11728,1.4397504608719718,0.3184031742955081,Norwegian,norwegian,D_lin
11729,1.9951139768195332,0.21762540989191834,Norwegian,norwegian,D_lin
11731,0.26624608814596523,0.3165295520136338,Norwegian,norwegian,D_lin
11733,-0.564411457322557,0.025718867029438184,Norwegian,norwegian,D_lin
11734,0.5051096953441361,-0.1305505108086132,Norwegian,norwegian,D_lin
11735,-4.8203325881493,-0.42646447767104273,Norwegian,norwegian,D_lin
11741,-0.3184647385364629,0.5173621005577357,Norwegian,norwegian,D_lin
11743,1.8733398154489975,-0.06308355746618774,Norwegian,norwegian,D_lin
11744,-1.5002770093188194,-0.5164788167299146,Norwegian,norwegian,D_lin
11746,-3.1146342373764058,-0.277160075608896,Norwegian,norwegian,D_lin
11747,1.2737708594825021,0.40468848690377496,Norwegian,norwegian,D_lin
11748,4.197906441474789,0.6508153960207028,Norwegian,norwegian,D_lin
11750,0.13393908054319092,0.18959661293030516,Norwegian,norwegian,D_lin
11756,-3.832066342051734,-0.09254388136367722,Norwegian,norwegian,D_lin
11757,-5.599531976950432,-0.28146175464358764,Norwegian,norwegian,D_lin
11762,-2.8891428235091743,-0.15917926520953393,Norwegian,norwegian,D_lin
11763,0.5200244017951218,0.34849054918904354,Norwegian,norwegian,D_lin
11766,-1.6425898391228535,-0.39537152642906465,Norwegian,norwegian,D_lin
11767,-1.7061145056340339,-0.08691601687879405,Norwegian,norwegian,D_lin
11768,0.5406649242225565,-0.1412533859350217,Norwegian,norwegian,D_lin
11774,-0.004894825820143815,0.31684359363052855,Norwegian,norwegian,D_lin
11775,1.2635887265381263,0.3902126607426633,Norwegian,norwegian,D_lin
11776,-1.02303018086005,0.03388063262457921,Norwegian,norwegian,D_lin
11777,1.611456991037441,0.17157705631557915,Norwegian,norwegian,D_lin
11778,2.280559601546644,-0.29569966278904614,Norwegian,norwegian,D_lin
11782,-1.3573447299577768,-0.004234989681757572,Norwegian,norwegian,D_lin
11785,-1.575063596553522,0.1600862195113606,Norwegian,norwegian,D_lin
11789,-0.5165836847365395,-0.06735625585074817,Norwegian,norwegian,D_lin
11791,0.3488544096900791,-0.18090393923737189,Norwegian,norwegian,D_lin
11796,0.9220853093522448,0.2100932785206938,Norwegian,norwegian,D_lin
11797,3.2511109007643944,0.2656662554089516,Norwegian,norwegian,D_lin
11798,0.24610995640328057,-0.20780423320099067,Norwegian,norwegian,D_lin
11799,1.482705418636395,-0.44591794022734793,Norwegian,norwegian,D_lin
11801,1.880145057104839,0.12133104686841559,Norwegian,norwegian,D_lin
11802,-1.5254912181114197,0.022491303373846028,Norwegian,norwegian,D_lin
11803,0.6226907614369516,0.31666873227124737,Norwegian,norwegian,D_lin
11808,3.0679043289326784,-0.20391259623255742,Norwegian,norwegian,D_lin
11813,-1.1016035407286906,-0.08379107010746477,Norwegian,norwegian,D_lin
11814,0.5748376206946074,-0.03610353076467061,Norwegian,norwegian,D_lin
11815,-0.5023313456621044,0.03600831305794252,Norwegian,norwegian,D_lin
11823,-5.336501119745147,-0.08010859449485264,Norwegian,norwegian,D_lin
11824,-0.5286801008300814,0.003409777274337435,Norwegian,norwegian,D_lin
11826,1.8260921958679344,0.04272198183509456,Norwegian,norwegian,D_lin
11833,1.652348296714916,-0.02620947205223235,Norwegian,norwegian,D_lin
11836,-1.0251420938815754,0.1183988163112902,Norwegian,norwegian,D_lin
11837,-2.9538197818311525,-0.21054582232587263,Norwegian,norwegian,D_lin
11844,-2.2748540607325753,-0.21588066087167224,Norwegian,norwegian,D_lin
11845,4.202148182557716,-0.20533654476603075,Norwegian,norwegian,D_lin
11849,2.250000573955033,0.20319348362346107,Norwegian,norwegian,D_lin
11853,1.718928920072697,5.764552788982275e-4,Norwegian,norwegian,D_lin
11855,3.1208113038269447,-0.24034197974858962,Norwegian,norwegian,D_lin
11856,0.5778738281007959,0.04113176543104144,Norwegian,norwegian,D_lin
11858,-1.7814494683599276,0.009307307213209652,Norwegian,norwegian,D_lin
11859,2.4058765612842894,0.08560195468271983,Norwegian,norwegian,D_lin
11860,1.578954768387573,-0.09148820808393053,Norwegian,norwegian,D_lin
11861,-0.512820253362016,0.06570526160269297,Norwegian,norwegian,D_lin
11865,-1.4046642719961309,0.43949748285218415,Norwegian,norwegian,D_lin
11868,4.263419364989216,-0.13764147956523934,Norwegian,norwegian,D_lin
11869,-3.767536816323149,-0.11192589488823654,Norwegian,norwegian,D_lin
11871,-1.2255489234029193,-0.17672430214128232,Norwegian,norwegian,D_lin
11873,1.4074550834834416,0.09319914036143488,Norwegian,norwegian,D_lin
11874,1.4507260649940827,-0.40427094006011244,Norwegian,norwegian,D_lin
11879,-0.8278297049690952,0.14739770555705484,Norwegian,norwegian,D_lin
11880,4.320587137237474,0.6430208254592448,Norwegian,norwegian,D_lin
11885,1.0683982139545214,-0.2307404162765091,Norwegian,norwegian,D_lin
11886,-2.6321660856317752,-0.07418611533908064,Norwegian,norwegian,D_lin
11887,1.627492538158169,0.04607505783560645,Norwegian,norwegian,D_lin
11888,1.4014397101135962,0.1601867754581652,Norwegian,norwegian,D_lin
11890,-0.15716550619779723,-0.12623230985383957,Norwegian,norwegian,D_lin
11892,3.371517418097836,0.24041491675765714,Norwegian,norwegian,D_lin
11893,-2.5580286699352324,-0.10990855295835314,Norwegian,norwegian,D_lin
11895,1.2233100218692614,-0.17519483692239163,Norwegian,norwegian,D_lin
11897,0.3600445919330143,-0.20306642694796942,Norwegian,norwegian,D_lin
11901,0.7656606301151642,-0.22378203752473563,Norwegian,norwegian,D_lin
11905,1.1181172372803048,0.33062244425035386,Norwegian,norwegian,D_lin
11906,-0.49388603409459136,-0.012694486100684299,Norwegian,norwegian,D_lin
11908,-2.815907231458344,0.010000923850036047,Norwegian,norwegian,D_lin
11910,1.5964479384348205,0.1868607721939309,Norwegian,norwegian,D_lin
11915,1.7745157499668225,-0.1075276192755408,Norwegian,norwegian,D_lin
11916,1.6028887008115662,0.12987260699772019,Norwegian,norwegian,D_lin
11917,5.561482387331845,0.032498695008927325,Norwegian,norwegian,D_lin
11918,-1.4073833261195188,-0.07191208407619551,Norwegian,norwegian,D_lin
11920,1.1187394539762092,0.01907631538495761,Norwegian,norwegian,D_lin
11922,1.990028162872782,-0.135402651003259,Norwegian,norwegian,D_lin
11923,-1.7533123642043156,-0.06022566904831747,Norwegian,norwegian,D_lin
11927,2.6357143803821326,-0.0060373407364964875,Norwegian,norwegian,D_lin
11928,-0.6732209420458197,-0.11975393192409527,Norwegian,norwegian,D_lin
11929,-1.2892279426421658,0.13506176366628514,Norwegian,norwegian,D_lin
11931,2.4513152920329713,0.1935578126161706,Norwegian,norwegian,D_lin
11933,-2.224733631161756,-0.16272919162308044,Norwegian,norwegian,D_lin
11935,0.9775879181184485,-0.0037588447561752603,Norwegian,norwegian,D_lin
11938,0.41273974409963,0.1459899504698535,Norwegian,norwegian,D_lin
11939,3.1419779242539874,0.16536929002137926,Norwegian,norwegian,D_lin
11940,-0.9119379763324081,-0.06982543326221463,Norwegian,norwegian,D_lin
11941,-0.957813317394726,-0.11828038060780076,Norwegian,norwegian,D_lin
11943,-1.5013477853060728,-0.10105862277288241,Norwegian,norwegian,D_lin
11944,-1.745964269022008,-0.01947175733352711,Norwegian,norwegian,D_lin
11946,1.499145956995074,0.424679592480187,Norwegian,norwegian,D_lin
11953,-2.4831195418354097,-0.199712877324098,Norwegian,norwegian,D_lin
11955,-0.9470249602045129,-0.13118748321417528,Norwegian,norwegian,D_lin
11959,2.6325369278095176,0.5690120200308697,Norwegian,norwegian,D_lin
11960,-2.2441895844958384,-0.1118758806693686,Norwegian,norwegian,D_lin
11964,2.5118702985329606,-0.11092042010378649,Norwegian,norwegian,D_lin
11966,1.4493568867066342,0.013151900196634661,Norwegian,norwegian,D_lin
11969,1.3848255116888686,-0.0067876486444516885,Norwegian,norwegian,D_lin
11970,1.7999584458975482,0.11829087057863788,Norwegian,norwegian,D_lin
11971,2.6315595750737963,0.7605864284283284,Norwegian,norwegian,D_lin
11972,7.033892821404552,1.6036508417941686,Norwegian,norwegian,D_lin
11976,1.1239854825851927,0.4139589337118515,Norwegian,norwegian,D_lin
11981,0.6601884938708245,-0.29424452727329026,Norwegian,norwegian,D_lin
11982,0.5562684877802422,0.15273730901595137,Norwegian,norwegian,D_lin
11983,1.404143324908834,0.02882918338618622,Norwegian,norwegian,D_lin
11984,-2.024099893037559,-0.28090875330297566,Norwegian,norwegian,D_lin
11985,1.945298795622825,-0.03690115032417789,Norwegian,norwegian,D_lin
11988,2.722427747185058,0.25766446336708454,Norwegian,norwegian,D_lin
11989,-0.2257767698108134,-0.0990684374296308,Norwegian,norwegian,D_lin
11991,3.1763894160711086,-0.3294474569189706,Norwegian,norwegian,D_lin
11993,4.101431987309622,0.5693233913758704,Norwegian,norwegian,D_lin
11996,-2.3401918346393766,-0.18448008993941808,Norwegian,norwegian,D_lin
11998,-0.8869709662907787,0.18269741881837817,Norwegian,norwegian,D_lin
11999,1.8692338657377234,0.12562683408729772,Norwegian,norwegian,D_lin
12000,-1.979410614583182,-0.09611640694785077,Norwegian,norwegian,D_lin
12001,7.442216056042001,1.0625668720647852,Norwegian,norwegian,D_lin
12003,-1.4722704212836282,0.11912217865107286,Norwegian,norwegian,D_lin
12005,-2.5827999894158653,-0.38446603171911886,Norwegian,norwegian,D_lin
12010,-0.5525496353148776,-0.1816476907494572,Norwegian,norwegian,D_lin
12012,-0.34286344886020975,-0.07376748562699548,Norwegian,norwegian,D_lin
12013,-0.4755309733615457,0.11837256174892187,Norwegian,norwegian,D_lin
12017,-2.35974375762569,-0.17760493277348482,Norwegian,norwegian,D_lin
12020,1.6380802015690705,0.10562607240998832,Norwegian,norwegian,D_lin
12024,0.4524135102938389,-0.1837166396941319,Norwegian,norwegian,D_lin
12027,0.6708477193665932,0.12402251080387298,Norwegian,norwegian,D_lin
12030,-2.6266625542998288,0.05617319871646753,Norwegian,norwegian,D_lin
12034,1.374550274819228,0.5073820001222704,Norwegian,norwegian,D_lin
12036,0.13213115414713675,-0.13970539671902693,Norwegian,norwegian,D_lin
12038,1.797132860404531,-0.16566863894656395,Norwegian,norwegian,D_lin
12039,-0.7303320904749327,-4.101796085093836e-4,Norwegian,norwegian,D_lin
12040,2.3308782921299636,-0.0369698928769223,Norwegian,norwegian,D_lin
12043,1.0983977234195488,-0.3121111950346156,Norwegian,norwegian,D_lin
12047,1.9743713474665843,-0.08530749951523246,Norwegian,norwegian,D_lin
12048,1.1619802426145127,0.18767609553943534,Norwegian,norwegian,D_lin
12055,0.4650875223199401,-0.060647221690943935,Norwegian,norwegian,D_lin
12056,2.6127995533578074,0.4583889710945255,Norwegian,norwegian,D_lin
12057,-0.9330106220507698,0.519356664420355,Norwegian,norwegian,D_lin
12058,-1.0503294055243197,0.2827115305811571,Norwegian,norwegian,D_lin
12060,1.4550074038613436,-0.17948382358753423,Norwegian,norwegian,D_lin
12064,2.45402274482384,0.036898145731301034,Norwegian,norwegian,D_lin
12066,0.47535147125748856,0.1133454846506534,Norwegian,norwegian,D_lin
12070,-0.5865705633348803,0.13204409476911796,Norwegian,norwegian,D_lin
12071,0.815758638167252,0.16974470211109596,Norwegian,norwegian,D_lin
12075,-1.2858924976956918,0.12168811464565725,Norwegian,norwegian,D_lin
12076,2.901093068251012,0.09109434680955572,Norwegian,norwegian,D_lin
12077,-2.183596012336622,-0.04393843097730092,Norwegian,norwegian,D_lin
12078,-3.5245019377529743,-0.14011900515558642,Norwegian,norwegian,D_lin
12079,1.896819822687738,0.06571115267359985,Norwegian,norwegian,D_lin
12083,0.7961678963329543,-0.17770582013660388,Norwegian,norwegian,D_lin
12084,3.4984387808053334,-0.3040418400763627,Norwegian,norwegian,D_lin
12087,-1.13271598006954,-0.08989315521919045,Norwegian,norwegian,D_lin
12098,-1.6871990249728444,-0.1140845974869625,Norwegian,norwegian,D_lin
12101,1.2685176254464732,-0.04688542796817688,Norwegian,norwegian,D_lin
12102,1.9474540735872177,-0.008142362642028736,Norwegian,norwegian,D_lin
12103,3.297336956232222,0.03937371341024683,Norwegian,norwegian,D_lin
12104,2.650816324837978,0.17780908209365281,Norwegian,norwegian,D_lin
12105,-0.71922012551548,0.05504995351071468,Norwegian,norwegian,D_lin
12108,-0.9668918824441675,-0.12135404745313415,Norwegian,norwegian,D_lin
12110,2.8919209721169485,0.24125457636522446,Norwegian,norwegian,D_lin
12111,0.21691249982823343,0.1223999217866623,Norwegian,norwegian,D_lin
12114,1.947810488500104,0.3910966297563956,Norwegian,norwegian,D_lin
12115,-1.6772680760320593,-0.023827173438965482,Norwegian,norwegian,D_lin
12117,-3.058503810545507,-1.0803864535101209,Norwegian,norwegian,D_lin
12119,2.014175745280848,-0.14988679752269654,Norwegian,norwegian,D_lin
12121,2.6308098958257573,-0.09581902210246644,Norwegian,norwegian,D_lin
12122,-5.0696269987960285,0.26274412764190413,Norwegian,norwegian,D_lin
12123,0.12670859886229754,0.15744829290562057,Norwegian,norwegian,D_lin
12126,1.7359140776818305,-0.11182406418663618,Norwegian,norwegian,D_lin
12130,1.111970448431148,0.1381627110152922,Norwegian,norwegian,D_lin
12131,-0.25203432255585934,-0.0911539440868576,Norwegian,norwegian,D_lin
12134,-5.047302633018208,0.18904534075782745,Norwegian,norwegian,D_lin
12135,-0.1693240751653911,0.22211108831078127,Norwegian,norwegian,D_lin
12136,0.4195291714046883,0.0479611642188451,Norwegian,norwegian,D_lin
12139,0.8691748768000589,-0.06223542108446276,Norwegian,norwegian,D_lin
12140,-0.45179442867599673,0.08456401870975756,Norwegian,norwegian,D_lin
12142,-1.0206543746336605,-0.32954523084187193,Norwegian,norwegian,D_lin
12143,0.8333414858015348,-0.09494624440322531,Norwegian,norwegian,D_lin
12144,0.3111815268830025,0.05143691518498284,Norwegian,norwegian,D_lin
12145,-0.28625733770583034,0.12209809524594867,Norwegian,norwegian,D_lin
12146,2.2952114471171097,0.557819299367834,Norwegian,norwegian,D_lin
12147,0.8694876584123661,-0.1563694698284174,Norwegian,norwegian,D_lin
12148,-0.8899542477562493,0.33215333040369344,Norwegian,norwegian,D_lin
12149,-0.14196012324472354,-0.2511131883488137,Norwegian,norwegian,D_lin
12153,-1.0259952812060935,-0.3140636392831357,Norwegian,norwegian,D_lin
12155,-3.2800603524966,-0.14208043756578514,Norwegian,norwegian,D_lin
12157,2.8511546911676238,0.9202419416162213,Norwegian,norwegian,D_lin
12158,1.3393371692402605,0.04735753331366478,Norwegian,norwegian,D_lin
12159,0.7571158350803298,0.210105621824505,Norwegian,norwegian,D_lin
12160,-1.0317904183323874,-0.19282778719312418,Norwegian,norwegian,D_lin
12163,0.31049583383342194,-0.04801392158201294,Norwegian,norwegian,D_lin
12168,-0.8061581767404512,-0.17103393191989855,Norwegian,norwegian,D_lin
12170,0.9761997145919536,0.14030493591730062,Norwegian,norwegian,D_lin
12171,-2.269108798309376,0.4896638804854413,Norwegian,norwegian,D_lin
12172,2.7224999755589847,-0.05223209485962647,Norwegian,norwegian,D_lin
12174,1.667623940810296,0.1461197897102075,Norwegian,norwegian,D_lin
12176,-6.034448568100465,-0.29385511004726284,Norwegian,norwegian,D_lin
12177,1.1503105974598826,-0.17861130097184558,Norwegian,norwegian,D_lin
12179,1.9835688950703352,0.04215984856946432,Norwegian,norwegian,D_lin
12180,3.629698676197565,0.19413686321593301,Norwegian,norwegian,D_lin
12185,-0.2181078335313923,-0.1752714768592976,Norwegian,norwegian,D_lin
12186,-2.237386781629696,-0.16671179263886826,Norwegian,norwegian,D_lin
12187,7.254099824031112,1.2477268455610149,Norwegian,norwegian,D_lin
12189,1.9861308005891918,-0.05155639594928066,Norwegian,norwegian,D_lin
12190,1.1273287318854202,-0.5893218039709498,Norwegian,norwegian,D_lin
12192,-2.754289382962758,0.11098490600828373,Norwegian,norwegian,D_lin
12194,-0.8267323646333492,0.05887592477591459,Norwegian,norwegian,D_lin
12196,2.3783562965648373,0.07715903569939603,Norwegian,norwegian,D_lin
12197,-4.61172691455738,-0.062442665848800205,Norwegian,norwegian,D_lin
12201,2.078031500871508,-0.12284945013915217,Norwegian,norwegian,D_lin
12204,-3.331383242873364,0.02812684646619472,Norwegian,norwegian,D_lin
12205,-4.962733334543825,0.17081018997919228,Norwegian,norwegian,D_lin
12210,-3.067234173238116,-0.06687128766636957,Norwegian,norwegian,D_lin
12211,3.6168798809644964,0.16952622020832817,Norwegian,norwegian,D_lin
12212,-0.6253834218080714,-0.30942951152640613,Norwegian,norwegian,D_lin
12216,0.6682912373670146,0.27869815167806383,Norwegian,norwegian,D_lin
12219,0.789779339949628,0.8961189373312333,Norwegian,norwegian,D_lin
12220,1.7215414025612152,0.4041543274977174,Norwegian,norwegian,D_lin
12222,2.527597863853405,0.14801167679258148,Norwegian,norwegian,D_lin
12227,0.12255436216614085,-0.003193508056356419,Norwegian,norwegian,D_lin
12229,3.924551908180362,0.9004973894847973,Norwegian,norwegian,D_lin
12231,3.57771904565301,0.7038181091316374,Norwegian,norwegian,D_lin
12233,2.659071999624803,0.8997690369342278,Norwegian,norwegian,D_lin
12235,2.0237467705979406,-0.2579042900609914,Norwegian,norwegian,D_lin
12238,-1.910467836813182,0.060325102454093886,Norwegian,norwegian,D_lin
12239,-3.874421961045702,-0.1352253518530435,Norwegian,norwegian,D_lin
12240,-0.6277370241481663,-0.19713832616591856,Norwegian,norwegian,D_lin
12242,1.5902696749125902,-0.29957663459156925,Norwegian,norwegian,D_lin
12243,-2.3092624442009786,0.057627036656836876,Norwegian,norwegian,D_lin
12245,4.752897687641025,0.2961601728279517,Norwegian,norwegian,D_lin
12247,4.261630840944845,0.40580785716564294,Norwegian,norwegian,D_lin
12249,-2.1732443345877206,0.06214293629890638,Norwegian,norwegian,D_lin
12250,-2.606414179790911,0.08001285051244898,Norwegian,norwegian,D_lin
12254,0.7633494844411864,-0.08275641405371394,Norwegian,norwegian,D_lin
12256,0.34723195352343433,-0.213096726954967,Norwegian,norwegian,D_lin
12257,-0.25494320360320877,0.0871366686761346,Norwegian,norwegian,D_lin
12258,-0.5255658315871512,0.2273055809080609,Norwegian,norwegian,D_lin
12259,-4.8686037292742315,-0.1949361748757395,Norwegian,norwegian,D_lin
12260,0.0051716083831106555,-0.023629818743744223,Norwegian,norwegian,D_lin
12263,-0.7312563391296593,0.1593916130518267,Norwegian,norwegian,D_lin
12265,-1.0606085535562906,-0.03756076310940629,Norwegian,norwegian,D_lin
12266,-0.2570436754898323,-0.22099583099294287,Norwegian,norwegian,D_lin
12267,1.0216508756653564,0.3064101508258176,Norwegian,norwegian,D_lin
12268,-5.394599772623143,0.09775918219260371,Norwegian,norwegian,D_lin
12270,2.4365740648680423,0.036854960516736125,Norwegian,norwegian,D_lin
12272,1.1041777764404064,0.07363557310913638,Norwegian,norwegian,D_lin
12274,3.0935120003374252,-0.05968620800552951,Norwegian,norwegian,D_lin
12276,0.09957420976974624,0.22188415361363983,Norwegian,norwegian,D_lin
12277,-1.2369719951923879,-0.1304140877297607,Norwegian,norwegian,D_lin
12279,0.6240163209620954,-0.0511577964358404,Norwegian,norwegian,D_lin
12281,1.5978069431888837,0.08959061390840922,Norwegian,norwegian,D_lin
12282,-0.4166095413386619,-0.15092665264497854,Norwegian,norwegian,D_lin
12285,-0.898794284033962,-0.09516760963911333,Norwegian,norwegian,D_lin
12288,0.10761171602017776,0.4758407529257348,Norwegian,norwegian,D_lin
12293,-2.454033087064835,0.056741852738437265,Norwegian,norwegian,D_lin
12294,3.167021973626194,0.07088607497352968,Norwegian,norwegian,D_lin
12300,-1.5353310121786363,-0.09391226702288424,Norwegian,norwegian,D_lin
12302,-0.17401246584075045,-0.17395046759703284,Norwegian,norwegian,D_lin
12304,2.443906911961978,-0.07220707774058924,Norwegian,norwegian,D_lin
12306,-0.6696292043172174,0.06769865715798366,Norwegian,norwegian,D_lin
12308,0.48305621101201396,0.2293141022469728,Norwegian,norwegian,D_lin
12312,-1.9198475503754613,0.09576545931344914,Norwegian,norwegian,D_lin
12314,1.8454193782213555,-0.08139078025453367,Norwegian,norwegian,D_lin
12315,-3.367547213950048,-0.13884567606029116,Norwegian,norwegian,D_lin
12317,-2.16056824531983,-0.17391826043968336,Norwegian,norwegian,D_lin
12319,0.09504920113143947,0.37442086580039197,Norwegian,norwegian,D_lin
12320,-0.7586011178460401,-0.05339854541725028,Norwegian,norwegian,D_lin
12327,1.1418370399820112,0.09463392242781707,Norwegian,norwegian,D_lin
12328,-1.8060000789273705,0.13435640941477467,Norwegian,norwegian,D_lin
12329,3.051624733275724,0.3019997281018291,Norwegian,norwegian,D_lin
12330,-0.7395366368817877,0.0633116437280597,Norwegian,norwegian,D_lin
12331,-0.48338774718986577,-0.44756983982105947,Norwegian,norwegian,D_lin
12332,0.49801331227697127,0.01585987580465482,Norwegian,norwegian,D_lin
12334,2.2833326350112744,0.17612166524432668,Norwegian,norwegian,D_lin
12336,2.159531190835776,-0.3054611867653078,Norwegian,norwegian,D_lin
12337,0.6485001892371708,0.23690631193421774,Norwegian,norwegian,D_lin
12338,-5.590340725048319,-0.38706909774315074,Norwegian,norwegian,D_lin
12339,-0.817848415865717,-0.03462725616695105,Norwegian,norwegian,D_lin
12341,0.23446778297243012,-0.22315253798284318,Norwegian,norwegian,D_lin
12348,-1.5024661775681547,-0.21958827849528098,Norwegian,norwegian,D_lin
12352,0.3452428287258297,-0.03913710904336164,Norwegian,norwegian,D_lin
12355,-3.7582971925701227,-0.29727985589891653,Norwegian,norwegian,D_lin
12356,-1.8218569533872628,0.004819074420459063,Norwegian,norwegian,D_lin
12361,-0.756946047725987,-0.09063121121703951,Norwegian,norwegian,D_lin
12362,-0.6175170529728982,0.23844246858081733,Norwegian,norwegian,D_lin
12370,3.104446453456612,0.10731769693548665,Norwegian,norwegian,D_lin
12372,1.181015266747795,0.3628364496063598,Norwegian,norwegian,D_lin
12375,2.3005305180213518,0.35467977230309794,Norwegian,norwegian,D_lin
12379,2.2717846971418867,0.046865383493015965,Norwegian,norwegian,D_lin
12380,-4.179653747736938,-0.24488594802978375,Norwegian,norwegian,D_lin
12381,-2.1139424882669653,0.0019334439510172233,Norwegian,norwegian,D_lin
12388,0.6596417195145757,0.23144641998782597,Norwegian,norwegian,D_lin
12389,0.8211122164141809,-0.09631970342703232,Norwegian,norwegian,D_lin
12390,-2.2297451017224943,0.039752875624792905,Norwegian,norwegian,D_lin
12392,0.1194642331811309,0.39844838468125615,Norwegian,norwegian,D_lin
12393,-4.817180951569435,0.395629987654872,Norwegian,norwegian,D_lin
12394,-0.7854612702497349,0.3342734244674143,Norwegian,norwegian,D_lin
12395,-2.9237939644579622,0.05430224756870464,Norwegian,norwegian,D_lin
12397,5.309723810266482,0.7383716238054296,Norwegian,norwegian,D_lin
12399,0.6488065526873106,0.05926699558102118,Norwegian,norwegian,D_lin
12400,-0.15520844235346265,-0.15027058425516626,Norwegian,norwegian,D_lin
12405,-1.8845342365654127,0.1305904117957537,Norwegian,norwegian,D_lin
12408,3.98089881614257,0.5448659336272044,Norwegian,norwegian,D_lin
12410,-1.2586635550032215,0.24059274108559284,Norwegian,norwegian,D_lin
12411,-0.443274109537245,0.08688776598899724,Norwegian,norwegian,D_lin
12412,-0.8530417037181235,-0.09262492491090649,Norwegian,norwegian,D_lin
12413,0.25003418844286046,0.18008314060799274,Norwegian,norwegian,D_lin
12417,-0.8232062478746804,-0.06008563938303113,Norwegian,norwegian,D_lin
12420,1.944458509133753,-0.0692176819563667,Norwegian,norwegian,D_lin
12424,-2.572093619753614,0.14664503568555237,Norwegian,norwegian,D_lin
12425,3.565988406677438,0.32763936988318,Norwegian,norwegian,D_lin
12427,2.8712755157266048,-0.193788070109781,Norwegian,norwegian,D_lin
12428,-0.8493060836326928,-0.15062390428110106,Norwegian,norwegian,D_lin
12429,2.860547255449154,0.20961626679851725,Norwegian,norwegian,D_lin
12430,-1.3503100362649263,-0.003899968297973618,Norwegian,norwegian,D_lin
12431,1.564573040755632,0.4749354425529103,Norwegian,norwegian,D_lin
12434,-3.482069610749886,-0.4226752405874582,Norwegian,norwegian,D_lin
12435,0.3212680529841641,-0.15085317688928246,Norwegian,norwegian,D_lin
12438,1.1642645317509892,-0.5571124507927455,Norwegian,norwegian,D_lin
12439,-2.5625220941571203,0.2668746465532032,Norwegian,norwegian,D_lin
12440,0.719778388503756,-0.17153795815698827,Norwegian,norwegian,D_lin
12441,5.418235242160339,1.0066685177577679,Norwegian,norwegian,D_lin
12442,2.8012198132266812,-0.2084532963451976,Norwegian,norwegian,D_lin
12443,-3.516707327458319,0.19867116835517437,Norwegian,norwegian,D_lin
12445,0.6571042844179013,0.3235944761606879,Norwegian,norwegian,D_lin
12446,3.6154330408622943,-0.08447504472550052,Norwegian,norwegian,D_lin
12449,1.0316007647996546,0.18693533155782235,Norwegian,norwegian,D_lin
12451,-3.607518032975667,0.24207205894400552,Norwegian,norwegian,D_lin
12452,2.096050149513521,-0.039063207551967044,Norwegian,norwegian,D_lin
12457,-2.126263069128589,-0.17911798337374538,Norwegian,norwegian,D_lin
12462,0.7265822985385049,-0.12691097118852715,Norwegian,norwegian,D_lin
12464,-0.0770854551596295,0.008337939675373126,Norwegian,norwegian,D_lin
12467,-0.1901247292797284,-0.1453615643123757,Norwegian,norwegian,D_lin
12468,2.7872450944200144,0.09580507359710311,Norwegian,norwegian,D_lin
12470,0.21045515920347138,0.109245123555198,Norwegian,norwegian,D_lin
12471,2.6688077408426882,0.11340268744924985,Norwegian,norwegian,D_lin
12473,1.6809748605251273,0.14282030619699745,Norwegian,norwegian,D_lin
12476,-1.8458027893187052,-0.03135236376570995,Norwegian,norwegian,D_lin
12477,-3.0556686147210264,-0.14120245668245127,Norwegian,norwegian,D_lin
12478,-2.05532287745793,-0.1225623504391789,Norwegian,norwegian,D_lin
12479,-0.24242313195277987,0.058904789510314325,Norwegian,norwegian,D_lin
12480,0.5373490688335003,-0.08219925786745243,Norwegian,norwegian,D_lin
12481,1.9281606139551475,0.26913200583447855,Norwegian,norwegian,D_lin
12483,2.633294450903017,-0.01638400179762811,Norwegian,norwegian,D_lin
12484,3.506428675939244,-0.2287272395310014,Norwegian,norwegian,D_lin
12485,-4.028573284747094,-0.6549361568494634,Norwegian,norwegian,D_lin
12491,-0.3704378399127085,0.2643250271002074,Norwegian,norwegian,D_lin
12492,0.3670430381403097,0.48048040351687094,Norwegian,norwegian,D_lin
12493,3.9788141436436937,-0.20662023494785864,Norwegian,norwegian,D_lin
12494,-1.889513013326348,-0.2757189197155289,Norwegian,norwegian,D_lin
12495,-3.898860003994824,-0.2509537243568256,Norwegian,norwegian,D_lin
12496,2.5095751221891245,-0.23319135601027502,Norwegian,norwegian,D_lin
12500,0.1257821788278055,-0.1955585852552646,Norwegian,norwegian,D_lin
12502,3.5317027140176407,0.6559137533506427,Norwegian,norwegian,D_lin
12504,2.08050635291046,-0.2253555602854975,Norwegian,norwegian,D_lin
12507,-1.0105305825654152,-0.24043481288869506,Norwegian,norwegian,D_lin
12509,0.3577565485353705,0.6380216963680327,Norwegian,norwegian,D_lin
12512,-2.619161288062926,-0.09204034633806213,Norwegian,norwegian,D_lin
12513,3.003556895497395,-0.31581517460809005,Norwegian,norwegian,D_lin
12516,-4.3014043499782035,-0.1302765455962666,Norwegian,norwegian,D_lin
12517,-2.0072501836485253,-0.009039993690440794,Norwegian,norwegian,D_lin
12520,0.31742838343378615,-0.3627141807736382,Norwegian,norwegian,D_lin
12521,0.970565964112642,-0.07772864576640591,Norwegian,norwegian,D_lin
12522,3.1984576711834563,-0.11111274244982229,Norwegian,norwegian,D_lin
12523,-1.558569773149559,0.7750404843090891,Norwegian,norwegian,D_lin
12525,0.2256272643787153,0.13723002625361708,Norwegian,norwegian,D_lin
12527,0.7485979021741099,-0.39083210737327806,Norwegian,norwegian,D_lin
12528,0.3250629747746416,0.2534233024346543,Norwegian,norwegian,D_lin
12529,-2.8378455494565853,0.11267947794980197,Norwegian,norwegian,D_lin
12530,3.6821658617733943,-0.06615548543751623,Norwegian,norwegian,D_lin
12532,-2.599643795444568,-0.202091853026638,Norwegian,norwegian,D_lin
12533,1.8582146469384944,0.1439824269589706,Norwegian,norwegian,D_lin
12536,-0.2779036082482183,0.11685612787919841,Norwegian,norwegian,D_lin
12537,-3.050479999460011,-0.31937280420630376,Norwegian,norwegian,D_lin
12540,2.3066014667453074,-0.2358360636505462,Norwegian,norwegian,D_lin
12542,0.24871692125776074,-0.06477365332957291,Norwegian,norwegian,D_lin
12543,1.3753809650220195,1.1409491216139618,Norwegian,norwegian,D_lin
12550,1.4153099484178786,0.0013108139778895758,Norwegian,norwegian,D_lin
12551,-2.95644799471201,0.04400814059354763,Norwegian,norwegian,D_lin
12552,1.006711779775434,0.020782052792841767,Norwegian,norwegian,D_lin
12553,-1.085134904419014,-0.3001207214069422,Norwegian,norwegian,D_lin
12554,0.5624526466407797,-0.09403057502160589,Norwegian,norwegian,D_lin
12558,1.7401766669821985,0.19629189069566144,Norwegian,norwegian,D_lin
12560,-1.1274998153410944,0.051782617480749867,Norwegian,norwegian,D_lin
12561,-1.2123084661275034,0.18708315516344148,Norwegian,norwegian,D_lin
12563,-1.3859947083642932,-0.3404642716434213,Norwegian,norwegian,D_lin
12569,0.3792433344144943,-0.20374995383722153,Norwegian,norwegian,D_lin
12570,-2.652972286058622,0.022106791105313307,Norwegian,norwegian,D_lin
12571,-0.589360426327879,0.11441230604050574,Norwegian,norwegian,D_lin
12572,-0.017288330508229952,0.3516370882402501,Norwegian,norwegian,D_lin
12574,0.4853903321361934,-0.1464125596806167,Norwegian,norwegian,D_lin
12577,-0.523839094335207,0.1912723567938121,Norwegian,norwegian,D_lin
12578,6.069926674919609,-0.011461384925609372,Norwegian,norwegian,D_lin
12579,1.3803629923740137,0.2994623366181644,Norwegian,norwegian,D_lin
12581,0.30148809202681454,0.1277795068380367,Norwegian,norwegian,D_lin
12583,-0.7792270714202171,-0.15748179135942186,Norwegian,norwegian,D_lin
12584,-2.1337275199753947,-0.07692610609167516,Norwegian,norwegian,D_lin
12586,2.141486455866555,0.2866995738297496,Norwegian,norwegian,D_lin
12587,-2.9414661115104974,0.041764038264496234,Norwegian,norwegian,D_lin
12593,1.6254664906198875,0.3398653681092465,Norwegian,norwegian,D_lin
12595,1.0955507400848141,-0.09330881792917846,Norwegian,norwegian,D_lin
12599,-0.9694128366384174,0.07814770557495006,Norwegian,norwegian,D_lin
12602,-1.1514679664408507,-0.2200720110065009,Norwegian,norwegian,D_lin
12605,-0.2310878253759128,0.4928566261403781,Norwegian,norwegian,D_lin
12606,1.5929173179954,0.0294217147447704,Norwegian,norwegian,D_lin
12607,0.7798981197760603,0.17995728415795914,Norwegian,norwegian,D_lin
12612,1.3004317133841385,-0.11295330569271908,Norwegian,norwegian,D_lin
12613,-1.1647357495309827,0.02708708961528871,Norwegian,norwegian,D_lin
12614,-0.04548448458216153,-0.18205801290448792,Norwegian,norwegian,D_lin
12618,-1.4922567961074713,-0.08413687381160019,Norwegian,norwegian,D_lin
12622,-3.649531381465831,-0.5008236052445657,Norwegian,norwegian,D_lin
12624,-0.18297682374517613,0.2999828125654988,Norwegian,norwegian,D_lin
12628,0.8716277921196091,-0.11000138438182605,Norwegian,norwegian,D_lin
12630,1.542899203657919,-0.16939250385071888,Norwegian,norwegian,D_lin
12632,-0.16358646375932512,0.20246431941592735,Norwegian,norwegian,D_lin
12634,2.216449666287586,0.474589951616814,Norwegian,norwegian,D_lin
12636,2.2193331046904126,0.07573353555610338,Norwegian,norwegian,D_lin
12637,0.48106450563556113,0.4272396340581144,Norwegian,norwegian,D_lin
12638,1.60366552615595,-0.156820265169352,Norwegian,norwegian,D_lin
12639,-1.3993716847166653,0.0062990098001586906,Norwegian,norwegian,D_lin
12640,1.6568137683336621,-0.3575053311964219,Norwegian,norwegian,D_lin
12643,-1.6447718736618715,0.22552742841988677,Norwegian,norwegian,D_lin
12645,-0.5860681772878538,-0.5157891076224056,Norwegian,norwegian,D_lin
12647,1.373699510612305,-0.0977048938862442,Norwegian,norwegian,D_lin
12651,1.417642391398456,-0.5941334992010763,Norwegian,norwegian,D_lin
12657,-0.973099947269186,0.40401695367116497,Norwegian,norwegian,D_lin
12660,-1.4455674100486189,0.4177172979564942,Norwegian,norwegian,D_lin
12661,-2.7803848828111657,-0.2047937564119862,Norwegian,norwegian,D_lin
12662,-0.8978889330594821,0.30511550957293526,Norwegian,norwegian,D_lin
12665,-0.044851410009268705,0.2280678566383536,Norwegian,norwegian,D_lin
12666,-5.126111237530881,-0.16399860436761476,Norwegian,norwegian,D_lin
12667,0.3912028763670321,-0.04070993954405201,Norwegian,norwegian,D_lin
12669,-2.038407953492637,-0.14576688852238245,Norwegian,norwegian,D_lin
12671,-0.14837045737017107,0.15880773850449695,Norwegian,norwegian,D_lin
12672,2.135436969123185,-0.2592571248419172,Norwegian,norwegian,D_lin
12673,0.9296310568649715,-0.02910072037017646,Norwegian,norwegian,D_lin
12674,2.1523598484053097,0.246073981531556,Norwegian,norwegian,D_lin
12675,-0.7138626985833141,0.021176147946969655,Norwegian,norwegian,D_lin
12676,2.0731884839154393,-0.2798652677215343,Norwegian,norwegian,D_lin
12678,1.950416449314728,0.25589203729845317,Norwegian,norwegian,D_lin
12679,-0.3475952549862471,-0.18594455143932206,Norwegian,norwegian,D_lin
12681,-4.0896652322227265,-0.09367869550625046,Norwegian,norwegian,D_lin
12684,2.5754303583244456,0.2989426005142748,Norwegian,norwegian,D_lin
12685,1.7076459600939646,-0.3581650816808173,Norwegian,norwegian,D_lin
12687,1.9156682621133763,0.12666982810961525,Norwegian,norwegian,D_lin
12692,-2.1037976721551854,0.10372781317214418,Norwegian,norwegian,D_lin
12694,2.6086458776131822,0.18235399953115586,Norwegian,norwegian,D_lin
12696,0.609637721018545,-0.023854171885018323,Norwegian,norwegian,D_lin
12697,-4.863257125692296,-0.07090021679974845,Norwegian,norwegian,D_lin
12699,4.202713478924652,0.8729249421063343,Norwegian,norwegian,D_lin
12703,0.5407703607252398,-0.16064479545585947,Norwegian,norwegian,D_lin
12705,2.5144272987421163,-0.32563807339362383,Norwegian,norwegian,D_lin
12706,-0.06200880804598942,-0.08558858507250186,Norwegian,norwegian,D_lin
12713,-3.2185663035991836,-0.09269332432618821,Norwegian,norwegian,D_lin
12714,0.7291852597089475,-0.1340616002349875,Norwegian,norwegian,D_lin
12715,-5.293164680182373,-0.2720624903184289,Norwegian,norwegian,D_lin
12719,-2.3688962549074346,-0.3359651463659037,Norwegian,norwegian,D_lin
12720,-5.321481980733616,-0.09003528078301243,Norwegian,norwegian,D_lin
12723,1.5823898014627986,-0.082017028124568,Norwegian,norwegian,D_lin
12724,-2.762719220046412,0.0398476151381277,Norwegian,norwegian,D_lin
12725,1.8444294514560728,0.06688261653044823,Norwegian,norwegian,D_lin
12726,-0.5425552352633841,-0.06614107467702758,Norwegian,norwegian,D_lin
12730,0.9016755656677928,0.12178798202519836,Norwegian,norwegian,D_lin
12731,3.1768823009192637,-0.3427096028664876,Norwegian,norwegian,D_lin
12732,2.445253890434126,-0.1979927236369784,Norwegian,norwegian,D_lin
12735,-2.165851236302009,-0.0016763927095358386,Norwegian,norwegian,D_lin
12736,0.49484996220472,0.20214002972170836,Norwegian,norwegian,D_lin
12743,-2.039761246192127,0.03727250384385209,Norwegian,norwegian,D_lin
12748,-3.7421713459616024,-0.07196296275994135,Norwegian,norwegian,D_lin
12750,1.485347737427564,0.083695535080608785,Norwegian,norwegian,D_lin
12751,0.8119416564126909,0.1840304151190627,Norwegian,norwegian,D_lin
12755,-0.9960881518741994,0.02801722597717441,Norwegian,norwegian,D_lin
12757,0.20156655631350212,0.24516108569066603,Norwegian,norwegian,D_lin
12758,1.4834200986753978,-0.21801792236390322,Norwegian,norwegian,D_lin
12762,-0.022100833831504768,-0.15132496512631397,Norwegian,norwegian,D_lin
12767,0.35916058577160875,-0.12152164352139648,Norwegian,norwegian,D_lin
12774,-0.3861111526435223,0.20972121895582568,Norwegian,norwegian,D_lin
12776,0.40081310810560783,-0.09594644156201013,Norwegian,norwegian,D_lin
12778,-2.218909941299445,-0.10711658775207529,Norwegian,norwegian,D_lin
12780,-2.478569148631323,0.09370357964754611,Norwegian,norwegian,D_lin
12781,-1.4104831009241008,0.08385841220145797,Norwegian,norwegian,D_lin
12782,-0.1535567633107842,0.5043684989907473,Norwegian,norwegian,D_lin
12784,2.2258451916299835,-0.23307175066173638,Norwegian,norwegian,D_lin
12785,1.2882159852867208,-0.24936982747169123,Norwegian,norwegian,D_lin
12788,0.7751181110474356,-0.07565771870150743,Norwegian,norwegian,D_lin
12791,3.51237871927519,0.27143738056659605,Norwegian,norwegian,D_lin
12797,-0.22080496433849123,0.49215020676479637,Norwegian,norwegian,D_lin
12802,0.3554826839235749,0.056175563749096706,Norwegian,norwegian,D_lin
12806,-0.19267184018908348,-0.04944151346292361,Norwegian,norwegian,D_lin
12808,1.5999310822986201,0.009374579453212708,Norwegian,norwegian,D_lin
12813,4.233627952864072,0.9333677173960657,Norwegian,norwegian,D_lin
12814,-0.7339279509578125,-0.17711475518896563,Norwegian,norwegian,D_lin
12817,3.5313583098983434,0.43290336355924297,Norwegian,norwegian,D_lin
12818,1.6632606954451288,0.42249171332938845,Norwegian,norwegian,D_lin
12819,-1.3224239558796478,-0.3001964710695653,Norwegian,norwegian,D_lin
12820,-0.284448074237151,0.5600556433696364,Norwegian,norwegian,D_lin
12823,-2.5513780444115177,-0.08907496194048313,Norwegian,norwegian,D_lin
12825,3.476755195534669,-0.2490320225800664,Norwegian,norwegian,D_lin
12826,1.2770926068293906,-0.1536487450886471,Norwegian,norwegian,D_lin
12827,-3.303914077792385,0.09168996416996132,Norwegian,norwegian,D_lin
12832,-9.584809319876353,-0.1914064931310984,Norwegian,norwegian,D_lin
12833,-2.895884308063437,-0.4293089402679442,Norwegian,norwegian,D_lin
12837,3.3060788345947887,0.2593557851187961,Norwegian,norwegian,D_lin
12838,3.2575327550581568,-0.1654235963909813,Norwegian,norwegian,D_lin
12839,0.4506421977581357,-0.04409108319371589,Norwegian,norwegian,D_lin
12840,-3.127410182094191,-0.012393372726719518,Norwegian,norwegian,D_lin
12841,0.017559107090155037,-0.3912589565496949,Norwegian,norwegian,D_lin
12842,0.675493673527005,-0.12262111763714659,Norwegian,norwegian,D_lin
12844,-1.9744873467006037,-0.0362031533112286,Norwegian,norwegian,D_lin
12846,1.8644067839400937,-0.33289341288096486,Norwegian,norwegian,D_lin
12847,1.5566031585071447,-0.07563152813693776,Norwegian,norwegian,D_lin
12849,4.014142827007222,-0.3260418441859811,Norwegian,norwegian,D_lin
12852,0.03566931519378407,-0.41772832019516853,Norwegian,norwegian,D_lin
12854,-1.0389530350564893,0.15928176868758984,Norwegian,norwegian,D_lin
12855,0.04893490076555739,0.13711221006007673,Norwegian,norwegian,D_lin
12857,-2.300456127539928,0.05396219195661329,Norwegian,norwegian,D_lin
12858,0.8459579534084967,0.19449809974290871,Norwegian,norwegian,D_lin
12859,1.54782294696671,0.018189464810970175,Norwegian,norwegian,D_lin
12865,1.558396801877057,0.23036824487106483,Norwegian,norwegian,D_lin
12867,3.496407149042775,0.010258570151500918,Norwegian,norwegian,D_lin
12869,0.5673368753222695,-0.07214460981501591,Norwegian,norwegian,D_lin
12872,-1.7725967082437775,-0.11192318607602397,Norwegian,norwegian,D_lin
12874,1.9167008418293392,-0.10793165718108441,Norwegian,norwegian,D_lin
12876,-2.5471825508450427,-0.04861340018475976,Norwegian,norwegian,D_lin
12877,0.6350976625144599,-0.03192150553533449,Norwegian,norwegian,D_lin
12878,1.9125492735998817,-0.14639142403223723,Norwegian,norwegian,D_lin
12879,-2.0804121673028906,-0.262810101195475,Norwegian,norwegian,D_lin
12880,-0.20160547520112992,-0.125962525771908,Norwegian,norwegian,D_lin
12881,-0.03870001576521033,0.4425842549018399,Norwegian,norwegian,D_lin
12884,1.7547978048126134,-0.17093509614761693,Norwegian,norwegian,D_lin
12885,2.0895288946837898,-0.0958714779980637,Norwegian,norwegian,D_lin
12887,-0.8598414951713712,0.8670625817763095,Norwegian,norwegian,D_lin
12888,-2.38678095843021,0.03709329186768536,Norwegian,norwegian,D_lin
12891,1.2180788348037115,0.01713724999260508,Norwegian,norwegian,D_lin
12892,-1.5227682551198076,0.022283501666169436,Norwegian,norwegian,D_lin
12894,0.4544183154340998,0.0068629894850814254,Norwegian,norwegian,D_lin
12895,0.10461202140221655,0.021968219600535105,Norwegian,norwegian,D_lin
12896,-4.368017110238713,-0.47821555984352254,Norwegian,norwegian,D_lin
12897,-3.5422417124354597,-0.06426931199365687,Norwegian,norwegian,D_lin
12898,-2.2110358506982006,0.07760130459329136,Norwegian,norwegian,D_lin
12901,-0.509401544446962,0.28389703015058315,Norwegian,norwegian,D_lin
12902,0.43791389679562537,0.11060866308336793,Norwegian,norwegian,D_lin
12904,-1.2275556923427908,0.17946453965990505,Norwegian,norwegian,D_lin
12910,6.1659361476729835,0.1241288715110383,Norwegian,norwegian,D_lin
12912,-0.7185876213498029,-0.045592525079842,Norwegian,norwegian,D_lin
12915,0.17330329640526165,0.31889576840001616,Norwegian,norwegian,D_lin
12916,-0.2712311481408328,0.013893156886900149,Norwegian,norwegian,D_lin
12924,0.2022676927924991,-0.26039313039715556,Norwegian,norwegian,D_lin
12925,1.435373028303538,0.5213059864082298,Norwegian,norwegian,D_lin
12927,-0.30241886748457025,-0.16263560316979842,Norwegian,norwegian,D_lin
12930,-1.8610378751588346,0.13057950264760387,Norwegian,norwegian,D_lin
12932,1.6186343726256083,-0.29547655719107124,Norwegian,norwegian,D_lin
12933,-0.6958317989523705,0.09949567748446746,Norwegian,norwegian,D_lin
12934,2.955485944258866,-0.08195116164119692,Norwegian,norwegian,D_lin
12935,0.10017951255513544,-0.00834702610040813,Norwegian,norwegian,D_lin
12936,-0.7850814226407689,-0.26883901573941454,Norwegian,norwegian,D_lin
12938,0.15797951521313583,0.01969571005567009,Norwegian,norwegian,D_lin
12940,-0.07737095020886385,-0.15528281935457647,Norwegian,norwegian,D_lin
12941,2.1226866627619168,-0.09991065190132821,Norwegian,norwegian,D_lin
12948,-0.8533612839903288,-0.22691562510208824,Norwegian,norwegian,D_lin
12952,-0.6102152424913563,0.21574643179564418,Norwegian,norwegian,D_lin
12953,0.5945186827241818,-0.10736243089098008,Norwegian,norwegian,D_lin
12954,0.20151437731192262,0.40510707894892184,Norwegian,norwegian,D_lin
12958,1.8654522101803928,0.12400480078780587,Norwegian,norwegian,D_lin
12959,-2.632740191155194,-0.14238249132745495,Norwegian,norwegian,D_lin
12961,-1.9168163808593617,-0.17015997679197625,Norwegian,norwegian,D_lin
12966,2.195948771747169,0.5527960486597446,Norwegian,norwegian,D_lin
12968,1.1569237974476119,-0.10531939656740102,Norwegian,norwegian,D_lin
12970,-3.1429195590164394,0.029108004339479514,Norwegian,norwegian,D_lin
12972,-2.644983331563224,-0.04840267425533986,Norwegian,norwegian,D_lin
12975,3.057789384069129,-0.5379169616098014,Norwegian,norwegian,D_lin
12976,-2.048562571781176,-0.17915776778018455,Norwegian,norwegian,D_lin
12977,-0.5394503507893375,0.2496397288756399,Norwegian,norwegian,D_lin
12981,-0.7386113312732964,0.9594831736855749,Norwegian,norwegian,D_lin
12983,-2.4517314304777122,0.5085363116744049,Norwegian,norwegian,D_lin
12986,-2.311563442423367,-0.15465610781386002,Norwegian,norwegian,D_lin
12987,-3.7666677129600843,0.4123663783780914,Norwegian,norwegian,D_lin
12988,2.563535731776152,0.6945888170680963,Norwegian,norwegian,D_lin
12994,1.0910668257225158,-0.1325210724624303,Norwegian,norwegian,D_lin
12995,0.375399929452672,-0.03453045708857874,Norwegian,norwegian,D_lin
12996,-2.0231341221031114,0.04528561706640413,Norwegian,norwegian,D_lin
13001,1.98428114560214,-0.29434813243602,Norwegian,norwegian,D_lin
13003,1.482577712085694,-0.20325168542221234,Norwegian,norwegian,D_lin
13004,3.7191884116187226,0.12902715970320555,Norwegian,norwegian,D_lin
13005,-1.3646416899800133,-0.1543308202098157,Norwegian,norwegian,D_lin
13006,-1.3129804802602731,0.29726201506798267,Norwegian,norwegian,D_lin
13008,0.3172649737101759,-0.31948471424080455,Norwegian,norwegian,D_lin
13012,-0.3192291945383333,-0.10568839244324274,Norwegian,norwegian,D_lin
13013,-0.03346994365051478,-0.9155608290483402,Norwegian,norwegian,D_lin
13016,-2.218685952283748,0.05957526397681974,Norwegian,norwegian,D_lin
13020,0.15264410412361493,-0.12292903079998391,Norwegian,norwegian,D_lin
13021,0.5584834464877342,0.18034384155930283,Norwegian,norwegian,D_lin
13022,-1.976554107446725,2.188753071122898,Norwegian,norwegian,D_lin
13024,-2.591733188249835,-0.15177776300769705,Norwegian,norwegian,D_lin
13026,1.323605023523461,-0.17510720142987218,Norwegian,norwegian,D_lin
13027,-1.5888547171973106,0.09358447364587699,Norwegian,norwegian,D_lin
13032,-2.520206027392788,-0.009857886637024992,Norwegian,norwegian,D_lin
13035,3.384851690297534,-0.16393001867960846,Norwegian,norwegian,D_lin
13039,-4.258044066266779,-0.18946819277160404,Norwegian,norwegian,D_lin
13040,-2.1927036043148904,0.26867792462485574,Norwegian,norwegian,D_lin
13041,-0.27443270429895467,-0.022367050492693316,Norwegian,norwegian,D_lin
13042,1.5511357866633133,-0.18901110158287102,Norwegian,norwegian,D_lin
13044,-2.630290629813309,-0.2734691111384705,Norwegian,norwegian,D_lin
13047,1.98733621043028,-0.7778763997103466,Norwegian,norwegian,D_lin
13048,-0.2215558279194362,0.23315378257412403,Norwegian,norwegian,D_lin
13051,0.44782349799626003,-0.02208844055393119,Norwegian,norwegian,D_lin
13052,0.9820483051686081,-0.14098053515042222,Norwegian,norwegian,D_lin
13056,-2.094292986553348,-0.03920047468118819,Norwegian,norwegian,D_lin
13057,-2.843629506770429,0.1248257682889875,Norwegian,norwegian,D_lin
13058,-2.993444030125873,0.06218357133155722,Norwegian,norwegian,D_lin
13062,-0.13169018546637912,0.13597297378352985,Norwegian,norwegian,D_lin
13068,0.4851715329761193,-0.2815151998451025,Norwegian,norwegian,D_lin
13072,-1.4004235305974135,0.6373803269347496,Norwegian,norwegian,D_lin
13076,-0.3457598930828178,0.25512679486688483,Norwegian,norwegian,D_lin
13077,-1.3191812304272053,-2.057836309082569,Norwegian,norwegian,D_lin
13079,1.478662924692065,-0.2235783870242111,Norwegian,norwegian,D_lin
13081,-0.6601288171133214,-0.09038315812593008,Norwegian,norwegian,D_lin
13082,0.016732779133436144,-0.04415204553694287,Norwegian,norwegian,D_lin
13084,-3.7873101192167016,-0.15831417868651293,Norwegian,norwegian,D_lin
13088,0.492849231878541,-0.1189318993675528,Norwegian,norwegian,D_lin
13089,1.589398751953043,0.2988251088333585,Norwegian,norwegian,D_lin
13092,-2.8446201290765987,-0.13352414281407798,Norwegian,norwegian,D_lin
13097,-0.6392181154505056,0.5256822976800526,Norwegian,norwegian,D_lin
13102,-2.2383268828809104,0.04262319173028561,Norwegian,norwegian,D_lin
13103,2.4073071483178317,0.16243608140220656,Norwegian,norwegian,D_lin
13107,-4.647523968518484,-0.00862269102717328,Norwegian,norwegian,D_lin
13108,1.4154875512495788,-0.1391076268868582,Norwegian,norwegian,D_lin
13110,1.9450649600474277,-0.20041770549591265,Norwegian,norwegian,D_lin
13111,2.2430950733236212,-0.07761261066473898,Norwegian,norwegian,D_lin
13115,0.9011413045012654,-0.0392260267712134,Norwegian,norwegian,D_lin
13116,1.8173206272565021,-0.18871995488838217,Norwegian,norwegian,D_lin
13117,-0.2524136274935112,-0.27034314380925445,Norwegian,norwegian,D_lin
13120,3.125860263314833,-0.5366120190996893,Norwegian,norwegian,D_lin
13122,0.6698827787815084,-0.2572296486875559,Norwegian,norwegian,D_lin
13125,-0.856997703720469,0.019764342082047127,Norwegian,norwegian,D_lin
13126,0.6194907002542135,-0.13827816511654425,Norwegian,norwegian,D_lin
13127,-0.8276129695872649,0.48176790442117345,Norwegian,norwegian,D_lin
13128,-0.5536011945271568,-0.3153068627958581,Norwegian,norwegian,D_lin
13130,-1.1756872029827292,0.5659152319376082,Norwegian,norwegian,D_lin
13131,0.39988761995110655,0.1415977121392579,Norwegian,norwegian,D_lin
13132,-0.8522137825949466,0.08077143911011275,Norwegian,norwegian,D_lin
13138,2.4951636082143556,0.2527252967502902,Norwegian,norwegian,D_lin
13139,1.0613703772347534,-0.2626524437277381,Norwegian,norwegian,D_lin
13142,0.08356611191178062,-0.2784837576295387,Norwegian,norwegian,D_lin
13144,-1.1996100919900532,-0.05352327603632748,Norwegian,norwegian,D_lin
13148,3.0514702712808575,-0.4707899146482463,Norwegian,norwegian,D_lin
13156,1.435039972139136,-0.007623004707679121,Norwegian,norwegian,D_lin
13160,0.6657435808863899,0.10702010659897719,Norwegian,norwegian,D_lin
13164,-0.9414112968907735,0.2374688199229406,Norwegian,norwegian,D_lin
13166,0.17913497316780905,-0.07829644247364438,Norwegian,norwegian,D_lin
13169,0.43451774355020173,0.06290514782734155,Norwegian,norwegian,D_lin
13170,-1.1474621494307378,-0.25364164089267066,Norwegian,norwegian,D_lin
13171,0.1821032302602217,-0.09363993569514699,Norwegian,norwegian,D_lin
13174,-0.494905432723883,1.310580866276511,Norwegian,norwegian,D_lin
13175,3.0254182677938264,-0.2382517440533471,Norwegian,norwegian,D_lin
13181,2.3544904869940275,0.2465088468893993,Norwegian,norwegian,D_lin
13182,4.0487807456765985,-0.7626730894726229,Norwegian,norwegian,D_lin
13189,-3.8628666647111216,-0.11491801527171994,Norwegian,norwegian,D_lin
13192,1.2150164224132376,0.14765315338778873,Norwegian,norwegian,D_lin
13195,2.8882567000520285,-0.13063091883194508,Norwegian,norwegian,D_lin
13201,-3.1014599378977152,0.08473794007886921,Norwegian,norwegian,D_lin
13203,0.5649528539345962,-0.01035850643397614,Norwegian,norwegian,D_lin
13206,-5.605247375887265,-0.32573467986520077,Norwegian,norwegian,D_lin
13207,1.8644505995847327,-0.23185141453180963,Norwegian,norwegian,D_lin
13212,0.20847465996382447,-0.15627742113830362,Norwegian,norwegian,D_lin
13213,0.8182788435365157,-0.3853836422109853,Norwegian,norwegian,D_lin
13214,-2.7837251141345614,-0.13630518035417993,Norwegian,norwegian,D_lin
13217,-0.1252583748952097,-0.2554765267828046,Norwegian,norwegian,D_lin
13220,0.6399838422381857,-0.2339771019945246,Norwegian,norwegian,D_lin
13222,2.605943715042203,-0.0025446198791449284,Norwegian,norwegian,D_lin
13223,7.336548315257182,-0.9995589995276415,Norwegian,norwegian,D_lin
13225,-0.8631424592321333,0.211432167195288,Norwegian,norwegian,D_lin
13226,2.005769377601423,0.046925277913276206,Norwegian,norwegian,D_lin
13227,0.3898444904282372,-0.2100049063991265,Norwegian,norwegian,D_lin
13228,0.9215351486692436,-0.3777112898620515,Norwegian,norwegian,D_lin
13229,-2.2447151661926967,-0.12289824910482171,Norwegian,norwegian,D_lin
13230,-1.8494847603902784,-0.10296754760758038,Norwegian,norwegian,D_lin
13232,-2.950712999803987,0.38047654554351,Norwegian,norwegian,D_lin
13238,2.5544214504873572,0.03235599520613467,Norwegian,norwegian,D_lin
13240,1.3445068348055011,-0.44613716540191956,Norwegian,norwegian,D_lin
13241,-0.40659133610586023,-0.11092035243527948,Norwegian,norwegian,D_lin
13242,0.41954008665283427,0.07183764191758195,Norwegian,norwegian,D_lin
13243,5.701458091581116,-0.5547643040650077,Norwegian,norwegian,D_lin
13245,-1.4744051466813652,0.09120489733303339,Norwegian,norwegian,D_lin
13250,0.457656993347502,-0.0060997156723008854,Norwegian,norwegian,D_lin
13252,2.639147763564425,0.6162489743708631,Norwegian,norwegian,D_lin
13253,0.35856986848270367,-0.03427814776420108,Norwegian,norwegian,D_lin
13255,1.6101906793041252,0.07524859087376992,Norwegian,norwegian,D_lin
13257,0.959715686282368,-0.037650148050165234,Norwegian,norwegian,D_lin
13258,4.958015950230369,0.06492353700712798,Norwegian,norwegian,D_lin
13261,0.23161300490472955,-0.11329857855285466,Norwegian,norwegian,D_lin
13263,-2.257079164985979,-0.24020313971395188,Norwegian,norwegian,D_lin
13264,0.2608345204957713,-0.2828080864632608,Norwegian,norwegian,D_lin
13275,3.1157475811044044,0.17815504686164918,Norwegian,norwegian,D_lin
13276,-0.37721687561146217,0.10883965839059061,Norwegian,norwegian,D_lin
13282,7.527810097487121,-1.034348822672585,Norwegian,norwegian,D_lin
13284,-0.06717041333712563,-0.1156641252013747,Norwegian,norwegian,D_lin
13287,1.6113957124231943,-0.4720047384628991,Norwegian,norwegian,D_lin
13290,-1.3778420719806013,-0.13095958709851122,Norwegian,norwegian,D_lin
13291,2.585875255476926,-0.513927003074678,Norwegian,norwegian,D_lin
13296,2.435118429272704,-0.12046608368651227,Norwegian,norwegian,D_lin
13299,1.2221591388947532,0.04704807673562272,Norwegian,norwegian,D_lin
13300,1.2944576763206705,-0.36827871196713835,Norwegian,norwegian,D_lin
13303,-2.8791823545909643,-0.216410645828881,Norwegian,norwegian,D_lin
13307,2.661587580328221,0.2728422814776386,Norwegian,norwegian,D_lin
13309,0.9899425465053583,9.798282945149405e-4,Norwegian,norwegian,D_lin
13311,2.2469095595024613,0.24116930054878324,Norwegian,norwegian,D_lin
13312,-3.2723985391225137,-0.09110951606347509,Norwegian,norwegian,D_lin
13313,1.4997262007239067,-0.07077864555106367,Norwegian,norwegian,D_lin
13324,0.755105481482032,-0.29230693749960024,Norwegian,norwegian,D_lin
13326,-0.009061988010545885,-0.2848762284091408,Norwegian,norwegian,D_lin
13328,-0.38981257557548155,-0.33690867559599974,Norwegian,norwegian,D_lin
13329,1.568777501362479,-0.37651196344785887,Norwegian,norwegian,D_lin
13330,-1.5045636177331627,0.13106493869109284,Norwegian,norwegian,D_lin
13335,2.039418715001632,-0.23258647408444202,Norwegian,norwegian,D_lin
13336,-4.054066160480984,0.3067022084383014,Norwegian,norwegian,D_lin
13337,-0.9719232730905537,-0.04864978753716629,Norwegian,norwegian,D_lin
13338,1.1682864175547376,-0.12691173672082087,Norwegian,norwegian,D_lin
13342,1.297369118331074,-0.3464189609017957,Norwegian,norwegian,D_lin
13343,0.8967499887003724,-0.1656389508605169,Norwegian,norwegian,D_lin
13347,0.004396833641189701,0.3686115265511712,Norwegian,norwegian,D_lin
13348,1.3967201098293647,-0.10235758146254813,Norwegian,norwegian,D_lin
13352,-2.9976079831147278,-0.14834717940682787,Norwegian,norwegian,D_lin
13354,2.0990188506499656,0.16538137740865747,Norwegian,norwegian,D_lin
13357,3.6504584123468944,-0.0935567009187683,Norwegian,norwegian,D_lin
13359,-0.8610832965349283,0.6370035881168147,Norwegian,norwegian,D_lin
13364,2.88427404967172,-0.03541523810514196,Norwegian,norwegian,D_lin
13366,-0.4721836015053052,-0.08089735798304672,Norwegian,norwegian,D_lin
13375,0.10000342172621982,-0.11648732990012468,Norwegian,norwegian,D_lin
13376,-4.084544809098138,-0.16509396864026965,Norwegian,norwegian,D_lin
13382,-0.5376709707983346,-0.03432308256995544,Norwegian,norwegian,D_lin
13383,-0.6015553000886594,0.29035030035699655,Norwegian,norwegian,D_lin
13384,2.4859050724136518,-0.16378400203138743,Norwegian,norwegian,D_lin
13388,-1.094472372832831,-0.041697302523948335,Norwegian,norwegian,D_lin
13391,-0.41851740692337003,-0.11974452480681658,Norwegian,norwegian,D_lin
13394,0.5816096853529833,0.17656813244748845,Norwegian,norwegian,D_lin
13395,0.944605618430865,0.019531355274025143,Norwegian,norwegian,D_lin
13397,-1.1131875925372827,0.25985936959287886,Norwegian,norwegian,D_lin
13406,0.46802615079361504,-0.23818149204513273,Norwegian,norwegian,D_lin
13411,-3.281266562372545,-0.05488649372617061,Norwegian,norwegian,D_lin
13413,0.3134783104598969,-0.22670368533787325,Norwegian,norwegian,D_lin
13415,2.310853600770467,-0.07394275921699447,Norwegian,norwegian,D_lin
13416,0.6840038620918036,-0.41219900090508416,Norwegian,norwegian,D_lin
13418,-1.2788881649411399,-0.27137144254037887,Norwegian,norwegian,D_lin
13419,0.8896579949619372,-0.15378577898104928,Norwegian,norwegian,D_lin
13420,-0.009754381956175198,0.05521156409592257,Norwegian,norwegian,D_lin
13422,3.4136226057782135,-0.3327993507594822,Norwegian,norwegian,D_lin
13427,-2.21076454264944,0.08243602373210254,Norwegian,norwegian,D_lin
13428,2.271764027473857,-0.011880224447736728,Norwegian,norwegian,D_lin
13432,2.145069760961831,-0.33215973213242767,Norwegian,norwegian,D_lin
13435,0.15455142771720706,-0.014218217585970402,Norwegian,norwegian,D_lin
13436,4.009642743346277,-0.5905923304844762,Norwegian,norwegian,D_lin
13437,1.5866761812141368,-0.3985762433196726,Norwegian,norwegian,D_lin
13441,-0.7713332137717729,-0.13233035906459328,Norwegian,norwegian,D_lin
13448,1.730999707278939,-0.09162282644988727,Norwegian,norwegian,D_lin
13451,1.8086884802593561,-0.3645789486468266,Norwegian,norwegian,D_lin
13454,-1.5271855886648715,0.023663795829821917,Norwegian,norwegian,D_lin
13459,-0.8839698382074607,0.0069157306234583285,Norwegian,norwegian,D_lin
13461,-0.5427127433406962,0.4176690118493893,Norwegian,norwegian,D_lin
13462,2.4627783884810164,-0.1622190784478973,Norwegian,norwegian,D_lin
13464,3.200943500794324,-0.15365280293854028,Norwegian,norwegian,D_lin
13465,-0.035581984225681346,0.2266860416055772,Norwegian,norwegian,D_lin
13473,0.970591926498045,-0.39406955844275293,Norwegian,norwegian,D_lin
13475,-7.261206288658018,-0.7220967508802046,Norwegian,norwegian,D_lin
13476,1.0345441533802033,0.08953013174889014,Norwegian,norwegian,D_lin
13477,-0.827694400299913,0.006510856180397246,Norwegian,norwegian,D_lin
13478,3.2753395540533856,-0.3344044714939788,Norwegian,norwegian,D_lin
13479,-2.3254180936230178,-0.15454897755298214,Norwegian,norwegian,D_lin
13480,-4.8669130037689685,-0.0339905026856535,Norwegian,norwegian,D_lin
13483,-0.24081702359411566,-0.08881116615517669,Norwegian,norwegian,D_lin
13486,0.9389686692224629,0.28893637853170234,Norwegian,norwegian,D_lin
13488,1.2569502349067672,0.05749841715510198,Norwegian,norwegian,D_lin
13490,1.9331275689634615,-0.17556650755667158,Norwegian,norwegian,D_lin
13491,-2.849058358168837,-0.353664774077173,Norwegian,norwegian,D_lin
13493,-3.8297705391268675,0.805586949961101,Norwegian,norwegian,D_lin
13497,2.4527064854179614,0.00751165837386597,Norwegian,norwegian,D_lin
13500,-3.076012135812491,0.31044699550653765,Norwegian,norwegian,D_lin
13501,-1.9702660237637024,-0.5563311202898443,Norwegian,norwegian,D_lin
13503,0.6562808616605917,0.23534006163449386,Norwegian,norwegian,D_lin
13508,1.5865069566542656,-0.17139055912668819,Norwegian,norwegian,D_lin
13509,-0.20151227947113853,-0.15105047735380633,Norwegian,norwegian,D_lin
13511,0.753450714533273,0.09260919646560561,Norwegian,norwegian,D_lin
13515,-1.4583242551183488,-0.39701776406465505,Norwegian,norwegian,D_lin
13516,2.5455106308181974,-0.40163186519153093,Norwegian,norwegian,D_lin
13519,0.03466178558447097,0.21809370118707946,Norwegian,norwegian,D_lin
13526,0.6746699100592553,0.008277677076264374,Norwegian,norwegian,D_lin
13529,2.7184471375014105,-0.20982167674457342,Norwegian,norwegian,D_lin
13531,-3.926338527362245,-0.025527249605654605,Norwegian,norwegian,D_lin
13536,-5.65769212252116,-0.38574052625115174,Norwegian,norwegian,D_lin
13538,2.422203334696241,0.01836699816713549,Norwegian,norwegian,D_lin
13540,2.9943418545297504,-0.3876512403765963,Norwegian,norwegian,D_lin
13542,0.10564511951207849,-0.45724324696387664,Norwegian,norwegian,D_lin
13544,-0.09089475745081352,-0.22162631751549924,Norwegian,norwegian,D_lin
13548,1.2335862060160578,-0.171701705581262,Norwegian,norwegian,D_lin
13551,-3.918762918468926,-0.2722129356384848,Norwegian,norwegian,D_lin
13564,0.8191656532280613,-0.07874069860625402,Norwegian,norwegian,D_lin
13566,2.1962060072892746,-1.1500829499152123,Norwegian,norwegian,D_lin
13567,1.5713980476605391,-0.07021283947232658,Norwegian,norwegian,D_lin
13569,5.428274006677869,-0.39172294343440717,Norwegian,norwegian,D_lin
13585,1.7360762658011717,-0.17495692804015645,Norwegian,norwegian,D_lin
13587,1.1778561894905544,-0.21815847870715016,Norwegian,norwegian,D_lin
13590,-0.7644204677855055,0.07997527932701193,Norwegian,norwegian,D_lin
13591,-4.072999025168018,0.18091295788319897,Norwegian,norwegian,D_lin
13604,0.9218400900022923,-0.13004493299716666,Norwegian,norwegian,D_lin
13607,-1.5030043647887337,-0.2348259516272361,Norwegian,norwegian,D_lin
13608,-0.5240997126779943,-0.2776579172106533,Norwegian,norwegian,D_lin
13611,0.6356753535693118,-0.2058354343108375,Norwegian,norwegian,D_lin
13612,4.045579700206547,-0.32429792435593835,Norwegian,norwegian,D_lin
13617,-4.436739819845426,0.26371236559755923,Norwegian,norwegian,D_lin
13622,-6.533957585714401,-0.1007916650099773,Norwegian,norwegian,D_lin
13628,3.123933554789921,-0.37184914119232887,Norwegian,norwegian,D_lin
13630,-2.374299460381959,0.4049479966795009,Norwegian,norwegian,D_lin
13631,0.16259698161119313,0.588109747470798,Norwegian,norwegian,D_lin
13636,-0.22782554261515292,-0.11571162904453706,Norwegian,norwegian,D_lin
13637,-1.67934619219673,-0.028059620703872003,Norwegian,norwegian,D_lin
13640,2.205214714143556,-0.47219358633019076,Norwegian,norwegian,D_lin
13644,1.4983026503167214,0.031295832322308495,Norwegian,norwegian,D_lin
13645,2.447071772420992,-0.11086278727303278,Norwegian,norwegian,D_lin
13647,-2.1728212980325634,0.06192635332952237,Norwegian,norwegian,D_lin
13650,2.3935183823924353,-0.30148212061582946,Norwegian,norwegian,D_lin
13652,-3.5180800811158344,-0.6846662239845162,Norwegian,norwegian,D_lin
13653,3.279305604028612,-0.27639478527222694,Norwegian,norwegian,D_lin
13655,-2.886339966763451,0.20323837019929258,Norwegian,norwegian,D_lin
13662,-2.7013519684010117,-0.06975993355020134,Norwegian,norwegian,D_lin
13665,1.2147285086177333,-0.45225561539162,Norwegian,norwegian,D_lin
13666,0.06540631265121896,0.08624238482974898,Norwegian,norwegian,D_lin
13667,1.0452763116628159,0.24920520190845813,Norwegian,norwegian,D_lin
13672,1.418437727479444,-0.244065299815387,Norwegian,norwegian,D_lin
13673,-2.042809200185119,0.00938641536600263,Norwegian,norwegian,D_lin
13674,2.873936681908058,-0.46743884743768577,Norwegian,norwegian,D_lin
13675,0.9323751955053867,0.04542800690224237,Norwegian,norwegian,D_lin
13678,3.9353589511900315,-0.2818397020102669,Norwegian,norwegian,D_lin
13679,-0.3975528791598517,0.6164682909911982,Norwegian,norwegian,D_lin
13680,2.0653450871942076,0.023975720777742553,Norwegian,norwegian,D_lin
13688,0.8967743818690632,-0.05127452676335906,Norwegian,norwegian,D_lin
13689,1.4328515075383987,-0.29378980598281507,Norwegian,norwegian,D_lin
13690,-3.8231039369241455,0.06449938129606146,Norwegian,norwegian,D_lin
13694,1.9007589809907803,-0.33115146731107564,Norwegian,norwegian,D_lin
13697,2.7323354576489005,-0.21376261029058874,Norwegian,norwegian,D_lin
13699,-0.3087051845371629,0.05306776173692203,Norwegian,norwegian,D_lin
13706,-2.3888967445633016,-0.18258280027700755,Norwegian,norwegian,D_lin
13707,-3.302582367230847,0.49293053802962994,Norwegian,norwegian,D_lin
13709,-0.4414245997912469,-0.030658852059943106,Norwegian,norwegian,D_lin
13711,1.5970054230200212,-0.27308928566324703,Norwegian,norwegian,D_lin
13714,1.1360907639271014,0.020513563833677494,Norwegian,norwegian,D_lin
13716,-0.5810316598249264,0.05926319206375528,Norwegian,norwegian,D_lin
13717,-0.41601274058944976,-0.16943977781898018,Norwegian,norwegian,D_lin
13719,0.10246511317675149,-0.2584954689414351,Norwegian,norwegian,D_lin
13722,1.2343767737550393,-0.08614672552805736,Norwegian,norwegian,D_lin
13723,-0.29454285273554365,-0.538554800892807,Norwegian,norwegian,D_lin
13727,-2.7541241352494996,0.1373232532117859,Norwegian,norwegian,D_lin
13729,0.8622042950698526,-0.292924062184767,Norwegian,norwegian,D_lin
13730,2.8937269318535304,-0.09069035917273435,Norwegian,norwegian,D_lin
13733,1.519120817842945,-0.08677560653218137,Norwegian,norwegian,D_lin
13736,-2.1961144259396486,-0.5364690623823488,Norwegian,norwegian,D_lin
13739,-1.0672704908679418,-0.012778766083711868,Norwegian,norwegian,D_lin
13746,-1.4884641965600722,0.06672580879547327,Norwegian,norwegian,D_lin
13747,-1.9568302675148226,0.03470103960168142,Norwegian,norwegian,D_lin
13751,-3.2845853991949108,-0.1281989858416456,Norwegian,norwegian,D_lin
13753,0.5812856575488733,-0.15905956115396366,Norwegian,norwegian,D_lin
13757,-0.2994426209556883,0.06180834458134041,Norwegian,norwegian,D_lin
13760,-2.1437886322812147,0.3357560632267076,Norwegian,norwegian,D_lin
13761,0.8197832033281115,-0.32288757873425084,Norwegian,norwegian,D_lin
13767,1.368204947942712,-0.6814370915453711,Norwegian,norwegian,D_lin
13769,1.7885188763262367,-0.3175511486125027,Norwegian,norwegian,D_lin
13770,-1.711617701309765,0.0691274229293997,Norwegian,norwegian,D_lin
13775,0.49124170316603494,-0.21366902803425264,Norwegian,norwegian,D_lin
13776,2.282170675865187,-0.1284740604014254,Norwegian,norwegian,D_lin
13777,-5.413485298303971,-0.1368990495730827,Norwegian,norwegian,D_lin
13778,3.312144335561805,-0.30352520487732826,Norwegian,norwegian,D_lin
13790,1.74500720864293,-0.003018023477099622,Norwegian,norwegian,D_lin
13800,1.1909671542054137,-0.43942270783770726,Norwegian,norwegian,D_lin
13802,2.533805791157054,-0.27459448948872467,Norwegian,norwegian,D_lin
13805,-2.859294887591615,0.7272699862101941,Norwegian,norwegian,D_lin
13814,1.1287413321727382,-0.16603778374725914,Norwegian,norwegian,D_lin
13816,-0.14800470005692398,0.9501102763410427,Norwegian,norwegian,D_lin
13823,0.08485499776115471,0.05639231808545127,Norwegian,norwegian,D_lin
13824,3.673419262852692,-0.1395174174013647,Norwegian,norwegian,D_lin
13825,-4.203094964737858,0.3907726085931903,Norwegian,norwegian,D_lin
13826,-0.07908379978040585,-0.04926707489431135,Norwegian,norwegian,D_lin
13827,1.5368029823985683,-0.11666358687553807,Norwegian,norwegian,D_lin
13831,-2.177391619738318,0.35915689102209897,Norwegian,norwegian,D_lin
13836,0.7942351782918926,-0.41875313917182383,Norwegian,norwegian,D_lin
13837,1.6085293555722544,-0.18812779632004648,Norwegian,norwegian,D_lin
13842,0.04045925133794512,0.8251352290503976,Norwegian,norwegian,D_lin
13844,-3.276822141559396,0.09513197279147198,Norwegian,norwegian,D_lin
13849,0.2504701569147117,-0.3011898420655343,Norwegian,norwegian,D_lin
13850,1.8099973449936513,-0.3494088861872462,Norwegian,norwegian,D_lin
13856,-4.852840637274267,0.9965026808720291,Norwegian,norwegian,D_lin
13858,1.8495113916332555,-0.3431334724977643,Norwegian,norwegian,D_lin
13864,-3.4020330798083367,0.09831128106813886,Norwegian,norwegian,D_lin
13871,-4.503401957717368,0.1897305208053935,Norwegian,norwegian,D_lin
13872,0.22339044902375604,-0.29428081083254,Norwegian,norwegian,D_lin
13878,-0.1656155912558793,-0.03263161549379072,Norwegian,norwegian,D_lin
13883,-0.06553526919105226,0.15189629775843633,Norwegian,norwegian,D_lin
13884,0.18838951534413864,0.22975180735564887,Norwegian,norwegian,D_lin
13886,0.7793559566612506,-0.216716239696846,Norwegian,norwegian,D_lin
13888,4.439560206941465,-0.41198126226973103,Norwegian,norwegian,D_lin
13893,1.1101136667303781,-0.13236283987735498,Norwegian,norwegian,D_lin
13901,1.460323860196588,-0.10106699464147159,Norwegian,norwegian,D_lin
13902,1.3713180500516036,-0.026596592562199015,Norwegian,norwegian,D_lin
13904,2.1273859064031013,-0.09364461078138006,Norwegian,norwegian,D_lin
13911,3.284674995640695,-0.43659873027504836,Norwegian,norwegian,D_lin
13912,0.26698551799199727,0.015632120821589327,Norwegian,norwegian,D_lin
13915,2.1926115367869192,-0.11315093884033275,Norwegian,norwegian,D_lin
13917,-2.7707428698221412,0.41174253981310477,Norwegian,norwegian,D_lin
13918,-1.2848522903972346,-0.26186985452764766,Norwegian,norwegian,D_lin
13931,-4.086530589149206,-0.1627591111958003,Norwegian,norwegian,D_lin
13933,0.9267828063497986,-0.21612231055441022,Norwegian,norwegian,D_lin
13936,-3.3448816419368974,0.20564021463263069,Norwegian,norwegian,D_lin
13937,2.7185805770394333,-0.1461326015664254,Norwegian,norwegian,D_lin
13941,0.9202140519078623,-0.42259074457444423,Norwegian,norwegian,D_lin
13942,7.190104336802207,-0.9418576285529117,Norwegian,norwegian,D_lin
13943,0.06383451236577545,-0.29171096259527746,Norwegian,norwegian,D_lin
13947,-7.986814255854613,0.17999448009984384,Norwegian,norwegian,D_lin
13951,-2.3087395602830356,0.078283324364107,Norwegian,norwegian,D_lin
13955,0.6053797074861935,-0.14458356632089092,Norwegian,norwegian,D_lin
13961,-0.3229675838329541,-0.11244184919063263,Norwegian,norwegian,D_lin
13971,0.5024713973850715,-0.18225643943597356,Norwegian,norwegian,D_lin
13972,3.65204778493166,-0.3619220091957657,Norwegian,norwegian,D_lin
13973,0.2907345008999802,-0.19281415436267063,Norwegian,norwegian,D_lin
13977,-1.2820877719631552,0.14300738368184837,Norwegian,norwegian,D_lin
13978,-1.5062476315226347,-0.02017113597308725,Norwegian,norwegian,D_lin
13981,4.342139765942888,-0.5215755321640626,Norwegian,norwegian,D_lin
13990,0.1507192036047774,-0.05512748693384251,Norwegian,norwegian,D_lin
13994,1.6161144329500385,-0.03438951474109791,Norwegian,norwegian,D_lin
13998,2.0989766617708985,-0.22600458035967763,Norwegian,norwegian,D_lin
13999,4.257391019916914,-0.588545047788306,Norwegian,norwegian,D_lin
14001,1.2204478342687801,-0.3511829060693763,Norwegian,norwegian,D_lin
14002,-0.7709840585832045,0.11440164560763855,Norwegian,norwegian,D_lin
14003,-1.4018866042955125,-0.28654378422735305,Norwegian,norwegian,D_lin
14004,1.0203728536806667,-0.23448669922074453,Norwegian,norwegian,D_lin
14005,2.6546102455339287,-0.046971454359882696,Norwegian,norwegian,D_lin
14006,-2.6720827110610843,0.13953474407899055,Norwegian,norwegian,D_lin
14010,-0.9247982094481486,-0.016540720675695498,Norwegian,norwegian,D_lin
14011,-1.2629056367321392,-0.10486657581302279,Norwegian,norwegian,D_lin
14022,-1.1697500254252378,0.18645383803174767,Norwegian,norwegian,D_lin
14024,-0.8821257192929142,-0.38809266639322365,Norwegian,norwegian,D_lin
14029,-2.338604472557221,-0.14687347486298966,Norwegian,norwegian,D_lin
14033,-1.6022931668169147,0.10823314827967118,Norwegian,norwegian,D_lin
14040,-5.043267811749155,-0.5279864162624225,Norwegian,norwegian,D_lin
14041,3.3050797326799968,-0.24218267773748292,Norwegian,norwegian,D_lin
14044,0.6281472723562709,0.4399838193023339,Norwegian,norwegian,D_lin
14047,-1.7052841422916833,-0.14151526864723252,Norwegian,norwegian,D_lin
14048,-0.032858927692491234,-0.0010079321706870908,Norwegian,norwegian,D_lin
14052,0.6113359552113002,-0.17961361687620686,Norwegian,norwegian,D_lin
14054,0.7009547414419484,-0.4148721731996024,Norwegian,norwegian,D_lin
14056,-0.3412751630969792,0.03070169865412626,Norwegian,norwegian,D_lin
14058,-3.75097646443569,0.2437786486559102,Norwegian,norwegian,D_lin
14064,-1.5008841910377293,0.6724203660219734,Norwegian,norwegian,D_lin
14066,0.8241238607059896,0.0060052465938242525,Norwegian,norwegian,D_lin
14067,-0.0616834197767313,-0.16789254277689786,Norwegian,norwegian,D_lin
14069,-5.1036592300101224,0.5791076433092313,Norwegian,norwegian,D_lin
14070,0.7126617817346956,0.3960200518907034,Norwegian,norwegian,D_lin
14075,0.8264626113283023,-0.4999352514774238,Norwegian,norwegian,D_lin
14076,-1.117386696374519,0.10313199757055852,Norwegian,norwegian,D_lin
14077,5.011065328614916,-0.15215262586732942,Norwegian,norwegian,D_lin
14080,3.6930710904164443,-0.8033387931801704,Norwegian,norwegian,D_lin
14081,4.87425881441619,-0.3251904716589376,Norwegian,norwegian,D_lin
14083,0.862872872413372,0.034641859109841744,Norwegian,norwegian,D_lin
14090,2.4973912843812984,-0.3604368629990882,Norwegian,norwegian,D_lin
14092,-3.5862642439417725,-0.12451036371763466,Norwegian,norwegian,D_lin
14093,-0.032396117194808643,-0.2158126745348753,Norwegian,norwegian,D_lin
14095,0.1126404241152259,0.15120155787759484,Norwegian,norwegian,D_lin
14098,3.5910196865408404,-0.5016360969456216,Norwegian,norwegian,D_lin
14101,-3.6760273618118373,-0.03164517841572638,Norwegian,norwegian,D_lin
14103,-0.5908762271986937,-0.21259986321458169,Norwegian,norwegian,D_lin
14105,-5.918974424037767,0.2058929202331919,Norwegian,norwegian,D_lin
14106,2.86110424664104,-0.2080140799829493,Norwegian,norwegian,D_lin
14108,-1.078750465021554,-0.1255525221927273,Norwegian,norwegian,D_lin
14111,5.049393293036961,-0.232879233657297,Norwegian,norwegian,D_lin
14112,2.587233627051121,-0.055054315632618825,Norwegian,norwegian,D_lin
14114,-1.5534039512153812,-0.004317558117977266,Norwegian,norwegian,D_lin
14115,2.5805775448338286,0.054155406797372733,Norwegian,norwegian,D_lin
14117,4.706077605416471,-0.3481671440673668,Norwegian,norwegian,D_lin
14119,1.1844321402934435,-0.5918569183509667,Norwegian,norwegian,D_lin
14122,3.6417972665971563,-0.6738438329270313,Norwegian,norwegian,D_lin
14126,0.5906188110487945,0.32638963362999296,Norwegian,norwegian,D_lin
14127,-0.10116238664538302,-0.08150783191303186,Norwegian,norwegian,D_lin
14129,1.3924688593666643,-0.058272079271901825,Norwegian,norwegian,D_lin
14135,5.040245730597945,-0.5764264115911067,Norwegian,norwegian,D_lin
14138,-0.4734385016382518,-0.04462123934035976,Norwegian,norwegian,D_lin
14139,0.6789482870756253,-0.14563418167666034,Norwegian,norwegian,D_lin
14147,-0.9411531272219895,-0.03667078348129956,Norwegian,norwegian,D_lin
14151,-6.9152656414185,-0.10567861927507123,Norwegian,norwegian,D_lin
14161,3.590942580889081,-0.4130072305824787,Norwegian,norwegian,D_lin
14163,-0.16216745322186396,-0.10557223481899414,Norwegian,norwegian,D_lin
14165,-2.9366719835682793,0.0757335116554399,Norwegian,norwegian,D_lin
14166,0.891680251749277,-0.28943415149625035,Norwegian,norwegian,D_lin
14170,2.9690029595408096,-0.45393713839949884,Norwegian,norwegian,D_lin
14171,3.308351692508958,-0.128218871408118,Norwegian,norwegian,D_lin
14175,0.33763880336573066,-0.08452923629922933,Norwegian,norwegian,D_lin
14176,-2.1985230205766535,-0.13444157321800995,Norwegian,norwegian,D_lin
14180,5.510491656291876,-0.3925420621698683,Norwegian,norwegian,D_lin
14183,-2.7509305821935874,0.2904571083078723,Norwegian,norwegian,D_lin
14189,3.9610415182562253,-0.38604871621408066,Norwegian,norwegian,D_lin
14192,-2.6250868872795468,-0.48546354704209016,Norwegian,norwegian,D_lin
14195,2.0253132783852874,-0.27955434427272363,Norwegian,norwegian,D_lin
14196,-0.21857459140547336,-0.3462167360105412,Norwegian,norwegian,D_lin
14197,1.2001306336449773,-0.332294082496567,Norwegian,norwegian,D_lin
14202,1.6467413338024706,-0.06687448327470644,Norwegian,norwegian,D_lin
14207,-0.21568837470949995,-0.09364622580426085,Norwegian,norwegian,D_lin
14208,-0.05678609890222982,-0.39022435481840034,Norwegian,norwegian,D_lin
14212,-3.060842926855789,0.08379912264327045,Norwegian,norwegian,D_lin
14218,2.3388110871437533,-0.15000045478103438,Norwegian,norwegian,D_lin
14222,2.8836638506330186,-0.2990567954425683,Norwegian,norwegian,D_lin
14223,0.23704402962893875,-0.19499100818674175,Norwegian,norwegian,D_lin
14226,0.20313268113711838,0.10280324836824803,Norwegian,norwegian,D_lin
14233,-23.41891938222967,4.389565774542213,Norwegian,norwegian,D_lin
14235,-2.838266095723422,-0.15897482186828077,Norwegian,norwegian,D_lin
14239,-1.6273662386811043,0.3777461658760508,Norwegian,norwegian,D_lin
14251,-0.34898898562648273,-0.2575401390770398,Norwegian,norwegian,D_lin
14252,2.3055621721523805,-0.3590495402314429,Norwegian,norwegian,D_lin
14257,0.4048285729608723,-0.1405553203068685,Norwegian,norwegian,D_lin
14258,-5.161284444880312,0.49803215367079307,Norwegian,norwegian,D_lin
14260,-0.4701244022772618,-0.26093083892857444,Norwegian,norwegian,D_lin
14262,0.6187749731916276,-0.22656644445104693,Norwegian,norwegian,D_lin
14263,-1.367295332199829,-0.16286845028355326,Norwegian,norwegian,D_lin
14266,-3.8611552407680625,0.09193697818394224,Norwegian,norwegian,D_lin
14268,-0.7608821877305151,-0.09257495742044494,Norwegian,norwegian,D_lin
14269,0.8519128195975584,-0.21038648849606204,Norwegian,norwegian,D_lin
14274,5.155818884201706,-0.5535269448327669,Norwegian,norwegian,D_lin
14276,0.7782608376019822,-0.04148602414300635,Norwegian,norwegian,D_lin
14278,3.2604516001519954,-0.0990569868416493,Norwegian,norwegian,D_lin
14279,0.11230044837090183,0.07972832634141241,Norwegian,norwegian,D_lin
14283,1.555155840145016,-0.3461938452387769,Norwegian,norwegian,D_lin
14289,1.4285771821077202,-0.042462703386347944,Norwegian,norwegian,D_lin
14295,-0.21752748820280093,-0.26680223548110993,Norwegian,norwegian,D_lin
14296,-3.238258731645543,0.1849502624930942,Norwegian,norwegian,D_lin
14297,0.8161187805523745,-0.16382012777839275,Norwegian,norwegian,D_lin
14299,1.8599114708919908,-0.1468935178575932,Norwegian,norwegian,D_lin
14302,4.086425077309373,-0.42695295921945414,Norwegian,norwegian,D_lin
14303,-2.1578643791070533,-0.2659864861828647,Norwegian,norwegian,D_lin
14309,0.15078863762758943,0.08863489197328145,Norwegian,norwegian,D_lin
14310,-9.251250502188324,0.9865073357084071,Norwegian,norwegian,D_lin
14312,-2.7264618214513616,-0.15506783789550327,Norwegian,norwegian,D_lin
14321,-0.969129408158948,-0.14731216869153624,Norwegian,norwegian,D_lin
14323,-14.081849634283467,1.5264322989223957,Norwegian,norwegian,D_lin
14328,0.7048675849963766,-0.01968352727302164,Norwegian,norwegian,D_lin
14329,-3.337513308027083,-0.01097202566274539,Norwegian,norwegian,D_lin
14332,-0.6399385157376469,-0.3266082758866445,Norwegian,norwegian,D_lin
14333,-1.5916580552612176,-0.03439627548103643,Norwegian,norwegian,D_lin
14348,-0.3664690745890734,-0.12767762701738386,Norwegian,norwegian,D_lin
14349,-0.17550382386089464,0.014444497688072426,Norwegian,norwegian,D_lin
14352,-1.0293892305495655,-0.04525594319425859,Norwegian,norwegian,D_lin
14356,-0.6091797934497645,0.3533182763739583,Norwegian,norwegian,D_lin
14358,1.3046472300067282,-0.3915240253466294,Norwegian,norwegian,D_lin
14360,-1.0620690572534193,-0.36091086396593974,Norwegian,norwegian,D_lin
14369,1.7794303930342366,-0.2935692710917505,Norwegian,norwegian,D_lin
14370,1.4422022688403098,-0.2380998300128295,Norwegian,norwegian,D_lin
14371,-2.255254637636957,0.5507550384557596,Norwegian,norwegian,D_lin
14374,3.2595983265215285,-0.36422126488550866,Norwegian,norwegian,D_lin
14375,-4.716568418088241,0.9317019353487871,Norwegian,norwegian,D_lin
14376,-4.5164023043982064,0.3176512304411945,Norwegian,norwegian,D_lin
14381,0.6942228072171525,-0.20156103346847173,Norwegian,norwegian,D_lin
14383,-0.5028675771487436,-0.26228469601353777,Norwegian,norwegian,D_lin
14385,-0.6171376698357993,-0.08019439386106234,Norwegian,norwegian,D_lin
14392,3.00195215801816,-0.3110934266773841,Norwegian,norwegian,D_lin
14399,2.042958466468601,-0.0885548779992856,Norwegian,norwegian,D_lin
14404,-1.6389780362780304,-0.1758061074512684,Norwegian,norwegian,D_lin
14405,-3.1234518945870713,0.2630602281870602,Norwegian,norwegian,D_lin
14407,-2.2063158467843134,-0.10345821136401429,Norwegian,norwegian,D_lin
14425,-1.8093197653630817,-0.15656926012536437,Norwegian,norwegian,D_lin
14427,-1.5782513500250757,-0.35636125122844453,Norwegian,norwegian,D_lin
14429,2.9603608152484844,-0.5562547533468903,Norwegian,norwegian,D_lin
14438,-5.5841527565447535,-0.41178469540069323,Norwegian,norwegian,D_lin
14460,0.9828896198911585,-0.24771692541821014,Norwegian,norwegian,D_lin
14463,1.8893294726519696,-0.6399200101833449,Norwegian,norwegian,D_lin
14472,3.4178515412083086,-0.5315783270418969,Norwegian,norwegian,D_lin
14475,6.504922619707242,-0.32506727349287134,Norwegian,norwegian,D_lin
14478,0.21211845573920796,-0.28236300021736804,Norwegian,norwegian,D_lin
14483,2.4758634461155657,-0.5581708613824624,Norwegian,norwegian,D_lin
14494,2.7759983388913025,-0.324421037529605,Norwegian,norwegian,D_lin
14497,0.319358241039741,0.06023750834344028,Norwegian,norwegian,D_lin
14499,1.3400816327199636,-0.20096771687295029,Norwegian,norwegian,D_lin
14502,-0.12360432387700845,0.2256855624891154,Norwegian,norwegian,D_lin
14511,-1.8051630925542006,0.06299281443606264,Norwegian,norwegian,D_lin
14514,-1.0134491471701885,-0.08284949213584636,Norwegian,norwegian,D_lin
14516,-1.2078106054097664,-0.07770762360726251,Norwegian,norwegian,D_lin
14524,-4.40132106153624,-0.01565586323748514,Norwegian,norwegian,D_lin
14528,-2.7681019259523416,0.390426022291093,Norwegian,norwegian,D_lin
14584,-4.330944871468874,0.5115079288753852,Norwegian,norwegian,D_lin
14587,-6.584838913402268,-0.19821128741605154,Norwegian,norwegian,D_lin
14605,2.0893339503621724,-0.153246202587112,Norwegian,norwegian,D_lin
14608,-0.9481216794168882,-0.2337799205309824,Norwegian,norwegian,D_lin
14610,2.9778127882820096,-0.4954957226445915,Norwegian,norwegian,D_lin
14619,-0.03779388944623756,0.1933369396796519,Norwegian,norwegian,D_lin
14620,2.635891982512853,-0.3130546573105322,Norwegian,norwegian,D_lin
14637,-0.014155683157620792,-0.23673273499340636,Norwegian,norwegian,D_lin
14643,-0.17416296371265275,-0.035707886922614826,Norwegian,norwegian,D_lin
14646,-1.8373441119212486,-0.18516135892804533,Norwegian,norwegian,D_lin
14647,-0.3065312410828774,-0.2027390686045899,Norwegian,norwegian,D_lin
14660,-3.7250013553722083,0.08388303859777535,Norwegian,norwegian,D_lin
14677,-5.828335638610623,0.3232247845715993,Norwegian,norwegian,D_lin
14680,-0.33949909642474624,-0.07552070654739261,Norwegian,norwegian,D_lin
14685,-1.9971673640793703,0.11979469082895662,Norwegian,norwegian,D_lin
14702,-1.2669945155952813,-0.16152909058272558,Norwegian,norwegian,D_lin
14793,-0.3149765104302779,-0.24425625034878676,Norwegian,norwegian,D_lin
14807,3.2450474432152148,-0.4912014769786385,Norwegian,norwegian,D_lin
14813,-0.7636680887263255,0.07923212710455643,Norwegian,norwegian,D_lin
14829,-5.584812798009641,0.8994144975841876,Norwegian,norwegian,D_lin
14842,0.9169892991563187,0.009174538180141996,Norwegian,norwegian,D_lin
14889,-11.299042574907514,1.5562256444112534,Norwegian,norwegian,D_lin
14911,0.5718774488372816,-0.5567833180557273,Norwegian,norwegian,D_lin
14915,0.01966283268470399,-0.07371932959494094,Norwegian,norwegian,D_lin
14932,-3.2477414775018874,0.2204858270540067,Norwegian,norwegian,D_lin
14939,-0.4106205299469248,-0.28456717809091714,Norwegian,norwegian,D_lin
14976,-2.7765740449121386,-0.013106245804487708,Norwegian,norwegian,D_lin
14982,3.8518972604533888,-0.6234302563303789,Norwegian,norwegian,D_lin
14991,-5.941147249195406,0.5266887125222157,Norwegian,norwegian,D_lin
14997,-3.4890343312802927,0.5375247682592941,Norwegian,norwegian,D_lin
15003,-8.63121076538391,0.6192482560417105,Norwegian,norwegian,D_lin
15018,-4.30835588174911,0.26856604985833554,Norwegian,norwegian,D_lin
15025,-0.9636011999613379,-0.03782975243468954,Norwegian,norwegian,D_lin
15036,-7.216858496093538,0.06908653935303574,Norwegian,norwegian,D_lin
15045,-8.977140993669297,0.7793806858536876,Norwegian,norwegian,D_lin
15058,9.59663698066566,-1.1862018211358611,Norwegian,norwegian,D_lin
15066,1.0298684744500244,-0.266573325079842,Norwegian,norwegian,D_lin
15070,-8.361916854893527,1.2026086795820332,Norwegian,norwegian,D_lin
15106,-1.8835658566537206,-0.30964372827236175,Norwegian,norwegian,D_lin
15133,2.1922349468814986,-0.4695771957618602,Norwegian,norwegian,D_lin
15148,-0.9527298158528205,-0.14625354267322557,Norwegian,norwegian,D_lin
15186,1.308715409546755,-0.3743653799800732,Norwegian,norwegian,D_lin
15201,0.06566810084866159,-0.33404623248467635,Norwegian,norwegian,D_lin
15246,-8.014451371028816,0.7496396359929273,Norwegian,norwegian,D_lin
15253,-5.6532057945697005,0.21838283333901215,Norwegian,norwegian,D_lin
15277,-8.749456615405748,0.7430765147611498,Norwegian,norwegian,D_lin
15290,-0.2565067514968452,-0.31529332974495483,Norwegian,norwegian,D_lin
15293,1.707999413163968,-0.22922554215936664,Norwegian,norwegian,D_lin
15349,-1.3934912461385454,-0.08932263575183366,Norwegian,norwegian,D_lin
15385,-8.49752566900843,0.5944673993863436,Norwegian,norwegian,D_lin
15410,-3.490273470079201,-0.03671923029299403,Norwegian,norwegian,D_lin
15411,0.7643141872745287,-0.28061196539009287,Norwegian,norwegian,D_lin
15415,-4.183090047248051,0.32773262368031153,Norwegian,norwegian,D_lin
15445,1.3094719060856872,-0.10142638162493006,Norwegian,norwegian,D_lin
15448,-2.259712175593049,-0.06421421287303972,Norwegian,norwegian,D_lin
15474,-7.953675778394543,0.6169987979512149,Norwegian,norwegian,D_lin
15487,-4.936541255675132,0.2899608141668998,Norwegian,norwegian,D_lin
18072,-0.3941026168444943,-0.01006022360974752,Norwegian,norwegian,D_lin
18073,-0.43193171798097235,-0.03511338959349149,Norwegian,norwegian,D_lin
18074,-0.5496887654762839,-0.02936330294985566,Norwegian,norwegian,D_lin
18075,1.2485752908647423,0.06234364680445751,Norwegian,norwegian,D_lin
18076,-2.547516300137924,-0.09303372884792734,Norwegian,norwegian,D_lin
18077,0.0017480821937621363,0.0585200161189396,Norwegian,norwegian,D_lin
18078,1.1852887019122558,0.25637579305680763,Norwegian,norwegian,D_lin
18079,-0.14430025124393564,0.02105854299300173,Norwegian,norwegian,D_lin
18080,-2.0676165010097085,-0.14492859443164005,Norwegian,norwegian,D_lin
18081,1.6242069908078578,0.19013185056533494,Norwegian,norwegian,D_lin
18082,0.43865669861099643,-0.03744413138742932,Norwegian,norwegian,D_lin
18083,2.552950413509748,0.1755262723609739,Norwegian,norwegian,D_lin
18084,4.1218271565833895,0.3467364556280011,Norwegian,norwegian,D_lin
18085,-4.005786325242382,-0.2692408691321651,Norwegian,norwegian,D_lin
18086,-3.1299305685464502,-0.2211557809900114,Norwegian,norwegian,D_lin
18087,-0.04050333011085864,0.0693966037772056,Norwegian,norwegian,D_lin
18088,-3.723512273338426,-0.30704616787519207,Norwegian,norwegian,D_lin
18089,0.833495688909402,0.17570991768096353,Norwegian,norwegian,D_lin
18090,1.3661167081547183,0.11034431669376711,Norwegian,norwegian,D_lin
18091,-0.3836092431108286,0.05316039212128582,Norwegian,norwegian,D_lin
18092,1.749971086338595,0.14285632703372003,Norwegian,norwegian,D_lin
18093,-2.290208337428533,0.11006943043849637,Norwegian,norwegian,D_lin
18094,3.143705769778793,0.24556635642897467,Norwegian,norwegian,D_lin
18095,-2.383946908780111,-0.08806170592763547,Norwegian,norwegian,D_lin
18096,3.4004156029996655,0.3116626371957283,Norwegian,norwegian,D_lin
18097,1.5092173471532488,0.13401598581535198,Norwegian,norwegian,D_lin
18098,-1.1563244562170543,-0.1429210033937371,Norwegian,norwegian,D_lin
18099,1.7253222552476022,0.06253799213288362,Norwegian,norwegian,D_lin
18100,1.369229787555964,0.04422145156699474,Norwegian,norwegian,D_lin
18101,-2.3032176265167372,-0.05765586771097384,Norwegian,norwegian,D_lin
18102,-0.36580681187640884,0.031131917952393826,Norwegian,norwegian,D_lin
18103,-2.160143348089752,-0.16444725746675418,Norwegian,norwegian,D_lin
18104,0.3912737768416666,0.03149616497868308,Norwegian,norwegian,D_lin
18105,-0.597745146877804,-0.12753126697209816,Norwegian,norwegian,D_lin
18106,-4.09580124816969,-0.04381551688745398,Norwegian,norwegian,D_lin
18107,8.628911497597942,0.6168174122744344,Norwegian,norwegian,D_lin
18108,1.270131681145653,0.14865872430777824,Norwegian,norwegian,D_lin
18109,-1.2021921053969666,-0.05297166759155987,Norwegian,norwegian,D_lin
18110,4.526928031044248,0.41821547242836454,Norwegian,norwegian,D_lin
18111,10.363864988817957,0.5553258776535241,Norwegian,norwegian,D_lin
18112,-2.9000323723486914,-0.1111522715826786,Norwegian,norwegian,D_lin
18113,0.8133385957468598,0.0843986567595719,Norwegian,norwegian,D_lin
18114,-2.7956295359557264,-0.21255770074152996,Norwegian,norwegian,D_lin
18115,-0.039298764254892524,0.0757869819620047,Norwegian,norwegian,D_lin
18116,4.434495667066313,0.3719729659259273,Norwegian,norwegian,D_lin
18117,-2.5053438702706297,-0.14906381243022082,Norwegian,norwegian,D_lin
18118,-2.662901350598026,0.015047116507570485,Norwegian,norwegian,D_lin
18119,1.452913128222362,0.22068233582532343,Norwegian,norwegian,D_lin
18120,-1.9258866425576786,0.16276550599371187,Norwegian,norwegian,D_lin
18121,-2.471165625672709,-0.1937801740559062,Norwegian,norwegian,D_lin
18122,-0.23622904025841537,-0.06924089174284842,Norwegian,norwegian,D_lin
18123,2.759487097894591,0.3354774403875954,Norwegian,norwegian,D_lin
18124,-3.200177234341144,-0.14370488573036033,Norwegian,norwegian,D_lin
18125,-1.659986382891822,-0.1652354863331591,Norwegian,norwegian,D_lin
18126,-2.3841811511555764,-0.11770284133250886,Norwegian,norwegian,D_lin
18127,2.6113610958425904,0.20024459213065887,Norwegian,norwegian,D_lin
18128,-3.98104387894062,-0.22365459954013878,Norwegian,norwegian,D_lin
18129,-2.3115343961695016,-0.09793884265772274,Norwegian,norwegian,D_lin
18130,1.1917537349011047,0.08891913062589868,Norwegian,norwegian,D_lin
18131,-1.389369603341442,-0.11121472420944808,Norwegian,norwegian,D_lin
18132,-0.8941939628060545,0.1710908328484767,Norwegian,norwegian,D_lin
18133,0.2614908851503135,-0.006743581938484499,Norwegian,norwegian,D_lin
18134,1.7832960406924026,0.1444904691669768,Norwegian,norwegian,D_lin
18135,-0.5410390156812481,0.1366055569610368,Norwegian,norwegian,D_lin
18136,1.8217647629561504,0.17502242352881925,Norwegian,norwegian,D_lin
18137,4.803967332585032,0.3070657064649759,Norwegian,norwegian,D_lin
18138,1.3855305272466512,-0.040724850353951195,Norwegian,norwegian,D_lin
18139,2.953640456115209,0.09884365953249037,Norwegian,norwegian,D_lin
18140,-1.0373605551771559,0.05204022168756584,Norwegian,norwegian,D_lin
18141,-1.696376966274315,-0.0715392392840083,Norwegian,norwegian,D_lin
18142,-0.3189124598809227,0.12513214576454834,Norwegian,norwegian,D_lin
18143,-0.6339722052802728,0.06820692703120253,Norwegian,norwegian,D_lin
18144,-0.6216395542332506,-0.07930377658272393,Norwegian,norwegian,D_lin
18145,3.76037789984961,0.3212710331785552,Norwegian,norwegian,D_lin
18146,-1.5027240700731275,-0.07908684925422509,Norwegian,norwegian,D_lin
18147,-2.5347839112962425,-0.16384144324507482,Norwegian,norwegian,D_lin
18148,-0.1837099816390397,0.09785893231598496,Norwegian,norwegian,D_lin
18149,-3.4062241806286364,-0.3014530601044517,Norwegian,norwegian,D_lin
18150,2.2990815091610415,0.233337595162066,Norwegian,norwegian,D_lin
18151,-1.7496310621673794,-0.09864739521859187,Norwegian,norwegian,D_lin
18152,7.154236363137985,0.38837564912108014,Norwegian,norwegian,D_lin
18153,0.7284187734813014,0.07090817422728654,Norwegian,norwegian,D_lin
18154,-0.9986434654022053,0.0764445011756985,Norwegian,norwegian,D_lin
18155,-2.0158144248011474,-0.01566838602798959,Norwegian,norwegian,D_lin
18156,-1.7958111911624026,-0.12433875965191588,Norwegian,norwegian,D_lin
18157,4.041273394521355,0.32269502303589737,Norwegian,norwegian,D_lin
18158,-1.1871553452804295,0.026826794500077054,Norwegian,norwegian,D_lin
18159,0.3424811301132981,0.05062768646997978,Norwegian,norwegian,D_lin
18160,-3.502994039598123,-0.1046747046166282,Norwegian,norwegian,D_lin
18161,-2.705758290101685,-0.17717653350428658,Norwegian,norwegian,D_lin
18162,6.41769961923636,0.6173958125423467,Norwegian,norwegian,D_lin
18163,-0.6356445546165246,0.01118954913321685,Norwegian,norwegian,D_lin
18164,2.8229049872845136,0.2256205334817194,Norwegian,norwegian,D_lin
18165,0.9103835629855439,-0.03927662205942277,Norwegian,norwegian,D_lin
18166,6.518068585689881,0.5219879999414798,Norwegian,norwegian,D_lin
18167,-1.8946439145523337,0.01953713565661,Norwegian,norwegian,D_lin
18168,-3.949931268452427,-0.0957525726886199,Norwegian,norwegian,D_lin
18169,-3.1205340547244496,-0.07285374594872417,Norwegian,norwegian,D_lin
18170,-2.876124130325123,-0.21859000813963306,Norwegian,norwegian,D_lin
18171,6.930976994379843,0.6523861342494416,Norwegian,norwegian,D_lin
18172,-0.6613649665085377,-0.053197705322754474,Norwegian,norwegian,D_lin
18173,3.5221322943465134,0.1159723825512016,Norwegian,norwegian,D_lin
18174,-1.111749743387266,-0.0017881181235992367,Norwegian,norwegian,D_lin
18175,2.6000681908283427,0.22525572958178136,Norwegian,norwegian,D_lin
18176,2.2995301474364878,0.16229779322080654,Norwegian,norwegian,D_lin
18177,-2.356869275818886,-0.1437216376582349,Norwegian,norwegian,D_lin
18178,2.501172523049938,0.10804370391367493,Norwegian,norwegian,D_lin
18179,-1.107075908212602,2.960703388156013e-4,Norwegian,norwegian,D_lin
18180,-2.1227874564166127,-0.18005836355380833,Norwegian,norwegian,D_lin
18181,-0.6397754329270331,0.06871702737004663,Norwegian,norwegian,D_lin
18182,-1.9303639803529167,-0.10062893685108268,Norwegian,norwegian,D_lin
18183,4.334390810039813,0.452781130869102,Norwegian,norwegian,D_lin
18184,-4.450988050313114,-0.34425939701709135,Norwegian,norwegian,D_lin
18185,-0.09391135341371143,0.1703566610991939,Norwegian,norwegian,D_lin
