"language","step","elpd_diff","se_diff","z","n_obs"
"English","M2 vs M1",2.18625714245477,1.84623126422839,1.18417296078479,145350
"Norwegian","M1 vs M0",59136.0859248947,233.183385412531,253.603342366247,310635
"Norwegian","M2 vs M1",-46.494407889874,4.51371441196046,-10.3006977505429,310635
"Norwegian","M6 vs M2",4215.01396135095,84.1774089778048,50.0729829123433,310635
"Norwegian","no_freq_M6 vs M6",-1422.89007141025,58.6664960384767,-24.2538785762326,310635
