"model","r2"
"log_p only",0.0332585447447599
"class only",0.212383110209607
"log_p + class",0.212477979473097
