lang_slug,model,age,qprob,vocab
english_american,A,16,0.1,170.04616312222757
english_american,A,16,0.25,170.04616312222757
english_american,A,16,0.5,170.04616312222757
english_american,A,16,0.75,170.04616312222757
english_american,A,16,0.9,170.04616312222757
english_american,A,17,0.1,177.25540654770546
english_american,A,17,0.25,177.25540654770546
english_american,A,17,0.5,177.25540654770546
english_american,A,17,0.75,177.25540654770546
english_american,A,17,0.9,177.25540654770546
english_american,A,18,0.1,184.2225358820711
english_american,A,18,0.25,184.2225358820711
english_american,A,18,0.5,184.2225358820711
english_american,A,18,0.75,184.2225358820711
english_american,A,18,0.9,184.2225358820711
english_american,A,19,0.1,190.9614965117898
english_american,A,19,0.25,190.9614965117898
english_american,A,19,0.5,190.9614965117898
english_american,A,19,0.75,190.9614965117898
english_american,A,19,0.9,190.9614965117898
english_american,A,20,0.1,197.4850368366805
english_american,A,20,0.25,197.4850368366805
english_american,A,20,0.5,197.4850368366805
english_american,A,20,0.75,197.4850368366805
english_american,A,20,0.9,197.4850368366805
english_american,A,21,0.1,203.8048489372221
english_american,A,21,0.25,203.8048489372221
english_american,A,21,0.5,203.8048489372221
english_american,A,21,0.75,203.8048489372221
english_american,A,21,0.9,203.8048489372221
english_american,A,22,0.1,209.9316879649231
english_american,A,22,0.25,209.9316879649231
english_american,A,22,0.5,209.9316879649231
english_american,A,22,0.75,209.9316879649231
english_american,A,22,0.9,209.9316879649231
english_american,A,23,0.1,215.8754742024842
english_american,A,23,0.25,215.8754742024842
english_american,A,23,0.5,215.8754742024842
english_american,A,23,0.75,215.8754742024842
english_american,A,23,0.9,215.8754742024842
english_american,A,24,0.1,221.64538087618342
english_american,A,24,0.25,221.64538087618342
english_american,A,24,0.5,221.64538087618342
english_american,A,24,0.75,221.64538087618342
english_american,A,24,0.9,221.64538087618342
english_american,A,25,0.1,227.24991015554707
english_american,A,25,0.25,227.24991015554707
english_american,A,25,0.5,227.24991015554707
english_american,A,25,0.75,227.24991015554707
english_american,A,25,0.9,227.24991015554707
english_american,A,26,0.1,232.69695928396754
english_american,A,26,0.25,232.69695928396754
english_american,A,26,0.5,232.69695928396754
english_american,A,26,0.75,232.69695928396754
english_american,A,26,0.9,232.69695928396754
english_american,A,27,0.1,237.99387840631758
english_american,A,27,0.25,237.99387840631758
english_american,A,27,0.5,237.99387840631758
english_american,A,27,0.75,237.99387840631758
english_american,A,27,0.9,237.99387840631758
english_american,A,28,0.1,243.14752136625614
english_american,A,28,0.25,243.14752136625614
english_american,A,28,0.5,243.14752136625614
english_american,A,28,0.75,243.14752136625614
english_american,A,28,0.9,243.14752136625614
english_american,A,29,0.1,248.1642905156712
english_american,A,29,0.25,248.1642905156712
english_american,A,29,0.5,248.1642905156712
english_american,A,29,0.75,248.1642905156712
english_american,A,29,0.9,248.1642905156712
english_american,A,30,0.1,253.05017639632354
english_american,A,30,0.25,253.05017639632354
english_american,A,30,0.5,253.05017639632354
english_american,A,30,0.75,253.05017639632354
english_american,A,30,0.9,253.05017639632354
english_american,B_lin,16,0.1,53.25567313595465
english_american,B_lin,16,0.25,53.25567313595465
english_american,B_lin,16,0.5,53.25567313595465
english_american,B_lin,16,0.75,53.25567313595465
english_american,B_lin,16,0.9,53.25567313595465
english_american,B_lin,17,0.1,68.180099566915
english_american,B_lin,17,0.25,68.180099566915
english_american,B_lin,17,0.5,68.180099566915
english_american,B_lin,17,0.75,68.180099566915
english_american,B_lin,17,0.9,68.180099566915
english_american,B_lin,18,0.1,86.40709009807973
english_american,B_lin,18,0.25,86.40709009807973
english_american,B_lin,18,0.5,86.40709009807973
english_american,B_lin,18,0.75,86.40709009807973
english_american,B_lin,18,0.9,86.40709009807973
english_american,B_lin,19,0.1,108.31427719088606
english_american,B_lin,19,0.25,108.31427719088606
english_american,B_lin,19,0.5,108.31427719088606
english_american,B_lin,19,0.75,108.31427719088606
english_american,B_lin,19,0.9,108.31427719088606
english_american,B_lin,20,0.1,134.18656559384928
english_american,B_lin,20,0.25,134.18656559384928
english_american,B_lin,20,0.5,134.18656559384928
english_american,B_lin,20,0.75,134.18656559384928
english_american,B_lin,20,0.9,134.18656559384928
english_american,B_lin,21,0.1,164.1555616626193
english_american,B_lin,21,0.25,164.1555616626193
english_american,B_lin,21,0.5,164.1555616626193
english_american,B_lin,21,0.75,164.1555616626193
english_american,B_lin,21,0.9,164.1555616626193
english_american,B_lin,22,0.1,198.13324396465163
english_american,B_lin,22,0.25,198.13324396465163
english_american,B_lin,22,0.5,198.13324396465163
english_american,B_lin,22,0.75,198.13324396465163
english_american,B_lin,22,0.9,198.13324396465163
english_american,B_lin,23,0.1,235.75362974927194
english_american,B_lin,23,0.25,235.75362974927194
english_american,B_lin,23,0.5,235.75362974927194
english_american,B_lin,23,0.75,235.75362974927194
english_american,B_lin,23,0.9,235.75362974927194
english_american,B_lin,24,0.1,276.34226391355315
english_american,B_lin,24,0.25,276.34226391355315
english_american,B_lin,24,0.5,276.34226391355315
english_american,B_lin,24,0.75,276.34226391355315
english_american,B_lin,24,0.9,276.34226391355315
english_american,B_lin,25,0.1,318.9323507008932
english_american,B_lin,25,0.25,318.9323507008932
english_american,B_lin,25,0.5,318.9323507008932
english_american,B_lin,25,0.75,318.9323507008932
english_american,B_lin,25,0.9,318.9323507008932
english_american,B_lin,26,0.1,362.33623268795395
english_american,B_lin,26,0.25,362.33623268795395
english_american,B_lin,26,0.5,362.33623268795395
english_american,B_lin,26,0.75,362.33623268795395
english_american,B_lin,26,0.9,362.33623268795395
english_american,B_lin,27,0.1,405.2645324517733
english_american,B_lin,27,0.25,405.2645324517733
english_american,B_lin,27,0.5,405.2645324517733
english_american,B_lin,27,0.75,405.2645324517733
english_american,B_lin,27,0.9,405.2645324517733
english_american,B_lin,28,0.1,446.46895595863884
english_american,B_lin,28,0.25,446.46895595863884
english_american,B_lin,28,0.5,446.46895595863884
english_american,B_lin,28,0.75,446.46895595863884
english_american,B_lin,28,0.9,446.46895595863884
english_american,B_lin,29,0.1,484.87586007604386
english_american,B_lin,29,0.25,484.87586007604386
english_american,B_lin,29,0.5,484.87586007604386
english_american,B_lin,29,0.75,484.87586007604386
english_american,B_lin,29,0.9,484.87586007604386
english_american,B_lin,30,0.1,519.6811928413254
english_american,B_lin,30,0.25,519.6811928413254
english_american,B_lin,30,0.5,519.6811928413254
english_american,B_lin,30,0.75,519.6811928413254
english_american,B_lin,30,0.9,519.6811928413254
english_american,B_log,16,0.1,50.24143555713272
english_american,B_log,16,0.25,50.24143555713272
english_american,B_log,16,0.5,50.24143555713272
english_american,B_log,16,0.75,50.24143555713272
english_american,B_log,16,0.9,50.24143555713272
english_american,B_log,17,0.1,69.06225962493876
english_american,B_log,17,0.25,69.06225962493876
english_american,B_log,17,0.5,69.06225962493876
english_american,B_log,17,0.75,69.06225962493876
english_american,B_log,17,0.9,69.06225962493876
english_american,B_log,18,0.1,91.85093550835323
english_american,B_log,18,0.25,91.85093550835323
english_american,B_log,18,0.5,91.85093550835323
english_american,B_log,18,0.75,91.85093550835323
english_american,B_log,18,0.9,91.85093550835323
english_american,B_log,19,0.1,118.54858933860814
english_american,B_log,19,0.25,118.54858933860814
english_american,B_log,19,0.5,118.54858933860814
english_american,B_log,19,0.75,118.54858933860814
english_american,B_log,19,0.9,118.54858933860814
english_american,B_log,20,0.1,148.87236727835958
english_american,B_log,20,0.25,148.87236727835958
english_american,B_log,20,0.5,148.87236727835958
english_american,B_log,20,0.75,148.87236727835958
english_american,B_log,20,0.9,148.87236727835958
english_american,B_log,21,0.1,182.31464245055966
english_american,B_log,21,0.25,182.31464245055966
english_american,B_log,21,0.5,182.31464245055966
english_american,B_log,21,0.75,182.31464245055966
english_american,B_log,21,0.9,182.31464245055966
english_american,B_log,22,0.1,218.16721824597835
english_american,B_log,22,0.25,218.16721824597835
english_american,B_log,22,0.5,218.16721824597835
english_american,B_log,22,0.75,218.16721824597835
english_american,B_log,22,0.9,218.16721824597835
english_american,B_log,23,0.1,255.5749723908652
english_american,B_log,23,0.25,255.5749723908652
english_american,B_log,23,0.5,255.5749723908652
english_american,B_log,23,0.75,255.5749723908652
english_american,B_log,23,0.9,255.5749723908652
english_american,B_log,24,0.1,293.6126522092195
english_american,B_log,24,0.25,293.6126522092195
english_american,B_log,24,0.5,293.6126522092195
english_american,B_log,24,0.75,293.6126522092195
english_american,B_log,24,0.9,293.6126522092195
english_american,B_log,25,0.1,331.3697027894017
english_american,B_log,25,0.25,331.3697027894017
english_american,B_log,25,0.5,331.3697027894017
english_american,B_log,25,0.75,331.3697027894017
english_american,B_log,25,0.9,331.3697027894017
english_american,B_log,26,0.1,368.0262381188224
english_american,B_log,26,0.25,368.0262381188224
english_american,B_log,26,0.5,368.0262381188224
english_american,B_log,26,0.75,368.0262381188224
english_american,B_log,26,0.9,368.0262381188224
english_american,B_log,27,0.1,402.9077326435331
english_american,B_log,27,0.25,402.9077326435331
english_american,B_log,27,0.5,402.9077326435331
english_american,B_log,27,0.75,402.9077326435331
english_american,B_log,27,0.9,402.9077326435331
english_american,B_log,28,0.1,435.51319392576056
english_american,B_log,28,0.25,435.51319392576056
english_american,B_log,28,0.5,435.51319392576056
english_american,B_log,28,0.75,435.51319392576056
english_american,B_log,28,0.9,435.51319392576056
english_american,B_log,29,0.1,465.5183143505662
english_american,B_log,29,0.25,465.5183143505662
english_american,B_log,29,0.5,465.5183143505662
english_american,B_log,29,0.75,465.5183143505662
english_american,B_log,29,0.9,465.5183143505662
english_american,B_log,30,0.1,492.75958473204213
english_american,B_log,30,0.25,492.75958473204213
english_american,B_log,30,0.5,492.75958473204213
english_american,B_log,30,0.75,492.75958473204213
english_american,B_log,30,0.9,492.75958473204213
english_american,C_lin,16,0.1,2.505193877610384
english_american,C_lin,16,0.25,10.019489563567918
english_american,C_lin,16,0.5,31.160584381290683
english_american,C_lin,16,0.75,64.34264945369962
english_american,C_lin,16,0.9,115.1174223315906
english_american,C_lin,17,0.1,3.846265020358654
english_american,C_lin,17,0.25,14.701344030297665
english_american,C_lin,17,0.5,43.74832407597902
english_american,C_lin,17,0.75,86.87842635066642
english_american,C_lin,17,0.9,149.65045895355183
english_american,C_lin,18,0.1,5.82576443783853
english_american,C_lin,18,0.25,21.28721041459503
english_american,C_lin,18,0.5,60.37755767648696
english_american,C_lin,18,0.75,115.13520209136072
english_american,C_lin,18,0.9,190.62132022599855
english_american,C_lin,19,0.1,8.703507148481236
english_american,C_lin,19,0.25,30.391351857962714
english_american,C_lin,19,0.5,81.83284692551891
english_american,C_lin,19,0.75,149.67099629462194
english_american,C_lin,19,0.9,237.54762296141175
english_american,C_lin,20,0.1,12.830607274795133
english_american,C_lin,20,0.25,42.71868636391185
english_american,C_lin,20,0.5,108.8677635553034
english_american,C_lin,20,0.75,190.64404182140825
english_american,C_lin,20,0.9,289.16735871579914
english_american,C_lin,21,0.1,18.6679936372331
english_american,C_lin,21,0.25,59.031483847367426
english_american,C_lin,21,0.5,142.0923358338606
english_american,C_lin,21,0.75,237.57154168104768
english_american,C_lin,21,0.9,343.48687668536365
english_american,C_lin,22,0.1,26.79127978850784
english_american,C_lin,22,0.25,80.11419520901931
english_american,C_lin,22,0.5,181.767289799129
english_american,C_lin,22,0.75,289.1912067358168
english_american,C_lin,22,0.9,398.03008856336436
english_american,C_lin,23,0.1,37.87630777839356
english_american,C_lin,23,0.25,106.72532136824695
english_american,C_lin,23,0.5,227.55707918917267
english_american,C_lin,23,0.75,343.5093303701285
english_american,C_lin,23,0.9,450.24797463955605
english_american,C_lin,24,0.1,52.668826399276725
english_american,C_lin,24,0.25,139.4910114987495
english_american,C_lin,24,0.5,278.36126251540816
english_american,C_lin,24,0.75,398.05003927858024
english_american,C_lin,24,0.9,497.9744638709421
english_american,C_lin,25,0.1,71.94951569244584
english_american,C_lin,25,0.25,178.70544902134932
english_american,C_lin,25,0.5,332.32128513367957
english_american,C_lin,25,0.75,450.2647555611405
english_american,C_lin,25,0.9,539.7537043629225
english_american,C_lin,26,0.1,96.4941921321374
english_american,C_lin,26,0.25,224.08318771848064
english_american,C_lin,26,0.5,387.03020772138996
english_american,C_lin,26,0.75,497.98791252708224
english_american,C_lin,26,0.9,574.9174486749017
english_american,C_lin,27,0.1,126.99455108676347
english_american,C_lin,27,0.25,274.5809057352954
english_american,C_lin,27,0.5,439.9160106467689
english_american,C_lin,27,0.75,539.7640357956603
english_american,C_lin,27,0.9,603.4495728447924
english_american,C_lin,28,0.1,163.89200650946898
english_american,C_lin,28,0.25,328.3898750559114
english_american,C_lin,28,0.5,488.7013137141375
english_american,C_lin,28,0.75,574.9250592529638
english_american,C_lin,28,0.9,625.7820090325748
english_american,C_lin,29,0.1,207.13602870762983
english_american,C_lin,29,0.25,383.13146909073595
english_american,C_lin,29,0.5,531.7706353077452
english_american,C_lin,29,0.75,603.4549116832222
english_american,C_lin,29,0.9,642.630117710769
english_american,C_lin,30,0.1,255.9664716764502
english_american,C_lin,30,0.25,436.23024729997337
english_american,C_lin,30,0.5,568.3012317721268
english_american,C_lin,30,0.75,625.7855393286757
english_american,C_lin,30,0.9,654.8762435390881
english_american,C_log,16,0.1,2.4906091576187714
english_american,C_log,16,0.25,8.8851757989902609
english_american,C_log,16,0.5,29.49180189133856
english_american,C_log,16,0.75,60.85137706844276
english_american,C_log,16,0.9,105.21956282175668
english_american,C_log,17,0.1,4.285930012044809
english_american,C_log,17,0.25,14.492518099156658
english_american,C_log,17,0.5,45.522175595751605
english_american,C_log,17,0.75,89.57037332067071
english_american,C_log,17,0.9,148.30131746767069
english_american,C_log,18,0.1,6.996593308628065
english_american,C_log,18,0.25,22.571074530223143
english_american,C_log,18,0.5,66.8637934902205
english_american,C_log,18,0.75,125.49310883610791
english_american,C_log,18,0.9,198.8906209245146
english_american,C_log,19,0.1,10.926698373163545
english_american,C_log,19,0.25,33.71387829331501
english_american,C_log,19,0.5,93.93957748502379
english_american,C_log,19,0.75,168.27169761957225
english_american,C_log,19,0.9,254.8302537604524
english_american,C_log,20,0.1,16.43562171559754
english_american,C_log,20,0.25,48.4366232435017
english_american,C_log,20,0.5,126.87659394976495
english_american,C_log,20,0.75,216.73706654772135
english_american,C_log,20,0.9,313.11251906255586
english_american,C_log,21,0.1,23.911927295253747
english_american,C_log,21,0.25,67.13039296435481
english_american,C_log,21,0.5,165.37790098795176
english_american,C_log,21,0.75,268.93119380840244
english_american,C_log,21,0.9,370.5261537937448
english_american,C_log,22,0.1,33.73282959299993
english_american,C_log,22,0.25,90.04912900329893
english_american,C_log,22,0.5,208.5948139016814
english_american,C_log,22,0.75,322.42965150149644
english_american,C_log,22,0.9,424.2928112657351
english_american,C_log,23,0.1,46.226475149315036
english_american,C_log,23,0.25,117.2888358709763
english_american,C_log,23,0.5,255.14248469505003
english_american,C_log,23,0.75,374.7832772328195
english_american,C_log,23,0.9,472.4878275891444
english_american,C_log,24,0.1,61.65071274120447
english_american,C_log,24,0.25,148.72778095935655
english_american,C_log,24,0.5,303.2813078705121
english_american,C_log,24,0.75,423.91301066322376
english_american,C_log,24,0.9,514.1573746409338
english_american,C_log,25,0.1,80.18768036964569
english_american,C_log,25,0.25,183.9564411776691
english_american,C_log,25,0.5,351.1793269186952
english_american,C_log,25,0.75,468.36186630219936
english_american,C_log,25,0.9,549.1685075809456
english_american,C_log,26,0.1,101.93769391791767
english_american,C_log,26,0.25,222.2548885302511
english_american,C_log,26,0.5,397.1666736342156
english_american,C_log,26,0.75,507.362885628475
english_american,C_log,26,0.9,577.9307669122727
english_american,C_log,27,0.1,126.89659872479687
english_american,C_log,27,0.25,262.64406071690485
english_american,C_log,27,0.5,439.92676332282963
english_american,C_log,27,0.75,540.7457523477984
english_american,C_log,27,0.9,601.1316081843248
english_american,C_log,28,0.1,154.91960653930983
english_american,C_log,28,0.25,303.9922297949257
english_american,C_log,28,0.5,478.5934541629173
english_american,C_log,28,0.75,568.7585417667165
english_american,C_log,28,0.9,619.5548160284683
english_american,C_log,29,0.1,185.69212255922452
english_american,C_log,29,0.25,345.1411217003038
english_american,C_log,29,0.5,512.7483892779156
english_american,C_log,29,0.75,591.8872096777711
english_american,C_log,29,0.9,633.9801105528009
english_american,C_log,30,0.1,218.72730502441507
english_american,C_log,30,0.25,385.0235723195151
english_american,C_log,30,0.5,542.3425494762353
english_american,C_log,30,0.75,610.7204492737121
english_american,C_log,30,0.9,645.1338471043446
english_american,D_lin,16,0.1,2.99854711499747
english_american,D_lin,16,0.25,11.101133424916407
english_american,D_lin,16,0.5,27.09442654011547
english_american,D_lin,16,0.75,62.75025139334686
english_american,D_lin,16,0.9,114.31030944409623
english_american,D_lin,17,0.1,5.0995202308030265
english_american,D_lin,17,0.25,15.922885259539015
english_american,D_lin,17,0.5,37.55531218211561
english_american,D_lin,17,0.75,83.82926945646882
english_american,D_lin,17,0.9,148.79999261177917
english_american,D_lin,18,0.1,8.445903714781538
english_american,D_lin,18,0.25,22.76171097685784
english_american,D_lin,18,0.5,52.56766608503867
english_american,D_lin,18,0.75,114.38930413265905
english_american,D_lin,18,0.9,194.89805954679
english_american,D_lin,19,0.1,12.108381788455079
english_american,D_lin,19,0.25,32.70919676746601
english_american,D_lin,19,0.5,72.27627572756373
english_american,D_lin,19,0.75,150.61573597268819
english_american,D_lin,19,0.9,247.61850116543775
english_american,D_lin,20,0.1,16.2269097720164
english_american,D_lin,20,0.25,45.20216286743284
english_american,D_lin,20,0.5,99.17762845838243
english_american,D_lin,20,0.75,194.51289794802153
english_american,D_lin,20,0.9,300.9448197168917
english_american,D_lin,21,0.1,22.05174163262651
english_american,D_lin,21,0.25,60.39067016089187
english_american,D_lin,21,0.5,136.7382114027384
english_american,D_lin,21,0.75,242.16228574924517
english_american,D_lin,21,0.9,368.8934757682182
english_american,D_lin,22,0.1,29.78596040485249
english_american,D_lin,22,0.25,79.41166827030762
english_american,D_lin,22,0.5,179.54016275138224
english_american,D_lin,22,0.75,303.0988696507583
english_american,D_lin,22,0.9,426.01299225153747
english_american,D_lin,23,0.1,37.75842871165092
english_american,D_lin,23,0.25,105.64903039048721
english_american,D_lin,23,0.5,229.8205806825998
english_american,D_lin,23,0.75,355.45748684776333
english_american,D_lin,23,0.9,477.09387222121046
english_american,D_lin,24,0.1,47.85461808151444
english_american,D_lin,24,0.25,136.58138058833222
english_american,D_lin,24,0.5,283.3077790774385
english_american,D_lin,24,0.75,419.45789153982304
english_american,D_lin,24,0.9,532.2074024958214
english_american,D_lin,25,0.1,56.600546704192425
english_american,D_lin,25,0.25,174.87566131957357
english_american,D_lin,25,0.5,335.8091231008314
english_american,D_lin,25,0.75,474.916561049388
english_american,D_lin,25,0.9,578.8554020826856
english_american,D_lin,26,0.1,64.68129647901053
english_american,D_lin,26,0.25,218.3871007599778
english_american,D_lin,26,0.5,390.22556549132383
english_american,D_lin,26,0.75,518.6720741525696
english_american,D_lin,26,0.9,616.4765049377799
english_american,D_lin,27,0.1,79.0958659905358
english_american,D_lin,27,0.25,256.75922719957964
english_american,D_lin,27,0.5,440.39068788947225
english_american,D_lin,27,0.75,566.4920519605204
english_american,D_lin,27,0.9,643.3083533406824
english_american,D_lin,28,0.1,86.05374252840728
english_american,D_lin,28,0.25,294.5726937022932
english_american,D_lin,28,0.5,487.0508415023771
english_american,D_lin,28,0.75,599.9496620703167
english_american,D_lin,28,0.9,655.4316273121916
english_american,D_lin,29,0.1,97.55504433066847
english_american,D_lin,29,0.25,345.9546179569732
english_american,D_lin,29,0.5,530.2157123872884
english_american,D_lin,29,0.75,627.0465403708033
english_american,D_lin,29,0.9,666.881982450815
english_american,D_lin,30,0.1,123.08123469826127
english_american,D_lin,30,0.25,395.1600163251357
english_american,D_lin,30,0.5,566.982785645617
english_american,D_lin,30,0.75,647.4080077661708
english_american,D_lin,30,0.9,673.26781022523
english_american,D_log,16,0.1,2.043391361191083
english_american,D_log,16,0.25,8.904418416474725
english_american,D_log,16,0.5,24.85773326177098
english_american,D_log,16,0.75,62.085319999861646
english_american,D_log,16,0.9,112.91249245150645
english_american,D_log,17,0.1,3.99546858471821
english_american,D_log,17,0.25,15.617238497740214
english_american,D_log,17,0.5,37.148885756433046
english_american,D_log,17,0.75,89.79458858838414
english_american,D_log,17,0.9,150.88511468009426
english_american,D_log,18,0.1,7.424997337092991
english_american,D_log,18,0.25,23.51525244024232
english_american,D_log,18,0.5,54.692197631891915
english_american,D_log,18,0.75,125.90585625057192
english_american,D_log,18,0.9,199.55591066105438
english_american,D_log,19,0.1,11.626147621418342
english_american,D_log,19,0.25,33.90794286884897
english_american,D_log,19,0.5,78.79270190758369
english_american,D_log,19,0.75,168.2322750270284
english_american,D_log,19,0.9,255.18906896273094
english_american,D_log,20,0.1,15.251120828579552
english_american,D_log,20,0.25,49.163535811791775
english_american,D_log,20,0.5,111.33459555733904
english_american,D_log,20,0.75,211.80118088761466
english_american,D_log,20,0.9,311.4593521388798
english_american,D_log,21,0.1,20.762904419076257
english_american,D_log,21,0.25,67.95506824245062
english_american,D_log,21,0.5,150.73086514268863
english_american,D_log,21,0.75,263.1935285934146
english_american,D_log,21,0.9,384.76510118625134
english_american,D_log,22,0.1,30.63830573159964
english_american,D_log,22,0.25,85.79672992409434
english_american,D_log,22,0.5,195.4116922409462
english_american,D_log,22,0.75,313.1638160559505
english_american,D_log,22,0.9,441.3592894324753
english_american,D_log,23,0.1,38.72720336441067
english_american,D_log,23,0.25,110.06580352620526
english_american,D_log,23,0.5,244.77127482347055
english_american,D_log,23,0.75,365.34219951924103
english_american,D_log,23,0.9,496.9181854712748
english_american,D_log,24,0.1,47.645608792104426
english_american,D_log,24,0.25,139.91622703452214
english_american,D_log,24,0.5,299.7136103600417
english_american,D_log,24,0.75,427.4855861697745
english_american,D_log,24,0.9,540.091788348497
english_american,D_log,25,0.1,54.48616267922537
english_american,D_log,25,0.25,169.50246933921954
english_american,D_log,25,0.5,345.6690306455053
english_american,D_log,25,0.75,479.91788966061057
english_american,D_log,25,0.9,573.2012968408696
english_american,D_log,26,0.1,61.1208477116913
english_american,D_log,26,0.25,204.50248150282368
english_american,D_log,26,0.5,393.96573091814753
english_american,D_log,26,0.75,521.2796642695275
english_american,D_log,26,0.9,606.8180273174751
english_american,D_log,27,0.1,69.80203219733404
english_american,D_log,27,0.25,237.94359226553289
english_american,D_log,27,0.5,434.47692798309095
english_american,D_log,27,0.75,555.9648603736864
english_american,D_log,27,0.9,631.5754904058999
english_american,D_log,28,0.1,81.25423516704896
english_american,D_log,28,0.25,274.0847187008826
english_american,D_log,28,0.5,469.0389243906735
english_american,D_log,28,0.75,581.3606029687833
english_american,D_log,28,0.9,647.1740829175262
english_american,D_log,29,0.1,91.06376407305183
english_american,D_log,29,0.25,311.37902046475574
english_american,D_log,29,0.5,512.7070108463053
english_american,D_log,29,0.75,606.6267993914732
english_american,D_log,29,0.9,658.6859107712576
english_american,D_log,30,0.1,103.8102689459775
english_american,D_log,30,0.25,341.46329751444347
english_american,D_log,30,0.5,541.9897451380484
english_american,D_log,30,0.75,626.219995744093
english_american,D_log,30,0.9,665.3196386822829
finnish,A,18,0.1,35.61632474074374
finnish,A,18,0.25,35.61632474074374
finnish,A,18,0.5,35.61632474074374
finnish,A,18,0.75,35.61632474074374
finnish,A,18,0.9,35.61632474074374
finnish,A,19,0.1,36.71297393388109
finnish,A,19,0.25,36.71297393388109
finnish,A,19,0.5,36.71297393388109
finnish,A,19,0.75,36.71297393388109
finnish,A,19,0.9,36.71297393388109
finnish,A,20,0.1,37.76695696853437
finnish,A,20,0.25,37.76695696853437
finnish,A,20,0.5,37.76695696853437
finnish,A,20,0.75,37.76695696853437
finnish,A,20,0.9,37.76695696853437
finnish,A,21,0.1,38.781174361746686
finnish,A,21,0.25,38.781174361746686
finnish,A,21,0.5,38.781174361746686
finnish,A,21,0.75,38.781174361746686
finnish,A,21,0.9,38.781174361746686
finnish,A,22,0.1,39.758237765355304
finnish,A,22,0.25,39.758237765355304
finnish,A,22,0.5,39.758237765355304
finnish,A,22,0.75,39.758237765355304
finnish,A,22,0.9,39.758237765355304
finnish,A,23,0.1,40.70050803689412
finnish,A,23,0.25,40.70050803689412
finnish,A,23,0.5,40.70050803689412
finnish,A,23,0.75,40.70050803689412
finnish,A,23,0.9,40.70050803689412
finnish,A,24,0.1,41.61012709000319
finnish,A,24,0.25,41.61012709000319
finnish,A,24,0.5,41.61012709000319
finnish,A,24,0.75,41.61012709000319
finnish,A,24,0.9,41.61012709000319
finnish,B_lin,18,0.1,19.549616117645083
finnish,B_lin,18,0.25,19.549616117645083
finnish,B_lin,18,0.5,19.549616117645083
finnish,B_lin,18,0.75,19.549616117645083
finnish,B_lin,18,0.9,19.549616117645083
finnish,B_lin,19,0.1,25.26015537966824
finnish,B_lin,19,0.25,25.26015537966824
finnish,B_lin,19,0.5,25.26015537966824
finnish,B_lin,19,0.75,25.26015537966824
finnish,B_lin,19,0.9,25.26015537966824
finnish,B_lin,20,0.1,31.913966622666997
finnish,B_lin,20,0.25,31.913966622666997
finnish,B_lin,20,0.5,31.913966622666997
finnish,B_lin,20,0.75,31.913966622666997
finnish,B_lin,20,0.9,31.913966622666997
finnish,B_lin,21,0.1,39.3907040328937
finnish,B_lin,21,0.25,39.3907040328937
finnish,B_lin,21,0.5,39.3907040328937
finnish,B_lin,21,0.75,39.3907040328937
finnish,B_lin,21,0.9,39.3907040328937
finnish,B_lin,22,0.1,47.47067273561916
finnish,B_lin,22,0.25,47.47067273561916
finnish,B_lin,22,0.5,47.47067273561916
finnish,B_lin,22,0.75,47.47067273561916
finnish,B_lin,22,0.9,47.47067273561916
finnish,B_lin,23,0.1,55.84898873802656
finnish,B_lin,23,0.25,55.84898873802656
finnish,B_lin,23,0.5,55.84898873802656
finnish,B_lin,23,0.75,55.84898873802656
finnish,B_lin,23,0.9,55.84898873802656
finnish,B_lin,24,0.1,64.17398417068122
finnish,B_lin,24,0.25,64.17398417068122
finnish,B_lin,24,0.5,64.17398417068122
finnish,B_lin,24,0.75,64.17398417068122
finnish,B_lin,24,0.9,64.17398417068122
finnish,B_log,18,0.1,21.23217438376081
finnish,B_log,18,0.25,21.23217438376081
finnish,B_log,18,0.5,21.23217438376081
finnish,B_log,18,0.75,21.23217438376081
finnish,B_log,18,0.9,21.23217438376081
finnish,B_log,19,0.1,27.486848185172693
finnish,B_log,19,0.25,27.486848185172693
finnish,B_log,19,0.5,27.486848185172693
finnish,B_log,19,0.75,27.486848185172693
finnish,B_log,19,0.9,27.486848185172693
finnish,B_log,20,0.1,34.33792930991267
finnish,B_log,20,0.25,34.33792930991267
finnish,B_log,20,0.5,34.33792930991267
finnish,B_log,20,0.75,34.33792930991267
finnish,B_log,20,0.9,34.33792930991267
finnish,B_log,21,0.1,41.54758001621748
finnish,B_log,21,0.25,41.54758001621748
finnish,B_log,21,0.5,41.54758001621748
finnish,B_log,21,0.75,41.54758001621748
finnish,B_log,21,0.9,41.54758001621748
finnish,B_log,22,0.1,48.85931295191327
finnish,B_log,22,0.25,48.85931295191327
finnish,B_log,22,0.5,48.85931295191327
finnish,B_log,22,0.75,48.85931295191327
finnish,B_log,22,0.9,48.85931295191327
finnish,B_log,23,0.1,56.02941037940524
finnish,B_log,23,0.25,56.02941037940524
finnish,B_log,23,0.5,56.02941037940524
finnish,B_log,23,0.75,56.02941037940524
finnish,B_log,23,0.9,56.02941037940524
finnish,B_log,24,0.1,62.85300375386413
finnish,B_log,24,0.25,62.85300375386413
finnish,B_log,24,0.5,62.85300375386413
finnish,B_log,24,0.75,62.85300375386413
finnish,B_log,24,0.9,62.85300375386413
finnish,C_lin,18,0.1,2.392586026057419
finnish,C_lin,18,0.25,9.10267085469548
finnish,C_lin,18,0.5,17.935488676673327
finnish,C_lin,18,0.75,33.526179937367374
finnish,C_lin,18,0.9,45.14375905224325
finnish,C_lin,19,0.1,3.7872935652321726
finnish,C_lin,19,0.25,13.179703061290153
finnish,C_lin,19,0.5,24.478771305554268
finnish,C_lin,19,0.75,42.69520899324978
finnish,C_lin,19,0.9,55.13300449961436
finnish,C_lin,20,0.1,5.828256178910118
finnish,C_lin,20,0.25,18.5086019538144
finnish,C_lin,20,0.5,32.35211595908841
finnish,C_lin,20,0.75,52.58726822782497
finnish,C_lin,20,0.9,65.12377876263301
finnish,C_lin,21,0.1,8.718011032026213
finnish,C_lin,21,0.25,25.183060891737938
finnish,C_lin,21,0.5,41.3864176594969
finnish,C_lin,21,0.75,62.636196127895275
finnish,C_lin,21,0.9,74.51800560825507
finnish,C_lin,22,0.1,12.664868798201507
finnish,C_lin,22,0.25,33.17898338435942
finnish,C_lin,22,0.5,51.21027552365866
finnish,C_lin,22,0.75,72.23276966658652
finnish,C_lin,22,0.9,82.83529186375782
finnish,C_lin,23,0.1,17.84741062571466
finnish,C_lin,23,0.25,42.30918651560069
finnish,C_lin,23,0.5,61.274255033330476
finnish,C_lin,23,0.75,80.85692838278506
finnish,C_lin,23,0.9,89.80299068740253
finnish,C_lin,24,0.1,24.370170123203806
finnish,C_lin,24,0.25,52.18231645592898
finnish,C_lin,24,0.5,70.96665296918961
finnish,C_lin,24,0.75,88.17748497878775
finnish,C_lin,24,0.9,95.38902151846368
finnish,C_log,18,0.1,2.7777152387167003
finnish,C_log,18,0.25,10.354386066056758
finnish,C_log,18,0.5,19.88942239878681
finnish,C_log,18,0.75,37.82887002415482
finnish,C_log,18,0.9,48.67818921143313
finnish,C_log,19,0.1,4.410586926625957
finnish,C_log,19,0.25,15.013048346238577
finnish,C_log,19,0.5,27.18119402477099
finnish,C_log,19,0.75,47.85294018884107
finnish,C_log,19,0.9,59.19379760048121
finnish,C_log,20,0.1,6.65353351644675
finnish,C_log,20,0.25,20.737743332639713
finnish,C_log,20,0.5,35.41325739738546
finnish,C_log,20,0.75,57.81973479367553
finnish,C_log,20,0.9,68.92920764259313
finnish,C_log,21,0.1,9.598627105560842
finnish,C_log,21,0.25,27.423613037261156
finnish,C_log,21,0.5,44.218892195811165
finnish,C_log,21,0.75,67.1586981681952
finnish,C_log,21,0.9,77.45279774019333
finnish,C_log,22,0.1,13.306906377019942
finnish,C_log,22,0.25,34.875094929818985
finnish,C_log,22,0.5,53.15949403095124
finnish,C_log,22,0.75,75.47258241046242
finnish,C_log,22,0.9,84.58593836710915
finnish,C_log,23,0.1,17.792972070209306
finnish,C_log,23,0.25,42.81979818649902
finnish,C_log,23,0.5,61.802546917135935
finnish,C_log,23,0.75,82.56707738026172
finnish,C_log,23,0.9,90.35983973646321
finnish,C_log,24,0.1,23.01805730072177
finnish,C_log,24,0.25,50.93336502870196
finnish,C_log,24,0.5,69.79888970420619
finnish,C_log,24,0.75,88.42632142474551
finnish,C_log,24,0.9,94.93888210299095
finnish,D_lin,18,0.1,3.712899447959358
finnish,D_lin,18,0.25,9.407440719088923
finnish,D_lin,18,0.5,17.114353658564784
finnish,D_lin,18,0.75,33.905219789486395
finnish,D_lin,18,0.9,48.911493575237294
finnish,D_lin,19,0.1,5.9159856477180774
finnish,D_lin,19,0.25,12.258935343610052
finnish,D_lin,19,0.5,24.58069000541196
finnish,D_lin,19,0.75,44.189609742984594
finnish,D_lin,19,0.9,59.396380946149954
finnish,D_lin,20,0.1,8.31875665896349
finnish,D_lin,20,0.25,16.520830770179213
finnish,D_lin,20,0.5,32.548810714278616
finnish,D_lin,20,0.75,54.86811966216066
finnish,D_lin,20,0.9,71.4706059667704
finnish,D_lin,21,0.1,11.428173255517468
finnish,D_lin,21,0.25,23.725823230414424
finnish,D_lin,21,0.5,40.55531260637998
finnish,D_lin,21,0.75,66.57336489792675
finnish,D_lin,21,0.9,81.35434765791062
finnish,D_lin,22,0.1,12.722560570861836
finnish,D_lin,22,0.25,29.998249789802077
finnish,D_lin,22,0.5,49.61953050210956
finnish,D_lin,22,0.75,76.51910121984687
finnish,D_lin,22,0.9,90.9972433420485
finnish,D_lin,23,0.1,14.019278308410518
finnish,D_lin,23,0.25,38.79470829009861
finnish,D_lin,23,0.5,60.341865174746985
finnish,D_lin,23,0.75,85.89851005213755
finnish,D_lin,23,0.9,98.32511040243455
finnish,D_lin,24,0.1,17.372839629917124
finnish,D_lin,24,0.25,45.690113853017344
finnish,D_lin,24,0.5,69.66842221394126
finnish,D_lin,24,0.75,92.21474247929942
finnish,D_lin,24,0.9,102.65608237211075
finnish,D_log,18,0.1,4.210174891422462
finnish,D_log,18,0.25,9.37985741528954
finnish,D_log,18,0.5,16.84910807356213
finnish,D_log,18,0.75,34.194633347649756
finnish,D_log,18,0.9,48.671596188394766
finnish,D_log,19,0.1,5.823075825852574
finnish,D_log,19,0.25,12.063907210398224
finnish,D_log,19,0.5,23.96797452576039
finnish,D_log,19,0.75,43.20347042275292
finnish,D_log,19,0.9,59.20534895419477
finnish,D_log,20,0.1,8.488973206126094
finnish,D_log,20,0.25,16.325986716217404
finnish,D_log,20,0.5,32.56003451355336
finnish,D_log,20,0.75,52.54084833393412
finnish,D_log,20,0.9,68.56351499338572
finnish,D_log,21,0.1,8.912816623484966
finnish,D_log,21,0.25,20.250912862818815
finnish,D_log,21,0.5,40.98400724859788
finnish,D_log,21,0.75,61.736336321285904
finnish,D_log,21,0.9,79.86006995028441
finnish,D_log,22,0.1,10.272286449640694
finnish,D_log,22,0.25,24.470556607926323
finnish,D_log,22,0.5,49.66541647708289
finnish,D_log,22,0.75,71.17666801357566
finnish,D_log,22,0.9,89.15895023692646
finnish,D_log,23,0.1,13.47825244970894
finnish,D_log,23,0.25,31.225010990160484
finnish,D_log,23,0.5,57.52114979899664
finnish,D_log,23,0.75,79.6963299363866
finnish,D_log,23,0.9,94.48995401396655
finnish,D_log,24,0.1,16.88992487582755
finnish,D_log,24,0.25,38.04562481875385
finnish,D_log,24,0.5,66.14402833816192
finnish,D_log,24,0.75,85.43912074079277
finnish,D_log,24,0.9,97.417077178364
french_french,A,8,0.1,23.088671672537963
french_french,A,8,0.25,23.088671672537963
french_french,A,8,0.5,23.088671672537963
french_french,A,8,0.75,23.088671672537963
french_french,A,8,0.9,23.088671672537963
french_french,A,9,0.1,25.79987787466433
french_french,A,9,0.25,25.79987787466433
french_french,A,9,0.5,25.79987787466433
french_french,A,9,0.75,25.79987787466433
french_french,A,9,0.9,25.79987787466433
french_french,A,10,0.1,28.47644385917708
french_french,A,10,0.25,28.47644385917708
french_french,A,10,0.5,28.47644385917708
french_french,A,10,0.75,28.47644385917708
french_french,A,10,0.9,28.47644385917708
french_french,A,11,0.1,31.119406410897625
french_french,A,11,0.25,31.119406410897625
french_french,A,11,0.5,31.119406410897625
french_french,A,11,0.75,31.119406410897625
french_french,A,11,0.9,31.119406410897625
french_french,A,12,0.1,33.72974015138804
french_french,A,12,0.25,33.72974015138804
french_french,A,12,0.5,33.72974015138804
french_french,A,12,0.75,33.72974015138804
french_french,A,12,0.9,33.72974015138804
french_french,A,13,0.1,36.30836366471906
french_french,A,13,0.25,36.30836366471906
french_french,A,13,0.5,36.30836366471906
french_french,A,13,0.75,36.30836366471906
french_french,A,13,0.9,36.30836366471906
french_french,A,14,0.1,38.8561447920039
french_french,A,14,0.25,38.8561447920039
french_french,A,14,0.5,38.8561447920039
french_french,A,14,0.75,38.8561447920039
french_french,A,14,0.9,38.8561447920039
french_french,B_lin,8,0.1,0.8791520222147081
french_french,B_lin,8,0.25,0.8791520222147081
french_french,B_lin,8,0.5,0.8791520222147081
french_french,B_lin,8,0.75,0.8791520222147081
french_french,B_lin,8,0.9,0.8791520222147081
french_french,B_lin,9,0.1,1.30938736583461
french_french,B_lin,9,0.25,1.30938736583461
french_french,B_lin,9,0.5,1.30938736583461
french_french,B_lin,9,0.75,1.30938736583461
french_french,B_lin,9,0.9,1.30938736583461
french_french,B_lin,10,0.1,1.9464108374572648
french_french,B_lin,10,0.25,1.9464108374572648
french_french,B_lin,10,0.5,1.9464108374572648
french_french,B_lin,10,0.75,1.9464108374572648
french_french,B_lin,10,0.9,1.9464108374572648
french_french,B_lin,11,0.1,2.8855605829493323
french_french,B_lin,11,0.25,2.8855605829493323
french_french,B_lin,11,0.5,2.8855605829493323
french_french,B_lin,11,0.75,2.8855605829493323
french_french,B_lin,11,0.9,2.8855605829493323
french_french,B_lin,12,0.1,4.262206124876648
french_french,B_lin,12,0.25,4.262206124876648
french_french,B_lin,12,0.5,4.262206124876648
french_french,B_lin,12,0.75,4.262206124876648
french_french,B_lin,12,0.9,4.262206124876648
french_french,B_lin,13,0.1,6.265415223286256
french_french,B_lin,13,0.25,6.265415223286256
french_french,B_lin,13,0.5,6.265415223286256
french_french,B_lin,13,0.75,6.265415223286256
french_french,B_lin,13,0.9,6.265415223286256
french_french,B_lin,14,0.1,9.154511124038986
french_french,B_lin,14,0.25,9.154511124038986
french_french,B_lin,14,0.5,9.154511124038986
french_french,B_lin,14,0.75,9.154511124038986
french_french,B_lin,14,0.9,9.154511124038986
french_french,B_log,8,0.1,0.16727056999819936
french_french,B_log,8,0.25,0.16727056999819936
french_french,B_log,8,0.5,0.16727056999819936
french_french,B_log,8,0.75,0.16727056999819936
french_french,B_log,8,0.9,0.16727056999819936
french_french,B_log,9,0.1,0.3976338430103325
french_french,B_log,9,0.25,0.3976338430103325
french_french,B_log,9,0.5,0.3976338430103325
french_french,B_log,9,0.75,0.3976338430103325
french_french,B_log,9,0.9,0.3976338430103325
french_french,B_log,10,0.1,0.8602412538929622
french_french,B_log,10,0.25,0.8602412538929622
french_french,B_log,10,0.5,0.8602412538929622
french_french,B_log,10,0.75,0.8602412538929622
french_french,B_log,10,0.9,0.8602412538929622
french_french,B_log,11,0.1,1.7206563937170436
french_french,B_log,11,0.25,1.7206563937170436
french_french,B_log,11,0.5,1.7206563937170436
french_french,B_log,11,0.75,1.7206563937170436
french_french,B_log,11,0.9,1.7206563937170436
french_french,B_log,12,0.1,3.2166905898696263
french_french,B_log,12,0.25,3.2166905898696263
french_french,B_log,12,0.5,3.2166905898696263
french_french,B_log,12,0.75,3.2166905898696263
french_french,B_log,12,0.9,3.2166905898696263
french_french,B_log,13,0.1,5.6640348675102
french_french,B_log,13,0.25,5.6640348675102
french_french,B_log,13,0.5,5.6640348675102
french_french,B_log,13,0.75,5.6640348675102
french_french,B_log,13,0.9,5.6640348675102
french_french,B_log,14,0.1,9.452003138954927
french_french,B_log,14,0.25,9.452003138954927
french_french,B_log,14,0.5,9.452003138954927
french_french,B_log,14,0.75,9.452003138954927
french_french,B_log,14,0.9,9.452003138954927
french_french,C_lin,8,0.1,0.04036500490072786
french_french,C_lin,8,0.25,0.07365717570789035
french_french,C_lin,8,0.5,0.2663471803909482
french_french,C_lin,8,0.75,0.9393914162723711
french_french,C_lin,8,0.9,2.51885389799789
french_french,C_lin,9,0.1,0.06485393314784611
french_french,C_lin,9,0.25,0.1182645437207802
french_french,C_lin,9,0.5,0.42604058702587005
french_french,C_lin,9,0.75,1.4851490314462212
french_french,C_lin,9,0.9,3.9004465291924997
french_french,C_lin,10,0.1,0.1041482804593489
french_french,C_lin,10,0.25,0.18971725080660037
french_french,C_lin,10,0.5,0.6794584681201745
french_french,C_lin,10,0.75,2.3290830022679994
french_french,C_lin,10,0.9,5.96140081636095
french_french,C_lin,11,0.1,0.16711877074876785
french_french,C_lin,11,0.25,0.3039128186522624
french_french,C_lin,11,0.5,1.0787960897496796
french_french,C_lin,11,0.75,3.614196962720035
french_french,C_lin,11,0.9,8.982156197661437
french_french,C_lin,12,0.1,0.2678287876936002
french_french,C_lin,12,0.25,0.48578213104568235
french_french,C_lin,12,0.5,1.701844295432581
french_french,C_lin,12,0.75,5.537297134884903
french_french,C_lin,12,0.9,13.33870493571187
french_french,C_lin,13,0.1,0.428394452797244
french_french,C_lin,13,0.25,0.7738965082964869
french_french,C_lin,13,0.5,2.6611436665758994
french_french,C_lin,13,0.75,8.364540928214357
french_french,C_lin,13,0.9,19.531935735328076
french_french,C_lin,14,0.1,0.6831737615476791
french_french,C_lin,14,0.25,1.2267845142440574
french_french,C_lin,14,0.5,4.11450567223206
french_french,C_lin,14,0.75,12.453107580827721
french_french,C_lin,14,0.9,28.222250775075164
french_french,C_log,8,0.1,0.004767789438733406
french_french,C_log,8,0.25,0.008180870341066522
french_french,C_log,8,0.5,0.03485986622329534
french_french,C_log,8,0.75,0.1153876127382903
french_french,C_log,8,0.9,0.25197713215442785
french_french,C_log,9,0.1,0.013978119461212005
french_french,C_log,9,0.25,0.023978662857715514
french_french,C_log,9,0.5,0.10198265595664789
french_french,C_log,9,0.75,0.33569004863975055
french_french,C_log,9,0.9,0.7265128594324634
french_french,C_log,10,0.1,0.036566301170230395
french_french,C_log,10,0.25,0.06268997047039113
french_french,C_log,10,0.5,0.26540918740821196
french_french,C_log,10,0.75,0.8625539490704316
french_french,C_log,10,0.9,1.8321270174293738
french_french,C_log,11,0.1,0.08717480006036055
french_french,C_log,11,0.25,0.1492568071603704
french_french,C_log,11,0.5,0.625749686966018
french_french,C_log,11,0.75,1.984086595862693
french_french,C_log,11,0.9,4.087879321322499
french_french,C_log,12,0.1,0.19226947347143522
french_french,C_log,12,0.25,0.3283154411416404
french_french,C_log,12,0.5,1.3510994979793691
french_french,C_log,12,0.75,4.120268650902944
french_french,C_log,12,0.9,8.1770941717844
french_french,C_log,13,0.1,0.39649188721384737
french_french,C_log,13,0.25,0.6736971059202267
french_french,C_log,13,0.5,2.688668280622916
french_french,C_log,13,0.75,7.805147685328665
french_french,C_log,13,0.9,14.937568822146247
french_french,C_log,14,0.1,0.7699458807059881
french_french,C_log,14,0.25,1.2974537380508326
french_french,C_log,14,0.5,4.959278316877882
french_french,C_log,14,0.75,13.681608377370724
french_french,C_log,14,0.9,25.379964124214183
french_french,D_lin,8,0.1,0.00924802532830805
french_french,D_lin,8,0.25,0.01756408388713711
french_french,D_lin,8,0.5,0.1478900039222892
french_french,D_lin,8,0.75,0.5797406377774897
french_french,D_lin,8,0.9,1.8891547855967368
french_french,D_lin,9,0.1,0.01851457260670308
french_french,D_lin,9,0.25,0.03215826963515214
french_french,D_lin,9,0.5,0.26395003907779135
french_french,D_lin,9,0.75,0.9207651684043279
french_french,D_lin,9,0.9,2.763516849156083
french_french,D_lin,10,0.1,0.03705075783624121
french_french,D_lin,10,0.25,0.06334218568877706
french_french,D_lin,10,0.5,0.4428796367194048
french_french,D_lin,10,0.75,1.6282959601934663
french_french,D_lin,10,0.9,3.658229734482433
french_french,D_lin,11,0.1,0.07408322930332757
french_french,D_lin,11,0.25,0.1245976060631717
french_french,D_lin,11,0.5,0.6849601077030584
french_french,D_lin,11,0.75,2.7468479456914947
french_french,D_lin,11,0.9,4.536930288118707
french_french,D_lin,12,0.1,0.14788708963777017
french_french,D_lin,12,0.25,0.24445581301789712
french_french,D_lin,12,0.5,1.152272767067495
french_french,D_lin,12,0.75,4.274777621436449
french_french,D_lin,12,0.9,7.0990916484534115
french_french,D_lin,13,0.1,0.29427381094220595
french_french,D_lin,13,0.25,0.4772697220105248
french_french,D_lin,13,0.5,2.297146681038762
french_french,D_lin,13,0.75,5.888631970171649
french_french,D_lin,13,0.9,11.296020772507923
french_french,D_lin,14,0.1,0.5820145677768152
french_french,D_lin,14,0.25,0.9235540296552079
french_french,D_lin,14,0.5,3.7485745365040852
french_french,D_lin,14,0.75,7.974188411114543
french_french,D_lin,14,0.9,16.061152772398646
french_french,D_log,8,0.1,3.110244670615924e-4
french_french,D_log,8,0.25,9.728348085375747e-4
french_french,D_log,8,0.5,0.021716625054431955
french_french,D_log,8,0.75,0.22059298487862852
french_french,D_log,8,0.9,1.2731616151613454
french_french,D_log,9,0.1,0.001514681751889022
french_french,D_log,9,0.25,0.0046196837972823914
french_french,D_log,9,0.5,0.0654445720288069
french_french,D_log,9,0.75,0.48955683784603865
french_french,D_log,9,0.9,1.6434679136787023
french_french,D_log,10,0.1,0.008230593948843422
french_french,D_log,10,0.25,0.017707732259249855
french_french,D_log,10,0.5,0.1750218925679938
french_french,D_log,10,0.75,1.196949553753581
french_french,D_log,10,0.9,2.7028614745153416
french_french,D_log,11,0.1,0.03220313857949203
french_french,D_log,11,0.25,0.0627571316852802
french_french,D_log,11,0.5,0.4233326293997471
french_french,D_log,11,0.75,1.9568779428721088
french_french,D_log,11,0.9,4.007707917562837
french_french,D_log,12,0.1,0.08904082483124785
french_french,D_log,12,0.25,0.19171831354349622
french_french,D_log,12,0.5,0.9273103205286259
french_french,D_log,12,0.75,2.6770637762349874
french_french,D_log,12,0.9,6.200054902990381
french_french,D_log,13,0.1,0.22325719093378288
french_french,D_log,13,0.25,0.40944831701853085
french_french,D_log,13,0.5,1.8747874052375513
french_french,D_log,13,0.75,4.5412366081223805
french_french,D_log,13,0.9,9.22114659732187
french_french,D_log,14,0.1,0.46280825639163636
french_french,D_log,14,0.25,0.9749223649433633
french_french,D_log,14,0.5,3.508039695085752
french_french,D_log,14,0.75,7.356735227640603
french_french,D_log,14,0.9,15.37925542740524
french_quebecois,A,18,0.1,103.61656435133142
french_quebecois,A,18,0.25,103.61656435133142
french_quebecois,A,18,0.5,103.61656435133142
french_quebecois,A,18,0.75,103.61656435133142
french_quebecois,A,18,0.9,103.61656435133142
french_quebecois,A,19,0.1,107.9059811653557
french_quebecois,A,19,0.25,107.9059811653557
french_quebecois,A,19,0.5,107.9059811653557
french_quebecois,A,19,0.75,107.9059811653557
french_quebecois,A,19,0.9,107.9059811653557
french_quebecois,A,20,0.1,112.09554549420315
french_quebecois,A,20,0.25,112.09554549420315
french_quebecois,A,20,0.5,112.09554549420315
french_quebecois,A,20,0.75,112.09554549420315
french_quebecois,A,20,0.9,112.09554549420315
french_quebecois,A,21,0.1,116.18986249472485
french_quebecois,A,21,0.25,116.18986249472485
french_quebecois,A,21,0.5,116.18986249472485
french_quebecois,A,21,0.75,116.18986249472485
french_quebecois,A,21,0.9,116.18986249472485
french_quebecois,A,22,0.1,120.19319959938852
french_quebecois,A,22,0.25,120.19319959938852
french_quebecois,A,22,0.5,120.19319959938852
french_quebecois,A,22,0.75,120.19319959938852
french_quebecois,A,22,0.9,120.19319959938852
french_quebecois,A,23,0.1,124.10952111000752
french_quebecois,A,23,0.25,124.10952111000752
french_quebecois,A,23,0.5,124.10952111000752
french_quebecois,A,23,0.75,124.10952111000752
french_quebecois,A,23,0.9,124.10952111000752
french_quebecois,A,24,0.1,127.94251823384172
french_quebecois,A,24,0.25,127.94251823384172
french_quebecois,A,24,0.5,127.94251823384172
french_quebecois,A,24,0.75,127.94251823384172
french_quebecois,A,24,0.9,127.94251823384172
french_quebecois,A,25,0.1,131.69563529270874
french_quebecois,A,25,0.25,131.69563529270874
french_quebecois,A,25,0.5,131.69563529270874
french_quebecois,A,25,0.75,131.69563529270874
french_quebecois,A,25,0.9,131.69563529270874
french_quebecois,A,26,0.1,135.37209269864934
french_quebecois,A,26,0.25,135.37209269864934
french_quebecois,A,26,0.5,135.37209269864934
french_quebecois,A,26,0.75,135.37209269864934
french_quebecois,A,26,0.9,135.37209269864934
french_quebecois,A,27,0.1,138.97490718186268
french_quebecois,A,27,0.25,138.97490718186268
french_quebecois,A,27,0.5,138.97490718186268
french_quebecois,A,27,0.75,138.97490718186268
french_quebecois,A,27,0.9,138.97490718186268
french_quebecois,A,28,0.1,142.5069096711352
french_quebecois,A,28,0.25,142.5069096711352
french_quebecois,A,28,0.5,142.5069096711352
french_quebecois,A,28,0.75,142.5069096711352
french_quebecois,A,28,0.9,142.5069096711352
french_quebecois,A,29,0.1,145.97076115861105
french_quebecois,A,29,0.25,145.97076115861105
french_quebecois,A,29,0.5,145.97076115861105
french_quebecois,A,29,0.75,145.97076115861105
french_quebecois,A,29,0.9,145.97076115861105
french_quebecois,A,30,0.1,149.36896682573126
french_quebecois,A,30,0.25,149.36896682573126
french_quebecois,A,30,0.5,149.36896682573126
french_quebecois,A,30,0.75,149.36896682573126
french_quebecois,A,30,0.9,149.36896682573126
french_quebecois,B_lin,18,0.1,55.365529595117415
french_quebecois,B_lin,18,0.25,55.365529595117415
french_quebecois,B_lin,18,0.5,55.365529595117415
french_quebecois,B_lin,18,0.75,55.365529595117415
french_quebecois,B_lin,18,0.9,55.365529595117415
french_quebecois,B_lin,19,0.1,67.10832245884777
french_quebecois,B_lin,19,0.25,67.10832245884777
french_quebecois,B_lin,19,0.5,67.10832245884777
french_quebecois,B_lin,19,0.75,67.10832245884777
french_quebecois,B_lin,19,0.9,67.10832245884777
french_quebecois,B_lin,20,0.1,80.77702919149658
french_quebecois,B_lin,20,0.25,80.77702919149658
french_quebecois,B_lin,20,0.5,80.77702919149658
french_quebecois,B_lin,20,0.75,80.77702919149658
french_quebecois,B_lin,20,0.9,80.77702919149658
french_quebecois,B_lin,21,0.1,96.51654838281148
french_quebecois,B_lin,21,0.25,96.51654838281148
french_quebecois,B_lin,21,0.5,96.51654838281148
french_quebecois,B_lin,21,0.75,96.51654838281148
french_quebecois,B_lin,21,0.9,96.51654838281148
french_quebecois,B_lin,22,0.1,114.43547295772163
french_quebecois,B_lin,22,0.25,114.43547295772163
french_quebecois,B_lin,22,0.5,114.43547295772163
french_quebecois,B_lin,22,0.75,114.43547295772163
french_quebecois,B_lin,22,0.9,114.43547295772163
french_quebecois,B_lin,23,0.1,134.59343085609456
french_quebecois,B_lin,23,0.25,134.59343085609456
french_quebecois,B_lin,23,0.5,134.59343085609456
french_quebecois,B_lin,23,0.75,134.59343085609456
french_quebecois,B_lin,23,0.9,134.59343085609456
french_quebecois,B_lin,24,0.1,156.98906031111403
french_quebecois,B_lin,24,0.25,156.98906031111403
french_quebecois,B_lin,24,0.5,156.98906031111403
french_quebecois,B_lin,24,0.75,156.98906031111403
french_quebecois,B_lin,24,0.9,156.98906031111403
french_quebecois,B_lin,25,0.1,181.54986406222955
french_quebecois,B_lin,25,0.25,181.54986406222955
french_quebecois,B_lin,25,0.5,181.54986406222955
french_quebecois,B_lin,25,0.75,181.54986406222955
french_quebecois,B_lin,25,0.9,181.54986406222955
french_quebecois,B_lin,26,0.1,208.1252516348109
french_quebecois,B_lin,26,0.25,208.1252516348109
french_quebecois,B_lin,26,0.5,208.1252516348109
french_quebecois,B_lin,26,0.75,208.1252516348109
french_quebecois,B_lin,26,0.9,208.1252516348109
french_quebecois,B_lin,27,0.1,236.48391890385616
french_quebecois,B_lin,27,0.25,236.48391890385616
french_quebecois,B_lin,27,0.5,236.48391890385616
french_quebecois,B_lin,27,0.75,236.48391890385616
french_quebecois,B_lin,27,0.9,236.48391890385616
french_quebecois,B_lin,28,0.1,266.3163544355938
french_quebecois,B_lin,28,0.25,266.3163544355938
french_quebecois,B_lin,28,0.5,266.3163544355938
french_quebecois,B_lin,28,0.75,266.3163544355938
french_quebecois,B_lin,28,0.9,266.3163544355938
french_quebecois,B_lin,29,0.1,297.24278640971323
french_quebecois,B_lin,29,0.25,297.24278640971323
french_quebecois,B_lin,29,0.5,297.24278640971323
french_quebecois,B_lin,29,0.75,297.24278640971323
french_quebecois,B_lin,29,0.9,297.24278640971323
french_quebecois,B_lin,30,0.1,328.82636851159623
french_quebecois,B_lin,30,0.25,328.82636851159623
french_quebecois,B_lin,30,0.5,328.82636851159623
french_quebecois,B_lin,30,0.75,328.82636851159623
french_quebecois,B_lin,30,0.9,328.82636851159623
french_quebecois,B_log,18,0.1,57.60310997610809
french_quebecois,B_log,18,0.25,57.60310997610809
french_quebecois,B_log,18,0.5,57.60310997610809
french_quebecois,B_log,18,0.75,57.60310997610809
french_quebecois,B_log,18,0.9,57.60310997610809
french_quebecois,B_log,19,0.1,71.92083464620382
french_quebecois,B_log,19,0.25,71.92083464620382
french_quebecois,B_log,19,0.5,71.92083464620382
french_quebecois,B_log,19,0.75,71.92083464620382
french_quebecois,B_log,19,0.9,71.92083464620382
french_quebecois,B_log,20,0.1,88.01868709479936
french_quebecois,B_log,20,0.25,88.01868709479936
french_quebecois,B_log,20,0.5,88.01868709479936
french_quebecois,B_log,20,0.75,88.01868709479936
french_quebecois,B_log,20,0.9,88.01868709479936
french_quebecois,B_log,21,0.1,105.78247258607782
french_quebecois,B_log,21,0.25,105.78247258607782
french_quebecois,B_log,21,0.5,105.78247258607782
french_quebecois,B_log,21,0.75,105.78247258607782
french_quebecois,B_log,21,0.9,105.78247258607782
french_quebecois,B_log,22,0.1,125.05191797409528
french_quebecois,B_log,22,0.25,125.05191797409528
french_quebecois,B_log,22,0.5,125.05191797409528
french_quebecois,B_log,22,0.75,125.05191797409528
french_quebecois,B_log,22,0.9,125.05191797409528
french_quebecois,B_log,23,0.1,145.62958586783043
french_quebecois,B_log,23,0.25,145.62958586783043
french_quebecois,B_log,23,0.5,145.62958586783043
french_quebecois,B_log,23,0.75,145.62958586783043
french_quebecois,B_log,23,0.9,145.62958586783043
french_quebecois,B_log,24,0.1,167.29097532529084
french_quebecois,B_log,24,0.25,167.29097532529084
french_quebecois,B_log,24,0.5,167.29097532529084
french_quebecois,B_log,24,0.75,167.29097532529084
french_quebecois,B_log,24,0.9,167.29097532529084
french_quebecois,B_log,25,0.1,189.79499106095255
french_quebecois,B_log,25,0.25,189.79499106095255
french_quebecois,B_log,25,0.5,189.79499106095255
french_quebecois,B_log,25,0.75,189.79499106095255
french_quebecois,B_log,25,0.9,189.79499106095255
french_quebecois,B_log,26,0.1,212.89403211031876
french_quebecois,B_log,26,0.25,212.89403211031876
french_quebecois,B_log,26,0.5,212.89403211031876
french_quebecois,B_log,26,0.75,212.89403211031876
french_quebecois,B_log,26,0.9,212.89403211031876
french_quebecois,B_log,27,0.1,236.34308271933574
french_quebecois,B_log,27,0.25,236.34308271933574
french_quebecois,B_log,27,0.5,236.34308271933574
french_quebecois,B_log,27,0.75,236.34308271933574
french_quebecois,B_log,27,0.9,236.34308271933574
french_quebecois,B_log,28,0.1,259.90738294249627
french_quebecois,B_log,28,0.25,259.90738294249627
french_quebecois,B_log,28,0.5,259.90738294249627
french_quebecois,B_log,28,0.75,259.90738294249627
french_quebecois,B_log,28,0.9,259.90738294249627
french_quebecois,B_log,29,0.1,283.36846759044016
french_quebecois,B_log,29,0.25,283.36846759044016
french_quebecois,B_log,29,0.5,283.36846759044016
french_quebecois,B_log,29,0.75,283.36846759044016
french_quebecois,B_log,29,0.9,283.36846759044016
french_quebecois,B_log,30,0.1,306.5285441810261
french_quebecois,B_log,30,0.25,306.5285441810261
french_quebecois,B_log,30,0.5,306.5285441810261
french_quebecois,B_log,30,0.75,306.5285441810261
french_quebecois,B_log,30,0.9,306.5285441810261
french_quebecois,C_lin,18,0.1,3.8153765353928177
french_quebecois,C_lin,18,0.25,10.391684053326355
french_quebecois,C_lin,18,0.5,32.33752038371571
french_quebecois,C_lin,18,0.75,69.9120628148569
french_quebecois,C_lin,18,0.9,130.4180025862875
french_quebecois,C_lin,19,0.1,5.35255458086632
french_quebecois,C_lin,19,0.25,14.189453771723773
french_quebecois,C_lin,19,0.5,42.297949373965196
french_quebecois,C_lin,19,0.75,88.01793884786832
french_quebecois,C_lin,19,0.9,158.01277104540426
french_quebecois,C_lin,20,0.1,7.450021638023575
french_quebecois,C_lin,20,0.25,19.17266610043645
french_quebecois,C_lin,20,0.5,54.64827917275501
french_quebecois,C_lin,20,0.75,109.35574644215332
french_quebecois,C_lin,20,0.9,188.8403367756472
french_quebecois,C_lin,21,0.1,10.27685957325128
french_quebecois,C_lin,21,0.25,25.6217653822828
french_quebecois,C_lin,21,0.5,69.71300386836565
french_quebecois,C_lin,21,0.75,134.05317618706454
french_quebecois,C_lin,21,0.9,222.6026423323482
french_quebecois,C_lin,22,0.1,14.03768609615338
french_quebecois,C_lin,22,0.25,33.84851458004539
french_quebecois,C_lin,22,0.5,87.78158601241941
french_quebecois,C_lin,22,0.75,162.1078880182792
french_quebecois,C_lin,22,0.9,258.8369084517628
french_quebecois,C_lin,23,0.1,18.97476905883369
french_quebecois,C_lin,23,0.25,44.18484628569977
french_quebecois,C_lin,23,0.5,109.0800490448373
french_quebecois,C_lin,23,0.75,193.3636923418331
french_quebecois,C_lin,23,0.9,296.9273939785131
french_quebecois,C_lin,24,0.1,25.36732187879295
french_quebecois,C_lin,24,0.25,56.96678222380203
french_quebecois,C_lin,24,0.5,133.73747351278973
french_quebecois,C_lin,24,0.75,227.49944233048518
french_quebecois,C_lin,24,0.9,336.1313691094299
french_quebecois,C_lin,25,0.1,33.526164709119186
french_quebecois,C_lin,25,0.25,72.51471008725439
french_quebecois,C_lin,25,0.5,161.75324685272392
french_quebecois,C_lin,25,0.75,264.0301551621164
french_quebecois,C_lin,25,0.9,375.61840352037433
french_quebecois,C_lin,26,0.1,43.78277018789945
french_quebecois,C_lin,26,0.25,91.10966887791791
french_quebecois,C_lin,26,0.5,192.97310133807648
french_quebecois,C_lin,26,0.75,302.32062805516824
french_quebecois,C_lin,26,0.9,414.51608011441084
french_quebecois,C_lin,27,0.1,56.47333102786984
french_quebecois,C_lin,27,0.25,112.96392821400111
french_quebecois,C_lin,27,0.5,227.07785626201928
french_quebecois,C_lin,27,0.75,341.613447476583
french_quebecois,C_lin,27,0.9,451.9548378294009
french_quebecois,C_lin,28,0.1,71.91915631588765
french_quebecois,C_lin,28,0.25,138.18705361181594
french_quebecois,C_lin,28,0.5,263.58439824073577
french_quebecois,C_lin,28,0.75,381.06967246928315
french_quebecois,C_lin,28,0.9,487.11250719236074
french_quebecois,C_lin,29,0.1,90.4031271300289
french_quebecois,C_lin,29,0.25,166.75410238441674
french_quebecois,C_lin,29,0.5,301.8591347512575
french_quebecois,C_lin,29,0.75,419.8147406885845
french_quebecois,C_lin,29,0.9,519.2659080099959
french_quebecois,C_lin,30,0.1,112.14048716172512
french_quebecois,C_lin,30,0.25,198.48367323211505
french_quebecois,C_lin,30,0.5,341.14583250248063
french_quebecois,C_lin,30,0.75,456.98301062100364
french_quebecois,C_lin,30,0.9,547.8516562533738
french_quebecois,C_log,18,0.1,4.870024155427053
french_quebecois,C_log,18,0.25,12.6398352643923
french_quebecois,C_log,18,0.5,37.752548085171675
french_quebecois,C_log,18,0.75,77.74412435162722
french_quebecois,C_log,18,0.9,154.98059765655813
french_quebecois,C_log,19,0.1,7.13156446376368
french_quebecois,C_log,19,0.25,17.900168422482622
french_quebecois,C_log,19,0.5,50.98647503058636
french_quebecois,C_log,19,0.75,100.77610335484898
french_quebecois,C_log,19,0.9,191.01900891152476
french_quebecois,C_log,20,0.1,10.122217052588695
french_quebecois,C_log,20,0.25,24.58742533108503
french_quebecois,C_log,20,0.5,66.81619120934147
french_quebecois,C_log,20,0.75,126.85458902738239
french_quebecois,C_log,20,0.9,228.9942673974379
french_quebecois,C_log,21,0.1,13.969002182045081
french_quebecois,C_log,21,0.25,32.862314791420246
french_quebecois,C_log,21,0.5,85.2286655181453
french_quebecois,C_log,21,0.75,155.56827205532318
french_quebecois,C_log,21,0.9,267.9325918365787
french_quebecois,C_log,22,0.1,18.797801061348263
french_quebecois,C_log,22,0.25,42.84947456473921
french_quebecois,C_log,22,0.5,106.11325793133426
french_quebecois,C_log,22,0.75,186.39207175395495
french_quebecois,C_log,22,0.9,306.90147030629066
french_quebecois,C_log,23,0.1,24.727433611724482
french_quebecois,C_log,23,0.25,54.62856115631617
french_quebecois,C_log,23,0.5,129.26540035938552
french_quebecois,C_log,23,0.75,218.7328332573011
french_quebecois,C_log,23,0.9,345.06595445183785
french_quebecois,C_log,24,0.1,31.862485406817765
french_quebecois,C_log,24,0.25,68.2309090014324
french_quebecois,C_log,24,0.5,154.39715651280574
french_quebecois,C_log,24,0.75,251.97350049271876
french_quebecois,C_log,24,0.9,381.7246691715286
french_quebecois,C_log,25,0.1,40.28659568502547
french_quebecois,C_log,25,0.25,83.63941109407878
french_quebecois,C_log,25,0.5,181.15634916055672
french_quebecois,C_log,25,0.75,285.50991799064445
french_quebecois,C_log,25,0.9,416.3244850307348
french_quebecois,C_log,26,0.1,50.05783966234084
french_quebecois,C_log,26,0.25,100.78915245872554
french_quebecois,C_log,26,0.5,209.15018427343136
french_quebecois,C_log,26,0.75,318.780026193355
french_quebecois,C_log,26,0.9,448.45831713798344
french_quebecois,C_log,27,0.1,61.206684550899695
french_quebecois,C_log,27,0.25,119.56876665337958
french_quebecois,C_log,27,0.5,237.96814439187358
french_quebecois,C_log,27,0.75,351.2854172509544
french_quebecois,C_log,27,0.9,477.8544053090927
french_quebecois,C_log,28,0.1,73.73569122074154
french_quebecois,C_log,28,0.25,139.82411111473095
french_quebecois,C_log,28,0.5,267.20161044370445
french_quebecois,C_log,28,0.75,382.6043165028559
french_quebecois,C_log,28,0.9,504.3636636599814
french_quebecois,C_log,29,0.1,87.6197834050959
french_quebecois,C_log,29,0.25,161.3651380246832
french_quebecois,C_log,29,0.5,296.4600223880344
french_quebecois,C_log,29,0.75,412.39609250840505
french_quebecois,C_log,29,0.9,527.946987138032
french_quebecois,C_log,30,0.1,102.80661589271547
french_quebecois,C_log,30,0.25,183.97513328532503
french_quebecois,C_log,30,0.5,325.38377415083124
french_quebecois,C_log,30,0.75,440.39940959949575
french_quebecois,C_log,30,0.9,548.6611689166112
french_quebecois,D_lin,18,0.1,8.203667047974708
french_quebecois,D_lin,18,0.25,12.690294192852226
french_quebecois,D_lin,18,0.5,31.195269021129665
french_quebecois,D_lin,18,0.75,64.88554951794413
french_quebecois,D_lin,18,0.9,133.66269825703276
french_quebecois,D_lin,19,0.1,10.145059085533015
french_quebecois,D_lin,19,0.25,18.241714371203006
french_quebecois,D_lin,19,0.5,43.98564328555961
french_quebecois,D_lin,19,0.75,85.80438337892708
french_quebecois,D_lin,19,0.9,178.53279717990156
french_quebecois,D_lin,20,0.1,16.222893796423048
french_quebecois,D_lin,20,0.25,25.723098323624303
french_quebecois,D_lin,20,0.5,58.46093694507042
french_quebecois,D_lin,20,0.75,114.69013434002206
french_quebecois,D_lin,20,0.9,223.10179137982095
french_quebecois,D_lin,21,0.1,18.805553100957948
french_quebecois,D_lin,21,0.25,35.742845384426104
french_quebecois,D_lin,21,0.5,82.29773356369259
french_quebecois,D_lin,21,0.75,156.11729687037587
french_quebecois,D_lin,21,0.9,267.4041363519531
french_quebecois,D_lin,22,0.1,22.667165308118584
french_quebecois,D_lin,22,0.25,48.48925978590114
french_quebecois,D_lin,22,0.5,107.14756324807993
french_quebecois,D_lin,22,0.75,209.15668752546043
french_quebecois,D_lin,22,0.9,344.18233856632656
french_quebecois,D_lin,23,0.1,32.45281323995927
french_quebecois,D_lin,23,0.25,63.58090243161862
french_quebecois,D_lin,23,0.5,136.34300881933007
french_quebecois,D_lin,23,0.75,264.12947814069634
french_quebecois,D_lin,23,0.9,375.8625398182705
french_quebecois,D_lin,24,0.1,42.93999454112811
french_quebecois,D_lin,24,0.25,85.77642750296614
french_quebecois,D_lin,24,0.5,167.1765433733471
french_quebecois,D_lin,24,0.75,327.16177985143423
french_quebecois,D_lin,24,0.9,438.00596435643007
french_quebecois,D_lin,25,0.1,50.406570769765764
french_quebecois,D_lin,25,0.25,103.789431784529
french_quebecois,D_lin,25,0.5,201.30981687143031
french_quebecois,D_lin,25,0.75,388.77187602749405
french_quebecois,D_lin,25,0.9,493.27228950434727
french_quebecois,D_lin,26,0.1,57.9436509672997
french_quebecois,D_lin,26,0.25,124.75624180099814
french_quebecois,D_lin,26,0.5,245.89032833097923
french_quebecois,D_lin,26,0.75,434.8297464098182
french_quebecois,D_lin,26,0.9,554.2353254118636
french_quebecois,D_lin,27,0.1,66.55039397889523
french_quebecois,D_lin,27,0.25,150.87821351555803
french_quebecois,D_lin,27,0.5,294.7563959144617
french_quebecois,D_lin,27,0.75,465.42820685174274
french_quebecois,D_lin,27,0.9,595.8053246249449
french_quebecois,D_lin,28,0.1,76.80695835719155
french_quebecois,D_lin,28,0.25,185.0036643302114
french_quebecois,D_lin,28,0.5,350.8989167276622
french_quebecois,D_lin,28,0.75,515.1026969616719
french_quebecois,D_lin,28,0.9,620.3208705701929
french_quebecois,D_lin,29,0.1,89.85043359360917
french_quebecois,D_lin,29,0.25,226.98733073939496
french_quebecois,D_lin,29,0.5,392.3794960246767
french_quebecois,D_lin,29,0.75,556.8384280150123
french_quebecois,D_lin,29,0.9,636.1234871917801
french_quebecois,D_lin,30,0.1,103.21910284127145
french_quebecois,D_lin,30,0.25,271.28835715535
french_quebecois,D_lin,30,0.5,432.7732053590874
french_quebecois,D_lin,30,0.75,587.4183952285453
french_quebecois,D_lin,30,0.9,646.2458270072024
french_quebecois,D_log,18,0.1,7.829857976753019
french_quebecois,D_log,18,0.25,15.866414206283197
french_quebecois,D_log,18,0.5,33.72407039357097
french_quebecois,D_log,18,0.75,67.6363867773094
french_quebecois,D_log,18,0.9,122.10051639477817
french_quebecois,D_log,19,0.1,13.17393662950974
french_quebecois,D_log,19,0.25,22.610247028057312
french_quebecois,D_log,19,0.5,48.227032744974096
french_quebecois,D_log,19,0.75,86.07326171267228
french_quebecois,D_log,19,0.9,166.34277389200977
french_quebecois,D_log,20,0.1,17.246666932090072
french_quebecois,D_log,20,0.25,31.504707247906907
french_quebecois,D_log,20,0.5,58.510850423157564
french_quebecois,D_log,20,0.75,112.51612704496628
french_quebecois,D_log,20,0.9,196.73954184221174
french_quebecois,D_log,21,0.1,18.58748153166154
french_quebecois,D_log,21,0.25,40.465343699764894
french_quebecois,D_log,21,0.5,82.24114964947341
french_quebecois,D_log,21,0.75,151.22871807067403
french_quebecois,D_log,21,0.9,252.93750225001415
french_quebecois,D_log,22,0.1,26.43049454184164
french_quebecois,D_log,22,0.25,47.59769173854727
french_quebecois,D_log,22,0.5,96.69795527647983
french_quebecois,D_log,22,0.75,190.4704201999574
french_quebecois,D_log,22,0.9,312.34146059446283
french_quebecois,D_log,23,0.1,32.25734533548292
french_quebecois,D_log,23,0.25,64.21050662742216
french_quebecois,D_log,23,0.5,120.70095942217054
french_quebecois,D_log,23,0.75,230.75425393111698
french_quebecois,D_log,23,0.9,369.1641572814674
french_quebecois,D_log,24,0.1,40.1713577301827
french_quebecois,D_log,24,0.25,76.94755014896542
french_quebecois,D_log,24,0.5,145.56030906663878
french_quebecois,D_log,24,0.75,265.2144411384932
french_quebecois,D_log,24,0.9,415.0747260098019
french_quebecois,D_log,25,0.1,49.826792418639634
french_quebecois,D_log,25,0.25,94.74451493793015
french_quebecois,D_log,25,0.5,170.9569723418863
french_quebecois,D_log,25,0.75,307.8198728150953
french_quebecois,D_log,25,0.9,454.77303539514145
french_quebecois,D_log,26,0.1,57.13397280155288
french_quebecois,D_log,26,0.25,112.78095679192856
french_quebecois,D_log,26,0.5,199.02805348833897
french_quebecois,D_log,26,0.75,349.8088935572575
french_quebecois,D_log,26,0.9,489.6342664268975
french_quebecois,D_log,27,0.1,62.640398725320374
french_quebecois,D_log,27,0.25,131.79336500112404
french_quebecois,D_log,27,0.5,237.20077580348894
french_quebecois,D_log,27,0.75,393.66102421855555
french_quebecois,D_log,27,0.9,509.3499622892682
french_quebecois,D_log,28,0.1,67.5038421906745
french_quebecois,D_log,28,0.25,145.65973822836708
french_quebecois,D_log,28,0.5,275.41777880709725
french_quebecois,D_log,28,0.75,429.6976887974928
french_quebecois,D_log,28,0.9,545.1651742943092
french_quebecois,D_log,29,0.1,72.46896614717475
french_quebecois,D_log,29,0.25,162.89801104629828
french_quebecois,D_log,29,0.5,314.87429025049846
french_quebecois,D_log,29,0.75,463.2797285435751
french_quebecois,D_log,29,0.9,574.8983775011476
french_quebecois,D_log,30,0.1,77.52677913572117
french_quebecois,D_log,30,0.25,185.48151285608978
french_quebecois,D_log,30,0.5,352.23436659472895
french_quebecois,D_log,30,0.75,491.79351182564903
french_quebecois,D_log,30,0.9,593.2260969255035
japanese,A,16,0.1,118.58388938654116
japanese,A,16,0.25,118.58388938654116
japanese,A,16,0.5,118.58388938654116
japanese,A,16,0.75,118.58388938654116
japanese,A,16,0.9,118.58388938654116
japanese,A,17,0.1,124.25658330468679
japanese,A,17,0.25,124.25658330468679
japanese,A,17,0.5,124.25658330468679
japanese,A,17,0.75,124.25658330468679
japanese,A,17,0.9,124.25658330468679
japanese,A,18,0.1,129.7908518483714
japanese,A,18,0.25,129.7908518483714
japanese,A,18,0.5,129.7908518483714
japanese,A,18,0.75,129.7908518483714
japanese,A,18,0.9,129.7908518483714
japanese,A,19,0.1,135.19300411851194
japanese,A,19,0.25,135.19300411851194
japanese,A,19,0.5,135.19300411851194
japanese,A,19,0.75,135.19300411851194
japanese,A,19,0.9,135.19300411851194
japanese,A,20,0.1,140.46888186693351
japanese,A,20,0.25,140.46888186693351
japanese,A,20,0.5,140.46888186693351
japanese,A,20,0.75,140.46888186693351
japanese,A,20,0.9,140.46888186693351
japanese,A,21,0.1,145.62391045887586
japanese,A,21,0.25,145.62391045887586
japanese,A,21,0.5,145.62391045887586
japanese,A,21,0.75,145.62391045887586
japanese,A,21,0.9,145.62391045887586
japanese,A,22,0.1,150.66314232741567
japanese,A,22,0.25,150.66314232741567
japanese,A,22,0.5,150.66314232741567
japanese,A,22,0.75,150.66314232741567
japanese,A,22,0.9,150.66314232741567
japanese,A,23,0.1,155.5912943113591
japanese,A,23,0.25,155.5912943113591
japanese,A,23,0.5,155.5912943113591
japanese,A,23,0.75,155.5912943113591
japanese,A,23,0.9,155.5912943113591
japanese,A,24,0.1,160.41277996070534
japanese,A,24,0.25,160.41277996070534
japanese,A,24,0.5,160.41277996070534
japanese,A,24,0.75,160.41277996070534
japanese,A,24,0.9,160.41277996070534
japanese,A,25,0.1,165.13173766426064
japanese,A,25,0.25,165.13173766426064
japanese,A,25,0.5,165.13173766426064
japanese,A,25,0.75,165.13173766426064
japanese,A,25,0.9,165.13173766426064
japanese,A,26,0.1,169.7520552803349
japanese,A,26,0.25,169.7520552803349
japanese,A,26,0.5,169.7520552803349
japanese,A,26,0.75,169.7520552803349
japanese,A,26,0.9,169.7520552803349
japanese,A,27,0.1,174.27739181845723
japanese,A,27,0.25,174.27739181845723
japanese,A,27,0.5,174.27739181845723
japanese,A,27,0.75,174.27739181845723
japanese,A,27,0.9,174.27739181845723
japanese,A,28,0.1,178.71119661703275
japanese,A,28,0.25,178.71119661703275
japanese,A,28,0.5,178.71119661703275
japanese,A,28,0.75,178.71119661703275
japanese,A,28,0.9,178.71119661703275
japanese,A,29,0.1,183.0567263812359
japanese,A,29,0.25,183.0567263812359
japanese,A,29,0.5,183.0567263812359
japanese,A,29,0.75,183.0567263812359
japanese,A,29,0.9,183.0567263812359
japanese,A,30,0.1,187.31706038173576
japanese,A,30,0.25,187.31706038173576
japanese,A,30,0.5,187.31706038173576
japanese,A,30,0.75,187.31706038173576
japanese,A,30,0.9,187.31706038173576
japanese,A,31,0.1,191.49511406404565
japanese,A,31,0.25,191.49511406404565
japanese,A,31,0.5,191.49511406404565
japanese,A,31,0.75,191.49511406404565
japanese,A,31,0.9,191.49511406404565
japanese,A,32,0.1,195.59365127747307
japanese,A,32,0.25,195.59365127747307
japanese,A,32,0.5,195.59365127747307
japanese,A,32,0.75,195.59365127747307
japanese,A,32,0.9,195.59365127747307
japanese,A,33,0.1,199.6152952995528
japanese,A,33,0.25,199.6152952995528
japanese,A,33,0.5,199.6152952995528
japanese,A,33,0.75,199.6152952995528
japanese,A,33,0.9,199.6152952995528
japanese,B_lin,16,0.1,30.273025219433794
japanese,B_lin,16,0.25,30.273025219433794
japanese,B_lin,16,0.5,30.273025219433794
japanese,B_lin,16,0.75,30.273025219433794
japanese,B_lin,16,0.9,30.273025219433794
japanese,B_lin,17,0.1,40.6484004012243
japanese,B_lin,17,0.25,40.6484004012243
japanese,B_lin,17,0.5,40.6484004012243
japanese,B_lin,17,0.75,40.6484004012243
japanese,B_lin,17,0.9,40.6484004012243
japanese,B_lin,18,0.1,54.0208216346722
japanese,B_lin,18,0.25,54.0208216346722
japanese,B_lin,18,0.5,54.0208216346722
japanese,B_lin,18,0.75,54.0208216346722
japanese,B_lin,18,0.9,54.0208216346722
japanese,B_lin,19,0.1,70.96218291691423
japanese,B_lin,19,0.25,70.96218291691423
japanese,B_lin,19,0.5,70.96218291691423
japanese,B_lin,19,0.75,70.96218291691423
japanese,B_lin,19,0.9,70.96218291691423
japanese,B_lin,20,0.1,92.01003971149528
japanese,B_lin,20,0.25,92.01003971149528
japanese,B_lin,20,0.5,92.01003971149528
japanese,B_lin,20,0.75,92.01003971149528
japanese,B_lin,20,0.9,92.01003971149528
japanese,B_lin,21,0.1,117.59123037246931
japanese,B_lin,21,0.25,117.59123037246931
japanese,B_lin,21,0.5,117.59123037246931
japanese,B_lin,21,0.75,117.59123037246931
japanese,B_lin,21,0.9,117.59123037246931
japanese,B_lin,22,0.1,147.93325277423355
japanese,B_lin,22,0.25,147.93325277423355
japanese,B_lin,22,0.5,147.93325277423355
japanese,B_lin,22,0.75,147.93325277423355
japanese,B_lin,22,0.9,147.93325277423355
japanese,B_lin,23,0.1,182.98040963901298
japanese,B_lin,23,0.25,182.98040963901298
japanese,B_lin,23,0.5,182.98040963901298
japanese,B_lin,23,0.75,182.98040963901298
japanese,B_lin,23,0.9,182.98040963901298
japanese,B_lin,24,0.1,222.33604674237665
japanese,B_lin,24,0.25,222.33604674237665
japanese,B_lin,24,0.5,222.33604674237665
japanese,B_lin,24,0.75,222.33604674237665
japanese,B_lin,24,0.9,222.33604674237665
japanese,B_lin,25,0.1,265.2496328709818
japanese,B_lin,25,0.25,265.2496328709818
japanese,B_lin,25,0.5,265.2496328709818
japanese,B_lin,25,0.75,265.2496328709818
japanese,B_lin,25,0.9,265.2496328709818
japanese,B_lin,26,0.1,310.6577222007429
japanese,B_lin,26,0.25,310.6577222007429
japanese,B_lin,26,0.5,310.6577222007429
japanese,B_lin,26,0.75,310.6577222007429
japanese,B_lin,26,0.9,310.6577222007429
japanese,B_lin,27,0.1,357.2745234834588
japanese,B_lin,27,0.25,357.2745234834588
japanese,B_lin,27,0.5,357.2745234834588
japanese,B_lin,27,0.75,357.2745234834588
japanese,B_lin,27,0.9,357.2745234834588
japanese,B_lin,28,0.1,403.71617159789594
japanese,B_lin,28,0.25,403.71617159789594
japanese,B_lin,28,0.5,403.71617159789594
japanese,B_lin,28,0.75,403.71617159789594
japanese,B_lin,28,0.9,403.71617159789594
japanese,B_lin,29,0.1,448.6363820916497
japanese,B_lin,29,0.25,448.6363820916497
japanese,B_lin,29,0.5,448.6363820916497
japanese,B_lin,29,0.75,448.6363820916497
japanese,B_lin,29,0.9,448.6363820916497
japanese,B_lin,30,0.1,490.85062490228336
japanese,B_lin,30,0.25,490.85062490228336
japanese,B_lin,30,0.5,490.85062490228336
japanese,B_lin,30,0.75,490.85062490228336
japanese,B_lin,30,0.9,490.85062490228336
japanese,B_lin,31,0.1,529.430127597325
japanese,B_lin,31,0.25,529.430127597325
japanese,B_lin,31,0.5,529.430127597325
japanese,B_lin,31,0.75,529.430127597325
japanese,B_lin,31,0.9,529.430127597325
japanese,B_lin,32,0.1,563.7541646333999
japanese,B_lin,32,0.25,563.7541646333999
japanese,B_lin,32,0.5,563.7541646333999
japanese,B_lin,32,0.75,563.7541646333999
japanese,B_lin,32,0.9,563.7541646333999
japanese,B_lin,33,0.1,593.517951767246
japanese,B_lin,33,0.25,593.517951767246
japanese,B_lin,33,0.5,593.517951767246
japanese,B_lin,33,0.75,593.517951767246
japanese,B_lin,33,0.9,593.517951767246
japanese,B_log,16,0.1,25.440014318130707
japanese,B_log,16,0.25,25.440014318130707
japanese,B_log,16,0.5,25.440014318130707
japanese,B_log,16,0.75,25.440014318130707
japanese,B_log,16,0.9,25.440014318130707
japanese,B_log,17,0.1,38.15634603859394
japanese,B_log,17,0.25,38.15634603859394
japanese,B_log,17,0.5,38.15634603859394
japanese,B_log,17,0.75,38.15634603859394
japanese,B_log,17,0.9,38.15634603859394
japanese,B_log,18,0.1,54.98711920005787
japanese,B_log,18,0.25,54.98711920005787
japanese,B_log,18,0.5,54.98711920005787
japanese,B_log,18,0.75,54.98711920005787
japanese,B_log,18,0.9,54.98711920005787
japanese,B_log,19,0.1,76.35682411455484
japanese,B_log,19,0.25,76.35682411455484
japanese,B_log,19,0.5,76.35682411455484
japanese,B_log,19,0.75,76.35682411455484
japanese,B_log,19,0.9,76.35682411455484
japanese,B_log,20,0.1,102.42571953519864
japanese,B_log,20,0.25,102.42571953519864
japanese,B_log,20,0.5,102.42571953519864
japanese,B_log,20,0.75,102.42571953519864
japanese,B_log,20,0.9,102.42571953519864
japanese,B_log,21,0.1,133.0271254762578
japanese,B_log,21,0.25,133.0271254762578
japanese,B_log,21,0.5,133.0271254762578
japanese,B_log,21,0.75,133.0271254762578
japanese,B_log,21,0.9,133.0271254762578
japanese,B_log,22,0.1,167.65749586473
japanese,B_log,22,0.25,167.65749586473
japanese,B_log,22,0.5,167.65749586473
japanese,B_log,22,0.75,167.65749586473
japanese,B_log,22,0.9,167.65749586473
japanese,B_log,23,0.1,205.52264872377526
japanese,B_log,23,0.25,205.52264872377526
japanese,B_log,23,0.5,205.52264872377526
japanese,B_log,23,0.75,205.52264872377526
japanese,B_log,23,0.9,205.52264872377526
japanese,B_log,24,0.1,245.62654735098528
japanese,B_log,24,0.25,245.62654735098528
japanese,B_log,24,0.5,245.62654735098528
japanese,B_log,24,0.75,245.62654735098528
japanese,B_log,24,0.9,245.62654735098528
japanese,B_log,25,0.1,286.8800574506059
japanese,B_log,25,0.25,286.8800574506059
japanese,B_log,25,0.5,286.8800574506059
japanese,B_log,25,0.75,286.8800574506059
japanese,B_log,25,0.9,286.8800574506059
japanese,B_log,26,0.1,328.20704425356644
japanese,B_log,26,0.25,328.20704425356644
japanese,B_log,26,0.5,328.20704425356644
japanese,B_log,26,0.75,328.20704425356644
japanese,B_log,26,0.9,328.20704425356644
japanese,B_log,27,0.1,368.6313875499171
japanese,B_log,27,0.25,368.6313875499171
japanese,B_log,27,0.5,368.6313875499171
japanese,B_log,27,0.75,368.6313875499171
japanese,B_log,27,0.9,368.6313875499171
japanese,B_log,28,0.1,407.3366852367453
japanese,B_log,28,0.25,407.3366852367453
japanese,B_log,28,0.5,407.3366852367453
japanese,B_log,28,0.75,407.3366852367453
japanese,B_log,28,0.9,407.3366852367453
japanese,B_log,29,0.1,443.69738964558366
japanese,B_log,29,0.25,443.69738964558366
japanese,B_log,29,0.5,443.69738964558366
japanese,B_log,29,0.75,443.69738964558366
japanese,B_log,29,0.9,443.69738964558366
japanese,B_log,30,0.1,477.28481444228646
japanese,B_log,30,0.25,477.28481444228646
japanese,B_log,30,0.5,477.28481444228646
japanese,B_log,30,0.75,477.28481444228646
japanese,B_log,30,0.9,477.28481444228646
japanese,B_log,31,0.1,507.8539682409273
japanese,B_log,31,0.25,507.8539682409273
japanese,B_log,31,0.5,507.8539682409273
japanese,B_log,31,0.75,507.8539682409273
japanese,B_log,31,0.9,507.8539682409273
japanese,B_log,32,0.1,535.3179439558455
japanese,B_log,32,0.25,535.3179439558455
japanese,B_log,32,0.5,535.3179439558455
japanese,B_log,32,0.75,535.3179439558455
japanese,B_log,32,0.9,535.3179439558455
japanese,B_log,33,0.1,559.7161435152308
japanese,B_log,33,0.25,559.7161435152308
japanese,B_log,33,0.5,559.7161435152308
japanese,B_log,33,0.75,559.7161435152308
japanese,B_log,33,0.9,559.7161435152308
japanese,C_lin,16,0.1,1.1134573356737643
japanese,C_lin,16,0.25,3.4970846386806653
japanese,C_lin,16,0.5,11.142992398297904
japanese,C_lin,16,0.75,23.397432154903093
japanese,C_lin,16,0.9,52.41743324912081
japanese,C_lin,17,0.1,1.8690969737057785
japanese,C_lin,17,0.25,5.7189328022367345
japanese,C_lin,17,0.5,17.42391275747415
japanese,C_lin,17,0.75,35.381776480920884
japanese,C_lin,17,0.9,75.81213587514085
japanese,C_lin,18,0.1,3.108182896557333
japanese,C_lin,18,0.25,9.191931205500556
japanese,C_lin,18,0.5,26.71167611770446
japanese,C_lin,18,0.75,52.39086375449692
japanese,C_lin,18,0.9,106.76362332187648
japanese,C_lin,19,0.1,5.101395551725325
japanese,C_lin,19,0.25,14.492136351018107
japanese,C_lin,19,0.5,40.1344164205898
japanese,C_lin,19,0.75,75.77675516650069
japanese,C_lin,19,0.9,145.94895129463285
japanese,C_lin,20,0.1,8.23478391949517
japanese,C_lin,20,0.25,22.40131907865736
japanese,C_lin,20,0.5,59.009159176952586
japanese,C_lin,20,0.75,106.71852896771188
japanese,C_lin,20,0.9,193.22493867127162
japanese,C_lin,21,0.1,13.043213492647515
japanese,C_lin,21,0.25,33.94571434298017
japanese,C_lin,21,0.5,84.66574489359309
japanese,C_lin,21,0.75,145.89418655839003
japanese,C_lin,21,0.9,247.4388022853871
japanese,C_lin,22,0.1,20.255622122863773
japanese,C_lin,22,0.25,50.37772323968161
japanese,C_lin,22,0.5,118.16241611411861
japanese,C_lin,22,0.75,193.16174899007942
japanese,C_lin,22,0.9,306.4649068333143
japanese,C_lin,23,0.1,30.83932132482917
japanese,C_lin,23,0.25,73.05105475089229
japanese,C_lin,23,0.5,159.9497713711259
japanese,C_lin,23,0.75,247.36961859769713
japanese,C_lin,23,0.9,367.470174089399
japanese,C_lin,24,0.1,46.00020175990063
japanese,C_lin,24,0.25,103.17695873518765
japanese,C_lin,24,0.5,209.57855185761483
japanese,C_lin,24,0.75,306.39304968986977
japanese,C_lin,24,0.9,427.35752709408223
japanese,C_lin,25,0.1,67.08594912815101
japanese,C_lin,25,0.25,141.50048078744413
japanese,C_lin,25,0.5,265.5749247264152
japanese,C_lin,25,0.75,367.3993381127274
japanese,C_lin,25,0.9,483.2818245781556
japanese,C_lin,26,0.1,95.3685135960493
japanese,C_lin,26,0.25,187.97556320152566
japanese,C_lin,26,0.5,325.5526002724343
japanese,C_lin,26,0.75,427.29115489665634
japanese,C_lin,26,0.9,533.0802337253597
japanese,C_lin,27,0.1,131.73345184241853
japanese,C_lin,27,0.25,241.5563997389195
japanese,C_lin,27,0.5,386.54112291570914
japanese,C_lin,27,0.75,483.22257146302525
japanese,C_lin,27,0.9,575.5170403751788
japanese,C_lin,28,0.1,176.34607931845164
japanese,C_lin,28,0.25,300.2091176639612
japanese,C_lin,28,0.5,445.46749910126033
japanese,C_lin,28,0.75,533.0296566988236
japanese,C_lin,28,0.9,610.3108682023834
japanese,C_lin,29,0.1,228.40385073481391
japanese,C_lin,29,0.25,361.1554129723937
japanese,C_lin,29,0.5,499.66190393904583
japanese,C_lin,29,0.75,575.4755398725858
japanese,C_lin,29,0.9,637.9317658773759
japanese,C_lin,30,0.1,286.09145803856643
japanese,C_lin,30,0.25,421.3011495847495
japanese,C_lin,30,0.5,547.2359173361946
japanese,C_lin,30,0.75,610.2779092272862
japanese,C_lin,30,0.9,659.2513465980829
japanese,C_lin,31,0.1,346.77302365886715
japanese,C_lin,31,0.25,477.752151518514
japanese,C_lin,31,0.5,587.2615744824897
japanese,C_lin,31,0.75,637.90630687729
japanese,C_lin,31,0.9,675.2425297579321
japanese,C_lin,32,0.1,407.38317622241453
japanese,C_lin,32,0.25,528.2598775844822
japanese,C_lin,32,0.5,619.7255555811929
japanese,C_lin,32,0.75,659.2322282879702
japanese,C_lin,32,0.9,686.8540260410747
japanese,C_lin,33,0.1,464.93546876693625
japanese,C_lin,33,0.25,571.4874273427953
japanese,C_lin,33,0.5,645.2638915382927
japanese,C_lin,33,0.75,675.2286346596222
japanese,C_lin,33,0.9,694.9940523690825
japanese,C_log,16,0.1,0.9804787494941417
japanese,C_log,16,0.25,3.066144090604932
japanese,C_log,16,0.5,9.217271011917118
japanese,C_log,16,0.75,21.91114157329415
japanese,C_log,16,0.9,52.42500162361946
japanese,C_log,17,0.1,2.0128255366511443
japanese,C_log,17,0.25,6.029580148062203
japanese,C_log,17,0.5,17.047783051909178
japanese,C_log,17,0.75,38.56481778267799
japanese,C_log,17,0.9,86.70152369302298
japanese,C_log,18,0.1,3.8806741862533665
japanese,C_log,18,0.25,11.029580443265846
japanese,C_log,18,0.5,29.48065451766377
japanese,C_log,18,0.75,63.5152785348594
japanese,C_log,18,0.9,132.99507996256995
japanese,C_log,19,0.1,7.029040143971253
japanese,C_log,19,0.25,18.944884490003012
japanese,C_log,19,0.5,48.097627625990654
japanese,C_log,19,0.75,98.15355169367709
japanese,C_log,19,0.9,190.050230160455
japanese,C_log,20,0.1,12.013329847019595
japanese,C_log,20,0.25,30.85567389239777
japanese,C_log,20,0.5,74.30165883275255
japanese,C_log,20,0.75,142.64736376344453
japanese,C_log,20,0.9,254.64254628826586
japanese,C_log,21,0.1,19.520476650826343
japanese,C_log,21,0.25,47.94065211097744
japanese,C_log,21,0.5,108.85476685369744
japanese,C_log,21,0.75,195.68040252077975
japanese,C_log,21,0.9,322.4082546823598
japanese,C_log,22,0.1,30.373297405712787
japanese,C_log,22,0.25,71.23315229322763
japanese,C_log,22,0.5,151.5473221475718
japanese,C_log,22,0.75,254.65271157998885
japanese,C_log,22,0.9,388.89629820251463
japanese,C_log,23,0.1,45.45705971926521
japanese,C_log,23,0.25,101.33665503142974
japanese,C_log,23,0.5,201.1153454003436
japanese,C_log,23,0.75,316.24790352093777
japanese,C_log,23,0.9,450.4391535491143
japanese,C_log,24,0.1,65.56591430783251
japanese,C_log,24,0.25,138.21529709955527
japanese,C_log,24,0.5,255.4373566666473
japanese,C_log,24,0.75,377.09408578131445
japanese,C_log,24,0.9,504.63957085131796
japanese,C_log,25,0.1,91.22385137965011
japanese,C_log,25,0.25,181.11790035939262
japanese,C_log,25,0.5,311.9288821165449
japanese,C_log,25,0.75,434.3175341848394
japanese,C_log,25,0.9,550.4323401662867
japanese,C_log,26,0.1,122.54271046837611
japanese,C_log,26,0.25,228.65762180782647
japanese,C_log,26,0.5,367.97410732300216
japanese,C_log,26,0.75,485.88355262982554
japanese,C_log,26,0.9,587.850474019757
japanese,C_log,27,0.1,159.1511457624299
japanese,C_log,27,0.25,279.0244797344193
japanese,C_log,27,0.5,421.2905772451628
japanese,C_log,27,0.75,530.6874999400696
japanese,C_log,27,0.9,617.6510886837536
japanese,C_log,28,0.1,200.20876510550704
japanese,C_log,28,0.25,330.25074644553837
japanese,C_log,28,0.5,470.1693746151786
japanese,C_log,28,0.75,568.4527280602333
japanese,C_log,28,0.9,640.929872723533
japanese,C_log,29,0.1,244.50623561309
japanese,C_log,29,0.25,380.4599436434876
japanese,C_log,29,0.5,513.5632876748252
japanese,C_log,29,0.75,599.5206902209454
japanese,C_log,29,0.9,658.8331956451082
japanese,C_log,30,0.1,290.6199743157595
japanese,C_log,30,0.25,428.06423858265765
japanese,C_log,30,0.5,551.0474938129015
japanese,C_log,30,0.75,624.6026945749528
japanese,C_log,30,0.9,672.4108917885194
japanese,C_log,31,0.1,337.0765331566938
japanese,C_log,31,0.25,471.8851374364996
japanese,C_log,31,0.5,582.7012041180639
japanese,C_log,31,0.75,644.5565095698055
japanese,C_log,31,0.9,682.5727089940001
japanese,C_log,32,0.1,382.49958558162217
japanese,C_log,32,0.25,511.19012571401754
japanese,C_log,32,0.5,608.951015552469
japanese,C_log,32,0.75,660.2349251919513
japanese,C_log,32,0.9,690.0870797914105
japanese,C_log,33,0.1,425.7245359242606
japanese,C_log,33,0.25,545.6624709916059
japanese,C_log,33,0.5,630.4111827975295
japanese,C_log,33,0.75,672.4135633364004
japanese,C_log,33,0.9,695.5877666263273
japanese,D_lin,16,0.1,0.8363776412374533
japanese,D_lin,16,0.25,3.825400645681957
japanese,D_lin,16,0.5,12.086343146944198
japanese,D_lin,16,0.75,25.72951094171163
japanese,D_lin,16,0.9,61.26964089969395
japanese,D_lin,17,0.1,1.6530008033328407
japanese,D_lin,17,0.25,5.885471204393444
japanese,D_lin,17,0.5,19.163196307127727
japanese,D_lin,17,0.75,45.731825721450356
japanese,D_lin,17,0.9,92.75110824287533
japanese,D_lin,18,0.1,2.8856419597729066
japanese,D_lin,18,0.25,10.352768054508507
japanese,D_lin,18,0.5,28.196058774058315
japanese,D_lin,18,0.75,74.00005830195913
japanese,D_lin,18,0.9,148.72796040176902
japanese,D_lin,19,0.1,4.769228886588183
japanese,D_lin,19,0.25,17.327965560987444
japanese,D_lin,19,0.5,43.029142905637435
japanese,D_lin,19,0.75,101.479838248557
japanese,D_lin,19,0.9,212.49700291817572
japanese,D_lin,20,0.1,7.702093283468515
japanese,D_lin,20,0.25,24.94293844594489
japanese,D_lin,20,0.5,62.24127696649478
japanese,D_lin,20,0.75,142.92563192621571
japanese,D_lin,20,0.9,290.20083823245034
japanese,D_lin,21,0.1,12.66117094186479
japanese,D_lin,21,0.25,40.358382021266394
japanese,D_lin,21,0.5,96.17822508412567
japanese,D_lin,21,0.75,191.78741804784593
japanese,D_lin,21,0.9,365.0639975650861
japanese,D_lin,22,0.1,21.608471971417114
japanese,D_lin,22,0.25,60.10306777136422
japanese,D_lin,22,0.5,136.503818896493
japanese,D_lin,22,0.75,256.6698233884641
japanese,D_lin,22,0.9,414.1058446108714
japanese,D_lin,23,0.1,35.5412344121248
japanese,D_lin,23,0.25,81.00568903824252
japanese,D_lin,23,0.5,185.12494374593416
japanese,D_lin,23,0.75,329.65344694374625
japanese,D_lin,23,0.9,489.01901486506046
japanese,D_lin,24,0.1,50.890561628929284
japanese,D_lin,24,0.25,108.14442573754931
japanese,D_lin,24,0.5,251.21732469856647
japanese,D_lin,24,0.75,398.9837559015675
japanese,D_lin,24,0.9,541.5717567578885
japanese,D_lin,25,0.1,63.82668863812815
japanese,D_lin,25,0.25,140.5272806645202
japanese,D_lin,25,0.5,314.7730232536576
japanese,D_lin,25,0.75,465.2365208203614
japanese,D_lin,25,0.9,592.7325844637871
japanese,D_lin,26,0.1,89.40954050469058
japanese,D_lin,26,0.25,179.8383154556519
japanese,D_lin,26,0.5,375.63025933407005
japanese,D_lin,26,0.75,511.5328602194467
japanese,D_lin,26,0.9,625.3969549577324
japanese,D_lin,27,0.1,122.10309177519623
japanese,D_lin,27,0.25,225.3979141895156
japanese,D_lin,27,0.5,443.1372543464022
japanese,D_lin,27,0.75,573.1180744891925
japanese,D_lin,27,0.9,661.2607953552222
japanese,D_lin,28,0.1,166.19295583266845
japanese,D_lin,28,0.25,276.7354475445757
japanese,D_lin,28,0.5,494.9247805062675
japanese,D_lin,28,0.75,620.1679812527093
japanese,D_lin,28,0.9,680.7156656799623
japanese,D_lin,29,0.1,206.68481708673806
japanese,D_lin,29,0.25,329.87061054181737
japanese,D_lin,29,0.5,553.4374037856652
japanese,D_lin,29,0.75,643.5766798285173
japanese,D_lin,29,0.9,694.5567327537947
japanese,D_lin,30,0.1,257.1371383316546
japanese,D_lin,30,0.25,401.98253370164053
japanese,D_lin,30,0.5,591.4036545907222
japanese,D_lin,30,0.75,669.3511787607318
japanese,D_lin,30,0.9,702.8690565541568
japanese,D_lin,31,0.1,317.31169117194764
japanese,D_lin,31,0.25,461.13071878931294
japanese,D_lin,31,0.5,626.6692559716396
japanese,D_lin,31,0.75,686.3571865353313
japanese,D_lin,31,0.9,706.8857721657466
japanese,D_lin,32,0.1,366.08671396439394
japanese,D_lin,32,0.25,507.81569278390236
japanese,D_lin,32,0.5,651.0368840039207
japanese,D_lin,32,0.75,696.657398408357
japanese,D_lin,32,0.9,708.6919315210548
japanese,D_lin,33,0.1,414.2519320399518
japanese,D_lin,33,0.25,549.2337441174789
japanese,D_lin,33,0.5,669.7045120707961
japanese,D_lin,33,0.75,702.9503652803209
japanese,D_lin,33,0.9,709.3721161025918
japanese,D_log,16,0.1,0.5428355412879746
japanese,D_log,16,0.25,2.9968708096348706
japanese,D_log,16,0.5,11.288277535633174
japanese,D_log,16,0.75,25.71221983084798
japanese,D_log,16,0.9,51.42966587806726
japanese,D_log,17,0.1,1.2506894436236569
japanese,D_log,17,0.25,5.373778072562876
japanese,D_log,17,0.5,16.93674025393965
japanese,D_log,17,0.75,40.55299642636945
japanese,D_log,17,0.9,86.58056843644599
japanese,D_log,18,0.1,2.7690118411644296
japanese,D_log,18,0.25,9.677273483123104
japanese,D_log,18,0.5,25.317830125880686
japanese,D_log,18,0.75,65.67900219434617
japanese,D_log,18,0.9,143.40620684774282
japanese,D_log,19,0.1,4.897008131990464
japanese,D_log,19,0.25,15.508373908453974
japanese,D_log,19,0.5,38.617442589146286
japanese,D_log,19,0.75,96.60621180802062
japanese,D_log,19,0.9,185.583619045711
japanese,D_log,20,0.1,8.520105065568561
japanese,D_log,20,0.25,23.27509121097834
japanese,D_log,20,0.5,61.11528472389882
japanese,D_log,20,0.75,132.73569850695458
japanese,D_log,20,0.9,241.45850304531436
japanese,D_log,21,0.1,14.180544749653022
japanese,D_log,21,0.25,35.94301981072965
japanese,D_log,21,0.5,88.99676095062307
japanese,D_log,21,0.75,183.44076815363172
japanese,D_log,21,0.9,304.01898796379373
japanese,D_log,22,0.1,19.18802074521582
japanese,D_log,22,0.25,44.25903955560023
japanese,D_log,22,0.5,120.81009678235148
japanese,D_log,22,0.75,230.8488716951307
japanese,D_log,22,0.9,368.2919735997674
japanese,D_log,23,0.1,30.368307728802904
japanese,D_log,23,0.25,61.75282435646861
japanese,D_log,23,0.5,155.8766088427353
japanese,D_log,23,0.75,294.68785209993877
japanese,D_log,23,0.9,417.14486320077026
japanese,D_log,24,0.1,37.069214480206774
japanese,D_log,24,0.25,78.30670973827527
japanese,D_log,24,0.5,209.1663482905243
japanese,D_log,24,0.75,341.1203531656884
japanese,D_log,24,0.9,468.9836816035246
japanese,D_log,25,0.1,51.62230965439672
japanese,D_log,25,0.25,109.3860805407553
japanese,D_log,25,0.5,248.26346516600378
japanese,D_log,25,0.75,394.7452521282321
japanese,D_log,25,0.9,514.0259946452024
japanese,D_log,26,0.1,63.314283224710834
japanese,D_log,26,0.25,138.8290616888424
japanese,D_log,26,0.5,294.28110816420536
japanese,D_log,26,0.75,442.2137687831223
japanese,D_log,26,0.9,569.0051416945299
japanese,D_log,27,0.1,76.88945066414445
japanese,D_log,27,0.25,168.26786637719266
japanese,D_log,27,0.5,338.77279358869964
japanese,D_log,27,0.75,486.45694937833736
japanese,D_log,27,0.9,600.9532664983914
japanese,D_log,28,0.1,86.01031915857875
japanese,D_log,28,0.25,204.6411703656404
japanese,D_log,28,0.5,384.0708272591105
japanese,D_log,28,0.75,536.1705924187529
japanese,D_log,28,0.9,626.2329139194424
japanese,D_log,29,0.1,112.63811109218294
japanese,D_log,29,0.25,246.52604096442616
japanese,D_log,29,0.5,433.20055613240044
japanese,D_log,29,0.75,566.6531048152618
japanese,D_log,29,0.9,646.2823623392054
japanese,D_log,30,0.1,145.14758409751624
japanese,D_log,30,0.25,290.84857905718303
japanese,D_log,30,0.5,476.61822764668443
japanese,D_log,30,0.75,589.5388642741577
japanese,D_log,30,0.9,662.542495963294
japanese,D_log,31,0.1,172.11593316302682
japanese,D_log,31,0.25,333.8770728042026
japanese,D_log,31,0.5,513.3478510677863
japanese,D_log,31,0.75,615.7780795152386
japanese,D_log,31,0.9,677.1582284451616
japanese,D_log,32,0.1,193.98929188244875
japanese,D_log,32,0.25,369.2429693522069
japanese,D_log,32,0.5,539.7650234899007
japanese,D_log,32,0.75,636.1217381351548
japanese,D_log,32,0.9,685.2214057100628
japanese,D_log,33,0.1,210.46050684132044
japanese,D_log,33,0.25,404.0742308931911
japanese,D_log,33,0.5,567.479126458409
japanese,D_log,33,0.75,652.5155328618346
japanese,D_log,33,0.9,690.1955363439431
norwegian,A,19,0.1,291.55921069435425
norwegian,A,19,0.25,291.55921069435425
norwegian,A,19,0.5,291.55921069435425
norwegian,A,19,0.75,291.55921069435425
norwegian,A,19,0.9,291.55921069435425
norwegian,A,20,0.1,299.1950858366274
norwegian,A,20,0.25,299.1950858366274
norwegian,A,20,0.5,299.1950858366274
norwegian,A,20,0.75,299.1950858366274
norwegian,A,20,0.9,299.1950858366274
norwegian,A,21,0.1,306.5042847483338
norwegian,A,21,0.25,306.5042847483338
norwegian,A,21,0.5,306.5042847483338
norwegian,A,21,0.75,306.5042847483338
norwegian,A,21,0.9,306.5042847483338
norwegian,A,22,0.1,313.50996503761564
norwegian,A,22,0.25,313.50996503761564
norwegian,A,22,0.5,313.50996503761564
norwegian,A,22,0.75,313.50996503761564
norwegian,A,22,0.9,313.50996503761564
norwegian,A,23,0.1,320.23296621352324
norwegian,A,23,0.25,320.23296621352324
norwegian,A,23,0.5,320.23296621352324
norwegian,A,23,0.75,320.23296621352324
norwegian,A,23,0.9,320.23296621352324
norwegian,A,24,0.1,326.6921099104094
norwegian,A,24,0.25,326.6921099104094
norwegian,A,24,0.5,326.6921099104094
norwegian,A,24,0.75,326.6921099104094
norwegian,A,24,0.9,326.6921099104094
norwegian,A,25,0.1,332.90445249448027
norwegian,A,25,0.25,332.90445249448027
norwegian,A,25,0.5,332.90445249448027
norwegian,A,25,0.75,332.90445249448027
norwegian,A,25,0.9,332.90445249448027
norwegian,A,26,0.1,338.8854989589217
norwegian,A,26,0.25,338.8854989589217
norwegian,A,26,0.5,338.8854989589217
norwegian,A,26,0.75,338.8854989589217
norwegian,A,26,0.9,338.8854989589217
norwegian,A,27,0.1,344.6493851029844
norwegian,A,27,0.25,344.6493851029844
norwegian,A,27,0.5,344.6493851029844
norwegian,A,27,0.75,344.6493851029844
norwegian,A,27,0.9,344.6493851029844
norwegian,A,28,0.1,350.20903353994487
norwegian,A,28,0.25,350.20903353994487
norwegian,A,28,0.5,350.20903353994487
norwegian,A,28,0.75,350.20903353994487
norwegian,A,28,0.9,350.20903353994487
norwegian,A,29,0.1,355.57628796643394
norwegian,A,29,0.25,355.57628796643394
norwegian,A,29,0.5,355.57628796643394
norwegian,A,29,0.75,355.57628796643394
norwegian,A,29,0.9,355.57628796643394
norwegian,A,30,0.1,360.76202926405017
norwegian,A,30,0.25,360.76202926405017
norwegian,A,30,0.5,360.76202926405017
norwegian,A,30,0.75,360.76202926405017
norwegian,A,30,0.9,360.76202926405017
norwegian,A,31,0.1,365.77627633089645
norwegian,A,31,0.25,365.77627633089645
norwegian,A,31,0.5,365.77627633089645
norwegian,A,31,0.75,365.77627633089645
norwegian,A,31,0.9,365.77627633089645
norwegian,A,32,0.1,370.6282740102177
norwegian,A,32,0.25,370.6282740102177
norwegian,A,32,0.5,370.6282740102177
norwegian,A,32,0.75,370.6282740102177
norwegian,A,32,0.9,370.6282740102177
norwegian,A,33,0.1,375.32657006204005
norwegian,A,33,0.25,375.32657006204005
norwegian,A,33,0.5,375.32657006204005
norwegian,A,33,0.75,375.32657006204005
norwegian,A,33,0.9,375.32657006204005
norwegian,A,34,0.1,379.87908278682414
norwegian,A,34,0.25,379.87908278682414
norwegian,A,34,0.5,379.87908278682414
norwegian,A,34,0.75,379.87908278682414
norwegian,A,34,0.9,379.87908278682414
norwegian,A,35,0.1,384.29316063891713
norwegian,A,35,0.25,384.29316063891713
norwegian,A,35,0.5,384.29316063891713
norwegian,A,35,0.75,384.29316063891713
norwegian,A,35,0.9,384.29316063891713
norwegian,B_lin,19,0.1,114.31400842067225
norwegian,B_lin,19,0.25,114.31400842067225
norwegian,B_lin,19,0.5,114.31400842067225
norwegian,B_lin,19,0.75,114.31400842067225
norwegian,B_lin,19,0.9,114.31400842067225
norwegian,B_lin,20,0.1,137.95941160096902
norwegian,B_lin,20,0.25,137.95941160096902
norwegian,B_lin,20,0.5,137.95941160096902
norwegian,B_lin,20,0.75,137.95941160096902
norwegian,B_lin,20,0.9,137.95941160096902
norwegian,B_lin,21,0.1,164.793432584271
norwegian,B_lin,21,0.25,164.793432584271
norwegian,B_lin,21,0.5,164.793432584271
norwegian,B_lin,21,0.75,164.793432584271
norwegian,B_lin,21,0.9,164.793432584271
norwegian,B_lin,22,0.1,194.71268882343918
norwegian,B_lin,22,0.25,194.71268882343918
norwegian,B_lin,22,0.5,194.71268882343918
norwegian,B_lin,22,0.75,194.71268882343918
norwegian,B_lin,22,0.9,194.71268882343918
norwegian,B_lin,23,0.1,227.4521907722232
norwegian,B_lin,23,0.25,227.4521907722232
norwegian,B_lin,23,0.5,227.4521907722232
norwegian,B_lin,23,0.75,227.4521907722232
norwegian,B_lin,23,0.9,227.4521907722232
norwegian,B_lin,24,0.1,262.58267908012317
norwegian,B_lin,24,0.25,262.58267908012317
norwegian,B_lin,24,0.5,262.58267908012317
norwegian,B_lin,24,0.75,262.58267908012317
norwegian,B_lin,24,0.9,262.58267908012317
norwegian,B_lin,25,0.1,299.52635642660414
norwegian,B_lin,25,0.25,299.52635642660414
norwegian,B_lin,25,0.5,299.52635642660414
norwegian,B_lin,25,0.75,299.52635642660414
norwegian,B_lin,25,0.9,299.52635642660414
norwegian,B_lin,26,0.1,337.5909081264608
norwegian,B_lin,26,0.25,337.5909081264608
norwegian,B_lin,26,0.5,337.5909081264608
norwegian,B_lin,26,0.75,337.5909081264608
norwegian,B_lin,26,0.9,337.5909081264608
norwegian,B_lin,27,0.1,376.0179534960445
norwegian,B_lin,27,0.25,376.0179534960445
norwegian,B_lin,27,0.5,376.0179534960445
norwegian,B_lin,27,0.75,376.0179534960445
norwegian,B_lin,27,0.9,376.0179534960445
norwegian,B_lin,28,0.1,414.0388111594472
norwegian,B_lin,28,0.25,414.0388111594472
norwegian,B_lin,28,0.5,414.0388111594472
norwegian,B_lin,28,0.75,414.0388111594472
norwegian,B_lin,28,0.9,414.0388111594472
norwegian,B_lin,29,0.1,450.9289183015195
norwegian,B_lin,29,0.25,450.9289183015195
norwegian,B_lin,29,0.5,450.9289183015195
norwegian,B_lin,29,0.75,450.9289183015195
norwegian,B_lin,29,0.9,450.9289183015195
norwegian,B_lin,30,0.1,486.05307445869096
norwegian,B_lin,30,0.25,486.05307445869096
norwegian,B_lin,30,0.5,486.05307445869096
norwegian,B_lin,30,0.75,486.05307445869096
norwegian,B_lin,30,0.9,486.05307445869096
norwegian,B_lin,31,0.1,518.8965429116556
norwegian,B_lin,31,0.25,518.8965429116556
norwegian,B_lin,31,0.5,518.8965429116556
norwegian,B_lin,31,0.75,518.8965429116556
norwegian,B_lin,31,0.9,518.8965429116556
norwegian,B_lin,32,0.1,549.0807207205971
norwegian,B_lin,32,0.25,549.0807207205971
norwegian,B_lin,32,0.5,549.0807207205971
norwegian,B_lin,32,0.75,549.0807207205971
norwegian,B_lin,32,0.9,549.0807207205971
norwegian,B_lin,33,0.1,576.3651536159996
norwegian,B_lin,33,0.25,576.3651536159996
norwegian,B_lin,33,0.5,576.3651536159996
norwegian,B_lin,33,0.75,576.3651536159996
norwegian,B_lin,33,0.9,576.3651536159996
norwegian,B_lin,34,0.1,600.63924554032894
norwegian,B_lin,34,0.25,600.63924554032894
norwegian,B_lin,34,0.5,600.63924554032894
norwegian,B_lin,34,0.75,600.63924554032894
norwegian,B_lin,34,0.9,600.63924554032894
norwegian,B_lin,35,0.1,621.907126672904
norwegian,B_lin,35,0.25,621.907126672904
norwegian,B_lin,35,0.5,621.907126672904
norwegian,B_lin,35,0.75,621.907126672904
norwegian,B_lin,35,0.9,621.907126672904
norwegian,B_log,19,0.1,101.5687200685898
norwegian,B_log,19,0.25,101.5687200685898
norwegian,B_log,19,0.5,101.5687200685898
norwegian,B_log,19,0.75,101.5687200685898
norwegian,B_log,19,0.9,101.5687200685898
norwegian,B_log,20,0.1,130.2296591046871
norwegian,B_log,20,0.25,130.2296591046871
norwegian,B_log,20,0.5,130.2296591046871
norwegian,B_log,20,0.75,130.2296591046871
norwegian,B_log,20,0.9,130.2296591046871
norwegian,B_log,21,0.1,162.53191637762558
norwegian,B_log,21,0.25,162.53191637762558
norwegian,B_log,21,0.5,162.53191637762558
norwegian,B_log,21,0.75,162.53191637762558
norwegian,B_log,21,0.9,162.53191637762558
norwegian,B_log,22,0.1,197.82265231471644
norwegian,B_log,22,0.25,197.82265231471644
norwegian,B_log,22,0.5,197.82265231471644
norwegian,B_log,22,0.75,197.82265231471644
norwegian,B_log,22,0.9,197.82265231471644
norwegian,B_log,23,0.1,235.26828284592435
norwegian,B_log,23,0.25,235.26828284592435
norwegian,B_log,23,0.5,235.26828284592435
norwegian,B_log,23,0.75,235.26828284592435
norwegian,B_log,23,0.9,235.26828284592435
norwegian,B_log,24,0.1,273.9421881654505
norwegian,B_log,24,0.25,273.9421881654505
norwegian,B_log,24,0.5,273.9421881654505
norwegian,B_log,24,0.75,273.9421881654505
norwegian,B_log,24,0.9,273.9421881654505
norwegian,B_log,25,0.1,312.91451441925096
norwegian,B_log,25,0.25,312.91451441925096
norwegian,B_log,25,0.5,312.91451441925096
norwegian,B_log,25,0.75,312.91451441925096
norwegian,B_log,25,0.9,312.91451441925096
norwegian,B_log,26,0.1,351.3292341890319
norwegian,B_log,26,0.25,351.3292341890319
norwegian,B_log,26,0.5,351.3292341890319
norwegian,B_log,26,0.75,351.3292341890319
norwegian,B_log,26,0.9,351.3292341890319
norwegian,B_log,27,0.1,388.4589407519342
norwegian,B_log,27,0.25,388.4589407519342
norwegian,B_log,27,0.5,388.4589407519342
norwegian,B_log,27,0.75,388.4589407519342
norwegian,B_log,27,0.9,388.4589407519342
norwegian,B_log,28,0.1,423.7341823440706
norwegian,B_log,28,0.25,423.7341823440706
norwegian,B_log,28,0.5,423.7341823440706
norwegian,B_log,28,0.75,423.7341823440706
norwegian,B_log,28,0.9,423.7341823440706
norwegian,B_log,29,0.1,456.7496862798619
norwegian,B_log,29,0.25,456.7496862798619
norwegian,B_log,29,0.5,456.7496862798619
norwegian,B_log,29,0.75,456.7496862798619
norwegian,B_log,29,0.9,456.7496862798619
norwegian,B_log,30,0.1,487.25328024715577
norwegian,B_log,30,0.25,487.25328024715577
norwegian,B_log,30,0.5,487.25328024715577
norwegian,B_log,30,0.75,487.25328024715577
norwegian,B_log,30,0.9,487.25328024715577
norwegian,B_log,31,0.1,515.1243810412363
norwegian,B_log,31,0.25,515.1243810412363
norwegian,B_log,31,0.5,515.1243810412363
norwegian,B_log,31,0.75,515.1243810412363
norwegian,B_log,31,0.9,515.1243810412363
norwegian,B_log,32,0.1,540.3481386905372
norwegian,B_log,32,0.25,540.3481386905372
norwegian,B_log,32,0.5,540.3481386905372
norwegian,B_log,32,0.75,540.3481386905372
norwegian,B_log,32,0.9,540.3481386905372
norwegian,B_log,33,0.1,562.9896168355023
norwegian,B_log,33,0.25,562.9896168355023
norwegian,B_log,33,0.5,562.9896168355023
norwegian,B_log,33,0.75,562.9896168355023
norwegian,B_log,33,0.9,562.9896168355023
norwegian,B_log,34,0.1,583.1705754813677
norwegian,B_log,34,0.25,583.1705754813677
norwegian,B_log,34,0.5,583.1705754813677
norwegian,B_log,34,0.75,583.1705754813677
norwegian,B_log,34,0.9,583.1705754813677
norwegian,B_log,35,0.1,601.0499778904511
norwegian,B_log,35,0.25,601.0499778904511
norwegian,B_log,35,0.5,601.0499778904511
norwegian,B_log,35,0.75,601.0499778904511
norwegian,B_log,35,0.9,601.0499778904511
norwegian,C_lin,19,0.1,12.096033325834927
norwegian,C_lin,19,0.25,30.474170837549764
norwegian,C_lin,19,0.5,72.43601023851483
norwegian,C_lin,19,0.75,163.36605340751478
norwegian,C_lin,19,0.9,254.72661179456932
norwegian,C_lin,20,0.1,17.260452818026867
norwegian,C_lin,20,0.25,41.84324176615741
norwegian,C_lin,20,0.5,95.98814583600131
norwegian,C_lin,20,0.75,204.56332851321667
norwegian,C_lin,20,0.9,304.66708415508975
norwegian,C_lin,21,0.1,24.2338092650134
norwegian,C_lin,21,0.25,56.79323364437867
norwegian,C_lin,21,0.5,125.15395187999977
norwegian,C_lin,21,0.75,250.6637250409159
norwegian,C_lin,21,0.9,356.35615198281073
norwegian,C_lin,22,0.1,33.55861763123365
norwegian,C_lin,22,0.25,76.13950615645983
norwegian,C_lin,22,0.5,160.20164235596837
norwegian,C_lin,22,0.75,300.37384802824783
norwegian,C_lin,22,0.9,407.8966996113308
norwegian,C_lin,23,0.1,45.918143210876856
norwegian,C_lin,23,0.25,100.62991082382781
norwegian,C_lin,23,0.5,200.95135206280366
norwegian,C_lin,23,0.75,351.98823401283306
norwegian,C_lin,23,0.9,457.49511190042193
norwegian,C_lin,24,0.1,62.102806905256365
norwegian,C_lin,24,0.25,130.80726866896475
norwegian,C_lin,24,0.5,246.68828527021105
norwegian,C_lin,24,0.75,403.6133400134187
norwegian,C_lin,24,0.9,503.68128744562193
norwegian,C_lin,25,0.1,82.92143617662515
norwegian,C_lin,25,0.25,166.87062286523042
norwegian,C_lin,25,0.5,296.1601706961798
norwegian,C_lin,25,0.75,453.4371445109962
norwegian,C_lin,25,0.9,545.4178419904251
norwegian,C_lin,26,0.1,109.07510009346873
norwegian,C_lin,26,0.25,208.5517928176784
norwegian,C_lin,26,0.5,347.68828759569703
norwegian,C_lin,26,0.75,499.956425133633
norwegian,C_lin,26,0.9,582.0987467915338
norwegian,C_lin,27,0.1,141.01769575362897
norwegian,C_lin,27,0.25,255.04000792232432
norwegian,C_lin,27,0.5,399.3844563960925
norwegian,C_lin,27,0.75,542.0961537315433
norwegian,C_lin,27,0.9,613.4857011414304
norwegian,C_lin,28,0.1,178.8196060373328
norwegian,C_lin,28,0.25,304.997800004888
norwegian,C_lin,28,0.5,449.4200858408975
norwegian,C_lin,28,0.75,579.216013858473
norwegian,C_lin,28,0.9,639.6363653756946
norwegian,C_lin,29,0.1,222.0543095238012
norwegian,C_lin,29,0.25,356.69216986829423
norwegian,C_lin,29,0.5,496.2601426769347
norwegian,C_lin,29,0.75,611.0496798955223
norwegian,C_lin,29,0.9,660.8445687717331
norwegian,C_lin,30,0.1,269.746164040652
norwegian,C_lin,30,0.25,408.22579116680606
norwegian,C_lin,30,0.5,538.7925548644239
norwegian,C_lin,30,0.75,637.632354515224
norwegian,C_lin,30,0.9,677.5820818460134
norwegian,C_lin,31,0.1,320.4199317578315
norwegian,C_lin,31,0.25,457.8065178025526
norwegian,C_lin,31,0.5,576.3428132945378
norwegian,C_lin,31,0.75,659.2401694906322
norwegian,C_lin,31,0.9,690.4349015607913
norwegian,C_lin,32,0.1,372.26565524006526
norwegian,C_lin,32,0.25,503.9668228289671
norwegian,C_lin,32,0.5,608.6165086095516
norwegian,C_lin,32,0.75,676.3323205991571
norwegian,C_lin,32,0.9,700.0398042051216
norwegian,C_lin,33,0.1,423.3898517224944
norwegian,C_lin,33,0.25,545.6722175730606
norwegian,C_lin,33,0.5,635.6263408747006
norwegian,C_lin,33,0.75,689.487692968208
norwegian,C_lin,33,0.9,707.0279614407776
norwegian,C_lin,34,0.1,472.0791651627531
norwegian,C_lin,34,0.25,582.3192955647576
norwegian,C_lin,34,0.5,657.6306402323265
norwegian,C_lin,34,0.75,699.3410924467926
norwegian,C_lin,34,0.9,711.9811777412414
norwegian,C_lin,35,0.1,516.9902741823256
norwegian,C_lin,35,0.25,613.6718950553659
norwegian,C_lin,35,0.5,675.0757975518277
norwegian,C_lin,35,0.75,706.5260574630973
norwegian,C_lin,35,0.9,715.4050246624556
norwegian,C_log,19,0.1,10.652935573359246
norwegian,C_log,19,0.25,25.958256325521546
norwegian,C_log,19,0.5,62.5966082963673
norwegian,C_log,19,0.75,135.3374538932369
norwegian,C_log,19,0.9,213.33998840497478
norwegian,C_log,20,0.1,16.760749013805945
norwegian,C_log,20,0.25,39.05549814538816
norwegian,C_log,20,0.5,90.81051697578962
norwegian,C_log,20,0.75,184.90687420818026
norwegian,C_log,20,0.9,276.12581055470025
norwegian,C_log,21,0.1,25.176837911563872
norwegian,C_log,21,0.25,56.81132341885057
norwegian,C_log,21,0.5,126.47840941154433
norwegian,C_log,21,0.75,240.78848053588186
norwegian,C_log,21,0.9,340.58852274949004
norwegian,C_log,22,0.1,36.5284773375964
norwegian,C_log,22,0.25,80.05599279492935
norwegian,C_log,22,0.5,169.1255155764692
norwegian,C_log,22,0.75,300.03219270342174
norwegian,C_log,22,0.9,402.95058786018535
norwegian,C_log,23,0.1,51.53340467141823
norwegian,C_log,23,0.25,109.22673883073301
norwegian,C_log,23,0.5,217.44603705626778
norwegian,C_log,23,0.75,359.44843723991596
norwegian,C_log,23,0.9,460.35313072683255
norwegian,C_log,24,0.1,70.84552972241688
norwegian,C_log,24,0.25,144.23624344407523
norwegian,C_log,24,0.5,269.4847477224441
norwegian,C_log,24,0.75,416.2249196045913
norwegian,C_log,24,0.9,511.1255880131669
norwegian,C_log,25,0.1,94.89427291945411
norwegian,C_log,25,0.25,184.44642291745578
norwegian,C_log,25,0.5,322.9604940258311
norwegian,C_log,25,0.75,468.33009994689723
norwegian,C_log,25,0.9,554.6440553621836
norwegian,C_log,26,0.1,123.78283688739911
norwegian,C_log,26,0.25,228.72437136334
norwegian,C_log,26,0.5,375.64368812357145
norwegian,C_log,26,0.75,514.6105012428222
norwegian,C_log,26,0.9,591.0103375961689
norwegian,C_log,27,0.1,157.25003146915466
norwegian,C_log,27,0.25,275.58064701044606
norwegian,C_log,27,0.5,425.6745491823301
norwegian,C_log,27,0.75,554.653232729785
norwegian,C_log,27,0.9,620.7515936352636
norwegian,C_log,28,0.1,194.6789680616338
norwegian,C_log,28,0.25,323.3705909927405
norwegian,C_log,28,0.5,471.73880105443413
norwegian,C_log,28,0.75,588.5598621673804
norwegian,C_log,28,0.9,644.6142269975622
norwegian,C_log,29,0.1,235.14919125946454
norwegian,C_log,29,0.25,370.51033071462103
norwegian,C_log,29,0.5,513.0839331130561
norwegian,C_log,29,0.75,616.742736889681
norwegian,C_log,29,0.9,663.4343947073794
norwegian,C_log,30,0.1,277.53264204283795
norwegian,C_log,30,0.25,415.65580601304885
norwegian,C_log,30,0.5,549.4255597495154
norwegian,C_log,30,0.75,639.7828672020883
norwegian,C_log,30,0.9,678.0518843132924
norwegian,C_log,31,0.1,320.6188274956305
norwegian,C_log,31,0.25,457.80739487256574
norwegian,C_log,31,0.5,580.8144283408321
norwegian,C_log,31,0.75,658.3380801135123
norwegian,C_log,31,0.9,689.2526863518276
norwegian,C_log,32,0.1,363.24375375475097
norwegian,C_log,32,0.25,496.3307225924808
norwegian,C_log,32,0.5,607.5156187127723
norwegian,C_log,32,0.75,673.0804085710158
norwegian,C_log,32,0.9,697.7352141273348
norwegian,C_log,33,0.1,404.397646718513
norwegian,C_log,33,0.25,530.9139293578015
norwegian,C_log,33,0.5,629.9201665462265
norwegian,C_log,33,0.75,684.6524435364875
norwegian,C_log,33,0.9,704.0951382937053
norwegian,C_log,34,0.1,443.29286348402127
norwegian,C_log,34,0.25,561.4944782541718
norwegian,C_log,34,0.5,648.4856374851413
norwegian,C_log,34,0.75,693.6394257574767
norwegian,C_log,34,0.9,708.8238023041282
norwegian,C_log,35,0.1,479.3856184097721
norwegian,C_log,35,0.25,588.1838553352377
norwegian,C_log,35,0.5,663.6948138473456
norwegian,C_log,35,0.75,700.5543125797086
norwegian,C_log,35,0.9,712.315718842863
norwegian,D_lin,19,0.1,9.623967270978453
norwegian,D_lin,19,0.25,26.925529634233776
norwegian,D_lin,19,0.5,64.45061566709518
norwegian,D_lin,19,0.75,173.7961862265395
norwegian,D_lin,19,0.9,313.1612428281035
norwegian,D_lin,20,0.1,14.778881866160768
norwegian,D_lin,20,0.25,36.36088675858347
norwegian,D_lin,20,0.5,85.95423943575213
norwegian,D_lin,20,0.75,216.29113181164485
norwegian,D_lin,20,0.9,357.5372619493616
norwegian,D_lin,21,0.1,22.951855423683767
norwegian,D_lin,21,0.25,51.525346771217826
norwegian,D_lin,21,0.5,118.28242484366632
norwegian,D_lin,21,0.75,262.3160944043967
norwegian,D_lin,21,0.9,384.57650376684154
norwegian,D_lin,22,0.1,32.56688892001669
norwegian,D_lin,22,0.25,73.54499373106306
norwegian,D_lin,22,0.5,163.08428101332686
norwegian,D_lin,22,0.75,319.0711913127516
norwegian,D_lin,22,0.9,437.95076246381956
norwegian,D_lin,23,0.1,47.12525301072936
norwegian,D_lin,23,0.25,96.40080650954431
norwegian,D_lin,23,0.5,209.90260795182894
norwegian,D_lin,23,0.75,375.0228306036828
norwegian,D_lin,23,0.9,479.8502272880603
norwegian,D_lin,24,0.1,64.94380859373597
norwegian,D_lin,24,0.25,125.16991099834203
norwegian,D_lin,24,0.5,257.71200297243195
norwegian,D_lin,24,0.75,427.87218713991814
norwegian,D_lin,24,0.9,525.4717707157522
norwegian,D_lin,25,0.1,83.14661182519241
norwegian,D_lin,25,0.25,165.11213824978861
norwegian,D_lin,25,0.5,312.69383236732256
norwegian,D_lin,25,0.75,481.6147746107846
norwegian,D_lin,25,0.9,566.787816963069
norwegian,D_lin,26,0.1,105.25842214432946
norwegian,D_lin,26,0.25,205.8924289485845
norwegian,D_lin,26,0.5,377.15719512614737
norwegian,D_lin,26,0.75,524.5391116576068
norwegian,D_lin,26,0.9,604.096766858109
norwegian,D_lin,27,0.1,128.09756505863785
norwegian,D_lin,27,0.25,245.62627080219573
norwegian,D_lin,27,0.5,435.3065152374885
norwegian,D_lin,27,0.75,568.6976353763471
norwegian,D_lin,27,0.9,639.6464380324178
norwegian,D_lin,28,0.1,154.38054234444527
norwegian,D_lin,28,0.25,298.95333932416753
norwegian,D_lin,28,0.5,479.6606990997172
norwegian,D_lin,28,0.75,605.9043292976901
norwegian,D_lin,28,0.9,660.3158278293473
norwegian,D_lin,29,0.1,185.8210536972389
norwegian,D_lin,29,0.25,349.102159188393
norwegian,D_lin,29,0.5,523.0103371481143
norwegian,D_lin,29,0.75,635.4444129613175
norwegian,D_lin,29,0.9,683.8292987198915
norwegian,D_lin,30,0.1,223.73125275065112
norwegian,D_lin,30,0.25,391.39176604862917
norwegian,D_lin,30,0.5,565.837809871451
norwegian,D_lin,30,0.75,658.221530839762
norwegian,D_lin,30,0.9,699.9222885083618
norwegian,D_lin,31,0.1,249.26667152886233
norwegian,D_lin,31,0.25,434.0296072789632
norwegian,D_lin,31,0.5,600.6036212256294
norwegian,D_lin,31,0.75,678.5094633951506
norwegian,D_lin,31,0.9,708.5793217184932
norwegian,D_lin,32,0.1,291.94947904376295
norwegian,D_lin,32,0.25,477.4858444772402
norwegian,D_lin,32,0.5,628.3796695374834
norwegian,D_lin,32,0.75,691.8216290993485
norwegian,D_lin,32,0.9,714.6801324787432
norwegian,D_lin,33,0.1,326.8863866072689
norwegian,D_lin,33,0.25,524.0047781008316
norwegian,D_lin,33,0.5,648.1155359050595
norwegian,D_lin,33,0.75,702.9200512339414
norwegian,D_lin,33,0.9,717.8063313162297
norwegian,D_lin,34,0.1,362.55371945728706
norwegian,D_lin,34,0.25,555.9765200976669
norwegian,D_lin,34,0.5,668.7019678202946
norwegian,D_lin,34,0.75,711.4160152611296
norwegian,D_lin,34,0.9,719.6625996300033
norwegian,D_lin,35,0.1,402.3524129789247
norwegian,D_lin,35,0.25,587.2952274993445
norwegian,D_lin,35,0.5,683.2245089388318
norwegian,D_lin,35,0.75,715.6423171128179
norwegian,D_lin,35,0.9,720.8495568304967
norwegian,D_log,19,0.1,5.016318798145752
norwegian,D_log,19,0.25,18.01772860494628
norwegian,D_log,19,0.5,45.46713983007934
norwegian,D_log,19,0.75,135.91485903324826
norwegian,D_log,19,0.9,265.1142107447417
norwegian,D_log,20,0.1,9.901882749548621
norwegian,D_log,20,0.25,28.97578864382963
norwegian,D_log,20,0.5,68.90065873652217
norwegian,D_log,20,0.75,183.62132850813364
norwegian,D_log,20,0.9,318.4075568650907
norwegian,D_log,21,0.1,18.249266892303847
norwegian,D_log,21,0.25,42.99113108105095
norwegian,D_log,21,0.5,103.83506343008162
norwegian,D_log,21,0.75,240.87288903193564
norwegian,D_log,21,0.9,374.95507212986405
norwegian,D_log,22,0.1,27.590338916779732
norwegian,D_log,22,0.25,62.30627829874709
norwegian,D_log,22,0.5,148.40866439168974
norwegian,D_log,22,0.75,300.9049365082492
norwegian,D_log,22,0.9,421.1997285160429
norwegian,D_log,23,0.1,43.186348956412374
norwegian,D_log,23,0.25,83.45982352847543
norwegian,D_log,23,0.5,191.312522767703
norwegian,D_log,23,0.75,366.78281422525
norwegian,D_log,23,0.9,480.61672458674684
norwegian,D_log,24,0.1,59.80311801263925
norwegian,D_log,24,0.25,119.87343118394298
norwegian,D_log,24,0.5,245.14324542767247
norwegian,D_log,24,0.75,421.94417076372315
norwegian,D_log,24,0.9,530.3489352753832
norwegian,D_log,25,0.1,73.57280627122256
norwegian,D_log,25,0.25,153.8737690163818
norwegian,D_log,25,0.5,306.0346658269101
norwegian,D_log,25,0.75,481.80125938442535
norwegian,D_log,25,0.9,571.4446664607675
norwegian,D_log,26,0.1,93.82666277209029
norwegian,D_log,26,0.25,192.63847972276602
norwegian,D_log,26,0.5,368.5263111115021
norwegian,D_log,26,0.75,519.9480627346446
norwegian,D_log,26,0.9,601.6539613721077
norwegian,D_log,27,0.1,114.4477181984679
norwegian,D_log,27,0.25,233.24472825644963
norwegian,D_log,27,0.5,428.6601146616548
norwegian,D_log,27,0.75,565.9834269213195
norwegian,D_log,27,0.9,629.6819633881711
norwegian,D_log,28,0.1,137.83097830968757
norwegian,D_log,28,0.25,286.1041680432469
norwegian,D_log,28,0.5,476.3323459360887
norwegian,D_log,28,0.75,599.8702077819751
norwegian,D_log,28,0.9,656.1801244462068
norwegian,D_log,29,0.1,160.29439662735055
norwegian,D_log,29,0.25,325.04308138345095
norwegian,D_log,29,0.5,513.5983277696022
norwegian,D_log,29,0.75,627.0129062731404
norwegian,D_log,29,0.9,677.0789087462507
norwegian,D_log,30,0.1,192.69212257183048
norwegian,D_log,30,0.25,363.46253291163765
norwegian,D_log,30,0.5,549.1193316743869
norwegian,D_log,30,0.75,650.3708755339356
norwegian,D_log,30,0.9,691.8897181863446
norwegian,D_log,31,0.1,221.4707258142856
norwegian,D_log,31,0.25,412.00469783743847
norwegian,D_log,31,0.5,585.7664044629634
norwegian,D_log,31,0.75,669.7643786013293
norwegian,D_log,31,0.9,702.1411526883345
norwegian,D_log,32,0.1,245.05782374431442
norwegian,D_log,32,0.25,455.8617003092165
norwegian,D_log,32,0.5,613.5414215585228
norwegian,D_log,32,0.75,682.5467224518113
norwegian,D_log,32,0.9,709.1606331777281
norwegian,D_log,33,0.1,270.23735462504254
norwegian,D_log,33,0.25,491.0132614544801
norwegian,D_log,33,0.5,630.7540628182505
norwegian,D_log,33,0.75,694.1300297805444
norwegian,D_log,33,0.9,713.5334763932603
norwegian,D_log,34,0.1,301.37304727320134
norwegian,D_log,34,0.25,518.3976657069127
norwegian,D_log,34,0.5,647.4602798493122
norwegian,D_log,34,0.75,702.4198665371803
norwegian,D_log,34,0.9,716.6800393114179
norwegian,D_log,35,0.1,320.4712015066203
norwegian,D_log,35,0.25,544.7657717893778
norwegian,D_log,35,0.5,662.4369496249026
norwegian,D_log,35,0.75,707.9247791220405
norwegian,D_log,35,0.9,718.7009854737777
