step,epoch,word,n_occurrences,mean_nll,sum_nll
1,0.008403361344537815,a,50,11.105175,555.258767
1,0.008403361344537815,about,50,10.196278,509.813912
1,0.008403361344537815,above,50,11.539198,576.959923
1,0.008403361344537815,after,50,10.793762,539.688099
1,0.008403361344537815,airplane,50,10.990843,549.542164
1,0.008403361344537815,all,50,10.638286,531.914292
1,0.008403361344537815,alligator,50,10.714911,535.745558
1,0.008403361344537815,am,50,11.449445,572.472273
1,0.008403361344537815,and,50,9.963208,498.160423
1,0.008403361344537815,animal,50,11.632792,581.639590
1,0.008403361344537815,ankle,5,10.877698,54.388492
1,0.008403361344537815,another,50,10.292773,514.638643
1,0.008403361344537815,any,50,10.531403,526.570160
1,0.008403361344537815,apple,50,10.782619,539.130926
1,0.008403361344537815,are,50,11.050983,552.549157
1,0.008403361344537815,arm,50,11.392227,569.611375
1,0.008403361344537815,around,50,10.939261,546.963073
1,0.008403361344537815,asleep,50,11.563343,578.167136
1,0.008403361344537815,at,50,10.683566,534.178284
1,0.008403361344537815,aunt,42,10.815840,454.265273
1,0.008403361344537815,awake,50,11.628414,581.420717
1,0.008403361344537815,away,50,11.862649,593.132429
1,0.008403361344537815,baby,50,9.556074,477.803720
1,0.008403361344537815,babysitter,11,11.426355,125.689910
1,0.008403361344537815,back,50,11.782614,589.130711
1,0.008403361344537815,backyard,19,10.930108,207.672046
1,0.008403361344537815,bad,50,10.610786,530.539313
1,0.008403361344537815,ball,50,10.679572,533.978586
1,0.008403361344537815,balloon,50,11.267139,563.356944
1,0.008403361344537815,banana,50,11.345596,567.279799
1,0.008403361344537815,basement,26,11.827603,307.517686
1,0.008403361344537815,basket,50,10.855576,542.778794
1,0.008403361344537815,bat,50,11.310209,565.510455
1,0.008403361344537815,bath,50,10.769725,538.486242
1,0.008403361344537815,bathroom,50,11.756954,587.847695
1,0.008403361344537815,bathtub,31,10.705875,331.882125
1,0.008403361344537815,be,50,12.023852,601.192583
1,0.008403361344537815,beach,50,10.955291,547.764566
1,0.008403361344537815,beads,50,11.806246,590.312288
1,0.008403361344537815,beans,50,10.640892,532.044603
1,0.008403361344537815,bear,50,11.228113,561.405626
1,0.008403361344537815,because,50,10.767537,538.376855
1,0.008403361344537815,bed,50,10.367813,518.390665
1,0.008403361344537815,bedroom,50,10.802647,540.132354
1,0.008403361344537815,bee,50,9.910058,495.502913
1,0.008403361344537815,before,50,10.911277,545.563863
1,0.008403361344537815,behind,50,9.948575,497.428741
1,0.008403361344537815,belly,50,10.885151,544.257565
1,0.008403361344537815,belt,50,11.066739,553.336967
1,0.008403361344537815,bench,50,11.871802,593.590122
1,0.008403361344537815,beside,50,10.728561,536.428035
1,0.008403361344537815,better,50,10.346076,517.303778
1,0.008403361344537815,bib,50,10.996332,549.816622
1,0.008403361344537815,bicycle,50,11.005384,550.269205
1,0.008403361344537815,big,50,10.808616,540.430784
1,0.008403361344537815,bird,50,11.212837,560.641831
1,0.008403361344537815,bite,50,10.103673,505.183631
1,0.008403361344537815,black,50,10.918783,545.939137
1,0.008403361344537815,blanket,50,11.050697,552.534853
1,0.008403361344537815,block,50,10.797458,539.872905
1,0.008403361344537815,blow,50,11.164742,558.237103
1,0.008403361344537815,blue,50,10.539154,526.957722
1,0.008403361344537815,boat,50,11.486159,574.307958
1,0.008403361344537815,book,50,11.544278,577.213903
1,0.008403361344537815,boots,50,10.223490,511.174490
1,0.008403361344537815,bottle,50,11.665334,583.266714
1,0.008403361344537815,bowl,50,11.750557,587.527854
1,0.008403361344537815,box,50,9.559513,477.975663
1,0.008403361344537815,boy,50,11.149441,557.472057
1,0.008403361344537815,bread,50,10.245863,512.293139
1,0.008403361344537815,break,50,11.098373,554.918644
1,0.008403361344537815,breakfast,50,10.680747,534.037364
1,0.008403361344537815,bring,50,10.643537,532.176867
1,0.008403361344537815,broken,50,10.449084,522.454177
1,0.008403361344537815,broom,50,11.232486,561.624315
1,0.008403361344537815,brother,50,10.982211,549.110529
1,0.008403361344537815,brown,50,11.512888,575.644388
1,0.008403361344537815,brush,50,10.611136,530.556780
1,0.008403361344537815,bubbles,50,10.945125,547.256232
1,0.008403361344537815,bucket,50,10.893276,544.663803
1,0.008403361344537815,bug,50,11.235996,561.799797
1,0.008403361344537815,build,50,11.429584,571.479202
1,0.008403361344537815,bump,50,10.794420,539.721012
1,0.008403361344537815,bunny,50,10.522547,526.127359
1,0.008403361344537815,bus,50,10.615932,530.796576
1,0.008403361344537815,but,50,9.663687,483.184361
1,0.008403361344537815,butter,50,11.157898,557.894877
1,0.008403361344537815,butterfly,50,11.769140,588.457017
1,0.008403361344537815,button,50,11.309723,565.486147
1,0.008403361344537815,buy,50,11.794737,589.736836
1,0.008403361344537815,by,50,11.100385,555.019229
1,0.008403361344537815,bye,50,10.521208,526.060405
1,0.008403361344537815,cake,50,11.854581,592.729051
1,0.008403361344537815,call,50,11.076459,553.822946
1,0.008403361344537815,camera,50,11.407883,570.394143
1,0.008403361344537815,camping,31,11.356987,352.066604
1,0.008403361344537815,can,50,9.380282,469.014105
1,0.008403361344537815,candy,50,11.473322,573.666103
1,0.008403361344537815,car,50,10.907567,545.378342
1,0.008403361344537815,careful,50,10.682515,534.125753
1,0.008403361344537815,carrots,50,10.200731,510.036529
1,0.008403361344537815,carry,50,10.961434,548.071705
1,0.008403361344537815,cat,50,11.239634,561.981683
1,0.008403361344537815,catch,50,11.031593,551.579629
1,0.008403361344537815,cereal,50,11.021137,551.056866
1,0.008403361344537815,chair,50,11.125317,556.265829
1,0.008403361344537815,chalk,40,10.263311,410.532439
1,0.008403361344537815,chase,49,10.481815,513.608955
1,0.008403361344537815,cheek,35,11.348864,397.210248
1,0.008403361344537815,cheese,50,10.168262,508.413095
1,0.008403361344537815,chicken,50,10.758537,537.926848
1,0.008403361344537815,child,50,11.331552,566.577617
1,0.008403361344537815,chin,50,10.928235,546.411726
1,0.008403361344537815,chocolate,50,10.865381,543.269036
1,0.008403361344537815,choo,50,11.719097,585.954839
1,0.008403361344537815,church,50,10.734255,536.712769
1,0.008403361344537815,circus,50,11.552072,577.603609
1,0.008403361344537815,clap,50,11.482598,574.129911
1,0.008403361344537815,clean,50,10.512191,525.609534
1,0.008403361344537815,climb,50,10.302615,515.130730
1,0.008403361344537815,clock,50,10.349517,517.475848
1,0.008403361344537815,close,50,10.594886,529.744312
1,0.008403361344537815,closet,50,10.668583,533.429164
1,0.008403361344537815,cloud,50,10.744131,537.206530
1,0.008403361344537815,clown,50,10.690550,534.527509
1,0.008403361344537815,coat,50,11.545382,577.269116
1,0.008403361344537815,coffee,50,11.097916,554.895818
1,0.008403361344537815,coke,50,10.677898,533.894916
1,0.008403361344537815,cold,50,12.639629,631.981432
1,0.008403361344537815,comb,50,10.682369,534.118464
1,0.008403361344537815,cook,50,10.952752,547.637599
1,0.008403361344537815,cookie,50,12.197048,609.852423
1,0.008403361344537815,corn,50,11.066431,553.321568
1,0.008403361344537815,couch,50,11.202628,560.131406
1,0.008403361344537815,could,50,11.087388,554.369412
1,0.008403361344537815,country,50,11.381433,569.071633
1,0.008403361344537815,cover,50,10.072570,503.628477
1,0.008403361344537815,cow,50,10.644595,532.229731
1,0.008403361344537815,cowboy,50,10.449642,522.482107
1,0.008403361344537815,cracker,50,11.506374,575.318721
1,0.008403361344537815,crayon,50,11.127406,556.370297
1,0.008403361344537815,crib,50,11.341775,567.088752
1,0.008403361344537815,cry,50,10.626685,531.334250
1,0.008403361344537815,cup,50,10.190320,509.516017
1,0.008403361344537815,cut,50,10.907303,545.365161
1,0.008403361344537815,cute,50,10.931674,546.583675
1,0.008403361344537815,daddy,50,10.863799,543.189967
1,0.008403361344537815,dance,50,11.852641,592.632026
1,0.008403361344537815,dark,50,10.959471,547.973560
1,0.008403361344537815,day,50,10.954071,547.703563
1,0.008403361344537815,deer,50,12.055040,602.751990
1,0.008403361344537815,diaper,50,11.085686,554.284308
1,0.008403361344537815,did,50,11.054834,552.741685
1,0.008403361344537815,dinner,50,11.004288,550.214410
1,0.008403361344537815,dirty,50,10.016000,500.799999
1,0.008403361344537815,dish,50,11.803429,590.171429
1,0.008403361344537815,do,50,11.295592,564.779584
1,0.008403361344537815,doctor,50,10.457515,522.875734
1,0.008403361344537815,does,50,10.085472,504.273622
1,0.008403361344537815,dog,50,10.821853,541.092629
1,0.008403361344537815,doll,50,10.933033,546.651635
1,0.008403361344537815,donkey,50,11.162320,558.115978
1,0.008403361344537815,donut,41,10.710472,439.129345
1,0.008403361344537815,door,50,11.671649,583.582438
1,0.008403361344537815,down,50,11.014500,550.725010
1,0.008403361344537815,downtown,8,10.832765,86.662116
1,0.008403361344537815,draw,50,11.004657,550.232846
1,0.008403361344537815,drawer,50,10.838629,541.931431
1,0.008403361344537815,dress,50,11.503301,575.165027
1,0.008403361344537815,drink,50,10.956432,547.821597
1,0.008403361344537815,drive,50,11.317457,565.872866
1,0.008403361344537815,drop,50,9.967417,498.370828
1,0.008403361344537815,dry,50,11.143035,557.151735
1,0.008403361344537815,dryer,20,11.398723,227.974454
1,0.008403361344537815,duck,50,10.765875,538.293761
1,0.008403361344537815,dump,50,11.044271,552.213532
1,0.008403361344537815,each,50,10.440002,522.000114
1,0.008403361344537815,ear,50,11.184166,559.208309
1,0.008403361344537815,eat,50,10.330456,516.522797
1,0.008403361344537815,egg,50,10.955046,547.752304
1,0.008403361344537815,elephant,50,11.828489,591.424464
1,0.008403361344537815,empty,50,10.412160,520.608014
1,0.008403361344537815,every,50,10.629582,531.479100
1,0.008403361344537815,eye,50,10.395527,519.776343
1,0.008403361344537815,face,50,10.541811,527.090532
1,0.008403361344537815,fall,50,11.045149,552.257452
1,0.008403361344537815,farm,50,11.009176,550.458794
1,0.008403361344537815,fast,50,10.904506,545.225315
1,0.008403361344537815,feed,50,10.425959,521.297946
1,0.008403361344537815,find,50,11.336851,566.842558
1,0.008403361344537815,fine,50,11.315232,565.761610
1,0.008403361344537815,finger,50,11.074509,553.725440
1,0.008403361344537815,finish,50,10.529523,526.476130
1,0.008403361344537815,first,50,11.069315,553.465770
1,0.008403361344537815,fish,50,11.000395,550.019740
1,0.008403361344537815,fit,50,11.336982,566.849100
1,0.008403361344537815,fix,50,12.083104,604.155199
1,0.008403361344537815,flag,50,11.656495,582.824760
1,0.008403361344537815,flower,50,10.787303,539.365129
1,0.008403361344537815,food,50,11.547821,577.391063
1,0.008403361344537815,foot,50,11.226615,561.330745
1,0.008403361344537815,for,50,11.446010,572.300503
1,0.008403361344537815,fork,50,10.635285,531.764262
1,0.008403361344537815,french,50,10.400092,520.004614
1,0.008403361344537815,friend,50,10.833707,541.685345
1,0.008403361344537815,frog,50,10.195526,509.776320
1,0.008403361344537815,full,50,11.321029,566.051435
1,0.008403361344537815,game,50,10.495655,524.782759
1,0.008403361344537815,garage,50,10.306322,515.316077
1,0.008403361344537815,garbage,50,11.183920,559.195988
1,0.008403361344537815,garden,50,11.215644,560.782212
1,0.008403361344537815,gas,50,11.714403,585.720145
1,0.008403361344537815,gentle,50,10.545974,527.298687
1,0.008403361344537815,get,50,10.356264,517.813181
1,0.008403361344537815,giraffe,50,11.310911,565.545526
1,0.008403361344537815,girl,50,11.389656,569.482809
1,0.008403361344537815,give,50,10.682211,534.110569
1,0.008403361344537815,glass,50,10.793010,539.650477
1,0.008403361344537815,glasses,50,11.298254,564.912689
1,0.008403361344537815,gloves,50,11.105727,555.286358
1,0.008403361344537815,glue,50,10.619841,530.992059
1,0.008403361344537815,go,50,10.276962,513.848081
1,0.008403361344537815,good,50,10.507690,525.384502
1,0.008403361344537815,goose,50,10.394601,519.730028
1,0.008403361344537815,grandma,50,10.183285,509.164227
1,0.008403361344537815,grandpa,45,10.217149,459.771692
1,0.008403361344537815,grapes,50,11.407211,570.360572
1,0.008403361344537815,grass,50,10.473060,523.652980
1,0.008403361344537815,green,50,11.288746,564.437278
1,0.008403361344537815,gum,50,10.297585,514.879232
1,0.008403361344537815,hair,50,10.998803,549.940166
1,0.008403361344537815,hamburger,50,10.722887,536.144341
1,0.008403361344537815,hammer,50,11.017193,550.859632
1,0.008403361344537815,hand,50,10.816460,540.822982
1,0.008403361344537815,happy,50,11.151649,557.582467
1,0.008403361344537815,hard,50,11.293224,564.661218
1,0.008403361344537815,hat,50,11.605792,580.289617
1,0.008403361344537815,hate,50,11.875557,593.777828
1,0.008403361344537815,have,50,10.011886,500.594295
1,0.008403361344537815,he,50,11.267069,563.353425
1,0.008403361344537815,head,50,11.046589,552.329448
1,0.008403361344537815,hear,50,9.982093,499.104656
1,0.008403361344537815,heavy,50,11.414261,570.713058
1,0.008403361344537815,helicopter,50,11.996293,599.814668
1,0.008403361344537815,hello,50,11.424566,571.228281
1,0.008403361344537815,help,50,11.540211,577.010536
1,0.008403361344537815,her,50,11.220634,561.031711
1,0.008403361344537815,here,50,10.512581,525.629066
1,0.008403361344537815,hi,50,11.923938,596.196891
1,0.008403361344537815,hide,50,10.481778,524.088882
1,0.008403361344537815,high,50,11.144133,557.206637
1,0.008403361344537815,him,50,11.091050,554.552483
1,0.008403361344537815,his,50,10.749595,537.479771
1,0.008403361344537815,hit,50,11.113331,555.666563
1,0.008403361344537815,hold,50,11.807116,590.355790
1,0.008403361344537815,home,50,11.733201,586.660037
1,0.008403361344537815,horse,50,10.505717,525.285862
1,0.008403361344537815,hose,50,11.621798,581.089912
1,0.008403361344537815,hot,50,11.790281,589.514028
1,0.008403361344537815,house,50,9.944358,497.217894
1,0.008403361344537815,how,50,11.941585,597.079249
1,0.008403361344537815,hug,50,11.233031,561.651554
1,0.008403361344537815,hungry,50,10.776220,538.810981
1,0.008403361344537815,hurry,50,11.437470,571.873497
1,0.008403361344537815,hurt,50,11.156192,557.809586
1,0.008403361344537815,i,50,11.218430,560.921495
1,0.008403361344537815,ice,50,11.326899,566.344934
1,0.008403361344537815,if,50,10.634061,531.703063
1,0.008403361344537815,inside,50,10.009503,500.475169
1,0.008403361344537815,into,50,10.623458,531.172888
1,0.008403361344537815,is,50,10.872987,543.649330
1,0.008403361344537815,it,50,10.573708,528.685418
1,0.008403361344537815,jacket,50,11.438728,571.936423
1,0.008403361344537815,jar,50,12.174852,608.742609
1,0.008403361344537815,jeans,16,10.203712,163.259386
1,0.008403361344537815,jelly,50,10.997285,549.864258
1,0.008403361344537815,juice,50,10.679483,533.974140
1,0.008403361344537815,jump,50,10.779548,538.977398
1,0.008403361344537815,keys,50,10.552685,527.634262
1,0.008403361344537815,kick,50,11.119455,555.972767
1,0.008403361344537815,kiss,50,10.041308,502.065411
1,0.008403361344537815,kitchen,50,11.118276,555.913823
1,0.008403361344537815,kitty,50,10.430114,521.505715
1,0.008403361344537815,knee,50,11.882070,594.103476
1,0.008403361344537815,knife,50,10.798482,539.924087
1,0.008403361344537815,knock,50,10.833125,541.656263
1,0.008403361344537815,ladder,50,11.481575,574.078733
1,0.008403361344537815,lady,50,10.336676,516.833801
1,0.008403361344537815,lamb,50,9.380720,469.036008
1,0.008403361344537815,lamp,50,12.235546,611.777280
1,0.008403361344537815,last,50,10.492803,524.640161
1,0.008403361344537815,later,50,11.226031,561.301557
1,0.008403361344537815,lawn,37,10.846194,401.309185
1,0.008403361344537815,leg,50,11.654341,582.717062
1,0.008403361344537815,lick,50,10.714998,535.749896
1,0.008403361344537815,light,50,11.471496,573.574794
1,0.008403361344537815,like,50,10.143078,507.153891
1,0.008403361344537815,lion,50,10.062279,503.113943
1,0.008403361344537815,lips,50,11.909630,595.481500
1,0.008403361344537815,listen,50,11.190182,559.509089
1,0.008403361344537815,little,50,11.842914,592.145715
1,0.008403361344537815,living,50,10.505153,525.257651
1,0.008403361344537815,lollipop,50,11.346452,567.322612
1,0.008403361344537815,long,50,11.154661,557.733034
1,0.008403361344537815,look,50,11.290125,564.506252
1,0.008403361344537815,loud,50,10.794433,539.721670
1,0.008403361344537815,love,50,10.168272,508.413594
1,0.008403361344537815,lunch,50,9.824613,491.230650
1,0.008403361344537815,mad,50,10.595118,529.755881
1,0.008403361344537815,make,50,10.611907,530.595349
1,0.008403361344537815,man,50,11.669606,583.480305
1,0.008403361344537815,me,50,11.148354,557.417675
1,0.008403361344537815,meat,50,11.867273,593.363644
1,0.008403361344537815,medicine,50,11.188738,559.436920
1,0.008403361344537815,milk,50,11.485480,574.274020
1,0.008403361344537815,mine,50,9.966185,498.309253
1,0.008403361344537815,mommy,50,10.629070,531.453506
1,0.008403361344537815,money,50,11.636734,581.836723
1,0.008403361344537815,monkey,50,9.981151,499.057526
1,0.008403361344537815,moo,50,12.013515,600.675748
1,0.008403361344537815,moon,50,11.732237,586.611835
1,0.008403361344537815,moose,32,10.525051,336.801643
1,0.008403361344537815,mop,40,10.785988,431.439517
1,0.008403361344537815,more,50,10.746422,537.321121
1,0.008403361344537815,morning,50,11.508246,575.412278
1,0.008403361344537815,motorcycle,50,11.108113,555.405646
1,0.008403361344537815,mouse,50,11.759777,587.988843
1,0.008403361344537815,mouth,50,10.626140,531.306993
1,0.008403361344537815,movie,50,11.813079,590.653955
1,0.008403361344537815,much,50,10.617511,530.875562
1,0.008403361344537815,muffin,50,11.098519,554.925972
1,0.008403361344537815,my,50,11.181840,559.091986
1,0.008403361344537815,myself,50,11.299501,564.975063
1,0.008403361344537815,nail,50,11.665856,583.292794
1,0.008403361344537815,nap,50,10.604422,530.221103
1,0.008403361344537815,napkin,50,11.728897,586.444834
1,0.008403361344537815,naughty,50,10.765908,538.295419
1,0.008403361344537815,necklace,50,11.383303,569.165132
1,0.008403361344537815,need,50,10.618736,530.936817
1,0.008403361344537815,new,50,11.341838,567.091885
1,0.008403361344537815,next,50,10.630288,531.514393
1,0.008403361344537815,nice,50,10.387956,519.397779
1,0.008403361344537815,night,50,11.072142,553.607116
1,0.008403361344537815,no,50,9.412255,470.612750
1,0.008403361344537815,noisy,50,11.401638,570.081916
1,0.008403361344537815,none,50,10.402563,520.128148
1,0.008403361344537815,noodles,50,10.843369,542.168445
1,0.008403361344537815,nose,50,11.096277,554.813860
1,0.008403361344537815,not,50,11.407325,570.366239
1,0.008403361344537815,now,50,12.188751,609.437529
1,0.008403361344537815,nurse,50,10.976430,548.821513
1,0.008403361344537815,nuts,50,11.548797,577.439836
1,0.008403361344537815,of,50,11.876228,593.811389
1,0.008403361344537815,off,50,10.601588,530.079406
1,0.008403361344537815,old,50,10.526251,526.312529
1,0.008403361344537815,on,50,9.870515,493.525726
1,0.008403361344537815,open,50,11.138205,556.910235
1,0.008403361344537815,orange,50,10.741459,537.072942
1,0.008403361344537815,other,50,10.357429,517.871444
1,0.008403361344537815,ouch,50,10.953533,547.676626
1,0.008403361344537815,our,50,11.061842,553.092080
1,0.008403361344537815,out,50,11.036049,551.802435
1,0.008403361344537815,outside,50,10.188775,509.438732
1,0.008403361344537815,oven,50,11.378643,568.932163
1,0.008403361344537815,over,50,10.343045,517.152252
1,0.008403361344537815,owl,50,10.380446,519.022278
1,0.008403361344537815,paint,50,11.116154,555.807721
1,0.008403361344537815,pajamas,50,10.766907,538.345371
1,0.008403361344537815,pancake,46,11.502135,529.098227
1,0.008403361344537815,pants,50,11.398630,569.931482
1,0.008403361344537815,paper,50,10.359116,517.955787
1,0.008403361344537815,park,50,10.543664,527.183196
1,0.008403361344537815,party,50,12.037907,601.895366
1,0.008403361344537815,peanut,50,11.642246,582.112289
1,0.008403361344537815,peas,50,10.477841,523.892074
1,0.008403361344537815,pen,50,10.665076,533.253786
1,0.008403361344537815,pencil,50,10.557256,527.862783
1,0.008403361344537815,penguin,50,10.823560,541.177984
1,0.008403361344537815,penis,18,11.078946,199.421031
1,0.008403361344537815,penny,50,11.631036,581.551821
1,0.008403361344537815,people,50,10.992053,549.602642
1,0.008403361344537815,person,50,11.360183,568.009170
1,0.008403361344537815,pick,50,11.893511,594.675571
1,0.008403361344537815,pickle,50,11.251367,562.568339
1,0.008403361344537815,picnic,50,11.240594,562.029722
1,0.008403361344537815,picture,50,11.212972,560.648602
1,0.008403361344537815,pig,50,10.979787,548.989351
1,0.008403361344537815,pillow,50,10.993996,549.699798
1,0.008403361344537815,pizza,50,10.538747,526.937353
1,0.008403361344537815,plant,50,10.568644,528.432220
1,0.008403361344537815,plate,50,11.792180,589.608990
1,0.008403361344537815,play,50,9.720475,486.023766
1,0.008403361344537815,playground,22,11.318970,249.017335
1,0.008403361344537815,please,50,10.556247,527.812344
1,0.008403361344537815,police,50,10.886452,544.322623
1,0.008403361344537815,pony,50,10.438418,521.920890
1,0.008403361344537815,pool,50,10.951374,547.568689
1,0.008403361344537815,poor,50,10.986261,549.313070
1,0.008403361344537815,popcorn,50,11.960937,598.046865
1,0.008403361344537815,popsicle,31,11.399813,353.394206
1,0.008403361344537815,porch,31,10.041518,311.287065
1,0.008403361344537815,potato,50,11.084682,554.234105
1,0.008403361344537815,pour,50,11.288481,564.424065
1,0.008403361344537815,present,50,10.855556,542.777797
1,0.008403361344537815,pretend,50,10.818611,540.930559
1,0.008403361344537815,pretty,50,10.162676,508.133792
1,0.008403361344537815,pretzel,50,10.767779,538.388935
1,0.008403361344537815,pudding,50,11.448269,572.413465
1,0.008403361344537815,pull,50,11.772347,588.617354
1,0.008403361344537815,pumpkin,50,10.974079,548.703945
1,0.008403361344537815,puppy,50,10.869298,543.464896
1,0.008403361344537815,purse,50,10.933301,546.665072
1,0.008403361344537815,push,50,11.386816,569.340805
1,0.008403361344537815,put,50,12.030314,601.515721
1,0.008403361344537815,puzzle,50,11.571925,578.596241
1,0.008403361344537815,quack,50,10.360167,518.008360
1,0.008403361344537815,quiet,50,10.711689,535.584471
1,0.008403361344537815,radio,50,10.138651,506.932535
1,0.008403361344537815,rain,50,11.350125,567.506245
1,0.008403361344537815,raisin,43,11.740242,504.830416
1,0.008403361344537815,read,50,11.827490,591.374523
1,0.008403361344537815,red,50,11.567661,578.383049
1,0.008403361344537815,refrigerator,50,10.925304,546.265198
1,0.008403361344537815,ride,50,11.154949,557.747429
1,0.008403361344537815,rip,50,11.405266,570.263298
1,0.008403361344537815,rock,50,11.163233,558.161671
1,0.008403361344537815,rocking,50,11.265296,563.264795
1,0.008403361344537815,roof,50,11.306201,565.310036
1,0.008403361344537815,room,50,11.057674,552.883689
1,0.008403361344537815,rooster,50,11.817721,590.886060
1,0.008403361344537815,run,50,10.358504,517.925200
1,0.008403361344537815,sad,50,10.875385,543.769255
1,0.008403361344537815,salt,50,10.936113,546.805660
1,0.008403361344537815,same,50,11.277461,563.873031
1,0.008403361344537815,sandwich,50,11.997699,599.884952
1,0.008403361344537815,sauce,50,10.780326,539.016321
1,0.008403361344537815,say,50,10.921306,546.065325
1,0.008403361344537815,scared,50,10.604691,530.234532
1,0.008403361344537815,scarf,50,11.229160,561.457987
1,0.008403361344537815,school,50,11.071993,553.599654
1,0.008403361344537815,scissors,50,10.278239,513.911947
1,0.008403361344537815,see,50,10.769966,538.498286
1,0.008403361344537815,shake,50,10.567208,528.360407
1,0.008403361344537815,share,50,10.636035,531.801771
1,0.008403361344537815,she,50,11.693896,584.694789
1,0.008403361344537815,sheep,50,9.953818,497.690896
1,0.008403361344537815,shh,50,11.586364,579.318224
1,0.008403361344537815,shirt,50,10.782853,539.142629
1,0.008403361344537815,shoe,50,11.158353,557.917660
1,0.008403361344537815,shopping,50,12.232598,611.629904
1,0.008403361344537815,shorts,50,10.966786,548.339280
1,0.008403361344537815,shoulder,50,10.544070,527.203485
1,0.008403361344537815,shovel,50,10.925898,546.294916
1,0.008403361344537815,show,50,11.587659,579.382941
1,0.008403361344537815,shower,50,10.782459,539.122960
1,0.008403361344537815,sick,50,10.651838,532.591894
1,0.008403361344537815,sidewalk,19,9.599752,182.395279
1,0.008403361344537815,sing,50,11.965182,598.259099
1,0.008403361344537815,sink,50,11.274556,563.727820
1,0.008403361344537815,sister,50,10.180178,509.008879
1,0.008403361344537815,sit,50,10.332835,516.641729
1,0.008403361344537815,skate,13,10.507929,136.603082
1,0.008403361344537815,sky,50,10.959782,547.989087
1,0.008403361344537815,sled,22,11.785403,259.278875
1,0.008403361344537815,sleep,50,11.446857,572.342837
1,0.008403361344537815,sleepy,50,11.752774,587.638684
1,0.008403361344537815,slide,50,11.356784,567.839191
1,0.008403361344537815,slipper,50,10.832825,541.641259
1,0.008403361344537815,slow,50,11.421539,571.076954
1,0.008403361344537815,smile,50,10.792329,539.616448
1,0.008403361344537815,snack,50,11.355962,567.798100
1,0.008403361344537815,snow,50,11.859694,592.984722
1,0.008403361344537815,so,50,10.985837,549.291872
1,0.008403361344537815,soap,50,10.814499,540.724972
1,0.008403361344537815,sock,50,11.333712,566.685587
1,0.008403361344537815,soda,50,10.277964,513.898179
1,0.008403361344537815,sofa,50,11.069289,553.464449
1,0.008403361344537815,soft,50,10.823179,541.158971
1,0.008403361344537815,some,50,11.224493,561.224656
1,0.008403361344537815,soup,50,11.356767,567.838336
1,0.008403361344537815,spill,50,10.886622,544.331090
1,0.008403361344537815,splash,50,11.222350,561.117505
1,0.008403361344537815,spoon,50,11.360570,568.028486
1,0.008403361344537815,sprinkler,13,11.011243,143.146157
1,0.008403361344537815,squirrel,50,11.324639,566.231953
1,0.008403361344537815,stairs,50,11.246940,562.346996
1,0.008403361344537815,stand,50,11.650123,582.506172
1,0.008403361344537815,star,50,10.309949,515.497459
1,0.008403361344537815,stay,50,10.204974,510.248702
1,0.008403361344537815,stick,50,10.437118,521.855905
1,0.008403361344537815,sticky,50,10.909925,545.496245
1,0.008403361344537815,stone,50,10.900345,545.017259
1,0.008403361344537815,stop,50,11.713055,585.652739
1,0.008403361344537815,store,50,12.065957,603.297873
1,0.008403361344537815,story,50,10.964624,548.231195
1,0.008403361344537815,stove,50,11.248888,562.444406
1,0.008403361344537815,strawberry,50,10.193256,509.662780
1,0.008403361344537815,street,50,11.110510,555.525490
1,0.008403361344537815,stroller,50,10.712344,535.617176
1,0.008403361344537815,stuck,50,11.916038,595.801923
1,0.008403361344537815,sun,50,11.687224,584.361223
1,0.008403361344537815,sweater,50,9.565692,478.284615
1,0.008403361344537815,sweep,50,11.123841,556.192059
1,0.008403361344537815,swim,50,10.595714,529.785710
1,0.008403361344537815,swing,50,10.803989,540.199440
1,0.008403361344537815,table,50,10.645353,532.267672
1,0.008403361344537815,take,50,11.586923,579.346139
1,0.008403361344537815,talk,50,11.500112,575.005576
1,0.008403361344537815,tape,50,11.586679,579.333955
1,0.008403361344537815,taste,50,10.530099,526.504930
1,0.008403361344537815,teacher,50,10.562624,528.131184
1,0.008403361344537815,tear,50,10.418252,520.912594
1,0.008403361344537815,telephone,50,10.662790,533.139512
1,0.008403361344537815,thank,50,11.582327,579.116371
1,0.008403361344537815,that,50,11.461520,573.075980
1,0.008403361344537815,the,50,9.696862,484.843083
1,0.008403361344537815,their,50,10.322081,516.104053
1,0.008403361344537815,them,50,11.753957,587.697833
1,0.008403361344537815,then,50,10.686664,534.333192
1,0.008403361344537815,there,50,11.566684,578.334206
1,0.008403361344537815,these,50,10.582933,529.146654
1,0.008403361344537815,they,50,10.219859,510.992934
1,0.008403361344537815,think,50,10.752164,537.608185
1,0.008403361344537815,thirsty,50,10.789770,539.488500
1,0.008403361344537815,this,50,11.694448,584.722395
1,0.008403361344537815,those,50,10.676459,533.822970
1,0.008403361344537815,throw,50,10.721772,536.088624
1,0.008403361344537815,tickle,50,10.594279,529.713960
1,0.008403361344537815,tiger,50,11.501365,575.068258
1,0.008403361344537815,time,50,10.589302,529.465099
1,0.008403361344537815,tiny,50,11.721993,586.099629
1,0.008403361344537815,tired,50,12.211054,610.552706
1,0.008403361344537815,tissue,50,11.175036,558.751797
1,0.008403361344537815,to,50,11.481871,574.093554
1,0.008403361344537815,toast,50,10.905833,545.291663
1,0.008403361344537815,today,50,11.314450,565.722475
1,0.008403361344537815,tomorrow,50,12.869253,643.462628
1,0.008403361344537815,tongue,50,10.506610,525.330483
1,0.008403361344537815,tonight,50,11.372622,568.631091
1,0.008403361344537815,too,50,10.687262,534.363092
1,0.008403361344537815,tooth,50,9.945331,497.266567
1,0.008403361344537815,toothbrush,50,10.935611,546.780528
1,0.008403361344537815,touch,50,10.511865,525.593242
1,0.008403361344537815,towel,50,11.223147,561.157356
1,0.008403361344537815,tractor,50,11.374119,568.705970
1,0.008403361344537815,train,50,10.604159,530.207955
1,0.008403361344537815,trash,50,10.711909,535.595439
1,0.008403361344537815,tray,50,11.801984,590.099192
1,0.008403361344537815,tree,50,10.925746,546.287292
1,0.008403361344537815,truck,50,10.522460,526.122995
1,0.008403361344537815,try,50,11.865112,593.255582
1,0.008403361344537815,tummy,50,10.596151,529.807536
1,0.008403361344537815,tuna,50,10.720612,536.030588
1,0.008403361344537815,turkey,50,11.324321,566.216046
1,0.008403361344537815,turn,50,11.328845,566.442239
1,0.008403361344537815,turtle,50,11.486035,574.301734
1,0.008403361344537815,tv,50,11.299981,564.999071
1,0.008403361344537815,uh,50,10.806636,540.331789
1,0.008403361344537815,uncle,50,11.560183,578.009172
1,0.008403361344537815,under,50,11.247032,562.351610
1,0.008403361344537815,up,50,11.001228,550.061380
1,0.008403361344537815,us,50,10.704095,535.204750
1,0.008403361344537815,vacuum,50,10.953390,547.669484
1,0.008403361344537815,vanilla,50,10.833591,541.679572
1,0.008403361344537815,wait,50,10.541459,527.072973
1,0.008403361344537815,wake,50,11.328804,566.440205
1,0.008403361344537815,walk,50,11.295027,564.751348
1,0.008403361344537815,walker,12,10.565034,126.780409
1,0.008403361344537815,wanna,50,11.102825,555.141261
1,0.008403361344537815,was,50,10.999153,549.957640
1,0.008403361344537815,wash,50,11.292397,564.619843
1,0.008403361344537815,washing,50,10.286855,514.342756
1,0.008403361344537815,watch,50,10.246399,512.319935
1,0.008403361344537815,water,50,10.348906,517.445310
1,0.008403361344537815,we,50,11.302662,565.133098
1,0.008403361344537815,were,50,11.059334,552.966714
1,0.008403361344537815,wet,50,11.003398,550.169900
1,0.008403361344537815,what,50,10.399140,519.956990
1,0.008403361344537815,when,50,10.987732,549.386597
1,0.008403361344537815,where,50,11.103845,555.192243
1,0.008403361344537815,which,50,10.467925,523.396247
1,0.008403361344537815,white,50,11.930747,596.537345
1,0.008403361344537815,who,50,11.109482,555.474087
1,0.008403361344537815,why,50,11.115739,555.786960
1,0.008403361344537815,will,50,10.444538,522.226914
1,0.008403361344537815,wind,50,10.735530,536.776492
1,0.008403361344537815,window,50,10.326436,516.321813
1,0.008403361344537815,windy,50,10.706850,535.342484
1,0.008403361344537815,wipe,50,10.775181,538.759041
1,0.008403361344537815,wish,50,10.268879,513.443926
1,0.008403361344537815,with,50,11.148855,557.442735
1,0.008403361344537815,wolf,50,11.135594,556.779713
1,0.008403361344537815,woods,48,10.860588,521.308206
1,0.008403361344537815,woof,50,9.566666,478.333287
1,0.008403361344537815,work,50,10.001534,500.076712
1,0.008403361344537815,would,50,10.841647,542.082338
1,0.008403361344537815,write,50,9.876614,493.830721
1,0.008403361344537815,yard,50,11.271671,563.583541
1,0.008403361344537815,yellow,50,11.132229,556.611461
1,0.008403361344537815,yes,50,10.784864,539.243190
1,0.008403361344537815,yesterday,50,10.754215,537.710746
1,0.008403361344537815,yogurt,50,11.210947,560.547347
1,0.008403361344537815,you,50,9.817659,490.882971
1,0.008403361344537815,your,50,9.846481,492.324059
1,0.008403361344537815,yourself,50,11.159873,557.993645
1,0.008403361344537815,yum,50,10.637613,531.880665
1,0.008403361344537815,zebra,50,11.246153,562.307628
1,0.008403361344537815,zipper,40,10.380109,415.204348
1,0.008403361344537815,zoo,50,10.573952,528.697614
2,0.01680672268907563,a,50,10.984049,549.202436
2,0.01680672268907563,about,50,10.421264,521.063190
2,0.01680672268907563,above,50,10.921379,546.068937
2,0.01680672268907563,after,50,11.465695,573.284749
2,0.01680672268907563,airplane,50,11.334527,566.726352
2,0.01680672268907563,all,50,10.828755,541.437735
2,0.01680672268907563,alligator,50,10.043714,502.185677
2,0.01680672268907563,am,50,11.343934,567.196682
2,0.01680672268907563,and,50,10.556341,527.817061
2,0.01680672268907563,animal,50,12.086715,604.335763
2,0.01680672268907563,ankle,5,11.215933,56.079665
2,0.01680672268907563,another,50,10.044796,502.239817
2,0.01680672268907563,any,50,10.593304,529.665212
2,0.01680672268907563,apple,50,11.345156,567.257787
2,0.01680672268907563,are,50,11.460088,573.004384
2,0.01680672268907563,arm,50,11.515768,575.788386
2,0.01680672268907563,around,50,10.578376,528.918777
2,0.01680672268907563,asleep,50,11.200750,560.037479
2,0.01680672268907563,at,50,11.073431,553.671567
2,0.01680672268907563,aunt,42,11.157150,468.600316
2,0.01680672268907563,awake,50,12.101277,605.063851
2,0.01680672268907563,away,50,12.102214,605.110703
2,0.01680672268907563,baby,50,9.150513,457.525640
2,0.01680672268907563,babysitter,11,11.583740,127.421143
2,0.01680672268907563,back,50,12.007644,600.382204
2,0.01680672268907563,backyard,19,11.267237,214.077512
2,0.01680672268907563,bad,50,11.312774,565.638715
2,0.01680672268907563,ball,50,10.874121,543.706065
2,0.01680672268907563,balloon,50,10.524075,526.203773
2,0.01680672268907563,banana,50,11.511564,575.578177
2,0.01680672268907563,basement,26,12.439739,323.433222
2,0.01680672268907563,basket,50,10.897060,544.853023
2,0.01680672268907563,bat,50,11.137397,556.869843
2,0.01680672268907563,bath,50,10.427514,521.375713
2,0.01680672268907563,bathroom,50,11.557448,577.872383
2,0.01680672268907563,bathtub,31,11.340960,351.569757
2,0.01680672268907563,be,50,12.132394,606.619710
2,0.01680672268907563,beach,50,10.554004,527.700220
2,0.01680672268907563,beads,50,11.270819,563.540944
2,0.01680672268907563,beans,50,10.649692,532.484596
2,0.01680672268907563,bear,50,11.838810,591.940513
2,0.01680672268907563,because,50,10.532712,526.635597
2,0.01680672268907563,bed,50,11.632775,581.638748
2,0.01680672268907563,bedroom,50,11.605372,580.268609
2,0.01680672268907563,bee,50,10.871264,543.563186
2,0.01680672268907563,before,50,10.784358,539.217907
2,0.01680672268907563,behind,50,10.237135,511.856742
2,0.01680672268907563,belly,50,10.214218,510.710923
2,0.01680672268907563,belt,50,11.736943,586.847144
2,0.01680672268907563,bench,50,12.010956,600.547802
2,0.01680672268907563,beside,50,10.744715,537.235768
2,0.01680672268907563,better,50,10.731237,536.561872
2,0.01680672268907563,bib,50,11.277285,563.864229
2,0.01680672268907563,bicycle,50,11.646858,582.342901
2,0.01680672268907563,big,50,10.337420,516.871017
2,0.01680672268907563,bird,50,11.596322,579.816086
2,0.01680672268907563,bite,50,10.464267,523.213343
2,0.01680672268907563,black,50,11.429897,571.494859
2,0.01680672268907563,blanket,50,11.292536,564.626818
2,0.01680672268907563,block,50,10.793539,539.676956
2,0.01680672268907563,blow,50,10.790326,539.516299
2,0.01680672268907563,blue,50,11.494788,574.739403
2,0.01680672268907563,boat,50,11.963042,598.152096
2,0.01680672268907563,book,50,11.044843,552.242172
2,0.01680672268907563,boots,50,10.597956,529.897817
2,0.01680672268907563,bottle,50,11.686244,584.312199
2,0.01680672268907563,bowl,50,11.615579,580.778952
2,0.01680672268907563,box,50,10.422771,521.138554
2,0.01680672268907563,boy,50,11.072440,553.622000
2,0.01680672268907563,bread,50,11.034047,551.702360
2,0.01680672268907563,break,50,11.202385,560.119230
2,0.01680672268907563,breakfast,50,11.280579,564.028926
2,0.01680672268907563,bring,50,10.258950,512.947507
2,0.01680672268907563,broken,50,11.441757,572.087838
2,0.01680672268907563,broom,50,11.216328,560.816403
2,0.01680672268907563,brother,50,10.823083,541.154139
2,0.01680672268907563,brown,50,11.606902,580.345096
2,0.01680672268907563,brush,50,10.832303,541.615142
2,0.01680672268907563,bubbles,50,11.160388,558.019418
2,0.01680672268907563,bucket,50,11.137469,556.873453
2,0.01680672268907563,bug,50,11.533824,576.691186
2,0.01680672268907563,build,50,11.162426,558.121300
2,0.01680672268907563,bump,50,10.705583,535.279140
2,0.01680672268907563,bunny,50,11.075040,553.752002
2,0.01680672268907563,bus,50,10.667455,533.372757
2,0.01680672268907563,but,50,10.432083,521.604168
2,0.01680672268907563,butter,50,11.961160,598.058003
2,0.01680672268907563,butterfly,50,11.696359,584.817948
2,0.01680672268907563,button,50,10.812628,540.631416
2,0.01680672268907563,buy,50,11.490451,574.522532
2,0.01680672268907563,by,50,11.224209,561.210451
2,0.01680672268907563,bye,50,10.510664,525.533220
2,0.01680672268907563,cake,50,12.694785,634.739248
2,0.01680672268907563,call,50,11.211192,560.559594
2,0.01680672268907563,camera,50,11.258465,562.923258
2,0.01680672268907563,camping,31,11.278197,349.624102
2,0.01680672268907563,can,50,9.625807,481.290358
2,0.01680672268907563,candy,50,11.270524,563.526202
2,0.01680672268907563,car,50,10.441666,522.083293
2,0.01680672268907563,careful,50,11.092431,554.621529
2,0.01680672268907563,carrots,50,11.139580,556.979013
2,0.01680672268907563,carry,50,11.731129,586.556428
2,0.01680672268907563,cat,50,10.586914,529.345702
2,0.01680672268907563,catch,50,11.043268,552.163404
2,0.01680672268907563,cereal,50,10.407803,520.390159
2,0.01680672268907563,chair,50,11.188559,559.427926
2,0.01680672268907563,chalk,40,10.732918,429.316713
2,0.01680672268907563,chase,49,10.465534,512.811180
2,0.01680672268907563,cheek,35,11.963480,418.721784
2,0.01680672268907563,cheese,50,11.428602,571.430110
2,0.01680672268907563,chicken,50,10.552953,527.647661
2,0.01680672268907563,child,50,11.350018,567.500924
2,0.01680672268907563,chin,50,11.308522,565.426096
2,0.01680672268907563,chocolate,50,11.122059,556.102961
2,0.01680672268907563,choo,50,11.921105,596.055233
2,0.01680672268907563,church,50,11.095755,554.787765
2,0.01680672268907563,circus,50,11.218840,560.942003
2,0.01680672268907563,clap,50,10.191216,509.560822
2,0.01680672268907563,clean,50,10.348835,517.441756
2,0.01680672268907563,climb,50,10.211507,510.575326
2,0.01680672268907563,clock,50,11.061347,553.067327
2,0.01680672268907563,close,50,10.204208,510.210404
2,0.01680672268907563,closet,50,11.262594,563.129711
2,0.01680672268907563,cloud,50,10.419292,520.964609
2,0.01680672268907563,clown,50,10.911285,545.564245
2,0.01680672268907563,coat,50,11.609640,580.482002
2,0.01680672268907563,coffee,50,11.143790,557.189481
2,0.01680672268907563,coke,50,11.447367,572.368364
2,0.01680672268907563,cold,50,12.288331,614.416541
2,0.01680672268907563,comb,50,10.547071,527.353551
2,0.01680672268907563,cook,50,11.305983,565.299167
2,0.01680672268907563,cookie,50,12.188814,609.440698
2,0.01680672268907563,corn,50,10.986240,549.312008
2,0.01680672268907563,couch,50,12.326891,616.344553
2,0.01680672268907563,could,50,10.899566,544.978300
2,0.01680672268907563,country,50,11.458363,572.918141
2,0.01680672268907563,cover,50,10.720746,536.037300
2,0.01680672268907563,cow,50,10.926783,546.339171
2,0.01680672268907563,cowboy,50,10.598503,529.925166
2,0.01680672268907563,cracker,50,11.482924,574.146202
2,0.01680672268907563,crayon,50,11.715803,585.790164
2,0.01680672268907563,crib,50,11.068806,553.440285
2,0.01680672268907563,cry,50,10.579185,528.959251
2,0.01680672268907563,cup,50,10.577184,528.859191
2,0.01680672268907563,cut,50,10.844869,542.243475
2,0.01680672268907563,cute,50,10.884918,544.245908
2,0.01680672268907563,daddy,50,10.811911,540.595551
2,0.01680672268907563,dance,50,12.449203,622.460132
2,0.01680672268907563,dark,50,11.315139,565.756936
2,0.01680672268907563,day,50,11.039367,551.968374
2,0.01680672268907563,deer,50,11.297553,564.877637
2,0.01680672268907563,diaper,50,10.675315,533.765734
2,0.01680672268907563,did,50,10.771494,538.574695
2,0.01680672268907563,dinner,50,11.483064,574.153225
2,0.01680672268907563,dirty,50,10.196222,509.811084
2,0.01680672268907563,dish,50,11.881218,594.060907
2,0.01680672268907563,do,50,10.697669,534.883463
2,0.01680672268907563,doctor,50,10.714112,535.705593
2,0.01680672268907563,does,50,10.234367,511.718359
2,0.01680672268907563,dog,50,10.937395,546.869746
2,0.01680672268907563,doll,50,11.332422,566.621088
2,0.01680672268907563,donkey,50,11.107645,555.382236
2,0.01680672268907563,donut,41,10.903736,447.053165
2,0.01680672268907563,door,50,11.768065,588.403249
2,0.01680672268907563,down,50,11.278318,563.915895
2,0.01680672268907563,downtown,8,11.269915,90.159319
2,0.01680672268907563,draw,50,10.566862,528.343101
2,0.01680672268907563,drawer,50,11.615652,580.782583
2,0.01680672268907563,dress,50,11.491151,574.557561
2,0.01680672268907563,drink,50,10.641786,532.089303
2,0.01680672268907563,drive,50,11.499568,574.978415
2,0.01680672268907563,drop,50,10.095912,504.795612
2,0.01680672268907563,dry,50,11.039105,551.955256
2,0.01680672268907563,dryer,20,11.325099,226.501987
2,0.01680672268907563,duck,50,11.428861,571.443074
2,0.01680672268907563,dump,50,11.142998,557.149894
2,0.01680672268907563,each,50,10.407065,520.353268
2,0.01680672268907563,ear,50,11.399470,569.973477
2,0.01680672268907563,eat,50,11.309998,565.499902
2,0.01680672268907563,egg,50,10.923504,546.175214
2,0.01680672268907563,elephant,50,11.529498,576.474913
2,0.01680672268907563,empty,50,10.384880,519.243999
2,0.01680672268907563,every,50,10.981881,549.094068
2,0.01680672268907563,eye,50,10.125572,506.278624
2,0.01680672268907563,face,50,11.906672,595.333617
2,0.01680672268907563,fall,50,10.955406,547.770311
2,0.01680672268907563,farm,50,11.570017,578.500836
2,0.01680672268907563,fast,50,10.883036,544.151812
2,0.01680672268907563,feed,50,10.859615,542.980761
2,0.01680672268907563,find,50,11.529424,576.471193
2,0.01680672268907563,fine,50,11.210600,560.530025
2,0.01680672268907563,finger,50,10.721712,536.085608
2,0.01680672268907563,finish,50,10.952055,547.602755
2,0.01680672268907563,first,50,11.065036,553.251822
2,0.01680672268907563,fish,50,10.711284,535.564215
2,0.01680672268907563,fit,50,11.734072,586.703608
2,0.01680672268907563,fix,50,11.546880,577.343976
2,0.01680672268907563,flag,50,11.822574,591.128710
2,0.01680672268907563,flower,50,10.978574,548.928716
2,0.01680672268907563,food,50,11.371825,568.591254
2,0.01680672268907563,foot,50,11.583679,579.183956
2,0.01680672268907563,for,50,11.345775,567.288754
2,0.01680672268907563,fork,50,9.868642,493.432096
2,0.01680672268907563,french,50,10.426274,521.313723
2,0.01680672268907563,friend,50,11.221783,561.089128
2,0.01680672268907563,frog,50,10.176426,508.821281
2,0.01680672268907563,full,50,11.884854,594.242702
2,0.01680672268907563,game,50,10.484331,524.216571
2,0.01680672268907563,garage,50,10.434132,521.706610
2,0.01680672268907563,garbage,50,11.502723,575.136158
2,0.01680672268907563,garden,50,11.510857,575.542869
2,0.01680672268907563,gas,50,11.294650,564.732476
2,0.01680672268907563,gentle,50,11.316639,565.831952
2,0.01680672268907563,get,50,10.693422,534.671113
2,0.01680672268907563,giraffe,50,11.345839,567.291964
2,0.01680672268907563,girl,50,10.903301,545.165033
2,0.01680672268907563,give,50,11.319505,565.975258
2,0.01680672268907563,glass,50,10.994005,549.700242
2,0.01680672268907563,glasses,50,11.606526,580.326302
2,0.01680672268907563,gloves,50,11.155110,557.755514
2,0.01680672268907563,glue,50,10.508846,525.442325
2,0.01680672268907563,go,50,10.609979,530.498937
2,0.01680672268907563,good,50,10.263000,513.149981
2,0.01680672268907563,goose,50,10.249272,512.463610
2,0.01680672268907563,grandma,50,11.396325,569.816248
2,0.01680672268907563,grandpa,45,10.286080,462.873588
2,0.01680672268907563,grapes,50,11.924051,596.202563
2,0.01680672268907563,grass,50,10.753418,537.670885
2,0.01680672268907563,green,50,11.023959,551.197951
2,0.01680672268907563,gum,50,10.767119,538.355974
2,0.01680672268907563,hair,50,10.283814,514.190692
2,0.01680672268907563,hamburger,50,11.300790,565.039522
2,0.01680672268907563,hammer,50,10.680292,534.014611
2,0.01680672268907563,hand,50,10.206082,510.304090
2,0.01680672268907563,happy,50,11.311001,565.550066
2,0.01680672268907563,hard,50,10.880558,544.027925
2,0.01680672268907563,hat,50,11.907172,595.358584
2,0.01680672268907563,hate,50,12.255937,612.796865
2,0.01680672268907563,have,50,9.693051,484.652551
2,0.01680672268907563,he,50,10.991280,549.564012
2,0.01680672268907563,head,50,11.405070,570.253480
2,0.01680672268907563,hear,50,10.301067,515.053329
2,0.01680672268907563,heavy,50,11.022339,551.116972
2,0.01680672268907563,helicopter,50,11.529482,576.474108
2,0.01680672268907563,hello,50,10.750289,537.514428
2,0.01680672268907563,help,50,11.989149,599.457426
2,0.01680672268907563,her,50,11.334088,566.704380
2,0.01680672268907563,here,50,10.036885,501.844254
2,0.01680672268907563,hi,50,10.784463,539.223133
2,0.01680672268907563,hide,50,10.889960,544.497993
2,0.01680672268907563,high,50,10.895707,544.785327
2,0.01680672268907563,him,50,11.549875,577.493727
2,0.01680672268907563,his,50,10.736411,536.820559
2,0.01680672268907563,hit,50,11.245818,562.290883
2,0.01680672268907563,hold,50,11.129519,556.475945
2,0.01680672268907563,home,50,11.597028,579.851407
2,0.01680672268907563,horse,50,10.455243,522.762136
2,0.01680672268907563,hose,50,12.028708,601.435425
2,0.01680672268907563,hot,50,11.974572,598.728598
2,0.01680672268907563,house,50,9.528850,476.442482
2,0.01680672268907563,how,50,11.873144,593.657219
2,0.01680672268907563,hug,50,11.407571,570.378542
2,0.01680672268907563,hungry,50,11.282351,564.117560
2,0.01680672268907563,hurry,50,11.618761,580.938041
2,0.01680672268907563,hurt,50,11.424930,571.246499
2,0.01680672268907563,i,50,11.318513,565.925671
2,0.01680672268907563,ice,50,11.338234,566.911686
2,0.01680672268907563,if,50,10.352645,517.632226
2,0.01680672268907563,inside,50,11.036930,551.846508
2,0.01680672268907563,into,50,11.265387,563.269363
2,0.01680672268907563,is,50,10.843010,542.150495
2,0.01680672268907563,it,50,10.400242,520.012099
2,0.01680672268907563,jacket,50,11.168205,558.410262
2,0.01680672268907563,jar,50,12.052184,602.609200
2,0.01680672268907563,jeans,16,10.744649,171.914385
2,0.01680672268907563,jelly,50,11.155994,557.799684
2,0.01680672268907563,juice,50,10.705208,535.260395
2,0.01680672268907563,jump,50,10.988283,549.414138
2,0.01680672268907563,keys,50,10.980822,549.041121
2,0.01680672268907563,kick,50,11.208542,560.427091
2,0.01680672268907563,kiss,50,10.434944,521.747199
2,0.01680672268907563,kitchen,50,10.758831,537.941566
2,0.01680672268907563,kitty,50,10.531689,526.584446
2,0.01680672268907563,knee,50,11.835983,591.799139
2,0.01680672268907563,knife,50,10.787108,539.355407
2,0.01680672268907563,knock,50,11.090095,554.504747
2,0.01680672268907563,ladder,50,11.442766,572.138318
2,0.01680672268907563,lady,50,10.828371,541.418543
2,0.01680672268907563,lamb,50,9.255670,462.783516
2,0.01680672268907563,lamp,50,12.033433,601.671659
2,0.01680672268907563,last,50,10.488822,524.441093
2,0.01680672268907563,later,50,10.533554,526.677691
2,0.01680672268907563,lawn,37,11.154687,412.723426
2,0.01680672268907563,leg,50,11.955120,597.756016
2,0.01680672268907563,lick,50,10.626810,531.340525
2,0.01680672268907563,light,50,11.407910,570.395497
2,0.01680672268907563,like,50,10.116980,505.849022
2,0.01680672268907563,lion,50,10.958979,547.948938
2,0.01680672268907563,lips,50,11.756010,587.800519
2,0.01680672268907563,listen,50,12.119739,605.986946
2,0.01680672268907563,little,50,11.248532,562.426624
2,0.01680672268907563,living,50,10.561594,528.079687
2,0.01680672268907563,lollipop,50,11.077050,553.852510
2,0.01680672268907563,long,50,10.831365,541.568264
2,0.01680672268907563,look,50,10.908829,545.441439
2,0.01680672268907563,loud,50,10.659371,532.968573
2,0.01680672268907563,love,50,11.857353,592.867670
2,0.01680672268907563,lunch,50,10.670939,533.546950
2,0.01680672268907563,mad,50,10.720786,536.039298
2,0.01680672268907563,make,50,10.845582,542.279083
2,0.01680672268907563,man,50,11.522432,576.121598
2,0.01680672268907563,me,50,10.886721,544.336058
2,0.01680672268907563,meat,50,11.446613,572.330627
2,0.01680672268907563,medicine,50,11.135207,556.760357
2,0.01680672268907563,milk,50,11.506494,575.324715
2,0.01680672268907563,mine,50,10.260433,513.021647
2,0.01680672268907563,mommy,50,11.143010,557.150489
2,0.01680672268907563,money,50,11.911899,595.594934
2,0.01680672268907563,monkey,50,10.246201,512.310037
2,0.01680672268907563,moo,50,11.215049,560.752441
2,0.01680672268907563,moon,50,11.374067,568.703330
2,0.01680672268907563,moose,32,11.377985,364.095524
2,0.01680672268907563,mop,40,11.425561,457.022441
2,0.01680672268907563,more,50,10.984335,549.216765
2,0.01680672268907563,morning,50,11.275052,563.752610
2,0.01680672268907563,motorcycle,50,11.315507,565.775338
2,0.01680672268907563,mouse,50,11.717021,585.851060
2,0.01680672268907563,mouth,50,10.947550,547.377480
2,0.01680672268907563,movie,50,11.926476,596.323788
2,0.01680672268907563,much,50,11.119476,555.973789
2,0.01680672268907563,muffin,50,11.718027,585.901368
2,0.01680672268907563,my,50,10.585257,529.262856
2,0.01680672268907563,myself,50,11.110796,555.539780
2,0.01680672268907563,nail,50,12.215245,610.762225
2,0.01680672268907563,nap,50,9.973892,498.694577
2,0.01680672268907563,napkin,50,11.847077,592.353834
2,0.01680672268907563,naughty,50,10.387765,519.388234
2,0.01680672268907563,necklace,50,12.144550,607.227504
2,0.01680672268907563,need,50,11.635163,581.758145
2,0.01680672268907563,new,50,11.019684,550.984200
2,0.01680672268907563,next,50,10.817272,540.863577
2,0.01680672268907563,nice,50,11.003733,550.186639
2,0.01680672268907563,night,50,11.319018,565.950891
2,0.01680672268907563,no,50,10.090523,504.526172
2,0.01680672268907563,noisy,50,11.633895,581.694740
2,0.01680672268907563,none,50,11.406343,570.317163
2,0.01680672268907563,noodles,50,10.851632,542.581599
2,0.01680672268907563,nose,50,10.900496,545.024821
2,0.01680672268907563,not,50,11.846784,592.339217
2,0.01680672268907563,now,50,11.108864,555.443189
2,0.01680672268907563,nurse,50,11.263691,563.184573
2,0.01680672268907563,nuts,50,11.995486,599.774307
2,0.01680672268907563,of,50,11.381874,569.093685
2,0.01680672268907563,off,50,10.367864,518.393190
2,0.01680672268907563,old,50,10.477464,523.873199
2,0.01680672268907563,on,50,10.293897,514.694829
2,0.01680672268907563,open,50,11.293030,564.651486
2,0.01680672268907563,orange,50,10.937313,546.865668
2,0.01680672268907563,other,50,10.512607,525.630353
2,0.01680672268907563,ouch,50,11.335942,566.797104
2,0.01680672268907563,our,50,11.094384,554.719209
2,0.01680672268907563,out,50,11.618412,580.920593
2,0.01680672268907563,outside,50,11.226126,561.306308
2,0.01680672268907563,oven,50,11.485505,574.275272
2,0.01680672268907563,over,50,11.352951,567.647534
2,0.01680672268907563,owl,50,10.496335,524.816734
2,0.01680672268907563,paint,50,10.686381,534.319043
2,0.01680672268907563,pajamas,50,10.783645,539.182258
2,0.01680672268907563,pancake,46,11.173371,513.975073
2,0.01680672268907563,pants,50,11.547928,577.396399
2,0.01680672268907563,paper,50,10.640630,532.031486
2,0.01680672268907563,park,50,10.814293,540.714673
2,0.01680672268907563,party,50,11.320773,566.038669
2,0.01680672268907563,peanut,50,11.807040,590.352004
2,0.01680672268907563,peas,50,10.687413,534.370661
2,0.01680672268907563,pen,50,10.034741,501.737073
2,0.01680672268907563,pencil,50,10.994605,549.730270
2,0.01680672268907563,penguin,50,11.126817,556.340836
2,0.01680672268907563,penis,18,10.851379,195.324829
2,0.01680672268907563,penny,50,11.907995,595.399757
2,0.01680672268907563,people,50,11.101227,555.061329
2,0.01680672268907563,person,50,11.031829,551.591447
2,0.01680672268907563,pick,50,11.119918,555.995878
2,0.01680672268907563,pickle,50,11.509152,575.457612
2,0.01680672268907563,picnic,50,11.864319,593.215955
2,0.01680672268907563,picture,50,11.155540,557.776999
2,0.01680672268907563,pig,50,11.254947,562.747369
2,0.01680672268907563,pillow,50,10.370661,518.533056
2,0.01680672268907563,pizza,50,11.259331,562.966551
2,0.01680672268907563,plant,50,11.046339,552.316956
2,0.01680672268907563,plate,50,11.957677,597.883835
2,0.01680672268907563,play,50,10.298204,514.910219
2,0.01680672268907563,playground,22,11.602674,255.258821
2,0.01680672268907563,please,50,10.822581,541.129040
2,0.01680672268907563,police,50,11.667142,583.357119
2,0.01680672268907563,pony,50,10.696789,534.839442
2,0.01680672268907563,pool,50,11.496427,574.821360
2,0.01680672268907563,poor,50,10.591763,529.588165
2,0.01680672268907563,popcorn,50,11.619016,580.950783
2,0.01680672268907563,popsicle,31,11.297832,350.232780
2,0.01680672268907563,porch,31,10.844338,336.174473
2,0.01680672268907563,potato,50,10.788371,539.418546
2,0.01680672268907563,pour,50,11.553175,577.658773
2,0.01680672268907563,present,50,11.535964,576.798217
2,0.01680672268907563,pretend,50,10.303692,515.184597
2,0.01680672268907563,pretty,50,10.578357,528.917829
2,0.01680672268907563,pretzel,50,11.338911,566.945557
2,0.01680672268907563,pudding,50,11.379509,568.975440
2,0.01680672268907563,pull,50,12.034672,601.733584
2,0.01680672268907563,pumpkin,50,11.405607,570.280336
2,0.01680672268907563,puppy,50,10.898791,544.939543
2,0.01680672268907563,purse,50,10.876685,543.834272
2,0.01680672268907563,push,50,11.523211,576.160529
2,0.01680672268907563,put,50,10.864207,543.210368
2,0.01680672268907563,puzzle,50,11.198778,559.938924
2,0.01680672268907563,quack,50,10.899785,544.989272
2,0.01680672268907563,quiet,50,10.990636,549.531824
2,0.01680672268907563,radio,50,10.699428,534.971389
2,0.01680672268907563,rain,50,10.886087,544.304368
2,0.01680672268907563,raisin,43,11.937714,513.321717
2,0.01680672268907563,read,50,11.608757,580.437828
2,0.01680672268907563,red,50,10.576890,528.844489
2,0.01680672268907563,refrigerator,50,11.185276,559.263808
2,0.01680672268907563,ride,50,10.997110,549.855483
2,0.01680672268907563,rip,50,11.320353,566.017645
2,0.01680672268907563,rock,50,11.308474,565.423682
2,0.01680672268907563,rocking,50,11.617510,580.875484
2,0.01680672268907563,roof,50,10.954715,547.735771
2,0.01680672268907563,room,50,11.314452,565.722614
2,0.01680672268907563,rooster,50,11.687459,584.372941
2,0.01680672268907563,run,50,10.415885,520.794256
2,0.01680672268907563,sad,50,11.231521,561.576046
2,0.01680672268907563,salt,50,10.793302,539.665108
2,0.01680672268907563,same,50,10.799363,539.968166
2,0.01680672268907563,sandwich,50,12.339249,616.962440
2,0.01680672268907563,sauce,50,11.215044,560.752220
2,0.01680672268907563,say,50,10.243810,512.190500
2,0.01680672268907563,scared,50,11.210609,560.530432
2,0.01680672268907563,scarf,50,10.807326,540.366311
2,0.01680672268907563,school,50,11.677579,583.878954
2,0.01680672268907563,scissors,50,10.642692,532.134622
2,0.01680672268907563,see,50,10.331030,516.551520
2,0.01680672268907563,shake,50,11.436550,571.827498
2,0.01680672268907563,share,50,10.901161,545.058050
2,0.01680672268907563,she,50,11.876548,593.827415
2,0.01680672268907563,sheep,50,9.594880,479.744017
2,0.01680672268907563,shh,50,11.539167,576.958352
2,0.01680672268907563,shirt,50,11.442978,572.148891
2,0.01680672268907563,shoe,50,11.401278,570.063922
2,0.01680672268907563,shopping,50,12.354748,617.737417
2,0.01680672268907563,shorts,50,11.737562,586.878116
2,0.01680672268907563,shoulder,50,10.433568,521.678415
2,0.01680672268907563,shovel,50,10.721517,536.075829
2,0.01680672268907563,show,50,11.384763,569.238136
2,0.01680672268907563,shower,50,10.591235,529.561738
2,0.01680672268907563,sick,50,10.812359,540.617954
2,0.01680672268907563,sidewalk,19,10.378929,197.199649
2,0.01680672268907563,sing,50,11.690871,584.543548
2,0.01680672268907563,sink,50,11.988509,599.425441
2,0.01680672268907563,sister,50,10.801583,540.079149
2,0.01680672268907563,sit,50,11.026496,551.324777
2,0.01680672268907563,skate,13,10.292655,133.804512
2,0.01680672268907563,sky,50,11.517027,575.851341
2,0.01680672268907563,sled,22,11.460017,252.120371
2,0.01680672268907563,sleep,50,11.138293,556.914630
2,0.01680672268907563,sleepy,50,11.233333,561.666630
2,0.01680672268907563,slide,50,11.092776,554.638821
2,0.01680672268907563,slipper,50,10.814087,540.704333
2,0.01680672268907563,slow,50,12.712199,635.609966
2,0.01680672268907563,smile,50,11.468636,573.431782
2,0.01680672268907563,snack,50,11.003263,550.163169
2,0.01680672268907563,snow,50,11.870293,593.514627
2,0.01680672268907563,so,50,10.710421,535.521057
2,0.01680672268907563,soap,50,11.178797,558.939831
2,0.01680672268907563,sock,50,12.078524,603.926224
2,0.01680672268907563,soda,50,9.691501,484.575036
2,0.01680672268907563,sofa,50,10.524911,526.245533
2,0.01680672268907563,soft,50,11.306682,565.334076
2,0.01680672268907563,some,50,11.831781,591.589057
2,0.01680672268907563,soup,50,12.510056,625.502790
2,0.01680672268907563,spill,50,10.529806,526.490283
2,0.01680672268907563,splash,50,12.142944,607.147207
2,0.01680672268907563,spoon,50,10.233039,511.651970
2,0.01680672268907563,sprinkler,13,10.869022,141.297288
2,0.01680672268907563,squirrel,50,11.466489,573.324445
2,0.01680672268907563,stairs,50,11.690508,584.525418
2,0.01680672268907563,stand,50,11.396430,569.821511
2,0.01680672268907563,star,50,11.251589,562.579446
2,0.01680672268907563,stay,50,9.832473,491.623639
2,0.01680672268907563,stick,50,10.843495,542.174726
2,0.01680672268907563,sticky,50,11.216910,560.845513
2,0.01680672268907563,stone,50,10.896446,544.822289
2,0.01680672268907563,stop,50,12.086684,604.334191
2,0.01680672268907563,store,50,12.264024,613.201201
2,0.01680672268907563,story,50,12.155140,607.757008
2,0.01680672268907563,stove,50,11.138961,556.948064
2,0.01680672268907563,strawberry,50,10.546144,527.307223
2,0.01680672268907563,street,50,10.794942,539.747112
2,0.01680672268907563,stroller,50,10.426928,521.346416
2,0.01680672268907563,stuck,50,11.583538,579.176914
2,0.01680672268907563,sun,50,11.749514,587.475706
2,0.01680672268907563,sweater,50,9.985217,499.260841
2,0.01680672268907563,sweep,50,10.808845,540.442262
2,0.01680672268907563,swim,50,10.960019,548.000937
2,0.01680672268907563,swing,50,10.785984,539.299202
2,0.01680672268907563,table,50,11.042964,552.148217
2,0.01680672268907563,take,50,11.386522,569.326116
2,0.01680672268907563,talk,50,12.011811,600.590574
2,0.01680672268907563,tape,50,11.298915,564.945733
2,0.01680672268907563,taste,50,10.599031,529.951573
2,0.01680672268907563,teacher,50,10.070460,503.522996
2,0.01680672268907563,tear,50,10.693024,534.651182
2,0.01680672268907563,telephone,50,10.606809,530.340438
2,0.01680672268907563,thank,50,11.565999,578.299934
2,0.01680672268907563,that,50,10.505529,525.276474
2,0.01680672268907563,the,50,8.679913,433.995631
2,0.01680672268907563,their,50,11.694418,584.720894
2,0.01680672268907563,them,50,11.390705,569.535232
2,0.01680672268907563,then,50,11.173701,558.685040
2,0.01680672268907563,there,50,11.790767,589.538353
2,0.01680672268907563,these,50,10.530221,526.511068
2,0.01680672268907563,they,50,10.179451,508.972535
2,0.01680672268907563,think,50,11.272289,563.614472
2,0.01680672268907563,thirsty,50,11.368536,568.426782
2,0.01680672268907563,this,50,10.102069,505.103453
2,0.01680672268907563,those,50,11.542169,577.108445
2,0.01680672268907563,throw,50,10.562468,528.123389
2,0.01680672268907563,tickle,50,9.824436,491.221824
2,0.01680672268907563,tiger,50,11.653963,582.698174
2,0.01680672268907563,time,50,10.052740,502.636981
2,0.01680672268907563,tiny,50,11.038436,551.921785
2,0.01680672268907563,tired,50,12.339307,616.965331
2,0.01680672268907563,tissue,50,11.211952,560.597597
2,0.01680672268907563,to,50,11.522422,576.121099
2,0.01680672268907563,toast,50,10.846845,542.342257
2,0.01680672268907563,today,50,11.247278,562.363914
2,0.01680672268907563,tomorrow,50,13.240847,662.042359
2,0.01680672268907563,tongue,50,11.229700,561.485015
2,0.01680672268907563,tonight,50,10.981178,549.058887
2,0.01680672268907563,too,50,10.577044,528.852215
2,0.01680672268907563,tooth,50,10.685297,534.264831
2,0.01680672268907563,toothbrush,50,11.087625,554.381266
2,0.01680672268907563,touch,50,10.436922,521.846101
2,0.01680672268907563,towel,50,11.053816,552.690811
2,0.01680672268907563,tractor,50,10.475373,523.768669
2,0.01680672268907563,train,50,10.301657,515.082852
2,0.01680672268907563,trash,50,10.463778,523.188902
2,0.01680672268907563,tray,50,11.882181,594.109070
2,0.01680672268907563,tree,50,10.621616,531.080795
2,0.01680672268907563,truck,50,11.284098,564.204879
2,0.01680672268907563,try,50,11.594501,579.725060
2,0.01680672268907563,tummy,50,10.579789,528.989466
2,0.01680672268907563,tuna,50,11.161764,558.088197
2,0.01680672268907563,turkey,50,11.275138,563.756915
2,0.01680672268907563,turn,50,11.554857,577.742868
2,0.01680672268907563,turtle,50,10.723676,536.183817
2,0.01680672268907563,tv,50,11.739778,586.988914
2,0.01680672268907563,uh,50,11.040522,552.026119
2,0.01680672268907563,uncle,50,12.211174,610.558707
2,0.01680672268907563,under,50,10.920989,546.049471
2,0.01680672268907563,up,50,11.144199,557.209954
2,0.01680672268907563,us,50,10.635315,531.765763
2,0.01680672268907563,vacuum,50,11.139944,556.997183
2,0.01680672268907563,vanilla,50,10.879985,543.999229
2,0.01680672268907563,wait,50,9.997413,499.870667
2,0.01680672268907563,wake,50,11.420382,571.019106
2,0.01680672268907563,walk,50,11.258479,562.923949
2,0.01680672268907563,walker,12,10.134563,121.614751
2,0.01680672268907563,wanna,50,10.910041,545.502035
2,0.01680672268907563,was,50,11.211376,560.568785
2,0.01680672268907563,wash,50,10.703425,535.171242
2,0.01680672268907563,washing,50,10.603133,530.156658
2,0.01680672268907563,watch,50,11.222691,561.134525
2,0.01680672268907563,water,50,10.556384,527.819207
2,0.01680672268907563,we,50,11.985797,599.289868
2,0.01680672268907563,were,50,10.883846,544.192303
2,0.01680672268907563,wet,50,10.561960,528.098012
2,0.01680672268907563,what,50,11.147146,557.357320
2,0.01680672268907563,when,50,11.161899,558.094928
2,0.01680672268907563,where,50,11.659760,582.987975
2,0.01680672268907563,which,50,11.354572,567.728605
2,0.01680672268907563,white,50,10.682511,534.125552
2,0.01680672268907563,who,50,10.902704,545.135191
2,0.01680672268907563,why,50,11.070543,553.527133
2,0.01680672268907563,will,50,11.636827,581.841371
2,0.01680672268907563,wind,50,10.219567,510.978338
2,0.01680672268907563,window,50,10.724275,536.213748
2,0.01680672268907563,windy,50,10.102941,505.147061
2,0.01680672268907563,wipe,50,11.060107,553.005341
2,0.01680672268907563,wish,50,11.360258,568.012892
2,0.01680672268907563,with,50,11.373070,568.653500
2,0.01680672268907563,wolf,50,11.404383,570.219170
2,0.01680672268907563,woods,48,10.730522,515.065042
2,0.01680672268907563,woof,50,10.145946,507.297313
2,0.01680672268907563,work,50,10.287243,514.362145
2,0.01680672268907563,would,50,10.518580,525.929004
2,0.01680672268907563,write,50,10.503652,525.182611
2,0.01680672268907563,yard,50,10.753413,537.670646
2,0.01680672268907563,yellow,50,10.798509,539.925460
2,0.01680672268907563,yes,50,10.564576,528.228775
2,0.01680672268907563,yesterday,50,11.706001,585.300041
2,0.01680672268907563,yogurt,50,11.326153,566.307642
2,0.01680672268907563,you,50,10.619150,530.957514
2,0.01680672268907563,your,50,9.672353,483.617674
2,0.01680672268907563,yourself,50,10.926573,546.328671
2,0.01680672268907563,yum,50,10.996441,549.822057
2,0.01680672268907563,zebra,50,11.283515,564.175727
2,0.01680672268907563,zipper,40,10.608393,424.335705
2,0.01680672268907563,zoo,50,10.273468,513.673410
3,0.025210084033613446,a,50,10.196114,509.805678
3,0.025210084033613446,about,50,10.612103,530.605136
3,0.025210084033613446,above,50,10.606255,530.312749
3,0.025210084033613446,after,50,11.350644,567.532213
3,0.025210084033613446,airplane,50,11.911152,595.557588
3,0.025210084033613446,all,50,10.833367,541.668347
3,0.025210084033613446,alligator,50,10.109541,505.477057
3,0.025210084033613446,am,50,10.785348,539.267412
3,0.025210084033613446,and,50,11.366382,568.319122
3,0.025210084033613446,animal,50,11.925811,596.290564
3,0.025210084033613446,ankle,5,10.916837,54.584184
3,0.025210084033613446,another,50,10.439039,521.951928
3,0.025210084033613446,any,50,10.609472,530.473587
3,0.025210084033613446,apple,50,11.365015,568.250769
3,0.025210084033613446,are,50,10.439696,521.984791
3,0.025210084033613446,arm,50,12.263510,613.175485
3,0.025210084033613446,around,50,10.358406,517.920276
3,0.025210084033613446,asleep,50,10.965419,548.270933
3,0.025210084033613446,at,50,10.508085,525.404253
3,0.025210084033613446,aunt,42,10.437664,438.381895
3,0.025210084033613446,awake,50,11.998227,599.911360
3,0.025210084033613446,away,50,11.565276,578.263802
3,0.025210084033613446,baby,50,9.871016,493.550804
3,0.025210084033613446,babysitter,11,11.375212,125.127327
3,0.025210084033613446,back,50,12.091552,604.577597
3,0.025210084033613446,backyard,19,10.976744,208.558138
3,0.025210084033613446,bad,50,11.214829,560.741446
3,0.025210084033613446,ball,50,11.871571,593.578528
3,0.025210084033613446,balloon,50,10.939351,546.967564
3,0.025210084033613446,banana,50,11.410594,570.529693
3,0.025210084033613446,basement,26,11.975567,311.364734
3,0.025210084033613446,basket,50,10.454460,522.723001
3,0.025210084033613446,bat,50,11.111127,555.556338
3,0.025210084033613446,bath,50,10.496705,524.835256
3,0.025210084033613446,bathroom,50,11.381287,569.064361
3,0.025210084033613446,bathtub,31,11.108896,344.375782
3,0.025210084033613446,be,50,11.762704,588.135208
3,0.025210084033613446,beach,50,10.343921,517.196035
3,0.025210084033613446,beads,50,11.300012,565.000575
3,0.025210084033613446,beans,50,10.545245,527.262268
3,0.025210084033613446,bear,50,11.378536,568.926806
3,0.025210084033613446,because,50,9.935259,496.762975
3,0.025210084033613446,bed,50,11.116350,555.817476
3,0.025210084033613446,bedroom,50,11.954431,597.721532
3,0.025210084033613446,bee,50,11.581294,579.064684
3,0.025210084033613446,before,50,9.809923,490.496173
3,0.025210084033613446,behind,50,10.130633,506.531667
3,0.025210084033613446,belly,50,10.825106,541.255279
3,0.025210084033613446,belt,50,11.873640,593.682021
3,0.025210084033613446,bench,50,11.736771,586.838533
3,0.025210084033613446,beside,50,10.580307,529.015362
3,0.025210084033613446,better,50,10.227156,511.357780
3,0.025210084033613446,bib,50,10.621895,531.094726
3,0.025210084033613446,bicycle,50,10.992353,549.617673
3,0.025210084033613446,big,50,10.277021,513.851072
3,0.025210084033613446,bird,50,11.662455,583.122756
3,0.025210084033613446,bite,50,11.232733,561.636671
3,0.025210084033613446,black,50,10.893714,544.685694
3,0.025210084033613446,blanket,50,11.135040,556.752021
3,0.025210084033613446,block,50,10.927401,546.370065
3,0.025210084033613446,blow,50,10.737648,536.882382
3,0.025210084033613446,blue,50,11.118809,555.940450
3,0.025210084033613446,boat,50,11.794575,589.728764
3,0.025210084033613446,book,50,10.487198,524.359884
3,0.025210084033613446,boots,50,10.552374,527.618683
3,0.025210084033613446,bottle,50,11.814062,590.703095
3,0.025210084033613446,bowl,50,11.147367,557.368340
3,0.025210084033613446,box,50,10.018332,500.916576
3,0.025210084033613446,boy,50,11.443702,572.185114
3,0.025210084033613446,bread,50,10.729248,536.462394
3,0.025210084033613446,break,50,10.562764,528.138185
3,0.025210084033613446,breakfast,50,11.324933,566.246638
3,0.025210084033613446,bring,50,11.219192,560.959594
3,0.025210084033613446,broken,50,11.423357,571.167866
3,0.025210084033613446,broom,50,10.886957,544.347863
3,0.025210084033613446,brother,50,11.667137,583.356869
3,0.025210084033613446,brown,50,10.860905,543.045254
3,0.025210084033613446,brush,50,11.638017,581.900827
3,0.025210084033613446,bubbles,50,10.928707,546.435348
3,0.025210084033613446,bucket,50,11.331245,566.562229
3,0.025210084033613446,bug,50,11.743084,587.154217
3,0.025210084033613446,build,50,11.670813,583.540653
3,0.025210084033613446,bump,50,10.311100,515.554976
3,0.025210084033613446,bunny,50,11.632934,581.646715
3,0.025210084033613446,bus,50,10.377271,518.863547
3,0.025210084033613446,but,50,11.126530,556.326483
3,0.025210084033613446,butter,50,11.930301,596.515068
3,0.025210084033613446,butterfly,50,11.379709,568.985465
3,0.025210084033613446,button,50,10.782581,539.129040
3,0.025210084033613446,buy,50,11.421374,571.068691
3,0.025210084033613446,by,50,10.909619,545.480941
3,0.025210084033613446,bye,50,10.145403,507.270144
3,0.025210084033613446,cake,50,11.373110,568.655489
3,0.025210084033613446,call,50,11.567349,578.367467
3,0.025210084033613446,camera,50,10.841537,542.076848
3,0.025210084033613446,camping,31,10.923792,338.637544
3,0.025210084033613446,can,50,10.385162,519.258096
3,0.025210084033613446,candy,50,11.253088,562.654395
3,0.025210084033613446,car,50,10.013075,500.653739
3,0.025210084033613446,careful,50,11.043002,552.150109
3,0.025210084033613446,carrots,50,11.492232,574.611604
3,0.025210084033613446,carry,50,11.373930,568.696501
3,0.025210084033613446,cat,50,10.436546,521.827292
3,0.025210084033613446,catch,50,10.676461,533.823058
3,0.025210084033613446,cereal,50,9.987544,499.377222
3,0.025210084033613446,chair,50,11.629697,581.484850
3,0.025210084033613446,chalk,40,11.127902,445.116095
3,0.025210084033613446,chase,49,11.150180,546.358820
3,0.025210084033613446,cheek,35,11.183255,391.413916
3,0.025210084033613446,cheese,50,10.404925,520.246265
3,0.025210084033613446,chicken,50,10.654095,532.704736
3,0.025210084033613446,child,50,10.823944,541.197198
3,0.025210084033613446,chin,50,10.725673,536.283637
3,0.025210084033613446,chocolate,50,11.546507,577.325364
3,0.025210084033613446,choo,50,11.369443,568.472134
3,0.025210084033613446,church,50,10.691672,534.583583
3,0.025210084033613446,circus,50,11.159416,557.970806
3,0.025210084033613446,clap,50,10.952546,547.627299
3,0.025210084033613446,clean,50,10.843819,542.190928
3,0.025210084033613446,climb,50,10.493034,524.651679
3,0.025210084033613446,clock,50,11.638259,581.912929
3,0.025210084033613446,close,50,10.021638,501.081893
3,0.025210084033613446,closet,50,11.684820,584.240994
3,0.025210084033613446,cloud,50,9.622302,481.115107
3,0.025210084033613446,clown,50,10.666378,533.318908
3,0.025210084033613446,coat,50,11.333393,566.669631
3,0.025210084033613446,coffee,50,11.134647,556.732352
3,0.025210084033613446,coke,50,10.593207,529.660334
3,0.025210084033613446,cold,50,11.685463,584.273159
3,0.025210084033613446,comb,50,10.761494,538.074717
3,0.025210084033613446,cook,50,11.957828,597.891399
3,0.025210084033613446,cookie,50,11.767939,588.396943
3,0.025210084033613446,corn,50,10.841801,542.090041
3,0.025210084033613446,couch,50,12.144844,607.242202
3,0.025210084033613446,could,50,10.274244,513.712200
3,0.025210084033613446,country,50,10.759536,537.976784
3,0.025210084033613446,cover,50,11.175820,558.790985
3,0.025210084033613446,cow,50,11.723530,586.176517
3,0.025210084033613446,cowboy,50,10.137836,506.891781
3,0.025210084033613446,cracker,50,11.355958,567.797890
3,0.025210084033613446,crayon,50,11.132800,556.639994
3,0.025210084033613446,crib,50,11.141905,557.095235
3,0.025210084033613446,cry,50,11.160548,558.027388
3,0.025210084033613446,cup,50,11.111915,555.595735
3,0.025210084033613446,cut,50,10.722561,536.128036
3,0.025210084033613446,cute,50,11.309507,565.475332
3,0.025210084033613446,daddy,50,10.523830,526.191490
3,0.025210084033613446,dance,50,11.950010,597.500489
3,0.025210084033613446,dark,50,11.554966,577.748303
3,0.025210084033613446,day,50,11.083788,554.189384
3,0.025210084033613446,deer,50,11.262143,563.107128
3,0.025210084033613446,diaper,50,11.107153,555.357660
3,0.025210084033613446,did,50,9.898588,494.929386
3,0.025210084033613446,dinner,50,11.661048,583.052379
3,0.025210084033613446,dirty,50,10.623191,531.159560
3,0.025210084033613446,dish,50,11.133187,556.659374
3,0.025210084033613446,do,50,10.230129,511.506443
3,0.025210084033613446,doctor,50,10.984931,549.246565
3,0.025210084033613446,does,50,10.738908,536.945395
3,0.025210084033613446,dog,50,11.130767,556.538353
3,0.025210084033613446,doll,50,11.320016,566.000823
3,0.025210084033613446,donkey,50,12.105180,605.259002
3,0.025210084033613446,donut,41,11.100705,455.128908
3,0.025210084033613446,door,50,11.133863,556.693139
3,0.025210084033613446,down,50,11.605494,580.274701
3,0.025210084033613446,downtown,8,11.332204,90.657628
3,0.025210084033613446,draw,50,11.522970,576.148490
3,0.025210084033613446,drawer,50,11.626111,581.305563
3,0.025210084033613446,dress,50,11.437602,571.880113
3,0.025210084033613446,drink,50,10.647184,532.359212
3,0.025210084033613446,drive,50,11.521900,576.094995
3,0.025210084033613446,drop,50,10.994326,549.716317
3,0.025210084033613446,dry,50,10.822981,541.149037
3,0.025210084033613446,dryer,20,11.142923,222.858458
3,0.025210084033613446,duck,50,10.578215,528.910744
3,0.025210084033613446,dump,50,10.900084,545.004203
3,0.025210084033613446,each,50,10.956877,547.843841
3,0.025210084033613446,ear,50,10.540193,527.009670
3,0.025210084033613446,eat,50,10.960171,548.008564
3,0.025210084033613446,egg,50,11.221973,561.098636
3,0.025210084033613446,elephant,50,11.449967,572.498373
3,0.025210084033613446,empty,50,9.632478,481.623897
3,0.025210084033613446,every,50,10.897879,544.893938
3,0.025210084033613446,eye,50,10.249029,512.451468
3,0.025210084033613446,face,50,11.037459,551.872934
3,0.025210084033613446,fall,50,10.895453,544.772657
3,0.025210084033613446,farm,50,11.182883,559.144161
3,0.025210084033613446,fast,50,10.576992,528.849582
3,0.025210084033613446,feed,50,9.994049,499.702435
3,0.025210084033613446,find,50,11.880826,594.041287
3,0.025210084033613446,fine,50,11.125701,556.285070
3,0.025210084033613446,finger,50,10.799422,539.971115
3,0.025210084033613446,finish,50,11.407319,570.365941
3,0.025210084033613446,first,50,10.689832,534.491612
3,0.025210084033613446,fish,50,11.051350,552.567480
3,0.025210084033613446,fit,50,11.360629,568.031472
3,0.025210084033613446,fix,50,11.450520,572.526004
3,0.025210084033613446,flag,50,11.018934,550.946683
3,0.025210084033613446,flower,50,10.942490,547.124484
3,0.025210084033613446,food,50,11.125562,556.278090
3,0.025210084033613446,foot,50,11.605332,580.266579
3,0.025210084033613446,for,50,10.983770,549.188518
3,0.025210084033613446,fork,50,10.182267,509.113333
3,0.025210084033613446,french,50,10.879050,543.952485
3,0.025210084033613446,friend,50,12.084867,604.243347
3,0.025210084033613446,frog,50,11.100203,555.010153
3,0.025210084033613446,full,50,11.507531,575.376527
3,0.025210084033613446,game,50,10.384554,519.227724
3,0.025210084033613446,garage,50,10.830894,541.544687
3,0.025210084033613446,garbage,50,10.872454,543.622721
3,0.025210084033613446,garden,50,11.580288,579.014402
3,0.025210084033613446,gas,50,10.549919,527.495943
3,0.025210084033613446,gentle,50,11.130913,556.545635
3,0.025210084033613446,get,50,10.380809,519.040444
3,0.025210084033613446,giraffe,50,11.697496,584.874784
3,0.025210084033613446,girl,50,10.228246,511.412291
3,0.025210084033613446,give,50,10.695320,534.765993
3,0.025210084033613446,glass,50,10.803931,540.196562
3,0.025210084033613446,glasses,50,11.562222,578.111096
3,0.025210084033613446,gloves,50,10.509175,525.458751
3,0.025210084033613446,glue,50,10.204181,510.209025
3,0.025210084033613446,go,50,10.452905,522.645247
3,0.025210084033613446,good,50,9.799782,489.989099
3,0.025210084033613446,goose,50,10.140362,507.018089
3,0.025210084033613446,grandma,50,11.346967,567.348370
3,0.025210084033613446,grandpa,45,11.084574,498.805850
3,0.025210084033613446,grapes,50,11.640437,582.021843
3,0.025210084033613446,grass,50,10.034154,501.707709
3,0.025210084033613446,green,50,10.510540,525.526989
3,0.025210084033613446,gum,50,10.579445,528.972266
3,0.025210084033613446,hair,50,10.854505,542.725236
3,0.025210084033613446,hamburger,50,10.565068,528.253386
3,0.025210084033613446,hammer,50,11.082148,554.107380
3,0.025210084033613446,hand,50,10.895025,544.751253
3,0.025210084033613446,happy,50,11.527863,576.393128
3,0.025210084033613446,hard,50,11.368721,568.436067
3,0.025210084033613446,hat,50,11.201364,560.068184
3,0.025210084033613446,hate,50,11.473199,573.659931
3,0.025210084033613446,have,50,9.422581,471.129058
3,0.025210084033613446,he,50,10.627504,531.375205
3,0.025210084033613446,head,50,11.306731,565.336575
3,0.025210084033613446,hear,50,10.673675,533.683769
3,0.025210084033613446,heavy,50,11.119263,555.963142
3,0.025210084033613446,helicopter,50,11.549112,577.455590
3,0.025210084033613446,hello,50,10.870986,543.549322
3,0.025210084033613446,help,50,11.998267,599.913361
3,0.025210084033613446,her,50,10.658613,532.930639
3,0.025210084033613446,here,50,10.380222,519.011081
3,0.025210084033613446,hi,50,11.123793,556.189670
3,0.025210084033613446,hide,50,11.525950,576.297481
3,0.025210084033613446,high,50,10.594883,529.744168
3,0.025210084033613446,him,50,11.094493,554.724667
3,0.025210084033613446,his,50,10.819796,540.989810
3,0.025210084033613446,hit,50,10.643219,532.160942
3,0.025210084033613446,hold,50,11.348134,567.406695
3,0.025210084033613446,home,50,11.982541,599.127029
3,0.025210084033613446,horse,50,11.335267,566.763371
3,0.025210084033613446,hose,50,12.304412,615.220612
3,0.025210084033613446,hot,50,11.917693,595.884666
3,0.025210084033613446,house,50,9.877260,493.862992
3,0.025210084033613446,how,50,10.768755,538.437755
3,0.025210084033613446,hug,50,11.645209,582.260471
3,0.025210084033613446,hungry,50,11.619133,580.956666
3,0.025210084033613446,hurry,50,11.270092,563.504623
3,0.025210084033613446,hurt,50,10.272834,513.641711
3,0.025210084033613446,i,50,9.962002,498.100089
3,0.025210084033613446,ice,50,11.255572,562.778621
3,0.025210084033613446,if,50,10.247983,512.399165
3,0.025210084033613446,inside,50,10.831419,541.570971
3,0.025210084033613446,into,50,11.290380,564.518989
3,0.025210084033613446,is,50,11.122608,556.130409
3,0.025210084033613446,it,50,10.539346,526.967285
3,0.025210084033613446,jacket,50,11.281510,564.075501
3,0.025210084033613446,jar,50,11.364565,568.228267
3,0.025210084033613446,jeans,16,11.817034,189.072538
3,0.025210084033613446,jelly,50,11.218641,560.932026
3,0.025210084033613446,juice,50,11.233068,561.653393
3,0.025210084033613446,jump,50,10.532328,526.616384
3,0.025210084033613446,keys,50,11.026083,551.304131
3,0.025210084033613446,kick,50,10.476661,523.833032
3,0.025210084033613446,kiss,50,10.329938,516.496914
3,0.025210084033613446,kitchen,50,10.439686,521.984302
3,0.025210084033613446,kitty,50,10.631184,531.559187
3,0.025210084033613446,knee,50,11.600674,580.033688
3,0.025210084033613446,knife,50,10.987918,549.395894
3,0.025210084033613446,knock,50,10.974136,548.706809
3,0.025210084033613446,ladder,50,11.461719,573.085936
3,0.025210084033613446,lady,50,11.578477,578.923869
3,0.025210084033613446,lamb,50,10.029868,501.493378
3,0.025210084033613446,lamp,50,11.273734,563.686701
3,0.025210084033613446,last,50,10.782251,539.112571
3,0.025210084033613446,later,50,10.806906,540.345317
3,0.025210084033613446,lawn,37,10.996286,406.862564
3,0.025210084033613446,leg,50,11.568413,578.420644
3,0.025210084033613446,lick,50,10.475583,523.779144
3,0.025210084033613446,light,50,11.604456,580.222808
3,0.025210084033613446,like,50,10.555545,527.777240
3,0.025210084033613446,lion,50,11.576148,578.807390
3,0.025210084033613446,lips,50,12.283068,614.153419
3,0.025210084033613446,listen,50,11.298514,564.925717
3,0.025210084033613446,little,50,10.439657,521.982853
3,0.025210084033613446,living,50,11.440455,572.022732
3,0.025210084033613446,lollipop,50,11.468683,573.434149
3,0.025210084033613446,long,50,10.446887,522.344353
3,0.025210084033613446,look,50,10.955614,547.780700
3,0.025210084033613446,loud,50,11.143114,557.155713
3,0.025210084033613446,love,50,11.206895,560.344731
3,0.025210084033613446,lunch,50,10.392126,519.606300
3,0.025210084033613446,mad,50,10.069398,503.469911
3,0.025210084033613446,make,50,10.993952,549.697589
3,0.025210084033613446,man,50,11.722926,586.146279
3,0.025210084033613446,me,50,11.448057,572.402848
3,0.025210084033613446,meat,50,10.352309,517.615448
3,0.025210084033613446,medicine,50,11.162176,558.108798
3,0.025210084033613446,milk,50,11.308534,565.426681
3,0.025210084033613446,mine,50,10.412128,520.606380
3,0.025210084033613446,mommy,50,11.888367,594.418337
3,0.025210084033613446,money,50,12.343115,617.155739
3,0.025210084033613446,monkey,50,10.167228,508.361395
3,0.025210084033613446,moo,50,11.272296,563.614800
3,0.025210084033613446,moon,50,10.851402,542.570122
3,0.025210084033613446,moose,32,10.488250,335.624007
3,0.025210084033613446,mop,40,11.267295,450.691807
3,0.025210084033613446,more,50,10.746263,537.313146
3,0.025210084033613446,morning,50,10.875979,543.798959
3,0.025210084033613446,motorcycle,50,10.834872,541.743587
3,0.025210084033613446,mouse,50,11.361951,568.097526
3,0.025210084033613446,mouth,50,10.401462,520.073078
3,0.025210084033613446,movie,50,11.073425,553.671273
3,0.025210084033613446,much,50,10.322187,516.109334
3,0.025210084033613446,muffin,50,11.988890,599.444483
3,0.025210084033613446,my,50,10.716151,535.807557
3,0.025210084033613446,myself,50,10.413378,520.668889
3,0.025210084033613446,nail,50,12.418561,620.928050
3,0.025210084033613446,nap,50,10.186457,509.322835
3,0.025210084033613446,napkin,50,10.608358,530.417924
3,0.025210084033613446,naughty,50,10.726965,536.348233
3,0.025210084033613446,necklace,50,11.512254,575.612690
3,0.025210084033613446,need,50,11.288163,564.408144
3,0.025210084033613446,new,50,10.981092,549.054600
3,0.025210084033613446,next,50,10.897662,544.883121
3,0.025210084033613446,nice,50,10.319755,515.987733
3,0.025210084033613446,night,50,10.839655,541.982754
3,0.025210084033613446,no,50,9.876616,493.830806
3,0.025210084033613446,noisy,50,11.186952,559.347618
3,0.025210084033613446,none,50,10.681648,534.082416
3,0.025210084033613446,noodles,50,11.052834,552.641721
3,0.025210084033613446,nose,50,11.010117,550.505858
3,0.025210084033613446,not,50,11.830054,591.502687
3,0.025210084033613446,now,50,11.608097,580.404869
3,0.025210084033613446,nurse,50,11.216682,560.834084
3,0.025210084033613446,nuts,50,12.244920,612.246010
3,0.025210084033613446,of,50,11.276500,563.825000
3,0.025210084033613446,off,50,10.495270,524.763504
3,0.025210084033613446,old,50,10.696700,534.835000
3,0.025210084033613446,on,50,10.036688,501.834407
3,0.025210084033613446,open,50,11.770597,588.529842
3,0.025210084033613446,orange,50,10.874645,543.732248
3,0.025210084033613446,other,50,10.767252,538.362590
3,0.025210084033613446,ouch,50,10.974597,548.729874
3,0.025210084033613446,our,50,10.456700,522.835011
3,0.025210084033613446,out,50,11.236186,561.809285
3,0.025210084033613446,outside,50,10.882031,544.101560
3,0.025210084033613446,oven,50,11.783524,589.176213
3,0.025210084033613446,over,50,11.071043,553.552145
3,0.025210084033613446,owl,50,10.519922,525.996090
3,0.025210084033613446,paint,50,11.550869,577.543440
3,0.025210084033613446,pajamas,50,11.020943,551.047170
3,0.025210084033613446,pancake,46,11.001748,506.080423
3,0.025210084033613446,pants,50,11.103681,555.184074
3,0.025210084033613446,paper,50,10.980190,549.009492
3,0.025210084033613446,park,50,10.233690,511.684483
3,0.025210084033613446,party,50,10.707188,535.359406
3,0.025210084033613446,peanut,50,10.949791,547.489568
3,0.025210084033613446,peas,50,10.427017,521.350845
3,0.025210084033613446,pen,50,10.670436,533.521781
3,0.025210084033613446,pencil,50,10.699216,534.960781
3,0.025210084033613446,penguin,50,10.478734,523.936691
3,0.025210084033613446,penis,18,9.821215,176.781865
3,0.025210084033613446,penny,50,11.910822,595.541091
3,0.025210084033613446,people,50,11.376255,568.812741
3,0.025210084033613446,person,50,11.284547,564.227365
3,0.025210084033613446,pick,50,11.087228,554.361409
3,0.025210084033613446,pickle,50,11.388057,569.402865
3,0.025210084033613446,picnic,50,11.530072,576.503618
3,0.025210084033613446,picture,50,11.352415,567.620748
3,0.025210084033613446,pig,50,11.087348,554.367420
3,0.025210084033613446,pillow,50,10.392722,519.636122
3,0.025210084033613446,pizza,50,11.696954,584.847714
3,0.025210084033613446,plant,50,11.358106,567.905276
3,0.025210084033613446,plate,50,11.540758,577.037893
3,0.025210084033613446,play,50,10.698691,534.934550
3,0.025210084033613446,playground,22,11.863641,261.000112
3,0.025210084033613446,please,50,11.746844,587.342197
3,0.025210084033613446,police,50,11.976928,598.846393
3,0.025210084033613446,pony,50,10.060263,503.013125
3,0.025210084033613446,pool,50,10.390437,519.521848
3,0.025210084033613446,poor,50,10.159791,507.989526
3,0.025210084033613446,popcorn,50,10.882786,544.139288
3,0.025210084033613446,popsicle,31,10.834494,335.869324
3,0.025210084033613446,porch,31,11.141687,345.392290
3,0.025210084033613446,potato,50,11.693383,584.669133
3,0.025210084033613446,pour,50,11.408296,570.414777
3,0.025210084033613446,present,50,10.972332,548.616623
3,0.025210084033613446,pretend,50,10.461485,523.074235
3,0.025210084033613446,pretty,50,10.138875,506.943734
3,0.025210084033613446,pretzel,50,11.700576,585.028818
3,0.025210084033613446,pudding,50,11.029448,551.472384
3,0.025210084033613446,pull,50,11.700119,585.005926
3,0.025210084033613446,pumpkin,50,10.946532,547.326592
3,0.025210084033613446,puppy,50,10.916905,545.845227
3,0.025210084033613446,purse,50,10.395562,519.778090
3,0.025210084033613446,push,50,11.169372,558.468575
3,0.025210084033613446,put,50,11.694932,584.746589
3,0.025210084033613446,puzzle,50,11.160736,558.036777
3,0.025210084033613446,quack,50,11.133281,556.664042
3,0.025210084033613446,quiet,50,10.940167,547.008329
3,0.025210084033613446,radio,50,11.617418,580.870878
3,0.025210084033613446,rain,50,10.944481,547.224044
3,0.025210084033613446,raisin,43,11.659188,501.345104
3,0.025210084033613446,read,50,11.758511,587.925554
3,0.025210084033613446,red,50,10.354634,517.731688
3,0.025210084033613446,refrigerator,50,10.985025,549.251245
3,0.025210084033613446,ride,50,11.162086,558.104293
3,0.025210084033613446,rip,50,10.874373,543.718654
3,0.025210084033613446,rock,50,11.043152,552.157586
3,0.025210084033613446,rocking,50,11.850960,592.547995
3,0.025210084033613446,roof,50,10.691686,534.584279
3,0.025210084033613446,room,50,10.717685,535.884231
3,0.025210084033613446,rooster,50,10.894522,544.726080
3,0.025210084033613446,run,50,10.928042,546.402101
3,0.025210084033613446,sad,50,10.966480,548.323996
3,0.025210084033613446,salt,50,11.013399,550.669938
3,0.025210084033613446,same,50,11.124677,556.233837
3,0.025210084033613446,sandwich,50,11.763790,588.189525
3,0.025210084033613446,sauce,50,11.010221,550.511053
3,0.025210084033613446,say,50,11.019899,550.994931
3,0.025210084033613446,scared,50,11.558059,577.902952
3,0.025210084033613446,scarf,50,10.925434,546.271688
3,0.025210084033613446,school,50,11.653598,582.679893
3,0.025210084033613446,scissors,50,11.334727,566.736364
3,0.025210084033613446,see,50,10.223771,511.188562
3,0.025210084033613446,shake,50,11.247720,562.386004
3,0.025210084033613446,share,50,10.996490,549.824494
3,0.025210084033613446,she,50,11.322814,566.140691
3,0.025210084033613446,sheep,50,9.822888,491.144395
3,0.025210084033613446,shh,50,11.310575,565.528755
3,0.025210084033613446,shirt,50,11.468900,573.445010
3,0.025210084033613446,shoe,50,11.157705,557.885255
3,0.025210084033613446,shopping,50,11.642886,582.144292
3,0.025210084033613446,shorts,50,11.010175,550.508755
3,0.025210084033613446,shoulder,50,10.842055,542.102762
3,0.025210084033613446,shovel,50,11.316833,565.841642
3,0.025210084033613446,show,50,11.741256,587.062787
3,0.025210084033613446,shower,50,10.683521,534.176067
3,0.025210084033613446,sick,50,11.512782,575.639090
3,0.025210084033613446,sidewalk,19,11.504503,218.585550
3,0.025210084033613446,sing,50,10.723925,536.196256
3,0.025210084033613446,sink,50,11.957855,597.892767
3,0.025210084033613446,sister,50,10.954548,547.727386
3,0.025210084033613446,sit,50,11.418284,570.914207
3,0.025210084033613446,skate,13,9.674990,125.774875
3,0.025210084033613446,sky,50,10.885439,544.271939
3,0.025210084033613446,sled,22,11.297454,248.543997
3,0.025210084033613446,sleep,50,11.187437,559.371840
3,0.025210084033613446,sleepy,50,10.868197,543.409844
3,0.025210084033613446,slide,50,11.000964,550.048192
3,0.025210084033613446,slipper,50,11.084764,554.238218
3,0.025210084033613446,slow,50,12.165323,608.266137
3,0.025210084033613446,smile,50,11.565427,578.271325
3,0.025210084033613446,snack,50,10.793155,539.657746
3,0.025210084033613446,snow,50,11.147412,557.370591
3,0.025210084033613446,so,50,10.311695,515.584753
3,0.025210084033613446,soap,50,11.308851,565.442556
3,0.025210084033613446,sock,50,11.497198,574.859918
3,0.025210084033613446,soda,50,9.205960,460.297988
3,0.025210084033613446,sofa,50,10.527846,526.392318
3,0.025210084033613446,soft,50,10.236091,511.804573
3,0.025210084033613446,some,50,12.365563,618.278174
3,0.025210084033613446,soup,50,11.695981,584.799050
3,0.025210084033613446,spill,50,9.955430,497.771505
3,0.025210084033613446,splash,50,12.103196,605.159787
3,0.025210084033613446,spoon,50,9.505712,475.285585
3,0.025210084033613446,sprinkler,13,11.320927,147.172053
3,0.025210084033613446,squirrel,50,11.528044,576.402217
3,0.025210084033613446,stairs,50,11.878878,593.943875
3,0.025210084033613446,stand,50,11.411828,570.591424
3,0.025210084033613446,star,50,10.560288,528.014423
3,0.025210084033613446,stay,50,9.933984,496.699184
3,0.025210084033613446,stick,50,11.079553,553.977641
3,0.025210084033613446,sticky,50,10.577853,528.892640
3,0.025210084033613446,stone,50,10.526935,526.346753
3,0.025210084033613446,stop,50,12.112007,605.600369
3,0.025210084033613446,store,50,11.484243,574.212166
3,0.025210084033613446,story,50,11.785806,589.290293
3,0.025210084033613446,stove,50,11.495297,574.764845
3,0.025210084033613446,strawberry,50,10.112206,505.610314
3,0.025210084033613446,street,50,11.341045,567.052251
3,0.025210084033613446,stroller,50,10.706784,535.339218
3,0.025210084033613446,stuck,50,11.814955,590.747770
3,0.025210084033613446,sun,50,10.748091,537.404563
3,0.025210084033613446,sweater,50,10.747084,537.354183
3,0.025210084033613446,sweep,50,11.202814,560.140688
3,0.025210084033613446,swim,50,10.763319,538.165947
3,0.025210084033613446,swing,50,10.683771,534.188574
3,0.025210084033613446,table,50,10.794199,539.709969
3,0.025210084033613446,take,50,10.851176,542.558817
3,0.025210084033613446,talk,50,11.924331,596.216568
3,0.025210084033613446,tape,50,10.146670,507.333494
3,0.025210084033613446,taste,50,10.587718,529.385902
3,0.025210084033613446,teacher,50,10.430510,521.525524
3,0.025210084033613446,tear,50,10.651517,532.575841
3,0.025210084033613446,telephone,50,10.878566,543.928296
3,0.025210084033613446,thank,50,11.632365,581.618227
3,0.025210084033613446,that,50,10.630886,531.544282
3,0.025210084033613446,the,50,9.155009,457.750440
3,0.025210084033613446,their,50,11.332636,566.631804
3,0.025210084033613446,them,50,11.072423,553.621157
3,0.025210084033613446,then,50,10.530713,526.535632
3,0.025210084033613446,there,50,11.070988,553.549391
3,0.025210084033613446,these,50,10.626327,531.316353
3,0.025210084033613446,they,50,10.413760,520.687991
3,0.025210084033613446,think,50,11.246892,562.344603
3,0.025210084033613446,thirsty,50,11.624403,581.220168
3,0.025210084033613446,this,50,10.105550,505.277522
3,0.025210084033613446,those,50,11.090266,554.513322
3,0.025210084033613446,throw,50,10.867777,543.388863
3,0.025210084033613446,tickle,50,10.121627,506.081347
3,0.025210084033613446,tiger,50,11.344435,567.221745
3,0.025210084033613446,time,50,10.349739,517.486955
3,0.025210084033613446,tiny,50,10.892612,544.630596
3,0.025210084033613446,tired,50,12.215304,610.765211
3,0.025210084033613446,tissue,50,10.612087,530.604327
3,0.025210084033613446,to,50,11.111141,555.557057
3,0.025210084033613446,toast,50,10.795519,539.775952
3,0.025210084033613446,today,50,11.174956,558.747817
3,0.025210084033613446,tomorrow,50,12.166116,608.305810
3,0.025210084033613446,tongue,50,11.699769,584.988435
3,0.025210084033613446,tonight,50,10.640238,532.011917
3,0.025210084033613446,too,50,10.095850,504.792476
3,0.025210084033613446,tooth,50,10.817283,540.864164
3,0.025210084033613446,toothbrush,50,11.246865,562.343251
3,0.025210084033613446,touch,50,10.286639,514.331944
3,0.025210084033613446,towel,50,10.908706,545.435279
3,0.025210084033613446,tractor,50,11.142298,557.114884
3,0.025210084033613446,train,50,9.930920,496.545982
3,0.025210084033613446,trash,50,10.640996,532.049779
3,0.025210084033613446,tray,50,11.178483,558.924139
3,0.025210084033613446,tree,50,10.336447,516.822371
3,0.025210084033613446,truck,50,11.863378,593.168881
3,0.025210084033613446,try,50,12.052881,602.644059
3,0.025210084033613446,tummy,50,10.277566,513.878323
3,0.025210084033613446,tuna,50,11.273705,563.685243
3,0.025210084033613446,turkey,50,10.938708,546.935412
3,0.025210084033613446,turn,50,10.862487,543.124354
3,0.025210084033613446,turtle,50,10.636910,531.845510
3,0.025210084033613446,tv,50,11.562225,578.111233
3,0.025210084033613446,uh,50,11.109215,555.460751
3,0.025210084033613446,uncle,50,11.446773,572.338656
3,0.025210084033613446,under,50,11.188688,559.434397
3,0.025210084033613446,up,50,10.955899,547.794932
3,0.025210084033613446,us,50,10.192462,509.623121
3,0.025210084033613446,vacuum,50,11.371551,568.577561
3,0.025210084033613446,vanilla,50,11.094206,554.710279
3,0.025210084033613446,wait,50,10.070061,503.503041
3,0.025210084033613446,wake,50,11.739649,586.982443
3,0.025210084033613446,walk,50,11.567616,578.380788
3,0.025210084033613446,walker,12,10.308957,123.707486
3,0.025210084033613446,wanna,50,10.244825,512.241232
3,0.025210084033613446,was,50,11.642110,582.105487
3,0.025210084033613446,wash,50,10.386163,519.308125
3,0.025210084033613446,washing,50,10.957247,547.862370
3,0.025210084033613446,watch,50,10.820319,541.015944
3,0.025210084033613446,water,50,10.110136,505.506821
3,0.025210084033613446,we,50,11.794105,589.705231
3,0.025210084033613446,were,50,10.448573,522.428644
3,0.025210084033613446,wet,50,11.198103,559.905143
3,0.025210084033613446,what,50,11.263643,563.182141
3,0.025210084033613446,when,50,10.609540,530.476985
3,0.025210084033613446,where,50,10.604935,530.246739
3,0.025210084033613446,which,50,10.889381,544.469051
3,0.025210084033613446,white,50,10.771312,538.565603
3,0.025210084033613446,who,50,11.193484,559.674201
3,0.025210084033613446,why,50,10.650484,532.524194
3,0.025210084033613446,will,50,11.957207,597.860344
3,0.025210084033613446,wind,50,10.571585,528.579237
3,0.025210084033613446,window,50,10.792762,539.638092
3,0.025210084033613446,windy,50,10.604663,530.233167
3,0.025210084033613446,wipe,50,11.060170,553.008521
3,0.025210084033613446,wish,50,10.313100,515.654977
3,0.025210084033613446,with,50,11.253518,562.675880
3,0.025210084033613446,wolf,50,11.584331,579.216531
3,0.025210084033613446,woods,48,10.764306,516.686678
3,0.025210084033613446,woof,50,10.177039,508.851950
3,0.025210084033613446,work,50,10.308301,515.415054
3,0.025210084033613446,would,50,10.256207,512.810374
3,0.025210084033613446,write,50,10.469548,523.477425
3,0.025210084033613446,yard,50,10.784831,539.241530
3,0.025210084033613446,yellow,50,10.518085,525.904263
3,0.025210084033613446,yes,50,9.732388,486.619382
3,0.025210084033613446,yesterday,50,11.768154,588.407701
3,0.025210084033613446,yogurt,50,10.623808,531.190391
3,0.025210084033613446,you,50,9.666944,483.347179
3,0.025210084033613446,your,50,9.416116,470.805823
3,0.025210084033613446,yourself,50,10.685615,534.280745
3,0.025210084033613446,yum,50,10.408444,520.422193
3,0.025210084033613446,zebra,50,10.490476,524.523814
3,0.025210084033613446,zipper,40,10.365116,414.604647
3,0.025210084033613446,zoo,50,11.439286,571.964298
4,0.03361344537815126,a,50,9.914558,495.727898
4,0.03361344537815126,about,50,10.019801,500.990028
4,0.03361344537815126,above,50,10.854450,542.722511
4,0.03361344537815126,after,50,11.192212,559.610622
4,0.03361344537815126,airplane,50,11.754273,587.713636
4,0.03361344537815126,all,50,10.646222,532.311084
4,0.03361344537815126,alligator,50,10.129191,506.459541
4,0.03361344537815126,am,50,11.327835,566.391763
4,0.03361344537815126,and,50,10.638404,531.920192
4,0.03361344537815126,animal,50,12.001557,600.077831
4,0.03361344537815126,ankle,5,11.003155,55.015775
4,0.03361344537815126,another,50,10.271137,513.556835
4,0.03361344537815126,any,50,9.991396,499.569785
4,0.03361344537815126,apple,50,11.464769,573.238445
4,0.03361344537815126,are,50,10.689018,534.450903
4,0.03361344537815126,arm,50,11.907082,595.354097
4,0.03361344537815126,around,50,10.004935,500.246743
4,0.03361344537815126,asleep,50,11.076329,553.816435
4,0.03361344537815126,at,50,10.812769,540.638457
4,0.03361344537815126,aunt,42,10.907373,458.109679
4,0.03361344537815126,awake,50,11.829457,591.472836
4,0.03361344537815126,away,50,12.041699,602.084962
4,0.03361344537815126,baby,50,9.652038,482.601878
4,0.03361344537815126,babysitter,11,11.324502,124.569517
4,0.03361344537815126,back,50,11.741340,587.066997
4,0.03361344537815126,backyard,19,11.173922,212.304523
4,0.03361344537815126,bad,50,11.552129,577.606463
4,0.03361344537815126,ball,50,11.161499,558.074945
4,0.03361344537815126,balloon,50,10.671072,533.553600
4,0.03361344537815126,banana,50,11.471008,573.550387
4,0.03361344537815126,basement,26,11.888010,309.088261
4,0.03361344537815126,basket,50,10.342734,517.136691
4,0.03361344537815126,bat,50,11.068442,553.422078
4,0.03361344537815126,bath,50,10.302904,515.145202
4,0.03361344537815126,bathroom,50,11.221142,561.057101
4,0.03361344537815126,bathtub,31,11.250798,348.774739
4,0.03361344537815126,be,50,12.078922,603.946095
4,0.03361344537815126,beach,50,10.470537,523.526828
4,0.03361344537815126,beads,50,11.255436,562.771814
4,0.03361344537815126,beans,50,10.353276,517.663820
4,0.03361344537815126,bear,50,11.546986,577.349287
4,0.03361344537815126,because,50,9.867019,493.350925
4,0.03361344537815126,bed,50,11.485758,574.287917
4,0.03361344537815126,bedroom,50,11.658293,582.914646
4,0.03361344537815126,bee,50,11.324253,566.212646
4,0.03361344537815126,before,50,10.373818,518.690922
4,0.03361344537815126,behind,50,10.058831,502.941535
4,0.03361344537815126,belly,50,10.719267,535.963372
4,0.03361344537815126,belt,50,11.666802,583.340087
4,0.03361344537815126,bench,50,12.014071,600.703546
4,0.03361344537815126,beside,50,10.903350,545.167494
4,0.03361344537815126,better,50,10.606879,530.343971
4,0.03361344537815126,bib,50,10.537040,526.852001
4,0.03361344537815126,bicycle,50,11.206963,560.348133
4,0.03361344537815126,big,50,10.019780,500.988997
4,0.03361344537815126,bird,50,11.901565,595.078237
4,0.03361344537815126,bite,50,10.748379,537.418953
4,0.03361344537815126,black,50,11.342159,567.107933
4,0.03361344537815126,blanket,50,11.162086,558.104284
4,0.03361344537815126,block,50,11.558151,577.907557
4,0.03361344537815126,blow,50,10.362149,518.107465
4,0.03361344537815126,blue,50,10.853759,542.687961
4,0.03361344537815126,boat,50,11.647007,582.350364
4,0.03361344537815126,book,50,10.532479,526.623961
4,0.03361344537815126,boots,50,10.259436,512.971808
4,0.03361344537815126,bottle,50,11.444798,572.239878
4,0.03361344537815126,bowl,50,11.274961,563.748047
4,0.03361344537815126,box,50,9.873294,493.664690
4,0.03361344537815126,boy,50,11.081620,554.081017
4,0.03361344537815126,bread,50,10.140255,507.012734
4,0.03361344537815126,break,50,10.864932,543.246605
4,0.03361344537815126,breakfast,50,10.977747,548.887342
4,0.03361344537815126,bring,50,10.497768,524.888403
4,0.03361344537815126,broken,50,11.697456,584.872788
4,0.03361344537815126,broom,50,10.811775,540.588752
4,0.03361344537815126,brother,50,11.237872,561.893608
4,0.03361344537815126,brown,50,11.271873,563.593653
4,0.03361344537815126,brush,50,10.888123,544.406173
4,0.03361344537815126,bubbles,50,11.220047,561.002369
4,0.03361344537815126,bucket,50,11.332670,566.633508
4,0.03361344537815126,bug,50,11.535266,576.763293
4,0.03361344537815126,build,50,11.152984,557.649202
4,0.03361344537815126,bump,50,10.411018,520.550895
4,0.03361344537815126,bunny,50,11.116558,555.827902
4,0.03361344537815126,bus,50,10.562569,528.128468
4,0.03361344537815126,but,50,10.603092,530.154609
4,0.03361344537815126,butter,50,12.455468,622.773419
4,0.03361344537815126,butterfly,50,11.528353,576.417655
4,0.03361344537815126,button,50,10.901896,545.094805
4,0.03361344537815126,buy,50,11.819381,590.969053
4,0.03361344537815126,by,50,10.523304,526.165181
4,0.03361344537815126,bye,50,10.485178,524.258885
4,0.03361344537815126,cake,50,12.323512,616.175591
4,0.03361344537815126,call,50,11.711347,585.567352
4,0.03361344537815126,camera,50,11.028270,551.413515
4,0.03361344537815126,camping,31,11.007018,341.217565
4,0.03361344537815126,can,50,9.413500,470.675004
4,0.03361344537815126,candy,50,11.898081,594.904035
4,0.03361344537815126,car,50,10.057727,502.886354
4,0.03361344537815126,careful,50,10.799309,539.965454
4,0.03361344537815126,carrots,50,10.922169,546.108469
4,0.03361344537815126,carry,50,11.556047,577.802351
4,0.03361344537815126,cat,50,10.543756,527.187800
4,0.03361344537815126,catch,50,11.301670,565.083501
4,0.03361344537815126,cereal,50,10.485324,524.266175
4,0.03361344537815126,chair,50,11.095822,554.791119
4,0.03361344537815126,chalk,40,11.104414,444.176543
4,0.03361344537815126,chase,49,10.661576,522.417242
4,0.03361344537815126,cheek,35,11.889791,416.142677
4,0.03361344537815126,cheese,50,10.805433,540.271660
4,0.03361344537815126,chicken,50,10.645598,532.279912
4,0.03361344537815126,child,50,11.118028,555.901419
4,0.03361344537815126,chin,50,10.986430,549.321508
4,0.03361344537815126,chocolate,50,11.446462,572.323097
4,0.03361344537815126,choo,50,11.443083,572.154147
4,0.03361344537815126,church,50,10.748093,537.404666
4,0.03361344537815126,circus,50,10.908477,545.423847
4,0.03361344537815126,clap,50,10.539195,526.959742
4,0.03361344537815126,clean,50,10.215085,510.754240
4,0.03361344537815126,climb,50,10.145404,507.270189
4,0.03361344537815126,clock,50,11.550820,577.540998
4,0.03361344537815126,close,50,10.100647,505.032367
4,0.03361344537815126,closet,50,11.675110,583.755497
4,0.03361344537815126,cloud,50,10.082598,504.129889
4,0.03361344537815126,clown,50,10.972744,548.637176
4,0.03361344537815126,coat,50,11.193666,559.683295
4,0.03361344537815126,coffee,50,10.939464,546.973205
4,0.03361344537815126,coke,50,11.123318,556.165884
4,0.03361344537815126,cold,50,12.203350,610.167490
4,0.03361344537815126,comb,50,10.653430,532.671497
4,0.03361344537815126,cook,50,11.443511,572.175550
4,0.03361344537815126,cookie,50,11.739266,586.963303
4,0.03361344537815126,corn,50,10.560704,528.035201
4,0.03361344537815126,couch,50,12.494017,624.700863
4,0.03361344537815126,could,50,10.327126,516.356319
4,0.03361344537815126,country,50,10.857125,542.856238
4,0.03361344537815126,cover,50,10.658560,532.928016
4,0.03361344537815126,cow,50,10.999864,549.993176
4,0.03361344537815126,cowboy,50,10.337980,516.899018
4,0.03361344537815126,cracker,50,11.469991,573.499545
4,0.03361344537815126,crayon,50,11.316910,565.845509
4,0.03361344537815126,crib,50,11.218091,560.904571
4,0.03361344537815126,cry,50,10.689956,534.497783
4,0.03361344537815126,cup,50,10.709590,535.479517
4,0.03361344537815126,cut,50,10.604019,530.200942
4,0.03361344537815126,cute,50,11.087167,554.358355
4,0.03361344537815126,daddy,50,10.921860,546.093017
4,0.03361344537815126,dance,50,12.677663,633.883170
4,0.03361344537815126,dark,50,11.570528,578.526377
4,0.03361344537815126,day,50,11.148636,557.431787
4,0.03361344537815126,deer,50,11.068509,553.425440
4,0.03361344537815126,diaper,50,11.074196,553.709803
4,0.03361344537815126,did,50,10.588383,529.419127
4,0.03361344537815126,dinner,50,11.744283,587.214140
4,0.03361344537815126,dirty,50,10.114409,505.720448
4,0.03361344537815126,dish,50,11.711378,585.568921
4,0.03361344537815126,do,50,10.073879,503.693929
4,0.03361344537815126,doctor,50,11.076894,553.844681
4,0.03361344537815126,does,50,9.970688,498.534406
4,0.03361344537815126,dog,50,11.113081,555.654073
4,0.03361344537815126,doll,50,11.695146,584.757304
4,0.03361344537815126,donkey,50,11.942540,597.127016
4,0.03361344537815126,donut,41,11.001545,451.063351
4,0.03361344537815126,door,50,11.959758,597.987923
4,0.03361344537815126,down,50,11.319967,565.998336
4,0.03361344537815126,downtown,8,11.317046,90.536365
4,0.03361344537815126,draw,50,10.853175,542.658767
4,0.03361344537815126,drawer,50,11.776935,588.846726
4,0.03361344537815126,dress,50,11.622207,581.110339
4,0.03361344537815126,drink,50,10.647589,532.379464
4,0.03361344537815126,drive,50,11.269223,563.461148
4,0.03361344537815126,drop,50,10.658014,532.900695
4,0.03361344537815126,dry,50,11.179751,558.987538
4,0.03361344537815126,dryer,20,11.229643,224.592869
4,0.03361344537815126,duck,50,10.728240,536.411984
4,0.03361344537815126,dump,50,10.495898,524.794897
4,0.03361344537815126,each,50,10.270359,513.517974
4,0.03361344537815126,ear,50,10.864056,543.202820
4,0.03361344537815126,eat,50,11.041366,552.068292
4,0.03361344537815126,egg,50,10.960038,548.001919
4,0.03361344537815126,elephant,50,11.204119,560.205946
4,0.03361344537815126,empty,50,9.917266,495.863306
4,0.03361344537815126,every,50,10.894417,544.720860
4,0.03361344537815126,eye,50,10.242219,512.110933
4,0.03361344537815126,face,50,10.937242,546.862120
4,0.03361344537815126,fall,50,11.070335,553.516768
4,0.03361344537815126,farm,50,11.411257,570.562851
4,0.03361344537815126,fast,50,10.548176,527.408808
4,0.03361344537815126,feed,50,10.548271,527.413568
4,0.03361344537815126,find,50,11.716233,585.811669
4,0.03361344537815126,fine,50,10.942213,547.110668
4,0.03361344537815126,finger,50,10.797053,539.852671
4,0.03361344537815126,finish,50,11.036324,551.816175
4,0.03361344537815126,first,50,10.655234,532.761687
4,0.03361344537815126,fish,50,10.797055,539.852740
4,0.03361344537815126,fit,50,11.676025,583.801236
4,0.03361344537815126,fix,50,11.374160,568.708018
4,0.03361344537815126,flag,50,11.250092,562.504583
4,0.03361344537815126,flower,50,10.843688,542.184410
4,0.03361344537815126,food,50,11.412221,570.611029
4,0.03361344537815126,foot,50,11.454614,572.730680
4,0.03361344537815126,for,50,10.610901,530.545033
4,0.03361344537815126,fork,50,9.774218,488.710886
4,0.03361344537815126,french,50,10.573478,528.673881
4,0.03361344537815126,friend,50,11.027546,551.377289
4,0.03361344537815126,frog,50,10.404509,520.225451
4,0.03361344537815126,full,50,11.828437,591.421828
4,0.03361344537815126,game,50,10.188582,509.429083
4,0.03361344537815126,garage,50,10.694676,534.733788
4,0.03361344537815126,garbage,50,11.044542,552.227096
4,0.03361344537815126,garden,50,11.809481,590.474047
4,0.03361344537815126,gas,50,11.269978,563.498890
4,0.03361344537815126,gentle,50,11.080777,554.038843
4,0.03361344537815126,get,50,10.491497,524.574828
4,0.03361344537815126,giraffe,50,11.373631,568.681571
4,0.03361344537815126,girl,50,10.241898,512.094913
4,0.03361344537815126,give,50,10.680892,534.044585
4,0.03361344537815126,glass,50,11.015364,550.768225
4,0.03361344537815126,glasses,50,11.259612,562.980589
4,0.03361344537815126,gloves,50,10.574224,528.711210
4,0.03361344537815126,glue,50,10.015235,500.761736
4,0.03361344537815126,go,50,10.017257,500.862839
4,0.03361344537815126,good,50,9.759673,487.983635
4,0.03361344537815126,goose,50,10.265213,513.260640
4,0.03361344537815126,grandma,50,11.364920,568.245995
4,0.03361344537815126,grandpa,45,10.678005,480.510235
4,0.03361344537815126,grapes,50,11.628046,581.402278
4,0.03361344537815126,grass,50,10.434196,521.709806
4,0.03361344537815126,green,50,10.972451,548.622562
4,0.03361344537815126,gum,50,10.822432,541.121575
4,0.03361344537815126,hair,50,10.923454,546.172724
4,0.03361344537815126,hamburger,50,11.545289,577.264455
4,0.03361344537815126,hammer,50,10.757750,537.887488
4,0.03361344537815126,hand,50,10.415094,520.754681
4,0.03361344537815126,happy,50,11.709927,585.496332
4,0.03361344537815126,hard,50,10.862663,543.133172
4,0.03361344537815126,hat,50,11.459522,572.976089
4,0.03361344537815126,hate,50,12.084900,604.245017
4,0.03361344537815126,have,50,9.232654,461.632697
4,0.03361344537815126,he,50,10.456970,522.848519
4,0.03361344537815126,head,50,10.761122,538.056095
4,0.03361344537815126,hear,50,10.495121,524.756032
4,0.03361344537815126,heavy,50,11.137649,556.882436
4,0.03361344537815126,helicopter,50,11.224149,561.207463
4,0.03361344537815126,hello,50,10.642760,532.138016
4,0.03361344537815126,help,50,11.908926,595.446295
4,0.03361344537815126,her,50,10.827984,541.399220
4,0.03361344537815126,here,50,10.434862,521.743100
4,0.03361344537815126,hi,50,11.125555,556.277749
4,0.03361344537815126,hide,50,11.613733,580.686658
4,0.03361344537815126,high,50,10.592626,529.631278
4,0.03361344537815126,him,50,10.633931,531.696551
4,0.03361344537815126,his,50,10.859380,542.969012
4,0.03361344537815126,hit,50,11.157495,557.874768
4,0.03361344537815126,hold,50,11.335859,566.792957
4,0.03361344537815126,home,50,11.388309,569.415453
4,0.03361344537815126,horse,50,10.974325,548.716264
4,0.03361344537815126,hose,50,12.183403,609.170161
4,0.03361344537815126,hot,50,11.551330,577.566521
4,0.03361344537815126,house,50,9.531064,476.553187
4,0.03361344537815126,how,50,11.529207,576.460329
4,0.03361344537815126,hug,50,11.206441,560.322058
4,0.03361344537815126,hungry,50,11.126755,556.337745
4,0.03361344537815126,hurry,50,11.461248,573.062384
4,0.03361344537815126,hurt,50,10.255594,512.779679
4,0.03361344537815126,i,50,10.541092,527.054585
4,0.03361344537815126,ice,50,11.493326,574.666309
4,0.03361344537815126,if,50,10.848490,542.424507
4,0.03361344537815126,inside,50,10.521166,526.058307
4,0.03361344537815126,into,50,11.116330,555.816483
4,0.03361344537815126,is,50,10.928914,546.445688
4,0.03361344537815126,it,50,10.141700,507.084989
4,0.03361344537815126,jacket,50,11.042421,552.121048
4,0.03361344537815126,jar,50,11.624148,581.207412
4,0.03361344537815126,jeans,16,11.023286,176.372568
4,0.03361344537815126,jelly,50,10.723277,536.163870
4,0.03361344537815126,juice,50,10.276829,513.841443
4,0.03361344537815126,jump,50,10.558833,527.941667
4,0.03361344537815126,keys,50,10.649400,532.470019
4,0.03361344537815126,kick,50,11.088991,554.449559
4,0.03361344537815126,kiss,50,10.120007,506.000358
4,0.03361344537815126,kitchen,50,10.952826,547.641319
4,0.03361344537815126,kitty,50,10.201091,510.054536
4,0.03361344537815126,knee,50,11.710361,585.518059
4,0.03361344537815126,knife,50,10.759705,537.985244
4,0.03361344537815126,knock,50,11.159083,557.954169
4,0.03361344537815126,ladder,50,11.501463,575.073134
4,0.03361344537815126,lady,50,11.527889,576.394431
4,0.03361344537815126,lamb,50,9.458696,472.934813
4,0.03361344537815126,lamp,50,11.321877,566.093859
4,0.03361344537815126,last,50,10.610630,530.531514
4,0.03361344537815126,later,50,10.198174,509.908699
4,0.03361344537815126,lawn,37,11.341547,419.637230
4,0.03361344537815126,leg,50,11.961965,598.098272
4,0.03361344537815126,lick,50,10.931533,546.576637
4,0.03361344537815126,light,50,11.454729,572.736459
4,0.03361344537815126,like,50,10.434274,521.713684
4,0.03361344537815126,lion,50,11.210919,560.545947
4,0.03361344537815126,lips,50,12.543561,627.178047
4,0.03361344537815126,listen,50,11.646231,582.311542
4,0.03361344537815126,little,50,11.270848,563.542423
4,0.03361344537815126,living,50,10.783132,539.156587
4,0.03361344537815126,lollipop,50,11.159127,557.956367
4,0.03361344537815126,long,50,10.418033,520.901670
4,0.03361344537815126,look,50,10.743954,537.197716
4,0.03361344537815126,loud,50,10.944219,547.210927
4,0.03361344537815126,love,50,11.141045,557.052228
4,0.03361344537815126,lunch,50,10.031046,501.552281
4,0.03361344537815126,mad,50,10.038850,501.942525
4,0.03361344537815126,make,50,11.099253,554.962659
4,0.03361344537815126,man,50,11.439520,571.975979
4,0.03361344537815126,me,50,10.967375,548.368749
4,0.03361344537815126,meat,50,11.159889,557.994427
4,0.03361344537815126,medicine,50,11.084170,554.208493
4,0.03361344537815126,milk,50,11.568331,578.416563
4,0.03361344537815126,mine,50,10.404018,520.200895
4,0.03361344537815126,mommy,50,11.710077,585.503863
4,0.03361344537815126,money,50,12.298584,614.929177
4,0.03361344537815126,monkey,50,9.713774,485.688679
4,0.03361344537815126,moo,50,11.521561,576.078044
4,0.03361344537815126,moon,50,10.946353,547.317660
4,0.03361344537815126,moose,32,10.806979,345.823343
4,0.03361344537815126,mop,40,11.549328,461.973129
4,0.03361344537815126,more,50,10.622764,531.138219
4,0.03361344537815126,morning,50,11.177875,558.893759
4,0.03361344537815126,motorcycle,50,11.093888,554.694383
4,0.03361344537815126,mouse,50,11.512105,575.605256
4,0.03361344537815126,mouth,50,10.255164,512.758192
4,0.03361344537815126,movie,50,11.736529,586.826435
4,0.03361344537815126,much,50,10.721296,536.064789
4,0.03361344537815126,muffin,50,11.768374,588.418691
4,0.03361344537815126,my,50,10.468996,523.449783
4,0.03361344537815126,myself,50,10.726030,536.301479
4,0.03361344537815126,nail,50,12.400265,620.013246
4,0.03361344537815126,nap,50,9.942035,497.101741
4,0.03361344537815126,napkin,50,11.135036,556.751815
4,0.03361344537815126,naughty,50,10.291023,514.551128
4,0.03361344537815126,necklace,50,11.928369,596.418460
4,0.03361344537815126,need,50,11.562287,578.114346
4,0.03361344537815126,new,50,11.042119,552.105926
4,0.03361344537815126,next,50,10.810241,540.512042
4,0.03361344537815126,nice,50,10.007957,500.397850
4,0.03361344537815126,night,50,10.395245,519.762258
4,0.03361344537815126,no,50,9.828879,491.443931
4,0.03361344537815126,noisy,50,11.594262,579.713097
4,0.03361344537815126,none,50,10.712739,535.636930
4,0.03361344537815126,noodles,50,10.536284,526.814182
4,0.03361344537815126,nose,50,11.285818,564.290879
4,0.03361344537815126,not,50,11.509182,575.459084
4,0.03361344537815126,now,50,11.201276,560.063812
4,0.03361344537815126,nurse,50,11.040795,552.039747
4,0.03361344537815126,nuts,50,12.322558,616.127918
4,0.03361344537815126,of,50,11.409538,570.476907
4,0.03361344537815126,off,50,10.356033,517.801665
4,0.03361344537815126,old,50,10.159316,507.965789
4,0.03361344537815126,on,50,10.252095,512.604749
4,0.03361344537815126,open,50,11.525519,576.275938
4,0.03361344537815126,orange,50,10.783889,539.194432
4,0.03361344537815126,other,50,10.221909,511.095427
4,0.03361344537815126,ouch,50,11.171936,558.596803
4,0.03361344537815126,our,50,10.820017,541.000839
4,0.03361344537815126,out,50,11.186823,559.341147
4,0.03361344537815126,outside,50,10.321144,516.057210
4,0.03361344537815126,oven,50,11.647569,582.378439
4,0.03361344537815126,over,50,11.066066,553.303285
4,0.03361344537815126,owl,50,10.247828,512.391382
4,0.03361344537815126,paint,50,11.545878,577.293878
4,0.03361344537815126,pajamas,50,11.025774,551.288710
4,0.03361344537815126,pancake,46,11.180201,514.289266
4,0.03361344537815126,pants,50,10.843833,542.191670
4,0.03361344537815126,paper,50,10.938822,546.941106
4,0.03361344537815126,park,50,10.137928,506.896415
4,0.03361344537815126,party,50,11.123770,556.188515
4,0.03361344537815126,peanut,50,11.429955,571.497774
4,0.03361344537815126,peas,50,10.306938,515.346910
4,0.03361344537815126,pen,50,10.689700,534.484999
4,0.03361344537815126,pencil,50,10.747930,537.396476
4,0.03361344537815126,penguin,50,10.800086,540.004280
4,0.03361344537815126,penis,18,10.438683,187.896291
4,0.03361344537815126,penny,50,11.905423,595.271158
4,0.03361344537815126,people,50,11.047318,552.365925
4,0.03361344537815126,person,50,11.095280,554.763980
4,0.03361344537815126,pick,50,11.544497,577.224849
4,0.03361344537815126,pickle,50,11.162471,558.123571
4,0.03361344537815126,picnic,50,11.521346,576.067309
4,0.03361344537815126,picture,50,11.027282,551.364082
4,0.03361344537815126,pig,50,10.880208,544.010393
4,0.03361344537815126,pillow,50,10.417895,520.894756
4,0.03361344537815126,pizza,50,11.664746,583.237288
4,0.03361344537815126,plant,50,11.204251,560.212556
4,0.03361344537815126,plate,50,11.918489,595.924441
4,0.03361344537815126,play,50,10.444753,522.237649
4,0.03361344537815126,playground,22,11.865012,261.030257
4,0.03361344537815126,please,50,11.175017,558.750870
4,0.03361344537815126,police,50,11.845200,592.260006
4,0.03361344537815126,pony,50,10.196612,509.830600
4,0.03361344537815126,pool,50,11.191764,559.588180
4,0.03361344537815126,poor,50,10.103323,505.166155
4,0.03361344537815126,popcorn,50,11.425001,571.250055
4,0.03361344537815126,popsicle,31,10.625445,329.388802
4,0.03361344537815126,porch,31,10.663210,330.559521
4,0.03361344537815126,potato,50,11.225106,561.255312
4,0.03361344537815126,pour,50,11.754809,587.740454
4,0.03361344537815126,present,50,11.317288,565.864404
4,0.03361344537815126,pretend,50,10.482862,524.143109
4,0.03361344537815126,pretty,50,9.765019,488.250965
4,0.03361344537815126,pretzel,50,11.214501,560.725034
4,0.03361344537815126,pudding,50,10.975761,548.788054
4,0.03361344537815126,pull,50,11.849313,592.465649
4,0.03361344537815126,pumpkin,50,10.937123,546.856126
4,0.03361344537815126,puppy,50,11.202218,560.110882
4,0.03361344537815126,purse,50,10.444084,522.204214
4,0.03361344537815126,push,50,11.553855,577.692741
4,0.03361344537815126,put,50,11.409188,570.459394
4,0.03361344537815126,puzzle,50,11.278464,563.923179
4,0.03361344537815126,quack,50,10.929276,546.463796
4,0.03361344537815126,quiet,50,11.075947,553.797358
4,0.03361344537815126,radio,50,11.171822,558.591077
4,0.03361344537815126,rain,50,10.768911,538.445538
4,0.03361344537815126,raisin,43,11.562110,497.170743
4,0.03361344537815126,read,50,11.699879,584.993954
4,0.03361344537815126,red,50,10.447273,522.363660
4,0.03361344537815126,refrigerator,50,11.006299,550.314937
4,0.03361344537815126,ride,50,11.095533,554.776669
4,0.03361344537815126,rip,50,10.973133,548.656672
4,0.03361344537815126,rock,50,10.650948,532.547396
4,0.03361344537815126,rocking,50,11.959597,597.979839
4,0.03361344537815126,roof,50,10.461848,523.092381
4,0.03361344537815126,room,50,10.775280,538.764014
4,0.03361344537815126,rooster,50,11.492783,574.639139
4,0.03361344537815126,run,50,10.344220,517.211024
4,0.03361344537815126,sad,50,11.091677,554.583852
4,0.03361344537815126,salt,50,10.876365,543.818248
4,0.03361344537815126,same,50,11.011860,550.592984
4,0.03361344537815126,sandwich,50,11.716617,585.830848
4,0.03361344537815126,sauce,50,10.975594,548.779707
4,0.03361344537815126,say,50,10.348813,517.440635
4,0.03361344537815126,scared,50,11.082092,554.104601
4,0.03361344537815126,scarf,50,10.819127,540.956352
4,0.03361344537815126,school,50,11.595858,579.792902
4,0.03361344537815126,scissors,50,10.703301,535.165028
4,0.03361344537815126,see,50,10.110730,505.536499
4,0.03361344537815126,shake,50,11.179123,558.956144
4,0.03361344537815126,share,50,11.115384,555.769197
4,0.03361344537815126,she,50,11.108740,555.436995
4,0.03361344537815126,sheep,50,9.490139,474.506942
4,0.03361344537815126,shh,50,11.662617,583.130871
4,0.03361344537815126,shirt,50,10.986242,549.312114
4,0.03361344537815126,shoe,50,11.342656,567.132813
4,0.03361344537815126,shopping,50,12.171706,608.585292
4,0.03361344537815126,shorts,50,11.339348,566.967408
4,0.03361344537815126,shoulder,50,10.448939,522.446974
4,0.03361344537815126,shovel,50,11.003060,550.153022
4,0.03361344537815126,show,50,11.642774,582.138724
4,0.03361344537815126,shower,50,11.006224,550.311183
4,0.03361344537815126,sick,50,10.945024,547.251184
4,0.03361344537815126,sidewalk,19,10.817181,205.526445
4,0.03361344537815126,sing,50,11.695266,584.763306
4,0.03361344537815126,sink,50,11.744231,587.211571
4,0.03361344537815126,sister,50,10.958852,547.942611
4,0.03361344537815126,sit,50,11.174469,558.723472
4,0.03361344537815126,skate,13,10.273570,133.556414
4,0.03361344537815126,sky,50,10.993253,549.662663
4,0.03361344537815126,sled,22,11.527740,253.610281
4,0.03361344537815126,sleep,50,11.639080,581.954001
4,0.03361344537815126,sleepy,50,10.713366,535.668281
4,0.03361344537815126,slide,50,10.933871,546.693528
4,0.03361344537815126,slipper,50,10.965422,548.271093
4,0.03361344537815126,slow,50,12.280353,614.017656
4,0.03361344537815126,smile,50,11.604219,580.210972
4,0.03361344537815126,snack,50,11.006611,550.330564
4,0.03361344537815126,snow,50,11.084747,554.237345
4,0.03361344537815126,so,50,10.682522,534.126115
4,0.03361344537815126,soap,50,11.195366,559.768284
4,0.03361344537815126,sock,50,11.741325,587.066260
4,0.03361344537815126,soda,50,9.552599,477.629943
4,0.03361344537815126,sofa,50,10.954186,547.709284
4,0.03361344537815126,soft,50,10.512876,525.643778
4,0.03361344537815126,some,50,12.087811,604.390540
4,0.03361344537815126,soup,50,11.989234,599.461703
4,0.03361344537815126,spill,50,10.265550,513.277511
4,0.03361344537815126,splash,50,12.416972,620.848599
4,0.03361344537815126,spoon,50,10.006365,500.318259
4,0.03361344537815126,sprinkler,13,11.331074,147.303960
4,0.03361344537815126,squirrel,50,11.989203,599.460137
4,0.03361344537815126,stairs,50,11.480184,574.009203
4,0.03361344537815126,stand,50,11.677033,583.851663
4,0.03361344537815126,star,50,10.602789,530.139433
4,0.03361344537815126,stay,50,9.457751,472.887556
4,0.03361344537815126,stick,50,11.252869,562.643458
4,0.03361344537815126,sticky,50,10.701097,535.054828
4,0.03361344537815126,stone,50,10.823920,541.196017
4,0.03361344537815126,stop,50,12.392603,619.630127
4,0.03361344537815126,store,50,12.062175,603.108735
4,0.03361344537815126,story,50,11.819648,590.982412
4,0.03361344537815126,stove,50,11.242363,562.118160
4,0.03361344537815126,strawberry,50,10.238807,511.940331
4,0.03361344537815126,street,50,11.098311,554.915566
4,0.03361344537815126,stroller,50,10.713323,535.666154
4,0.03361344537815126,stuck,50,11.782069,589.103440
4,0.03361344537815126,sun,50,11.218779,560.938936
4,0.03361344537815126,sweater,50,10.136697,506.834832
4,0.03361344537815126,sweep,50,10.867484,543.374216
4,0.03361344537815126,swim,50,10.662865,533.143257
4,0.03361344537815126,swing,50,10.573835,528.691762
4,0.03361344537815126,table,50,11.187764,559.388175
4,0.03361344537815126,take,50,10.837435,541.871772
4,0.03361344537815126,talk,50,12.519067,625.953356
4,0.03361344537815126,tape,50,10.766089,538.304449
4,0.03361344537815126,taste,50,10.157311,507.865552
4,0.03361344537815126,teacher,50,9.866250,493.312520
4,0.03361344537815126,tear,50,10.682388,534.119401
4,0.03361344537815126,telephone,50,10.527431,526.371565
4,0.03361344537815126,thank,50,11.301320,565.065991
4,0.03361344537815126,that,50,10.467404,523.370212
4,0.03361344537815126,the,50,8.929612,446.480579
4,0.03361344537815126,their,50,10.711427,535.571365
4,0.03361344537815126,them,50,10.902751,545.137561
4,0.03361344537815126,then,50,10.607722,530.386110
4,0.03361344537815126,there,50,10.750845,537.542266
4,0.03361344537815126,these,50,10.537715,526.885729
4,0.03361344537815126,they,50,9.688321,484.416025
4,0.03361344537815126,think,50,10.965135,548.256735
4,0.03361344537815126,thirsty,50,11.518805,575.940239
4,0.03361344537815126,this,50,10.070356,503.517794
4,0.03361344537815126,those,50,11.297196,564.859799
4,0.03361344537815126,throw,50,10.584511,529.225569
4,0.03361344537815126,tickle,50,10.304480,515.224021
4,0.03361344537815126,tiger,50,11.808575,590.428774
4,0.03361344537815126,time,50,10.034460,501.723001
4,0.03361344537815126,tiny,50,10.968498,548.424901
4,0.03361344537815126,tired,50,12.261868,613.093410
4,0.03361344537815126,tissue,50,10.612431,530.621542
4,0.03361344537815126,to,50,11.138944,556.947210
4,0.03361344537815126,toast,50,10.987890,549.394497
4,0.03361344537815126,today,50,11.260743,563.037148
4,0.03361344537815126,tomorrow,50,12.532745,626.637264
4,0.03361344537815126,tongue,50,10.907111,545.355568
4,0.03361344537815126,tonight,50,10.816168,540.808418
4,0.03361344537815126,too,50,10.781738,539.086893
4,0.03361344537815126,tooth,50,10.192268,509.613391
4,0.03361344537815126,toothbrush,50,11.531875,576.593742
4,0.03361344537815126,touch,50,10.523277,526.163873
4,0.03361344537815126,towel,50,10.758956,537.947818
4,0.03361344537815126,tractor,50,10.769532,538.476613
4,0.03361344537815126,train,50,9.827348,491.367382
4,0.03361344537815126,trash,50,10.884821,544.241040
4,0.03361344537815126,tray,50,11.301544,565.077200
4,0.03361344537815126,tree,50,10.531178,526.558916
4,0.03361344537815126,truck,50,10.983317,549.165842
4,0.03361344537815126,try,50,11.770780,588.539012
4,0.03361344537815126,tummy,50,10.088008,504.400412
4,0.03361344537815126,tuna,50,11.015502,550.775100
4,0.03361344537815126,turkey,50,10.962454,548.122691
4,0.03361344537815126,turn,50,10.940350,547.017515
4,0.03361344537815126,turtle,50,10.511267,525.563339
4,0.03361344537815126,tv,50,11.535617,576.780841
4,0.03361344537815126,uh,50,10.979666,548.983293
4,0.03361344537815126,uncle,50,12.006006,600.300296
4,0.03361344537815126,under,50,11.182307,559.115355
4,0.03361344537815126,up,50,10.855554,542.777687
4,0.03361344537815126,us,50,10.198085,509.904229
4,0.03361344537815126,vacuum,50,11.486065,574.303266
4,0.03361344537815126,vanilla,50,11.526233,576.311637
4,0.03361344537815126,wait,50,9.893982,494.699100
4,0.03361344537815126,wake,50,10.846685,542.334260
4,0.03361344537815126,walk,50,11.447069,572.353438
4,0.03361344537815126,walker,12,10.269271,123.231256
4,0.03361344537815126,wanna,50,10.019523,500.976132
4,0.03361344537815126,was,50,11.018954,550.947702
4,0.03361344537815126,wash,50,11.205589,560.279432
4,0.03361344537815126,washing,50,10.920918,546.045891
4,0.03361344537815126,watch,50,10.664259,533.212945
4,0.03361344537815126,water,50,9.932475,496.623768
4,0.03361344537815126,we,50,11.720317,586.015825
4,0.03361344537815126,were,50,10.550031,527.501564
4,0.03361344537815126,wet,50,10.485645,524.282229
4,0.03361344537815126,what,50,10.894719,544.735957
4,0.03361344537815126,when,50,10.632476,531.623777
4,0.03361344537815126,where,50,10.975974,548.798703
4,0.03361344537815126,which,50,11.112142,555.607086
4,0.03361344537815126,white,50,11.024332,551.216619
4,0.03361344537815126,who,50,10.734022,536.701088
4,0.03361344537815126,why,50,10.874095,543.704747
4,0.03361344537815126,will,50,11.591900,579.594990
4,0.03361344537815126,wind,50,10.461789,523.089451
4,0.03361344537815126,window,50,10.856781,542.839058
4,0.03361344537815126,windy,50,10.487310,524.365504
4,0.03361344537815126,wipe,50,11.198570,559.928522
4,0.03361344537815126,wish,50,11.051183,552.559174
4,0.03361344537815126,with,50,10.896062,544.803089
4,0.03361344537815126,wolf,50,11.280171,564.008560
4,0.03361344537815126,woods,48,10.624954,509.997777
4,0.03361344537815126,woof,50,9.993033,499.651649
4,0.03361344537815126,work,50,10.015585,500.779259
4,0.03361344537815126,would,50,10.232200,511.609992
4,0.03361344537815126,write,50,9.957579,497.878957
4,0.03361344537815126,yard,50,10.599925,529.996244
4,0.03361344537815126,yellow,50,10.642208,532.110416
4,0.03361344537815126,yes,50,9.844813,492.240661
4,0.03361344537815126,yesterday,50,11.324484,566.224209
4,0.03361344537815126,yogurt,50,10.949568,547.478417
4,0.03361344537815126,you,50,9.100081,455.004067
4,0.03361344537815126,your,50,9.443330,472.166494
4,0.03361344537815126,yourself,50,10.735292,536.764586
4,0.03361344537815126,yum,50,10.769323,538.466167
4,0.03361344537815126,zebra,50,10.589785,529.489255
4,0.03361344537815126,zipper,40,10.592335,423.693385
4,0.03361344537815126,zoo,50,10.657976,532.898777
6,0.05042016806722689,a,50,9.567888,478.394423
6,0.05042016806722689,about,50,10.250126,512.506316
6,0.05042016806722689,above,50,11.081576,554.078811
6,0.05042016806722689,after,50,11.072950,553.647507
6,0.05042016806722689,airplane,50,11.054269,552.713431
6,0.05042016806722689,all,50,11.361734,568.086684
6,0.05042016806722689,alligator,50,11.010804,550.540177
6,0.05042016806722689,am,50,11.188807,559.440364
6,0.05042016806722689,and,50,11.214518,560.725892
6,0.05042016806722689,animal,50,11.155644,557.782208
6,0.05042016806722689,ankle,5,11.221348,56.106741
6,0.05042016806722689,another,50,10.713288,535.664384
6,0.05042016806722689,any,50,10.018207,500.910342
6,0.05042016806722689,apple,50,11.494931,574.746541
6,0.05042016806722689,are,50,10.490645,524.532247
6,0.05042016806722689,arm,50,11.728518,586.425895
6,0.05042016806722689,around,50,10.290452,514.522585
6,0.05042016806722689,asleep,50,11.169291,558.464572
6,0.05042016806722689,at,50,10.971871,548.593530
6,0.05042016806722689,aunt,42,10.908889,458.173336
6,0.05042016806722689,awake,50,11.387655,569.382753
6,0.05042016806722689,away,50,11.901377,595.068858
6,0.05042016806722689,baby,50,10.500003,525.000133
6,0.05042016806722689,babysitter,11,11.332282,124.655102
6,0.05042016806722689,back,50,10.486773,524.338655
6,0.05042016806722689,backyard,19,11.450566,217.560757
6,0.05042016806722689,bad,50,11.663620,583.180997
6,0.05042016806722689,ball,50,10.743498,537.174919
6,0.05042016806722689,balloon,50,10.998828,549.941376
6,0.05042016806722689,banana,50,11.043464,552.173218
6,0.05042016806722689,basement,26,11.189596,290.929483
6,0.05042016806722689,basket,50,10.645077,532.253845
6,0.05042016806722689,bat,50,11.033758,551.687885
6,0.05042016806722689,bath,50,10.674147,533.707335
6,0.05042016806722689,bathroom,50,10.758364,537.918217
6,0.05042016806722689,bathtub,31,11.640416,360.852908
6,0.05042016806722689,be,50,11.778832,588.941622
6,0.05042016806722689,beach,50,11.003798,550.189911
6,0.05042016806722689,beads,50,11.619720,580.985979
6,0.05042016806722689,beans,50,10.236975,511.848755
6,0.05042016806722689,bear,50,11.799542,589.977094
6,0.05042016806722689,because,50,9.659071,482.953537
6,0.05042016806722689,bed,50,11.658014,582.900714
6,0.05042016806722689,bedroom,50,11.144641,557.232029
6,0.05042016806722689,bee,50,11.395912,569.795610
6,0.05042016806722689,before,50,10.602897,530.144836
6,0.05042016806722689,behind,50,10.248693,512.434654
6,0.05042016806722689,belly,50,11.499368,574.968417
6,0.05042016806722689,belt,50,11.781318,589.065921
6,0.05042016806722689,bench,50,11.358065,567.903256
6,0.05042016806722689,beside,50,10.954708,547.735395
6,0.05042016806722689,better,50,11.219714,560.985683
6,0.05042016806722689,bib,50,10.223974,511.198710
6,0.05042016806722689,bicycle,50,11.353142,567.657098
6,0.05042016806722689,big,50,11.002662,550.133099
6,0.05042016806722689,bird,50,10.732256,536.612823
6,0.05042016806722689,bite,50,10.978724,548.936218
6,0.05042016806722689,black,50,11.667608,583.380391
6,0.05042016806722689,blanket,50,11.658110,582.905504
6,0.05042016806722689,block,50,11.921851,596.092562
6,0.05042016806722689,blow,50,10.978061,548.903038
6,0.05042016806722689,blue,50,10.076830,503.841513
6,0.05042016806722689,boat,50,11.584797,579.239848
6,0.05042016806722689,book,50,10.058005,502.900266
6,0.05042016806722689,boots,50,10.244444,512.222193
6,0.05042016806722689,bottle,50,11.132262,556.613105
6,0.05042016806722689,bowl,50,11.429708,571.485398
6,0.05042016806722689,box,50,9.754977,487.748846
6,0.05042016806722689,boy,50,10.548603,527.430167
6,0.05042016806722689,bread,50,9.732435,486.621755
6,0.05042016806722689,break,50,10.910566,545.528277
6,0.05042016806722689,breakfast,50,10.655872,532.793607
6,0.05042016806722689,bring,50,11.167608,558.380383
6,0.05042016806722689,broken,50,11.311678,565.583876
6,0.05042016806722689,broom,50,10.257183,512.859152
6,0.05042016806722689,brother,50,11.369982,568.499110
6,0.05042016806722689,brown,50,10.772013,538.600628
6,0.05042016806722689,brush,50,10.725918,536.295887
6,0.05042016806722689,bubbles,50,11.136911,556.845567
6,0.05042016806722689,bucket,50,11.099162,554.958113
6,0.05042016806722689,bug,50,11.553861,577.693049
6,0.05042016806722689,build,50,10.817600,540.880022
6,0.05042016806722689,bump,50,10.498526,524.926275
6,0.05042016806722689,bunny,50,10.615400,530.769982
6,0.05042016806722689,bus,50,10.286863,514.343148
6,0.05042016806722689,but,50,10.224211,511.210546
6,0.05042016806722689,butter,50,12.228463,611.423128
6,0.05042016806722689,butterfly,50,11.502447,575.122329
6,0.05042016806722689,button,50,10.865254,543.262693
6,0.05042016806722689,buy,50,11.676133,583.806655
6,0.05042016806722689,by,50,10.154320,507.715992
6,0.05042016806722689,bye,50,10.830878,541.543915
6,0.05042016806722689,cake,50,12.363639,618.181944
6,0.05042016806722689,call,50,12.099213,604.960670
6,0.05042016806722689,camera,50,11.102369,555.118469
6,0.05042016806722689,camping,31,11.500869,356.526933
6,0.05042016806722689,can,50,9.108763,455.438126
6,0.05042016806722689,candy,50,12.436641,621.832026
6,0.05042016806722689,car,50,10.145742,507.287090
6,0.05042016806722689,careful,50,10.839149,541.957427
6,0.05042016806722689,carrots,50,10.299415,514.970732
6,0.05042016806722689,carry,50,11.096980,554.849002
6,0.05042016806722689,cat,50,10.792973,539.648653
6,0.05042016806722689,catch,50,10.827542,541.377112
6,0.05042016806722689,cereal,50,11.418718,570.935900
6,0.05042016806722689,chair,50,11.212184,560.609203
6,0.05042016806722689,chalk,40,10.976923,439.076923
6,0.05042016806722689,chase,49,10.654148,522.053252
6,0.05042016806722689,cheek,35,12.693972,444.289010
6,0.05042016806722689,cheese,50,11.256904,562.845191
6,0.05042016806722689,chicken,50,10.475050,523.752502
6,0.05042016806722689,child,50,11.021940,551.096985
6,0.05042016806722689,chin,50,11.031273,551.563656
6,0.05042016806722689,chocolate,50,11.424274,571.213720
6,0.05042016806722689,choo,50,10.966050,548.302500
6,0.05042016806722689,church,50,10.977129,548.856468
6,0.05042016806722689,circus,50,10.909358,545.467907
6,0.05042016806722689,clap,50,11.269966,563.498309
6,0.05042016806722689,clean,50,10.723321,536.166038
6,0.05042016806722689,climb,50,10.228753,511.437639
6,0.05042016806722689,clock,50,11.297223,564.861140
6,0.05042016806722689,close,50,10.510477,525.523831
6,0.05042016806722689,closet,50,11.322080,566.103994
6,0.05042016806722689,cloud,50,10.437358,521.867885
6,0.05042016806722689,clown,50,11.373034,568.651707
6,0.05042016806722689,coat,50,10.839133,541.956649
6,0.05042016806722689,coffee,50,11.153492,557.674599
6,0.05042016806722689,coke,50,10.704976,535.248776
6,0.05042016806722689,cold,50,12.374097,618.704832
6,0.05042016806722689,comb,50,10.720341,536.017048
6,0.05042016806722689,cook,50,11.756948,587.847379
6,0.05042016806722689,cookie,50,11.409097,570.454837
6,0.05042016806722689,corn,50,11.304723,565.236137
6,0.05042016806722689,couch,50,12.466695,623.334775
6,0.05042016806722689,could,50,10.351379,517.568940
6,0.05042016806722689,country,50,10.322258,516.112916
6,0.05042016806722689,cover,50,10.265446,513.272295
6,0.05042016806722689,cow,50,11.120750,556.037499
6,0.05042016806722689,cowboy,50,10.406215,520.310742
6,0.05042016806722689,cracker,50,11.545947,577.297348
6,0.05042016806722689,crayon,50,10.352280,517.613989
6,0.05042016806722689,crib,50,11.519594,575.979692
6,0.05042016806722689,cry,50,10.893160,544.657976
6,0.05042016806722689,cup,50,10.900076,545.003802
6,0.05042016806722689,cut,50,10.588343,529.417148
6,0.05042016806722689,cute,50,11.096786,554.839288
6,0.05042016806722689,daddy,50,11.221372,561.068588
6,0.05042016806722689,dance,50,12.010883,600.544160
6,0.05042016806722689,dark,50,11.688184,584.409183
6,0.05042016806722689,day,50,10.610867,530.543369
6,0.05042016806722689,deer,50,11.429217,571.460865
6,0.05042016806722689,diaper,50,10.885300,544.265017
6,0.05042016806722689,did,50,10.180219,509.010959
6,0.05042016806722689,dinner,50,10.810247,540.512356
6,0.05042016806722689,dirty,50,10.371367,518.568331
6,0.05042016806722689,dish,50,11.735747,586.787332
6,0.05042016806722689,do,50,10.595690,529.784502
6,0.05042016806722689,doctor,50,11.546183,577.309162
6,0.05042016806722689,does,50,10.226760,511.338023
6,0.05042016806722689,dog,50,10.957481,547.874028
6,0.05042016806722689,doll,50,11.809674,590.483699
6,0.05042016806722689,donkey,50,11.697084,584.854195
6,0.05042016806722689,donut,41,11.101228,455.150347
6,0.05042016806722689,door,50,11.691026,584.551281
6,0.05042016806722689,down,50,11.508987,575.449370
6,0.05042016806722689,downtown,8,11.397572,91.180575
6,0.05042016806722689,draw,50,10.423330,521.166520
6,0.05042016806722689,drawer,50,11.585935,579.296727
6,0.05042016806722689,dress,50,11.046171,552.308539
6,0.05042016806722689,drink,50,11.230750,561.537498
6,0.05042016806722689,drive,50,11.245633,562.281648
6,0.05042016806722689,drop,50,11.589210,579.460525
6,0.05042016806722689,dry,50,11.354558,567.727904
6,0.05042016806722689,dryer,20,10.762299,215.245980
6,0.05042016806722689,duck,50,10.574813,528.740633
6,0.05042016806722689,dump,50,10.300705,515.035244
6,0.05042016806722689,each,50,10.553397,527.669860
6,0.05042016806722689,ear,50,10.171523,508.576140
6,0.05042016806722689,eat,50,10.918529,545.926433
6,0.05042016806722689,egg,50,11.380894,569.044719
6,0.05042016806722689,elephant,50,10.885608,544.280396
6,0.05042016806722689,empty,50,10.696721,534.836039
6,0.05042016806722689,every,50,11.426626,571.331305
6,0.05042016806722689,eye,50,11.029935,551.496727
6,0.05042016806722689,face,50,10.853843,542.692161
6,0.05042016806722689,fall,50,11.017809,550.890474
6,0.05042016806722689,farm,50,11.216705,560.835257
6,0.05042016806722689,fast,50,10.678521,533.926033
6,0.05042016806722689,feed,50,11.213311,560.665561
6,0.05042016806722689,find,50,11.658610,582.930485
6,0.05042016806722689,fine,50,10.675980,533.799013
6,0.05042016806722689,finger,50,11.318881,565.944063
6,0.05042016806722689,finish,50,11.499687,574.984373
6,0.05042016806722689,first,50,10.618868,530.943380
6,0.05042016806722689,fish,50,10.740136,537.006796
6,0.05042016806722689,fit,50,12.218330,610.916496
6,0.05042016806722689,fix,50,10.726754,536.337708
6,0.05042016806722689,flag,50,10.881264,544.063176
6,0.05042016806722689,flower,50,11.057687,552.884348
6,0.05042016806722689,food,50,11.885396,594.269776
6,0.05042016806722689,foot,50,10.990722,549.536083
6,0.05042016806722689,for,50,10.845607,542.280330
6,0.05042016806722689,fork,50,9.915893,495.794644
6,0.05042016806722689,french,50,11.461951,573.097553
6,0.05042016806722689,friend,50,10.751738,537.586893
6,0.05042016806722689,frog,50,10.759983,537.999142
6,0.05042016806722689,full,50,11.748362,587.418115
6,0.05042016806722689,game,50,11.018276,550.913777
6,0.05042016806722689,garage,50,10.552944,527.647209
6,0.05042016806722689,garbage,50,11.198899,559.944953
6,0.05042016806722689,garden,50,11.966615,598.330735
6,0.05042016806722689,gas,50,11.320988,566.049403
6,0.05042016806722689,gentle,50,11.120156,556.007776
6,0.05042016806722689,get,50,11.256887,562.844333
6,0.05042016806722689,giraffe,50,11.378967,568.948341
6,0.05042016806722689,girl,50,10.201759,510.087948
6,0.05042016806722689,give,50,10.324628,516.231396
6,0.05042016806722689,glass,50,10.913359,545.667931
6,0.05042016806722689,glasses,50,10.643494,532.174677
6,0.05042016806722689,gloves,50,10.816501,540.825064
6,0.05042016806722689,glue,50,10.174084,508.704225
6,0.05042016806722689,go,50,10.545712,527.285609
6,0.05042016806722689,good,50,9.981987,499.099345
6,0.05042016806722689,goose,50,10.917096,545.854778
6,0.05042016806722689,grandma,50,11.752716,587.635816
6,0.05042016806722689,grandpa,45,10.724811,482.616492
6,0.05042016806722689,grapes,50,11.150124,557.506223
6,0.05042016806722689,grass,50,11.400128,570.006382
6,0.05042016806722689,green,50,11.464622,573.231077
6,0.05042016806722689,gum,50,11.640593,582.029675
6,0.05042016806722689,hair,50,11.363341,568.167052
6,0.05042016806722689,hamburger,50,11.909032,595.451604
6,0.05042016806722689,hammer,50,10.446552,522.327607
6,0.05042016806722689,hand,50,10.632365,531.618240
6,0.05042016806722689,happy,50,11.523452,576.172611
6,0.05042016806722689,hard,50,11.134423,556.721134
6,0.05042016806722689,hat,50,10.848993,542.449674
6,0.05042016806722689,hate,50,11.679513,583.975667
6,0.05042016806722689,have,50,9.979127,498.956351
6,0.05042016806722689,he,50,10.263327,513.166337
6,0.05042016806722689,head,50,10.499627,524.981375
6,0.05042016806722689,hear,50,10.747429,537.371452
6,0.05042016806722689,heavy,50,10.388042,519.402080
6,0.05042016806722689,helicopter,50,10.685842,534.292079
6,0.05042016806722689,hello,50,11.124030,556.201509
6,0.05042016806722689,help,50,12.164363,608.218154
6,0.05042016806722689,her,50,10.444598,522.229903
6,0.05042016806722689,here,50,11.078046,553.902304
6,0.05042016806722689,hi,50,11.273329,563.666454
6,0.05042016806722689,hide,50,11.235919,561.795934
6,0.05042016806722689,high,50,11.087651,554.382538
6,0.05042016806722689,him,50,10.445048,522.252410
6,0.05042016806722689,his,50,10.695775,534.788748
6,0.05042016806722689,hit,50,10.911564,545.578192
6,0.05042016806722689,hold,50,11.427288,571.364401
6,0.05042016806722689,home,50,10.845222,542.261108
6,0.05042016806722689,horse,50,10.883111,544.155549
6,0.05042016806722689,hose,50,11.795199,589.759967
6,0.05042016806722689,hot,50,10.896557,544.827862
6,0.05042016806722689,house,50,10.181566,509.078322
6,0.05042016806722689,how,50,11.692346,584.617292
6,0.05042016806722689,hug,50,10.779165,538.958240
6,0.05042016806722689,hungry,50,9.893424,494.671186
6,0.05042016806722689,hurry,50,11.383415,569.170755
6,0.05042016806722689,hurt,50,10.837475,541.873755
6,0.05042016806722689,i,50,10.524981,526.249058
6,0.05042016806722689,ice,50,11.252894,562.644710
6,0.05042016806722689,if,50,11.414579,570.728951
6,0.05042016806722689,inside,50,10.997363,549.868140
6,0.05042016806722689,into,50,10.941436,547.071822
6,0.05042016806722689,is,50,10.851375,542.568753
6,0.05042016806722689,it,50,10.089648,504.482412
6,0.05042016806722689,jacket,50,10.002184,500.109205
6,0.05042016806722689,jar,50,11.500286,575.014290
6,0.05042016806722689,jeans,16,10.918682,174.698916
6,0.05042016806722689,jelly,50,10.899268,544.963403
6,0.05042016806722689,juice,50,10.142640,507.131987
6,0.05042016806722689,jump,50,10.534631,526.731544
6,0.05042016806722689,keys,50,10.881345,544.067249
6,0.05042016806722689,kick,50,10.763440,538.171988
6,0.05042016806722689,kiss,50,10.673935,533.696732
6,0.05042016806722689,kitchen,50,11.466277,573.313833
6,0.05042016806722689,kitty,50,9.830708,491.535398
6,0.05042016806722689,knee,50,12.425471,621.273570
6,0.05042016806722689,knife,50,10.888716,544.435822
6,0.05042016806722689,knock,50,11.264574,563.228695
6,0.05042016806722689,ladder,50,11.254774,562.738682
6,0.05042016806722689,lady,50,11.562023,578.101169
6,0.05042016806722689,lamb,50,10.416135,520.806736
6,0.05042016806722689,lamp,50,10.715770,535.788479
6,0.05042016806722689,last,50,11.026021,551.301060
6,0.05042016806722689,later,50,10.554867,527.743345
6,0.05042016806722689,lawn,37,11.904215,440.455954
6,0.05042016806722689,leg,50,11.409799,570.489938
6,0.05042016806722689,lick,50,11.678384,583.919217
6,0.05042016806722689,light,50,11.264208,563.210391
6,0.05042016806722689,like,50,11.178493,558.924664
6,0.05042016806722689,lion,50,12.068567,603.428362
6,0.05042016806722689,lips,50,12.544775,627.238732
6,0.05042016806722689,listen,50,10.916402,545.820097
6,0.05042016806722689,little,50,11.196434,559.821713
6,0.05042016806722689,living,50,10.894441,544.722060
6,0.05042016806722689,lollipop,50,11.239790,561.989505
6,0.05042016806722689,long,50,10.641047,532.052325
6,0.05042016806722689,look,50,10.836885,541.844262
6,0.05042016806722689,loud,50,10.966551,548.327575
6,0.05042016806722689,love,50,10.974989,548.749431
6,0.05042016806722689,lunch,50,10.495394,524.769721
6,0.05042016806722689,mad,50,10.461761,523.088071
6,0.05042016806722689,make,50,11.570642,578.532103
6,0.05042016806722689,man,50,11.322518,566.125879
6,0.05042016806722689,me,50,11.066174,553.308682
6,0.05042016806722689,meat,50,10.726711,536.335562
6,0.05042016806722689,medicine,50,11.021234,551.061695
6,0.05042016806722689,milk,50,11.706924,585.346189
6,0.05042016806722689,mine,50,10.837666,541.883280
6,0.05042016806722689,mommy,50,10.970224,548.511202
6,0.05042016806722689,money,50,11.485666,574.283295
6,0.05042016806722689,monkey,50,9.807925,490.396230
6,0.05042016806722689,moo,50,11.269872,563.493611
6,0.05042016806722689,moon,50,10.938902,546.945075
6,0.05042016806722689,moose,32,11.014619,352.467824
6,0.05042016806722689,mop,40,11.536551,461.462032
6,0.05042016806722689,more,50,10.227763,511.388139
6,0.05042016806722689,morning,50,11.903856,595.192822
6,0.05042016806722689,motorcycle,50,11.421916,571.095778
6,0.05042016806722689,mouse,50,11.525825,576.291271
6,0.05042016806722689,mouth,50,11.154057,557.702845
6,0.05042016806722689,movie,50,11.879461,593.973041
6,0.05042016806722689,much,50,11.431165,571.558227
6,0.05042016806722689,muffin,50,11.345860,567.292987
6,0.05042016806722689,my,50,10.777183,538.859148
6,0.05042016806722689,myself,50,11.025941,551.297072
6,0.05042016806722689,nail,50,11.629981,581.499065
6,0.05042016806722689,nap,50,10.679252,533.962589
6,0.05042016806722689,napkin,50,11.324937,566.246849
6,0.05042016806722689,naughty,50,10.488635,524.431742
6,0.05042016806722689,necklace,50,11.861746,593.087288
6,0.05042016806722689,need,50,11.596552,579.827576
6,0.05042016806722689,new,50,10.965240,548.261976
6,0.05042016806722689,next,50,10.799554,539.977714
6,0.05042016806722689,nice,50,10.077672,503.883598
6,0.05042016806722689,night,50,9.818767,490.938368
6,0.05042016806722689,no,50,9.951888,497.594385
6,0.05042016806722689,noisy,50,11.622353,581.117649
6,0.05042016806722689,none,50,10.895105,544.755259
6,0.05042016806722689,noodles,50,10.224594,511.229689
6,0.05042016806722689,nose,50,11.333278,566.663916
6,0.05042016806722689,not,50,11.360904,568.045198
6,0.05042016806722689,now,50,11.108706,555.435321
6,0.05042016806722689,nurse,50,10.861071,543.053575
6,0.05042016806722689,nuts,50,11.830456,591.522803
6,0.05042016806722689,of,50,11.469754,573.487682
6,0.05042016806722689,off,50,10.507756,525.387794
6,0.05042016806722689,old,50,10.559506,527.975308
6,0.05042016806722689,on,50,11.050881,552.544050
6,0.05042016806722689,open,50,11.252957,562.647830
6,0.05042016806722689,orange,50,10.996000,549.799997
6,0.05042016806722689,other,50,10.378100,518.905000
6,0.05042016806722689,ouch,50,10.945472,547.273618
6,0.05042016806722689,our,50,10.665847,533.292363
6,0.05042016806722689,out,50,10.797126,539.856318
6,0.05042016806722689,outside,50,10.635672,531.783616
6,0.05042016806722689,oven,50,11.479828,573.991376
6,0.05042016806722689,over,50,10.699472,534.973610
6,0.05042016806722689,owl,50,10.668880,533.443984
6,0.05042016806722689,paint,50,12.444979,622.248949
6,0.05042016806722689,pajamas,50,10.949329,547.466470
6,0.05042016806722689,pancake,46,11.304226,519.994404
6,0.05042016806722689,pants,50,10.567668,528.383409
6,0.05042016806722689,paper,50,10.986717,549.335837
6,0.05042016806722689,park,50,10.596965,529.848255
6,0.05042016806722689,party,50,11.747226,587.361314
6,0.05042016806722689,peanut,50,11.086027,554.301334
6,0.05042016806722689,peas,50,10.152466,507.623323
6,0.05042016806722689,pen,50,10.826818,541.340880
6,0.05042016806722689,pencil,50,11.024991,551.249559
6,0.05042016806722689,penguin,50,11.498976,574.948803
6,0.05042016806722689,penis,18,11.118549,200.133888
6,0.05042016806722689,penny,50,11.513482,575.674116
6,0.05042016806722689,people,50,10.882644,544.132183
6,0.05042016806722689,person,50,11.051797,552.589830
6,0.05042016806722689,pick,50,11.086345,554.317267
6,0.05042016806722689,pickle,50,11.068113,553.405647
6,0.05042016806722689,picnic,50,11.929950,596.497517
6,0.05042016806722689,picture,50,11.327179,566.358928
6,0.05042016806722689,pig,50,10.858421,542.921042
6,0.05042016806722689,pillow,50,10.821560,541.077986
6,0.05042016806722689,pizza,50,11.792874,589.643693
6,0.05042016806722689,plant,50,10.575224,528.761215
6,0.05042016806722689,plate,50,11.900241,595.012050
6,0.05042016806722689,play,50,10.202084,510.104179
6,0.05042016806722689,playground,22,12.051197,265.126335
6,0.05042016806722689,please,50,11.522453,576.122650
6,0.05042016806722689,police,50,11.351613,567.580656
6,0.05042016806722689,pony,50,10.050811,502.540538
6,0.05042016806722689,pool,50,11.455386,572.769287
6,0.05042016806722689,poor,50,10.633970,531.698489
6,0.05042016806722689,popcorn,50,11.271173,563.558626
6,0.05042016806722689,popsicle,31,10.056304,311.745420
6,0.05042016806722689,porch,31,10.717695,332.248534
6,0.05042016806722689,potato,50,10.753464,537.673179
6,0.05042016806722689,pour,50,11.676190,583.809482
6,0.05042016806722689,present,50,12.301385,615.069229
6,0.05042016806722689,pretend,50,11.029160,551.458012
6,0.05042016806722689,pretty,50,10.244146,512.207317
6,0.05042016806722689,pretzel,50,10.296300,514.814982
6,0.05042016806722689,pudding,50,10.614470,530.723513
6,0.05042016806722689,pull,50,12.185630,609.281496
6,0.05042016806722689,pumpkin,50,10.601845,530.092248
6,0.05042016806722689,puppy,50,11.705102,585.255092
6,0.05042016806722689,purse,50,10.731875,536.593726
6,0.05042016806722689,push,50,11.625495,581.274742
6,0.05042016806722689,put,50,11.311037,565.551869
6,0.05042016806722689,puzzle,50,11.285860,564.293008
6,0.05042016806722689,quack,50,10.049279,502.463931
6,0.05042016806722689,quiet,50,11.468169,573.408470
6,0.05042016806722689,radio,50,11.167246,558.362288
6,0.05042016806722689,rain,50,10.500256,525.012779
6,0.05042016806722689,raisin,43,11.765181,505.902783
6,0.05042016806722689,read,50,11.816011,590.800555
6,0.05042016806722689,red,50,11.151472,557.573594
6,0.05042016806722689,refrigerator,50,11.059763,552.988148
6,0.05042016806722689,ride,50,11.134601,556.730055
6,0.05042016806722689,rip,50,11.074192,553.709609
6,0.05042016806722689,rock,50,10.624593,531.229635
6,0.05042016806722689,rocking,50,11.647618,582.380884
6,0.05042016806722689,roof,50,9.672856,483.642812
6,0.05042016806722689,room,50,10.926486,546.324283
6,0.05042016806722689,rooster,50,10.937045,546.852260
6,0.05042016806722689,run,50,10.011521,500.576071
6,0.05042016806722689,sad,50,10.779461,538.973065
6,0.05042016806722689,salt,50,11.211412,560.570580
6,0.05042016806722689,same,50,10.522523,526.126167
6,0.05042016806722689,sandwich,50,11.390056,569.502800
6,0.05042016806722689,sauce,50,11.110970,555.548497
6,0.05042016806722689,say,50,10.263275,513.163758
6,0.05042016806722689,scared,50,11.032515,551.625749
6,0.05042016806722689,scarf,50,10.103648,505.182401
6,0.05042016806722689,school,50,11.019719,550.985926
6,0.05042016806722689,scissors,50,10.914039,545.701970
6,0.05042016806722689,see,50,10.744332,537.216615
6,0.05042016806722689,shake,50,10.691134,534.556707
6,0.05042016806722689,share,50,11.312706,565.635318
6,0.05042016806722689,she,50,10.358333,517.916625
6,0.05042016806722689,sheep,50,9.995191,499.759570
6,0.05042016806722689,shh,50,11.416488,570.824397
6,0.05042016806722689,shirt,50,11.299804,564.990177
6,0.05042016806722689,shoe,50,12.055003,602.750150
6,0.05042016806722689,shopping,50,11.673739,583.686972
6,0.05042016806722689,shorts,50,11.023779,551.188951
6,0.05042016806722689,shoulder,50,11.035669,551.783458
6,0.05042016806722689,shovel,50,10.716647,535.832362
6,0.05042016806722689,show,50,11.372114,568.605696
6,0.05042016806722689,shower,50,11.336155,566.807760
6,0.05042016806722689,sick,50,11.087894,554.394708
6,0.05042016806722689,sidewalk,19,10.526317,200.000028
6,0.05042016806722689,sing,50,11.902340,595.117011
6,0.05042016806722689,sink,50,11.565798,578.289901
6,0.05042016806722689,sister,50,11.129951,556.497528
6,0.05042016806722689,sit,50,11.375311,568.765574
6,0.05042016806722689,skate,13,11.085276,144.108591
6,0.05042016806722689,sky,50,11.360542,568.027081
6,0.05042016806722689,sled,22,11.221135,246.864971
6,0.05042016806722689,sleep,50,11.872241,593.612031
6,0.05042016806722689,sleepy,50,10.475167,523.758350
6,0.05042016806722689,slide,50,10.588618,529.430881
6,0.05042016806722689,slipper,50,10.984495,549.224739
6,0.05042016806722689,slow,50,12.163414,608.170712
6,0.05042016806722689,smile,50,11.496600,574.829996
6,0.05042016806722689,snack,50,11.028686,551.434319
6,0.05042016806722689,snow,50,11.189507,559.475359
6,0.05042016806722689,so,50,11.075298,553.764895
6,0.05042016806722689,soap,50,10.822710,541.135486
6,0.05042016806722689,sock,50,11.508354,575.417718
6,0.05042016806722689,soda,50,10.514727,525.736358
6,0.05042016806722689,sofa,50,11.262506,563.125311
6,0.05042016806722689,soft,50,10.500028,525.001399
6,0.05042016806722689,some,50,11.523851,576.192575
6,0.05042016806722689,soup,50,11.751730,587.586476
6,0.05042016806722689,spill,50,10.789325,539.466270
6,0.05042016806722689,splash,50,12.664955,633.247766
6,0.05042016806722689,spoon,50,11.163332,558.166580
6,0.05042016806722689,sprinkler,13,11.911246,154.846195
6,0.05042016806722689,squirrel,50,12.936471,646.823534
6,0.05042016806722689,stairs,50,10.702535,535.126775
6,0.05042016806722689,stand,50,11.537407,576.870367
6,0.05042016806722689,star,50,10.557978,527.898892
6,0.05042016806722689,stay,50,10.028721,501.436044
6,0.05042016806722689,stick,50,11.857305,592.865232
6,0.05042016806722689,sticky,50,11.448867,572.443359
6,0.05042016806722689,stone,50,11.139920,556.996015
6,0.05042016806722689,stop,50,12.152794,607.639700
6,0.05042016806722689,store,50,11.678431,583.921532
6,0.05042016806722689,story,50,11.462151,573.107567
6,0.05042016806722689,stove,50,11.029114,551.455688
6,0.05042016806722689,strawberry,50,10.197549,509.877443
6,0.05042016806722689,street,50,10.751338,537.566879
6,0.05042016806722689,stroller,50,11.399717,569.985838
6,0.05042016806722689,stuck,50,11.434983,571.749139
6,0.05042016806722689,sun,50,11.500501,575.025061
6,0.05042016806722689,sweater,50,9.964275,498.213744
6,0.05042016806722689,sweep,50,11.626561,581.328037
6,0.05042016806722689,swim,50,10.342970,517.148497
6,0.05042016806722689,swing,50,10.562606,528.130298
6,0.05042016806722689,table,50,11.174165,558.708250
6,0.05042016806722689,take,50,10.797617,539.880844
6,0.05042016806722689,talk,50,12.260146,613.007276
6,0.05042016806722689,tape,50,10.860743,543.037150
6,0.05042016806722689,taste,50,9.990703,499.535165
6,0.05042016806722689,teacher,50,10.177114,508.855695
6,0.05042016806722689,tear,50,10.827495,541.374735
6,0.05042016806722689,telephone,50,10.347823,517.391129
6,0.05042016806722689,thank,50,10.515677,525.783831
6,0.05042016806722689,that,50,9.880786,494.039306
6,0.05042016806722689,the,50,9.595631,479.781566
6,0.05042016806722689,their,50,10.305206,515.260299
6,0.05042016806722689,them,50,10.677755,533.887774
6,0.05042016806722689,then,50,11.308111,565.405542
6,0.05042016806722689,there,50,10.030964,501.548204
6,0.05042016806722689,these,50,9.952778,497.638921
6,0.05042016806722689,they,50,9.845609,492.280462
6,0.05042016806722689,think,50,10.354437,517.721848
6,0.05042016806722689,thirsty,50,11.010779,550.538959
6,0.05042016806722689,this,50,10.162897,508.144832
6,0.05042016806722689,those,50,11.725403,586.270172
6,0.05042016806722689,throw,50,10.524232,526.211609
6,0.05042016806722689,tickle,50,10.709336,535.466780
6,0.05042016806722689,tiger,50,12.133316,606.665825
6,0.05042016806722689,time,50,11.243668,562.183391
6,0.05042016806722689,tiny,50,11.047869,552.393472
6,0.05042016806722689,tired,50,11.844968,592.248396
6,0.05042016806722689,tissue,50,10.900396,545.019786
6,0.05042016806722689,to,50,11.032302,551.615089
6,0.05042016806722689,toast,50,11.235783,561.789165
6,0.05042016806722689,today,50,10.851544,542.577204
6,0.05042016806722689,tomorrow,50,11.962875,598.143733
6,0.05042016806722689,tongue,50,10.822880,541.144007
6,0.05042016806722689,tonight,50,11.301396,565.069807
6,0.05042016806722689,too,50,11.305225,565.261270
6,0.05042016806722689,tooth,50,10.955224,547.761213
6,0.05042016806722689,toothbrush,50,11.791788,589.589406
6,0.05042016806722689,touch,50,10.558543,527.927129
6,0.05042016806722689,towel,50,10.207649,510.382439
6,0.05042016806722689,tractor,50,10.528831,526.441550
6,0.05042016806722689,train,50,9.549791,477.489536
6,0.05042016806722689,trash,50,10.766877,538.343836
6,0.05042016806722689,tray,50,11.468697,573.434851
6,0.05042016806722689,tree,50,11.208012,560.400585
6,0.05042016806722689,truck,50,10.737187,536.859368
6,0.05042016806722689,try,50,10.910453,545.522652
6,0.05042016806722689,tummy,50,10.308998,515.449878
6,0.05042016806722689,tuna,50,10.737542,536.877114
6,0.05042016806722689,turkey,50,11.564188,578.209413
6,0.05042016806722689,turn,50,10.920744,546.037213
6,0.05042016806722689,turtle,50,10.827884,541.394215
6,0.05042016806722689,tv,50,12.022787,601.139362
6,0.05042016806722689,uh,50,10.869512,543.475614
6,0.05042016806722689,uncle,50,11.167252,558.362597
6,0.05042016806722689,under,50,11.243741,562.187063
6,0.05042016806722689,up,50,10.804063,540.203173
6,0.05042016806722689,us,50,10.335046,516.752303
6,0.05042016806722689,vacuum,50,11.197379,559.868950
6,0.05042016806722689,vanilla,50,11.863783,593.189146
6,0.05042016806722689,wait,50,10.712815,535.640771
6,0.05042016806722689,wake,50,10.412685,520.634230
6,0.05042016806722689,walk,50,10.227093,511.354672
6,0.05042016806722689,walker,12,10.556156,126.673877
6,0.05042016806722689,wanna,50,9.501960,475.098005
6,0.05042016806722689,was,50,10.272104,513.605207
6,0.05042016806722689,wash,50,11.704920,585.245985
6,0.05042016806722689,washing,50,11.120031,556.001571
6,0.05042016806722689,watch,50,10.596559,529.827962
6,0.05042016806722689,water,50,9.842680,492.134013
6,0.05042016806722689,we,50,10.668252,533.412603
6,0.05042016806722689,were,50,10.973864,548.693188
6,0.05042016806722689,wet,50,10.364044,518.202212
6,0.05042016806722689,what,50,10.754831,537.741565
6,0.05042016806722689,when,50,10.902344,545.117199
6,0.05042016806722689,where,50,10.768367,538.418365
6,0.05042016806722689,which,50,12.413056,620.652777
6,0.05042016806722689,white,50,11.369326,568.466308
6,0.05042016806722689,who,50,10.663692,533.184624
6,0.05042016806722689,why,50,11.318098,565.904904
6,0.05042016806722689,will,50,11.381742,569.087081
6,0.05042016806722689,wind,50,10.973534,548.676720
6,0.05042016806722689,window,50,11.188654,559.432700
6,0.05042016806722689,windy,50,10.687699,534.384942
6,0.05042016806722689,wipe,50,11.524155,576.207739
6,0.05042016806722689,wish,50,11.986599,599.329948
6,0.05042016806722689,with,50,10.489045,524.452266
6,0.05042016806722689,wolf,50,11.801299,590.064929
6,0.05042016806722689,woods,48,10.718558,514.490767
6,0.05042016806722689,woof,50,10.251754,512.587698
6,0.05042016806722689,work,50,10.298015,514.900770
6,0.05042016806722689,would,50,10.655491,532.774542
6,0.05042016806722689,write,50,10.029419,501.470944
6,0.05042016806722689,yard,50,10.058150,502.907505
6,0.05042016806722689,yellow,50,10.849575,542.478754
6,0.05042016806722689,yes,50,10.835389,541.769457
6,0.05042016806722689,yesterday,50,11.030337,551.516867
6,0.05042016806722689,yogurt,50,10.465453,523.272655
6,0.05042016806722689,you,50,8.817284,440.864200
6,0.05042016806722689,your,50,9.439183,471.959172
6,0.05042016806722689,yourself,50,10.777879,538.893947
6,0.05042016806722689,yum,50,11.361444,568.072198
6,0.05042016806722689,zebra,50,10.752981,537.649060
6,0.05042016806722689,zipper,40,10.747870,429.914817
6,0.05042016806722689,zoo,50,10.436688,521.834382
8,0.06722689075630252,a,50,9.372941,468.647028
8,0.06722689075630252,about,50,10.033158,501.657914
8,0.06722689075630252,above,50,11.216991,560.849525
8,0.06722689075630252,after,50,10.925666,546.283307
8,0.06722689075630252,airplane,50,11.401286,570.064317
8,0.06722689075630252,all,50,10.956115,547.805743
8,0.06722689075630252,alligator,50,10.691222,534.561086
8,0.06722689075630252,am,50,10.777053,538.852643
8,0.06722689075630252,and,50,10.730958,536.547893
8,0.06722689075630252,animal,50,11.391121,569.556026
8,0.06722689075630252,ankle,5,11.009579,55.047893
8,0.06722689075630252,another,50,10.383711,519.185575
8,0.06722689075630252,any,50,10.189729,509.486465
8,0.06722689075630252,apple,50,11.401337,570.066871
8,0.06722689075630252,are,50,10.144216,507.210793
8,0.06722689075630252,arm,50,12.258055,612.902772
8,0.06722689075630252,around,50,9.629858,481.492898
8,0.06722689075630252,asleep,50,11.589523,579.476129
8,0.06722689075630252,at,50,10.107088,505.354377
8,0.06722689075630252,aunt,42,10.744764,451.280095
8,0.06722689075630252,awake,50,11.441147,572.057366
8,0.06722689075630252,away,50,11.698615,584.930740
8,0.06722689075630252,baby,50,10.190962,509.548091
8,0.06722689075630252,babysitter,11,11.551226,127.063491
8,0.06722689075630252,back,50,11.209958,560.497925
8,0.06722689075630252,backyard,19,11.068313,210.297942
8,0.06722689075630252,bad,50,11.693444,584.672187
8,0.06722689075630252,ball,50,11.158283,557.914165
8,0.06722689075630252,balloon,50,11.226546,561.327312
8,0.06722689075630252,banana,50,11.358146,567.907303
8,0.06722689075630252,basement,26,11.948583,310.663152
8,0.06722689075630252,basket,50,10.386605,519.330251
8,0.06722689075630252,bat,50,11.177603,558.880156
8,0.06722689075630252,bath,50,10.485023,524.251167
8,0.06722689075630252,bathroom,50,11.194557,559.727872
8,0.06722689075630252,bathtub,31,11.440038,354.641180
8,0.06722689075630252,be,50,12.023387,601.169357
8,0.06722689075630252,beach,50,10.933392,546.669583
8,0.06722689075630252,beads,50,11.484667,574.233335
8,0.06722689075630252,beans,50,10.459371,522.968563
8,0.06722689075630252,bear,50,11.392036,569.601788
8,0.06722689075630252,because,50,9.971132,498.556602
8,0.06722689075630252,bed,50,10.981349,549.067442
8,0.06722689075630252,bedroom,50,11.573083,578.654138
8,0.06722689075630252,bee,50,11.448611,572.430539
8,0.06722689075630252,before,50,10.036626,501.831276
8,0.06722689075630252,behind,50,9.970577,498.528855
8,0.06722689075630252,belly,50,11.297724,564.886204
8,0.06722689075630252,belt,50,12.100838,605.041878
8,0.06722689075630252,bench,50,11.471714,573.585706
8,0.06722689075630252,beside,50,10.852333,542.616642
8,0.06722689075630252,better,50,10.408744,520.437193
8,0.06722689075630252,bib,50,10.706888,535.344407
8,0.06722689075630252,bicycle,50,11.167287,558.364330
8,0.06722689075630252,big,50,10.357650,517.882524
8,0.06722689075630252,bird,50,11.364518,568.225924
8,0.06722689075630252,bite,50,11.355768,567.788408
8,0.06722689075630252,black,50,11.207987,560.399365
8,0.06722689075630252,blanket,50,11.381967,569.098339
8,0.06722689075630252,block,50,11.585304,579.265219
8,0.06722689075630252,blow,50,10.874430,543.721498
8,0.06722689075630252,blue,50,10.316446,515.822288
8,0.06722689075630252,boat,50,11.575145,578.757233
8,0.06722689075630252,book,50,10.453518,522.675890
8,0.06722689075630252,boots,50,10.672843,533.642133
8,0.06722689075630252,bottle,50,11.593743,579.687140
8,0.06722689075630252,bowl,50,11.165335,558.266774
8,0.06722689075630252,box,50,9.402612,470.130623
8,0.06722689075630252,boy,50,11.291594,564.579696
8,0.06722689075630252,bread,50,10.178981,508.949062
8,0.06722689075630252,break,50,10.408877,520.443860
8,0.06722689075630252,breakfast,50,10.653145,532.657233
8,0.06722689075630252,bring,50,11.071528,553.576376
8,0.06722689075630252,broken,50,11.346792,567.339576
8,0.06722689075630252,broom,50,10.937416,546.870799
8,0.06722689075630252,brother,50,11.658305,582.915228
8,0.06722689075630252,brown,50,10.958185,547.909258
8,0.06722689075630252,brush,50,11.530584,576.529204
8,0.06722689075630252,bubbles,50,11.173397,558.669827
8,0.06722689075630252,bucket,50,11.448431,572.421554
8,0.06722689075630252,bug,50,11.676606,583.830319
8,0.06722689075630252,build,50,11.465111,573.255534
8,0.06722689075630252,bump,50,10.315921,515.796041
8,0.06722689075630252,bunny,50,11.268676,563.433807
8,0.06722689075630252,bus,50,10.338967,516.948330
8,0.06722689075630252,but,50,10.360763,518.038161
8,0.06722689075630252,butter,50,12.435164,621.758210
8,0.06722689075630252,butterfly,50,11.476173,573.808669
8,0.06722689075630252,button,50,11.339675,566.983773
8,0.06722689075630252,buy,50,11.938932,596.946622
8,0.06722689075630252,by,50,10.195728,509.786383
8,0.06722689075630252,bye,50,10.411388,520.569413
8,0.06722689075630252,cake,50,12.002019,600.100953
8,0.06722689075630252,call,50,11.715536,585.776786
8,0.06722689075630252,camera,50,11.171570,558.578509
8,0.06722689075630252,camping,31,11.391620,353.140220
8,0.06722689075630252,can,50,9.253789,462.689473
8,0.06722689075630252,candy,50,12.272968,613.648421
8,0.06722689075630252,car,50,9.814342,490.717105
8,0.06722689075630252,careful,50,10.108408,505.420415
8,0.06722689075630252,carrots,50,11.272907,563.645357
8,0.06722689075630252,carry,50,10.969985,548.499247
8,0.06722689075630252,cat,50,10.680585,534.029245
8,0.06722689075630252,catch,50,11.015891,550.794561
8,0.06722689075630252,cereal,50,11.128299,556.414950
8,0.06722689075630252,chair,50,11.368644,568.432210
8,0.06722689075630252,chalk,40,11.198144,447.925775
8,0.06722689075630252,chase,49,10.781396,528.288382
8,0.06722689075630252,cheek,35,12.116836,424.089262
8,0.06722689075630252,cheese,50,10.820773,541.038658
8,0.06722689075630252,chicken,50,10.589923,529.496157
8,0.06722689075630252,child,50,10.976770,548.838481
8,0.06722689075630252,chin,50,10.597487,529.874367
8,0.06722689075630252,chocolate,50,12.015420,600.770989
8,0.06722689075630252,choo,50,10.962176,548.108801
8,0.06722689075630252,church,50,11.093241,554.662065
8,0.06722689075630252,circus,50,11.191612,559.580583
8,0.06722689075630252,clap,50,11.408560,570.427979
8,0.06722689075630252,clean,50,10.545977,527.298866
8,0.06722689075630252,climb,50,10.386901,519.345025
8,0.06722689075630252,clock,50,11.680682,584.034077
8,0.06722689075630252,close,50,9.873516,493.675803
8,0.06722689075630252,closet,50,11.486521,574.326042
8,0.06722689075630252,cloud,50,10.441542,522.077102
8,0.06722689075630252,clown,50,11.386446,569.322320
8,0.06722689075630252,coat,50,11.127993,556.399674
8,0.06722689075630252,coffee,50,10.894423,544.721139
8,0.06722689075630252,coke,50,10.967122,548.356075
8,0.06722689075630252,cold,50,12.681483,634.074144
8,0.06722689075630252,comb,50,10.460669,523.033459
8,0.06722689075630252,cook,50,11.627016,581.350782
8,0.06722689075630252,cookie,50,11.644776,582.238783
8,0.06722689075630252,corn,50,11.059530,552.976505
8,0.06722689075630252,couch,50,12.507298,625.364918
8,0.06722689075630252,could,50,9.841223,492.061174
8,0.06722689075630252,country,50,11.026958,551.347878
8,0.06722689075630252,cover,50,10.073058,503.652913
8,0.06722689075630252,cow,50,11.387584,569.379212
8,0.06722689075630252,cowboy,50,10.559493,527.974639
8,0.06722689075630252,cracker,50,11.096217,554.810836
8,0.06722689075630252,crayon,50,10.549488,527.474384
8,0.06722689075630252,crib,50,11.641263,582.063145
8,0.06722689075630252,cry,50,10.792307,539.615357
8,0.06722689075630252,cup,50,11.082619,554.130935
8,0.06722689075630252,cut,50,10.708070,535.403519
8,0.06722689075630252,cute,50,11.658102,582.905114
8,0.06722689075630252,daddy,50,10.694356,534.717792
8,0.06722689075630252,dance,50,12.552985,627.649245
8,0.06722689075630252,dark,50,11.888571,594.428571
8,0.06722689075630252,day,50,11.125248,556.262383
8,0.06722689075630252,deer,50,11.661351,583.067538
8,0.06722689075630252,diaper,50,11.362890,568.144478
8,0.06722689075630252,did,50,10.438766,521.938314
8,0.06722689075630252,dinner,50,11.463943,573.197136
8,0.06722689075630252,dirty,50,10.029858,501.492920
8,0.06722689075630252,dish,50,11.227765,561.388264
8,0.06722689075630252,do,50,9.968929,498.446457
8,0.06722689075630252,doctor,50,11.754513,587.725640
8,0.06722689075630252,does,50,10.550523,527.526134
8,0.06722689075630252,dog,50,10.992077,549.603873
8,0.06722689075630252,doll,50,11.830122,591.506096
8,0.06722689075630252,donkey,50,12.349074,617.453684
8,0.06722689075630252,donut,41,11.020992,451.860689
8,0.06722689075630252,door,50,11.643638,582.181899
8,0.06722689075630252,down,50,10.938353,546.917626
8,0.06722689075630252,downtown,8,11.210978,89.687820
8,0.06722689075630252,draw,50,11.264066,563.203308
8,0.06722689075630252,drawer,50,11.795429,589.771463
8,0.06722689075630252,dress,50,11.320178,566.008909
8,0.06722689075630252,drink,50,10.596961,529.848041
8,0.06722689075630252,drive,50,11.492174,574.608692
8,0.06722689075630252,drop,50,11.177791,558.889531
8,0.06722689075630252,dry,50,11.318077,565.903845
8,0.06722689075630252,dryer,20,11.312949,226.258976
8,0.06722689075630252,duck,50,10.681577,534.078860
8,0.06722689075630252,dump,50,10.546252,527.312609
8,0.06722689075630252,each,50,10.749605,537.480257
8,0.06722689075630252,ear,50,9.896460,494.822988
8,0.06722689075630252,eat,50,10.298366,514.918310
8,0.06722689075630252,egg,50,11.351641,567.582055
8,0.06722689075630252,elephant,50,11.551207,577.560371
8,0.06722689075630252,empty,50,10.168797,508.439862
8,0.06722689075630252,every,50,11.538946,576.947314
8,0.06722689075630252,eye,50,10.907267,545.363361
8,0.06722689075630252,face,50,10.391557,519.577835
8,0.06722689075630252,fall,50,10.753061,537.653047
8,0.06722689075630252,farm,50,11.424955,571.247773
8,0.06722689075630252,fast,50,10.647176,532.358788
8,0.06722689075630252,feed,50,10.371072,518.553611
8,0.06722689075630252,find,50,11.908520,595.425993
8,0.06722689075630252,fine,50,10.826263,541.313170
8,0.06722689075630252,finger,50,10.997025,549.851238
8,0.06722689075630252,finish,50,10.915486,545.774289
8,0.06722689075630252,first,50,10.727005,536.350236
8,0.06722689075630252,fish,50,10.850036,542.501811
8,0.06722689075630252,fit,50,11.864091,593.204529
8,0.06722689075630252,fix,50,11.337092,566.854609
8,0.06722689075630252,flag,50,11.195543,559.777156
8,0.06722689075630252,flower,50,10.856394,542.819691
8,0.06722689075630252,food,50,11.643205,582.160242
8,0.06722689075630252,foot,50,11.384236,569.211798
8,0.06722689075630252,for,50,10.616223,530.811134
8,0.06722689075630252,fork,50,10.073263,503.663143
8,0.06722689075630252,french,50,11.399090,569.954481
8,0.06722689075630252,friend,50,11.894426,594.721283
8,0.06722689075630252,frog,50,10.611909,530.595437
8,0.06722689075630252,full,50,11.456386,572.819322
8,0.06722689075630252,game,50,10.664208,533.210409
8,0.06722689075630252,garage,50,10.782835,539.141750
8,0.06722689075630252,garbage,50,11.057931,552.896539
8,0.06722689075630252,garden,50,11.585276,579.263803
8,0.06722689075630252,gas,50,11.558871,577.943532
8,0.06722689075630252,gentle,50,11.394837,569.741872
8,0.06722689075630252,get,50,10.192427,509.621331
8,0.06722689075630252,giraffe,50,11.507690,575.384515
8,0.06722689075630252,girl,50,10.264560,513.227986
8,0.06722689075630252,give,50,10.504446,525.222317
8,0.06722689075630252,glass,50,11.089499,554.474967
8,0.06722689075630252,glasses,50,11.290697,564.534834
8,0.06722689075630252,gloves,50,10.468487,523.424366
8,0.06722689075630252,glue,50,10.216602,510.830094
8,0.06722689075630252,go,50,10.164760,508.237977
8,0.06722689075630252,good,50,9.955553,497.777664
8,0.06722689075630252,goose,50,10.451472,522.573603
8,0.06722689075630252,grandma,50,11.828848,591.442424
8,0.06722689075630252,grandpa,45,10.839065,487.757909
8,0.06722689075630252,grapes,50,11.678766,583.938316
8,0.06722689075630252,grass,50,10.599594,529.979699
8,0.06722689075630252,green,50,11.176889,558.844431
8,0.06722689075630252,gum,50,11.263250,563.162511
8,0.06722689075630252,hair,50,10.866027,543.301359
8,0.06722689075630252,hamburger,50,11.131691,556.584569
8,0.06722689075630252,hammer,50,10.966259,548.312963
8,0.06722689075630252,hand,50,10.438701,521.935046
8,0.06722689075630252,happy,50,11.622088,581.104380
8,0.06722689075630252,hard,50,11.352399,567.619945
8,0.06722689075630252,hat,50,10.855527,542.776364
8,0.06722689075630252,hate,50,12.262490,613.124505
8,0.06722689075630252,have,50,9.287183,464.359132
8,0.06722689075630252,he,50,10.147747,507.387358
8,0.06722689075630252,head,50,11.056618,552.830916
8,0.06722689075630252,hear,50,10.906373,545.318641
8,0.06722689075630252,heavy,50,10.940210,547.010525
8,0.06722689075630252,helicopter,50,11.142099,557.104975
8,0.06722689075630252,hello,50,10.949015,547.450747
8,0.06722689075630252,help,50,12.053843,602.692173
8,0.06722689075630252,her,50,10.362207,518.110373
8,0.06722689075630252,here,50,10.645701,532.285049
8,0.06722689075630252,hi,50,11.459191,572.959563
8,0.06722689075630252,hide,50,11.568907,578.445355
8,0.06722689075630252,high,50,11.032243,551.612143
8,0.06722689075630252,him,50,10.266658,513.332918
8,0.06722689075630252,his,50,10.531030,526.551479
8,0.06722689075630252,hit,50,10.991786,549.589305
8,0.06722689075630252,hold,50,11.632820,581.641018
8,0.06722689075630252,home,50,11.546603,577.330143
8,0.06722689075630252,horse,50,10.860092,543.004576
8,0.06722689075630252,hose,50,12.511460,625.573014
8,0.06722689075630252,hot,50,11.680266,584.013325
8,0.06722689075630252,house,50,10.079530,503.976521
8,0.06722689075630252,how,50,11.462126,573.106299
8,0.06722689075630252,hug,50,11.171966,558.598300
8,0.06722689075630252,hungry,50,10.493880,524.693988
8,0.06722689075630252,hurry,50,11.168665,558.433255
8,0.06722689075630252,hurt,50,10.448532,522.426615
8,0.06722689075630252,i,50,9.970394,498.519685
8,0.06722689075630252,ice,50,11.818474,590.923701
8,0.06722689075630252,if,50,11.026595,551.329766
8,0.06722689075630252,inside,50,10.531234,526.561715
8,0.06722689075630252,into,50,11.002856,550.142801
8,0.06722689075630252,is,50,10.473415,523.670728
8,0.06722689075630252,it,50,9.933044,496.652201
8,0.06722689075630252,jacket,50,10.531372,526.568587
8,0.06722689075630252,jar,50,12.132004,606.600215
8,0.06722689075630252,jeans,16,11.041688,176.667015
8,0.06722689075630252,jelly,50,11.302277,565.113851
8,0.06722689075630252,juice,50,10.601865,530.093261
8,0.06722689075630252,jump,50,10.565268,528.263414
8,0.06722689075630252,keys,50,10.966246,548.312318
8,0.06722689075630252,kick,50,10.812153,540.607631
8,0.06722689075630252,kiss,50,10.574811,528.740558
8,0.06722689075630252,kitchen,50,11.069496,553.474781
8,0.06722689075630252,kitty,50,10.173312,508.665623
8,0.06722689075630252,knee,50,12.165890,608.294502
8,0.06722689075630252,knife,50,11.030988,551.549413
8,0.06722689075630252,knock,50,11.646261,582.313037
8,0.06722689075630252,ladder,50,11.693589,584.679440
8,0.06722689075630252,lady,50,11.126871,556.343547
8,0.06722689075630252,lamb,50,9.669131,483.456569
8,0.06722689075630252,lamp,50,11.425020,571.250996
8,0.06722689075630252,last,50,10.747525,537.376262
8,0.06722689075630252,later,50,10.346260,517.312982
8,0.06722689075630252,lawn,37,11.714616,433.440797
8,0.06722689075630252,leg,50,12.055476,602.773778
8,0.06722689075630252,lick,50,11.073377,553.668838
8,0.06722689075630252,light,50,11.676110,583.805493
8,0.06722689075630252,like,50,10.697608,534.880415
8,0.06722689075630252,lion,50,11.790509,589.525469
8,0.06722689075630252,lips,50,13.137742,656.887107
8,0.06722689075630252,listen,50,11.080760,554.038006
8,0.06722689075630252,little,50,11.174627,558.731344
8,0.06722689075630252,living,50,11.402486,570.124322
8,0.06722689075630252,lollipop,50,11.429549,571.477442
8,0.06722689075630252,long,50,10.490887,524.544366
8,0.06722689075630252,look,50,10.487769,524.388457
8,0.06722689075630252,loud,50,11.045100,552.255005
8,0.06722689075630252,love,50,10.360858,518.042892
8,0.06722689075630252,lunch,50,10.403431,520.171538
8,0.06722689075630252,mad,50,10.445279,522.263939
8,0.06722689075630252,make,50,11.186164,559.308191
8,0.06722689075630252,man,50,11.491697,574.584827
8,0.06722689075630252,me,50,11.096628,554.831383
8,0.06722689075630252,meat,50,11.097063,554.853167
8,0.06722689075630252,medicine,50,11.284651,564.232533
8,0.06722689075630252,milk,50,11.423039,571.151931
8,0.06722689075630252,mine,50,10.753508,537.675420
8,0.06722689075630252,mommy,50,11.660338,583.016898
8,0.06722689075630252,money,50,11.992819,599.640957
8,0.06722689075630252,monkey,50,9.611078,480.553881
8,0.06722689075630252,moo,50,11.427181,571.359046
8,0.06722689075630252,moon,50,11.091243,554.562143
8,0.06722689075630252,moose,32,10.746590,343.890882
8,0.06722689075630252,mop,40,11.831604,473.264172
8,0.06722689075630252,more,50,10.515126,525.756298
8,0.06722689075630252,morning,50,11.422604,571.130198
8,0.06722689075630252,motorcycle,50,11.342944,567.147198
8,0.06722689075630252,mouse,50,11.430438,571.521920
8,0.06722689075630252,mouth,50,10.833466,541.673296
8,0.06722689075630252,movie,50,11.845904,592.295189
8,0.06722689075630252,much,50,10.886785,544.339247
8,0.06722689075630252,muffin,50,12.038733,601.936647
8,0.06722689075630252,my,50,10.521103,526.055163
8,0.06722689075630252,myself,50,10.263777,513.188847
8,0.06722689075630252,nail,50,12.589815,629.490731
8,0.06722689075630252,nap,50,10.747384,537.369188
8,0.06722689075630252,napkin,50,11.046941,552.347058
8,0.06722689075630252,naughty,50,10.423700,521.184980
8,0.06722689075630252,necklace,50,11.913279,595.663950
8,0.06722689075630252,need,50,11.659374,582.968681
8,0.06722689075630252,new,50,11.205675,560.283763
8,0.06722689075630252,next,50,11.041785,552.089239
8,0.06722689075630252,nice,50,9.704213,485.210632
8,0.06722689075630252,night,50,10.122883,506.144150
8,0.06722689075630252,no,50,9.748753,487.437666
8,0.06722689075630252,noisy,50,11.715603,585.780154
8,0.06722689075630252,none,50,10.647874,532.393676
8,0.06722689075630252,noodles,50,10.922888,546.144410
8,0.06722689075630252,nose,50,11.056364,552.818189
8,0.06722689075630252,not,50,11.552730,577.636503
8,0.06722689075630252,now,50,11.550907,577.545326
8,0.06722689075630252,nurse,50,11.309261,565.463058
8,0.06722689075630252,nuts,50,12.329743,616.487143
8,0.06722689075630252,of,50,11.207015,560.350727
8,0.06722689075630252,off,50,10.514200,525.709987
8,0.06722689075630252,old,50,10.791561,539.578054
8,0.06722689075630252,on,50,9.667495,483.374754
8,0.06722689075630252,open,50,11.450179,572.508933
8,0.06722689075630252,orange,50,10.848100,542.405023
8,0.06722689075630252,other,50,10.080745,504.037274
8,0.06722689075630252,ouch,50,10.848778,542.438889
8,0.06722689075630252,our,50,10.694652,534.732581
8,0.06722689075630252,out,50,10.764701,538.235061
8,0.06722689075630252,outside,50,10.527095,526.354733
8,0.06722689075630252,oven,50,12.224295,611.214736
8,0.06722689075630252,over,50,10.762748,538.137422
8,0.06722689075630252,owl,50,10.529675,526.483727
8,0.06722689075630252,paint,50,12.280197,614.009861
8,0.06722689075630252,pajamas,50,11.346538,567.326911
8,0.06722689075630252,pancake,46,11.433891,525.958970
8,0.06722689075630252,pants,50,10.594378,529.718887
8,0.06722689075630252,paper,50,11.237110,561.855497
8,0.06722689075630252,park,50,10.538695,526.934731
8,0.06722689075630252,party,50,11.259245,562.962274
8,0.06722689075630252,peanut,50,11.326055,566.302773
8,0.06722689075630252,peas,50,10.284972,514.248608
8,0.06722689075630252,pen,50,11.040557,552.027856
8,0.06722689075630252,pencil,50,10.897572,544.878575
8,0.06722689075630252,penguin,50,11.126890,556.344507
8,0.06722689075630252,penis,18,10.705565,192.700171
8,0.06722689075630252,penny,50,11.959865,597.993275
8,0.06722689075630252,people,50,10.947505,547.375263
8,0.06722689075630252,person,50,11.499477,574.973853
8,0.06722689075630252,pick,50,11.729686,586.484293
8,0.06722689075630252,pickle,50,11.295471,564.773549
8,0.06722689075630252,picnic,50,11.690513,584.525647
8,0.06722689075630252,picture,50,11.219979,560.998950
8,0.06722689075630252,pig,50,10.939745,546.987241
8,0.06722689075630252,pillow,50,10.806993,540.349649
8,0.06722689075630252,pizza,50,11.739457,586.972843
8,0.06722689075630252,plant,50,10.815621,540.781074
8,0.06722689075630252,plate,50,12.031251,601.562539
8,0.06722689075630252,play,50,10.218132,510.906622
8,0.06722689075630252,playground,22,12.208608,268.589365
8,0.06722689075630252,please,50,11.522108,576.105413
8,0.06722689075630252,police,50,11.828321,591.416035
8,0.06722689075630252,pony,50,10.465637,523.281860
8,0.06722689075630252,pool,50,11.392033,569.601638
8,0.06722689075630252,poor,50,10.279510,513.975507
8,0.06722689075630252,popcorn,50,11.457051,572.852551
8,0.06722689075630252,popsicle,31,10.731446,332.674828
8,0.06722689075630252,porch,31,11.043185,342.338748
8,0.06722689075630252,potato,50,11.408208,570.410400
8,0.06722689075630252,pour,50,11.421807,571.090341
8,0.06722689075630252,present,50,11.222584,561.129183
8,0.06722689075630252,pretend,50,10.968356,548.417794
8,0.06722689075630252,pretty,50,9.749111,487.455540
8,0.06722689075630252,pretzel,50,10.794758,539.737876
8,0.06722689075630252,pudding,50,11.175398,558.769891
8,0.06722689075630252,pull,50,12.008375,600.418769
8,0.06722689075630252,pumpkin,50,11.089862,554.493104
8,0.06722689075630252,puppy,50,11.013293,550.664660
8,0.06722689075630252,purse,50,10.630916,531.545816
8,0.06722689075630252,push,50,11.548371,577.418529
8,0.06722689075630252,put,50,11.810032,590.501619
8,0.06722689075630252,puzzle,50,11.446464,572.323208
8,0.06722689075630252,quack,50,10.651287,532.564360
8,0.06722689075630252,quiet,50,10.993582,549.679085
8,0.06722689075630252,radio,50,11.351265,567.563267
8,0.06722689075630252,rain,50,11.453766,572.688306
8,0.06722689075630252,raisin,43,12.105876,520.552684
8,0.06722689075630252,read,50,11.968935,598.446748
8,0.06722689075630252,red,50,10.737817,536.890833
8,0.06722689075630252,refrigerator,50,11.102438,555.121917
8,0.06722689075630252,ride,50,11.418729,570.936439
8,0.06722689075630252,rip,50,10.912439,545.621948
8,0.06722689075630252,rock,50,10.763736,538.186792
8,0.06722689075630252,rocking,50,12.062446,603.122301
8,0.06722689075630252,roof,50,10.641899,532.094933
8,0.06722689075630252,room,50,10.755756,537.787782
8,0.06722689075630252,rooster,50,11.142023,557.101173
8,0.06722689075630252,run,50,10.351283,517.564159
8,0.06722689075630252,sad,50,11.095953,554.797666
8,0.06722689075630252,salt,50,11.325456,566.272820
8,0.06722689075630252,same,50,10.966347,548.317361
8,0.06722689075630252,sandwich,50,11.436289,571.814473
8,0.06722689075630252,sauce,50,10.833465,541.673245
8,0.06722689075630252,say,50,10.283050,514.152494
8,0.06722689075630252,scared,50,11.406047,570.302341
8,0.06722689075630252,scarf,50,10.709870,535.493504
8,0.06722689075630252,school,50,11.188565,559.428265
8,0.06722689075630252,scissors,50,11.015171,550.758554
8,0.06722689075630252,see,50,10.151442,507.572117
8,0.06722689075630252,shake,50,11.141989,557.099455
8,0.06722689075630252,share,50,11.580968,579.048394
8,0.06722689075630252,she,50,11.042709,552.135448
8,0.06722689075630252,sheep,50,10.083566,504.178323
8,0.06722689075630252,shh,50,11.399275,569.963755
8,0.06722689075630252,shirt,50,11.047143,552.357133
8,0.06722689075630252,shoe,50,11.833141,591.657063
8,0.06722689075630252,shopping,50,12.017813,600.890647
8,0.06722689075630252,shorts,50,11.312342,565.617084
8,0.06722689075630252,shoulder,50,11.278770,563.938519
8,0.06722689075630252,shovel,50,11.151779,557.588943
8,0.06722689075630252,show,50,11.921414,596.070710
8,0.06722689075630252,shower,50,11.482892,574.144582
8,0.06722689075630252,sick,50,11.466398,573.319884
8,0.06722689075630252,sidewalk,19,10.744191,204.139633
8,0.06722689075630252,sing,50,11.372599,568.629950
8,0.06722689075630252,sink,50,11.717958,585.897897
8,0.06722689075630252,sister,50,10.702300,535.115021
8,0.06722689075630252,sit,50,11.122806,556.140298
8,0.06722689075630252,skate,13,10.562909,137.317822
8,0.06722689075630252,sky,50,10.583624,529.181219
8,0.06722689075630252,sled,22,11.976976,263.493469
8,0.06722689075630252,sleep,50,11.381852,569.092578
8,0.06722689075630252,sleepy,50,10.883486,544.174280
8,0.06722689075630252,slide,50,10.833170,541.658487
8,0.06722689075630252,slipper,50,11.290858,564.542898
8,0.06722689075630252,slow,50,12.100700,605.034987
8,0.06722689075630252,smile,50,11.890014,594.500691
8,0.06722689075630252,snack,50,10.944530,547.226487
8,0.06722689075630252,snow,50,11.145376,557.268819
8,0.06722689075630252,so,50,10.315677,515.783866
8,0.06722689075630252,soap,50,11.610884,580.544177
8,0.06722689075630252,sock,50,11.530526,576.526295
8,0.06722689075630252,soda,50,9.982885,499.144243
8,0.06722689075630252,sofa,50,11.024828,551.241392
8,0.06722689075630252,soft,50,10.266861,513.343051
8,0.06722689075630252,some,50,12.195259,609.762951
8,0.06722689075630252,soup,50,11.753913,587.695662
8,0.06722689075630252,spill,50,10.163869,508.193451
8,0.06722689075630252,splash,50,12.947782,647.389099
8,0.06722689075630252,spoon,50,10.552629,527.631468
8,0.06722689075630252,sprinkler,13,12.077661,157.009595
8,0.06722689075630252,squirrel,50,12.463346,623.167278
8,0.06722689075630252,stairs,50,11.192213,559.610641
8,0.06722689075630252,stand,50,11.340489,567.024460
8,0.06722689075630252,star,50,10.135758,506.787880
8,0.06722689075630252,stay,50,9.559498,477.974924
8,0.06722689075630252,stick,50,11.447476,572.373791
8,0.06722689075630252,sticky,50,10.688574,534.428690
8,0.06722689075630252,stone,50,10.905904,545.295198
8,0.06722689075630252,stop,50,12.175827,608.791370
8,0.06722689075630252,store,50,12.026541,601.327030
8,0.06722689075630252,story,50,11.329497,566.474830
8,0.06722689075630252,stove,50,11.483264,574.163184
8,0.06722689075630252,strawberry,50,10.254180,512.709001
8,0.06722689075630252,street,50,11.359689,567.984469
8,0.06722689075630252,stroller,50,11.190954,559.547683
8,0.06722689075630252,stuck,50,11.955616,597.780807
8,0.06722689075630252,sun,50,11.099337,554.966865
8,0.06722689075630252,sweater,50,10.390433,519.521655
8,0.06722689075630252,sweep,50,11.553113,577.655625
8,0.06722689075630252,swim,50,10.408258,520.412919
8,0.06722689075630252,swing,50,10.782863,539.143129
8,0.06722689075630252,table,50,11.113431,555.671565
8,0.06722689075630252,take,50,10.938430,546.921490
8,0.06722689075630252,talk,50,12.319360,615.967979
8,0.06722689075630252,tape,50,10.603405,530.170241
8,0.06722689075630252,taste,50,10.143476,507.173824
8,0.06722689075630252,teacher,50,10.455985,522.799240
8,0.06722689075630252,tear,50,10.083137,504.156837
8,0.06722689075630252,telephone,50,11.200617,560.030866
8,0.06722689075630252,thank,50,11.032314,551.615689
8,0.06722689075630252,that,50,9.860508,493.025415
8,0.06722689075630252,the,50,8.262494,413.124676
8,0.06722689075630252,their,50,10.520450,526.022494
8,0.06722689075630252,them,50,10.589208,529.460383
8,0.06722689075630252,then,50,10.165280,508.264017
8,0.06722689075630252,there,50,10.098916,504.945816
8,0.06722689075630252,these,50,9.997682,499.884109
8,0.06722689075630252,they,50,9.753078,487.653903
8,0.06722689075630252,think,50,10.699301,534.965048
8,0.06722689075630252,thirsty,50,11.436971,571.848529
8,0.06722689075630252,this,50,9.841274,492.063710
8,0.06722689075630252,those,50,11.117055,555.852736
8,0.06722689075630252,throw,50,10.713793,535.689671
8,0.06722689075630252,tickle,50,10.646783,532.339172
8,0.06722689075630252,tiger,50,11.907546,595.377302
8,0.06722689075630252,time,50,10.366111,518.305564
8,0.06722689075630252,tiny,50,10.775007,538.750352
8,0.06722689075630252,tired,50,11.955832,597.791598
8,0.06722689075630252,tissue,50,10.925305,546.265244
8,0.06722689075630252,to,50,10.638156,531.907787
8,0.06722689075630252,toast,50,11.061661,553.083035
8,0.06722689075630252,today,50,11.056410,552.820517
8,0.06722689075630252,tomorrow,50,12.047729,602.386449
8,0.06722689075630252,tongue,50,11.219080,560.953978
8,0.06722689075630252,tonight,50,11.016227,550.811363
8,0.06722689075630252,too,50,10.653930,532.696485
8,0.06722689075630252,tooth,50,10.918105,545.905227
8,0.06722689075630252,toothbrush,50,11.656138,582.806879
8,0.06722689075630252,touch,50,10.335604,516.780218
8,0.06722689075630252,towel,50,10.488880,524.444002
8,0.06722689075630252,tractor,50,11.214844,560.742189
8,0.06722689075630252,train,50,9.513540,475.676985
8,0.06722689075630252,trash,50,10.929667,546.483343
8,0.06722689075630252,tray,50,11.703602,585.180107
8,0.06722689075630252,tree,50,10.940770,547.038506
8,0.06722689075630252,truck,50,11.143260,557.163013
8,0.06722689075630252,try,50,11.362383,568.119143
8,0.06722689075630252,tummy,50,10.120285,506.014256
8,0.06722689075630252,tuna,50,11.046863,552.343126
8,0.06722689075630252,turkey,50,11.507732,575.386617
8,0.06722689075630252,turn,50,10.711552,535.577589
8,0.06722689075630252,turtle,50,11.174465,558.723234
8,0.06722689075630252,tv,50,12.081768,604.088396
8,0.06722689075630252,uh,50,10.749274,537.463683
8,0.06722689075630252,uncle,50,11.408339,570.416935
8,0.06722689075630252,under,50,11.201025,560.051230
8,0.06722689075630252,up,50,10.789363,539.468165
8,0.06722689075630252,us,50,10.443555,522.177765
8,0.06722689075630252,vacuum,50,11.606578,580.328876
8,0.06722689075630252,vanilla,50,12.012838,600.641905
8,0.06722689075630252,wait,50,10.349428,517.471376
8,0.06722689075630252,wake,50,10.705831,535.291569
8,0.06722689075630252,walk,50,10.458959,522.947935
8,0.06722689075630252,walker,12,10.558619,126.703423
8,0.06722689075630252,wanna,50,9.341512,467.075580
8,0.06722689075630252,was,50,10.655563,532.778139
8,0.06722689075630252,wash,50,10.898825,544.941242
8,0.06722689075630252,washing,50,10.950483,547.524154
8,0.06722689075630252,watch,50,10.370316,518.515821
8,0.06722689075630252,water,50,9.976103,498.805163
8,0.06722689075630252,we,50,10.668002,533.400101
8,0.06722689075630252,were,50,10.133302,506.665095
8,0.06722689075630252,wet,50,11.015863,550.793172
8,0.06722689075630252,what,50,10.281788,514.089388
8,0.06722689075630252,when,50,10.428379,521.418971
8,0.06722689075630252,where,50,9.986757,499.337864
8,0.06722689075630252,which,50,11.347669,567.383466
8,0.06722689075630252,white,50,11.206858,560.342904
8,0.06722689075630252,who,50,10.563225,528.161270
8,0.06722689075630252,why,50,10.888801,544.440047
8,0.06722689075630252,will,50,11.031930,551.596480
8,0.06722689075630252,wind,50,10.506484,525.324197
8,0.06722689075630252,window,50,11.068679,553.433947
8,0.06722689075630252,windy,50,10.506200,525.310005
8,0.06722689075630252,wipe,50,11.297704,564.885208
8,0.06722689075630252,wish,50,10.952487,547.624333
8,0.06722689075630252,with,50,10.206244,510.312181
8,0.06722689075630252,wolf,50,11.847659,592.382964
8,0.06722689075630252,woods,48,10.986252,527.340119
8,0.06722689075630252,woof,50,10.032904,501.645184
8,0.06722689075630252,work,50,10.104864,505.243176
8,0.06722689075630252,would,50,10.167081,508.354030
8,0.06722689075630252,write,50,10.137906,506.895309
8,0.06722689075630252,yard,50,10.425817,521.290831
8,0.06722689075630252,yellow,50,10.676447,533.822335
8,0.06722689075630252,yes,50,10.142118,507.105912
8,0.06722689075630252,yesterday,50,11.232048,561.602390
8,0.06722689075630252,yogurt,50,10.390756,519.537824
8,0.06722689075630252,you,50,8.342893,417.144669
8,0.06722689075630252,your,50,9.085398,454.269917
8,0.06722689075630252,yourself,50,10.834889,541.744468
8,0.06722689075630252,yum,50,11.057679,552.883932
8,0.06722689075630252,zebra,50,10.577788,528.889390
8,0.06722689075630252,zipper,40,10.643891,425.755651
8,0.06722689075630252,zoo,50,11.144359,557.217970
10,0.08403361344537816,a,50,8.419574,420.978679
10,0.08403361344537816,about,50,10.100187,505.009329
10,0.08403361344537816,above,50,10.830217,541.510863
10,0.08403361344537816,after,50,10.846711,542.335570
10,0.08403361344537816,airplane,50,11.199159,559.957952
10,0.08403361344537816,all,50,10.827333,541.366641
10,0.08403361344537816,alligator,50,10.763978,538.198886
10,0.08403361344537816,am,50,10.347213,517.360628
10,0.08403361344537816,and,50,9.955211,497.760564
10,0.08403361344537816,animal,50,11.008264,550.413207
10,0.08403361344537816,ankle,5,11.304714,56.523570
10,0.08403361344537816,another,50,10.383404,519.170177
10,0.08403361344537816,any,50,9.813526,490.676312
10,0.08403361344537816,apple,50,10.839709,541.985440
10,0.08403361344537816,are,50,10.500771,525.038567
10,0.08403361344537816,arm,50,12.017405,600.870247
10,0.08403361344537816,around,50,9.948270,497.413507
10,0.08403361344537816,asleep,50,11.478879,573.943939
10,0.08403361344537816,at,50,9.572612,478.630586
10,0.08403361344537816,aunt,42,11.142228,467.973561
10,0.08403361344537816,awake,50,11.242409,562.120469
10,0.08403361344537816,away,50,11.344110,567.205486
10,0.08403361344537816,baby,50,9.655459,482.772947
10,0.08403361344537816,babysitter,11,11.556059,127.116652
10,0.08403361344537816,back,50,10.407349,520.367464
10,0.08403361344537816,backyard,19,11.315083,214.986586
10,0.08403361344537816,bad,50,11.842211,592.110573
10,0.08403361344537816,ball,50,10.133206,506.660279
10,0.08403361344537816,balloon,50,11.096878,554.843906
10,0.08403361344537816,banana,50,11.283654,564.182690
10,0.08403361344537816,basement,26,11.234273,292.091106
10,0.08403361344537816,basket,50,10.489986,524.499284
10,0.08403361344537816,bat,50,10.799625,539.981275
10,0.08403361344537816,bath,50,10.563095,528.154750
10,0.08403361344537816,bathroom,50,11.186333,559.316670
10,0.08403361344537816,bathtub,31,11.604404,359.736521
10,0.08403361344537816,be,50,11.508703,575.435161
10,0.08403361344537816,beach,50,10.780800,539.040001
10,0.08403361344537816,beads,50,11.133020,556.650992
10,0.08403361344537816,beans,50,10.256343,512.817144
10,0.08403361344537816,bear,50,11.210414,560.520717
10,0.08403361344537816,because,50,9.483202,474.160110
10,0.08403361344537816,bed,50,11.239205,561.960228
10,0.08403361344537816,bedroom,50,11.337318,566.865898
10,0.08403361344537816,bee,50,11.774296,588.714823
10,0.08403361344537816,before,50,10.161554,508.077703
10,0.08403361344537816,behind,50,10.219838,510.991890
10,0.08403361344537816,belly,50,11.226350,561.317492
10,0.08403361344537816,belt,50,12.219258,610.962881
10,0.08403361344537816,bench,50,11.405431,570.271557
10,0.08403361344537816,beside,50,10.258257,512.912828
10,0.08403361344537816,better,50,10.115726,505.786297
10,0.08403361344537816,bib,50,10.665304,533.265185
10,0.08403361344537816,bicycle,50,11.044824,552.241220
10,0.08403361344537816,big,50,10.573134,528.656699
10,0.08403361344537816,bird,50,10.610325,530.516235
10,0.08403361344537816,bite,50,11.512743,575.637148
10,0.08403361344537816,black,50,11.107391,555.369549
10,0.08403361344537816,blanket,50,11.570737,578.536848
10,0.08403361344537816,block,50,11.577139,578.856957
10,0.08403361344537816,blow,50,10.852711,542.635555
10,0.08403361344537816,blue,50,10.433240,521.662019
10,0.08403361344537816,boat,50,11.462913,573.145658
10,0.08403361344537816,book,50,9.933742,496.687095
10,0.08403361344537816,boots,50,10.138204,506.910196
10,0.08403361344537816,bottle,50,11.205075,560.253752
10,0.08403361344537816,bowl,50,11.117870,555.893513
10,0.08403361344537816,box,50,9.065230,453.261513
10,0.08403361344537816,boy,50,10.964183,548.209134
10,0.08403361344537816,bread,50,10.090763,504.538128
10,0.08403361344537816,break,50,10.532623,526.631136
10,0.08403361344537816,breakfast,50,10.886618,544.330886
10,0.08403361344537816,bring,50,10.894148,544.707422
10,0.08403361344537816,broken,50,11.014004,550.700175
10,0.08403361344537816,broom,50,11.053259,552.662941
10,0.08403361344537816,brother,50,11.522665,576.133233
10,0.08403361344537816,brown,50,10.891611,544.580526
10,0.08403361344537816,brush,50,11.152192,557.609591
10,0.08403361344537816,bubbles,50,11.169923,558.496138
10,0.08403361344537816,bucket,50,10.813486,540.674281
10,0.08403361344537816,bug,50,11.644007,582.200341
10,0.08403361344537816,build,50,11.730971,586.548532
10,0.08403361344537816,bump,50,10.482115,524.105769
10,0.08403361344537816,bunny,50,10.642875,532.143760
10,0.08403361344537816,bus,50,10.039327,501.966367
10,0.08403361344537816,but,50,9.833324,491.666221
10,0.08403361344537816,butter,50,12.331114,616.555710
10,0.08403361344537816,butterfly,50,11.505937,575.296855
10,0.08403361344537816,button,50,11.409719,570.485943
10,0.08403361344537816,buy,50,12.015168,600.758407
10,0.08403361344537816,by,50,10.299827,514.991326
10,0.08403361344537816,bye,50,10.338496,516.924791
10,0.08403361344537816,cake,50,11.697406,584.870295
10,0.08403361344537816,call,50,11.323958,566.197911
10,0.08403361344537816,camera,50,11.082635,554.131737
10,0.08403361344537816,camping,31,11.710252,363.017808
10,0.08403361344537816,can,50,8.526901,426.345066
10,0.08403361344537816,candy,50,12.004110,600.205501
10,0.08403361344537816,car,50,9.555784,477.789180
10,0.08403361344537816,careful,50,10.431998,521.599888
10,0.08403361344537816,carrots,50,10.840833,542.041660
10,0.08403361344537816,carry,50,11.022057,551.102839
10,0.08403361344537816,cat,50,10.419755,520.987762
10,0.08403361344537816,catch,50,11.018529,550.926463
10,0.08403361344537816,cereal,50,10.893918,544.695924
10,0.08403361344537816,chair,50,11.051130,552.556493
10,0.08403361344537816,chalk,40,11.203649,448.145944
10,0.08403361344537816,chase,49,10.824401,530.395660
10,0.08403361344537816,cheek,35,12.097146,423.400111
10,0.08403361344537816,cheese,50,10.781034,539.051709
10,0.08403361344537816,chicken,50,10.466142,523.307107
10,0.08403361344537816,child,50,10.767067,538.353339
10,0.08403361344537816,chin,50,10.678575,533.928761
10,0.08403361344537816,chocolate,50,11.301061,565.053026
10,0.08403361344537816,choo,50,10.806687,540.334351
10,0.08403361344537816,church,50,10.973318,548.665895
10,0.08403361344537816,circus,50,10.903223,545.161146
10,0.08403361344537816,clap,50,11.280152,564.007591
10,0.08403361344537816,clean,50,10.969403,548.470155
10,0.08403361344537816,climb,50,10.332407,516.620374
10,0.08403361344537816,clock,50,11.427203,571.360147
10,0.08403361344537816,close,50,10.227946,511.397291
10,0.08403361344537816,closet,50,11.345853,567.292633
10,0.08403361344537816,cloud,50,10.621383,531.069136
10,0.08403361344537816,clown,50,11.183420,559.170997
10,0.08403361344537816,coat,50,10.927743,546.387130
10,0.08403361344537816,coffee,50,10.652888,532.644379
10,0.08403361344537816,coke,50,10.606490,530.324475
10,0.08403361344537816,cold,50,12.683537,634.176869
10,0.08403361344537816,comb,50,10.501667,525.083352
10,0.08403361344537816,cook,50,11.649405,582.470273
10,0.08403361344537816,cookie,50,11.401041,570.052029
10,0.08403361344537816,corn,50,11.416426,570.821305
10,0.08403361344537816,couch,50,12.607603,630.380130
10,0.08403361344537816,could,50,9.625860,481.293005
10,0.08403361344537816,country,50,10.771125,538.556271
10,0.08403361344537816,cover,50,9.695709,484.785448
10,0.08403361344537816,cow,50,10.950744,547.537177
10,0.08403361344537816,cowboy,50,10.374486,518.724291
10,0.08403361344537816,cracker,50,10.717910,535.895508
10,0.08403361344537816,crayon,50,10.421754,521.087689
10,0.08403361344537816,crib,50,11.286008,564.300377
10,0.08403361344537816,cry,50,10.776408,538.820394
10,0.08403361344537816,cup,50,10.567031,528.351526
10,0.08403361344537816,cut,50,10.879330,543.966511
10,0.08403361344537816,cute,50,11.113030,555.651492
10,0.08403361344537816,daddy,50,10.998382,549.919105
10,0.08403361344537816,dance,50,12.310163,615.508159
10,0.08403361344537816,dark,50,11.723456,586.172814
10,0.08403361344537816,day,50,10.783488,539.174414
10,0.08403361344537816,deer,50,11.341470,567.073514
10,0.08403361344537816,diaper,50,11.067755,553.387754
10,0.08403361344537816,did,50,9.928068,496.403415
10,0.08403361344537816,dinner,50,11.058545,552.927266
10,0.08403361344537816,dirty,50,9.896263,494.813169
10,0.08403361344537816,dish,50,11.386911,569.345556
10,0.08403361344537816,do,50,9.778711,488.935543
10,0.08403361344537816,doctor,50,11.194549,559.727434
10,0.08403361344537816,does,50,10.379507,518.975330
10,0.08403361344537816,dog,50,10.652373,532.618638
10,0.08403361344537816,doll,50,11.442372,572.118581
10,0.08403361344537816,donkey,50,11.781664,589.083214
10,0.08403361344537816,donut,41,11.135582,456.558855
10,0.08403361344537816,door,50,11.463814,573.190681
10,0.08403361344537816,down,50,10.727516,536.375812
10,0.08403361344537816,downtown,8,10.487259,83.898071
10,0.08403361344537816,draw,50,10.838178,541.908878
10,0.08403361344537816,drawer,50,11.134057,556.702844
10,0.08403361344537816,dress,50,11.198246,559.912281
10,0.08403361344537816,drink,50,10.667744,533.387179
10,0.08403361344537816,drive,50,11.097770,554.888491
10,0.08403361344537816,drop,50,11.177848,558.892386
10,0.08403361344537816,dry,50,11.413468,570.673391
10,0.08403361344537816,dryer,20,11.131068,222.621354
10,0.08403361344537816,duck,50,10.415370,520.768500
10,0.08403361344537816,dump,50,10.349637,517.481862
10,0.08403361344537816,each,50,10.281171,514.058566
10,0.08403361344537816,ear,50,10.053405,502.670262
10,0.08403361344537816,eat,50,10.073120,503.656018
10,0.08403361344537816,egg,50,11.115179,555.758942
10,0.08403361344537816,elephant,50,11.274391,563.719533
10,0.08403361344537816,empty,50,10.515407,525.770360
10,0.08403361344537816,every,50,11.794120,589.705987
10,0.08403361344537816,eye,50,10.786778,539.338924
10,0.08403361344537816,face,50,10.506340,525.316995
10,0.08403361344537816,fall,50,10.420765,521.038238
10,0.08403361344537816,farm,50,11.343752,567.187589
10,0.08403361344537816,fast,50,10.260139,513.006967
10,0.08403361344537816,feed,50,10.160834,508.041716
10,0.08403361344537816,find,50,11.657658,582.882900
10,0.08403361344537816,fine,50,10.546272,527.313593
10,0.08403361344537816,finger,50,11.027358,551.367887
10,0.08403361344537816,finish,50,10.586203,529.310165
10,0.08403361344537816,first,50,10.527865,526.393261
10,0.08403361344537816,fish,50,10.446101,522.305027
10,0.08403361344537816,fit,50,11.810694,590.534691
10,0.08403361344537816,fix,50,10.853782,542.689085
10,0.08403361344537816,flag,50,11.342869,567.143438
10,0.08403361344537816,flower,50,10.895744,544.787181
10,0.08403361344537816,food,50,11.073641,553.682062
10,0.08403361344537816,foot,50,10.935384,546.769202
10,0.08403361344537816,for,50,10.435182,521.759120
10,0.08403361344537816,fork,50,9.978368,498.918393
10,0.08403361344537816,french,50,11.448036,572.401804
10,0.08403361344537816,friend,50,11.104884,555.244184
10,0.08403361344537816,frog,50,10.050775,502.538736
10,0.08403361344537816,full,50,11.537648,576.882413
10,0.08403361344537816,game,50,10.585342,529.267084
10,0.08403361344537816,garage,50,10.871979,543.598926
10,0.08403361344537816,garbage,50,11.145070,557.253502
10,0.08403361344537816,garden,50,11.660036,583.001787
10,0.08403361344537816,gas,50,11.672392,583.619590
10,0.08403361344537816,gentle,50,11.241870,562.093509
10,0.08403361344537816,get,50,10.430187,521.509352
10,0.08403361344537816,giraffe,50,11.430003,571.500134
10,0.08403361344537816,girl,50,10.199252,509.962586
10,0.08403361344537816,give,50,10.277089,513.854458
10,0.08403361344537816,glass,50,10.894635,544.731760
10,0.08403361344537816,glasses,50,10.914692,545.734599
10,0.08403361344537816,gloves,50,10.535425,526.771266
10,0.08403361344537816,glue,50,10.228373,511.418640
10,0.08403361344537816,go,50,9.627662,481.383108
10,0.08403361344537816,good,50,9.667123,483.356130
10,0.08403361344537816,goose,50,10.214673,510.733665
10,0.08403361344537816,grandma,50,11.860944,593.047196
10,0.08403361344537816,grandpa,45,10.466710,471.001954
10,0.08403361344537816,grapes,50,11.517837,575.891838
10,0.08403361344537816,grass,50,10.870407,543.520366
10,0.08403361344537816,green,50,11.060542,553.027085
10,0.08403361344537816,gum,50,11.584524,579.226190
10,0.08403361344537816,hair,50,10.575032,528.751594
10,0.08403361344537816,hamburger,50,11.180600,559.030022
10,0.08403361344537816,hammer,50,10.580000,529.000017
10,0.08403361344537816,hand,50,10.142675,507.133739
10,0.08403361344537816,happy,50,11.546171,577.308560
10,0.08403361344537816,hard,50,10.818325,540.916236
10,0.08403361344537816,hat,50,10.632729,531.636426
10,0.08403361344537816,hate,50,11.885912,594.295596
10,0.08403361344537816,have,50,8.626269,431.313455
10,0.08403361344537816,he,50,9.635164,481.758214
10,0.08403361344537816,head,50,10.665639,533.281938
10,0.08403361344537816,hear,50,10.603026,530.151287
10,0.08403361344537816,heavy,50,10.553272,527.663624
10,0.08403361344537816,helicopter,50,10.752810,537.640490
10,0.08403361344537816,hello,50,10.811449,540.572435
10,0.08403361344537816,help,50,12.101995,605.099737
10,0.08403361344537816,her,50,10.605423,530.271144
10,0.08403361344537816,here,50,10.149889,507.494432
10,0.08403361344537816,hi,50,11.162437,558.121840
10,0.08403361344537816,hide,50,11.000366,550.018278
10,0.08403361344537816,high,50,10.468603,523.430171
10,0.08403361344537816,him,50,10.157735,507.886732
10,0.08403361344537816,his,50,9.904979,495.248959
10,0.08403361344537816,hit,50,11.237337,561.866848
10,0.08403361344537816,hold,50,11.525090,576.254491
10,0.08403361344537816,home,50,10.877304,543.865201
10,0.08403361344537816,horse,50,10.619005,530.950252
10,0.08403361344537816,hose,50,12.385276,619.263812
10,0.08403361344537816,hot,50,11.422013,571.100658
10,0.08403361344537816,house,50,9.734832,486.741585
10,0.08403361344537816,how,50,11.509688,575.484380
10,0.08403361344537816,hug,50,10.989588,549.479424
10,0.08403361344537816,hungry,50,9.568866,478.443318
10,0.08403361344537816,hurry,50,10.819963,540.998169
10,0.08403361344537816,hurt,50,10.501888,525.094415
10,0.08403361344537816,i,50,10.709068,535.453398
10,0.08403361344537816,ice,50,11.207361,560.368054
10,0.08403361344537816,if,50,10.629160,531.458014
10,0.08403361344537816,inside,50,10.439142,521.957099
10,0.08403361344537816,into,50,10.953317,547.665829
10,0.08403361344537816,is,50,9.423593,471.179631
10,0.08403361344537816,it,50,9.010939,450.546949
10,0.08403361344537816,jacket,50,10.117618,505.880897
10,0.08403361344537816,jar,50,12.082853,604.142661
10,0.08403361344537816,jeans,16,10.813041,173.008652
10,0.08403361344537816,jelly,50,11.370651,568.532568
10,0.08403361344537816,juice,50,10.254442,512.722089
10,0.08403361344537816,jump,50,10.731182,536.559108
10,0.08403361344537816,keys,50,11.134461,556.723069
10,0.08403361344537816,kick,50,10.699177,534.958855
10,0.08403361344537816,kiss,50,10.304809,515.240472
10,0.08403361344537816,kitchen,50,11.341079,567.053972
10,0.08403361344537816,kitty,50,9.985653,499.282625
10,0.08403361344537816,knee,50,12.201712,610.085621
10,0.08403361344537816,knife,50,10.934684,546.734202
10,0.08403361344537816,knock,50,11.593750,579.687492
10,0.08403361344537816,ladder,50,11.524487,576.224342
10,0.08403361344537816,lady,50,11.040378,552.018885
10,0.08403361344537816,lamb,50,9.512832,475.641600
10,0.08403361344537816,lamp,50,11.250837,562.541845
10,0.08403361344537816,last,50,10.247415,512.370726
10,0.08403361344537816,later,50,10.162258,508.112890
10,0.08403361344537816,lawn,37,11.560168,427.726211
10,0.08403361344537816,leg,50,11.509630,575.481476
10,0.08403361344537816,lick,50,10.913502,545.675080
10,0.08403361344537816,light,50,11.390008,569.500401
10,0.08403361344537816,like,50,10.117848,505.892414
10,0.08403361344537816,lion,50,11.582495,579.124729
10,0.08403361344537816,lips,50,12.873755,643.687757
10,0.08403361344537816,listen,50,10.641785,532.089231
10,0.08403361344537816,little,50,10.931019,546.550949
10,0.08403361344537816,living,50,11.140285,557.014232
10,0.08403361344537816,lollipop,50,11.033401,551.670035
10,0.08403361344537816,long,50,10.522934,526.146699
10,0.08403361344537816,look,50,10.366066,518.303305
10,0.08403361344537816,loud,50,10.526594,526.329692
10,0.08403361344537816,love,50,10.180847,509.042359
10,0.08403361344537816,lunch,50,10.494765,524.738265
10,0.08403361344537816,mad,50,9.955619,497.780969
10,0.08403361344537816,make,50,10.956204,547.810225
10,0.08403361344537816,man,50,11.146810,557.340513
10,0.08403361344537816,me,50,10.731433,536.571630
10,0.08403361344537816,meat,50,11.121621,556.081038
10,0.08403361344537816,medicine,50,10.891635,544.581739
10,0.08403361344537816,milk,50,11.121783,556.089171
10,0.08403361344537816,mine,50,10.445426,522.271321
10,0.08403361344537816,mommy,50,11.297121,564.856067
10,0.08403361344537816,money,50,11.579256,578.962778
10,0.08403361344537816,monkey,50,9.077261,453.863030
10,0.08403361344537816,moo,50,11.086724,554.336191
10,0.08403361344537816,moon,50,10.982391,549.119526
10,0.08403361344537816,moose,32,10.742537,343.761195
10,0.08403361344537816,mop,40,11.509332,460.373282
10,0.08403361344537816,more,50,10.118386,505.919283
10,0.08403361344537816,morning,50,11.556327,577.816357
10,0.08403361344537816,motorcycle,50,10.966069,548.303449
10,0.08403361344537816,mouse,50,11.415310,570.765503
10,0.08403361344537816,mouth,50,10.585262,529.263076
10,0.08403361344537816,movie,50,11.817845,590.892255
10,0.08403361344537816,much,50,10.857887,542.894371
10,0.08403361344537816,muffin,50,11.847245,592.362264
10,0.08403361344537816,my,50,10.242624,512.131221
10,0.08403361344537816,myself,50,10.350863,517.543138
10,0.08403361344537816,nail,50,11.715848,585.792417
10,0.08403361344537816,nap,50,10.863895,543.194736
10,0.08403361344537816,napkin,50,11.303826,565.191305
10,0.08403361344537816,naughty,50,10.466769,523.338427
10,0.08403361344537816,necklace,50,12.123448,606.172389
10,0.08403361344537816,need,50,11.422920,571.145985
10,0.08403361344537816,new,50,10.994676,549.733799
10,0.08403361344537816,next,50,11.269157,563.457863
10,0.08403361344537816,nice,50,9.410703,470.535143
10,0.08403361344537816,night,50,10.109035,505.451741
10,0.08403361344537816,no,50,9.386302,469.315077
10,0.08403361344537816,noisy,50,11.371412,568.570580
10,0.08403361344537816,none,50,10.656533,532.826632
10,0.08403361344537816,noodles,50,10.772803,538.640131
10,0.08403361344537816,nose,50,10.664936,533.246821
10,0.08403361344537816,not,50,11.150179,557.508944
10,0.08403361344537816,now,50,11.090356,554.517796
10,0.08403361344537816,nurse,50,11.164252,558.212606
10,0.08403361344537816,nuts,50,11.882226,594.111307
10,0.08403361344537816,of,50,10.846240,542.312012
10,0.08403361344537816,off,50,10.261430,513.071505
10,0.08403361344537816,old,50,10.151446,507.572291
10,0.08403361344537816,on,50,9.604551,480.227544
10,0.08403361344537816,open,50,11.040334,552.016710
10,0.08403361344537816,orange,50,10.271286,513.564276
10,0.08403361344537816,other,50,9.830168,491.508423
10,0.08403361344537816,ouch,50,10.499932,524.996576
10,0.08403361344537816,our,50,10.415433,520.771628
10,0.08403361344537816,out,50,10.191990,509.599503
10,0.08403361344537816,outside,50,10.387706,519.385298
10,0.08403361344537816,oven,50,11.729058,586.452898
10,0.08403361344537816,over,50,10.219097,510.954863
10,0.08403361344537816,owl,50,10.032625,501.631231
10,0.08403361344537816,paint,50,12.484556,624.227789
10,0.08403361344537816,pajamas,50,11.033500,551.675004
10,0.08403361344537816,pancake,46,11.241313,517.100380
10,0.08403361344537816,pants,50,10.544407,527.220370
10,0.08403361344537816,paper,50,11.123781,556.189073
10,0.08403361344537816,park,50,10.180144,509.007209
10,0.08403361344537816,party,50,11.037676,551.883777
10,0.08403361344537816,peanut,50,11.283059,564.152936
10,0.08403361344537816,peas,50,9.812258,490.612904
10,0.08403361344537816,pen,50,11.114098,555.704883
10,0.08403361344537816,pencil,50,10.806450,540.322494
10,0.08403361344537816,penguin,50,11.049310,552.465478
10,0.08403361344537816,penis,18,10.668094,192.025693
10,0.08403361344537816,penny,50,11.572201,578.610025
10,0.08403361344537816,people,50,10.494556,524.727796
10,0.08403361344537816,person,50,11.396523,569.826138
10,0.08403361344537816,pick,50,11.172416,558.620799
10,0.08403361344537816,pickle,50,11.513866,575.693297
10,0.08403361344537816,picnic,50,11.671547,583.577341
10,0.08403361344537816,picture,50,10.897082,544.854100
10,0.08403361344537816,pig,50,10.886005,544.300274
10,0.08403361344537816,pillow,50,10.549866,527.493294
10,0.08403361344537816,pizza,50,11.456401,572.820033
10,0.08403361344537816,plant,50,10.622704,531.135200
10,0.08403361344537816,plate,50,11.842797,592.139836
10,0.08403361344537816,play,50,10.087757,504.387850
10,0.08403361344537816,playground,22,12.010701,264.235429
10,0.08403361344537816,please,50,10.866056,543.302793
10,0.08403361344537816,police,50,11.672167,583.608374
10,0.08403361344537816,pony,50,10.371252,518.562620
10,0.08403361344537816,pool,50,11.318294,565.914683
10,0.08403361344537816,poor,50,10.601928,530.096404
10,0.08403361344537816,popcorn,50,11.390602,569.530105
10,0.08403361344537816,popsicle,31,10.976193,340.261971
10,0.08403361344537816,porch,31,10.717056,332.228738
10,0.08403361344537816,potato,50,10.881290,544.064488
10,0.08403361344537816,pour,50,11.382144,569.107178
10,0.08403361344537816,present,50,11.195650,559.782523
10,0.08403361344537816,pretend,50,11.075536,553.776779
10,0.08403361344537816,pretty,50,9.833303,491.665136
10,0.08403361344537816,pretzel,50,10.085034,504.251697
10,0.08403361344537816,pudding,50,11.298323,564.916128
10,0.08403361344537816,pull,50,11.454869,572.743427
10,0.08403361344537816,pumpkin,50,10.955654,547.782699
10,0.08403361344537816,puppy,50,10.918762,545.938089
10,0.08403361344537816,purse,50,10.743939,537.196942
10,0.08403361344537816,push,50,11.084470,554.223512
10,0.08403361344537816,put,50,10.803258,540.162889
10,0.08403361344537816,puzzle,50,11.320851,566.042542
10,0.08403361344537816,quack,50,10.445818,522.290882
10,0.08403361344537816,quiet,50,11.420585,571.029270
10,0.08403361344537816,radio,50,10.882525,544.126270
10,0.08403361344537816,rain,50,10.987005,549.350257
10,0.08403361344537816,raisin,43,12.316693,529.617778
10,0.08403361344537816,read,50,11.938934,596.946675
10,0.08403361344537816,red,50,10.505424,525.271224
10,0.08403361344537816,refrigerator,50,10.889418,544.470919
10,0.08403361344537816,ride,50,11.105582,555.279115
10,0.08403361344537816,rip,50,10.950304,547.515220
10,0.08403361344537816,rock,50,10.595260,529.762990
10,0.08403361344537816,rocking,50,11.682130,584.106494
10,0.08403361344537816,roof,50,10.744485,537.224269
10,0.08403361344537816,room,50,10.676007,533.800326
10,0.08403361344537816,rooster,50,10.947482,547.374087
10,0.08403361344537816,run,50,10.149742,507.487076
10,0.08403361344537816,sad,50,10.982332,549.116616
10,0.08403361344537816,salt,50,10.994734,549.736717
10,0.08403361344537816,same,50,10.828028,541.401424
10,0.08403361344537816,sandwich,50,11.578264,578.913195
10,0.08403361344537816,sauce,50,10.982569,549.128438
10,0.08403361344537816,say,50,10.239231,511.961560
10,0.08403361344537816,scared,50,11.151154,557.557683
10,0.08403361344537816,scarf,50,10.305350,515.267481
10,0.08403361344537816,school,50,10.825423,541.271164
10,0.08403361344537816,scissors,50,10.748810,537.440480
10,0.08403361344537816,see,50,9.724720,486.235988
10,0.08403361344537816,shake,50,10.879634,543.981721
10,0.08403361344537816,share,50,11.012976,550.648822
10,0.08403361344537816,she,50,10.525313,526.265675
10,0.08403361344537816,sheep,50,9.789445,489.472234
10,0.08403361344537816,shh,50,11.389974,569.498722
10,0.08403361344537816,shirt,50,11.016008,550.800409
10,0.08403361344537816,shoe,50,12.332317,616.615869
10,0.08403361344537816,shopping,50,11.920499,596.024935
10,0.08403361344537816,shorts,50,11.050138,552.506885
10,0.08403361344537816,shoulder,50,11.257526,562.876324
10,0.08403361344537816,shovel,50,10.870444,543.522206
10,0.08403361344537816,show,50,11.625457,581.272873
10,0.08403361344537816,shower,50,11.269818,563.490907
10,0.08403361344537816,sick,50,11.104643,555.232141
10,0.08403361344537816,sidewalk,19,10.358149,196.804833
10,0.08403361344537816,sing,50,11.604873,580.243673
10,0.08403361344537816,sink,50,11.234759,561.737931
10,0.08403361344537816,sister,50,10.352706,517.635314
10,0.08403361344537816,sit,50,11.055595,552.779742
10,0.08403361344537816,skate,13,10.630940,138.202215
10,0.08403361344537816,sky,50,10.498941,524.947056
10,0.08403361344537816,sled,22,11.781557,259.194261
10,0.08403361344537816,sleep,50,11.177627,558.881337
10,0.08403361344537816,sleepy,50,10.876572,543.828589
10,0.08403361344537816,slide,50,10.584158,529.207894
10,0.08403361344537816,slipper,50,11.215164,560.758194
10,0.08403361344537816,slow,50,12.311154,615.557717
10,0.08403361344537816,smile,50,11.303340,565.166981
10,0.08403361344537816,snack,50,10.837403,541.870173
10,0.08403361344537816,snow,50,11.460253,573.012651
10,0.08403361344537816,so,50,9.846300,492.315009
10,0.08403361344537816,soap,50,11.141135,557.056734
10,0.08403361344537816,sock,50,12.047868,602.393378
10,0.08403361344537816,soda,50,9.947264,497.363202
10,0.08403361344537816,sofa,50,11.312509,565.625446
10,0.08403361344537816,soft,50,10.214747,510.737369
10,0.08403361344537816,some,50,11.378933,568.946632
10,0.08403361344537816,soup,50,11.560443,578.022141
10,0.08403361344537816,spill,50,10.270889,513.544432
10,0.08403361344537816,splash,50,12.810160,640.508004
10,0.08403361344537816,spoon,50,10.401481,520.074027
10,0.08403361344537816,sprinkler,13,11.783822,153.189687
10,0.08403361344537816,squirrel,50,12.180228,609.011423
10,0.08403361344537816,stairs,50,10.811418,540.570886
10,0.08403361344537816,stand,50,11.536446,576.822321
10,0.08403361344537816,star,50,10.293590,514.679517
10,0.08403361344537816,stay,50,9.600336,480.016795
10,0.08403361344537816,stick,50,11.659155,582.957751
10,0.08403361344537816,sticky,50,10.792042,539.602111
10,0.08403361344537816,stone,50,11.044437,552.221868
10,0.08403361344537816,stop,50,11.981888,599.094393
10,0.08403361344537816,store,50,11.389025,569.451239
10,0.08403361344537816,story,50,10.830917,541.545841
10,0.08403361344537816,stove,50,11.500379,575.018966
10,0.08403361344537816,strawberry,50,9.947324,497.366203
10,0.08403361344537816,street,50,10.918987,545.949352
10,0.08403361344537816,stroller,50,11.219132,560.956593
10,0.08403361344537816,stuck,50,11.702033,585.101652
10,0.08403361344537816,sun,50,10.839958,541.997910
10,0.08403361344537816,sweater,50,9.679967,483.998344
10,0.08403361344537816,sweep,50,11.796898,589.844911
10,0.08403361344537816,swim,50,10.419653,520.982672
10,0.08403361344537816,swing,50,10.402897,520.144864
10,0.08403361344537816,table,50,10.900129,545.006466
10,0.08403361344537816,take,50,11.171845,558.592255
10,0.08403361344537816,talk,50,12.063023,603.151153
10,0.08403361344537816,tape,50,10.543932,527.196621
10,0.08403361344537816,taste,50,10.166009,508.300427
10,0.08403361344537816,teacher,50,10.571928,528.596388
10,0.08403361344537816,tear,50,10.124093,506.204666
10,0.08403361344537816,telephone,50,10.828229,541.411473
10,0.08403361344537816,thank,50,10.401046,520.052319
10,0.08403361344537816,that,50,8.916369,445.818460
10,0.08403361344537816,the,50,7.029395,351.469728
10,0.08403361344537816,their,50,10.358073,517.903639
10,0.08403361344537816,them,50,10.335709,516.785468
10,0.08403361344537816,then,50,10.438478,521.923905
10,0.08403361344537816,there,50,9.501516,475.075814
10,0.08403361344537816,these,50,10.111689,505.584441
10,0.08403361344537816,they,50,9.457375,472.868730
10,0.08403361344537816,think,50,10.258881,512.944037
10,0.08403361344537816,thirsty,50,11.132133,556.606636
10,0.08403361344537816,this,50,9.231597,461.579844
10,0.08403361344537816,those,50,10.777811,538.890544
10,0.08403361344537816,throw,50,10.440663,522.033169
10,0.08403361344537816,tickle,50,10.813020,540.651005
10,0.08403361344537816,tiger,50,11.634089,581.704447
10,0.08403361344537816,time,50,10.334888,516.744403
10,0.08403361344537816,tiny,50,10.436442,521.822099
10,0.08403361344537816,tired,50,11.910671,595.533531
10,0.08403361344537816,tissue,50,10.976856,548.842791
10,0.08403361344537816,to,50,10.240069,512.003442
10,0.08403361344537816,toast,50,11.178705,558.935271
10,0.08403361344537816,today,50,10.819962,540.998089
10,0.08403361344537816,tomorrow,50,11.979150,598.957512
10,0.08403361344537816,tongue,50,11.221295,561.064745
10,0.08403361344537816,tonight,50,10.985594,549.279679
10,0.08403361344537816,too,50,10.186013,509.300658
10,0.08403361344537816,tooth,50,11.001885,550.094249
10,0.08403361344537816,toothbrush,50,11.530816,576.540821
10,0.08403361344537816,touch,50,10.525442,526.272096
10,0.08403361344537816,towel,50,10.445480,522.274007
10,0.08403361344537816,tractor,50,10.952214,547.610689
10,0.08403361344537816,train,50,9.386726,469.336298
10,0.08403361344537816,trash,50,11.362791,568.139546
10,0.08403361344537816,tray,50,12.014170,600.708482
10,0.08403361344537816,tree,50,10.412745,520.637238
10,0.08403361344537816,truck,50,10.817225,540.861228
10,0.08403361344537816,try,50,10.933000,546.649976
10,0.08403361344537816,tummy,50,10.580296,529.014790
10,0.08403361344537816,tuna,50,10.672957,533.647844
10,0.08403361344537816,turkey,50,11.871084,593.554205
10,0.08403361344537816,turn,50,10.520123,526.006132
10,0.08403361344537816,turtle,50,11.088819,554.440928
10,0.08403361344537816,tv,50,12.304825,615.241234
10,0.08403361344537816,uh,50,10.334369,516.718462
10,0.08403361344537816,uncle,50,11.722115,586.105767
10,0.08403361344537816,under,50,10.446078,522.303886
10,0.08403361344537816,up,50,10.300592,515.029582
10,0.08403361344537816,us,50,10.449923,522.496164
10,0.08403361344537816,vacuum,50,11.320744,566.037204
10,0.08403361344537816,vanilla,50,11.977461,598.873069
10,0.08403361344537816,wait,50,10.234805,511.740228
10,0.08403361344537816,wake,50,10.769632,538.481603
10,0.08403361344537816,walk,50,10.193713,509.685673
10,0.08403361344537816,walker,12,10.476974,125.723692
10,0.08403361344537816,wanna,50,8.783222,439.161077
10,0.08403361344537816,was,50,10.069656,503.482824
10,0.08403361344537816,wash,50,10.922682,546.134091
10,0.08403361344537816,washing,50,10.690305,534.515237
10,0.08403361344537816,watch,50,10.618015,530.900726
10,0.08403361344537816,water,50,9.978094,498.904718
10,0.08403361344537816,we,50,10.354858,517.742898
10,0.08403361344537816,were,50,9.763400,488.169986
10,0.08403361344537816,wet,50,10.860812,543.040619
10,0.08403361344537816,what,50,9.332430,466.621513
10,0.08403361344537816,when,50,9.864126,493.206322
10,0.08403361344537816,where,50,9.752894,487.644716
10,0.08403361344537816,which,50,11.260906,563.045296
10,0.08403361344537816,white,50,10.797239,539.861926
10,0.08403361344537816,who,50,10.166794,508.339715
10,0.08403361344537816,why,50,10.631576,531.578824
10,0.08403361344537816,will,50,10.889857,544.492836
10,0.08403361344537816,wind,50,10.642432,532.121617
10,0.08403361344537816,window,50,10.820234,541.011685
10,0.08403361344537816,windy,50,10.609496,530.474803
10,0.08403361344537816,wipe,50,11.264257,563.212870
10,0.08403361344537816,wish,50,11.044470,552.223524
10,0.08403361344537816,with,50,9.832982,491.649100
10,0.08403361344537816,wolf,50,11.848443,592.422143
10,0.08403361344537816,woods,48,10.791199,517.977554
10,0.08403361344537816,woof,50,10.226000,511.299996
10,0.08403361344537816,work,50,9.982818,499.140913
10,0.08403361344537816,would,50,10.066575,503.328737
10,0.08403361344537816,write,50,10.252413,512.620638
10,0.08403361344537816,yard,50,10.054162,502.708088
10,0.08403361344537816,yellow,50,10.734658,536.732924
10,0.08403361344537816,yes,50,10.496707,524.835358
10,0.08403361344537816,yesterday,50,11.341886,567.094304
10,0.08403361344537816,yogurt,50,10.384063,519.203161
10,0.08403361344537816,you,50,6.538143,326.907150
10,0.08403361344537816,your,50,8.649039,432.451950
10,0.08403361344537816,yourself,50,10.267244,513.362223
10,0.08403361344537816,yum,50,11.331930,566.596506
10,0.08403361344537816,zebra,50,10.781513,539.075661
10,0.08403361344537816,zipper,40,10.747041,429.881628
10,0.08403361344537816,zoo,50,10.913223,545.661145
14,0.11764705882352941,a,50,8.198807,409.940345
14,0.11764705882352941,about,50,9.778589,488.929430
14,0.11764705882352941,above,50,10.570778,528.538895
14,0.11764705882352941,after,50,10.366886,518.344314
14,0.11764705882352941,airplane,50,10.851986,542.599298
14,0.11764705882352941,all,50,10.381534,519.076711
14,0.11764705882352941,alligator,50,10.539231,526.961561
14,0.11764705882352941,am,50,10.158985,507.949228
14,0.11764705882352941,and,50,9.108434,455.421708
14,0.11764705882352941,animal,50,11.128890,556.444495
14,0.11764705882352941,ankle,5,11.557807,57.789034
14,0.11764705882352941,another,50,10.287407,514.370357
14,0.11764705882352941,any,50,9.539967,476.998349
14,0.11764705882352941,apple,50,10.469255,523.462747
14,0.11764705882352941,are,50,10.239463,511.973157
14,0.11764705882352941,arm,50,11.639244,581.962186
14,0.11764705882352941,around,50,10.035527,501.776354
14,0.11764705882352941,asleep,50,11.921978,596.098925
14,0.11764705882352941,at,50,9.263716,463.185776
14,0.11764705882352941,aunt,42,11.241851,472.157735
14,0.11764705882352941,awake,50,11.084641,554.232050
14,0.11764705882352941,away,50,11.009957,550.497839
14,0.11764705882352941,baby,50,9.064060,453.203008
14,0.11764705882352941,babysitter,11,11.766390,129.430288
14,0.11764705882352941,back,50,10.146910,507.345499
14,0.11764705882352941,backyard,19,11.255133,213.847526
14,0.11764705882352941,bad,50,11.373518,568.675899
14,0.11764705882352941,ball,50,9.857704,492.885176
14,0.11764705882352941,balloon,50,10.804832,540.241611
14,0.11764705882352941,banana,50,11.567042,578.352105
14,0.11764705882352941,basement,26,11.611587,301.901258
14,0.11764705882352941,basket,50,10.515058,525.752892
14,0.11764705882352941,bat,50,10.376480,518.823988
14,0.11764705882352941,bath,50,10.745024,537.251190
14,0.11764705882352941,bathroom,50,11.350393,567.519671
14,0.11764705882352941,bathtub,31,11.600135,359.604177
14,0.11764705882352941,be,50,11.294182,564.709078
14,0.11764705882352941,beach,50,11.175067,558.753366
14,0.11764705882352941,beads,50,10.721061,536.053074
14,0.11764705882352941,beans,50,10.131041,506.552060
14,0.11764705882352941,bear,50,11.138472,556.923604
14,0.11764705882352941,because,50,8.930050,446.502477
14,0.11764705882352941,bed,50,11.083279,554.163940
14,0.11764705882352941,bedroom,50,11.382349,569.117473
14,0.11764705882352941,bee,50,11.662276,583.113817
14,0.11764705882352941,before,50,9.906057,495.302861
14,0.11764705882352941,behind,50,10.417458,520.872906
14,0.11764705882352941,belly,50,11.083027,554.151366
14,0.11764705882352941,belt,50,12.286888,614.344381
14,0.11764705882352941,bench,50,11.381440,569.072012
14,0.11764705882352941,beside,50,9.992470,499.623488
14,0.11764705882352941,better,50,9.735181,486.759043
14,0.11764705882352941,bib,50,11.037890,551.894522
14,0.11764705882352941,bicycle,50,10.885334,544.266678
14,0.11764705882352941,big,50,10.134519,506.725967
14,0.11764705882352941,bird,50,10.625889,531.294425
14,0.11764705882352941,bite,50,10.953762,547.688123
14,0.11764705882352941,black,50,10.696964,534.848199
14,0.11764705882352941,blanket,50,11.214395,560.719736
14,0.11764705882352941,block,50,11.286450,564.322512
14,0.11764705882352941,blow,50,11.238345,561.917241
14,0.11764705882352941,blue,50,10.585135,529.256770
14,0.11764705882352941,boat,50,11.499071,574.953561
14,0.11764705882352941,book,50,9.798478,489.923923
14,0.11764705882352941,boots,50,10.134629,506.731452
14,0.11764705882352941,bottle,50,10.960672,548.033619
14,0.11764705882352941,bowl,50,11.266910,563.345508
14,0.11764705882352941,box,50,8.769284,438.464205
14,0.11764705882352941,boy,50,11.359458,567.972894
14,0.11764705882352941,bread,50,10.360922,518.046123
14,0.11764705882352941,break,50,10.238522,511.926078
14,0.11764705882352941,breakfast,50,11.027154,551.357719
14,0.11764705882352941,bring,50,10.358223,517.911128
14,0.11764705882352941,broken,50,10.909433,545.471636
14,0.11764705882352941,broom,50,11.455867,572.793325
14,0.11764705882352941,brother,50,11.359667,567.983356
14,0.11764705882352941,brown,50,11.000533,550.026634
14,0.11764705882352941,brush,50,11.188978,559.448895
14,0.11764705882352941,bubbles,50,11.262791,563.139533
14,0.11764705882352941,bucket,50,10.801821,540.091059
14,0.11764705882352941,bug,50,11.420172,571.008610
14,0.11764705882352941,build,50,12.059727,602.986338
14,0.11764705882352941,bump,50,10.179368,508.968376
14,0.11764705882352941,bunny,50,10.720476,536.023816
14,0.11764705882352941,bus,50,10.122524,506.126214
14,0.11764705882352941,but,50,9.555080,477.753991
14,0.11764705882352941,butter,50,12.028283,601.414173
14,0.11764705882352941,butterfly,50,11.043782,552.189099
14,0.11764705882352941,button,50,11.428586,571.429276
14,0.11764705882352941,buy,50,11.839737,591.986836
14,0.11764705882352941,by,50,10.300890,515.044516
14,0.11764705882352941,bye,50,10.223392,511.169589
14,0.11764705882352941,cake,50,11.221647,561.082370
14,0.11764705882352941,call,50,11.197790,559.889503
14,0.11764705882352941,camera,50,10.917408,545.870415
14,0.11764705882352941,camping,31,11.859225,367.635979
14,0.11764705882352941,can,50,8.328805,416.440248
14,0.11764705882352941,candy,50,11.454152,572.707579
14,0.11764705882352941,car,50,9.527926,476.396276
14,0.11764705882352941,careful,50,10.410986,520.549318
14,0.11764705882352941,carrots,50,11.069769,553.488468
14,0.11764705882352941,carry,50,10.928124,546.406195
14,0.11764705882352941,cat,50,10.436475,521.823738
14,0.11764705882352941,catch,50,10.797985,539.899265
14,0.11764705882352941,cereal,50,10.552228,527.611403
14,0.11764705882352941,chair,50,10.679061,533.953046
14,0.11764705882352941,chalk,40,11.166044,446.641779
14,0.11764705882352941,chase,49,10.319912,505.675700
14,0.11764705882352941,cheek,35,11.953046,418.356616
14,0.11764705882352941,cheese,50,10.239390,511.969481
14,0.11764705882352941,chicken,50,10.314652,515.732591
14,0.11764705882352941,child,50,10.759182,537.959116
14,0.11764705882352941,chin,50,10.754606,537.730303
14,0.11764705882352941,chocolate,50,10.962284,548.114184
14,0.11764705882352941,choo,50,10.750219,537.510955
14,0.11764705882352941,church,50,11.189080,559.453981
14,0.11764705882352941,circus,50,10.783741,539.187042
14,0.11764705882352941,clap,50,11.256343,562.817132
14,0.11764705882352941,clean,50,11.056294,552.814720
14,0.11764705882352941,climb,50,10.077869,503.893462
14,0.11764705882352941,clock,50,11.305968,565.298387
14,0.11764705882352941,close,50,9.936715,496.835751
14,0.11764705882352941,closet,50,10.941296,547.064808
14,0.11764705882352941,cloud,50,10.692423,534.621125
14,0.11764705882352941,clown,50,10.544953,527.247671
14,0.11764705882352941,coat,50,10.922132,546.106575
14,0.11764705882352941,coffee,50,10.552115,527.605729
14,0.11764705882352941,coke,50,11.070205,553.510240
14,0.11764705882352941,cold,50,12.125896,606.294811
14,0.11764705882352941,comb,50,10.340905,517.045243
14,0.11764705882352941,cook,50,11.475419,573.770931
14,0.11764705882352941,cookie,50,11.374433,568.721634
14,0.11764705882352941,corn,50,11.225952,561.297608
14,0.11764705882352941,couch,50,12.363450,618.172488
14,0.11764705882352941,could,50,9.343541,467.177072
14,0.11764705882352941,country,50,10.727913,536.395656
14,0.11764705882352941,cover,50,9.319654,465.982697
14,0.11764705882352941,cow,50,10.869143,543.457153
14,0.11764705882352941,cowboy,50,10.516053,525.802654
14,0.11764705882352941,cracker,50,9.863384,493.169199
14,0.11764705882352941,crayon,50,10.640473,532.023644
14,0.11764705882352941,crib,50,11.324388,566.219378
14,0.11764705882352941,cry,50,10.717663,535.883131
14,0.11764705882352941,cup,50,10.362845,518.142244
14,0.11764705882352941,cut,50,10.505205,525.260256
14,0.11764705882352941,cute,50,10.902965,545.148237
14,0.11764705882352941,daddy,50,10.844260,542.212986
14,0.11764705882352941,dance,50,12.207085,610.354239
14,0.11764705882352941,dark,50,11.229572,561.478603
14,0.11764705882352941,day,50,10.375815,518.790730
14,0.11764705882352941,deer,50,11.517967,575.898347
14,0.11764705882352941,diaper,50,11.164855,558.242731
14,0.11764705882352941,did,50,9.691851,484.592563
14,0.11764705882352941,dinner,50,11.127309,556.365446
14,0.11764705882352941,dirty,50,9.644940,482.247001
14,0.11764705882352941,dish,50,11.213238,560.661890
14,0.11764705882352941,do,50,8.742605,437.130261
14,0.11764705882352941,doctor,50,10.827982,541.399084
14,0.11764705882352941,does,50,10.262118,513.105924
14,0.11764705882352941,dog,50,10.684847,534.242374
14,0.11764705882352941,doll,50,11.217216,560.860798
14,0.11764705882352941,donkey,50,10.914738,545.736920
14,0.11764705882352941,donut,41,11.258386,461.593807
14,0.11764705882352941,door,50,11.301943,565.097139
14,0.11764705882352941,down,50,10.373904,518.695222
14,0.11764705882352941,downtown,8,10.412875,83.302999
14,0.11764705882352941,draw,50,10.898351,544.917554
14,0.11764705882352941,drawer,50,10.936353,546.817656
14,0.11764705882352941,dress,50,10.971120,548.556025
14,0.11764705882352941,drink,50,10.356072,517.803610
14,0.11764705882352941,drive,50,10.757667,537.883361
14,0.11764705882352941,drop,50,11.052679,552.633943
14,0.11764705882352941,dry,50,11.126390,556.319480
14,0.11764705882352941,dryer,20,11.457328,229.146568
14,0.11764705882352941,duck,50,10.096514,504.825702
14,0.11764705882352941,dump,50,10.112639,505.631972
14,0.11764705882352941,each,50,10.099541,504.977059
14,0.11764705882352941,ear,50,10.394453,519.722663
14,0.11764705882352941,eat,50,9.720243,486.012148
14,0.11764705882352941,egg,50,10.948417,547.420842
14,0.11764705882352941,elephant,50,11.381844,569.092181
14,0.11764705882352941,empty,50,10.149369,507.468452
14,0.11764705882352941,every,50,11.664984,583.249214
14,0.11764705882352941,eye,50,10.090343,504.517144
14,0.11764705882352941,face,50,10.569944,528.497181
14,0.11764705882352941,fall,50,9.821196,491.059815
14,0.11764705882352941,farm,50,11.604001,580.200032
14,0.11764705882352941,fast,50,9.999086,499.954319
14,0.11764705882352941,feed,50,9.796364,489.818213
14,0.11764705882352941,find,50,11.474280,573.713994
14,0.11764705882352941,fine,50,10.561530,528.076486
14,0.11764705882352941,finger,50,10.133254,506.662686
14,0.11764705882352941,finish,50,10.219796,510.989778
14,0.11764705882352941,first,50,10.087227,504.361352
14,0.11764705882352941,fish,50,10.461863,523.093128
14,0.11764705882352941,fit,50,11.352403,567.620164
14,0.11764705882352941,fix,50,10.961934,548.096704
14,0.11764705882352941,flag,50,11.593012,579.650579
14,0.11764705882352941,flower,50,10.680783,534.039138
14,0.11764705882352941,food,50,10.631972,531.598592
14,0.11764705882352941,foot,50,10.785584,539.279187
14,0.11764705882352941,for,50,10.196983,509.849163
14,0.11764705882352941,fork,50,10.260329,513.016444
14,0.11764705882352941,french,50,11.531135,576.556732
14,0.11764705882352941,friend,50,10.987416,549.370814
14,0.11764705882352941,frog,50,9.638635,481.931746
14,0.11764705882352941,full,50,10.867337,543.366829
14,0.11764705882352941,game,50,10.415363,520.768164
14,0.11764705882352941,garage,50,11.048506,552.425318
14,0.11764705882352941,garbage,50,11.425982,571.299090
14,0.11764705882352941,garden,50,11.407824,570.391186
14,0.11764705882352941,gas,50,11.525544,576.277203
14,0.11764705882352941,gentle,50,11.131293,556.564651
14,0.11764705882352941,get,50,10.017771,500.888553
14,0.11764705882352941,giraffe,50,11.574561,578.728047
14,0.11764705882352941,girl,50,10.529616,526.480776
14,0.11764705882352941,give,50,10.186493,509.324637
14,0.11764705882352941,glass,50,10.665217,533.260866
14,0.11764705882352941,glasses,50,11.253141,562.657066
14,0.11764705882352941,gloves,50,10.423255,521.162742
14,0.11764705882352941,glue,50,10.099009,504.950428
14,0.11764705882352941,go,50,9.011908,450.595420
14,0.11764705882352941,good,50,9.019101,450.955070
14,0.11764705882352941,goose,50,10.073986,503.699310
14,0.11764705882352941,grandma,50,11.408786,570.439309
14,0.11764705882352941,grandpa,45,10.574992,475.874654
14,0.11764705882352941,grapes,50,11.407525,570.376269
14,0.11764705882352941,grass,50,10.474440,523.721998
14,0.11764705882352941,green,50,10.763300,538.165009
14,0.11764705882352941,gum,50,11.575824,578.791203
14,0.11764705882352941,hair,50,10.654838,532.741895
14,0.11764705882352941,hamburger,50,11.227020,561.350990
14,0.11764705882352941,hammer,50,10.691131,534.556565
14,0.11764705882352941,hand,50,10.077174,503.858714
14,0.11764705882352941,happy,50,11.813261,590.663071
14,0.11764705882352941,hard,50,10.686416,534.320816
14,0.11764705882352941,hat,50,10.566720,528.335980
14,0.11764705882352941,hate,50,11.946420,597.321005
14,0.11764705882352941,have,50,8.635575,431.778764
14,0.11764705882352941,he,50,9.480019,474.000959
14,0.11764705882352941,head,50,10.557407,527.870358
14,0.11764705882352941,hear,50,10.636345,531.817245
14,0.11764705882352941,heavy,50,10.699333,534.966636
14,0.11764705882352941,helicopter,50,11.114645,555.732250
14,0.11764705882352941,hello,50,10.055168,502.758417
14,0.11764705882352941,help,50,11.255577,562.778831
14,0.11764705882352941,her,50,10.493813,524.690639
14,0.11764705882352941,here,50,9.100124,455.006182
14,0.11764705882352941,hi,50,10.967230,548.361488
14,0.11764705882352941,hide,50,10.846233,542.311666
14,0.11764705882352941,high,50,10.200971,510.048529
14,0.11764705882352941,him,50,9.832234,491.611716
14,0.11764705882352941,his,50,9.183916,459.195823
14,0.11764705882352941,hit,50,11.171469,558.573453
14,0.11764705882352941,hold,50,11.357294,567.864720
14,0.11764705882352941,home,50,10.773196,538.659798
14,0.11764705882352941,horse,50,10.522005,526.100273
14,0.11764705882352941,hose,50,12.697126,634.856296
14,0.11764705882352941,hot,50,11.331125,566.556231
14,0.11764705882352941,house,50,9.266201,463.310075
14,0.11764705882352941,how,50,11.153998,557.699897
14,0.11764705882352941,hug,50,10.921474,546.073716
14,0.11764705882352941,hungry,50,9.366083,468.304131
14,0.11764705882352941,hurry,50,10.641578,532.078905
14,0.11764705882352941,hurt,50,10.346419,517.320928
14,0.11764705882352941,i,50,10.965507,548.275367
14,0.11764705882352941,ice,50,10.969739,548.486948
14,0.11764705882352941,if,50,10.137509,506.875439
14,0.11764705882352941,inside,50,10.116105,505.805268
14,0.11764705882352941,into,50,10.576357,528.817875
14,0.11764705882352941,is,50,8.455543,422.777171
14,0.11764705882352941,it,50,7.876671,393.833558
14,0.11764705882352941,jacket,50,10.158613,507.930638
14,0.11764705882352941,jar,50,11.842998,592.149889
14,0.11764705882352941,jeans,16,10.702489,171.239830
14,0.11764705882352941,jelly,50,11.345545,567.277227
14,0.11764705882352941,juice,50,10.241544,512.077179
14,0.11764705882352941,jump,50,10.809090,540.454488
14,0.11764705882352941,keys,50,10.997271,549.863526
14,0.11764705882352941,kick,50,10.949787,547.489340
14,0.11764705882352941,kiss,50,10.199095,509.954742
14,0.11764705882352941,kitchen,50,11.291795,564.589739
14,0.11764705882352941,kitty,50,10.325192,516.259583
14,0.11764705882352941,knee,50,11.746749,587.337473
14,0.11764705882352941,knife,50,11.291217,564.560828
14,0.11764705882352941,knock,50,11.558044,577.902178
14,0.11764705882352941,ladder,50,11.272771,563.638558
14,0.11764705882352941,lady,50,11.148503,557.425175
14,0.11764705882352941,lamb,50,9.168709,458.435434
14,0.11764705882352941,lamp,50,11.328094,566.404689
14,0.11764705882352941,last,50,10.134149,506.707458
14,0.11764705882352941,later,50,9.816324,490.816222
14,0.11764705882352941,lawn,37,11.588500,428.774492
14,0.11764705882352941,leg,50,11.560404,578.020205
14,0.11764705882352941,lick,50,10.608911,530.445551
14,0.11764705882352941,light,50,11.190337,559.516859
14,0.11764705882352941,like,50,9.594990,479.749475
14,0.11764705882352941,lion,50,11.105432,555.271605
14,0.11764705882352941,lips,50,12.546710,627.335483
14,0.11764705882352941,listen,50,10.402908,520.145390
14,0.11764705882352941,little,50,10.387068,519.353395
14,0.11764705882352941,living,50,11.173765,558.688254
14,0.11764705882352941,lollipop,50,10.586287,529.314344
14,0.11764705882352941,long,50,10.690763,534.538153
14,0.11764705882352941,look,50,10.116406,505.820282
14,0.11764705882352941,loud,50,10.549405,527.470254
14,0.11764705882352941,love,50,9.680121,484.006048
14,0.11764705882352941,lunch,50,10.429500,521.474999
14,0.11764705882352941,mad,50,9.572775,478.638734
14,0.11764705882352941,make,50,10.637269,531.863475
14,0.11764705882352941,man,50,11.355739,567.786953
14,0.11764705882352941,me,50,10.095744,504.787190
14,0.11764705882352941,meat,50,11.210290,560.514483
14,0.11764705882352941,medicine,50,10.823549,541.177441
14,0.11764705882352941,milk,50,10.718687,535.934348
14,0.11764705882352941,mine,50,10.107202,505.360096
14,0.11764705882352941,mommy,50,11.571402,578.570079
14,0.11764705882352941,money,50,11.379708,568.985412
14,0.11764705882352941,monkey,50,9.243980,462.199021
14,0.11764705882352941,moo,50,10.639879,531.993959
14,0.11764705882352941,moon,50,10.812232,540.611611
14,0.11764705882352941,moose,32,10.798381,345.548178
14,0.11764705882352941,mop,40,11.388707,455.548297
14,0.11764705882352941,more,50,10.080299,504.014960
14,0.11764705882352941,morning,50,11.157060,557.853001
14,0.11764705882352941,motorcycle,50,10.881450,544.072514
14,0.11764705882352941,mouse,50,11.438527,571.926365
14,0.11764705882352941,mouth,50,10.317627,515.881371
14,0.11764705882352941,movie,50,12.015165,600.758235
14,0.11764705882352941,much,50,10.377207,518.860362
14,0.11764705882352941,muffin,50,12.025256,601.262776
14,0.11764705882352941,my,50,9.624019,481.200929
14,0.11764705882352941,myself,50,10.052939,502.646959
14,0.11764705882352941,nail,50,11.805148,590.257388
14,0.11764705882352941,nap,50,10.807616,540.380781
14,0.11764705882352941,napkin,50,11.150826,557.541282
14,0.11764705882352941,naughty,50,10.222501,511.125057
14,0.11764705882352941,necklace,50,12.299273,614.963642
14,0.11764705882352941,need,50,11.235815,561.790729
14,0.11764705882352941,new,50,10.943406,547.170312
14,0.11764705882352941,next,50,11.261423,563.071129
14,0.11764705882352941,nice,50,8.765363,438.268141
14,0.11764705882352941,night,50,10.431964,521.598221
14,0.11764705882352941,no,50,8.975312,448.765612
14,0.11764705882352941,noisy,50,11.347332,567.366579
14,0.11764705882352941,none,50,10.504201,525.210045
14,0.11764705882352941,noodles,50,11.096861,554.843054
14,0.11764705882352941,nose,50,10.316693,515.834633
14,0.11764705882352941,not,50,10.442278,522.113904
14,0.11764705882352941,now,50,10.953327,547.666354
14,0.11764705882352941,nurse,50,10.918284,545.914205
14,0.11764705882352941,nuts,50,11.542720,577.135981
14,0.11764705882352941,of,50,10.532079,526.603968
14,0.11764705882352941,off,50,10.231744,511.587199
14,0.11764705882352941,old,50,10.151708,507.585409
14,0.11764705882352941,on,50,9.145885,457.294234
14,0.11764705882352941,open,50,10.546137,527.306861
14,0.11764705882352941,orange,50,9.752903,487.645162
14,0.11764705882352941,other,50,9.675836,483.791785
14,0.11764705882352941,ouch,50,10.682589,534.129450
14,0.11764705882352941,our,50,10.143213,507.160631
14,0.11764705882352941,out,50,9.729847,486.492360
14,0.11764705882352941,outside,50,10.218580,510.928993
14,0.11764705882352941,oven,50,11.646345,582.317249
14,0.11764705882352941,over,50,10.018327,500.916373
14,0.11764705882352941,owl,50,9.634624,481.731211
14,0.11764705882352941,paint,50,12.383208,619.160383
14,0.11764705882352941,pajamas,50,11.134291,556.714564
14,0.11764705882352941,pancake,46,11.321568,520.792118
14,0.11764705882352941,pants,50,10.701084,535.054205
14,0.11764705882352941,paper,50,11.038675,551.933734
14,0.11764705882352941,park,50,9.687988,484.399379
14,0.11764705882352941,party,50,10.732501,536.625031
14,0.11764705882352941,peanut,50,11.224915,561.245750
14,0.11764705882352941,peas,50,9.595819,479.790926
14,0.11764705882352941,pen,50,11.132737,556.636846
14,0.11764705882352941,pencil,50,10.670244,533.512208
14,0.11764705882352941,penguin,50,10.635140,531.756986
14,0.11764705882352941,penis,18,10.803869,194.469648
14,0.11764705882352941,penny,50,11.702824,585.141199
14,0.11764705882352941,people,50,10.239499,511.974958
14,0.11764705882352941,person,50,11.314477,565.723849
14,0.11764705882352941,pick,50,10.972424,548.621192
14,0.11764705882352941,pickle,50,11.141195,557.059738
14,0.11764705882352941,picnic,50,11.257068,562.853375
14,0.11764705882352941,picture,50,10.513682,525.684124
14,0.11764705882352941,pig,50,10.611352,530.567619
14,0.11764705882352941,pillow,50,10.353653,517.682634
14,0.11764705882352941,pizza,50,11.329936,566.496802
14,0.11764705882352941,plant,50,10.697123,534.856130
14,0.11764705882352941,plate,50,11.730823,586.541170
14,0.11764705882352941,play,50,9.966948,498.347404
14,0.11764705882352941,playground,22,12.063478,265.396515
14,0.11764705882352941,please,50,9.985511,499.275569
14,0.11764705882352941,police,50,11.923266,596.163309
14,0.11764705882352941,pony,50,10.431559,521.577935
14,0.11764705882352941,pool,50,11.043201,552.160027
14,0.11764705882352941,poor,50,10.790748,539.537377
14,0.11764705882352941,popcorn,50,11.607997,580.399832
14,0.11764705882352941,popsicle,31,11.258142,349.002408
14,0.11764705882352941,porch,31,10.552794,327.136615
14,0.11764705882352941,potato,50,10.847343,542.367134
14,0.11764705882352941,pour,50,11.194985,559.749231
14,0.11764705882352941,present,50,10.490586,524.529300
14,0.11764705882352941,pretend,50,10.671954,533.597689
14,0.11764705882352941,pretty,50,9.704912,485.245605
14,0.11764705882352941,pretzel,50,10.152316,507.615805
14,0.11764705882352941,pudding,50,11.115860,555.792981
14,0.11764705882352941,pull,50,10.995951,549.797531
14,0.11764705882352941,pumpkin,50,11.073207,553.660375
14,0.11764705882352941,puppy,50,10.805860,540.292975
14,0.11764705882352941,purse,50,10.623760,531.188023
14,0.11764705882352941,push,50,10.509704,525.485218
14,0.11764705882352941,put,50,10.397251,519.862532
14,0.11764705882352941,puzzle,50,11.177282,558.864119
14,0.11764705882352941,quack,50,10.520426,526.021317
14,0.11764705882352941,quiet,50,11.365145,568.257252
14,0.11764705882352941,radio,50,10.832004,541.600182
14,0.11764705882352941,rain,50,10.948690,547.434501
14,0.11764705882352941,raisin,43,12.022383,516.962484
14,0.11764705882352941,read,50,11.683712,584.185578
14,0.11764705882352941,red,50,9.705622,485.281114
14,0.11764705882352941,refrigerator,50,10.500140,525.006998
14,0.11764705882352941,ride,50,10.639098,531.954914
14,0.11764705882352941,rip,50,10.723101,536.155073
14,0.11764705882352941,rock,50,10.624969,531.248466
14,0.11764705882352941,rocking,50,11.257125,562.856238
14,0.11764705882352941,roof,50,11.223520,561.176003
14,0.11764705882352941,room,50,10.489874,524.493683
14,0.11764705882352941,rooster,50,11.324994,566.249690
14,0.11764705882352941,run,50,10.215111,510.755564
14,0.11764705882352941,sad,50,11.181550,559.077514
14,0.11764705882352941,salt,50,11.001463,550.073164
14,0.11764705882352941,same,50,11.065571,553.278528
14,0.11764705882352941,sandwich,50,11.805841,590.292052
14,0.11764705882352941,sauce,50,10.991621,549.581035
14,0.11764705882352941,say,50,9.838818,491.940909
14,0.11764705882352941,scared,50,10.931934,546.596688
14,0.11764705882352941,scarf,50,10.314599,515.729945
14,0.11764705882352941,school,50,10.554893,527.744626
14,0.11764705882352941,scissors,50,10.617560,530.878022
14,0.11764705882352941,see,50,9.107626,455.381292
14,0.11764705882352941,shake,50,10.849517,542.475869
14,0.11764705882352941,share,50,10.853514,542.675716
14,0.11764705882352941,she,50,10.173295,508.664743
14,0.11764705882352941,sheep,50,9.648660,482.432978
14,0.11764705882352941,shh,50,11.260028,563.001404
14,0.11764705882352941,shirt,50,11.002620,550.130998
14,0.11764705882352941,shoe,50,11.944697,597.234872
14,0.11764705882352941,shopping,50,11.778137,588.906837
14,0.11764705882352941,shorts,50,10.901364,545.068209
14,0.11764705882352941,shoulder,50,11.191231,559.561533
14,0.11764705882352941,shovel,50,10.810191,540.509549
14,0.11764705882352941,show,50,11.094896,554.744816
14,0.11764705882352941,shower,50,11.307237,565.361835
14,0.11764705882352941,sick,50,10.718295,535.914735
14,0.11764705882352941,sidewalk,19,10.336526,196.393986
14,0.11764705882352941,sing,50,11.056350,552.817502
14,0.11764705882352941,sink,50,11.331874,566.593677
14,0.11764705882352941,sister,50,10.039451,501.972529
14,0.11764705882352941,sit,50,10.604347,530.217352
14,0.11764705882352941,skate,13,10.455097,135.916267
14,0.11764705882352941,sky,50,10.356112,517.805618
14,0.11764705882352941,sled,22,11.597712,255.149667
14,0.11764705882352941,sleep,50,10.652095,532.604739
14,0.11764705882352941,sleepy,50,10.807179,540.358957
14,0.11764705882352941,slide,50,10.707357,535.367852
14,0.11764705882352941,slipper,50,11.478613,573.930661
14,0.11764705882352941,slow,50,12.225614,611.280697
14,0.11764705882352941,smile,50,11.145590,557.279524
14,0.11764705882352941,snack,50,10.855084,542.754177
14,0.11764705882352941,snow,50,10.974233,548.711638
14,0.11764705882352941,so,50,9.505405,475.270274
14,0.11764705882352941,soap,50,11.244323,562.216166
14,0.11764705882352941,sock,50,12.285656,614.282795
14,0.11764705882352941,soda,50,9.700868,485.043397
14,0.11764705882352941,sofa,50,11.201480,560.073977
14,0.11764705882352941,soft,50,10.209763,510.488141
14,0.11764705882352941,some,50,10.841701,542.085061
14,0.11764705882352941,soup,50,10.859760,542.988013
14,0.11764705882352941,spill,50,9.877758,493.887915
14,0.11764705882352941,splash,50,12.379103,618.955135
14,0.11764705882352941,spoon,50,10.289820,514.491014
14,0.11764705882352941,sprinkler,13,11.483185,149.281408
14,0.11764705882352941,squirrel,50,11.291501,564.575026
14,0.11764705882352941,stairs,50,10.736814,536.840676
14,0.11764705882352941,stand,50,11.319878,565.993923
14,0.11764705882352941,star,50,10.279507,513.975371
14,0.11764705882352941,stay,50,9.477728,473.886415
14,0.11764705882352941,stick,50,11.543728,577.186376
14,0.11764705882352941,sticky,50,10.402231,520.111532
14,0.11764705882352941,stone,50,11.155387,557.769370
14,0.11764705882352941,stop,50,11.502470,575.123517
14,0.11764705882352941,store,50,11.168755,558.437734
14,0.11764705882352941,story,50,10.744205,537.210268
14,0.11764705882352941,stove,50,11.185177,559.258862
14,0.11764705882352941,strawberry,50,9.941462,497.073116
14,0.11764705882352941,street,50,11.033534,551.676694
14,0.11764705882352941,stroller,50,11.327728,566.386395
14,0.11764705882352941,stuck,50,11.461503,573.075153
14,0.11764705882352941,sun,50,10.460401,523.020050
14,0.11764705882352941,sweater,50,9.849209,492.460425
14,0.11764705882352941,sweep,50,11.792288,589.614416
14,0.11764705882352941,swim,50,10.575140,528.757007
14,0.11764705882352941,swing,50,10.321787,516.089327
14,0.11764705882352941,table,50,10.944745,547.237269
14,0.11764705882352941,take,50,10.494604,524.730177
14,0.11764705882352941,talk,50,11.369339,568.466950
14,0.11764705882352941,tape,50,10.008115,500.405727
14,0.11764705882352941,taste,50,10.289509,514.475468
14,0.11764705882352941,teacher,50,10.498602,524.930107
14,0.11764705882352941,tear,50,9.700840,485.042009
14,0.11764705882352941,telephone,50,10.757302,537.865087
14,0.11764705882352941,thank,50,10.189571,509.478575
14,0.11764705882352941,that,50,8.303274,415.163694
14,0.11764705882352941,the,50,6.454423,322.721166
14,0.11764705882352941,their,50,10.394677,519.733842
14,0.11764705882352941,them,50,10.150217,507.510850
14,0.11764705882352941,then,50,9.925335,496.266726
14,0.11764705882352941,there,50,8.798882,439.944107
14,0.11764705882352941,these,50,10.202598,510.129875
14,0.11764705882352941,they,50,8.833926,441.696303
14,0.11764705882352941,think,50,9.828882,491.444121
14,0.11764705882352941,thirsty,50,10.617124,530.856191
14,0.11764705882352941,this,50,8.627886,431.394301
14,0.11764705882352941,those,50,9.906740,495.336991
14,0.11764705882352941,throw,50,10.197484,509.874212
14,0.11764705882352941,tickle,50,10.430099,521.504926
14,0.11764705882352941,tiger,50,11.290473,564.523650
14,0.11764705882352941,time,50,10.144185,507.209239
14,0.11764705882352941,tiny,50,10.127072,506.353584
14,0.11764705882352941,tired,50,11.668048,583.402379
14,0.11764705882352941,tissue,50,11.231403,561.570158
14,0.11764705882352941,to,50,9.863958,493.197890
14,0.11764705882352941,toast,50,11.254695,562.734735
14,0.11764705882352941,today,50,10.907474,545.373687
14,0.11764705882352941,tomorrow,50,11.925355,596.267743
14,0.11764705882352941,tongue,50,11.379195,568.959740
14,0.11764705882352941,tonight,50,11.098646,554.932315
14,0.11764705882352941,too,50,9.746025,487.301251
14,0.11764705882352941,tooth,50,10.761333,538.066637
14,0.11764705882352941,toothbrush,50,10.947666,547.383297
14,0.11764705882352941,touch,50,10.129505,506.475253
14,0.11764705882352941,towel,50,10.873930,543.696507
14,0.11764705882352941,tractor,50,11.453489,572.674428
14,0.11764705882352941,train,50,9.537368,476.868405
14,0.11764705882352941,trash,50,11.524188,576.209408
14,0.11764705882352941,tray,50,12.101571,605.078550
14,0.11764705882352941,tree,50,10.079117,503.955843
14,0.11764705882352941,truck,50,10.876036,543.801780
14,0.11764705882352941,try,50,10.845078,542.253880
14,0.11764705882352941,tummy,50,10.395631,519.781571
14,0.11764705882352941,tuna,50,10.840594,542.029715
14,0.11764705882352941,turkey,50,11.916446,595.822305
14,0.11764705882352941,turn,50,10.025242,501.262080
14,0.11764705882352941,turtle,50,11.180568,559.028381
14,0.11764705882352941,tv,50,12.130174,606.508722
14,0.11764705882352941,uh,50,10.005720,500.285999
14,0.11764705882352941,uncle,50,12.046615,602.330741
14,0.11764705882352941,under,50,9.999012,499.950602
14,0.11764705882352941,up,50,9.824516,491.225778
14,0.11764705882352941,us,50,10.635146,531.757303
14,0.11764705882352941,vacuum,50,11.258877,562.943838
14,0.11764705882352941,vanilla,50,12.037598,601.879891
14,0.11764705882352941,wait,50,9.966775,498.338763
14,0.11764705882352941,wake,50,10.665496,533.274818
14,0.11764705882352941,walk,50,10.156358,507.817917
14,0.11764705882352941,walker,12,10.869898,130.438773
14,0.11764705882352941,wanna,50,8.133387,406.669341
14,0.11764705882352941,was,50,9.865759,493.287953
14,0.11764705882352941,wash,50,10.227913,511.395659
14,0.11764705882352941,washing,50,10.294471,514.723529
14,0.11764705882352941,watch,50,10.406357,520.317829
14,0.11764705882352941,water,50,9.969329,498.466460
14,0.11764705882352941,we,50,9.907299,495.364955
14,0.11764705882352941,were,50,9.328017,466.400840
14,0.11764705882352941,wet,50,10.786867,539.343351
14,0.11764705882352941,what,50,8.389576,419.478786
14,0.11764705882352941,when,50,9.600870,480.043517
14,0.11764705882352941,where,50,9.327609,466.380459
14,0.11764705882352941,which,50,10.653348,532.667398
14,0.11764705882352941,white,50,10.439119,521.955970
14,0.11764705882352941,who,50,9.694686,484.734293
14,0.11764705882352941,why,50,9.942278,497.113902
14,0.11764705882352941,will,50,10.355963,517.798152
14,0.11764705882352941,wind,50,10.234235,511.711763
14,0.11764705882352941,window,50,10.665307,533.265338
14,0.11764705882352941,windy,50,10.769419,538.470931
14,0.11764705882352941,wipe,50,11.109426,555.471283
14,0.11764705882352941,wish,50,10.490966,524.548305
14,0.11764705882352941,with,50,9.331456,466.572781
14,0.11764705882352941,wolf,50,11.787159,589.357957
14,0.11764705882352941,woods,48,10.780243,517.451668
14,0.11764705882352941,woof,50,10.331746,516.587305
14,0.11764705882352941,work,50,10.011710,500.585511
14,0.11764705882352941,would,50,9.953628,497.681411
14,0.11764705882352941,write,50,10.721179,536.058959
14,0.11764705882352941,yard,50,10.026680,501.334009
14,0.11764705882352941,yellow,50,10.516698,525.834912
14,0.11764705882352941,yes,50,9.823717,491.185866
14,0.11764705882352941,yesterday,50,11.337684,566.884224
14,0.11764705882352941,yogurt,50,10.363157,518.157836
14,0.11764705882352941,you,50,5.457835,272.891729
14,0.11764705882352941,your,50,8.548450,427.422488
14,0.11764705882352941,yourself,50,10.271912,513.595595
14,0.11764705882352941,yum,50,10.874529,543.726457
14,0.11764705882352941,zebra,50,10.974088,548.704407
14,0.11764705882352941,zipper,40,10.630764,425.230559
14,0.11764705882352941,zoo,50,10.990022,549.501122
19,0.15966386554621848,a,50,8.172928,408.646414
19,0.15966386554621848,about,50,9.077466,453.873286
19,0.15966386554621848,above,50,10.219204,510.960197
19,0.15966386554621848,after,50,9.934713,496.735634
19,0.15966386554621848,airplane,50,10.283825,514.191232
19,0.15966386554621848,all,50,9.457629,472.881442
19,0.15966386554621848,alligator,50,10.511966,525.598323
19,0.15966386554621848,am,50,9.671762,483.588091
19,0.15966386554621848,and,50,8.212865,410.643240
19,0.15966386554621848,animal,50,11.021123,551.056162
19,0.15966386554621848,ankle,5,11.767176,58.835882
19,0.15966386554621848,another,50,9.759705,487.985256
19,0.15966386554621848,any,50,9.524473,476.223651
19,0.15966386554621848,apple,50,10.439580,521.979022
19,0.15966386554621848,are,50,9.604760,480.238021
19,0.15966386554621848,arm,50,11.197919,559.895930
19,0.15966386554621848,around,50,9.561993,478.099646
19,0.15966386554621848,asleep,50,12.043000,602.149983
19,0.15966386554621848,at,50,8.782003,439.100153
19,0.15966386554621848,aunt,42,11.417204,479.522572
19,0.15966386554621848,awake,50,11.098845,554.942226
19,0.15966386554621848,away,50,10.549387,527.469353
19,0.15966386554621848,baby,50,8.607853,430.392658
19,0.15966386554621848,babysitter,11,11.968132,131.649456
19,0.15966386554621848,back,50,9.777020,488.851020
19,0.15966386554621848,backyard,19,10.879101,206.702928
19,0.15966386554621848,bad,50,10.723470,536.173501
19,0.15966386554621848,ball,50,9.478082,473.904084
19,0.15966386554621848,balloon,50,10.499151,524.957557
19,0.15966386554621848,banana,50,11.510541,575.527064
19,0.15966386554621848,basement,26,11.780745,306.299369
19,0.15966386554621848,basket,50,10.460554,523.027678
19,0.15966386554621848,bat,50,10.231011,511.550563
19,0.15966386554621848,bath,50,10.181669,509.083427
19,0.15966386554621848,bathroom,50,11.383679,569.183971
19,0.15966386554621848,bathtub,31,11.768875,364.835129
19,0.15966386554621848,be,50,10.721866,536.093318
19,0.15966386554621848,beach,50,10.944432,547.221594
19,0.15966386554621848,beads,50,10.674774,533.738709
19,0.15966386554621848,beans,50,10.387504,519.375196
19,0.15966386554621848,bear,50,10.913675,545.683753
19,0.15966386554621848,because,50,8.741102,437.055110
19,0.15966386554621848,bed,50,10.677862,533.893090
19,0.15966386554621848,bedroom,50,11.176854,558.842675
19,0.15966386554621848,bee,50,11.047752,552.387583
19,0.15966386554621848,before,50,9.765911,488.295556
19,0.15966386554621848,behind,50,10.292671,514.633554
19,0.15966386554621848,belly,50,10.519697,525.984832
19,0.15966386554621848,belt,50,12.103374,605.168717
19,0.15966386554621848,bench,50,11.469617,573.480844
19,0.15966386554621848,beside,50,9.792084,489.604209
19,0.15966386554621848,better,50,9.452185,472.609239
19,0.15966386554621848,bib,50,11.437476,571.873802
19,0.15966386554621848,bicycle,50,10.460886,523.044311
19,0.15966386554621848,big,50,9.772387,488.619345
19,0.15966386554621848,bird,50,10.732269,536.613460
19,0.15966386554621848,bite,50,10.219423,510.971165
19,0.15966386554621848,black,50,10.754160,537.708024
19,0.15966386554621848,blanket,50,11.123814,556.190685
19,0.15966386554621848,block,50,11.297952,564.897620
19,0.15966386554621848,blow,50,11.169621,558.481062
19,0.15966386554621848,blue,50,10.193072,509.653587
19,0.15966386554621848,boat,50,11.353760,567.687996
19,0.15966386554621848,book,50,9.432245,471.612246
19,0.15966386554621848,boots,50,10.197008,509.850424
19,0.15966386554621848,bottle,50,10.971428,548.571400
19,0.15966386554621848,bowl,50,10.880574,544.028697
19,0.15966386554621848,box,50,8.698845,434.942253
19,0.15966386554621848,boy,50,10.817599,540.879927
19,0.15966386554621848,bread,50,10.484555,524.227774
19,0.15966386554621848,break,50,10.076996,503.849792
19,0.15966386554621848,breakfast,50,10.655999,532.799954
19,0.15966386554621848,bring,50,9.720964,486.048204
19,0.15966386554621848,broken,50,10.268830,513.441497
19,0.15966386554621848,broom,50,11.604164,580.208224
19,0.15966386554621848,brother,50,10.904789,545.239445
19,0.15966386554621848,brown,50,11.126473,556.323644
19,0.15966386554621848,brush,50,11.245983,562.299168
19,0.15966386554621848,bubbles,50,11.473158,573.657899
19,0.15966386554621848,bucket,50,10.810852,540.542596
19,0.15966386554621848,bug,50,11.038494,551.924723
19,0.15966386554621848,build,50,11.815007,590.750361
19,0.15966386554621848,bump,50,9.841409,492.070428
19,0.15966386554621848,bunny,50,10.371826,518.591287
19,0.15966386554621848,bus,50,10.024034,501.201722
19,0.15966386554621848,but,50,8.955622,447.781095
19,0.15966386554621848,butter,50,11.876420,593.821024
19,0.15966386554621848,butterfly,50,10.439532,521.976614
19,0.15966386554621848,button,50,10.905220,545.261014
19,0.15966386554621848,buy,50,11.412781,570.639070
19,0.15966386554621848,by,50,10.113444,505.672210
19,0.15966386554621848,bye,50,9.911393,495.569643
19,0.15966386554621848,cake,50,11.401614,570.080685
19,0.15966386554621848,call,50,10.803932,540.196609
19,0.15966386554621848,camera,50,10.922539,546.126934
19,0.15966386554621848,camping,31,12.140330,376.350224
19,0.15966386554621848,can,50,7.957610,397.880506
19,0.15966386554621848,candy,50,11.184973,559.248653
19,0.15966386554621848,car,50,9.010178,450.508916
19,0.15966386554621848,careful,50,9.927948,496.397393
19,0.15966386554621848,carrots,50,10.737480,536.873981
19,0.15966386554621848,carry,50,10.797733,539.886672
19,0.15966386554621848,cat,50,10.150272,507.513618
19,0.15966386554621848,catch,50,10.521006,526.050298
19,0.15966386554621848,cereal,50,10.521092,526.054600
19,0.15966386554621848,chair,50,10.307203,515.360147
19,0.15966386554621848,chalk,40,11.093626,443.745028
19,0.15966386554621848,chase,49,9.769236,478.692575
19,0.15966386554621848,cheek,35,12.033294,421.165305
19,0.15966386554621848,cheese,50,10.138642,506.932091
19,0.15966386554621848,chicken,50,10.386841,519.342071
19,0.15966386554621848,child,50,10.675751,533.787540
19,0.15966386554621848,chin,50,10.907927,545.396370
19,0.15966386554621848,chocolate,50,10.975563,548.778156
19,0.15966386554621848,choo,50,10.512033,525.601651
19,0.15966386554621848,church,50,10.935337,546.766844
19,0.15966386554621848,circus,50,11.039438,551.971902
19,0.15966386554621848,clap,50,11.061630,553.081504
19,0.15966386554621848,clean,50,10.351899,517.594961
19,0.15966386554621848,climb,50,9.857674,492.883686
19,0.15966386554621848,clock,50,11.103965,555.198249
19,0.15966386554621848,close,50,9.563541,478.177036
19,0.15966386554621848,closet,50,10.259438,512.971891
19,0.15966386554621848,cloud,50,11.012057,550.602826
19,0.15966386554621848,clown,50,9.961796,498.089814
19,0.15966386554621848,coat,50,10.935932,546.796622
19,0.15966386554621848,coffee,50,10.259941,512.997052
19,0.15966386554621848,coke,50,11.745041,587.252028
19,0.15966386554621848,cold,50,11.892885,594.644252
19,0.15966386554621848,comb,50,9.818945,490.947272
19,0.15966386554621848,cook,50,10.941472,547.073615
19,0.15966386554621848,cookie,50,11.242111,562.105564
19,0.15966386554621848,corn,50,10.822985,541.149252
19,0.15966386554621848,couch,50,12.033014,601.650711
19,0.15966386554621848,could,50,9.056920,452.846006
19,0.15966386554621848,country,50,10.609418,530.470904
19,0.15966386554621848,cover,50,8.929197,446.459867
19,0.15966386554621848,cow,50,10.077897,503.894862
19,0.15966386554621848,cowboy,50,10.573720,528.685998
19,0.15966386554621848,cracker,50,9.467446,473.372318
19,0.15966386554621848,crayon,50,10.805357,540.267826
19,0.15966386554621848,crib,50,11.710027,585.501370
19,0.15966386554621848,cry,50,10.854540,542.726993
19,0.15966386554621848,cup,50,9.896594,494.829715
19,0.15966386554621848,cut,50,10.095828,504.791377
19,0.15966386554621848,cute,50,10.728221,536.411047
19,0.15966386554621848,daddy,50,10.584207,529.210332
19,0.15966386554621848,dance,50,12.644357,632.217860
19,0.15966386554621848,dark,50,10.892483,544.624136
19,0.15966386554621848,day,50,9.793581,489.679032
19,0.15966386554621848,deer,50,11.155067,557.753357
19,0.15966386554621848,diaper,50,10.881786,544.089320
19,0.15966386554621848,did,50,9.328300,466.414997
19,0.15966386554621848,dinner,50,11.186284,559.314199
19,0.15966386554621848,dirty,50,9.411773,470.588674
19,0.15966386554621848,dish,50,11.043615,552.180772
19,0.15966386554621848,do,50,7.969470,398.473524
19,0.15966386554621848,doctor,50,10.249137,512.456836
19,0.15966386554621848,does,50,9.524756,476.237804
19,0.15966386554621848,dog,50,10.356637,517.831864
19,0.15966386554621848,doll,50,11.376783,568.839168
19,0.15966386554621848,donkey,50,10.632761,531.638069
19,0.15966386554621848,donut,41,10.916734,447.586111
19,0.15966386554621848,door,50,11.202108,560.105385
19,0.15966386554621848,down,50,9.804786,490.239312
19,0.15966386554621848,downtown,8,10.372233,82.977867
19,0.15966386554621848,draw,50,10.510603,525.530141
19,0.15966386554621848,drawer,50,10.726961,536.348037
19,0.15966386554621848,dress,50,10.699491,534.974571
19,0.15966386554621848,drink,50,9.877669,493.883438
19,0.15966386554621848,drive,50,10.419854,520.992680
19,0.15966386554621848,drop,50,10.773070,538.653495
19,0.15966386554621848,dry,50,10.867842,543.392115
19,0.15966386554621848,dryer,20,11.671892,233.437835
19,0.15966386554621848,duck,50,10.217959,510.897936
19,0.15966386554621848,dump,50,9.625791,481.289538
19,0.15966386554621848,each,50,9.764313,488.215645
19,0.15966386554621848,ear,50,10.206073,510.303642
19,0.15966386554621848,eat,50,9.128751,456.437542
19,0.15966386554621848,egg,50,10.678362,533.918115
19,0.15966386554621848,elephant,50,11.207245,560.362274
19,0.15966386554621848,empty,50,10.140305,507.015260
19,0.15966386554621848,every,50,11.266167,563.308327
19,0.15966386554621848,eye,50,9.754328,487.716379
19,0.15966386554621848,face,50,10.271141,513.557074
19,0.15966386554621848,fall,50,9.664205,483.210256
19,0.15966386554621848,farm,50,11.401951,570.097540
19,0.15966386554621848,fast,50,9.862374,493.118690
19,0.15966386554621848,feed,50,9.694107,484.705325
19,0.15966386554621848,find,50,10.928828,546.441414
19,0.15966386554621848,fine,50,10.069720,503.486025
19,0.15966386554621848,finger,50,9.635015,481.750743
19,0.15966386554621848,finish,50,10.007502,500.375106
19,0.15966386554621848,first,50,9.957855,497.892753
19,0.15966386554621848,fish,50,10.229496,511.474786
19,0.15966386554621848,fit,50,11.116646,555.832308
19,0.15966386554621848,fix,50,11.059441,552.972053
19,0.15966386554621848,flag,50,11.616443,580.822137
19,0.15966386554621848,flower,50,9.992563,499.628134
19,0.15966386554621848,food,50,10.284780,514.239008
19,0.15966386554621848,foot,50,10.664739,533.236963
19,0.15966386554621848,for,50,9.807658,490.382883
19,0.15966386554621848,fork,50,10.154908,507.745398
19,0.15966386554621848,french,50,11.437628,571.881419
19,0.15966386554621848,friend,50,10.906005,545.300264
19,0.15966386554621848,frog,50,9.483822,474.191120
19,0.15966386554621848,full,50,10.148379,507.418974
19,0.15966386554621848,game,50,9.975014,498.750710
19,0.15966386554621848,garage,50,11.121763,556.088158
19,0.15966386554621848,garbage,50,10.943319,547.165968
19,0.15966386554621848,garden,50,10.792097,539.604875
19,0.15966386554621848,gas,50,11.611194,580.559677
19,0.15966386554621848,gentle,50,11.298021,564.901054
19,0.15966386554621848,get,50,9.030345,451.517225
19,0.15966386554621848,giraffe,50,11.413673,570.683661
19,0.15966386554621848,girl,50,9.839098,491.954879
19,0.15966386554621848,give,50,9.851999,492.599961
19,0.15966386554621848,glass,50,10.522164,526.108216
19,0.15966386554621848,glasses,50,11.070110,553.505513
19,0.15966386554621848,gloves,50,10.532012,526.600597
19,0.15966386554621848,glue,50,9.643890,482.194483
19,0.15966386554621848,go,50,8.254457,412.722840
19,0.15966386554621848,good,50,8.747367,437.368360
19,0.15966386554621848,goose,50,9.993513,499.675667
19,0.15966386554621848,grandma,50,11.123213,556.160645
19,0.15966386554621848,grandpa,45,10.872640,489.268804
19,0.15966386554621848,grapes,50,11.698066,584.903321
19,0.15966386554621848,grass,50,10.021399,501.069968
19,0.15966386554621848,green,50,10.619075,530.953727
19,0.15966386554621848,gum,50,11.379445,568.972274
19,0.15966386554621848,hair,50,10.218328,510.916410
19,0.15966386554621848,hamburger,50,11.286730,564.336508
19,0.15966386554621848,hammer,50,10.967997,548.399835
19,0.15966386554621848,hand,50,9.316589,465.829430
19,0.15966386554621848,happy,50,11.657296,582.864807
19,0.15966386554621848,hard,50,10.379181,518.959026
19,0.15966386554621848,hat,50,10.455262,522.763107
19,0.15966386554621848,hate,50,12.273565,613.678273
19,0.15966386554621848,have,50,8.501899,425.094926
19,0.15966386554621848,he,50,9.439589,471.979473
19,0.15966386554621848,head,50,10.291354,514.567676
19,0.15966386554621848,hear,50,10.493808,524.690422
19,0.15966386554621848,heavy,50,10.484410,524.220513
19,0.15966386554621848,helicopter,50,11.407836,570.391818
19,0.15966386554621848,hello,50,9.386448,469.322392
19,0.15966386554621848,help,50,10.814860,540.742995
19,0.15966386554621848,her,50,10.028308,501.415412
19,0.15966386554621848,here,50,8.379448,418.972389
19,0.15966386554621848,hi,50,10.726489,536.324460
19,0.15966386554621848,hide,50,10.822453,541.122636
19,0.15966386554621848,high,50,9.865209,493.260441
19,0.15966386554621848,him,50,9.572897,478.644869
19,0.15966386554621848,his,50,8.561872,428.093609
19,0.15966386554621848,hit,50,10.869532,543.476621
19,0.15966386554621848,hold,50,10.979288,548.964382
19,0.15966386554621848,home,50,10.269572,513.478581
19,0.15966386554621848,horse,50,9.784164,489.208188
19,0.15966386554621848,hose,50,12.603156,630.157821
19,0.15966386554621848,hot,50,10.747202,537.360117
19,0.15966386554621848,house,50,8.593593,429.679652
19,0.15966386554621848,how,50,10.408488,520.424384
19,0.15966386554621848,hug,50,10.645569,532.278436
19,0.15966386554621848,hungry,50,9.564389,478.219450
19,0.15966386554621848,hurry,50,10.617684,530.884176
19,0.15966386554621848,hurt,50,10.096700,504.835008
19,0.15966386554621848,i,50,10.703803,535.190159
19,0.15966386554621848,ice,50,11.006541,550.327063
19,0.15966386554621848,if,50,9.595205,479.760236
19,0.15966386554621848,inside,50,9.543391,477.169555
19,0.15966386554621848,into,50,9.870927,493.546360
19,0.15966386554621848,is,50,7.719049,385.952437
19,0.15966386554621848,it,50,6.962584,348.129213
19,0.15966386554621848,jacket,50,10.029796,501.489779
19,0.15966386554621848,jar,50,12.115039,605.751930
19,0.15966386554621848,jeans,16,10.821998,173.151962
19,0.15966386554621848,jelly,50,11.430174,571.508677
19,0.15966386554621848,juice,50,9.472928,473.646418
19,0.15966386554621848,jump,50,10.658448,532.922377
19,0.15966386554621848,keys,50,10.786194,539.309712
19,0.15966386554621848,kick,50,11.120256,556.012777
19,0.15966386554621848,kiss,50,9.787044,489.352208
19,0.15966386554621848,kitchen,50,10.857711,542.885545
19,0.15966386554621848,kitty,50,10.163010,508.150488
19,0.15966386554621848,knee,50,11.802866,590.143277
19,0.15966386554621848,knife,50,11.138114,556.905720
19,0.15966386554621848,knock,50,11.648274,582.413694
19,0.15966386554621848,ladder,50,10.916404,545.820204
19,0.15966386554621848,lady,50,10.659356,532.967786
19,0.15966386554621848,lamb,50,8.959091,447.954557
19,0.15966386554621848,lamp,50,11.467366,573.368281
19,0.15966386554621848,last,50,9.651008,482.550413
19,0.15966386554621848,later,50,9.422118,471.105906
19,0.15966386554621848,lawn,37,11.430149,422.915505
19,0.15966386554621848,leg,50,11.350841,567.542026
19,0.15966386554621848,lick,50,10.439574,521.978688
19,0.15966386554621848,light,50,11.042494,552.124710
19,0.15966386554621848,like,50,9.038745,451.937274
19,0.15966386554621848,lion,50,10.525617,526.280872
19,0.15966386554621848,lips,50,12.374180,618.709001
19,0.15966386554621848,listen,50,10.420195,521.009754
19,0.15966386554621848,little,50,9.922618,496.130922
19,0.15966386554621848,living,50,10.541554,527.077684
19,0.15966386554621848,lollipop,50,10.063019,503.150939
19,0.15966386554621848,long,50,10.317529,515.876449
19,0.15966386554621848,look,50,9.815265,490.763271
19,0.15966386554621848,loud,50,10.371799,518.589971
19,0.15966386554621848,love,50,9.375643,468.782152
19,0.15966386554621848,lunch,50,10.089845,504.492228
19,0.15966386554621848,mad,50,9.618892,480.944623
19,0.15966386554621848,make,50,10.098312,504.915583
19,0.15966386554621848,man,50,11.212162,560.608091
19,0.15966386554621848,me,50,9.404222,470.211081
19,0.15966386554621848,meat,50,11.268880,563.444017
19,0.15966386554621848,medicine,50,10.708064,535.403195
19,0.15966386554621848,milk,50,10.474020,523.701009
19,0.15966386554621848,mine,50,9.860401,493.020070
19,0.15966386554621848,mommy,50,11.269515,563.475725
19,0.15966386554621848,money,50,11.166157,558.307830
19,0.15966386554621848,monkey,50,9.278991,463.949528
19,0.15966386554621848,moo,50,10.455667,522.783373
19,0.15966386554621848,moon,50,10.563149,528.157429
19,0.15966386554621848,moose,32,10.845927,347.069672
19,0.15966386554621848,mop,40,11.895918,475.836723
19,0.15966386554621848,more,50,9.786158,489.307921
19,0.15966386554621848,morning,50,10.762090,538.104504
19,0.15966386554621848,motorcycle,50,10.993007,549.650355
19,0.15966386554621848,mouse,50,11.490037,574.501868
19,0.15966386554621848,mouth,50,10.269988,513.499389
19,0.15966386554621848,movie,50,11.861183,593.059156
19,0.15966386554621848,much,50,9.878730,493.936509
19,0.15966386554621848,muffin,50,12.051737,602.586865
19,0.15966386554621848,my,50,8.881017,444.050874
19,0.15966386554621848,myself,50,9.834892,491.744610
19,0.15966386554621848,nail,50,12.050323,602.516164
19,0.15966386554621848,nap,50,10.449126,522.456293
19,0.15966386554621848,napkin,50,10.962636,548.131819
19,0.15966386554621848,naughty,50,9.602798,480.139883
19,0.15966386554621848,necklace,50,12.445689,622.284467
19,0.15966386554621848,need,50,11.101289,555.064455
19,0.15966386554621848,new,50,10.409294,520.464700
19,0.15966386554621848,next,50,10.663535,533.176744
19,0.15966386554621848,nice,50,8.169841,408.492064
19,0.15966386554621848,night,50,10.093820,504.691006
19,0.15966386554621848,no,50,8.264290,413.214512
19,0.15966386554621848,noisy,50,11.364476,568.223791
19,0.15966386554621848,none,50,10.348748,517.437425
19,0.15966386554621848,noodles,50,11.037521,551.876053
19,0.15966386554621848,nose,50,9.962078,498.103883
19,0.15966386554621848,not,50,9.731219,486.560934
19,0.15966386554621848,now,50,10.317121,515.856071
19,0.15966386554621848,nurse,50,11.098682,554.934096
19,0.15966386554621848,nuts,50,11.377906,568.895301
19,0.15966386554621848,of,50,9.995437,499.771852
19,0.15966386554621848,off,50,9.848512,492.425583
19,0.15966386554621848,old,50,10.164164,508.208186
19,0.15966386554621848,on,50,8.420436,421.021820
19,0.15966386554621848,open,50,10.127715,506.385735
19,0.15966386554621848,orange,50,9.804862,490.243120
19,0.15966386554621848,other,50,9.175354,458.767696
19,0.15966386554621848,ouch,50,10.442879,522.143936
19,0.15966386554621848,our,50,10.205816,510.290776
19,0.15966386554621848,out,50,9.398990,469.949490
19,0.15966386554621848,outside,50,9.884865,494.243227
19,0.15966386554621848,oven,50,11.694224,584.711199
19,0.15966386554621848,over,50,9.685698,484.284925
19,0.15966386554621848,owl,50,9.621077,481.053834
19,0.15966386554621848,paint,50,12.022176,601.108825
19,0.15966386554621848,pajamas,50,11.367000,568.349985
19,0.15966386554621848,pancake,46,11.478631,528.017005
19,0.15966386554621848,pants,50,10.565040,528.252003
19,0.15966386554621848,paper,50,10.512754,525.637714
19,0.15966386554621848,park,50,9.600452,480.022583
19,0.15966386554621848,party,50,10.652960,532.648004
19,0.15966386554621848,peanut,50,11.243669,562.183469
19,0.15966386554621848,peas,50,10.037063,501.853168
19,0.15966386554621848,pen,50,10.856797,542.839846
19,0.15966386554621848,pencil,50,10.835628,541.781424
19,0.15966386554621848,penguin,50,10.902238,545.111900
19,0.15966386554621848,penis,18,10.986946,197.765034
19,0.15966386554621848,penny,50,12.072794,603.639709
19,0.15966386554621848,people,50,9.921122,496.056110
19,0.15966386554621848,person,50,10.891284,544.564200
19,0.15966386554621848,pick,50,10.619967,530.998347
19,0.15966386554621848,pickle,50,10.649903,532.495138
19,0.15966386554621848,picnic,50,10.820151,541.007539
19,0.15966386554621848,picture,50,10.101862,505.093095
19,0.15966386554621848,pig,50,10.323907,516.195330
19,0.15966386554621848,pillow,50,10.632267,531.613331
19,0.15966386554621848,pizza,50,11.013995,550.699734
19,0.15966386554621848,plant,50,10.786662,539.333097
19,0.15966386554621848,plate,50,11.544261,577.213025
19,0.15966386554621848,play,50,9.901721,495.086047
19,0.15966386554621848,playground,22,11.885010,261.470217
19,0.15966386554621848,please,50,9.197652,459.882606
19,0.15966386554621848,police,50,12.010700,600.535019
19,0.15966386554621848,pony,50,10.734736,536.736778
19,0.15966386554621848,pool,50,11.575216,578.760809
19,0.15966386554621848,poor,50,10.388941,519.447055
19,0.15966386554621848,popcorn,50,12.070423,603.521174
19,0.15966386554621848,popsicle,31,11.228580,348.085967
19,0.15966386554621848,porch,31,10.648671,330.108809
19,0.15966386554621848,potato,50,10.874373,543.718637
19,0.15966386554621848,pour,50,10.789388,539.469394
19,0.15966386554621848,present,50,10.616658,530.832911
19,0.15966386554621848,pretend,50,10.149205,507.460256
19,0.15966386554621848,pretty,50,9.285677,464.283874
19,0.15966386554621848,pretzel,50,10.583358,529.167892
19,0.15966386554621848,pudding,50,11.491186,574.559279
19,0.15966386554621848,pull,50,10.938246,546.912283
19,0.15966386554621848,pumpkin,50,11.023010,551.150509
19,0.15966386554621848,puppy,50,11.045385,552.269267
19,0.15966386554621848,purse,50,10.691211,534.560542
19,0.15966386554621848,push,50,10.151478,507.573924
19,0.15966386554621848,put,50,10.116967,505.848358
19,0.15966386554621848,puzzle,50,11.050366,552.518310
19,0.15966386554621848,quack,50,10.385228,519.261378
19,0.15966386554621848,quiet,50,10.920276,546.013777
19,0.15966386554621848,radio,50,11.025254,551.262676
19,0.15966386554621848,rain,50,10.766073,538.303657
19,0.15966386554621848,raisin,43,11.786853,506.834677
19,0.15966386554621848,read,50,11.054265,552.713272
19,0.15966386554621848,red,50,9.528727,476.436362
19,0.15966386554621848,refrigerator,50,10.177715,508.885731
19,0.15966386554621848,ride,50,10.307211,515.360558
19,0.15966386554621848,rip,50,11.016407,550.820374
19,0.15966386554621848,rock,50,10.181554,509.077715
19,0.15966386554621848,rocking,50,10.754690,537.734514
19,0.15966386554621848,roof,50,10.894310,544.715513
19,0.15966386554621848,room,50,10.209035,510.451737
19,0.15966386554621848,rooster,50,11.103264,555.163205
19,0.15966386554621848,run,50,9.874723,493.736163
19,0.15966386554621848,sad,50,10.595176,529.758817
19,0.15966386554621848,salt,50,10.969075,548.453771
19,0.15966386554621848,same,50,10.599160,529.957979
19,0.15966386554621848,sandwich,50,11.469978,573.498900
19,0.15966386554621848,sauce,50,10.661642,533.082076
19,0.15966386554621848,say,50,8.862373,443.118659
19,0.15966386554621848,scared,50,10.495932,524.796586
19,0.15966386554621848,scarf,50,10.642119,532.105939
19,0.15966386554621848,school,50,10.248132,512.406580
19,0.15966386554621848,scissors,50,10.875053,543.752634
19,0.15966386554621848,see,50,8.845333,442.266639
19,0.15966386554621848,shake,50,10.826514,541.325716
19,0.15966386554621848,share,50,10.911103,545.555136
19,0.15966386554621848,she,50,9.828396,491.419809
19,0.15966386554621848,sheep,50,9.790551,489.527573
19,0.15966386554621848,shh,50,11.254933,562.746652
19,0.15966386554621848,shirt,50,10.521467,526.073334
19,0.15966386554621848,shoe,50,11.292644,564.632183
19,0.15966386554621848,shopping,50,12.040579,602.028963
19,0.15966386554621848,shorts,50,10.723287,536.164370
19,0.15966386554621848,shoulder,50,10.868737,543.436855
19,0.15966386554621848,shovel,50,10.489734,524.486700
19,0.15966386554621848,show,50,10.653957,532.697868
19,0.15966386554621848,shower,50,11.074184,553.709211
19,0.15966386554621848,sick,50,10.516279,525.813942
19,0.15966386554621848,sidewalk,19,9.820028,186.580538
19,0.15966386554621848,sing,50,10.652434,532.621692
19,0.15966386554621848,sink,50,11.068711,553.435555
19,0.15966386554621848,sister,50,9.702469,485.123461
19,0.15966386554621848,sit,50,10.013797,500.689862
19,0.15966386554621848,skate,13,10.441442,135.738750
19,0.15966386554621848,sky,50,10.067915,503.395763
19,0.15966386554621848,sled,22,11.706072,257.533586
19,0.15966386554621848,sleep,50,10.222147,511.107332
19,0.15966386554621848,sleepy,50,10.432659,521.632950
19,0.15966386554621848,slide,50,10.709495,535.474744
19,0.15966386554621848,slipper,50,11.586833,579.341657
19,0.15966386554621848,slow,50,11.970086,598.504304
19,0.15966386554621848,smile,50,11.085740,554.286993
19,0.15966386554621848,snack,50,11.024857,551.242867
19,0.15966386554621848,snow,50,10.651374,532.568681
19,0.15966386554621848,so,50,8.801165,440.058238
19,0.15966386554621848,soap,50,11.493939,574.696931
19,0.15966386554621848,sock,50,12.150612,607.530622
19,0.15966386554621848,soda,50,9.533359,476.667940
19,0.15966386554621848,sofa,50,10.991227,549.561343
19,0.15966386554621848,soft,50,10.294175,514.708775
19,0.15966386554621848,some,50,10.241455,512.072756
19,0.15966386554621848,soup,50,10.901178,545.058887
19,0.15966386554621848,spill,50,9.865963,493.298138
19,0.15966386554621848,splash,50,12.133644,606.682220
19,0.15966386554621848,spoon,50,9.935664,496.783203
19,0.15966386554621848,sprinkler,13,11.317995,147.133934
19,0.15966386554621848,squirrel,50,10.993983,549.699138
19,0.15966386554621848,stairs,50,10.725149,536.257454
19,0.15966386554621848,stand,50,10.847379,542.368944
19,0.15966386554621848,star,50,10.097319,504.865943
19,0.15966386554621848,stay,50,9.029607,451.480368
19,0.15966386554621848,stick,50,11.176355,558.817747
19,0.15966386554621848,sticky,50,10.294260,514.713007
19,0.15966386554621848,stone,50,10.936542,546.827078
19,0.15966386554621848,stop,50,11.089505,554.475270
19,0.15966386554621848,store,50,11.188718,559.435913
19,0.15966386554621848,story,50,10.548398,527.419882
19,0.15966386554621848,stove,50,11.025899,551.294939
19,0.15966386554621848,strawberry,50,9.887535,494.376766
19,0.15966386554621848,street,50,11.160327,558.016353
19,0.15966386554621848,stroller,50,11.211403,560.570154
19,0.15966386554621848,stuck,50,11.150044,557.502208
19,0.15966386554621848,sun,50,10.379098,518.954883
19,0.15966386554621848,sweater,50,9.770250,488.512486
19,0.15966386554621848,sweep,50,11.703590,585.179501
19,0.15966386554621848,swim,50,10.534373,526.718637
19,0.15966386554621848,swing,50,9.806367,490.318366
19,0.15966386554621848,table,50,10.440374,522.018716
19,0.15966386554621848,take,50,10.115621,505.781062
19,0.15966386554621848,talk,50,11.331010,566.550509
19,0.15966386554621848,tape,50,9.730477,486.523835
19,0.15966386554621848,taste,50,10.029265,501.463253
19,0.15966386554621848,teacher,50,10.118522,505.926078
19,0.15966386554621848,tear,50,9.469920,473.496001
19,0.15966386554621848,telephone,50,10.610868,530.543414
19,0.15966386554621848,thank,50,9.882118,494.105907
19,0.15966386554621848,that,50,7.561818,378.090894
19,0.15966386554621848,the,50,5.986174,299.308722
19,0.15966386554621848,their,50,10.210337,510.516838
19,0.15966386554621848,them,50,9.512426,475.621316
19,0.15966386554621848,then,50,9.135508,456.775387
19,0.15966386554621848,there,50,8.328115,416.405752
19,0.15966386554621848,these,50,9.411096,470.554776
19,0.15966386554621848,they,50,8.616206,430.810291
19,0.15966386554621848,think,50,9.091058,454.552881
19,0.15966386554621848,thirsty,50,10.598335,529.916745
19,0.15966386554621848,this,50,8.400880,420.043985
19,0.15966386554621848,those,50,9.747101,487.355042
19,0.15966386554621848,throw,50,9.666799,483.339932
19,0.15966386554621848,tickle,50,9.983263,499.163131
19,0.15966386554621848,tiger,50,11.196071,559.803529
19,0.15966386554621848,time,50,9.699386,484.969285
19,0.15966386554621848,tiny,50,9.926755,496.337764
19,0.15966386554621848,tired,50,11.160736,558.036799
19,0.15966386554621848,tissue,50,11.587614,579.380677
19,0.15966386554621848,to,50,9.319944,465.997225
19,0.15966386554621848,toast,50,10.773125,538.656225
19,0.15966386554621848,today,50,10.618626,530.931293
19,0.15966386554621848,tomorrow,50,11.297917,564.895859
19,0.15966386554621848,tongue,50,11.250274,562.513694
19,0.15966386554621848,tonight,50,10.798285,539.914272
19,0.15966386554621848,too,50,9.595589,479.779441
19,0.15966386554621848,tooth,50,10.544077,527.203839
19,0.15966386554621848,toothbrush,50,10.930206,546.510276
19,0.15966386554621848,touch,50,9.662404,483.120187
19,0.15966386554621848,towel,50,10.759743,537.987134
19,0.15966386554621848,tractor,50,11.473373,573.668657
19,0.15966386554621848,train,50,9.445065,472.253239
19,0.15966386554621848,trash,50,10.967246,548.362291
19,0.15966386554621848,tray,50,11.529484,576.474207
19,0.15966386554621848,tree,50,9.634517,481.725831
19,0.15966386554621848,truck,50,10.576138,528.806919
19,0.15966386554621848,try,50,10.473467,523.673340
19,0.15966386554621848,tummy,50,9.846496,492.324793
19,0.15966386554621848,tuna,50,10.954150,547.707513
19,0.15966386554621848,turkey,50,11.593413,579.670639
19,0.15966386554621848,turn,50,9.638357,481.917862
19,0.15966386554621848,turtle,50,10.649925,532.496264
19,0.15966386554621848,tv,50,11.923403,596.170175
19,0.15966386554621848,uh,50,9.539926,476.996294
19,0.15966386554621848,uncle,50,12.224356,611.217788
19,0.15966386554621848,under,50,9.600264,480.013182
19,0.15966386554621848,up,50,9.211970,460.598522
19,0.15966386554621848,us,50,10.179798,508.989884
19,0.15966386554621848,vacuum,50,11.851805,592.590226
19,0.15966386554621848,vanilla,50,11.897221,594.861030
19,0.15966386554621848,wait,50,9.407930,470.396491
19,0.15966386554621848,wake,50,10.682507,534.125347
19,0.15966386554621848,walk,50,9.947230,497.361508
19,0.15966386554621848,walker,12,11.001006,132.012068
19,0.15966386554621848,wanna,50,7.525488,376.274404
19,0.15966386554621848,was,50,9.377895,468.894755
19,0.15966386554621848,wash,50,9.559836,477.991798
19,0.15966386554621848,washing,50,9.906293,495.314656
19,0.15966386554621848,watch,50,9.817819,490.890973
19,0.15966386554621848,water,50,9.171134,458.556695
19,0.15966386554621848,we,50,9.376958,468.847884
19,0.15966386554621848,were,50,8.914017,445.700874
19,0.15966386554621848,wet,50,10.535810,526.790509
19,0.15966386554621848,what,50,7.684543,384.227131
19,0.15966386554621848,when,50,9.211814,460.590710
19,0.15966386554621848,where,50,8.723211,436.160571
19,0.15966386554621848,which,50,10.067515,503.375759
19,0.15966386554621848,white,50,10.240289,512.014453
19,0.15966386554621848,who,50,9.236444,461.822187
19,0.15966386554621848,why,50,9.141588,457.079397
19,0.15966386554621848,will,50,9.961144,498.057222
19,0.15966386554621848,wind,50,9.720402,486.020116
19,0.15966386554621848,window,50,10.514467,525.723349
19,0.15966386554621848,windy,50,10.712468,535.623397
19,0.15966386554621848,wipe,50,11.339391,566.969575
19,0.15966386554621848,wish,50,10.105339,505.266955
19,0.15966386554621848,with,50,8.784124,439.206221
19,0.15966386554621848,wolf,50,11.707398,585.369919
19,0.15966386554621848,woods,48,10.521369,505.025712
19,0.15966386554621848,woof,50,9.931570,496.578505
19,0.15966386554621848,work,50,9.457078,472.853896
19,0.15966386554621848,would,50,9.456377,472.818835
19,0.15966386554621848,write,50,10.521954,526.097709
19,0.15966386554621848,yard,50,10.327215,516.360753
19,0.15966386554621848,yellow,50,9.861931,493.096543
19,0.15966386554621848,yes,50,9.076101,453.805049
19,0.15966386554621848,yesterday,50,11.108281,555.414038
19,0.15966386554621848,yogurt,50,10.502001,525.100051
19,0.15966386554621848,you,50,5.399414,269.970716
19,0.15966386554621848,your,50,7.894783,394.739138
19,0.15966386554621848,yourself,50,9.839160,491.958005
19,0.15966386554621848,yum,50,10.310950,515.547495
19,0.15966386554621848,zebra,50,10.744249,537.212455
19,0.15966386554621848,zipper,40,10.630554,425.222141
19,0.15966386554621848,zoo,50,10.773961,538.698074
25,0.21008403361344538,a,50,6.912990,345.649515
25,0.21008403361344538,about,50,8.542607,427.130370
25,0.21008403361344538,above,50,10.253998,512.699884
25,0.21008403361344538,after,50,9.543089,477.154474
25,0.21008403361344538,airplane,50,9.804578,490.228924
25,0.21008403361344538,all,50,8.779121,438.956053
25,0.21008403361344538,alligator,50,10.450245,522.512240
25,0.21008403361344538,am,50,8.910946,445.547319
25,0.21008403361344538,and,50,7.554838,377.741878
25,0.21008403361344538,animal,50,10.732926,536.646288
25,0.21008403361344538,ankle,5,11.775700,58.878498
25,0.21008403361344538,another,50,8.785158,439.257889
25,0.21008403361344538,any,50,8.632048,431.602406
25,0.21008403361344538,apple,50,9.896128,494.806384
25,0.21008403361344538,are,50,8.730074,436.503717
25,0.21008403361344538,arm,50,10.714201,535.710064
25,0.21008403361344538,around,50,9.284828,464.241398
25,0.21008403361344538,asleep,50,12.078430,603.921482
25,0.21008403361344538,at,50,8.184559,409.227967
25,0.21008403361344538,aunt,42,11.221362,471.297188
25,0.21008403361344538,awake,50,10.881736,544.086796
25,0.21008403361344538,away,50,10.058169,502.908444
25,0.21008403361344538,baby,50,8.170056,408.502799
25,0.21008403361344538,babysitter,11,11.534249,126.876740
25,0.21008403361344538,back,50,9.025971,451.298529
25,0.21008403361344538,backyard,19,10.941433,207.887221
25,0.21008403361344538,bad,50,10.548128,527.406386
25,0.21008403361344538,ball,50,8.844085,442.204268
25,0.21008403361344538,balloon,50,10.093816,504.690806
25,0.21008403361344538,banana,50,11.463596,573.179818
25,0.21008403361344538,basement,26,11.144002,289.744063
25,0.21008403361344538,basket,50,10.177742,508.887117
25,0.21008403361344538,bat,50,10.152053,507.602632
25,0.21008403361344538,bath,50,9.650921,482.546026
25,0.21008403361344538,bathroom,50,11.148676,557.433787
25,0.21008403361344538,bathtub,31,11.566146,358.550535
25,0.21008403361344538,be,50,10.121103,506.055163
25,0.21008403361344538,beach,50,10.168098,508.404922
25,0.21008403361344538,beads,50,10.612280,530.614017
25,0.21008403361344538,beans,50,10.389185,519.459256
25,0.21008403361344538,bear,50,10.272018,513.600904
25,0.21008403361344538,because,50,8.143059,407.152974
25,0.21008403361344538,bed,50,9.951752,497.587584
25,0.21008403361344538,bedroom,50,10.662577,533.128826
25,0.21008403361344538,bee,50,10.459202,522.960099
25,0.21008403361344538,before,50,9.376701,468.835055
25,0.21008403361344538,behind,50,9.853480,492.673979
25,0.21008403361344538,belly,50,10.157663,507.883161
25,0.21008403361344538,belt,50,12.045520,602.275989
25,0.21008403361344538,bench,50,11.085471,554.273528
25,0.21008403361344538,beside,50,9.547190,477.359497
25,0.21008403361344538,better,50,8.729340,436.466986
25,0.21008403361344538,bib,50,11.249265,562.463263
25,0.21008403361344538,bicycle,50,9.772919,488.645926
25,0.21008403361344538,big,50,9.079631,453.981552
25,0.21008403361344538,bird,50,10.109625,505.481263
25,0.21008403361344538,bite,50,9.788078,489.403890
25,0.21008403361344538,black,50,10.295993,514.799657
25,0.21008403361344538,blanket,50,11.164774,558.238675
25,0.21008403361344538,block,50,11.360329,568.016474
25,0.21008403361344538,blow,50,10.657162,532.858083
25,0.21008403361344538,blue,50,9.659919,482.995934
25,0.21008403361344538,boat,50,10.921142,546.057096
25,0.21008403361344538,book,50,8.695804,434.790195
25,0.21008403361344538,boots,50,9.944373,497.218649
25,0.21008403361344538,bottle,50,10.805057,540.252871
25,0.21008403361344538,bowl,50,10.408359,520.417960
25,0.21008403361344538,box,50,8.406491,420.324527
25,0.21008403361344538,boy,50,9.990144,499.507184
25,0.21008403361344538,bread,50,10.070379,503.518946
25,0.21008403361344538,break,50,9.567461,478.373044
25,0.21008403361344538,breakfast,50,10.593653,529.682667
25,0.21008403361344538,bring,50,9.157986,457.899317
25,0.21008403361344538,broken,50,9.831752,491.587624
25,0.21008403361344538,broom,50,11.232036,561.601825
25,0.21008403361344538,brother,50,10.767554,538.377679
25,0.21008403361344538,brown,50,11.433667,571.683372
25,0.21008403361344538,brush,50,10.813059,540.652948
25,0.21008403361344538,bubbles,50,11.392868,569.643386
25,0.21008403361344538,bucket,50,10.531832,526.591596
25,0.21008403361344538,bug,50,10.394225,519.711274
25,0.21008403361344538,build,50,11.184210,559.210512
25,0.21008403361344538,bump,50,9.372526,468.626289
25,0.21008403361344538,bunny,50,9.619444,480.972194
25,0.21008403361344538,bus,50,9.462980,473.148981
25,0.21008403361344538,but,50,8.046163,402.308170
25,0.21008403361344538,butter,50,11.565244,578.262180
25,0.21008403361344538,butterfly,50,10.122609,506.130439
25,0.21008403361344538,button,50,10.596213,529.810644
25,0.21008403361344538,buy,50,10.803519,540.175941
25,0.21008403361344538,by,50,9.703958,485.197875
25,0.21008403361344538,bye,50,9.508354,475.417685
25,0.21008403361344538,cake,50,10.903898,545.194903
25,0.21008403361344538,call,50,10.132024,506.601225
25,0.21008403361344538,camera,50,10.396028,519.801396
25,0.21008403361344538,camping,31,12.153408,376.755633
25,0.21008403361344538,can,50,6.643381,332.169067
25,0.21008403361344538,candy,50,10.811485,540.574233
25,0.21008403361344538,car,50,8.305485,415.274230
25,0.21008403361344538,careful,50,9.284574,464.228676
25,0.21008403361344538,carrots,50,10.219464,510.973212
25,0.21008403361344538,carry,50,10.420325,521.016266
25,0.21008403361344538,cat,50,9.520676,476.033824
25,0.21008403361344538,catch,50,10.011750,500.587513
25,0.21008403361344538,cereal,50,9.953107,497.655363
25,0.21008403361344538,chair,50,9.618039,480.901933
25,0.21008403361344538,chalk,40,11.101681,444.067257
25,0.21008403361344538,chase,49,9.924011,486.276516
25,0.21008403361344538,cheek,35,12.031003,421.085114
25,0.21008403361344538,cheese,50,9.740737,487.036866
25,0.21008403361344538,chicken,50,9.819056,490.952782
25,0.21008403361344538,child,50,10.476626,523.831320
25,0.21008403361344538,chin,50,11.217620,560.880982
25,0.21008403361344538,chocolate,50,10.439858,521.992896
25,0.21008403361344538,choo,50,9.813817,490.690852
25,0.21008403361344538,church,50,10.426320,521.316010
25,0.21008403361344538,circus,50,11.154986,557.749280
25,0.21008403361344538,clap,50,10.696370,534.818485
25,0.21008403361344538,clean,50,9.816923,490.846127
25,0.21008403361344538,climb,50,9.825159,491.257950
25,0.21008403361344538,clock,50,10.521581,526.079057
25,0.21008403361344538,close,50,9.178542,458.927114
25,0.21008403361344538,closet,50,10.149938,507.496908
25,0.21008403361344538,cloud,50,10.964186,548.209283
25,0.21008403361344538,clown,50,9.567268,478.363379
25,0.21008403361344538,coat,50,10.228761,511.438063
25,0.21008403361344538,coffee,50,9.824135,491.206771
25,0.21008403361344538,coke,50,11.478758,573.937915
25,0.21008403361344538,cold,50,11.455145,572.757243
25,0.21008403361344538,comb,50,9.635180,481.759007
25,0.21008403361344538,cook,50,10.482619,524.130931
25,0.21008403361344538,cookie,50,10.642889,532.144454
25,0.21008403361344538,corn,50,10.988247,549.412333
25,0.21008403361344538,couch,50,11.464208,573.210396
25,0.21008403361344538,could,50,8.591258,429.562923
25,0.21008403361344538,country,50,10.099545,504.977230
25,0.21008403361344538,cover,50,8.768711,438.435569
25,0.21008403361344538,cow,50,9.485530,474.276479
25,0.21008403361344538,cowboy,50,10.638027,531.901344
25,0.21008403361344538,cracker,50,9.573849,478.692439
25,0.21008403361344538,crayon,50,10.739721,536.986034
25,0.21008403361344538,crib,50,11.608294,580.414683
25,0.21008403361344538,cry,50,10.281972,514.098586
25,0.21008403361344538,cup,50,9.161173,458.058652
25,0.21008403361344538,cut,50,9.706560,485.328010
25,0.21008403361344538,cute,50,10.273269,513.663461
25,0.21008403361344538,daddy,50,10.146679,507.333928
25,0.21008403361344538,dance,50,12.171868,608.593384
25,0.21008403361344538,dark,50,10.511749,525.587432
25,0.21008403361344538,day,50,9.119201,455.960052
25,0.21008403361344538,deer,50,10.585410,529.270497
25,0.21008403361344538,diaper,50,10.360896,518.044799
25,0.21008403361344538,did,50,8.484087,424.204345
25,0.21008403361344538,dinner,50,10.586524,529.326179
25,0.21008403361344538,dirty,50,9.285891,464.294532
25,0.21008403361344538,dish,50,10.879507,543.975348
25,0.21008403361344538,do,50,7.273859,363.692932
25,0.21008403361344538,doctor,50,9.773235,488.661740
25,0.21008403361344538,does,50,8.615344,430.767216
25,0.21008403361344538,dog,50,9.814633,490.731631
25,0.21008403361344538,doll,50,10.763363,538.168153
25,0.21008403361344538,donkey,50,10.482044,524.102221
25,0.21008403361344538,donut,41,10.678737,437.828231
25,0.21008403361344538,door,50,10.221945,511.097241
25,0.21008403361344538,down,50,9.124496,456.224813
25,0.21008403361344538,downtown,8,10.051806,80.414445
25,0.21008403361344538,draw,50,9.900967,495.048363
25,0.21008403361344538,drawer,50,10.341225,517.061248
25,0.21008403361344538,dress,50,10.144180,507.209014
25,0.21008403361344538,drink,50,9.236577,461.828873
25,0.21008403361344538,drive,50,10.011326,500.566276
25,0.21008403361344538,drop,50,10.575882,528.794087
25,0.21008403361344538,dry,50,10.925440,546.272001
25,0.21008403361344538,dryer,20,11.733572,234.671437
25,0.21008403361344538,duck,50,9.740041,487.002028
25,0.21008403361344538,dump,50,9.496816,474.840787
25,0.21008403361344538,each,50,9.564594,478.229702
25,0.21008403361344538,ear,50,10.174661,508.733070
25,0.21008403361344538,eat,50,8.794089,439.704450
25,0.21008403361344538,egg,50,10.159581,507.979054
25,0.21008403361344538,elephant,50,10.634986,531.749308
25,0.21008403361344538,empty,50,9.858718,492.935904
25,0.21008403361344538,every,50,11.053738,552.686913
25,0.21008403361344538,eye,50,9.457612,472.880616
25,0.21008403361344538,face,50,9.546640,477.332006
25,0.21008403361344538,fall,50,9.205918,460.295906
25,0.21008403361344538,farm,50,11.171729,558.586427
25,0.21008403361344538,fast,50,9.369244,468.462218
25,0.21008403361344538,feed,50,9.543351,477.167566
25,0.21008403361344538,find,50,10.008333,500.416629
25,0.21008403361344538,fine,50,9.697467,484.873332
25,0.21008403361344538,finger,50,9.583132,479.156590
25,0.21008403361344538,finish,50,9.468801,473.440069
25,0.21008403361344538,first,50,9.461650,473.082490
25,0.21008403361344538,fish,50,9.749041,487.452049
25,0.21008403361344538,fit,50,10.448529,522.426437
25,0.21008403361344538,fix,50,10.581993,529.099667
25,0.21008403361344538,flag,50,11.670476,583.523822
25,0.21008403361344538,flower,50,9.404862,470.243116
25,0.21008403361344538,food,50,9.942428,497.121381
25,0.21008403361344538,foot,50,10.289028,514.451386
25,0.21008403361344538,for,50,8.986031,449.301556
25,0.21008403361344538,fork,50,9.686263,484.313154
25,0.21008403361344538,french,50,11.349570,567.478477
25,0.21008403361344538,friend,50,10.041835,502.091726
25,0.21008403361344538,frog,50,9.099305,454.965241
25,0.21008403361344538,full,50,9.573344,478.667198
25,0.21008403361344538,game,50,9.728199,486.409954
25,0.21008403361344538,garage,50,11.236105,561.805228
25,0.21008403361344538,garbage,50,10.371590,518.579483
25,0.21008403361344538,garden,50,10.387424,519.371191
25,0.21008403361344538,gas,50,11.512245,575.612241
25,0.21008403361344538,gentle,50,11.315963,565.798140
25,0.21008403361344538,get,50,8.479777,423.988829
25,0.21008403361344538,giraffe,50,11.103897,555.194850
25,0.21008403361344538,girl,50,8.953234,447.661721
25,0.21008403361344538,give,50,9.208759,460.437959
25,0.21008403361344538,glass,50,10.096515,504.825727
25,0.21008403361344538,glasses,50,10.609481,530.474034
25,0.21008403361344538,gloves,50,10.687828,534.391395
25,0.21008403361344538,glue,50,9.627491,481.374537
25,0.21008403361344538,go,50,7.666442,383.322083
25,0.21008403361344538,good,50,8.004323,400.216153
25,0.21008403361344538,goose,50,9.838537,491.926866
25,0.21008403361344538,grandma,50,10.890184,544.509184
25,0.21008403361344538,grandpa,45,11.094853,499.268401
25,0.21008403361344538,grapes,50,11.869649,593.482434
25,0.21008403361344538,grass,50,9.658420,482.920987
25,0.21008403361344538,green,50,9.989926,499.496307
25,0.21008403361344538,gum,50,11.068303,553.415174
25,0.21008403361344538,hair,50,9.573414,478.670696
25,0.21008403361344538,hamburger,50,10.994169,549.708444
25,0.21008403361344538,hammer,50,10.700057,535.002851
25,0.21008403361344538,hand,50,8.726082,436.304125
25,0.21008403361344538,happy,50,10.965773,548.288628
25,0.21008403361344538,hard,50,9.650481,482.524035
25,0.21008403361344538,hat,50,9.625779,481.288949
25,0.21008403361344538,hate,50,11.906275,595.313745
25,0.21008403361344538,have,50,7.427497,371.374838
25,0.21008403361344538,he,50,9.069791,453.489559
25,0.21008403361344538,head,50,9.625022,481.251089
25,0.21008403361344538,hear,50,9.826518,491.325913
25,0.21008403361344538,heavy,50,10.007706,500.385322
25,0.21008403361344538,helicopter,50,11.141790,557.089518
25,0.21008403361344538,hello,50,8.832994,441.649688
25,0.21008403361344538,help,50,10.431711,521.585535
25,0.21008403361344538,her,50,9.249127,462.456327
25,0.21008403361344538,here,50,7.595696,379.784786
25,0.21008403361344538,hi,50,10.408498,520.424896
25,0.21008403361344538,hide,50,10.445858,522.292876
25,0.21008403361344538,high,50,9.169805,458.490254
25,0.21008403361344538,him,50,8.969108,448.455401
25,0.21008403361344538,his,50,8.039256,401.962806
25,0.21008403361344538,hit,50,10.235932,511.796609
25,0.21008403361344538,hold,50,10.090398,504.519887
25,0.21008403361344538,home,50,9.510442,475.522099
25,0.21008403361344538,horse,50,9.572219,478.610958
25,0.21008403361344538,hose,50,12.482385,624.119253
25,0.21008403361344538,hot,50,9.922173,496.108672
25,0.21008403361344538,house,50,8.270315,413.515737
25,0.21008403361344538,how,50,9.845592,492.279593
25,0.21008403361344538,hug,50,10.018956,500.947816
25,0.21008403361344538,hungry,50,9.204974,460.248714
25,0.21008403361344538,hurry,50,10.318255,515.912760
25,0.21008403361344538,hurt,50,9.533752,476.687622
25,0.21008403361344538,i,50,10.723385,536.169273
25,0.21008403361344538,ice,50,10.235961,511.798050
25,0.21008403361344538,if,50,8.887859,444.392934
25,0.21008403361344538,inside,50,8.936964,446.848181
25,0.21008403361344538,into,50,9.252263,462.613168
25,0.21008403361344538,is,50,7.191021,359.551050
25,0.21008403361344538,it,50,6.181896,309.094800
25,0.21008403361344538,jacket,50,9.616989,480.849473
25,0.21008403361344538,jar,50,11.677987,583.899369
25,0.21008403361344538,jeans,16,10.623321,169.973130
25,0.21008403361344538,jelly,50,10.988496,549.424798
25,0.21008403361344538,juice,50,9.096289,454.814455
25,0.21008403361344538,jump,50,10.043722,502.186081
25,0.21008403361344538,keys,50,10.581181,529.059031
25,0.21008403361344538,kick,50,10.506368,525.318409
25,0.21008403361344538,kiss,50,9.212798,460.639886
25,0.21008403361344538,kitchen,50,10.138184,506.909219
25,0.21008403361344538,kitty,50,9.878054,493.902713
25,0.21008403361344538,knee,50,11.219825,560.991253
25,0.21008403361344538,knife,50,10.928658,546.432886
25,0.21008403361344538,knock,50,11.530474,576.523706
25,0.21008403361344538,ladder,50,10.335140,516.757021
25,0.21008403361344538,lady,50,10.041511,502.075559
25,0.21008403361344538,lamb,50,8.857390,442.869483
25,0.21008403361344538,lamp,50,11.018297,550.914826
25,0.21008403361344538,last,50,9.204224,460.211177
25,0.21008403361344538,later,50,8.714530,435.726520
25,0.21008403361344538,lawn,37,11.287035,417.620288
25,0.21008403361344538,leg,50,10.725563,536.278170
25,0.21008403361344538,lick,50,10.032070,501.603477
25,0.21008403361344538,light,50,10.418049,520.902432
25,0.21008403361344538,like,50,8.194550,409.727482
25,0.21008403361344538,lion,50,10.193508,509.675397
25,0.21008403361344538,lips,50,12.478086,623.904313
25,0.21008403361344538,listen,50,9.748822,487.441085
25,0.21008403361344538,little,50,9.206236,460.311809
25,0.21008403361344538,living,50,10.215248,510.762408
25,0.21008403361344538,lollipop,50,9.927553,496.377644
25,0.21008403361344538,long,50,9.806286,490.314294
25,0.21008403361344538,look,50,8.644687,432.234355
25,0.21008403361344538,loud,50,9.946228,497.311409
25,0.21008403361344538,love,50,8.712668,435.633388
25,0.21008403361344538,lunch,50,9.663172,483.158579
25,0.21008403361344538,mad,50,9.468744,473.437192
25,0.21008403361344538,make,50,9.358179,467.908959
25,0.21008403361344538,man,50,10.493789,524.689425
25,0.21008403361344538,me,50,8.587521,429.376063
25,0.21008403361344538,meat,50,11.152285,557.614259
25,0.21008403361344538,medicine,50,10.186294,509.314684
25,0.21008403361344538,milk,50,9.921077,496.053843
25,0.21008403361344538,mine,50,9.387145,469.357255
25,0.21008403361344538,mommy,50,10.720132,536.006609
25,0.21008403361344538,money,50,10.703575,535.178772
25,0.21008403361344538,monkey,50,9.037708,451.885386
25,0.21008403361344538,moo,50,10.069534,503.476709
25,0.21008403361344538,moon,50,10.136769,506.838428
25,0.21008403361344538,moose,32,10.782479,345.039322
25,0.21008403361344538,mop,40,11.682628,467.305133
25,0.21008403361344538,more,50,8.933061,446.653064
25,0.21008403361344538,morning,50,10.127113,506.355655
25,0.21008403361344538,motorcycle,50,10.707565,535.378260
25,0.21008403361344538,mouse,50,10.958225,547.911257
25,0.21008403361344538,mouth,50,9.970430,498.521487
25,0.21008403361344538,movie,50,11.567395,578.369740
25,0.21008403361344538,much,50,9.279512,463.975597
25,0.21008403361344538,muffin,50,11.674026,583.701312
25,0.21008403361344538,my,50,8.018830,400.941520
25,0.21008403361344538,myself,50,9.439517,471.975851
25,0.21008403361344538,nail,50,11.703071,585.153532
25,0.21008403361344538,nap,50,10.335355,516.767775
25,0.21008403361344538,napkin,50,10.710369,535.518469
25,0.21008403361344538,naughty,50,8.984182,449.209105
25,0.21008403361344538,necklace,50,12.523109,626.155469
25,0.21008403361344538,need,50,10.409884,520.494178
25,0.21008403361344538,new,50,9.643156,482.157820
25,0.21008403361344538,next,50,9.949919,497.495938
25,0.21008403361344538,nice,50,7.430464,371.523212
25,0.21008403361344538,night,50,9.571513,478.575644
25,0.21008403361344538,no,50,6.805374,340.268718
25,0.21008403361344538,noisy,50,10.945376,547.268818
25,0.21008403361344538,none,50,10.127042,506.352080
25,0.21008403361344538,noodles,50,10.628986,531.449303
25,0.21008403361344538,nose,50,9.480680,474.034019
25,0.21008403361344538,not,50,9.026137,451.306868
25,0.21008403361344538,now,50,9.176445,458.822258
25,0.21008403361344538,nurse,50,10.681361,534.068038
25,0.21008403361344538,nuts,50,10.957903,547.895152
25,0.21008403361344538,of,50,9.257350,462.867495
25,0.21008403361344538,off,50,9.176793,458.839651
25,0.21008403361344538,old,50,9.692227,484.611373
25,0.21008403361344538,on,50,7.628307,381.415330
25,0.21008403361344538,open,50,9.720519,486.025942
25,0.21008403361344538,orange,50,9.408650,470.432516
25,0.21008403361344538,other,50,8.456488,422.824384
25,0.21008403361344538,ouch,50,10.177208,508.860417
25,0.21008403361344538,our,50,9.815071,490.753533
25,0.21008403361344538,out,50,8.533674,426.683688
25,0.21008403361344538,outside,50,9.395034,469.751707
25,0.21008403361344538,oven,50,11.278334,563.916683
25,0.21008403361344538,over,50,8.905152,445.257619
25,0.21008403361344538,owl,50,9.219175,460.958747
25,0.21008403361344538,paint,50,11.600326,580.016304
25,0.21008403361344538,pajamas,50,10.922831,546.141525
25,0.21008403361344538,pancake,46,11.112918,511.194246
25,0.21008403361344538,pants,50,10.258495,512.924773
25,0.21008403361344538,paper,50,9.996131,499.806526
25,0.21008403361344538,park,50,9.437701,471.885055
25,0.21008403361344538,party,50,10.237586,511.879324
25,0.21008403361344538,peanut,50,10.923951,546.197561
25,0.21008403361344538,peas,50,9.910818,495.540924
25,0.21008403361344538,pen,50,10.554198,527.709909
25,0.21008403361344538,pencil,50,10.981011,549.050566
25,0.21008403361344538,penguin,50,10.841592,542.079585
25,0.21008403361344538,penis,18,11.254710,202.584785
25,0.21008403361344538,penny,50,11.977994,598.899711
25,0.21008403361344538,people,50,9.538310,476.915516
25,0.21008403361344538,person,50,10.573054,528.652689
25,0.21008403361344538,pick,50,9.796967,489.848358
25,0.21008403361344538,pickle,50,10.506123,525.306126
25,0.21008403361344538,picnic,50,10.608770,530.438497
25,0.21008403361344538,picture,50,9.557185,477.859261
25,0.21008403361344538,pig,50,10.020874,501.043702
25,0.21008403361344538,pillow,50,10.774086,538.704311
25,0.21008403361344538,pizza,50,10.597636,529.881783
25,0.21008403361344538,plant,50,10.726876,536.343804
25,0.21008403361344538,plate,50,11.135925,556.796258
25,0.21008403361344538,play,50,9.057186,452.859307
25,0.21008403361344538,playground,22,11.970218,263.344791
25,0.21008403361344538,please,50,8.548328,427.416412
25,0.21008403361344538,police,50,11.702472,585.123622
25,0.21008403361344538,pony,50,10.789918,539.495911
25,0.21008403361344538,pool,50,11.357864,567.893199
25,0.21008403361344538,poor,50,9.977692,498.884580
25,0.21008403361344538,popcorn,50,11.775332,588.766594
25,0.21008403361344538,popsicle,31,11.148385,345.599946
25,0.21008403361344538,porch,31,10.776173,334.061351
25,0.21008403361344538,potato,50,10.859560,542.978020
25,0.21008403361344538,pour,50,10.404194,520.209690
25,0.21008403361344538,present,50,10.655373,532.768640
25,0.21008403361344538,pretend,50,9.627470,481.373511
25,0.21008403361344538,pretty,50,9.012844,450.642179
25,0.21008403361344538,pretzel,50,10.226124,511.306221
25,0.21008403361344538,pudding,50,11.587427,579.371330
25,0.21008403361344538,pull,50,10.327766,516.388303
25,0.21008403361344538,pumpkin,50,10.755923,537.796170
25,0.21008403361344538,puppy,50,11.178758,558.937903
25,0.21008403361344538,purse,50,10.509076,525.453796
25,0.21008403361344538,push,50,9.802717,490.135844
25,0.21008403361344538,put,50,9.014452,450.722610
25,0.21008403361344538,puzzle,50,10.514489,525.724453
25,0.21008403361344538,quack,50,10.020357,501.017838
25,0.21008403361344538,quiet,50,10.709218,535.460924
25,0.21008403361344538,radio,50,11.018610,550.930514
25,0.21008403361344538,rain,50,9.970932,498.546595
25,0.21008403361344538,raisin,43,12.036510,517.569929
25,0.21008403361344538,read,50,10.288307,514.415375
25,0.21008403361344538,red,50,9.375238,468.761885
25,0.21008403361344538,refrigerator,50,9.820229,491.011441
25,0.21008403361344538,ride,50,9.821701,491.085051
25,0.21008403361344538,rip,50,11.143036,557.151814
25,0.21008403361344538,rock,50,9.785967,489.298347
25,0.21008403361344538,rocking,50,10.332173,516.608660
25,0.21008403361344538,roof,50,10.251907,512.595337
25,0.21008403361344538,room,50,9.598767,479.938343
25,0.21008403361344538,rooster,50,10.355393,517.769643
25,0.21008403361344538,run,50,9.509594,475.479716
25,0.21008403361344538,sad,50,9.937795,496.889736
25,0.21008403361344538,salt,50,10.618265,530.913261
25,0.21008403361344538,same,50,9.764781,488.239037
25,0.21008403361344538,sandwich,50,10.756421,537.821050
25,0.21008403361344538,sauce,50,10.770037,538.501835
25,0.21008403361344538,say,50,8.539364,426.968211
25,0.21008403361344538,scared,50,9.822679,491.133965
25,0.21008403361344538,scarf,50,10.883431,544.171538
25,0.21008403361344538,school,50,9.556700,477.835020
25,0.21008403361344538,scissors,50,11.017087,550.854368
25,0.21008403361344538,see,50,7.691586,384.579276
25,0.21008403361344538,shake,50,10.452684,522.634178
25,0.21008403361344538,share,50,10.725098,536.254910
25,0.21008403361344538,she,50,9.356817,467.840829
25,0.21008403361344538,sheep,50,9.196128,459.806383
25,0.21008403361344538,shh,50,10.788573,539.428631
25,0.21008403361344538,shirt,50,10.299091,514.954530
25,0.21008403361344538,shoe,50,10.525729,526.286455
25,0.21008403361344538,shopping,50,11.574038,578.701921
25,0.21008403361344538,shorts,50,10.401325,520.066257
25,0.21008403361344538,shoulder,50,10.735346,536.767299
25,0.21008403361344538,shovel,50,10.439522,521.976107
25,0.21008403361344538,show,50,9.753557,487.677870
25,0.21008403361344538,shower,50,10.719718,535.985916
25,0.21008403361344538,sick,50,10.084448,504.222405
25,0.21008403361344538,sidewalk,19,9.479331,180.107283
25,0.21008403361344538,sing,50,10.181229,509.061474
25,0.21008403361344538,sink,50,10.851310,542.565490
25,0.21008403361344538,sister,50,9.586363,479.318131
25,0.21008403361344538,sit,50,9.584430,479.221515
25,0.21008403361344538,skate,13,10.448089,135.825154
25,0.21008403361344538,sky,50,9.553679,477.683929
25,0.21008403361344538,sled,22,11.672934,256.804557
25,0.21008403361344538,sleep,50,9.704387,485.219347
25,0.21008403361344538,sleepy,50,10.106407,505.320361
25,0.21008403361344538,slide,50,10.290264,514.513190
25,0.21008403361344538,slipper,50,11.499785,574.989242
25,0.21008403361344538,slow,50,11.640697,582.034859
25,0.21008403361344538,smile,50,10.398802,519.940103
25,0.21008403361344538,snack,50,11.195516,559.775790
25,0.21008403361344538,snow,50,10.394680,519.734017
25,0.21008403361344538,so,50,8.280255,414.012744
25,0.21008403361344538,soap,50,11.450318,572.515915
25,0.21008403361344538,sock,50,12.134422,606.721112
25,0.21008403361344538,soda,50,9.460297,473.014874
25,0.21008403361344538,sofa,50,10.648504,532.425214
25,0.21008403361344538,soft,50,9.719283,485.964168
25,0.21008403361344538,some,50,9.227257,461.362856
25,0.21008403361344538,soup,50,10.573100,528.654976
25,0.21008403361344538,spill,50,9.605044,480.252205
25,0.21008403361344538,splash,50,11.611949,580.597465
25,0.21008403361344538,spoon,50,9.435965,471.798242
25,0.21008403361344538,sprinkler,13,11.496665,149.456648
25,0.21008403361344538,squirrel,50,10.685484,534.274201
25,0.21008403361344538,stairs,50,10.725217,536.260855
25,0.21008403361344538,stand,50,10.082712,504.135593
25,0.21008403361344538,star,50,9.672252,483.612620
25,0.21008403361344538,stay,50,8.376534,418.826705
25,0.21008403361344538,stick,50,11.060079,553.003926
25,0.21008403361344538,sticky,50,10.336786,516.839318
25,0.21008403361344538,stone,50,11.099610,554.980521
25,0.21008403361344538,stop,50,10.402378,520.118894
25,0.21008403361344538,store,50,10.594578,529.728884
25,0.21008403361344538,story,50,9.887934,494.396723
25,0.21008403361344538,stove,50,10.774643,538.732154
25,0.21008403361344538,strawberry,50,9.390439,469.521933
25,0.21008403361344538,street,50,11.065923,553.296143
25,0.21008403361344538,stroller,50,11.155319,557.765965
25,0.21008403361344538,stuck,50,10.736775,536.838750
25,0.21008403361344538,sun,50,9.868944,493.447213
25,0.21008403361344538,sweater,50,9.547915,477.395763
25,0.21008403361344538,sweep,50,11.674543,583.727137
25,0.21008403361344538,swim,50,10.307793,515.389661
25,0.21008403361344538,swing,50,9.526322,476.316108
25,0.21008403361344538,table,50,9.670767,483.538347
25,0.21008403361344538,take,50,9.662704,483.135210
25,0.21008403361344538,talk,50,11.003832,550.191620
25,0.21008403361344538,tape,50,9.411044,470.552220
25,0.21008403361344538,taste,50,9.557808,477.890421
25,0.21008403361344538,teacher,50,9.738374,486.918694
25,0.21008403361344538,tear,50,9.287316,464.365808
25,0.21008403361344538,telephone,50,10.008758,500.437879
25,0.21008403361344538,thank,50,9.308533,465.426674
25,0.21008403361344538,that,50,7.173361,358.668069
25,0.21008403361344538,the,50,5.324494,266.224715
25,0.21008403361344538,their,50,9.664288,483.214414
25,0.21008403361344538,them,50,8.491312,424.565582
25,0.21008403361344538,then,50,8.257589,412.879438
25,0.21008403361344538,there,50,6.802927,340.146372
25,0.21008403361344538,these,50,8.527679,426.383945
25,0.21008403361344538,they,50,8.292583,414.629132
25,0.21008403361344538,think,50,8.208768,410.438395
25,0.21008403361344538,thirsty,50,10.266303,513.315134
25,0.21008403361344538,this,50,7.029913,351.495647
25,0.21008403361344538,those,50,9.188041,459.402040
25,0.21008403361344538,throw,50,9.111444,455.572181
25,0.21008403361344538,tickle,50,9.495987,474.799336
25,0.21008403361344538,tiger,50,11.172105,558.605251
25,0.21008403361344538,time,50,8.977374,448.868683
25,0.21008403361344538,tiny,50,9.464837,473.241860
25,0.21008403361344538,tired,50,10.569103,528.455144
25,0.21008403361344538,tissue,50,11.565871,578.293558
25,0.21008403361344538,to,50,8.557160,427.858009
25,0.21008403361344538,toast,50,10.481379,524.068973
25,0.21008403361344538,today,50,10.135178,506.758919
25,0.21008403361344538,tomorrow,50,10.736869,536.843429
25,0.21008403361344538,tongue,50,11.031581,551.579026
25,0.21008403361344538,tonight,50,10.316103,515.805125
25,0.21008403361344538,too,50,8.889516,444.475803
25,0.21008403361344538,tooth,50,10.087815,504.390762
25,0.21008403361344538,toothbrush,50,10.606915,530.345736
25,0.21008403361344538,touch,50,8.958137,447.906845
25,0.21008403361344538,towel,50,10.361110,518.055490
25,0.21008403361344538,tractor,50,10.856365,542.818233
25,0.21008403361344538,train,50,8.805715,440.285744
25,0.21008403361344538,trash,50,10.576803,528.840142
25,0.21008403361344538,tray,50,11.187693,559.384655
25,0.21008403361344538,tree,50,9.152253,457.612670
25,0.21008403361344538,truck,50,10.116082,505.804108
25,0.21008403361344538,try,50,9.847272,492.363578
25,0.21008403361344538,tummy,50,9.528562,476.428110
25,0.21008403361344538,tuna,50,10.792607,539.630352
25,0.21008403361344538,turkey,50,11.629019,581.450941
25,0.21008403361344538,turn,50,9.410627,470.531371
25,0.21008403361344538,turtle,50,10.113885,505.694248
25,0.21008403361344538,tv,50,11.439431,571.971574
25,0.21008403361344538,uh,50,8.716635,435.831762
25,0.21008403361344538,uncle,50,11.935980,596.799009
25,0.21008403361344538,under,50,9.146749,457.337426
25,0.21008403361344538,up,50,8.911807,445.590373
25,0.21008403361344538,us,50,9.505787,475.289360
25,0.21008403361344538,vacuum,50,11.604336,580.216793
25,0.21008403361344538,vanilla,50,11.977227,598.861345
25,0.21008403361344538,wait,50,8.508515,425.425756
25,0.21008403361344538,wake,50,10.184215,509.210756
25,0.21008403361344538,walk,50,9.442412,472.120613
25,0.21008403361344538,walker,12,10.881438,130.577250
25,0.21008403361344538,wanna,50,6.951613,347.580626
25,0.21008403361344538,was,50,8.574698,428.734893
25,0.21008403361344538,wash,50,9.356102,467.805124
25,0.21008403361344538,washing,50,9.672497,483.624852
25,0.21008403361344538,watch,50,9.010255,450.512745
25,0.21008403361344538,water,50,8.586223,429.311152
25,0.21008403361344538,we,50,8.241252,412.062579
25,0.21008403361344538,were,50,8.332103,416.605159
25,0.21008403361344538,wet,50,10.014174,500.708709
25,0.21008403361344538,what,50,6.965995,348.299763
25,0.21008403361344538,when,50,8.274970,413.748478
25,0.21008403361344538,where,50,7.651821,382.591072
25,0.21008403361344538,which,50,9.513377,475.668833
25,0.21008403361344538,white,50,9.808705,490.435233
25,0.21008403361344538,who,50,8.685644,434.282194
25,0.21008403361344538,why,50,8.473206,423.660280
25,0.21008403361344538,will,50,9.334384,466.719182
25,0.21008403361344538,wind,50,9.280488,464.024390
25,0.21008403361344538,window,50,10.034098,501.704882
25,0.21008403361344538,windy,50,10.181304,509.065210
25,0.21008403361344538,wipe,50,10.951016,547.550784
25,0.21008403361344538,wish,50,9.814461,490.723030
25,0.21008403361344538,with,50,8.259804,412.990181
25,0.21008403361344538,wolf,50,11.808465,590.423275
25,0.21008403361344538,woods,48,10.242677,491.648484
25,0.21008403361344538,woof,50,9.867742,493.387105
25,0.21008403361344538,work,50,8.913323,445.666164
25,0.21008403361344538,would,50,8.856844,442.842218
25,0.21008403361344538,write,50,10.317814,515.890693
25,0.21008403361344538,yard,50,10.168472,508.423598
25,0.21008403361344538,yellow,50,9.527394,476.369711
25,0.21008403361344538,yes,50,8.182571,409.128536
25,0.21008403361344538,yesterday,50,10.598479,529.923962
25,0.21008403361344538,yogurt,50,10.599087,529.954372
25,0.21008403361344538,you,50,4.217884,210.894217
25,0.21008403361344538,your,50,7.330668,366.533396
25,0.21008403361344538,yourself,50,9.568938,478.446910
25,0.21008403361344538,yum,50,9.887766,494.388320
25,0.21008403361344538,zebra,50,10.378107,518.905349
25,0.21008403361344538,zipper,40,10.248906,409.956230
25,0.21008403361344538,zoo,50,10.419666,520.983301
33,0.2773109243697479,a,50,5.027146,251.357306
33,0.2773109243697479,about,50,7.430785,371.539272
33,0.2773109243697479,above,50,10.495610,524.780494
33,0.2773109243697479,after,50,8.848306,442.415318
33,0.2773109243697479,airplane,50,9.876027,493.801366
33,0.2773109243697479,all,50,7.833330,391.666504
33,0.2773109243697479,alligator,50,9.656066,482.803285
33,0.2773109243697479,am,50,8.363972,418.198602
33,0.2773109243697479,and,50,5.661811,283.090559
33,0.2773109243697479,animal,50,10.166878,508.343886
33,0.2773109243697479,ankle,5,11.919171,59.595854
33,0.2773109243697479,another,50,8.011256,400.562818
33,0.2773109243697479,any,50,7.750718,387.535882
33,0.2773109243697479,apple,50,9.257434,462.871675
33,0.2773109243697479,are,50,7.635816,381.790804
33,0.2773109243697479,arm,50,9.946796,497.339794
33,0.2773109243697479,around,50,8.384290,419.214519
33,0.2773109243697479,asleep,50,11.732196,586.609816
33,0.2773109243697479,at,50,7.088518,354.425876
33,0.2773109243697479,aunt,42,11.474606,481.933465
33,0.2773109243697479,awake,50,10.566964,528.348206
33,0.2773109243697479,away,50,9.223524,461.176214
33,0.2773109243697479,baby,50,7.734279,386.713932
33,0.2773109243697479,babysitter,11,11.699380,128.693176
33,0.2773109243697479,back,50,8.112812,405.640576
33,0.2773109243697479,backyard,19,10.978187,208.585546
33,0.2773109243697479,bad,50,9.988152,499.407578
33,0.2773109243697479,ball,50,8.155916,407.795799
33,0.2773109243697479,balloon,50,9.654663,482.733162
33,0.2773109243697479,banana,50,11.032936,551.646793
33,0.2773109243697479,basement,26,11.288395,293.498260
33,0.2773109243697479,basket,50,9.593094,479.654716
33,0.2773109243697479,bat,50,10.308479,515.423925
33,0.2773109243697479,bath,50,9.093467,454.673365
33,0.2773109243697479,bathroom,50,11.526399,576.319972
33,0.2773109243697479,bathtub,31,11.725388,363.487028
33,0.2773109243697479,be,50,8.391928,419.596384
33,0.2773109243697479,beach,50,9.600605,480.030270
33,0.2773109243697479,beads,50,10.185392,509.269599
33,0.2773109243697479,beans,50,10.705400,535.270020
33,0.2773109243697479,bear,50,9.453297,472.664835
33,0.2773109243697479,because,50,7.095942,354.797101
33,0.2773109243697479,bed,50,9.036907,451.845373
33,0.2773109243697479,bedroom,50,10.522198,526.109891
33,0.2773109243697479,bee,50,10.148817,507.440844
33,0.2773109243697479,before,50,8.310675,415.533728
33,0.2773109243697479,behind,50,9.166428,458.321382
33,0.2773109243697479,belly,50,9.362011,468.100527
33,0.2773109243697479,belt,50,12.267831,613.391535
33,0.2773109243697479,bench,50,10.908051,545.402527
33,0.2773109243697479,beside,50,9.609528,480.476385
33,0.2773109243697479,better,50,7.614715,380.735746
33,0.2773109243697479,bib,50,11.476496,573.824818
33,0.2773109243697479,bicycle,50,9.176598,458.829882
33,0.2773109243697479,big,50,7.752494,387.624687
33,0.2773109243697479,bird,50,9.652453,482.622650
33,0.2773109243697479,bite,50,9.210854,460.542708
33,0.2773109243697479,black,50,9.521957,476.097864
33,0.2773109243697479,blanket,50,10.491626,524.581281
33,0.2773109243697479,block,50,11.507434,575.371688
33,0.2773109243697479,blow,50,10.200060,510.002985
33,0.2773109243697479,blue,50,8.869749,443.487435
33,0.2773109243697479,boat,50,10.401440,520.072000
33,0.2773109243697479,book,50,8.321644,416.082196
33,0.2773109243697479,boots,50,9.529879,476.493968
33,0.2773109243697479,bottle,50,10.370917,518.545873
33,0.2773109243697479,bowl,50,10.038036,501.901781
33,0.2773109243697479,box,50,7.726794,386.339690
33,0.2773109243697479,boy,50,9.402346,470.117289
33,0.2773109243697479,bread,50,9.453004,472.650190
33,0.2773109243697479,break,50,8.972900,448.645013
33,0.2773109243697479,breakfast,50,10.259072,512.953601
33,0.2773109243697479,bring,50,8.489473,424.473675
33,0.2773109243697479,broken,50,9.569983,478.499164
33,0.2773109243697479,broom,50,10.854984,542.749207
33,0.2773109243697479,brother,50,10.517923,525.896161
33,0.2773109243697479,brown,50,11.001620,550.081001
33,0.2773109243697479,brush,50,10.028347,501.417352
33,0.2773109243697479,bubbles,50,11.483973,574.198647
33,0.2773109243697479,bucket,50,10.059652,502.982601
33,0.2773109243697479,bug,50,9.846125,492.306266
33,0.2773109243697479,build,50,10.704169,535.208429
33,0.2773109243697479,bump,50,8.954590,447.729516
33,0.2773109243697479,bunny,50,9.127582,456.379124
33,0.2773109243697479,bus,50,8.929672,446.483581
33,0.2773109243697479,but,50,7.187242,359.362083
33,0.2773109243697479,butter,50,11.247529,562.376447
33,0.2773109243697479,butterfly,50,9.745710,487.285488
33,0.2773109243697479,button,50,10.107468,505.373388
33,0.2773109243697479,buy,50,10.195308,509.765418
33,0.2773109243697479,by,50,8.920245,446.012271
33,0.2773109243697479,bye,50,8.670545,433.527244
33,0.2773109243697479,cake,50,10.125856,506.292793
33,0.2773109243697479,call,50,9.235219,461.760928
33,0.2773109243697479,camera,50,9.996681,499.834075
33,0.2773109243697479,camping,31,12.089428,374.772253
33,0.2773109243697479,can,50,6.226684,311.334199
33,0.2773109243697479,candy,50,10.425138,521.256895
33,0.2773109243697479,car,50,8.103288,405.164423
33,0.2773109243697479,careful,50,8.794972,439.748614
33,0.2773109243697479,carrots,50,9.730284,486.514185
33,0.2773109243697479,carry,50,9.447631,472.381537
33,0.2773109243697479,cat,50,9.114178,455.708886
33,0.2773109243697479,catch,50,9.431937,471.596853
33,0.2773109243697479,cereal,50,9.418800,470.939989
33,0.2773109243697479,chair,50,8.758700,437.934998
33,0.2773109243697479,chalk,40,11.219530,448.781181
33,0.2773109243697479,chase,49,10.248713,502.186949
33,0.2773109243697479,cheek,35,12.284330,429.951566
33,0.2773109243697479,cheese,50,9.195713,459.785666
33,0.2773109243697479,chicken,50,9.234583,461.729151
33,0.2773109243697479,child,50,10.313865,515.693248
33,0.2773109243697479,chin,50,10.747005,537.350255
33,0.2773109243697479,chocolate,50,9.440916,472.045776
33,0.2773109243697479,choo,50,9.459211,472.960553
33,0.2773109243697479,church,50,9.832670,491.633502
33,0.2773109243697479,circus,50,11.299779,564.988928
33,0.2773109243697479,clap,50,10.199363,509.968127
33,0.2773109243697479,clean,50,9.013197,450.659867
33,0.2773109243697479,climb,50,9.165388,458.269423
33,0.2773109243697479,clock,50,10.131577,506.578857
33,0.2773109243697479,close,50,9.082715,454.135773
33,0.2773109243697479,closet,50,10.517528,525.876422
33,0.2773109243697479,cloud,50,10.927630,546.381519
33,0.2773109243697479,clown,50,9.532786,476.639291
33,0.2773109243697479,coat,50,9.662000,483.099989
33,0.2773109243697479,coffee,50,9.553338,477.666924
33,0.2773109243697479,coke,50,11.056658,552.832904
33,0.2773109243697479,cold,50,10.595692,529.784597
33,0.2773109243697479,comb,50,9.828019,491.400973
33,0.2773109243697479,cook,50,9.525219,476.260964
33,0.2773109243697479,cookie,50,10.139029,506.951431
33,0.2773109243697479,corn,50,10.377013,518.850673
33,0.2773109243697479,couch,50,10.973431,548.671535
33,0.2773109243697479,could,50,7.887075,394.353761
33,0.2773109243697479,country,50,10.226985,511.349273
33,0.2773109243697479,cover,50,8.464767,423.238334
33,0.2773109243697479,cow,50,9.341533,467.076651
33,0.2773109243697479,cowboy,50,11.206868,560.343409
33,0.2773109243697479,cracker,50,8.966251,448.312546
33,0.2773109243697479,crayon,50,11.002586,550.129299
33,0.2773109243697479,crib,50,11.224064,561.203178
33,0.2773109243697479,cry,50,9.527195,476.359754
33,0.2773109243697479,cup,50,8.612387,430.619361
33,0.2773109243697479,cut,50,9.418862,470.943081
33,0.2773109243697479,cute,50,9.827009,491.350440
33,0.2773109243697479,daddy,50,8.951167,447.558351
33,0.2773109243697479,dance,50,11.434954,571.747709
33,0.2773109243697479,dark,50,9.759209,487.960469
33,0.2773109243697479,day,50,8.243995,412.199751
33,0.2773109243697479,deer,50,10.081079,504.053946
33,0.2773109243697479,diaper,50,9.852018,492.600885
33,0.2773109243697479,did,50,7.402499,370.124929
33,0.2773109243697479,dinner,50,10.269220,513.460998
33,0.2773109243697479,dirty,50,8.774452,438.722621
33,0.2773109243697479,dish,50,10.435497,521.774875
33,0.2773109243697479,do,50,6.667891,333.394573
33,0.2773109243697479,doctor,50,9.570973,478.548633
33,0.2773109243697479,does,50,8.122889,406.144426
33,0.2773109243697479,dog,50,9.482434,474.121696
33,0.2773109243697479,doll,50,9.921857,496.092827
33,0.2773109243697479,donkey,50,10.118692,505.934589
33,0.2773109243697479,donut,41,10.936617,448.401280
33,0.2773109243697479,door,50,9.368785,468.439252
33,0.2773109243697479,down,50,8.013561,400.678059
33,0.2773109243697479,downtown,8,9.874105,78.992844
33,0.2773109243697479,draw,50,9.506533,475.326629
33,0.2773109243697479,drawer,50,9.982437,499.121848
33,0.2773109243697479,dress,50,9.444964,472.248176
33,0.2773109243697479,drink,50,8.566642,428.332089
33,0.2773109243697479,drive,50,9.827285,491.364256
33,0.2773109243697479,drop,50,9.684479,484.223930
33,0.2773109243697479,dry,50,10.266786,513.339311
33,0.2773109243697479,dryer,20,11.487463,229.749260
33,0.2773109243697479,duck,50,9.007672,450.383582
33,0.2773109243697479,dump,50,9.506811,475.340529
33,0.2773109243697479,each,50,8.853056,442.652799
33,0.2773109243697479,ear,50,10.073120,503.655988
33,0.2773109243697479,eat,50,7.509114,375.455713
33,0.2773109243697479,egg,50,9.410836,470.541799
33,0.2773109243697479,elephant,50,10.000487,500.024359
33,0.2773109243697479,empty,50,8.967285,448.364246
33,0.2773109243697479,every,50,10.274524,513.726185
33,0.2773109243697479,eye,50,9.146868,457.343423
33,0.2773109243697479,face,50,8.898621,444.931036
33,0.2773109243697479,fall,50,7.974790,398.739511
33,0.2773109243697479,farm,50,11.005382,550.269118
33,0.2773109243697479,fast,50,8.922135,446.106743
33,0.2773109243697479,feed,50,8.928598,446.429877
33,0.2773109243697479,find,50,9.388401,469.420056
33,0.2773109243697479,fine,50,9.253728,462.686378
33,0.2773109243697479,finger,50,9.311821,465.591052
33,0.2773109243697479,finish,50,8.558660,427.932976
33,0.2773109243697479,first,50,8.698659,434.932959
33,0.2773109243697479,fish,50,8.798351,439.917568
33,0.2773109243697479,fit,50,9.890616,494.530782
33,0.2773109243697479,fix,50,9.862431,493.121531
33,0.2773109243697479,flag,50,12.018220,600.910995
33,0.2773109243697479,flower,50,9.271336,463.566813
33,0.2773109243697479,food,50,8.939516,446.975803
33,0.2773109243697479,foot,50,9.487637,474.381844
33,0.2773109243697479,for,50,7.835477,391.773870
33,0.2773109243697479,fork,50,9.500468,475.023398
33,0.2773109243697479,french,50,10.936726,546.836283
33,0.2773109243697479,friend,50,9.300049,465.002455
33,0.2773109243697479,frog,50,8.990932,449.546589
33,0.2773109243697479,full,50,8.890871,444.543564
33,0.2773109243697479,game,50,9.344466,467.223287
33,0.2773109243697479,garage,50,11.155929,557.796462
33,0.2773109243697479,garbage,50,10.125844,506.292190
33,0.2773109243697479,garden,50,9.981415,499.070760
33,0.2773109243697479,gas,50,11.950418,597.520904
33,0.2773109243697479,gentle,50,11.086856,554.342814
33,0.2773109243697479,get,50,7.508222,375.411103
33,0.2773109243697479,giraffe,50,10.660703,533.035171
33,0.2773109243697479,girl,50,8.485606,424.280322
33,0.2773109243697479,give,50,8.663135,433.156758
33,0.2773109243697479,glass,50,9.237511,461.875543
33,0.2773109243697479,glasses,50,9.810899,490.544942
33,0.2773109243697479,gloves,50,11.033921,551.696069
33,0.2773109243697479,glue,50,9.876845,493.842237
33,0.2773109243697479,go,50,6.878602,343.930093
33,0.2773109243697479,good,50,7.398164,369.908179
33,0.2773109243697479,goose,50,9.853565,492.678248
33,0.2773109243697479,grandma,50,10.153850,507.692477
33,0.2773109243697479,grandpa,45,10.539103,474.259619
33,0.2773109243697479,grapes,50,11.312573,565.628638
33,0.2773109243697479,grass,50,9.038561,451.928040
33,0.2773109243697479,green,50,9.023191,451.159551
33,0.2773109243697479,gum,50,10.458068,522.903393
33,0.2773109243697479,hair,50,8.945747,447.287344
33,0.2773109243697479,hamburger,50,10.488723,524.436149
33,0.2773109243697479,hammer,50,10.192797,509.639856
33,0.2773109243697479,hand,50,8.287168,414.358403
33,0.2773109243697479,happy,50,10.231850,511.592509
33,0.2773109243697479,hard,50,9.339402,466.970092
33,0.2773109243697479,hat,50,8.730890,436.544516
33,0.2773109243697479,hate,50,12.069858,603.492876
33,0.2773109243697479,have,50,6.389738,319.486896
33,0.2773109243697479,he,50,6.991613,349.580648
33,0.2773109243697479,head,50,8.509628,425.481390
33,0.2773109243697479,hear,50,8.900321,445.016066
33,0.2773109243697479,heavy,50,9.317416,465.870807
33,0.2773109243697479,helicopter,50,10.447072,522.353585
33,0.2773109243697479,hello,50,8.224656,411.232811
33,0.2773109243697479,help,50,9.494184,474.709211
33,0.2773109243697479,her,50,7.866862,393.343121
33,0.2773109243697479,here,50,6.597601,329.880048
33,0.2773109243697479,hi,50,9.841676,492.083804
33,0.2773109243697479,hide,50,10.028713,501.435653
33,0.2773109243697479,high,50,8.772228,438.611405
33,0.2773109243697479,him,50,7.806149,390.307436
33,0.2773109243697479,his,50,6.882228,344.111417
33,0.2773109243697479,hit,50,9.516967,475.848338
33,0.2773109243697479,hold,50,9.204764,460.238179
33,0.2773109243697479,home,50,8.539731,426.986567
33,0.2773109243697479,horse,50,9.271694,463.584684
33,0.2773109243697479,hose,50,12.560936,628.046784
33,0.2773109243697479,hot,50,9.451519,472.575943
33,0.2773109243697479,house,50,7.864993,393.249641
33,0.2773109243697479,how,50,9.071439,453.571965
33,0.2773109243697479,hug,50,9.839559,491.977947
33,0.2773109243697479,hungry,50,8.620576,431.028795
33,0.2773109243697479,hurry,50,9.601689,480.084437
33,0.2773109243697479,hurt,50,8.805903,440.295142
33,0.2773109243697479,i,50,10.073420,503.670992
33,0.2773109243697479,ice,50,9.280688,464.034404
33,0.2773109243697479,if,50,8.021878,401.093876
33,0.2773109243697479,inside,50,8.070842,403.542082
33,0.2773109243697479,into,50,8.652829,432.641475
33,0.2773109243697479,is,50,6.293986,314.699275
33,0.2773109243697479,it,50,5.569924,278.496183
33,0.2773109243697479,jacket,50,9.286011,464.300557
33,0.2773109243697479,jar,50,11.128559,556.427971
33,0.2773109243697479,jeans,16,10.721076,171.537209
33,0.2773109243697479,jelly,50,10.459174,522.958713
33,0.2773109243697479,juice,50,8.655650,432.782485
33,0.2773109243697479,jump,50,9.358322,467.916116
33,0.2773109243697479,keys,50,10.092541,504.627058
33,0.2773109243697479,kick,50,10.379425,518.971226
33,0.2773109243697479,kiss,50,8.204629,410.231452
33,0.2773109243697479,kitchen,50,9.887650,494.382476
33,0.2773109243697479,kitty,50,9.033254,451.662712
33,0.2773109243697479,knee,50,10.144527,507.226347
33,0.2773109243697479,knife,50,10.437206,521.860286
33,0.2773109243697479,knock,50,11.088371,554.418555
33,0.2773109243697479,ladder,50,9.816568,490.828416
33,0.2773109243697479,lady,50,9.454779,472.738963
33,0.2773109243697479,lamb,50,8.694800,434.739990
33,0.2773109243697479,lamp,50,10.877724,543.886189
33,0.2773109243697479,last,50,8.613653,430.682634
33,0.2773109243697479,later,50,8.316712,415.835596
33,0.2773109243697479,lawn,37,11.585367,428.658572
33,0.2773109243697479,leg,50,10.375027,518.751352
33,0.2773109243697479,lick,50,9.392026,469.601321
33,0.2773109243697479,light,50,9.898397,494.919836
33,0.2773109243697479,like,50,7.305482,365.274096
33,0.2773109243697479,lion,50,9.942531,497.126526
33,0.2773109243697479,lips,50,12.154979,607.748945
33,0.2773109243697479,listen,50,8.924058,446.202918
33,0.2773109243697479,little,50,7.748716,387.435814
33,0.2773109243697479,living,50,10.351961,517.598033
33,0.2773109243697479,lollipop,50,10.016800,500.839983
33,0.2773109243697479,long,50,8.625624,431.281181
33,0.2773109243697479,look,50,7.942338,397.116891
33,0.2773109243697479,loud,50,9.308103,465.405145
33,0.2773109243697479,love,50,8.217233,410.861652
33,0.2773109243697479,lunch,50,9.260412,463.020580
33,0.2773109243697479,mad,50,9.122780,456.138993
33,0.2773109243697479,make,50,8.083764,404.188200
33,0.2773109243697479,man,50,9.870643,493.532132
33,0.2773109243697479,me,50,7.918891,395.944530
33,0.2773109243697479,meat,50,10.392793,519.639673
33,0.2773109243697479,medicine,50,9.963247,498.162348
33,0.2773109243697479,milk,50,9.297637,464.881851
33,0.2773109243697479,mine,50,8.782763,439.138171
33,0.2773109243697479,mommy,50,10.062807,503.140352
33,0.2773109243697479,money,50,10.146282,507.314098
33,0.2773109243697479,monkey,50,8.443842,422.192087
33,0.2773109243697479,moo,50,9.640262,482.013115
33,0.2773109243697479,moon,50,9.098617,454.930835
33,0.2773109243697479,moose,32,10.958089,350.658844
33,0.2773109243697479,mop,40,11.349192,453.967674
33,0.2773109243697479,more,50,7.747880,387.393981
33,0.2773109243697479,morning,50,9.046993,452.349626
33,0.2773109243697479,motorcycle,50,10.058254,502.912701
33,0.2773109243697479,mouse,50,10.166178,508.308920
33,0.2773109243697479,mouth,50,9.054906,452.745311
33,0.2773109243697479,movie,50,10.928123,546.406141
33,0.2773109243697479,much,50,8.318006,415.900304
33,0.2773109243697479,muffin,50,11.453351,572.667527
33,0.2773109243697479,my,50,7.035787,351.789370
33,0.2773109243697479,myself,50,9.442303,472.115149
33,0.2773109243697479,nail,50,10.767212,538.360623
33,0.2773109243697479,nap,50,9.781988,489.099393
33,0.2773109243697479,napkin,50,10.347087,517.354335
33,0.2773109243697479,naughty,50,8.604492,430.224621
33,0.2773109243697479,necklace,50,12.098267,604.913361
33,0.2773109243697479,need,50,9.656683,482.834141
33,0.2773109243697479,new,50,8.832811,441.640574
33,0.2773109243697479,next,50,9.347008,467.350379
33,0.2773109243697479,nice,50,6.708697,335.434843
33,0.2773109243697479,night,50,9.282742,464.137104
33,0.2773109243697479,no,50,6.633085,331.654226
33,0.2773109243697479,noisy,50,10.414946,520.747282
33,0.2773109243697479,none,50,9.474558,473.727917
33,0.2773109243697479,noodles,50,10.361333,518.066646
33,0.2773109243697479,nose,50,8.994899,449.744947
33,0.2773109243697479,not,50,8.403141,420.157054
33,0.2773109243697479,now,50,8.470346,423.517279
33,0.2773109243697479,nurse,50,10.319356,515.967783
33,0.2773109243697479,nuts,50,10.839395,541.969743
33,0.2773109243697479,of,50,7.800735,390.036764
33,0.2773109243697479,off,50,8.104294,405.214710
33,0.2773109243697479,old,50,9.209532,460.476620
33,0.2773109243697479,on,50,6.280438,314.021891
33,0.2773109243697479,open,50,8.848740,442.437013
33,0.2773109243697479,orange,50,8.650757,432.537828
33,0.2773109243697479,other,50,7.787522,389.376122
33,0.2773109243697479,ouch,50,9.600786,480.039313
33,0.2773109243697479,our,50,8.870975,443.548749
33,0.2773109243697479,out,50,7.539153,376.957651
33,0.2773109243697479,outside,50,8.695140,434.757020
33,0.2773109243697479,oven,50,10.123144,506.157198
33,0.2773109243697479,over,50,7.601914,380.095700
33,0.2773109243697479,owl,50,8.824854,441.242689
33,0.2773109243697479,paint,50,11.101923,555.096138
33,0.2773109243697479,pajamas,50,10.381708,519.085402
33,0.2773109243697479,pancake,46,10.412474,478.973818
33,0.2773109243697479,pants,50,10.216774,510.838677
33,0.2773109243697479,paper,50,9.494352,474.717621
33,0.2773109243697479,park,50,8.652551,432.627547
33,0.2773109243697479,party,50,9.228434,461.421679
33,0.2773109243697479,peanut,50,10.369073,518.453634
33,0.2773109243697479,peas,50,9.049120,452.455979
33,0.2773109243697479,pen,50,10.354019,517.700943
33,0.2773109243697479,pencil,50,11.323197,566.159831
33,0.2773109243697479,penguin,50,9.872640,493.631992
33,0.2773109243697479,penis,18,11.209104,201.763880
33,0.2773109243697479,penny,50,12.049928,602.496397
33,0.2773109243697479,people,50,8.559333,427.966634
33,0.2773109243697479,person,50,10.375090,518.754513
33,0.2773109243697479,pick,50,8.944145,447.207273
33,0.2773109243697479,pickle,50,10.437332,521.866614
33,0.2773109243697479,picnic,50,9.927177,496.358844
33,0.2773109243697479,picture,50,8.686124,434.306210
33,0.2773109243697479,pig,50,9.957663,497.883128
33,0.2773109243697479,pillow,50,10.877514,543.875702
33,0.2773109243697479,pizza,50,9.853381,492.669040
33,0.2773109243697479,plant,50,10.446214,522.310696
33,0.2773109243697479,plate,50,10.107500,505.374983
33,0.2773109243697479,play,50,8.079898,403.994921
33,0.2773109243697479,playground,22,12.157811,267.471845
33,0.2773109243697479,please,50,7.930248,396.512401
33,0.2773109243697479,police,50,11.247313,562.365666
33,0.2773109243697479,pony,50,10.957787,547.889361
33,0.2773109243697479,pool,50,10.353723,517.686164
33,0.2773109243697479,poor,50,9.065405,453.270244
33,0.2773109243697479,popcorn,50,11.216833,560.841634
33,0.2773109243697479,popsicle,31,11.360206,352.166400
33,0.2773109243697479,porch,31,11.046259,342.434037
33,0.2773109243697479,potato,50,11.108445,555.422259
33,0.2773109243697479,pour,50,10.216970,510.848512
33,0.2773109243697479,present,50,10.549560,527.477978
33,0.2773109243697479,pretend,50,9.040834,452.041697
33,0.2773109243697479,pretty,50,8.049079,402.453963
33,0.2773109243697479,pretzel,50,10.417473,520.873660
33,0.2773109243697479,pudding,50,11.849587,592.479367
33,0.2773109243697479,pull,50,9.323625,466.181263
33,0.2773109243697479,pumpkin,50,10.235967,511.798357
33,0.2773109243697479,puppy,50,11.627768,581.388413
33,0.2773109243697479,purse,50,10.289298,514.464902
33,0.2773109243697479,push,50,9.498054,474.902678
33,0.2773109243697479,put,50,8.190898,409.544891
33,0.2773109243697479,puzzle,50,9.845128,492.256418
33,0.2773109243697479,quack,50,9.621998,481.099881
33,0.2773109243697479,quiet,50,9.948627,497.431334
33,0.2773109243697479,radio,50,11.183166,559.158322
33,0.2773109243697479,rain,50,9.421236,471.061798
33,0.2773109243697479,raisin,43,12.157198,522.759500
33,0.2773109243697479,read,50,9.211267,460.563329
33,0.2773109243697479,red,50,8.554139,427.706961
33,0.2773109243697479,refrigerator,50,9.876958,493.847878
33,0.2773109243697479,ride,50,9.135683,456.784158
33,0.2773109243697479,rip,50,11.387360,569.367991
33,0.2773109243697479,rock,50,9.341499,467.074965
33,0.2773109243697479,rocking,50,9.716619,485.830935
33,0.2773109243697479,roof,50,10.374700,518.735000
33,0.2773109243697479,room,50,9.113646,455.682284
33,0.2773109243697479,rooster,50,10.058818,502.940884
33,0.2773109243697479,run,50,9.421741,471.087061
33,0.2773109243697479,sad,50,9.496717,474.835845
33,0.2773109243697479,salt,50,10.333874,516.693692
33,0.2773109243697479,same,50,9.442192,472.109586
33,0.2773109243697479,sandwich,50,10.010190,500.509486
33,0.2773109243697479,sauce,50,11.073355,553.667737
33,0.2773109243697479,say,50,7.877705,393.885239
33,0.2773109243697479,scared,50,9.460781,473.039049
33,0.2773109243697479,scarf,50,11.037222,551.861090
33,0.2773109243697479,school,50,8.568023,428.401140
33,0.2773109243697479,scissors,50,11.178363,558.918162
33,0.2773109243697479,see,50,6.572842,328.642089
33,0.2773109243697479,shake,50,10.262592,513.129607
33,0.2773109243697479,share,50,10.106665,505.333236
33,0.2773109243697479,she,50,7.490308,374.515422
33,0.2773109243697479,sheep,50,8.347893,417.394646
33,0.2773109243697479,shh,50,10.166821,508.341041
33,0.2773109243697479,shirt,50,10.070760,503.538021
33,0.2773109243697479,shoe,50,9.893363,494.668150
33,0.2773109243697479,shopping,50,11.280667,564.033340
33,0.2773109243697479,shorts,50,10.020094,501.004697
33,0.2773109243697479,shoulder,50,10.161864,508.093223
33,0.2773109243697479,shovel,50,10.706785,535.339252
33,0.2773109243697479,show,50,8.878606,443.930300
33,0.2773109243697479,shower,50,10.316216,515.810790
33,0.2773109243697479,sick,50,9.625937,481.296867
33,0.2773109243697479,sidewalk,19,9.007494,171.142380
33,0.2773109243697479,sing,50,9.463632,473.181608
33,0.2773109243697479,sink,50,10.518924,525.946195
33,0.2773109243697479,sister,50,9.494919,474.745970
33,0.2773109243697479,sit,50,8.860681,443.034041
33,0.2773109243697479,skate,13,10.538663,137.002613
33,0.2773109243697479,sky,50,9.181446,459.072305
33,0.2773109243697479,sled,22,11.871852,261.180739
33,0.2773109243697479,sleep,50,9.126482,456.324109
33,0.2773109243697479,sleepy,50,9.750295,487.514753
33,0.2773109243697479,slide,50,9.856829,492.841470
33,0.2773109243697479,slipper,50,11.048126,552.406279
33,0.2773109243697479,slow,50,11.549495,577.474770
33,0.2773109243697479,smile,50,9.724785,486.239254
33,0.2773109243697479,snack,50,10.862031,543.101562
33,0.2773109243697479,snow,50,9.848711,492.435541
33,0.2773109243697479,so,50,7.470676,373.533785
33,0.2773109243697479,soap,50,11.382438,569.121891
33,0.2773109243697479,sock,50,12.183094,609.154701
33,0.2773109243697479,soda,50,9.046196,452.309794
33,0.2773109243697479,sofa,50,10.178631,508.931545
33,0.2773109243697479,soft,50,8.742332,437.116588
33,0.2773109243697479,some,50,8.535948,426.797387
33,0.2773109243697479,soup,50,9.993536,499.676792
33,0.2773109243697479,spill,50,8.885327,444.266342
33,0.2773109243697479,splash,50,11.194647,559.732329
33,0.2773109243697479,spoon,50,8.859024,442.951189
33,0.2773109243697479,sprinkler,13,11.663468,151.625079
33,0.2773109243697479,squirrel,50,10.382991,519.149561
33,0.2773109243697479,stairs,50,10.827831,541.391527
33,0.2773109243697479,stand,50,9.417077,470.853828
33,0.2773109243697479,star,50,9.183094,459.154693
33,0.2773109243697479,stay,50,8.242567,412.128345
33,0.2773109243697479,stick,50,10.437155,521.857727
33,0.2773109243697479,sticky,50,10.051279,502.563938
33,0.2773109243697479,stone,50,10.637353,531.867646
33,0.2773109243697479,stop,50,9.884123,494.206136
33,0.2773109243697479,store,50,9.964966,498.248276
33,0.2773109243697479,story,50,8.818319,440.915962
33,0.2773109243697479,stove,50,10.467136,523.356798
33,0.2773109243697479,strawberry,50,8.934466,446.723312
33,0.2773109243697479,street,50,10.749185,537.459247
33,0.2773109243697479,stroller,50,11.201086,560.054287
33,0.2773109243697479,stuck,50,9.628051,481.402550
33,0.2773109243697479,sun,50,9.073280,453.664012
33,0.2773109243697479,sweater,50,9.560959,478.047944
33,0.2773109243697479,sweep,50,11.275019,563.750933
33,0.2773109243697479,swim,50,9.383859,469.192965
33,0.2773109243697479,swing,50,9.053604,452.680208
33,0.2773109243697479,table,50,9.032314,451.615702
33,0.2773109243697479,take,50,8.704781,435.239066
33,0.2773109243697479,talk,50,10.258322,512.916078
33,0.2773109243697479,tape,50,9.276127,463.806327
33,0.2773109243697479,taste,50,9.423868,471.193421
33,0.2773109243697479,teacher,50,9.796956,489.847785
33,0.2773109243697479,tear,50,9.246226,462.311314
33,0.2773109243697479,telephone,50,9.267724,463.386214
33,0.2773109243697479,thank,50,8.479532,423.976615
33,0.2773109243697479,that,50,6.265029,313.251447
33,0.2773109243697479,the,50,3.890238,194.511901
33,0.2773109243697479,their,50,8.846092,442.304620
33,0.2773109243697479,them,50,7.351380,367.569017
33,0.2773109243697479,then,50,7.261950,363.097483
33,0.2773109243697479,there,50,6.708470,335.423476
33,0.2773109243697479,these,50,7.628381,381.419032
33,0.2773109243697479,they,50,7.178777,358.938874
33,0.2773109243697479,think,50,6.984568,349.228375
33,0.2773109243697479,thirsty,50,9.959897,497.994862
33,0.2773109243697479,this,50,6.359626,317.981297
33,0.2773109243697479,those,50,8.457713,422.885655
33,0.2773109243697479,throw,50,8.362243,418.112128
33,0.2773109243697479,tickle,50,9.575075,478.753751
33,0.2773109243697479,tiger,50,10.534935,526.746769
33,0.2773109243697479,time,50,7.981213,399.060627
33,0.2773109243697479,tiny,50,8.743352,437.167585
33,0.2773109243697479,tired,50,9.476830,473.841485
33,0.2773109243697479,tissue,50,11.476815,573.840773
33,0.2773109243697479,to,50,6.046807,302.340334
33,0.2773109243697479,toast,50,9.991226,499.561316
33,0.2773109243697479,today,50,9.074691,453.734529
33,0.2773109243697479,tomorrow,50,10.215271,510.763534
33,0.2773109243697479,tongue,50,10.808652,540.432590
33,0.2773109243697479,tonight,50,9.494233,474.711637
33,0.2773109243697479,too,50,7.642130,382.106488
33,0.2773109243697479,tooth,50,10.157798,507.889912
33,0.2773109243697479,toothbrush,50,10.265891,513.294555
33,0.2773109243697479,touch,50,8.290571,414.528568
33,0.2773109243697479,towel,50,9.814668,490.733398
33,0.2773109243697479,tractor,50,10.220286,511.014277
33,0.2773109243697479,train,50,8.658761,432.938054
33,0.2773109243697479,trash,50,10.237292,511.864617
33,0.2773109243697479,tray,50,10.767263,538.363152
33,0.2773109243697479,tree,50,8.464204,423.210213
33,0.2773109243697479,truck,50,9.278679,463.933930
33,0.2773109243697479,try,50,9.028231,451.411538
33,0.2773109243697479,tummy,50,8.777604,438.880186
33,0.2773109243697479,tuna,50,10.523928,526.196417
33,0.2773109243697479,turkey,50,10.988511,549.425561
33,0.2773109243697479,turn,50,8.873815,443.690748
33,0.2773109243697479,turtle,50,9.665555,483.277761
33,0.2773109243697479,tv,50,10.805807,540.290336
33,0.2773109243697479,uh,50,7.877600,393.880010
33,0.2773109243697479,uncle,50,12.123122,606.156118
33,0.2773109243697479,under,50,8.516806,425.840314
33,0.2773109243697479,up,50,8.115494,405.774721
33,0.2773109243697479,us,50,8.341526,417.076305
33,0.2773109243697479,vacuum,50,10.639924,531.996203
33,0.2773109243697479,vanilla,50,12.055985,602.799250
33,0.2773109243697479,wait,50,7.991974,399.598692
33,0.2773109243697479,wake,50,9.586753,479.337652
33,0.2773109243697479,walk,50,9.027587,451.379335
33,0.2773109243697479,walker,12,11.171652,134.059825
33,0.2773109243697479,wanna,50,6.300217,315.010841
33,0.2773109243697479,was,50,7.413375,370.668764
33,0.2773109243697479,wash,50,9.294572,464.728595
33,0.2773109243697479,washing,50,9.218766,460.938280
33,0.2773109243697479,watch,50,8.445197,422.259867
33,0.2773109243697479,water,50,7.958511,397.925571
33,0.2773109243697479,we,50,7.135741,356.787049
33,0.2773109243697479,were,50,7.332821,366.641035
33,0.2773109243697479,wet,50,9.317851,465.892529
33,0.2773109243697479,what,50,5.107292,255.364595
33,0.2773109243697479,when,50,7.189363,359.468131
33,0.2773109243697479,where,50,7.151142,357.557107
33,0.2773109243697479,which,50,8.753574,437.678688
33,0.2773109243697479,white,50,9.340157,467.007827
33,0.2773109243697479,who,50,7.902697,395.134827
33,0.2773109243697479,why,50,8.076777,403.838838
33,0.2773109243697479,will,50,8.487030,424.351496
33,0.2773109243697479,wind,50,8.741254,437.062710
33,0.2773109243697479,window,50,9.340374,467.018677
33,0.2773109243697479,windy,50,10.049424,502.471207
33,0.2773109243697479,wipe,50,10.240348,512.017406
33,0.2773109243697479,wish,50,9.243424,462.171192
33,0.2773109243697479,with,50,6.913311,345.665552
33,0.2773109243697479,wolf,50,12.169624,608.481189
33,0.2773109243697479,woods,48,10.544004,506.112208
33,0.2773109243697479,woof,50,9.787250,489.362524
33,0.2773109243697479,work,50,8.369363,418.468132
33,0.2773109243697479,would,50,7.768208,388.410424
33,0.2773109243697479,write,50,10.515981,525.799038
33,0.2773109243697479,yard,50,9.677902,483.895111
33,0.2773109243697479,yellow,50,8.784766,439.238324
33,0.2773109243697479,yes,50,7.300833,365.041632
33,0.2773109243697479,yesterday,50,9.722520,486.126005
33,0.2773109243697479,yogurt,50,10.395661,519.783065
33,0.2773109243697479,you,50,4.163458,208.172923
33,0.2773109243697479,your,50,6.003221,300.161028
33,0.2773109243697479,yourself,50,9.145800,457.289981
33,0.2773109243697479,yum,50,9.658733,482.936667
33,0.2773109243697479,zebra,50,10.157370,507.868519
33,0.2773109243697479,zipper,40,9.879275,395.171000
33,0.2773109243697479,zoo,50,9.903583,495.179163
45,0.37815126050420167,a,50,4.505771,225.288559
45,0.37815126050420167,about,50,6.973169,348.658439
45,0.37815126050420167,above,50,10.768678,538.433902
45,0.37815126050420167,after,50,8.688703,434.435163
45,0.37815126050420167,airplane,50,9.981595,499.079774
45,0.37815126050420167,all,50,6.810543,340.527131
45,0.37815126050420167,alligator,50,9.895674,494.783685
45,0.37815126050420167,am,50,7.905335,395.266763
45,0.37815126050420167,and,50,5.842285,292.114274
45,0.37815126050420167,animal,50,10.189569,509.478456
45,0.37815126050420167,ankle,5,12.345899,61.729497
45,0.37815126050420167,another,50,7.235790,361.789517
45,0.37815126050420167,any,50,7.050684,352.534214
45,0.37815126050420167,apple,50,8.696564,434.828183
45,0.37815126050420167,are,50,6.939465,346.973225
45,0.37815126050420167,arm,50,9.927805,496.390247
45,0.37815126050420167,around,50,7.967990,398.399505
45,0.37815126050420167,asleep,50,11.618003,580.900163
45,0.37815126050420167,at,50,6.741926,337.096277
45,0.37815126050420167,aunt,42,11.254183,472.675681
45,0.37815126050420167,awake,50,11.155548,557.777414
45,0.37815126050420167,away,50,8.691988,434.599420
45,0.37815126050420167,baby,50,6.917443,345.872151
45,0.37815126050420167,babysitter,11,12.460199,137.062188
45,0.37815126050420167,back,50,7.463761,373.188074
45,0.37815126050420167,backyard,19,12.123366,230.343957
45,0.37815126050420167,bad,50,9.712006,485.600296
45,0.37815126050420167,ball,50,8.218316,410.915782
45,0.37815126050420167,balloon,50,9.644764,482.238183
45,0.37815126050420167,banana,50,10.654748,532.737415
45,0.37815126050420167,basement,26,11.969782,311.214324
45,0.37815126050420167,basket,50,9.110842,455.542079
45,0.37815126050420167,bat,50,11.064362,553.218099
45,0.37815126050420167,bath,50,8.380351,419.017536
45,0.37815126050420167,bathroom,50,11.468113,573.405670
45,0.37815126050420167,bathtub,31,12.147986,376.587567
45,0.37815126050420167,be,50,7.424592,371.229580
45,0.37815126050420167,beach,50,9.842648,492.132402
45,0.37815126050420167,beads,50,10.899619,544.980962
45,0.37815126050420167,beans,50,11.284538,564.226913
45,0.37815126050420167,bear,50,9.033889,451.694459
45,0.37815126050420167,because,50,6.469418,323.470885
45,0.37815126050420167,bed,50,8.575835,428.791765
45,0.37815126050420167,bedroom,50,10.245299,512.264945
45,0.37815126050420167,bee,50,9.805362,490.268109
45,0.37815126050420167,before,50,8.120503,406.025142
45,0.37815126050420167,behind,50,9.372582,468.629118
45,0.37815126050420167,belly,50,9.819407,490.970351
45,0.37815126050420167,belt,50,12.498330,624.916485
45,0.37815126050420167,bench,50,11.574702,578.735101
45,0.37815126050420167,beside,50,10.218395,510.919727
45,0.37815126050420167,better,50,7.585321,379.266041
45,0.37815126050420167,bib,50,11.977485,598.874228
45,0.37815126050420167,bicycle,50,9.293652,464.682607
45,0.37815126050420167,big,50,7.013193,350.659664
45,0.37815126050420167,bird,50,9.523426,476.171304
45,0.37815126050420167,bite,50,9.275948,463.797413
45,0.37815126050420167,black,50,9.113759,455.687961
45,0.37815126050420167,blanket,50,9.920141,496.007060
45,0.37815126050420167,block,50,11.907749,595.387432
45,0.37815126050420167,blow,50,10.293794,514.689677
45,0.37815126050420167,blue,50,8.160162,408.008103
45,0.37815126050420167,boat,50,10.282277,514.113838
45,0.37815126050420167,book,50,7.388791,369.439540
45,0.37815126050420167,boots,50,10.041005,502.050235
45,0.37815126050420167,bottle,50,10.319569,515.978430
45,0.37815126050420167,bowl,50,9.772229,488.611428
45,0.37815126050420167,box,50,7.284760,364.238014
45,0.37815126050420167,boy,50,8.747657,437.382849
45,0.37815126050420167,bread,50,8.876495,443.824750
45,0.37815126050420167,break,50,8.715604,435.780176
45,0.37815126050420167,breakfast,50,9.797839,489.891936
45,0.37815126050420167,bring,50,8.023969,401.198461
45,0.37815126050420167,broken,50,9.006088,450.304376
45,0.37815126050420167,broom,50,10.700350,535.017504
45,0.37815126050420167,brother,50,10.750394,537.519703
45,0.37815126050420167,brown,50,10.675229,533.761438
45,0.37815126050420167,brush,50,9.464574,473.228724
45,0.37815126050420167,bubbles,50,11.548451,577.422559
45,0.37815126050420167,bucket,50,10.250750,512.537498
45,0.37815126050420167,bug,50,9.859876,492.993778
45,0.37815126050420167,build,50,9.868483,493.424141
45,0.37815126050420167,bump,50,8.905672,445.283621
45,0.37815126050420167,bunny,50,8.926025,446.301267
45,0.37815126050420167,bus,50,8.068318,403.415877
45,0.37815126050420167,but,50,6.703481,335.174046
45,0.37815126050420167,butter,50,11.350700,567.534995
45,0.37815126050420167,butterfly,50,9.510538,475.526899
45,0.37815126050420167,button,50,10.001105,500.055267
45,0.37815126050420167,buy,50,9.706691,485.334567
45,0.37815126050420167,by,50,8.751750,437.587515
45,0.37815126050420167,bye,50,8.578458,428.922897
45,0.37815126050420167,cake,50,9.774265,488.713230
45,0.37815126050420167,call,50,8.848780,442.439024
45,0.37815126050420167,camera,50,10.264065,513.203245
45,0.37815126050420167,camping,31,13.207012,409.417387
45,0.37815126050420167,can,50,5.602730,280.136492
45,0.37815126050420167,candy,50,10.978840,548.942015
45,0.37815126050420167,car,50,7.356789,367.839467
45,0.37815126050420167,careful,50,8.457860,422.892987
45,0.37815126050420167,carrots,50,9.379869,468.993441
45,0.37815126050420167,carry,50,9.191150,459.557525
45,0.37815126050420167,cat,50,8.130229,406.511454
45,0.37815126050420167,catch,50,9.039991,451.999541
45,0.37815126050420167,cereal,50,9.225025,461.251239
45,0.37815126050420167,chair,50,8.629731,431.486572
45,0.37815126050420167,chalk,40,12.140436,485.617445
45,0.37815126050420167,chase,49,10.772267,527.841102
45,0.37815126050420167,cheek,35,13.000247,455.008638
45,0.37815126050420167,cheese,50,8.693268,434.663391
45,0.37815126050420167,chicken,50,8.951472,447.573585
45,0.37815126050420167,child,50,10.139403,506.970141
45,0.37815126050420167,chin,50,10.925580,546.279001
45,0.37815126050420167,chocolate,50,9.008731,450.436556
45,0.37815126050420167,choo,50,9.125717,456.285866
45,0.37815126050420167,church,50,9.841287,492.064360
45,0.37815126050420167,circus,50,12.046378,602.318905
45,0.37815126050420167,clap,50,10.437505,521.875267
45,0.37815126050420167,clean,50,8.892424,444.621192
45,0.37815126050420167,climb,50,9.488768,474.438413
45,0.37815126050420167,clock,50,9.972324,498.616224
45,0.37815126050420167,close,50,9.113549,455.677437
45,0.37815126050420167,closet,50,10.853269,542.663431
45,0.37815126050420167,cloud,50,11.670847,583.542354
45,0.37815126050420167,clown,50,9.611702,480.585083
45,0.37815126050420167,coat,50,9.910030,495.501487
45,0.37815126050420167,coffee,50,9.812195,490.609737
45,0.37815126050420167,coke,50,10.690288,534.514418
45,0.37815126050420167,cold,50,10.017409,500.870438
45,0.37815126050420167,comb,50,9.682815,484.140774
45,0.37815126050420167,cook,50,9.532864,476.643197
45,0.37815126050420167,cookie,50,10.043350,502.167510
45,0.37815126050420167,corn,50,9.751397,487.569861
45,0.37815126050420167,couch,50,10.541976,527.098794
45,0.37815126050420167,could,50,7.254825,362.741271
45,0.37815126050420167,country,50,10.896735,544.836729
45,0.37815126050420167,cover,50,8.790278,439.513877
45,0.37815126050420167,cow,50,9.896251,494.812566
45,0.37815126050420167,cowboy,50,11.733369,586.668457
45,0.37815126050420167,cracker,50,9.694422,484.721121
45,0.37815126050420167,crayon,50,11.574867,578.743361
45,0.37815126050420167,crib,50,11.012155,550.607750
45,0.37815126050420167,cry,50,9.148067,457.403368
45,0.37815126050420167,cup,50,8.320734,416.036716
45,0.37815126050420167,cut,50,9.235362,461.768113
45,0.37815126050420167,cute,50,10.224746,511.237288
45,0.37815126050420167,daddy,50,8.887405,444.370257
45,0.37815126050420167,dance,50,10.961167,548.058344
45,0.37815126050420167,dark,50,9.303164,465.158209
45,0.37815126050420167,day,50,8.192505,409.625261
45,0.37815126050420167,deer,50,10.750513,537.525657
45,0.37815126050420167,diaper,50,9.811061,490.553066
45,0.37815126050420167,did,50,6.977155,348.857748
45,0.37815126050420167,dinner,50,9.842660,492.132988
45,0.37815126050420167,dirty,50,8.776537,438.826841
45,0.37815126050420167,dish,50,10.487488,524.374403
45,0.37815126050420167,do,50,6.044080,302.203987
45,0.37815126050420167,doctor,50,9.946945,497.347266
45,0.37815126050420167,does,50,7.441144,372.057223
45,0.37815126050420167,dog,50,9.134278,456.713889
45,0.37815126050420167,doll,50,9.651133,482.556654
45,0.37815126050420167,donkey,50,10.282030,514.101523
45,0.37815126050420167,donut,41,12.179062,499.341542
45,0.37815126050420167,door,50,8.704315,435.215775
45,0.37815126050420167,down,50,7.804438,390.221924
45,0.37815126050420167,downtown,8,10.541960,84.335678
45,0.37815126050420167,draw,50,9.423256,471.162790
45,0.37815126050420167,drawer,50,10.381858,519.092924
45,0.37815126050420167,dress,50,9.287528,464.376409
45,0.37815126050420167,drink,50,8.200839,410.041932
45,0.37815126050420167,drive,50,9.817553,490.877627
45,0.37815126050420167,drop,50,9.439015,471.950755
45,0.37815126050420167,dry,50,9.984593,499.229657
45,0.37815126050420167,dryer,20,11.328468,226.569366
45,0.37815126050420167,duck,50,8.365490,418.274509
45,0.37815126050420167,dump,50,10.037180,501.859007
45,0.37815126050420167,each,50,8.856553,442.827650
45,0.37815126050420167,ear,50,10.225967,511.298355
45,0.37815126050420167,eat,50,7.275456,363.772812
45,0.37815126050420167,egg,50,9.135196,456.759782
45,0.37815126050420167,elephant,50,9.902287,495.114330
45,0.37815126050420167,empty,50,9.159794,457.989676
45,0.37815126050420167,every,50,10.072260,503.613008
45,0.37815126050420167,eye,50,8.958369,447.918438
45,0.37815126050420167,face,50,8.524757,426.237872
45,0.37815126050420167,fall,50,7.963168,398.158378
45,0.37815126050420167,farm,50,10.618835,530.941771
45,0.37815126050420167,fast,50,8.873267,443.663336
45,0.37815126050420167,feed,50,9.329695,466.484737
45,0.37815126050420167,find,50,8.499080,424.954006
45,0.37815126050420167,fine,50,9.121193,456.059653
45,0.37815126050420167,finger,50,9.428430,471.421484
45,0.37815126050420167,finish,50,8.161560,408.078014
45,0.37815126050420167,first,50,8.422510,421.125485
45,0.37815126050420167,fish,50,7.902146,395.107323
45,0.37815126050420167,fit,50,9.375035,468.751757
45,0.37815126050420167,fix,50,9.347915,467.395763
45,0.37815126050420167,flag,50,12.773662,638.683102
45,0.37815126050420167,flower,50,9.415927,470.796350
45,0.37815126050420167,food,50,8.814716,440.735793
45,0.37815126050420167,foot,50,9.542002,477.100097
45,0.37815126050420167,for,50,7.467332,373.366602
45,0.37815126050420167,fork,50,9.507192,475.359625
45,0.37815126050420167,french,50,10.975064,548.753177
45,0.37815126050420167,friend,50,9.073678,453.683887
45,0.37815126050420167,frog,50,9.337262,466.863094
45,0.37815126050420167,full,50,9.172519,458.625969
45,0.37815126050420167,game,50,9.447852,472.392619
45,0.37815126050420167,garage,50,10.802391,540.119526
45,0.37815126050420167,garbage,50,10.428956,521.447786
45,0.37815126050420167,garden,50,9.795851,489.792565
45,0.37815126050420167,gas,50,11.487643,574.382153
45,0.37815126050420167,gentle,50,10.903644,545.182208
45,0.37815126050420167,get,50,6.547530,327.376497
45,0.37815126050420167,giraffe,50,10.771792,538.589594
45,0.37815126050420167,girl,50,8.440130,422.006502
45,0.37815126050420167,give,50,8.139623,406.981135
45,0.37815126050420167,glass,50,9.711028,485.551418
45,0.37815126050420167,glasses,50,9.833492,491.674582
45,0.37815126050420167,gloves,50,11.757369,587.868444
45,0.37815126050420167,glue,50,10.270165,513.508268
45,0.37815126050420167,go,50,5.770127,288.506341
45,0.37815126050420167,good,50,6.513896,325.694779
45,0.37815126050420167,goose,50,10.687690,534.384523
45,0.37815126050420167,grandma,50,10.315720,515.786021
45,0.37815126050420167,grandpa,45,10.701744,481.578480
45,0.37815126050420167,grapes,50,10.726196,536.309808
45,0.37815126050420167,grass,50,9.158035,457.901735
45,0.37815126050420167,green,50,8.733668,436.683395
45,0.37815126050420167,gum,50,10.628466,531.423278
45,0.37815126050420167,hair,50,8.929900,446.494998
45,0.37815126050420167,hamburger,50,10.497436,524.871778
45,0.37815126050420167,hammer,50,10.337494,516.874683
45,0.37815126050420167,hand,50,8.713666,435.683311
45,0.37815126050420167,happy,50,9.529292,476.464610
45,0.37815126050420167,hard,50,9.386592,469.329578
45,0.37815126050420167,hat,50,8.366274,418.313684
45,0.37815126050420167,hate,50,12.875844,643.792217
45,0.37815126050420167,have,50,5.657128,282.856425
45,0.37815126050420167,he,50,6.053364,302.668207
45,0.37815126050420167,head,50,8.372057,418.602859
45,0.37815126050420167,hear,50,7.893600,394.680002
45,0.37815126050420167,heavy,50,9.606230,480.311493
45,0.37815126050420167,helicopter,50,10.204512,510.225587
45,0.37815126050420167,hello,50,7.824650,391.232476
45,0.37815126050420167,help,50,9.278294,463.914682
45,0.37815126050420167,her,50,7.414066,370.703293
45,0.37815126050420167,here,50,6.060744,303.037199
45,0.37815126050420167,hi,50,9.183870,459.193485
45,0.37815126050420167,hide,50,10.269038,513.451924
45,0.37815126050420167,high,50,9.131369,456.568461
45,0.37815126050420167,him,50,7.540342,377.017100
45,0.37815126050420167,his,50,6.723771,336.188530
45,0.37815126050420167,hit,50,9.343646,467.182311
45,0.37815126050420167,hold,50,8.708279,435.413963
45,0.37815126050420167,home,50,8.186624,409.331190
45,0.37815126050420167,horse,50,9.257094,462.854722
45,0.37815126050420167,hose,50,13.550995,677.549770
45,0.37815126050420167,hot,50,9.024161,451.208058
45,0.37815126050420167,house,50,8.091994,404.599681
45,0.37815126050420167,how,50,8.313738,415.686912
45,0.37815126050420167,hug,50,9.761506,488.075279
45,0.37815126050420167,hungry,50,8.990248,449.512419
45,0.37815126050420167,hurry,50,9.804650,490.232507
45,0.37815126050420167,hurt,50,8.633330,431.666523
45,0.37815126050420167,i,50,10.279960,513.997985
45,0.37815126050420167,ice,50,8.748360,437.418023
45,0.37815126050420167,if,50,7.133205,356.660244
45,0.37815126050420167,inside,50,8.378798,418.939907
45,0.37815126050420167,into,50,7.863145,393.157252
45,0.37815126050420167,is,50,5.469062,273.453107
45,0.37815126050420167,it,50,4.480742,224.037097
45,0.37815126050420167,jacket,50,9.644826,482.241304
45,0.37815126050420167,jar,50,10.539794,526.989717
45,0.37815126050420167,jeans,16,11.701827,187.229236
45,0.37815126050420167,jelly,50,10.186433,509.321640
45,0.37815126050420167,juice,50,8.728382,436.419115
45,0.37815126050420167,jump,50,9.166907,458.345328
45,0.37815126050420167,keys,50,10.116169,505.808437
45,0.37815126050420167,kick,50,10.529229,526.461469
45,0.37815126050420167,kiss,50,8.446032,422.301585
45,0.37815126050420167,kitchen,50,9.228005,461.400229
45,0.37815126050420167,kitty,50,9.055852,452.792581
45,0.37815126050420167,knee,50,9.864732,493.236588
45,0.37815126050420167,knife,50,11.158702,557.935080
45,0.37815126050420167,knock,50,11.036491,551.824553
45,0.37815126050420167,ladder,50,10.122032,506.101616
45,0.37815126050420167,lady,50,8.856874,442.843719
45,0.37815126050420167,lamb,50,9.475672,473.783613
45,0.37815126050420167,lamp,50,10.656234,532.811675
45,0.37815126050420167,last,50,8.489182,424.459084
45,0.37815126050420167,later,50,8.319976,415.998791
45,0.37815126050420167,lawn,37,12.486229,461.990461
45,0.37815126050420167,leg,50,10.217262,510.863114
45,0.37815126050420167,lick,50,10.107533,505.376657
45,0.37815126050420167,light,50,9.196228,459.811422
45,0.37815126050420167,like,50,6.425943,321.297135
45,0.37815126050420167,lion,50,9.781145,489.057273
45,0.37815126050420167,lips,50,11.965552,598.277585
45,0.37815126050420167,listen,50,8.443177,422.158838
45,0.37815126050420167,little,50,6.979300,348.965019
45,0.37815126050420167,living,50,10.268146,513.407309
45,0.37815126050420167,lollipop,50,10.600185,530.009242
45,0.37815126050420167,long,50,8.312665,415.633255
45,0.37815126050420167,look,50,6.741008,337.050389
45,0.37815126050420167,loud,50,9.295198,464.759882
45,0.37815126050420167,love,50,7.620660,381.032996
45,0.37815126050420167,lunch,50,8.913768,445.688422
45,0.37815126050420167,mad,50,9.452232,472.611599
45,0.37815126050420167,make,50,8.098555,404.927763
45,0.37815126050420167,man,50,9.408307,470.415373
45,0.37815126050420167,me,50,6.891435,344.571747
45,0.37815126050420167,meat,50,9.761679,488.083972
45,0.37815126050420167,medicine,50,10.809080,540.454003
45,0.37815126050420167,milk,50,8.987274,449.363679
45,0.37815126050420167,mine,50,8.476975,423.848763
45,0.37815126050420167,mommy,50,9.300005,465.000272
45,0.37815126050420167,money,50,9.673098,483.654880
45,0.37815126050420167,monkey,50,8.312707,415.635349
45,0.37815126050420167,moo,50,9.601989,480.099426
45,0.37815126050420167,moon,50,9.271447,463.572326
45,0.37815126050420167,moose,32,11.902435,380.877925
45,0.37815126050420167,mop,40,11.192290,447.691616
45,0.37815126050420167,more,50,7.412705,370.635266
45,0.37815126050420167,morning,50,8.578707,428.935359
45,0.37815126050420167,motorcycle,50,10.333549,516.677447
45,0.37815126050420167,mouse,50,9.806643,490.332130
45,0.37815126050420167,mouth,50,8.837726,441.886317
45,0.37815126050420167,movie,50,10.832366,541.618292
45,0.37815126050420167,much,50,8.010374,400.518710
45,0.37815126050420167,muffin,50,11.371358,568.567896
45,0.37815126050420167,my,50,6.423059,321.152956
45,0.37815126050420167,myself,50,10.084158,504.207909
45,0.37815126050420167,nail,50,10.701945,535.097269
45,0.37815126050420167,nap,50,10.041305,502.065270
45,0.37815126050420167,napkin,50,10.600872,530.043585
45,0.37815126050420167,naughty,50,9.049491,452.474541
45,0.37815126050420167,necklace,50,11.560846,578.042293
45,0.37815126050420167,need,50,8.605659,430.282970
45,0.37815126050420167,new,50,8.614626,430.731305
45,0.37815126050420167,next,50,8.593673,429.683675
45,0.37815126050420167,nice,50,6.859805,342.990253
45,0.37815126050420167,night,50,8.925273,446.263641
45,0.37815126050420167,no,50,5.115341,255.767046
45,0.37815126050420167,noisy,50,10.415715,520.785766
45,0.37815126050420167,none,50,9.443989,472.199474
45,0.37815126050420167,noodles,50,11.134290,556.714520
45,0.37815126050420167,nose,50,8.239458,411.972885
45,0.37815126050420167,not,50,7.021662,351.083119
45,0.37815126050420167,now,50,7.488913,374.445660
45,0.37815126050420167,nurse,50,10.075563,503.778174
45,0.37815126050420167,nuts,50,11.248937,562.446827
45,0.37815126050420167,of,50,7.311914,365.595711
45,0.37815126050420167,off,50,7.296017,364.800836
45,0.37815126050420167,old,50,8.899155,444.957741
45,0.37815126050420167,on,50,5.808208,290.410423
45,0.37815126050420167,open,50,8.561995,428.099730
45,0.37815126050420167,orange,50,8.422578,421.128895
45,0.37815126050420167,other,50,7.131839,356.591935
45,0.37815126050420167,ouch,50,9.491348,474.567389
45,0.37815126050420167,our,50,8.386580,419.328987
45,0.37815126050420167,out,50,6.766037,338.301842
45,0.37815126050420167,outside,50,8.984806,449.240286
45,0.37815126050420167,oven,50,9.933008,496.650395
45,0.37815126050420167,over,50,7.581702,379.085081
45,0.37815126050420167,owl,50,9.299298,464.964921
45,0.37815126050420167,paint,50,10.793090,539.654523
45,0.37815126050420167,pajamas,50,10.398059,519.902946
45,0.37815126050420167,pancake,46,10.211582,469.732795
45,0.37815126050420167,pants,50,10.323712,516.185593
45,0.37815126050420167,paper,50,9.059487,452.974371
45,0.37815126050420167,park,50,8.189376,409.468792
45,0.37815126050420167,party,50,9.308340,465.417011
45,0.37815126050420167,peanut,50,10.234419,511.720932
45,0.37815126050420167,peas,50,8.890977,444.548870
45,0.37815126050420167,pen,50,10.111995,505.599730
45,0.37815126050420167,pencil,50,11.127835,556.391767
45,0.37815126050420167,penguin,50,9.934331,496.716553
45,0.37815126050420167,penis,18,12.000985,216.017735
45,0.37815126050420167,penny,50,11.597139,579.856936
45,0.37815126050420167,people,50,8.774560,438.727984
45,0.37815126050420167,person,50,10.380036,519.001807
45,0.37815126050420167,pick,50,8.483474,424.173701
45,0.37815126050420167,pickle,50,11.079115,553.955768
45,0.37815126050420167,picnic,50,10.053894,502.694701
45,0.37815126050420167,picture,50,8.670173,433.508657
45,0.37815126050420167,pig,50,9.533352,476.667612
45,0.37815126050420167,pillow,50,10.632568,531.628411
45,0.37815126050420167,pizza,50,9.427572,471.378601
45,0.37815126050420167,plant,50,10.183337,509.166842
45,0.37815126050420167,plate,50,9.915358,495.767896
45,0.37815126050420167,play,50,7.430088,371.504405
45,0.37815126050420167,playground,22,13.086387,287.900507
45,0.37815126050420167,please,50,7.819176,390.958794
45,0.37815126050420167,police,50,10.695323,534.766163
45,0.37815126050420167,pony,50,11.869567,593.478353
45,0.37815126050420167,pool,50,10.245390,512.269493
45,0.37815126050420167,poor,50,8.935942,446.797088
45,0.37815126050420167,popcorn,50,10.806156,540.307817
45,0.37815126050420167,popsicle,31,12.062101,373.925145
45,0.37815126050420167,porch,31,11.787655,365.417318
45,0.37815126050420167,potato,50,12.180852,609.042621
45,0.37815126050420167,pour,50,10.223299,511.164929
45,0.37815126050420167,present,50,10.184510,509.225514
45,0.37815126050420167,pretend,50,9.274718,463.735909
45,0.37815126050420167,pretty,50,8.412629,420.631439
45,0.37815126050420167,pretzel,50,11.382767,569.138354
45,0.37815126050420167,pudding,50,12.435620,621.780999
45,0.37815126050420167,pull,50,8.852756,442.637778
45,0.37815126050420167,pumpkin,50,10.259455,512.972733
45,0.37815126050420167,puppy,50,11.776813,588.840637
45,0.37815126050420167,purse,50,10.212641,510.632046
45,0.37815126050420167,push,50,8.930654,446.532722
45,0.37815126050420167,put,50,7.254466,362.723308
45,0.37815126050420167,puzzle,50,9.591055,479.552763
45,0.37815126050420167,quack,50,9.972573,498.628650
45,0.37815126050420167,quiet,50,10.141151,507.057534
45,0.37815126050420167,radio,50,12.044177,602.208863
45,0.37815126050420167,rain,50,8.611325,430.566242
45,0.37815126050420167,raisin,43,13.128180,564.511755
45,0.37815126050420167,read,50,8.628666,431.433283
45,0.37815126050420167,red,50,8.097365,404.868240
45,0.37815126050420167,refrigerator,50,10.254792,512.739618
45,0.37815126050420167,ride,50,8.984878,449.243887
45,0.37815126050420167,rip,50,12.361972,618.098609
45,0.37815126050420167,rock,50,9.245491,462.274557
45,0.37815126050420167,rocking,50,9.805571,490.278547
45,0.37815126050420167,roof,50,10.531060,526.552993
45,0.37815126050420167,room,50,8.571569,428.578460
45,0.37815126050420167,rooster,50,10.671310,533.565500
45,0.37815126050420167,run,50,8.945992,447.299608
45,0.37815126050420167,sad,50,9.393030,469.651486
45,0.37815126050420167,salt,50,10.154964,507.748200
45,0.37815126050420167,same,50,8.855933,442.796658
45,0.37815126050420167,sandwich,50,10.162772,508.138596
45,0.37815126050420167,sauce,50,12.206490,610.324480
45,0.37815126050420167,say,50,7.012863,350.643132
45,0.37815126050420167,scared,50,9.743242,487.162075
45,0.37815126050420167,scarf,50,11.665275,583.263749
45,0.37815126050420167,school,50,8.356205,417.810261
45,0.37815126050420167,scissors,50,11.771508,588.575418
45,0.37815126050420167,see,50,5.638111,281.905574
45,0.37815126050420167,shake,50,9.889276,494.463796
45,0.37815126050420167,share,50,9.770835,488.541748
45,0.37815126050420167,she,50,7.115913,355.795652
45,0.37815126050420167,sheep,50,8.505713,425.285659
45,0.37815126050420167,shh,50,9.927571,496.378541
45,0.37815126050420167,shirt,50,9.859155,492.957770
45,0.37815126050420167,shoe,50,9.873356,493.667807
45,0.37815126050420167,shopping,50,11.031701,551.585050
45,0.37815126050420167,shorts,50,9.888576,494.428801
45,0.37815126050420167,shoulder,50,10.262057,513.102867
45,0.37815126050420167,shovel,50,11.206586,560.329282
45,0.37815126050420167,show,50,8.653629,432.681452
45,0.37815126050420167,shower,50,10.286558,514.327923
45,0.37815126050420167,sick,50,9.651903,482.595156
45,0.37815126050420167,sidewalk,19,9.635915,183.082383
45,0.37815126050420167,sing,50,8.685642,434.282122
45,0.37815126050420167,sink,50,10.210243,510.512144
45,0.37815126050420167,sister,50,9.996349,499.817435
45,0.37815126050420167,sit,50,8.138355,406.917730
45,0.37815126050420167,skate,13,10.944191,142.274478
45,0.37815126050420167,sky,50,8.979230,448.961503
45,0.37815126050420167,sled,22,11.770652,258.954347
45,0.37815126050420167,sleep,50,8.851421,442.571032
45,0.37815126050420167,sleepy,50,9.881750,494.087517
45,0.37815126050420167,slide,50,9.705349,485.267426
45,0.37815126050420167,slipper,50,10.777771,538.888556
45,0.37815126050420167,slow,50,11.542076,577.103784
45,0.37815126050420167,smile,50,9.575471,478.773549
45,0.37815126050420167,snack,50,10.532714,526.635680
45,0.37815126050420167,snow,50,9.240837,462.041857
45,0.37815126050420167,so,50,6.654650,332.732507
45,0.37815126050420167,soap,50,10.991289,549.564464
45,0.37815126050420167,sock,50,13.130384,656.519205
45,0.37815126050420167,soda,50,9.540868,477.043384
45,0.37815126050420167,sofa,50,10.410395,520.519741
45,0.37815126050420167,soft,50,9.115026,455.751323
45,0.37815126050420167,some,50,7.588367,379.418357
45,0.37815126050420167,soup,50,9.784266,489.213294
45,0.37815126050420167,spill,50,9.284435,464.221748
45,0.37815126050420167,splash,50,10.479065,523.953234
45,0.37815126050420167,spoon,50,8.882322,444.116099
45,0.37815126050420167,sprinkler,13,12.588419,163.649444
45,0.37815126050420167,squirrel,50,10.861213,543.060649
45,0.37815126050420167,stairs,50,10.322479,516.123969
45,0.37815126050420167,stand,50,9.051032,452.551597
45,0.37815126050420167,star,50,9.607619,480.380963
45,0.37815126050420167,stay,50,8.541146,427.057324
45,0.37815126050420167,stick,50,9.967075,498.353750
45,0.37815126050420167,sticky,50,9.444875,472.243755
45,0.37815126050420167,stone,50,10.867276,543.363825
45,0.37815126050420167,stop,50,9.140533,457.026642
45,0.37815126050420167,store,50,10.012852,500.642607
45,0.37815126050420167,story,50,8.375870,418.793490
45,0.37815126050420167,stove,50,10.596204,529.810211
45,0.37815126050420167,strawberry,50,9.090447,454.522335
45,0.37815126050420167,street,50,10.865481,543.274038
45,0.37815126050420167,stroller,50,12.157701,607.885052
45,0.37815126050420167,stuck,50,9.413460,470.672992
45,0.37815126050420167,sun,50,8.830613,441.530651
45,0.37815126050420167,sweater,50,10.540452,527.022607
45,0.37815126050420167,sweep,50,11.231106,561.555320
45,0.37815126050420167,swim,50,9.491663,474.583162
45,0.37815126050420167,swing,50,9.521244,476.062205
45,0.37815126050420167,table,50,8.954289,447.714425
45,0.37815126050420167,take,50,7.754000,387.700009
45,0.37815126050420167,talk,50,9.659125,482.956258
45,0.37815126050420167,tape,50,9.456725,472.836235
45,0.37815126050420167,taste,50,9.771221,488.561059
45,0.37815126050420167,teacher,50,9.836099,491.804948
45,0.37815126050420167,tear,50,9.771196,488.559815
45,0.37815126050420167,telephone,50,9.064095,453.204743
45,0.37815126050420167,thank,50,7.936898,396.844901
45,0.37815126050420167,that,50,4.075285,203.764246
45,0.37815126050420167,the,50,3.633402,181.670124
45,0.37815126050420167,their,50,8.656880,432.844022
45,0.37815126050420167,them,50,6.748158,337.407909
45,0.37815126050420167,then,50,6.512690,325.634520
45,0.37815126050420167,there,50,4.848376,242.418800
45,0.37815126050420167,these,50,7.366066,368.303312
45,0.37815126050420167,they,50,6.534356,326.717800
45,0.37815126050420167,think,50,6.370260,318.512987
45,0.37815126050420167,thirsty,50,10.142903,507.145174
45,0.37815126050420167,this,50,5.103106,255.155306
45,0.37815126050420167,those,50,7.019916,350.995816
45,0.37815126050420167,throw,50,8.569199,428.459947
45,0.37815126050420167,tickle,50,9.961277,498.063848
45,0.37815126050420167,tiger,50,10.196450,509.822495
45,0.37815126050420167,time,50,7.374882,368.744098
45,0.37815126050420167,tiny,50,8.651472,432.573602
45,0.37815126050420167,tired,50,9.084613,454.230653
45,0.37815126050420167,tissue,50,10.953520,547.676013
45,0.37815126050420167,to,50,6.031847,301.592332
45,0.37815126050420167,toast,50,9.758305,487.915258
45,0.37815126050420167,today,50,8.371145,418.557260
45,0.37815126050420167,tomorrow,50,9.475738,473.786909
45,0.37815126050420167,tongue,50,10.593589,529.679466
45,0.37815126050420167,tonight,50,9.915013,495.750674
45,0.37815126050420167,too,50,7.824288,391.214394
45,0.37815126050420167,tooth,50,9.512936,475.646803
45,0.37815126050420167,toothbrush,50,10.798145,539.907261
45,0.37815126050420167,touch,50,8.634551,431.727570
45,0.37815126050420167,towel,50,9.991326,499.566292
45,0.37815126050420167,tractor,50,10.043366,502.168285
45,0.37815126050420167,train,50,7.539388,376.969408
45,0.37815126050420167,trash,50,10.407682,520.384119
45,0.37815126050420167,tray,50,10.727095,536.354749
45,0.37815126050420167,tree,50,8.395242,419.762092
45,0.37815126050420167,truck,50,9.314468,465.723425
45,0.37815126050420167,try,50,8.328241,416.412037
45,0.37815126050420167,tummy,50,8.820870,441.043517
45,0.37815126050420167,tuna,50,10.779996,538.999792
45,0.37815126050420167,turkey,50,11.126606,556.330283
45,0.37815126050420167,turn,50,8.505548,425.277388
45,0.37815126050420167,turtle,50,10.070984,503.549192
45,0.37815126050420167,tv,50,10.673030,533.651513
45,0.37815126050420167,uh,50,7.135726,356.786298
45,0.37815126050420167,uncle,50,12.866959,643.347951
45,0.37815126050420167,under,50,8.781154,439.057716
45,0.37815126050420167,up,50,7.145416,357.270793
45,0.37815126050420167,us,50,8.179835,408.991762
45,0.37815126050420167,vacuum,50,10.593260,529.663012
45,0.37815126050420167,vanilla,50,12.658460,632.922996
45,0.37815126050420167,wait,50,8.032524,401.626191
45,0.37815126050420167,wake,50,8.768207,438.410357
45,0.37815126050420167,walk,50,8.687105,434.355268
45,0.37815126050420167,walker,12,11.901919,142.823026
45,0.37815126050420167,wanna,50,5.867508,293.375385
45,0.37815126050420167,was,50,7.213511,360.675532
45,0.37815126050420167,wash,50,9.089134,454.456697
45,0.37815126050420167,washing,50,9.389730,469.486485
45,0.37815126050420167,watch,50,7.695731,384.786549
45,0.37815126050420167,water,50,7.666110,383.305493
45,0.37815126050420167,we,50,6.455433,322.771634
45,0.37815126050420167,were,50,6.781916,339.095803
45,0.37815126050420167,wet,50,9.225932,461.296617
45,0.37815126050420167,what,50,5.026544,251.327204
45,0.37815126050420167,when,50,6.740943,337.047175
45,0.37815126050420167,where,50,5.845213,292.260664
45,0.37815126050420167,which,50,8.399133,419.956669
45,0.37815126050420167,white,50,8.280198,414.009915
45,0.37815126050420167,who,50,6.772984,338.649201
45,0.37815126050420167,why,50,6.967210,348.360492
45,0.37815126050420167,will,50,7.659325,382.966259
45,0.37815126050420167,wind,50,9.056466,452.823311
45,0.37815126050420167,window,50,9.002884,450.144223
45,0.37815126050420167,windy,50,9.878475,493.923760
45,0.37815126050420167,wipe,50,9.723102,486.155095
45,0.37815126050420167,wish,50,9.278737,463.936831
45,0.37815126050420167,with,50,6.525202,326.260093
45,0.37815126050420167,wolf,50,12.208280,610.414015
45,0.37815126050420167,woods,48,11.061565,530.955126
45,0.37815126050420167,woof,50,10.233377,511.668833
45,0.37815126050420167,work,50,8.437963,421.898170
45,0.37815126050420167,would,50,7.336151,366.807549
45,0.37815126050420167,write,50,10.952108,547.605423
45,0.37815126050420167,yard,50,9.825573,491.278654
45,0.37815126050420167,yellow,50,8.446802,422.340097
45,0.37815126050420167,yes,50,6.072272,303.613583
45,0.37815126050420167,yesterday,50,9.389387,469.469327
45,0.37815126050420167,yogurt,50,10.183471,509.173573
45,0.37815126050420167,you,50,3.377620,168.880986
45,0.37815126050420167,your,50,5.566494,278.324711
45,0.37815126050420167,yourself,50,9.258968,462.948387
45,0.37815126050420167,yum,50,9.253997,462.699862
45,0.37815126050420167,zebra,50,10.402405,520.120267
45,0.37815126050420167,zipper,40,10.197271,407.890821
45,0.37815126050420167,zoo,50,9.734989,486.749434
60,0.5042016806722689,a,50,3.679575,183.978733
60,0.5042016806722689,about,50,6.782058,339.102911
60,0.5042016806722689,above,50,10.727390,536.369510
60,0.5042016806722689,after,50,8.021716,401.085792
60,0.5042016806722689,airplane,50,10.186432,509.321610
60,0.5042016806722689,all,50,6.232780,311.639019
60,0.5042016806722689,alligator,50,9.729532,486.476592
60,0.5042016806722689,am,50,8.026709,401.335433
60,0.5042016806722689,and,50,4.431746,221.587294
60,0.5042016806722689,animal,50,9.651352,482.567595
60,0.5042016806722689,ankle,5,12.660155,63.300776
60,0.5042016806722689,another,50,6.605469,330.273426
60,0.5042016806722689,any,50,7.489318,374.465906
60,0.5042016806722689,apple,50,8.415905,420.795241
60,0.5042016806722689,are,50,6.044316,302.215806
60,0.5042016806722689,arm,50,9.853661,492.683073
60,0.5042016806722689,around,50,7.948017,397.400864
60,0.5042016806722689,asleep,50,11.063193,553.159659
60,0.5042016806722689,at,50,6.021096,301.054818
60,0.5042016806722689,aunt,42,11.208291,470.748214
60,0.5042016806722689,awake,50,11.127989,556.399474
60,0.5042016806722689,away,50,7.809471,390.473559
60,0.5042016806722689,baby,50,6.937084,346.854221
60,0.5042016806722689,babysitter,11,12.614414,138.758549
60,0.5042016806722689,back,50,6.537913,326.895641
60,0.5042016806722689,backyard,19,12.504016,237.576304
60,0.5042016806722689,bad,50,9.520758,476.037882
60,0.5042016806722689,ball,50,8.224677,411.233868
60,0.5042016806722689,balloon,50,9.998189,499.909458
60,0.5042016806722689,banana,50,10.418656,520.932790
60,0.5042016806722689,basement,26,12.816587,333.231271
60,0.5042016806722689,basket,50,9.212877,460.643828
60,0.5042016806722689,bat,50,11.489567,574.478357
60,0.5042016806722689,bath,50,8.030068,401.503375
60,0.5042016806722689,bathroom,50,11.402631,570.131548
60,0.5042016806722689,bathtub,31,11.788704,365.449821
60,0.5042016806722689,be,50,6.267962,313.398125
60,0.5042016806722689,beach,50,9.972523,498.626167
60,0.5042016806722689,beads,50,11.170794,558.539704
60,0.5042016806722689,beans,50,12.219545,610.977252
60,0.5042016806722689,bear,50,8.684072,434.203590
60,0.5042016806722689,because,50,6.240046,312.002309
60,0.5042016806722689,bed,50,8.200468,410.023388
60,0.5042016806722689,bedroom,50,10.017254,500.862688
60,0.5042016806722689,bee,50,9.425313,471.265647
60,0.5042016806722689,before,50,8.219452,410.972588
60,0.5042016806722689,behind,50,9.285590,464.279491
60,0.5042016806722689,belly,50,9.532509,476.625449
60,0.5042016806722689,belt,50,12.051655,602.582733
60,0.5042016806722689,bench,50,11.909239,595.461942
60,0.5042016806722689,beside,50,10.777597,538.879830
60,0.5042016806722689,better,50,7.475064,373.753187
60,0.5042016806722689,bib,50,12.107092,605.354586
60,0.5042016806722689,bicycle,50,9.298509,464.925465
60,0.5042016806722689,big,50,6.375297,318.764850
60,0.5042016806722689,bird,50,9.868787,493.439336
60,0.5042016806722689,bite,50,9.076624,453.831209
60,0.5042016806722689,black,50,8.870625,443.531274
60,0.5042016806722689,blanket,50,9.710129,485.506440
60,0.5042016806722689,block,50,11.099363,554.968139
60,0.5042016806722689,blow,50,9.966454,498.322716
60,0.5042016806722689,blue,50,7.602591,380.129550
60,0.5042016806722689,boat,50,9.619211,480.960564
60,0.5042016806722689,book,50,7.300445,365.022238
60,0.5042016806722689,boots,50,10.774816,538.740799
60,0.5042016806722689,bottle,50,10.023644,501.182223
60,0.5042016806722689,bowl,50,9.721984,486.099202
60,0.5042016806722689,box,50,7.495394,374.769718
60,0.5042016806722689,boy,50,7.949917,397.495844
60,0.5042016806722689,bread,50,8.758526,437.926305
60,0.5042016806722689,break,50,8.480465,424.023249
60,0.5042016806722689,breakfast,50,9.648299,482.414972
60,0.5042016806722689,bring,50,7.811654,390.582705
60,0.5042016806722689,broken,50,8.279900,413.995004
60,0.5042016806722689,broom,50,10.069798,503.489919
60,0.5042016806722689,brother,50,9.853942,492.697096
60,0.5042016806722689,brown,50,10.277744,513.887192
60,0.5042016806722689,brush,50,9.544285,477.214256
60,0.5042016806722689,bubbles,50,11.394573,569.728629
60,0.5042016806722689,bucket,50,10.111748,505.587392
60,0.5042016806722689,bug,50,9.119908,455.995390
60,0.5042016806722689,build,50,9.501230,475.061484
60,0.5042016806722689,bump,50,9.284405,464.220225
60,0.5042016806722689,bunny,50,8.188109,409.405441
60,0.5042016806722689,bus,50,8.604048,430.202383
60,0.5042016806722689,but,50,6.031375,301.568738
60,0.5042016806722689,butter,50,10.693710,534.685517
60,0.5042016806722689,butterfly,50,9.034567,451.728373
60,0.5042016806722689,button,50,10.158475,507.923751
60,0.5042016806722689,buy,50,8.615914,430.795683
60,0.5042016806722689,by,50,8.312497,415.624837
60,0.5042016806722689,bye,50,8.300042,415.002095
60,0.5042016806722689,cake,50,9.524888,476.244402
60,0.5042016806722689,call,50,8.150147,407.507367
60,0.5042016806722689,camera,50,10.430517,521.525855
60,0.5042016806722689,camping,31,13.375264,414.633183
60,0.5042016806722689,can,50,4.995470,249.773485
60,0.5042016806722689,candy,50,10.635602,531.780099
60,0.5042016806722689,car,50,7.299003,364.950150
60,0.5042016806722689,careful,50,8.368659,418.432950
60,0.5042016806722689,carrots,50,9.696023,484.801162
60,0.5042016806722689,carry,50,9.315924,465.796180
60,0.5042016806722689,cat,50,8.216112,410.805593
60,0.5042016806722689,catch,50,9.183860,459.192992
60,0.5042016806722689,cereal,50,9.810925,490.546242
60,0.5042016806722689,chair,50,8.606097,430.304873
60,0.5042016806722689,chalk,40,11.216621,448.664837
60,0.5042016806722689,chase,49,11.067883,542.326270
60,0.5042016806722689,cheek,35,12.861028,450.135970
60,0.5042016806722689,cheese,50,8.751804,437.590194
60,0.5042016806722689,chicken,50,8.827096,441.354824
60,0.5042016806722689,child,50,10.096734,504.836678
60,0.5042016806722689,chin,50,10.789872,539.493621
60,0.5042016806722689,chocolate,50,8.789432,439.471576
60,0.5042016806722689,choo,50,8.786208,439.310420
60,0.5042016806722689,church,50,9.767681,488.384053
60,0.5042016806722689,circus,50,12.076718,603.835909
60,0.5042016806722689,clap,50,10.566850,528.342511
60,0.5042016806722689,clean,50,8.509006,425.450300
60,0.5042016806722689,climb,50,9.646331,482.316557
60,0.5042016806722689,clock,50,9.720835,486.041748
60,0.5042016806722689,close,50,9.088359,454.417956
60,0.5042016806722689,closet,50,11.087539,554.376941
60,0.5042016806722689,cloud,50,12.349487,617.474339
60,0.5042016806722689,clown,50,9.426733,471.336669
60,0.5042016806722689,coat,50,9.749133,487.456642
60,0.5042016806722689,coffee,50,9.709482,485.474109
60,0.5042016806722689,coke,50,10.820673,541.033659
60,0.5042016806722689,cold,50,9.522387,476.119355
60,0.5042016806722689,comb,50,9.915302,495.765104
60,0.5042016806722689,cook,50,9.031401,451.570074
60,0.5042016806722689,cookie,50,10.043731,502.186569
60,0.5042016806722689,corn,50,9.821343,491.067137
60,0.5042016806722689,couch,50,10.399018,519.950896
60,0.5042016806722689,could,50,6.969358,348.467915
60,0.5042016806722689,country,50,10.660961,533.048058
60,0.5042016806722689,cover,50,9.195229,459.761451
60,0.5042016806722689,cow,50,8.955972,447.798614
60,0.5042016806722689,cowboy,50,11.705910,585.295500
60,0.5042016806722689,cracker,50,10.132061,506.603036
60,0.5042016806722689,crayon,50,11.816244,590.812194
60,0.5042016806722689,crib,50,10.910171,545.508572
60,0.5042016806722689,cry,50,9.353885,467.694254
60,0.5042016806722689,cup,50,8.166150,408.307488
60,0.5042016806722689,cut,50,8.550097,427.504872
60,0.5042016806722689,cute,50,10.628004,531.400199
60,0.5042016806722689,daddy,50,8.145075,407.253738
60,0.5042016806722689,dance,50,10.658557,532.927864
60,0.5042016806722689,dark,50,9.696341,484.817065
60,0.5042016806722689,day,50,7.944931,397.246550
60,0.5042016806722689,deer,50,10.507055,525.352730
60,0.5042016806722689,diaper,50,9.574413,478.720640
60,0.5042016806722689,did,50,6.322766,316.138314
60,0.5042016806722689,dinner,50,9.699701,484.985071
60,0.5042016806722689,dirty,50,8.876209,443.810439
60,0.5042016806722689,dish,50,10.294169,514.708473
60,0.5042016806722689,do,50,5.143308,257.165408
60,0.5042016806722689,doctor,50,9.631257,481.562840
60,0.5042016806722689,does,50,6.904892,345.244596
60,0.5042016806722689,dog,50,8.566050,428.302514
60,0.5042016806722689,doll,50,9.291303,464.565142
60,0.5042016806722689,donkey,50,10.083975,504.198748
60,0.5042016806722689,donut,41,12.454851,510.648900
60,0.5042016806722689,door,50,8.489042,424.452082
60,0.5042016806722689,down,50,6.759848,337.992420
60,0.5042016806722689,downtown,8,10.994579,87.956635
60,0.5042016806722689,draw,50,9.104297,455.214858
60,0.5042016806722689,drawer,50,10.618209,530.910465
60,0.5042016806722689,dress,50,9.429992,471.499616
60,0.5042016806722689,drink,50,8.136093,406.804653
60,0.5042016806722689,drive,50,9.527854,476.392724
60,0.5042016806722689,drop,50,9.340548,467.027390
60,0.5042016806722689,dry,50,9.790702,489.535103
60,0.5042016806722689,dryer,20,11.351436,227.028727
60,0.5042016806722689,duck,50,8.511898,425.594883
60,0.5042016806722689,dump,50,10.064562,503.228079
60,0.5042016806722689,each,50,8.894000,444.700008
60,0.5042016806722689,ear,50,10.017096,500.854817
60,0.5042016806722689,eat,50,6.769119,338.455968
60,0.5042016806722689,egg,50,8.580509,429.025429
60,0.5042016806722689,elephant,50,9.351850,467.592525
60,0.5042016806722689,empty,50,9.280062,464.003112
60,0.5042016806722689,every,50,9.693385,484.669273
60,0.5042016806722689,eye,50,9.187366,459.368279
60,0.5042016806722689,face,50,8.577274,428.863721
60,0.5042016806722689,fall,50,7.937257,396.862861
60,0.5042016806722689,farm,50,10.220402,511.020096
60,0.5042016806722689,fast,50,8.891693,444.584661
60,0.5042016806722689,feed,50,9.830491,491.524529
60,0.5042016806722689,find,50,7.840730,392.036503
60,0.5042016806722689,fine,50,9.566451,478.322560
60,0.5042016806722689,finger,50,9.406730,470.336489
60,0.5042016806722689,finish,50,8.231286,411.564321
60,0.5042016806722689,first,50,8.004401,400.220048
60,0.5042016806722689,fish,50,8.020341,401.017052
60,0.5042016806722689,fit,50,8.769981,438.499029
60,0.5042016806722689,fix,50,8.760571,438.028530
60,0.5042016806722689,flag,50,13.534020,676.701013
60,0.5042016806722689,flower,50,9.478711,473.935555
60,0.5042016806722689,food,50,8.247448,412.372394
60,0.5042016806722689,foot,50,8.799502,439.975110
60,0.5042016806722689,for,50,6.328792,316.439584
60,0.5042016806722689,fork,50,9.305798,465.289885
60,0.5042016806722689,french,50,10.971818,548.590916
60,0.5042016806722689,friend,50,9.157789,457.889455
60,0.5042016806722689,frog,50,9.148542,457.427114
60,0.5042016806722689,full,50,9.065572,453.278622
60,0.5042016806722689,game,50,9.664944,483.247190
60,0.5042016806722689,garage,50,9.860920,493.046016
60,0.5042016806722689,garbage,50,9.694339,484.716965
60,0.5042016806722689,garden,50,9.533424,476.671201
60,0.5042016806722689,gas,50,11.065986,553.299306
60,0.5042016806722689,gentle,50,10.504662,525.233098
60,0.5042016806722689,get,50,5.547011,277.350553
60,0.5042016806722689,giraffe,50,10.028925,501.446253
60,0.5042016806722689,girl,50,7.664244,383.212208
60,0.5042016806722689,give,50,7.596549,379.827452
60,0.5042016806722689,glass,50,9.664918,483.245901
60,0.5042016806722689,glasses,50,9.267784,463.389189
60,0.5042016806722689,gloves,50,12.540268,627.013389
60,0.5042016806722689,glue,50,10.583383,529.169127
60,0.5042016806722689,go,50,5.069271,253.463565
60,0.5042016806722689,good,50,6.427659,321.382949
60,0.5042016806722689,goose,50,11.204120,560.206006
60,0.5042016806722689,grandma,50,10.440604,522.030189
60,0.5042016806722689,grandpa,45,10.360617,466.227770
60,0.5042016806722689,grapes,50,10.383848,519.192408
60,0.5042016806722689,grass,50,9.116623,455.831135
60,0.5042016806722689,green,50,8.283589,414.179453
60,0.5042016806722689,gum,50,10.600336,530.016791
60,0.5042016806722689,hair,50,7.833302,391.665076
60,0.5042016806722689,hamburger,50,10.401925,520.096265
60,0.5042016806722689,hammer,50,9.853375,492.668735
60,0.5042016806722689,hand,50,8.375827,418.791338
60,0.5042016806722689,happy,50,8.811241,440.562067
60,0.5042016806722689,hard,50,8.441485,422.074264
60,0.5042016806722689,hat,50,7.694319,384.715974
60,0.5042016806722689,hate,50,13.057970,652.898518
60,0.5042016806722689,have,50,5.395382,269.769078
60,0.5042016806722689,he,50,4.894662,244.733076
60,0.5042016806722689,head,50,8.095201,404.760032
60,0.5042016806722689,hear,50,8.140528,407.026415
60,0.5042016806722689,heavy,50,9.458123,472.906130
60,0.5042016806722689,helicopter,50,10.086297,504.314851
60,0.5042016806722689,hello,50,7.637195,381.859773
60,0.5042016806722689,help,50,8.174117,408.705855
60,0.5042016806722689,her,50,6.575032,328.751598
60,0.5042016806722689,here,50,5.302276,265.113801
60,0.5042016806722689,hi,50,9.043153,452.157646
60,0.5042016806722689,hide,50,9.709431,485.471544
60,0.5042016806722689,high,50,9.945305,497.265263
60,0.5042016806722689,him,50,6.112809,305.640450
60,0.5042016806722689,his,50,6.102395,305.119730
60,0.5042016806722689,hit,50,8.929852,446.492589
60,0.5042016806722689,hold,50,8.048242,402.412115
60,0.5042016806722689,home,50,7.528345,376.417230
60,0.5042016806722689,horse,50,8.692189,434.609474
60,0.5042016806722689,hose,50,13.855032,692.751592
60,0.5042016806722689,hot,50,8.626123,431.306149
60,0.5042016806722689,house,50,8.068774,403.438716
60,0.5042016806722689,how,50,7.360595,368.029764
60,0.5042016806722689,hug,50,9.864804,493.240187
60,0.5042016806722689,hungry,50,8.768619,438.430964
60,0.5042016806722689,hurry,50,9.744250,487.212477
60,0.5042016806722689,hurt,50,8.438234,421.911707
60,0.5042016806722689,i,50,10.151379,507.568962
60,0.5042016806722689,ice,50,8.058942,402.947091
60,0.5042016806722689,if,50,6.468848,323.442423
60,0.5042016806722689,inside,50,8.312399,415.619928
60,0.5042016806722689,into,50,7.925007,396.250355
60,0.5042016806722689,is,50,4.926896,246.344800
60,0.5042016806722689,it,50,4.280800,214.040020
60,0.5042016806722689,jacket,50,10.181031,509.051538
60,0.5042016806722689,jar,50,10.738042,536.902096
60,0.5042016806722689,jeans,16,12.136716,194.187458
60,0.5042016806722689,jelly,50,10.037670,501.883493
60,0.5042016806722689,juice,50,8.309176,415.458813
60,0.5042016806722689,jump,50,9.461077,473.053839
60,0.5042016806722689,keys,50,10.027012,501.350620
60,0.5042016806722689,kick,50,10.292001,514.600054
60,0.5042016806722689,kiss,50,8.353334,417.666704
60,0.5042016806722689,kitchen,50,8.948050,447.402505
60,0.5042016806722689,kitty,50,8.622478,431.123879
60,0.5042016806722689,knee,50,9.654856,482.742802
60,0.5042016806722689,knife,50,10.414156,520.707787
60,0.5042016806722689,knock,50,10.435537,521.776831
60,0.5042016806722689,ladder,50,10.039396,501.969805
60,0.5042016806722689,lady,50,8.762826,438.141314
60,0.5042016806722689,lamb,50,9.777701,488.885040
60,0.5042016806722689,lamp,50,11.285278,564.263916
60,0.5042016806722689,last,50,8.281473,414.073656
60,0.5042016806722689,later,50,7.980813,399.040670
60,0.5042016806722689,lawn,37,12.763504,472.249655
60,0.5042016806722689,leg,50,9.959247,497.962363
60,0.5042016806722689,lick,50,10.372557,518.627873
60,0.5042016806722689,light,50,9.097369,454.868441
60,0.5042016806722689,like,50,5.477992,273.899589
60,0.5042016806722689,lion,50,9.607660,480.383015
60,0.5042016806722689,lips,50,11.625464,581.273202
60,0.5042016806722689,listen,50,8.883294,444.164686
60,0.5042016806722689,little,50,5.717786,285.889308
60,0.5042016806722689,living,50,9.706281,485.314044
60,0.5042016806722689,lollipop,50,10.389641,519.482075
60,0.5042016806722689,long,50,7.956590,397.829503
60,0.5042016806722689,look,50,5.155689,257.784468
60,0.5042016806722689,loud,50,9.312164,465.608185
60,0.5042016806722689,love,50,7.511677,375.583857
60,0.5042016806722689,lunch,50,8.975431,448.771536
60,0.5042016806722689,mad,50,10.297255,514.862760
60,0.5042016806722689,make,50,6.567893,328.394635
60,0.5042016806722689,man,50,8.783726,439.186293
60,0.5042016806722689,me,50,5.898442,294.922116
60,0.5042016806722689,meat,50,9.961182,498.059081
60,0.5042016806722689,medicine,50,10.111997,505.599835
60,0.5042016806722689,milk,50,8.520806,426.040282
60,0.5042016806722689,mine,50,8.179065,408.953242
60,0.5042016806722689,mommy,50,8.455981,422.799048
60,0.5042016806722689,money,50,9.291421,464.571027
60,0.5042016806722689,monkey,50,8.324809,416.240442
60,0.5042016806722689,moo,50,9.188252,459.412590
60,0.5042016806722689,moon,50,9.067748,453.387389
60,0.5042016806722689,moose,32,12.812770,410.008630
60,0.5042016806722689,mop,40,11.686118,467.444736
60,0.5042016806722689,more,50,6.404666,320.233321
60,0.5042016806722689,morning,50,8.326882,416.344089
60,0.5042016806722689,motorcycle,50,11.224667,561.233372
60,0.5042016806722689,mouse,50,9.494948,474.747396
60,0.5042016806722689,mouth,50,8.665666,433.283319
60,0.5042016806722689,movie,50,10.769372,538.468605
60,0.5042016806722689,much,50,7.656083,382.804128
60,0.5042016806722689,muffin,50,11.136836,556.841784
60,0.5042016806722689,my,50,5.752320,287.616000
60,0.5042016806722689,myself,50,10.081999,504.099926
60,0.5042016806722689,nail,50,10.188395,509.419772
60,0.5042016806722689,nap,50,10.336589,516.829445
60,0.5042016806722689,napkin,50,10.457338,522.866878
60,0.5042016806722689,naughty,50,8.656612,432.830584
60,0.5042016806722689,necklace,50,11.545361,577.268035
60,0.5042016806722689,need,50,7.815971,390.798546
60,0.5042016806722689,new,50,7.682156,384.107805
60,0.5042016806722689,next,50,7.924418,396.220897
60,0.5042016806722689,nice,50,6.893810,344.690475
60,0.5042016806722689,night,50,8.786765,439.338229
60,0.5042016806722689,no,50,4.734384,236.719214
60,0.5042016806722689,noisy,50,9.618401,480.920028
60,0.5042016806722689,none,50,9.963042,498.152086
60,0.5042016806722689,noodles,50,11.481623,574.081135
60,0.5042016806722689,nose,50,8.209992,410.499585
60,0.5042016806722689,not,50,5.754929,287.746446
60,0.5042016806722689,now,50,6.618104,330.905194
60,0.5042016806722689,nurse,50,10.049864,502.493213
60,0.5042016806722689,nuts,50,11.327290,566.364510
60,0.5042016806722689,of,50,5.630056,281.502789
60,0.5042016806722689,off,50,6.839826,341.991299
60,0.5042016806722689,old,50,8.840399,442.019957
60,0.5042016806722689,on,50,4.738899,236.944932
60,0.5042016806722689,open,50,7.915667,395.783368
60,0.5042016806722689,orange,50,8.115697,405.784857
60,0.5042016806722689,other,50,6.340973,317.048666
60,0.5042016806722689,ouch,50,9.812075,490.603747
60,0.5042016806722689,our,50,8.349178,417.458900
60,0.5042016806722689,out,50,6.009658,300.482882
60,0.5042016806722689,outside,50,8.407642,420.382083
60,0.5042016806722689,oven,50,9.603698,480.184921
60,0.5042016806722689,over,50,6.583083,329.154151
60,0.5042016806722689,owl,50,9.287242,464.362121
60,0.5042016806722689,paint,50,10.443296,522.164807
60,0.5042016806722689,pajamas,50,10.196012,509.800588
60,0.5042016806722689,pancake,46,9.911506,455.929288
60,0.5042016806722689,pants,50,10.033328,501.666380
60,0.5042016806722689,paper,50,8.768024,438.401186
60,0.5042016806722689,park,50,8.646269,432.313465
60,0.5042016806722689,party,50,8.715599,435.779964
60,0.5042016806722689,peanut,50,10.117546,505.877287
60,0.5042016806722689,peas,50,9.445250,472.262487
60,0.5042016806722689,pen,50,9.635161,481.758027
60,0.5042016806722689,pencil,50,10.784487,539.224343
60,0.5042016806722689,penguin,50,9.555536,477.776824
60,0.5042016806722689,penis,18,12.690902,228.436238
60,0.5042016806722689,penny,50,11.083629,554.181435
60,0.5042016806722689,people,50,8.325475,416.273751
60,0.5042016806722689,person,50,10.198281,509.914062
60,0.5042016806722689,pick,50,8.250129,412.506437
60,0.5042016806722689,pickle,50,10.728237,536.411843
60,0.5042016806722689,picnic,50,10.034151,501.707563
60,0.5042016806722689,picture,50,8.567909,428.395431
60,0.5042016806722689,pig,50,9.079308,453.965381
60,0.5042016806722689,pillow,50,10.857955,542.897752
60,0.5042016806722689,pizza,50,9.042710,452.135515
60,0.5042016806722689,plant,50,10.175701,508.785069
60,0.5042016806722689,plate,50,9.653436,482.671791
60,0.5042016806722689,play,50,6.767057,338.352864
60,0.5042016806722689,playground,22,12.778271,281.121957
60,0.5042016806722689,please,50,7.345176,367.258804
60,0.5042016806722689,police,50,10.265129,513.256439
60,0.5042016806722689,pony,50,11.799237,589.961867
60,0.5042016806722689,pool,50,10.124836,506.241819
60,0.5042016806722689,poor,50,8.425847,421.292367
60,0.5042016806722689,popcorn,50,11.049393,552.469644
60,0.5042016806722689,popsicle,31,11.830660,366.750455
60,0.5042016806722689,porch,31,12.266831,380.271759
60,0.5042016806722689,potato,50,11.354013,567.700632
60,0.5042016806722689,pour,50,9.853716,492.685805
60,0.5042016806722689,present,50,10.215286,510.764300
60,0.5042016806722689,pretend,50,8.796157,439.807871
60,0.5042016806722689,pretty,50,8.401910,420.095521
60,0.5042016806722689,pretzel,50,11.945625,597.281261
60,0.5042016806722689,pudding,50,13.310053,665.502673
60,0.5042016806722689,pull,50,8.285243,414.262149
60,0.5042016806722689,pumpkin,50,10.072853,503.642666
60,0.5042016806722689,puppy,50,11.191375,559.568762
60,0.5042016806722689,purse,50,9.958880,497.943977
60,0.5042016806722689,push,50,8.659519,432.975954
60,0.5042016806722689,put,50,5.643581,282.179029
60,0.5042016806722689,puzzle,50,9.633391,481.669534
60,0.5042016806722689,quack,50,9.728216,486.410778
60,0.5042016806722689,quiet,50,9.905252,495.262598
60,0.5042016806722689,radio,50,12.487836,624.391812
60,0.5042016806722689,rain,50,8.707801,435.390054
60,0.5042016806722689,raisin,43,13.439903,577.915834
60,0.5042016806722689,read,50,7.660262,383.013087
60,0.5042016806722689,red,50,7.904147,395.207359
60,0.5042016806722689,refrigerator,50,10.790665,539.533270
60,0.5042016806722689,ride,50,9.407504,470.375201
60,0.5042016806722689,rip,50,12.743818,637.190885
60,0.5042016806722689,rock,50,9.660511,483.025549
60,0.5042016806722689,rocking,50,9.519219,475.960956
60,0.5042016806722689,roof,50,10.785818,539.290881
60,0.5042016806722689,room,50,8.280461,414.023068
60,0.5042016806722689,rooster,50,11.028143,551.407163
60,0.5042016806722689,run,50,8.711750,435.587481
60,0.5042016806722689,sad,50,8.928663,446.433132
60,0.5042016806722689,salt,50,10.429110,521.455477
60,0.5042016806722689,same,50,8.156354,407.817703
60,0.5042016806722689,sandwich,50,8.920922,446.046095
60,0.5042016806722689,sauce,50,12.218524,610.926208
60,0.5042016806722689,say,50,6.954071,347.703573
60,0.5042016806722689,scared,50,9.703547,485.177361
60,0.5042016806722689,scarf,50,12.699989,634.999471
60,0.5042016806722689,school,50,8.254810,412.740512
60,0.5042016806722689,scissors,50,12.466293,623.314673
60,0.5042016806722689,see,50,5.208430,260.421506
60,0.5042016806722689,shake,50,10.589574,529.478692
60,0.5042016806722689,share,50,9.606398,480.319901
60,0.5042016806722689,she,50,6.419052,320.952580
60,0.5042016806722689,sheep,50,8.607485,430.374246
60,0.5042016806722689,shh,50,9.648456,482.422820
60,0.5042016806722689,shirt,50,9.427188,471.359425
60,0.5042016806722689,shoe,50,9.392514,469.625711
60,0.5042016806722689,shopping,50,10.587427,529.371369
60,0.5042016806722689,shorts,50,10.048843,502.442166
60,0.5042016806722689,shoulder,50,10.147804,507.390213
60,0.5042016806722689,shovel,50,11.797930,589.896489
60,0.5042016806722689,show,50,8.319946,415.997317
60,0.5042016806722689,shower,50,10.672077,533.603864
60,0.5042016806722689,sick,50,9.557995,477.899731
60,0.5042016806722689,sidewalk,19,9.758393,185.409473
60,0.5042016806722689,sing,50,8.672959,433.647944
60,0.5042016806722689,sink,50,10.157486,507.874284
60,0.5042016806722689,sister,50,9.100563,455.028167
60,0.5042016806722689,sit,50,7.576830,378.841499
60,0.5042016806722689,skate,13,10.957103,142.442339
60,0.5042016806722689,sky,50,9.088233,454.411652
60,0.5042016806722689,sled,22,11.971934,263.382559
60,0.5042016806722689,sleep,50,8.211048,410.552391
60,0.5042016806722689,sleepy,50,10.137356,506.867817
60,0.5042016806722689,slide,50,9.453856,472.692809
60,0.5042016806722689,slipper,50,10.648472,532.423609
60,0.5042016806722689,slow,50,11.152488,557.624417
60,0.5042016806722689,smile,50,9.878599,493.929937
60,0.5042016806722689,snack,50,10.296850,514.842500
60,0.5042016806722689,snow,50,9.174196,458.709785
60,0.5042016806722689,so,50,6.144083,307.204155
60,0.5042016806722689,soap,50,10.936192,546.809578
60,0.5042016806722689,sock,50,13.528783,676.439150
60,0.5042016806722689,soda,50,10.256041,512.802072
60,0.5042016806722689,sofa,50,10.753700,537.684987
60,0.5042016806722689,soft,50,9.259228,462.961411
60,0.5042016806722689,some,50,6.336846,316.842307
60,0.5042016806722689,soup,50,10.233158,511.657881
60,0.5042016806722689,spill,50,9.757113,487.855655
60,0.5042016806722689,splash,50,10.723916,536.195776
60,0.5042016806722689,spoon,50,8.246891,412.344549
60,0.5042016806722689,sprinkler,13,12.806668,166.486690
60,0.5042016806722689,squirrel,50,11.148762,557.438105
60,0.5042016806722689,stairs,50,10.012912,500.645606
60,0.5042016806722689,stand,50,8.280286,414.014286
60,0.5042016806722689,star,50,9.839683,491.984126
60,0.5042016806722689,stay,50,8.470724,423.536209
60,0.5042016806722689,stick,50,9.642231,482.111565
60,0.5042016806722689,sticky,50,9.366047,468.302358
60,0.5042016806722689,stone,50,10.915542,545.777092
60,0.5042016806722689,stop,50,8.513802,425.690097
60,0.5042016806722689,store,50,9.545072,477.253595
60,0.5042016806722689,story,50,8.305643,415.282136
60,0.5042016806722689,stove,50,11.134949,556.747453
60,0.5042016806722689,strawberry,50,9.260282,463.014113
60,0.5042016806722689,street,50,10.970080,548.503999
60,0.5042016806722689,stroller,50,12.339429,616.971471
60,0.5042016806722689,stuck,50,8.989760,449.488024
60,0.5042016806722689,sun,50,8.750204,437.510210
60,0.5042016806722689,sweater,50,10.361835,518.091770
60,0.5042016806722689,sweep,50,11.451465,572.573228
60,0.5042016806722689,swim,50,9.320966,466.048323
60,0.5042016806722689,swing,50,9.274822,463.741117
60,0.5042016806722689,table,50,8.627516,431.375796
60,0.5042016806722689,take,50,6.725150,336.257523
60,0.5042016806722689,talk,50,9.370451,468.522543
60,0.5042016806722689,tape,50,9.619820,480.991015
60,0.5042016806722689,taste,50,10.061700,503.085024
60,0.5042016806722689,teacher,50,9.510646,475.532307
60,0.5042016806722689,tear,50,9.788832,489.441625
60,0.5042016806722689,telephone,50,9.428384,471.419211
60,0.5042016806722689,thank,50,7.259994,362.999681
60,0.5042016806722689,that,50,4.137335,206.866750
60,0.5042016806722689,the,50,3.357494,167.874712
60,0.5042016806722689,their,50,8.403812,420.190608
60,0.5042016806722689,them,50,6.024922,301.246113
60,0.5042016806722689,then,50,5.697649,284.882463
60,0.5042016806722689,there,50,4.761078,238.053913
60,0.5042016806722689,these,50,6.895097,344.754860
60,0.5042016806722689,they,50,5.908032,295.401601
60,0.5042016806722689,think,50,5.757410,287.870480
60,0.5042016806722689,thirsty,50,10.464260,523.213005
60,0.5042016806722689,this,50,4.669384,233.469201
60,0.5042016806722689,those,50,7.053351,352.667549
60,0.5042016806722689,throw,50,8.450490,422.524508
60,0.5042016806722689,tickle,50,9.702507,485.125364
60,0.5042016806722689,tiger,50,9.780104,489.005188
60,0.5042016806722689,time,50,7.251281,362.564038
60,0.5042016806722689,tiny,50,8.615119,430.755934
60,0.5042016806722689,tired,50,8.412653,420.632669
60,0.5042016806722689,tissue,50,11.131422,556.571077
60,0.5042016806722689,to,50,4.522177,226.108826
60,0.5042016806722689,toast,50,9.700965,485.048265
60,0.5042016806722689,today,50,8.248136,412.406780
60,0.5042016806722689,tomorrow,50,8.989187,449.459369
60,0.5042016806722689,tongue,50,9.815867,490.793344
60,0.5042016806722689,tonight,50,9.586647,479.332352
60,0.5042016806722689,too,50,7.310381,365.519062
60,0.5042016806722689,tooth,50,9.515189,475.759465
60,0.5042016806722689,toothbrush,50,11.190717,559.535827
60,0.5042016806722689,touch,50,8.579105,428.955271
60,0.5042016806722689,towel,50,10.253112,512.655611
60,0.5042016806722689,tractor,50,9.416058,470.802881
60,0.5042016806722689,train,50,7.498471,374.923574
60,0.5042016806722689,trash,50,10.260168,513.008407
60,0.5042016806722689,tray,50,10.669494,533.474698
60,0.5042016806722689,tree,50,8.773036,438.651805
60,0.5042016806722689,truck,50,8.737533,436.876648
60,0.5042016806722689,try,50,8.060477,403.023870
60,0.5042016806722689,tummy,50,8.362490,418.124505
60,0.5042016806722689,tuna,50,10.689510,534.475480
60,0.5042016806722689,turkey,50,10.423660,521.182982
60,0.5042016806722689,turn,50,8.100237,405.011853
60,0.5042016806722689,turtle,50,10.024172,501.208606
60,0.5042016806722689,tv,50,10.400505,520.025230
60,0.5042016806722689,uh,50,6.694681,334.734049
60,0.5042016806722689,uncle,50,13.428805,671.440243
60,0.5042016806722689,under,50,8.467276,423.363814
60,0.5042016806722689,up,50,5.896681,294.834032
60,0.5042016806722689,us,50,8.060924,403.046190
60,0.5042016806722689,vacuum,50,10.646107,532.305332
60,0.5042016806722689,vanilla,50,12.055364,602.768205
60,0.5042016806722689,wait,50,7.667031,383.351563
60,0.5042016806722689,wake,50,8.536702,426.835090
60,0.5042016806722689,walk,50,8.614578,430.728912
60,0.5042016806722689,walker,12,12.622409,151.468906
60,0.5042016806722689,wanna,50,5.098451,254.922574
60,0.5042016806722689,was,50,6.329241,316.462049
60,0.5042016806722689,wash,50,9.331476,466.573799
60,0.5042016806722689,washing,50,9.216480,460.823979
60,0.5042016806722689,watch,50,7.555174,377.758721
60,0.5042016806722689,water,50,7.236245,361.812232
60,0.5042016806722689,we,50,5.744006,287.200303
60,0.5042016806722689,were,50,6.977333,348.866646
60,0.5042016806722689,wet,50,9.220148,461.007402
60,0.5042016806722689,what,50,4.306812,215.340580
60,0.5042016806722689,when,50,6.619544,330.977192
60,0.5042016806722689,where,50,5.395681,269.784034
60,0.5042016806722689,which,50,7.644345,382.217236
60,0.5042016806722689,white,50,8.155671,407.783572
60,0.5042016806722689,who,50,6.504756,325.237789
60,0.5042016806722689,why,50,6.169176,308.458825
60,0.5042016806722689,will,50,7.237102,361.855090
60,0.5042016806722689,wind,50,9.062917,453.145828
60,0.5042016806722689,window,50,9.281157,464.057833
60,0.5042016806722689,windy,50,9.811996,490.599817
60,0.5042016806722689,wipe,50,9.478371,473.918559
60,0.5042016806722689,wish,50,9.368061,468.403037
60,0.5042016806722689,with,50,5.391080,269.554021
60,0.5042016806722689,wolf,50,11.817301,590.865026
60,0.5042016806722689,woods,48,11.386965,546.574304
60,0.5042016806722689,woof,50,10.209958,510.497891
60,0.5042016806722689,work,50,8.695756,434.787783
60,0.5042016806722689,would,50,6.985962,349.298120
60,0.5042016806722689,write,50,10.498103,524.905129
60,0.5042016806722689,yard,50,10.138728,506.936383
60,0.5042016806722689,yellow,50,8.169116,408.455780
60,0.5042016806722689,yes,50,5.526301,276.315034
60,0.5042016806722689,yesterday,50,9.034056,451.702813
60,0.5042016806722689,yogurt,50,9.917190,495.859480
60,0.5042016806722689,you,50,3.641717,182.085845
60,0.5042016806722689,your,50,5.479075,273.953745
60,0.5042016806722689,yourself,50,9.083506,454.175306
60,0.5042016806722689,yum,50,9.587006,479.350292
60,0.5042016806722689,zebra,50,10.423473,521.173672
60,0.5042016806722689,zipper,40,10.863633,434.545333
60,0.5042016806722689,zoo,50,10.169476,508.473804
80,0.6722689075630253,a,50,3.639768,181.988404
80,0.6722689075630253,about,50,6.497639,324.881963
80,0.6722689075630253,above,50,10.583374,529.168685
80,0.6722689075630253,after,50,8.070234,403.511706
80,0.6722689075630253,airplane,50,9.746253,487.312628
80,0.6722689075630253,all,50,5.868567,293.428339
80,0.6722689075630253,alligator,50,9.256970,462.848486
80,0.6722689075630253,am,50,8.585975,429.298773
80,0.6722689075630253,and,50,4.349966,217.498287
80,0.6722689075630253,animal,50,9.615098,480.754899
80,0.6722689075630253,ankle,5,12.233155,61.165777
80,0.6722689075630253,another,50,7.087582,354.379102
80,0.6722689075630253,any,50,7.526049,376.302450
80,0.6722689075630253,apple,50,8.680484,434.024212
80,0.6722689075630253,are,50,4.654315,232.715743
80,0.6722689075630253,arm,50,9.693515,484.675736
80,0.6722689075630253,around,50,7.754711,387.735538
80,0.6722689075630253,asleep,50,10.421513,521.075650
80,0.6722689075630253,at,50,5.351181,267.559064
80,0.6722689075630253,aunt,42,10.944140,459.653893
80,0.6722689075630253,awake,50,11.036031,551.801549
80,0.6722689075630253,away,50,7.185998,359.299917
80,0.6722689075630253,baby,50,6.391141,319.557031
80,0.6722689075630253,babysitter,11,12.754269,140.296960
80,0.6722689075630253,back,50,6.618727,330.936369
80,0.6722689075630253,backyard,19,12.394582,235.497050
80,0.6722689075630253,bad,50,9.466667,473.333332
80,0.6722689075630253,ball,50,8.201249,410.062439
80,0.6722689075630253,balloon,50,9.765190,488.259509
80,0.6722689075630253,banana,50,10.081268,504.063378
80,0.6722689075630253,basement,26,12.989262,337.720815
80,0.6722689075630253,basket,50,8.743138,437.156895
80,0.6722689075630253,bat,50,11.754140,587.707008
80,0.6722689075630253,bath,50,8.177389,408.869429
80,0.6722689075630253,bathroom,50,11.354962,567.748099
80,0.6722689075630253,bathtub,31,11.667771,361.700898
80,0.6722689075630253,be,50,6.201606,310.080307
80,0.6722689075630253,beach,50,8.856466,442.823279
80,0.6722689075630253,beads,50,10.940785,547.039256
80,0.6722689075630253,beans,50,12.588340,629.416983
80,0.6722689075630253,bear,50,8.923689,446.184433
80,0.6722689075630253,because,50,6.702730,335.136516
80,0.6722689075630253,bed,50,8.413379,420.668973
80,0.6722689075630253,bedroom,50,9.913106,495.655309
80,0.6722689075630253,bee,50,9.266334,463.316702
80,0.6722689075630253,before,50,8.256594,412.829696
80,0.6722689075630253,behind,50,8.895911,444.795537
80,0.6722689075630253,belly,50,9.411767,470.588350
80,0.6722689075630253,belt,50,12.177240,608.862002
80,0.6722689075630253,bench,50,11.853412,592.670580
80,0.6722689075630253,beside,50,10.791136,539.556775
80,0.6722689075630253,better,50,7.575341,378.767064
80,0.6722689075630253,bib,50,11.670819,583.540969
80,0.6722689075630253,bicycle,50,9.707621,485.381033
80,0.6722689075630253,big,50,6.202727,310.136347
80,0.6722689075630253,bird,50,9.686782,484.339115
80,0.6722689075630253,bite,50,9.051688,452.584402
80,0.6722689075630253,black,50,9.225461,461.273046
80,0.6722689075630253,blanket,50,9.964281,498.214063
80,0.6722689075630253,block,50,10.632979,531.648928
80,0.6722689075630253,blow,50,9.794066,489.703289
80,0.6722689075630253,blue,50,7.207541,360.377030
80,0.6722689075630253,boat,50,9.321643,466.082131
80,0.6722689075630253,book,50,7.450129,372.506440
80,0.6722689075630253,boots,50,10.636244,531.812176
80,0.6722689075630253,bottle,50,9.749029,487.451443
80,0.6722689075630253,bowl,50,8.893907,444.695372
80,0.6722689075630253,box,50,7.856743,392.837169
80,0.6722689075630253,boy,50,7.476551,373.827562
80,0.6722689075630253,bread,50,8.361956,418.097796
80,0.6722689075630253,break,50,8.876588,443.829424
80,0.6722689075630253,breakfast,50,9.257423,462.871174
80,0.6722689075630253,bring,50,7.700688,385.034378
80,0.6722689075630253,broken,50,8.875586,443.779324
80,0.6722689075630253,broom,50,10.238000,511.899992
80,0.6722689075630253,brother,50,9.813282,490.664106
80,0.6722689075630253,brown,50,10.261214,513.060678
80,0.6722689075630253,brush,50,9.314794,465.739677
80,0.6722689075630253,bubbles,50,11.206074,560.303699
80,0.6722689075630253,bucket,50,10.087620,504.380983
80,0.6722689075630253,bug,50,8.837769,441.888433
80,0.6722689075630253,build,50,8.602539,430.126942
80,0.6722689075630253,bump,50,9.768632,488.431604
80,0.6722689075630253,bunny,50,8.618360,430.918010
80,0.6722689075630253,bus,50,8.765962,438.298105
80,0.6722689075630253,but,50,6.385225,319.261260
80,0.6722689075630253,butter,50,10.433842,521.692083
80,0.6722689075630253,butterfly,50,9.257990,462.899485
80,0.6722689075630253,button,50,9.529915,476.495765
80,0.6722689075630253,buy,50,8.716406,435.820275
80,0.6722689075630253,by,50,8.136382,406.819120
80,0.6722689075630253,bye,50,7.936730,396.836480
80,0.6722689075630253,cake,50,8.744838,437.241887
80,0.6722689075630253,call,50,7.997235,399.861735
80,0.6722689075630253,camera,50,10.732161,536.608073
80,0.6722689075630253,camping,31,12.772093,395.934891
80,0.6722689075630253,can,50,4.967478,248.373892
80,0.6722689075630253,candy,50,9.802518,490.125878
80,0.6722689075630253,car,50,7.335531,366.776532
80,0.6722689075630253,careful,50,8.274390,413.719522
80,0.6722689075630253,carrots,50,10.017108,500.855377
80,0.6722689075630253,carry,50,9.003331,450.166553
80,0.6722689075630253,cat,50,8.217776,410.888811
80,0.6722689075630253,catch,50,9.025462,451.273085
80,0.6722689075630253,cereal,50,10.343102,517.155078
80,0.6722689075630253,chair,50,8.815732,440.786607
80,0.6722689075630253,chalk,40,11.079629,443.185152
80,0.6722689075630253,chase,49,11.518520,564.407499
80,0.6722689075630253,cheek,35,12.065275,422.284617
80,0.6722689075630253,cheese,50,8.633866,431.693276
80,0.6722689075630253,chicken,50,8.608407,430.420374
80,0.6722689075630253,child,50,9.944939,497.246964
80,0.6722689075630253,chin,50,10.552519,527.625951
80,0.6722689075630253,chocolate,50,9.310881,465.544059
80,0.6722689075630253,choo,50,9.141584,457.079208
80,0.6722689075630253,church,50,9.675093,483.754629
80,0.6722689075630253,circus,50,11.702786,585.139302
80,0.6722689075630253,clap,50,11.036964,551.848206
80,0.6722689075630253,clean,50,8.828069,441.403426
80,0.6722689075630253,climb,50,10.240301,512.015075
80,0.6722689075630253,clock,50,9.169053,458.452655
80,0.6722689075630253,close,50,9.568789,478.439464
80,0.6722689075630253,closet,50,11.369480,568.474013
80,0.6722689075630253,cloud,50,12.442536,622.126795
80,0.6722689075630253,clown,50,9.784433,489.221634
80,0.6722689075630253,coat,50,9.011320,450.565989
80,0.6722689075630253,coffee,50,9.229060,461.452991
80,0.6722689075630253,coke,50,11.064243,553.212154
80,0.6722689075630253,cold,50,9.079833,453.991626
80,0.6722689075630253,comb,50,10.254584,512.729189
80,0.6722689075630253,cook,50,8.681207,434.060345
80,0.6722689075630253,cookie,50,9.852886,492.644313
80,0.6722689075630253,corn,50,10.078939,503.946970
80,0.6722689075630253,couch,50,10.286038,514.301879
80,0.6722689075630253,could,50,7.746207,387.310345
80,0.6722689075630253,country,50,10.589847,529.492343
80,0.6722689075630253,cover,50,8.950879,447.543937
80,0.6722689075630253,cow,50,8.754031,437.701571
80,0.6722689075630253,cowboy,50,11.535376,576.768824
80,0.6722689075630253,cracker,50,10.134797,506.739859
80,0.6722689075630253,crayon,50,11.838541,591.927065
80,0.6722689075630253,crib,50,10.883145,544.157236
80,0.6722689075630253,cry,50,8.940939,447.046930
80,0.6722689075630253,cup,50,8.453314,422.665711
80,0.6722689075630253,cut,50,8.329177,416.458842
80,0.6722689075630253,cute,50,10.015332,500.766587
80,0.6722689075630253,daddy,50,8.295009,414.750473
80,0.6722689075630253,dance,50,10.343193,517.159654
80,0.6722689075630253,dark,50,8.967647,448.382358
80,0.6722689075630253,day,50,8.233477,411.673874
80,0.6722689075630253,deer,50,10.871277,543.563830
80,0.6722689075630253,diaper,50,9.683572,484.178599
80,0.6722689075630253,did,50,5.147377,257.368859
80,0.6722689075630253,dinner,50,9.576797,478.839830
80,0.6722689075630253,dirty,50,8.947393,447.369635
80,0.6722689075630253,dish,50,10.091728,504.586378
80,0.6722689075630253,do,50,4.673550,233.677504
80,0.6722689075630253,doctor,50,9.648774,482.438711
80,0.6722689075630253,does,50,6.676823,333.841130
80,0.6722689075630253,dog,50,8.259667,412.983360
80,0.6722689075630253,doll,50,9.077066,453.853286
80,0.6722689075630253,donkey,50,10.223355,511.167763
80,0.6722689075630253,donut,41,12.483304,511.815474
80,0.6722689075630253,door,50,8.760693,438.034645
80,0.6722689075630253,down,50,6.624773,331.238668
80,0.6722689075630253,downtown,8,11.481188,91.849503
80,0.6722689075630253,draw,50,8.807395,440.369763
80,0.6722689075630253,drawer,50,10.121155,506.057752
80,0.6722689075630253,dress,50,8.874347,443.717354
80,0.6722689075630253,drink,50,7.937091,396.854539
80,0.6722689075630253,drive,50,9.477451,473.872542
80,0.6722689075630253,drop,50,9.267746,463.387291
80,0.6722689075630253,dry,50,9.741008,487.050391
80,0.6722689075630253,dryer,20,11.266742,225.334835
80,0.6722689075630253,duck,50,9.091233,454.561654
80,0.6722689075630253,dump,50,9.890887,494.544369
80,0.6722689075630253,each,50,9.280152,464.007607
80,0.6722689075630253,ear,50,9.643165,482.158257
80,0.6722689075630253,eat,50,6.334053,316.702649
80,0.6722689075630253,egg,50,8.770437,438.521830
80,0.6722689075630253,elephant,50,8.535052,426.752606
80,0.6722689075630253,empty,50,9.645297,482.264841
80,0.6722689075630253,every,50,9.519392,475.969588
80,0.6722689075630253,eye,50,9.238302,461.915108
80,0.6722689075630253,face,50,8.504746,425.237299
80,0.6722689075630253,fall,50,8.278443,413.922146
80,0.6722689075630253,farm,50,9.497957,474.897865
80,0.6722689075630253,fast,50,9.447808,472.390389
80,0.6722689075630253,feed,50,9.348527,467.426352
80,0.6722689075630253,find,50,7.667474,383.373693
80,0.6722689075630253,fine,50,9.839833,491.991637
80,0.6722689075630253,finger,50,9.911657,495.582850
80,0.6722689075630253,finish,50,8.942520,447.126013
80,0.6722689075630253,first,50,8.075768,403.788391
80,0.6722689075630253,fish,50,8.413009,420.650445
80,0.6722689075630253,fit,50,8.384683,419.234129
80,0.6722689075630253,fix,50,8.657462,432.873107
80,0.6722689075630253,flag,50,13.686633,684.331651
80,0.6722689075630253,flower,50,8.887143,444.357169
80,0.6722689075630253,food,50,7.872716,393.635785
80,0.6722689075630253,foot,50,8.789424,439.471209
80,0.6722689075630253,for,50,5.629477,281.473847
80,0.6722689075630253,fork,50,9.265638,463.281888
80,0.6722689075630253,french,50,10.910724,545.536220
80,0.6722689075630253,friend,50,9.669798,483.489916
80,0.6722689075630253,frog,50,8.962372,448.118587
80,0.6722689075630253,full,50,9.133806,456.690321
80,0.6722689075630253,game,50,8.737561,436.878066
80,0.6722689075630253,garage,50,9.767025,488.351227
80,0.6722689075630253,garbage,50,9.747702,487.385080
80,0.6722689075630253,garden,50,8.866256,443.312814
80,0.6722689075630253,gas,50,11.262061,563.103052
80,0.6722689075630253,gentle,50,10.286531,514.326565
80,0.6722689075630253,get,50,6.336557,316.827866
80,0.6722689075630253,giraffe,50,9.556538,477.826919
80,0.6722689075630253,girl,50,7.732724,386.636210
80,0.6722689075630253,give,50,6.836974,341.848710
80,0.6722689075630253,glass,50,9.806163,490.308135
80,0.6722689075630253,glasses,50,9.702560,485.127990
80,0.6722689075630253,gloves,50,12.920492,646.024589
80,0.6722689075630253,glue,50,10.732537,536.626848
80,0.6722689075630253,go,50,5.534273,276.713664
80,0.6722689075630253,good,50,6.673721,333.686068
80,0.6722689075630253,goose,50,11.471142,573.557112
80,0.6722689075630253,grandma,50,10.486812,524.340599
80,0.6722689075630253,grandpa,45,10.694587,481.256406
80,0.6722689075630253,grapes,50,10.388130,519.406482
80,0.6722689075630253,grass,50,8.659292,432.964623
80,0.6722689075630253,green,50,7.322218,366.110909
80,0.6722689075630253,gum,50,10.709151,535.457565
80,0.6722689075630253,hair,50,7.719158,385.957903
80,0.6722689075630253,hamburger,50,9.617224,480.861219
80,0.6722689075630253,hammer,50,9.401546,470.077317
80,0.6722689075630253,hand,50,8.206932,410.346611
80,0.6722689075630253,happy,50,8.583559,429.177956
80,0.6722689075630253,hard,50,8.263011,413.150571
80,0.6722689075630253,hat,50,7.834610,391.730508
80,0.6722689075630253,hate,50,12.217044,610.852201
80,0.6722689075630253,have,50,4.932277,246.613829
80,0.6722689075630253,he,50,5.616896,280.844819
80,0.6722689075630253,head,50,7.952036,397.601808
80,0.6722689075630253,hear,50,7.780173,389.008653
80,0.6722689075630253,heavy,50,9.440763,472.038165
80,0.6722689075630253,helicopter,50,9.485386,474.269306
80,0.6722689075630253,hello,50,7.504999,375.249936
80,0.6722689075630253,help,50,8.046266,402.313314
80,0.6722689075630253,her,50,5.821853,291.092651
80,0.6722689075630253,here,50,5.373289,268.664443
80,0.6722689075630253,hi,50,8.782335,439.116738
80,0.6722689075630253,hide,50,9.943337,497.166858
80,0.6722689075630253,high,50,9.778659,488.932944
80,0.6722689075630253,him,50,6.631479,331.573950
80,0.6722689075630253,his,50,6.778755,338.937746
80,0.6722689075630253,hit,50,8.505203,425.260159
80,0.6722689075630253,hold,50,8.150150,407.507516
80,0.6722689075630253,home,50,7.473413,373.670626
80,0.6722689075630253,horse,50,8.643524,432.176196
80,0.6722689075630253,hose,50,13.544968,677.248420
80,0.6722689075630253,hot,50,8.382063,419.103159
80,0.6722689075630253,house,50,7.297199,364.859937
80,0.6722689075630253,how,50,6.316561,315.828035
80,0.6722689075630253,hug,50,9.306559,465.327934
80,0.6722689075630253,hungry,50,8.951662,447.583090
80,0.6722689075630253,hurry,50,10.340497,517.024863
80,0.6722689075630253,hurt,50,8.434343,421.717157
80,0.6722689075630253,i,50,10.428500,521.425014
80,0.6722689075630253,ice,50,8.158856,407.942806
80,0.6722689075630253,if,50,6.708988,335.449391
80,0.6722689075630253,inside,50,8.513729,425.686466
80,0.6722689075630253,into,50,8.077959,403.897956
80,0.6722689075630253,is,50,4.007704,200.385218
80,0.6722689075630253,it,50,3.795023,189.751153
80,0.6722689075630253,jacket,50,10.581558,529.077918
80,0.6722689075630253,jar,50,10.302437,515.121833
80,0.6722689075630253,jeans,16,12.626733,202.027729
80,0.6722689075630253,jelly,50,10.194116,509.705791
80,0.6722689075630253,juice,50,8.285007,414.250360
80,0.6722689075630253,jump,50,8.943284,447.164197
80,0.6722689075630253,keys,50,9.880522,494.026080
80,0.6722689075630253,kick,50,10.672884,533.644210
80,0.6722689075630253,kiss,50,8.927919,446.395944
80,0.6722689075630253,kitchen,50,8.580737,429.036872
80,0.6722689075630253,kitty,50,8.590663,429.533153
80,0.6722689075630253,knee,50,9.737656,486.882821
80,0.6722689075630253,knife,50,9.965618,498.280876
80,0.6722689075630253,knock,50,9.802900,490.145003
80,0.6722689075630253,ladder,50,10.308616,515.430815
80,0.6722689075630253,lady,50,8.396589,419.829456
80,0.6722689075630253,lamb,50,10.405411,520.270562
80,0.6722689075630253,lamp,50,11.437232,571.861595
80,0.6722689075630253,last,50,8.444446,422.222322
80,0.6722689075630253,later,50,8.649514,432.475687
80,0.6722689075630253,lawn,37,11.943338,441.903508
80,0.6722689075630253,leg,50,10.094911,504.745555
80,0.6722689075630253,lick,50,10.595343,529.767158
80,0.6722689075630253,light,50,9.010482,450.524118
80,0.6722689075630253,like,50,4.657888,232.894417
80,0.6722689075630253,lion,50,9.567979,478.398929
80,0.6722689075630253,lips,50,11.142204,557.110190
80,0.6722689075630253,listen,50,9.050862,452.543095
80,0.6722689075630253,little,50,5.600158,280.007896
80,0.6722689075630253,living,50,9.474859,473.742936
80,0.6722689075630253,lollipop,50,10.392747,519.637374
80,0.6722689075630253,long,50,7.898831,394.941560
80,0.6722689075630253,look,50,5.347273,267.363658
80,0.6722689075630253,loud,50,9.926618,496.330908
80,0.6722689075630253,love,50,8.176846,408.842293
80,0.6722689075630253,lunch,50,8.428702,421.435095
80,0.6722689075630253,mad,50,10.813653,540.682664
80,0.6722689075630253,make,50,6.235929,311.796468
80,0.6722689075630253,man,50,7.753310,387.665496
80,0.6722689075630253,me,50,5.521236,276.061793
80,0.6722689075630253,meat,50,9.675699,483.784938
80,0.6722689075630253,medicine,50,10.699189,534.959440
80,0.6722689075630253,milk,50,8.592500,429.624980
80,0.6722689075630253,mine,50,8.129273,406.463647
80,0.6722689075630253,mommy,50,8.163049,408.152434
80,0.6722689075630253,money,50,8.598899,429.944942
80,0.6722689075630253,monkey,50,8.632951,431.647547
80,0.6722689075630253,moo,50,9.418720,470.936021
80,0.6722689075630253,moon,50,9.043617,452.180840
80,0.6722689075630253,moose,32,12.688474,406.031180
80,0.6722689075630253,mop,40,12.174758,486.990328
80,0.6722689075630253,more,50,7.058536,352.926819
80,0.6722689075630253,morning,50,8.579527,428.976343
80,0.6722689075630253,motorcycle,50,11.233970,561.698524
80,0.6722689075630253,mouse,50,9.565301,478.265075
80,0.6722689075630253,mouth,50,8.037919,401.895947
80,0.6722689075630253,movie,50,10.567528,528.376412
80,0.6722689075630253,much,50,8.161693,408.084627
80,0.6722689075630253,muffin,50,10.956621,547.831056
80,0.6722689075630253,my,50,6.039927,301.996366
80,0.6722689075630253,myself,50,10.221167,511.058370
80,0.6722689075630253,nail,50,10.416434,520.821689
80,0.6722689075630253,nap,50,10.514192,525.709621
80,0.6722689075630253,napkin,50,10.456075,522.803773
80,0.6722689075630253,naughty,50,8.958588,447.929416
80,0.6722689075630253,necklace,50,10.967430,548.371515
80,0.6722689075630253,need,50,7.618869,380.943436
80,0.6722689075630253,new,50,8.085706,404.285280
80,0.6722689075630253,next,50,8.151306,407.565292
80,0.6722689075630253,nice,50,7.177919,358.895942
80,0.6722689075630253,night,50,8.120675,406.033744
80,0.6722689075630253,no,50,4.047113,202.355668
80,0.6722689075630253,noisy,50,9.469444,473.472185
80,0.6722689075630253,none,50,9.942627,497.131342
80,0.6722689075630253,noodles,50,12.414750,620.737516
80,0.6722689075630253,nose,50,8.430961,421.548028
80,0.6722689075630253,not,50,5.598273,279.913650
80,0.6722689075630253,now,50,6.165775,308.288758
80,0.6722689075630253,nurse,50,10.450930,522.546506
80,0.6722689075630253,nuts,50,10.949053,547.452663
80,0.6722689075630253,of,50,5.177809,258.890447
80,0.6722689075630253,off,50,7.038530,351.926492
80,0.6722689075630253,old,50,9.295257,464.762857
80,0.6722689075630253,on,50,4.062501,203.125041
80,0.6722689075630253,open,50,7.326158,366.307893
80,0.6722689075630253,orange,50,8.304371,415.218567
80,0.6722689075630253,other,50,6.312711,315.635526
80,0.6722689075630253,ouch,50,10.674147,533.707326
80,0.6722689075630253,our,50,8.257934,412.896722
80,0.6722689075630253,out,50,6.242090,312.104508
80,0.6722689075630253,outside,50,8.332648,416.632419
80,0.6722689075630253,oven,50,9.569010,478.450486
80,0.6722689075630253,over,50,6.922427,346.121354
80,0.6722689075630253,owl,50,9.123506,456.175300
80,0.6722689075630253,paint,50,10.231607,511.580359
80,0.6722689075630253,pajamas,50,10.044816,502.240822
80,0.6722689075630253,pancake,46,9.815225,451.500370
80,0.6722689075630253,pants,50,9.552370,477.618477
80,0.6722689075630253,paper,50,8.290458,414.522909
80,0.6722689075630253,park,50,8.017196,400.859778
80,0.6722689075630253,party,50,8.672198,433.609922
80,0.6722689075630253,peanut,50,10.023297,501.164839
80,0.6722689075630253,peas,50,8.701835,435.091759
80,0.6722689075630253,pen,50,8.900324,445.016225
80,0.6722689075630253,pencil,50,10.905392,545.269613
80,0.6722689075630253,penguin,50,9.348567,467.428370
80,0.6722689075630253,penis,18,12.733490,229.202824
80,0.6722689075630253,penny,50,10.360593,518.029654
80,0.6722689075630253,people,50,7.894990,394.749489
80,0.6722689075630253,person,50,9.983079,499.153930
80,0.6722689075630253,pick,50,8.150793,407.539669
80,0.6722689075630253,pickle,50,10.714224,535.711216
80,0.6722689075630253,picnic,50,9.987125,499.356271
80,0.6722689075630253,picture,50,8.146373,407.318639
80,0.6722689075630253,pig,50,9.267424,463.371191
80,0.6722689075630253,pillow,50,10.262738,513.136875
80,0.6722689075630253,pizza,50,8.769259,438.462955
80,0.6722689075630253,plant,50,10.321547,516.077327
80,0.6722689075630253,plate,50,8.687902,434.395105
80,0.6722689075630253,play,50,6.126837,306.341853
80,0.6722689075630253,playground,22,11.292209,248.428601
80,0.6722689075630253,please,50,7.776354,388.817713
80,0.6722689075630253,police,50,10.163829,508.191465
80,0.6722689075630253,pony,50,11.020568,551.028411
80,0.6722689075630253,pool,50,10.294302,514.715114
80,0.6722689075630253,poor,50,8.814751,440.737533
80,0.6722689075630253,popcorn,50,11.172682,558.634076
80,0.6722689075630253,popsicle,31,11.237723,348.369407
80,0.6722689075630253,porch,31,11.819471,366.403596
80,0.6722689075630253,potato,50,11.034642,551.732080
80,0.6722689075630253,pour,50,9.470630,473.531501
80,0.6722689075630253,present,50,9.901419,495.070966
80,0.6722689075630253,pretend,50,8.943818,447.190889
80,0.6722689075630253,pretty,50,8.146315,407.315729
80,0.6722689075630253,pretzel,50,11.410020,570.500984
80,0.6722689075630253,pudding,50,13.693747,684.687333
80,0.6722689075630253,pull,50,8.320574,416.028707
80,0.6722689075630253,pumpkin,50,10.130161,506.508026
80,0.6722689075630253,puppy,50,10.919121,545.956058
80,0.6722689075630253,purse,50,10.059557,502.977860
80,0.6722689075630253,push,50,8.633664,431.683203
80,0.6722689075630253,put,50,5.346749,267.337437
80,0.6722689075630253,puzzle,50,9.701586,485.079320
80,0.6722689075630253,quack,50,10.084545,504.227239
80,0.6722689075630253,quiet,50,9.688332,484.416622
80,0.6722689075630253,radio,50,11.726155,586.307730
80,0.6722689075630253,rain,50,8.817847,440.892328
80,0.6722689075630253,raisin,43,13.486007,579.898292
80,0.6722689075630253,read,50,7.049799,352.489967
80,0.6722689075630253,red,50,7.322855,366.142745
80,0.6722689075630253,refrigerator,50,10.010759,500.537971
80,0.6722689075630253,ride,50,9.698855,484.942767
80,0.6722689075630253,rip,50,12.179636,608.981791
80,0.6722689075630253,rock,50,9.583669,479.183429
80,0.6722689075630253,rocking,50,9.666642,483.332103
80,0.6722689075630253,roof,50,10.229464,511.473194
80,0.6722689075630253,room,50,8.499639,424.981974
80,0.6722689075630253,rooster,50,10.647053,532.352659
80,0.6722689075630253,run,50,8.794838,439.741920
80,0.6722689075630253,sad,50,8.878502,443.925102
80,0.6722689075630253,salt,50,10.808202,540.410118
80,0.6722689075630253,same,50,7.686172,384.308579
80,0.6722689075630253,sandwich,50,8.839170,441.958477
80,0.6722689075630253,sauce,50,11.975927,598.796370
80,0.6722689075630253,say,50,6.939347,346.967339
80,0.6722689075630253,scared,50,9.688660,484.433011
80,0.6722689075630253,scarf,50,13.212723,660.636151
80,0.6722689075630253,school,50,8.792653,439.632674
80,0.6722689075630253,scissors,50,11.656133,582.806644
80,0.6722689075630253,see,50,4.742304,237.115183
80,0.6722689075630253,shake,50,10.898905,544.945242
80,0.6722689075630253,share,50,9.178397,458.919861
80,0.6722689075630253,she,50,5.626276,281.313813
80,0.6722689075630253,sheep,50,8.851192,442.559621
80,0.6722689075630253,shh,50,9.860703,493.035130
80,0.6722689075630253,shirt,50,8.988934,449.446712
80,0.6722689075630253,shoe,50,9.355098,467.754916
80,0.6722689075630253,shopping,50,9.622462,481.123096
80,0.6722689075630253,shorts,50,10.740112,537.005591
80,0.6722689075630253,shoulder,50,10.492231,524.611532
80,0.6722689075630253,shovel,50,11.079806,553.990313
80,0.6722689075630253,show,50,7.094928,354.746402
80,0.6722689075630253,shower,50,10.796968,539.848376
80,0.6722689075630253,sick,50,10.107794,505.389713
80,0.6722689075630253,sidewalk,19,9.966025,189.354479
80,0.6722689075630253,sing,50,8.335619,416.780948
80,0.6722689075630253,sink,50,10.232249,511.612427
80,0.6722689075630253,sister,50,9.057964,452.898202
80,0.6722689075630253,sit,50,7.394713,369.735666
80,0.6722689075630253,skate,13,10.854455,141.107919
80,0.6722689075630253,sky,50,8.931165,446.558252
80,0.6722689075630253,sled,22,11.948848,262.874652
80,0.6722689075630253,sleep,50,7.899905,394.995265
80,0.6722689075630253,sleepy,50,10.242624,512.131209
80,0.6722689075630253,slide,50,9.485301,474.265059
80,0.6722689075630253,slipper,50,11.048866,552.443278
80,0.6722689075630253,slow,50,11.054948,552.747416
80,0.6722689075630253,smile,50,9.983359,499.167956
80,0.6722689075630253,snack,50,10.655572,532.778588
80,0.6722689075630253,snow,50,9.683240,484.162009
80,0.6722689075630253,so,50,6.330097,316.504834
80,0.6722689075630253,soap,50,10.684892,534.244576
80,0.6722689075630253,sock,50,13.310348,665.517418
80,0.6722689075630253,soda,50,10.840555,542.027764
80,0.6722689075630253,sofa,50,10.834399,541.719959
80,0.6722689075630253,soft,50,8.930234,446.511689
80,0.6722689075630253,some,50,5.724982,286.249099
80,0.6722689075630253,soup,50,10.419887,520.994338
80,0.6722689075630253,spill,50,10.159641,507.982056
80,0.6722689075630253,splash,50,10.466726,523.336312
80,0.6722689075630253,spoon,50,8.606017,430.300872
80,0.6722689075630253,sprinkler,13,12.853170,167.091209
80,0.6722689075630253,squirrel,50,10.712092,535.604578
80,0.6722689075630253,stairs,50,10.172406,508.620314
80,0.6722689075630253,stand,50,8.543117,427.155839
80,0.6722689075630253,star,50,9.525940,476.296991
80,0.6722689075630253,stay,50,8.342293,417.114671
80,0.6722689075630253,stick,50,8.966557,448.327871
80,0.6722689075630253,sticky,50,9.158703,457.935168
80,0.6722689075630253,stone,50,11.088186,554.409297
80,0.6722689075630253,stop,50,8.380574,419.028695
80,0.6722689075630253,store,50,8.644301,432.215034
80,0.6722689075630253,story,50,8.286223,414.311157
80,0.6722689075630253,stove,50,11.012326,550.616285
80,0.6722689075630253,strawberry,50,9.486650,474.332501
80,0.6722689075630253,street,50,10.648814,532.440676
80,0.6722689075630253,stroller,50,12.357357,617.867846
80,0.6722689075630253,stuck,50,8.643009,432.150445
80,0.6722689075630253,sun,50,8.704083,435.204142
80,0.6722689075630253,sweater,50,10.529771,526.488526
80,0.6722689075630253,sweep,50,11.381576,569.078804
80,0.6722689075630253,swim,50,8.957951,447.897552
80,0.6722689075630253,swing,50,9.377036,468.851818
80,0.6722689075630253,table,50,8.717553,435.877635
80,0.6722689075630253,take,50,6.547920,327.395987
80,0.6722689075630253,talk,50,8.564403,428.220150
80,0.6722689075630253,tape,50,8.999205,449.960253
80,0.6722689075630253,taste,50,10.168734,508.436722
80,0.6722689075630253,teacher,50,8.851956,442.597815
80,0.6722689075630253,tear,50,10.208834,510.441713
80,0.6722689075630253,telephone,50,9.852076,492.603779
80,0.6722689075630253,thank,50,7.129649,356.482475
80,0.6722689075630253,that,50,4.010689,200.534465
80,0.6722689075630253,the,50,3.789720,189.486020
80,0.6722689075630253,their,50,8.189587,409.479365
80,0.6722689075630253,them,50,5.714969,285.748453
80,0.6722689075630253,then,50,6.151706,307.585278
80,0.6722689075630253,there,50,4.473583,223.679142
80,0.6722689075630253,these,50,6.290365,314.518242
80,0.6722689075630253,they,50,5.336344,266.817199
80,0.6722689075630253,think,50,4.795483,239.774164
80,0.6722689075630253,thirsty,50,10.694002,534.700107
80,0.6722689075630253,this,50,4.793152,239.657587
80,0.6722689075630253,those,50,6.754083,337.704150
80,0.6722689075630253,throw,50,8.646523,432.326155
80,0.6722689075630253,tickle,50,10.242783,512.139128
80,0.6722689075630253,tiger,50,9.228441,461.422055
80,0.6722689075630253,time,50,7.759695,387.984753
80,0.6722689075630253,tiny,50,8.992177,449.608864
80,0.6722689075630253,tired,50,8.542534,427.126718
80,0.6722689075630253,tissue,50,10.795521,539.776051
80,0.6722689075630253,to,50,4.328416,216.420778
80,0.6722689075630253,toast,50,9.732549,486.627456
80,0.6722689075630253,today,50,7.829392,391.469599
80,0.6722689075630253,tomorrow,50,9.343230,467.161503
80,0.6722689075630253,tongue,50,9.172958,458.647877
80,0.6722689075630253,tonight,50,10.180098,509.004896
80,0.6722689075630253,too,50,6.991106,349.555308
80,0.6722689075630253,tooth,50,9.618579,480.928946
80,0.6722689075630253,toothbrush,50,11.543883,577.194149
80,0.6722689075630253,touch,50,8.573642,428.682097
80,0.6722689075630253,towel,50,9.995008,499.750378
80,0.6722689075630253,tractor,50,8.864077,443.203856
80,0.6722689075630253,train,50,7.455187,372.759354
80,0.6722689075630253,trash,50,10.270702,513.535104
80,0.6722689075630253,tray,50,10.271111,513.555566
80,0.6722689075630253,tree,50,8.113322,405.666111
80,0.6722689075630253,truck,50,8.499498,424.974883
80,0.6722689075630253,try,50,7.998650,399.932476
80,0.6722689075630253,tummy,50,8.255663,412.783160
80,0.6722689075630253,tuna,50,11.322332,566.116616
80,0.6722689075630253,turkey,50,9.853629,492.681465
80,0.6722689075630253,turn,50,7.616373,380.818635
80,0.6722689075630253,turtle,50,9.822679,491.133947
80,0.6722689075630253,tv,50,10.735679,536.783968
80,0.6722689075630253,uh,50,6.701172,335.058614
80,0.6722689075630253,uncle,50,13.559931,677.996550
80,0.6722689075630253,under,50,8.438025,421.901273
80,0.6722689075630253,up,50,6.092801,304.640051
80,0.6722689075630253,us,50,7.838837,391.941844
80,0.6722689075630253,vacuum,50,10.409877,520.493831
80,0.6722689075630253,vanilla,50,11.629702,581.485112
80,0.6722689075630253,wait,50,8.029329,401.466432
80,0.6722689075630253,wake,50,8.987038,449.351885
80,0.6722689075630253,walk,50,8.447720,422.386013
80,0.6722689075630253,walker,12,13.000131,156.001572
80,0.6722689075630253,wanna,50,4.672551,233.627526
80,0.6722689075630253,was,50,5.296451,264.822536
80,0.6722689075630253,wash,50,9.290693,464.534626
80,0.6722689075630253,washing,50,9.193832,459.691588
80,0.6722689075630253,watch,50,8.317263,415.863154
80,0.6722689075630253,water,50,7.551572,377.578591
80,0.6722689075630253,we,50,5.084643,254.232151
80,0.6722689075630253,were,50,6.817864,340.893210
80,0.6722689075630253,wet,50,9.127690,456.384503
80,0.6722689075630253,what,50,4.204990,210.249492
80,0.6722689075630253,when,50,6.702991,335.149541
80,0.6722689075630253,where,50,5.248713,262.435675
80,0.6722689075630253,which,50,7.802067,390.103328
80,0.6722689075630253,white,50,8.303919,415.195969
80,0.6722689075630253,who,50,5.831246,291.562316
80,0.6722689075630253,why,50,6.313873,315.693650
80,0.6722689075630253,will,50,7.300204,365.010215
80,0.6722689075630253,wind,50,9.722446,486.122323
80,0.6722689075630253,window,50,8.853014,442.650717
80,0.6722689075630253,windy,50,10.069690,503.484481
80,0.6722689075630253,wipe,50,9.571035,478.551757
80,0.6722689075630253,wish,50,9.782552,489.127604
80,0.6722689075630253,with,50,5.092742,254.637120
80,0.6722689075630253,wolf,50,10.981459,549.072962
80,0.6722689075630253,woods,48,11.668655,560.095440
80,0.6722689075630253,woof,50,10.210155,510.507747
80,0.6722689075630253,work,50,7.772995,388.649764
80,0.6722689075630253,would,50,7.113352,355.667611
80,0.6722689075630253,write,50,9.981324,499.066210
80,0.6722689075630253,yard,50,10.602606,530.130301
80,0.6722689075630253,yellow,50,8.028653,401.432628
80,0.6722689075630253,yes,50,4.461874,223.093724
80,0.6722689075630253,yesterday,50,8.677704,433.885218
80,0.6722689075630253,yogurt,50,10.265274,513.263702
80,0.6722689075630253,you,50,2.645391,132.269561
80,0.6722689075630253,your,50,5.410075,270.503730
80,0.6722689075630253,yourself,50,8.756801,437.840034
80,0.6722689075630253,yum,50,9.718041,485.902034
80,0.6722689075630253,zebra,50,9.652622,482.631095
80,0.6722689075630253,zipper,40,11.267765,450.710619
80,0.6722689075630253,zoo,50,8.778167,438.908367
107,0.8991596638655462,a,50,3.688015,184.400750
107,0.8991596638655462,about,50,6.620914,331.045713
107,0.8991596638655462,above,50,10.860712,543.035615
107,0.8991596638655462,after,50,8.037736,401.886805
107,0.8991596638655462,airplane,50,9.159042,457.952076
107,0.8991596638655462,all,50,6.049375,302.468749
107,0.8991596638655462,alligator,50,9.548622,477.431098
107,0.8991596638655462,am,50,8.542274,427.113723
107,0.8991596638655462,and,50,3.735601,186.780048
107,0.8991596638655462,animal,50,9.684035,484.201751
107,0.8991596638655462,ankle,5,12.229656,61.148281
107,0.8991596638655462,another,50,7.230720,361.536018
107,0.8991596638655462,any,50,7.551783,377.589139
107,0.8991596638655462,apple,50,8.179480,408.974010
107,0.8991596638655462,are,50,4.779255,238.962731
107,0.8991596638655462,arm,50,9.883393,494.169641
107,0.8991596638655462,around,50,8.108584,405.429188
107,0.8991596638655462,asleep,50,10.338057,516.902874
107,0.8991596638655462,at,50,5.420143,271.007157
107,0.8991596638655462,aunt,42,10.824422,454.625736
107,0.8991596638655462,awake,50,10.846471,542.323545
107,0.8991596638655462,away,50,7.386298,369.314912
107,0.8991596638655462,baby,50,6.362728,318.136408
107,0.8991596638655462,babysitter,11,12.943028,142.373305
107,0.8991596638655462,back,50,6.516937,325.846828
107,0.8991596638655462,backyard,19,12.869518,244.520843
107,0.8991596638655462,bad,50,9.043962,452.198116
107,0.8991596638655462,ball,50,7.393802,369.690085
107,0.8991596638655462,balloon,50,9.239484,461.974211
107,0.8991596638655462,banana,50,9.218303,460.915167
107,0.8991596638655462,basement,26,12.092157,314.396081
107,0.8991596638655462,basket,50,8.861799,443.089933
107,0.8991596638655462,bat,50,11.645088,582.254419
107,0.8991596638655462,bath,50,8.175943,408.797152
107,0.8991596638655462,bathroom,50,11.282704,564.135194
107,0.8991596638655462,bathtub,31,11.288043,349.929321
107,0.8991596638655462,be,50,6.153707,307.685361
107,0.8991596638655462,beach,50,8.732601,436.630033
107,0.8991596638655462,beads,50,11.092080,554.603991
107,0.8991596638655462,beans,50,11.831518,591.575911
107,0.8991596638655462,bear,50,8.943878,447.193891
107,0.8991596638655462,because,50,6.536282,326.814114
107,0.8991596638655462,bed,50,7.863416,393.170798
107,0.8991596638655462,bedroom,50,9.170435,458.521759
107,0.8991596638655462,bee,50,8.990175,449.508770
107,0.8991596638655462,before,50,8.003953,400.197649
107,0.8991596638655462,behind,50,8.787299,439.364929
107,0.8991596638655462,belly,50,9.092643,454.632164
107,0.8991596638655462,belt,50,11.272157,563.607846
107,0.8991596638655462,bench,50,11.553583,577.679151
107,0.8991596638655462,beside,50,10.877184,543.859189
107,0.8991596638655462,better,50,7.590064,379.503223
107,0.8991596638655462,bib,50,10.857633,542.881646
107,0.8991596638655462,bicycle,50,9.751653,487.582655
107,0.8991596638655462,big,50,6.107675,305.383736
107,0.8991596638655462,bird,50,8.658584,432.929195
107,0.8991596638655462,bite,50,8.715832,435.791584
107,0.8991596638655462,black,50,8.788786,439.439293
107,0.8991596638655462,blanket,50,8.905386,445.269299
107,0.8991596638655462,block,50,10.115781,505.789026
107,0.8991596638655462,blow,50,9.549327,477.466338
107,0.8991596638655462,blue,50,7.174155,358.707743
107,0.8991596638655462,boat,50,8.464006,423.200301
107,0.8991596638655462,book,50,6.183197,309.159858
107,0.8991596638655462,boots,50,10.440156,522.007786
107,0.8991596638655462,bottle,50,8.518427,425.921341
107,0.8991596638655462,bowl,50,8.365980,418.299005
107,0.8991596638655462,box,50,7.961923,398.096151
107,0.8991596638655462,boy,50,7.864714,393.235692
107,0.8991596638655462,bread,50,8.396899,419.844954
107,0.8991596638655462,break,50,8.512604,425.630183
107,0.8991596638655462,breakfast,50,9.454300,472.714982
107,0.8991596638655462,bring,50,8.212985,410.649269
107,0.8991596638655462,broken,50,8.597176,429.858807
107,0.8991596638655462,broom,50,10.634365,531.718237
107,0.8991596638655462,brother,50,9.743409,487.170429
107,0.8991596638655462,brown,50,9.700230,485.011503
107,0.8991596638655462,brush,50,9.020816,451.040809
107,0.8991596638655462,bubbles,50,10.740170,537.008519
107,0.8991596638655462,bucket,50,9.631174,481.558718
107,0.8991596638655462,bug,50,8.936950,446.847480
107,0.8991596638655462,build,50,8.664539,433.226948
107,0.8991596638655462,bump,50,10.089111,504.455562
107,0.8991596638655462,bunny,50,8.720829,436.041450
107,0.8991596638655462,bus,50,9.053910,452.695508
107,0.8991596638655462,but,50,6.109304,305.465213
107,0.8991596638655462,butter,50,9.954647,497.732326
107,0.8991596638655462,butterfly,50,8.615890,430.794505
107,0.8991596638655462,button,50,9.308763,465.438165
107,0.8991596638655462,buy,50,8.784653,439.232650
107,0.8991596638655462,by,50,8.163118,408.155897
107,0.8991596638655462,bye,50,8.252194,412.609723
107,0.8991596638655462,cake,50,8.853440,442.672002
107,0.8991596638655462,call,50,8.641480,432.074022
107,0.8991596638655462,camera,50,10.499118,524.955921
107,0.8991596638655462,camping,31,13.061125,404.894876
107,0.8991596638655462,can,50,4.324697,216.234870
107,0.8991596638655462,candy,50,9.655231,482.761533
107,0.8991596638655462,car,50,6.591496,329.574785
107,0.8991596638655462,careful,50,8.338749,416.937449
107,0.8991596638655462,carrots,50,9.781260,489.062981
107,0.8991596638655462,carry,50,9.135137,456.756859
107,0.8991596638655462,cat,50,8.421147,421.057327
107,0.8991596638655462,catch,50,9.306644,465.332221
107,0.8991596638655462,cereal,50,9.954169,497.708447
107,0.8991596638655462,chair,50,8.022891,401.144551
107,0.8991596638655462,chalk,40,10.879659,435.186362
107,0.8991596638655462,chase,49,10.686023,523.615137
107,0.8991596638655462,cheek,35,11.147278,390.154729
107,0.8991596638655462,cheese,50,8.762662,438.133086
107,0.8991596638655462,chicken,50,8.893676,444.683798
107,0.8991596638655462,child,50,10.324760,516.237977
107,0.8991596638655462,chin,50,10.873712,543.685609
107,0.8991596638655462,chocolate,50,9.486869,474.343463
107,0.8991596638655462,choo,50,9.138573,456.928646
107,0.8991596638655462,church,50,9.800657,490.032845
107,0.8991596638655462,circus,50,11.373664,568.683202
107,0.8991596638655462,clap,50,11.375016,568.750804
107,0.8991596638655462,clean,50,8.664898,433.244918
107,0.8991596638655462,climb,50,10.120281,506.014047
107,0.8991596638655462,clock,50,8.869763,443.488157
107,0.8991596638655462,close,50,9.148660,457.432981
107,0.8991596638655462,closet,50,11.226906,561.345299
107,0.8991596638655462,cloud,50,12.603279,630.163957
107,0.8991596638655462,clown,50,10.288393,514.419660
107,0.8991596638655462,coat,50,9.220729,461.036463
107,0.8991596638655462,coffee,50,8.770755,438.537763
107,0.8991596638655462,coke,50,11.305784,565.289184
107,0.8991596638655462,cold,50,8.623771,431.188547
107,0.8991596638655462,comb,50,9.734330,486.716514
107,0.8991596638655462,cook,50,8.759353,437.967659
107,0.8991596638655462,cookie,50,9.823832,491.191601
107,0.8991596638655462,corn,50,9.417895,470.894750
107,0.8991596638655462,couch,50,9.687679,484.383971
107,0.8991596638655462,could,50,7.309965,365.498230
107,0.8991596638655462,country,50,10.397834,519.891708
107,0.8991596638655462,cover,50,9.265156,463.257814
107,0.8991596638655462,cow,50,8.436220,421.811012
107,0.8991596638655462,cowboy,50,10.776747,538.837343
107,0.8991596638655462,cracker,50,9.761039,488.051933
107,0.8991596638655462,crayon,50,10.880834,544.041713
107,0.8991596638655462,crib,50,10.771425,538.571240
107,0.8991596638655462,cry,50,8.959624,447.981177
107,0.8991596638655462,cup,50,8.580644,429.032213
107,0.8991596638655462,cut,50,8.324959,416.247936
107,0.8991596638655462,cute,50,10.214318,510.715881
107,0.8991596638655462,daddy,50,8.503771,425.188537
107,0.8991596638655462,dance,50,10.351263,517.563144
107,0.8991596638655462,dark,50,8.646244,432.312194
107,0.8991596638655462,day,50,8.082412,404.120620
107,0.8991596638655462,deer,50,11.029993,551.499638
107,0.8991596638655462,diaper,50,9.627985,481.399270
107,0.8991596638655462,did,50,5.619196,280.959799
107,0.8991596638655462,dinner,50,9.044673,452.233659
107,0.8991596638655462,dirty,50,8.863346,443.167287
107,0.8991596638655462,dish,50,10.062015,503.100733
107,0.8991596638655462,do,50,4.458053,222.902634
107,0.8991596638655462,doctor,50,9.664626,483.231321
107,0.8991596638655462,does,50,6.420937,321.046854
107,0.8991596638655462,dog,50,6.946515,347.325738
107,0.8991596638655462,doll,50,8.764334,438.216686
107,0.8991596638655462,donkey,50,10.422715,521.135732
107,0.8991596638655462,donut,41,13.027946,534.145774
107,0.8991596638655462,door,50,7.711543,385.577169
107,0.8991596638655462,down,50,6.015085,300.754252
107,0.8991596638655462,downtown,8,12.026917,96.215339
107,0.8991596638655462,draw,50,7.901880,395.093994
107,0.8991596638655462,drawer,50,9.537612,476.880597
107,0.8991596638655462,dress,50,9.055228,452.761415
107,0.8991596638655462,drink,50,8.034599,401.729973
107,0.8991596638655462,drive,50,8.996071,449.803543
107,0.8991596638655462,drop,50,9.429393,471.469664
107,0.8991596638655462,dry,50,9.950502,497.525123
107,0.8991596638655462,dryer,20,11.213390,224.267809
107,0.8991596638655462,duck,50,8.981184,449.059192
107,0.8991596638655462,dump,50,10.048836,502.441786
107,0.8991596638655462,each,50,9.164847,458.242335
107,0.8991596638655462,ear,50,9.510330,475.516518
107,0.8991596638655462,eat,50,6.429906,321.495313
107,0.8991596638655462,egg,50,8.849206,442.460289
107,0.8991596638655462,elephant,50,8.829832,441.491576
107,0.8991596638655462,empty,50,10.045126,502.256283
107,0.8991596638655462,every,50,10.193997,509.699860
107,0.8991596638655462,eye,50,9.158293,457.914657
107,0.8991596638655462,face,50,8.440206,422.010316
107,0.8991596638655462,fall,50,8.174100,408.704978
107,0.8991596638655462,farm,50,9.197656,459.882776
107,0.8991596638655462,fast,50,9.312769,465.638468
107,0.8991596638655462,feed,50,9.097338,454.866914
107,0.8991596638655462,find,50,7.569039,378.451941
107,0.8991596638655462,fine,50,9.763254,488.162683
107,0.8991596638655462,finger,50,9.355914,467.795721
107,0.8991596638655462,finish,50,9.292174,464.608698
107,0.8991596638655462,first,50,7.851885,392.594243
107,0.8991596638655462,fish,50,7.900804,395.040199
107,0.8991596638655462,fit,50,8.428217,421.410861
107,0.8991596638655462,fix,50,8.758409,437.920441
107,0.8991596638655462,flag,50,13.025661,651.283040
107,0.8991596638655462,flower,50,9.101086,455.054317
107,0.8991596638655462,food,50,7.646886,382.344282
107,0.8991596638655462,foot,50,8.427133,421.356646
107,0.8991596638655462,for,50,5.437198,271.859888
107,0.8991596638655462,fork,50,9.057038,452.851896
107,0.8991596638655462,french,50,11.218913,560.945642
107,0.8991596638655462,friend,50,8.821254,441.062696
107,0.8991596638655462,frog,50,8.994652,449.732606
107,0.8991596638655462,full,50,9.552301,477.615053
107,0.8991596638655462,game,50,8.634068,431.703411
107,0.8991596638655462,garage,50,9.316237,465.811872
107,0.8991596638655462,garbage,50,9.664630,483.231508
107,0.8991596638655462,garden,50,8.434969,421.748473
107,0.8991596638655462,gas,50,11.050319,552.515961
107,0.8991596638655462,gentle,50,10.589024,529.451197
107,0.8991596638655462,get,50,5.136245,256.812254
107,0.8991596638655462,giraffe,50,9.352266,467.613287
107,0.8991596638655462,girl,50,7.176188,358.809388
107,0.8991596638655462,give,50,7.010023,350.501140
107,0.8991596638655462,glass,50,9.658493,482.924664
107,0.8991596638655462,glasses,50,9.989523,499.476164
107,0.8991596638655462,gloves,50,11.700678,585.033881
107,0.8991596638655462,glue,50,10.225166,511.258304
107,0.8991596638655462,go,50,4.713650,235.682509
107,0.8991596638655462,good,50,6.223509,311.175429
107,0.8991596638655462,goose,50,10.858568,542.928414
107,0.8991596638655462,grandma,50,10.061643,503.082161
107,0.8991596638655462,grandpa,45,11.000992,495.044648
107,0.8991596638655462,grapes,50,10.215397,510.769847
107,0.8991596638655462,grass,50,8.453442,422.672099
107,0.8991596638655462,green,50,7.515663,375.783137
107,0.8991596638655462,gum,50,10.558141,527.907028
107,0.8991596638655462,hair,50,7.546164,377.308184
107,0.8991596638655462,hamburger,50,9.845452,492.272622
107,0.8991596638655462,hammer,50,9.414055,470.702743
107,0.8991596638655462,hand,50,7.728588,386.429420
107,0.8991596638655462,happy,50,9.325533,466.276652
107,0.8991596638655462,hard,50,7.982710,399.135494
107,0.8991596638655462,hat,50,7.153030,357.651503
107,0.8991596638655462,hate,50,11.256255,562.812732
107,0.8991596638655462,have,50,4.401421,220.071029
107,0.8991596638655462,he,50,6.002699,300.134964
107,0.8991596638655462,head,50,7.563462,378.173092
107,0.8991596638655462,hear,50,7.574784,378.739217
107,0.8991596638655462,heavy,50,9.243292,462.164583
107,0.8991596638655462,helicopter,50,9.537503,476.875129
107,0.8991596638655462,hello,50,7.504876,375.243818
107,0.8991596638655462,help,50,7.819670,390.983486
107,0.8991596638655462,her,50,5.895211,294.760558
107,0.8991596638655462,here,50,5.166738,258.336897
107,0.8991596638655462,hi,50,8.589490,429.474487
107,0.8991596638655462,hide,50,10.087142,504.357124
107,0.8991596638655462,high,50,9.739202,486.960102
107,0.8991596638655462,him,50,6.207262,310.363097
107,0.8991596638655462,his,50,6.535518,326.775915
107,0.8991596638655462,hit,50,8.560984,428.049190
107,0.8991596638655462,hold,50,8.060359,403.017955
107,0.8991596638655462,home,50,7.600723,380.036139
107,0.8991596638655462,horse,50,8.153154,407.657709
107,0.8991596638655462,hose,50,13.563886,678.194288
107,0.8991596638655462,hot,50,7.839623,391.981151
107,0.8991596638655462,house,50,7.303104,365.155176
107,0.8991596638655462,how,50,6.089330,304.466510
107,0.8991596638655462,hug,50,9.510160,475.508010
107,0.8991596638655462,hungry,50,8.633103,431.655132
107,0.8991596638655462,hurry,50,10.452074,522.603699
107,0.8991596638655462,hurt,50,7.736642,386.832106
107,0.8991596638655462,i,50,10.557797,527.889844
107,0.8991596638655462,ice,50,8.220461,411.023042
107,0.8991596638655462,if,50,6.519705,325.985248
107,0.8991596638655462,inside,50,7.854578,392.728913
107,0.8991596638655462,into,50,7.961623,398.081131
107,0.8991596638655462,is,50,4.309143,215.457131
107,0.8991596638655462,it,50,4.043778,202.188908
107,0.8991596638655462,jacket,50,9.596818,479.840912
107,0.8991596638655462,jar,50,10.642816,532.140790
107,0.8991596638655462,jeans,16,12.826293,205.220680
107,0.8991596638655462,jelly,50,10.222470,511.123519
107,0.8991596638655462,juice,50,8.481861,424.093059
107,0.8991596638655462,jump,50,9.192307,459.615359
107,0.8991596638655462,keys,50,10.097329,504.866468
107,0.8991596638655462,kick,50,10.387577,519.378834
107,0.8991596638655462,kiss,50,8.784191,439.209545
107,0.8991596638655462,kitchen,50,8.625804,431.290218
107,0.8991596638655462,kitty,50,8.654354,432.717676
107,0.8991596638655462,knee,50,9.314661,465.733046
107,0.8991596638655462,knife,50,9.663991,483.199538
107,0.8991596638655462,knock,50,9.403713,470.185629
107,0.8991596638655462,ladder,50,10.163774,508.188725
107,0.8991596638655462,lady,50,8.477568,423.878382
107,0.8991596638655462,lamb,50,9.859482,492.974106
107,0.8991596638655462,lamp,50,11.730906,586.545319
107,0.8991596638655462,last,50,8.523852,426.192616
107,0.8991596638655462,later,50,9.337008,466.850412
107,0.8991596638655462,lawn,37,11.809165,436.939110
107,0.8991596638655462,leg,50,9.514767,475.738341
107,0.8991596638655462,lick,50,10.662778,533.138896
107,0.8991596638655462,light,50,8.999810,449.990481
107,0.8991596638655462,like,50,5.008408,250.420396
107,0.8991596638655462,lion,50,9.306683,465.334167
107,0.8991596638655462,lips,50,10.703967,535.198357
107,0.8991596638655462,listen,50,8.744269,437.213457
107,0.8991596638655462,little,50,5.414230,270.711511
107,0.8991596638655462,living,50,9.913445,495.672235
107,0.8991596638655462,lollipop,50,9.784647,489.232352
107,0.8991596638655462,long,50,8.301346,415.067281
107,0.8991596638655462,look,50,5.586068,279.303380
107,0.8991596638655462,loud,50,9.618564,480.928178
107,0.8991596638655462,love,50,7.995943,399.797157
107,0.8991596638655462,lunch,50,8.726675,436.333767
107,0.8991596638655462,mad,50,11.193233,559.661629
107,0.8991596638655462,make,50,6.222699,311.134959
107,0.8991596638655462,man,50,7.441219,372.060950
107,0.8991596638655462,me,50,4.778094,238.904710
107,0.8991596638655462,meat,50,9.918832,495.941607
107,0.8991596638655462,medicine,50,10.112352,505.617609
107,0.8991596638655462,milk,50,7.684711,384.235548
107,0.8991596638655462,mine,50,7.374384,368.719202
107,0.8991596638655462,mommy,50,8.106337,405.316856
107,0.8991596638655462,money,50,9.080575,454.028729
107,0.8991596638655462,monkey,50,8.367873,418.393643
107,0.8991596638655462,moo,50,9.568239,478.411935
107,0.8991596638655462,moon,50,8.628919,431.445969
107,0.8991596638655462,moose,32,12.507185,400.229914
107,0.8991596638655462,mop,40,12.188390,487.535585
107,0.8991596638655462,more,50,6.518085,325.904250
107,0.8991596638655462,morning,50,8.843059,442.152958
107,0.8991596638655462,motorcycle,50,10.642710,532.135522
107,0.8991596638655462,mouse,50,9.110973,455.548646
107,0.8991596638655462,mouth,50,7.276750,363.837506
107,0.8991596638655462,movie,50,10.066046,503.302297
107,0.8991596638655462,much,50,7.699155,384.957775
107,0.8991596638655462,muffin,50,11.072525,553.626266
107,0.8991596638655462,my,50,5.606769,280.338443
107,0.8991596638655462,myself,50,9.734068,486.703385
107,0.8991596638655462,nail,50,10.445486,522.274321
107,0.8991596638655462,nap,50,10.099554,504.977715
107,0.8991596638655462,napkin,50,10.593917,529.695850
107,0.8991596638655462,naughty,50,9.110373,455.518648
107,0.8991596638655462,necklace,50,11.050730,552.536495
107,0.8991596638655462,need,50,6.964302,348.215075
107,0.8991596638655462,new,50,8.021022,401.051078
107,0.8991596638655462,next,50,8.130214,406.510681
107,0.8991596638655462,nice,50,6.793152,339.657593
107,0.8991596638655462,night,50,8.223544,411.177223
107,0.8991596638655462,no,50,4.235794,211.789702
107,0.8991596638655462,noisy,50,9.986879,499.343941
107,0.8991596638655462,none,50,10.267539,513.376959
107,0.8991596638655462,noodles,50,12.238158,611.907895
107,0.8991596638655462,nose,50,7.806292,390.314609
107,0.8991596638655462,not,50,5.403738,270.186893
107,0.8991596638655462,now,50,5.674829,283.741469
107,0.8991596638655462,nurse,50,10.409925,520.496261
107,0.8991596638655462,nuts,50,10.721199,536.059970
107,0.8991596638655462,of,50,4.806432,240.321617
107,0.8991596638655462,off,50,6.365928,318.296381
107,0.8991596638655462,old,50,9.286904,464.345179
107,0.8991596638655462,on,50,4.457690,222.884488
107,0.8991596638655462,open,50,7.907031,395.351559
107,0.8991596638655462,orange,50,8.675177,433.758857
107,0.8991596638655462,other,50,6.088207,304.410340
107,0.8991596638655462,ouch,50,10.331236,516.561802
107,0.8991596638655462,our,50,7.881045,394.052271
107,0.8991596638655462,out,50,5.674454,283.722720
107,0.8991596638655462,outside,50,8.583211,429.160562
107,0.8991596638655462,oven,50,9.456111,472.805566
107,0.8991596638655462,over,50,6.532106,326.605320
107,0.8991596638655462,owl,50,9.049751,452.487536
107,0.8991596638655462,paint,50,10.221718,511.085907
107,0.8991596638655462,pajamas,50,9.510587,475.529372
107,0.8991596638655462,pancake,46,9.428477,433.709949
107,0.8991596638655462,pants,50,8.632388,431.619391
107,0.8991596638655462,paper,50,7.658046,382.902297
107,0.8991596638655462,park,50,7.806986,390.349277
107,0.8991596638655462,party,50,9.000698,450.034880
107,0.8991596638655462,peanut,50,9.672055,483.602732
107,0.8991596638655462,peas,50,8.494004,424.700213
107,0.8991596638655462,pen,50,8.596789,429.839446
107,0.8991596638655462,pencil,50,9.550809,477.540454
107,0.8991596638655462,penguin,50,9.182853,459.142638
107,0.8991596638655462,penis,18,12.936056,232.849006
107,0.8991596638655462,penny,50,9.296666,464.833284
107,0.8991596638655462,people,50,8.385338,419.266902
107,0.8991596638655462,person,50,10.275867,513.793354
107,0.8991596638655462,pick,50,8.062886,403.144280
107,0.8991596638655462,pickle,50,10.838196,541.909811
107,0.8991596638655462,picnic,50,9.945709,497.285471
107,0.8991596638655462,picture,50,7.303439,365.171941
107,0.8991596638655462,pig,50,8.766558,438.327903
107,0.8991596638655462,pillow,50,9.940616,497.030791
107,0.8991596638655462,pizza,50,8.636675,431.833751
107,0.8991596638655462,plant,50,10.448026,522.401289
107,0.8991596638655462,plate,50,8.474403,423.720125
107,0.8991596638655462,play,50,6.369146,318.457316
107,0.8991596638655462,playground,22,11.010697,242.235344
107,0.8991596638655462,please,50,7.297072,364.853577
107,0.8991596638655462,police,50,9.937932,496.896618
107,0.8991596638655462,pony,50,10.903884,545.194221
107,0.8991596638655462,pool,50,9.668687,483.434364
107,0.8991596638655462,poor,50,8.851829,442.591469
107,0.8991596638655462,popcorn,50,10.544548,527.227393
107,0.8991596638655462,popsicle,31,11.431900,354.388896
107,0.8991596638655462,porch,31,12.075050,374.326558
107,0.8991596638655462,potato,50,11.057439,552.871950
107,0.8991596638655462,pour,50,9.707789,485.389443
107,0.8991596638655462,present,50,9.650479,482.523943
107,0.8991596638655462,pretend,50,8.557871,427.893569
107,0.8991596638655462,pretty,50,8.393570,419.678491
107,0.8991596638655462,pretzel,50,11.082449,554.122428
107,0.8991596638655462,pudding,50,13.462767,673.138371
107,0.8991596638655462,pull,50,8.287956,414.397792
107,0.8991596638655462,pumpkin,50,9.755181,487.759064
107,0.8991596638655462,puppy,50,10.373396,518.669819
107,0.8991596638655462,purse,50,9.937473,496.873650
107,0.8991596638655462,push,50,8.057338,402.866917
107,0.8991596638655462,put,50,5.647973,282.398659
107,0.8991596638655462,puzzle,50,9.180352,459.017623
107,0.8991596638655462,quack,50,9.711208,485.560403
107,0.8991596638655462,quiet,50,9.940947,497.047327
107,0.8991596638655462,radio,50,10.546273,527.313648
107,0.8991596638655462,rain,50,8.610510,430.525521
107,0.8991596638655462,raisin,43,13.915649,598.372922
107,0.8991596638655462,read,50,6.956435,347.821743
107,0.8991596638655462,red,50,7.136192,356.809597
107,0.8991596638655462,refrigerator,50,10.209015,510.450761
107,0.8991596638655462,ride,50,8.947434,447.371697
107,0.8991596638655462,rip,50,11.219537,560.976857
107,0.8991596638655462,rock,50,9.152114,457.605681
107,0.8991596638655462,rocking,50,9.660938,483.046911
107,0.8991596638655462,roof,50,9.892472,494.623620
107,0.8991596638655462,room,50,8.574777,428.738860
107,0.8991596638655462,rooster,50,10.574527,528.726347
107,0.8991596638655462,run,50,8.947739,447.386932
107,0.8991596638655462,sad,50,8.985666,449.283309
107,0.8991596638655462,salt,50,10.365082,518.254082
107,0.8991596638655462,same,50,8.072368,403.618404
107,0.8991596638655462,sandwich,50,8.712732,435.636593
107,0.8991596638655462,sauce,50,11.371152,568.557594
107,0.8991596638655462,say,50,7.336174,366.808690
107,0.8991596638655462,scared,50,9.218935,460.946731
107,0.8991596638655462,scarf,50,12.493258,624.662879
107,0.8991596638655462,school,50,8.406899,420.344972
107,0.8991596638655462,scissors,50,10.782164,539.108203
107,0.8991596638655462,see,50,5.213643,260.682174
107,0.8991596638655462,shake,50,10.718367,535.918360
107,0.8991596638655462,share,50,9.275258,463.762890
107,0.8991596638655462,she,50,6.096756,304.837777
107,0.8991596638655462,sheep,50,8.574276,428.713805
107,0.8991596638655462,shh,50,9.982276,499.113778
107,0.8991596638655462,shirt,50,8.627499,431.374930
107,0.8991596638655462,shoe,50,8.645911,432.295530
107,0.8991596638655462,shopping,50,9.833780,491.688990
107,0.8991596638655462,shorts,50,10.691261,534.563047
107,0.8991596638655462,shoulder,50,10.247043,512.352140
107,0.8991596638655462,shovel,50,10.446391,522.319536
107,0.8991596638655462,show,50,7.648392,382.419594
107,0.8991596638655462,shower,50,10.892111,544.605556
107,0.8991596638655462,sick,50,9.798560,489.927983
107,0.8991596638655462,sidewalk,19,10.301578,195.729989
107,0.8991596638655462,sing,50,8.660199,433.009943
107,0.8991596638655462,sink,50,9.394322,469.716123
107,0.8991596638655462,sister,50,9.077838,453.891893
107,0.8991596638655462,sit,50,6.848072,342.403584
107,0.8991596638655462,skate,13,11.727425,152.456520
107,0.8991596638655462,sky,50,8.804653,440.232657
107,0.8991596638655462,sled,22,11.466161,252.255538
107,0.8991596638655462,sleep,50,7.492599,374.629946
107,0.8991596638655462,sleepy,50,10.369688,518.484418
107,0.8991596638655462,slide,50,9.307770,465.388481
107,0.8991596638655462,slipper,50,10.491218,524.560912
107,0.8991596638655462,slow,50,10.658377,532.918832
107,0.8991596638655462,smile,50,10.358986,517.949306
107,0.8991596638655462,snack,50,10.957454,547.872705
107,0.8991596638655462,snow,50,9.463474,473.173718
107,0.8991596638655462,so,50,6.036055,301.802768
107,0.8991596638655462,soap,50,10.653635,532.681735
107,0.8991596638655462,sock,50,12.440416,622.020776
107,0.8991596638655462,soda,50,11.297469,564.873457
107,0.8991596638655462,sofa,50,10.207949,510.397436
107,0.8991596638655462,soft,50,9.451954,472.597725
107,0.8991596638655462,some,50,5.675331,283.766541
107,0.8991596638655462,soup,50,10.000640,500.031993
107,0.8991596638655462,spill,50,10.481309,524.065464
107,0.8991596638655462,splash,50,10.509185,525.459264
107,0.8991596638655462,spoon,50,8.216575,410.828726
107,0.8991596638655462,sprinkler,13,12.973270,168.652510
107,0.8991596638655462,squirrel,50,10.187926,509.396299
107,0.8991596638655462,stairs,50,9.371917,468.595862
107,0.8991596638655462,stand,50,8.424092,421.204604
107,0.8991596638655462,star,50,9.315385,465.769248
107,0.8991596638655462,stay,50,8.079120,403.955978
107,0.8991596638655462,stick,50,8.419086,420.954277
107,0.8991596638655462,sticky,50,9.781224,489.061212
107,0.8991596638655462,stone,50,11.334837,566.741834
107,0.8991596638655462,stop,50,8.054099,402.704934
107,0.8991596638655462,store,50,8.115504,405.775181
107,0.8991596638655462,story,50,7.685031,384.251564
107,0.8991596638655462,stove,50,10.231661,511.583069
107,0.8991596638655462,strawberry,50,9.747078,487.353922
107,0.8991596638655462,street,50,10.696008,534.800403
107,0.8991596638655462,stroller,50,11.893804,594.690206
107,0.8991596638655462,stuck,50,8.626978,431.348924
107,0.8991596638655462,sun,50,8.950877,447.543856
107,0.8991596638655462,sweater,50,10.774143,538.707161
107,0.8991596638655462,sweep,50,12.129185,606.459255
107,0.8991596638655462,swim,50,9.042918,452.145885
107,0.8991596638655462,swing,50,9.227118,461.355897
107,0.8991596638655462,table,50,8.119212,405.960614
107,0.8991596638655462,take,50,6.455217,322.760832
107,0.8991596638655462,talk,50,8.210843,410.542171
107,0.8991596638655462,tape,50,8.260744,413.037224
107,0.8991596638655462,taste,50,9.478374,473.918694
107,0.8991596638655462,teacher,50,9.156366,457.818287
107,0.8991596638655462,tear,50,10.163546,508.177322
107,0.8991596638655462,telephone,50,9.263372,463.168588
107,0.8991596638655462,thank,50,6.576831,328.841526
107,0.8991596638655462,that,50,4.142128,207.106418
107,0.8991596638655462,the,50,3.872943,193.647174
107,0.8991596638655462,their,50,8.227442,411.372084
107,0.8991596638655462,them,50,5.294577,264.728843
107,0.8991596638655462,then,50,4.807850,240.392477
107,0.8991596638655462,there,50,4.672468,233.623419
107,0.8991596638655462,these,50,6.301250,315.062490
107,0.8991596638655462,they,50,5.093942,254.697089
107,0.8991596638655462,think,50,4.669258,233.462891
107,0.8991596638655462,thirsty,50,10.220410,511.020479
107,0.8991596638655462,this,50,4.969192,248.459620
107,0.8991596638655462,those,50,6.700286,335.014305
107,0.8991596638655462,throw,50,8.464821,423.241046
107,0.8991596638655462,tickle,50,10.438427,521.921364
107,0.8991596638655462,tiger,50,9.229972,461.498578
107,0.8991596638655462,time,50,7.742873,387.143666
107,0.8991596638655462,tiny,50,9.420719,471.035961
107,0.8991596638655462,tired,50,8.212108,410.605423
107,0.8991596638655462,tissue,50,10.315338,515.766877
107,0.8991596638655462,to,50,4.149373,207.468650
107,0.8991596638655462,toast,50,9.364210,468.210511
107,0.8991596638655462,today,50,7.774574,388.728723
107,0.8991596638655462,tomorrow,50,9.528675,476.433728
107,0.8991596638655462,tongue,50,8.978404,448.920219
107,0.8991596638655462,tonight,50,10.302137,515.106857
107,0.8991596638655462,too,50,6.615728,330.786389
107,0.8991596638655462,tooth,50,10.212334,510.616689
107,0.8991596638655462,toothbrush,50,11.973545,598.677232
107,0.8991596638655462,touch,50,8.498145,424.907257
107,0.8991596638655462,towel,50,9.981906,499.095304
107,0.8991596638655462,tractor,50,8.741067,437.053349
107,0.8991596638655462,train,50,7.627526,381.376323
107,0.8991596638655462,trash,50,10.261762,513.088115
107,0.8991596638655462,tray,50,10.441912,522.095595
107,0.8991596638655462,tree,50,8.450935,422.546755
107,0.8991596638655462,truck,50,8.087713,404.385673
107,0.8991596638655462,try,50,7.412267,370.613338
107,0.8991596638655462,tummy,50,8.870286,443.514282
107,0.8991596638655462,tuna,50,11.046934,552.346690
107,0.8991596638655462,turkey,50,9.982371,499.118555
107,0.8991596638655462,turn,50,7.580327,379.016356
107,0.8991596638655462,turtle,50,9.388019,469.400926
107,0.8991596638655462,tv,50,10.226668,511.333377
107,0.8991596638655462,uh,50,5.635066,281.753317
107,0.8991596638655462,uncle,50,13.200016,660.000800
107,0.8991596638655462,under,50,8.379532,418.976623
107,0.8991596638655462,up,50,5.555778,277.788915
107,0.8991596638655462,us,50,8.247962,412.398122
107,0.8991596638655462,vacuum,50,10.410647,520.532347
107,0.8991596638655462,vanilla,50,11.979020,598.950996
107,0.8991596638655462,wait,50,8.100930,405.046489
107,0.8991596638655462,wake,50,8.793403,439.670127
107,0.8991596638655462,walk,50,8.902648,445.132418
107,0.8991596638655462,walker,12,13.399487,160.793842
107,0.8991596638655462,wanna,50,4.759798,237.989903
107,0.8991596638655462,was,50,5.706037,285.301868
107,0.8991596638655462,wash,50,9.352598,467.629877
107,0.8991596638655462,washing,50,8.976464,448.823185
107,0.8991596638655462,watch,50,7.674769,383.738459
107,0.8991596638655462,water,50,7.520174,376.008692
107,0.8991596638655462,we,50,5.131497,256.574852
107,0.8991596638655462,were,50,6.845494,342.274702
107,0.8991596638655462,wet,50,8.924121,446.206068
107,0.8991596638655462,what,50,4.244930,212.246501
107,0.8991596638655462,when,50,7.043117,352.155852
107,0.8991596638655462,where,50,5.461122,273.056108
107,0.8991596638655462,which,50,7.457274,372.863676
107,0.8991596638655462,white,50,8.141673,407.083672
107,0.8991596638655462,who,50,6.661673,333.083658
107,0.8991596638655462,why,50,5.652198,282.609910
107,0.8991596638655462,will,50,7.412061,370.603075
107,0.8991596638655462,wind,50,9.865780,493.288991
107,0.8991596638655462,window,50,8.534493,426.724664
107,0.8991596638655462,windy,50,10.195152,509.757620
107,0.8991596638655462,wipe,50,9.827161,491.358040
107,0.8991596638655462,wish,50,9.772319,488.615952
107,0.8991596638655462,with,50,5.121255,256.062755
107,0.8991596638655462,wolf,50,10.422152,521.107612
107,0.8991596638655462,woods,48,12.046096,578.212620
107,0.8991596638655462,woof,50,10.705850,535.292523
107,0.8991596638655462,work,50,7.711725,385.586240
107,0.8991596638655462,would,50,7.168428,358.421394
107,0.8991596638655462,write,50,8.695006,434.750305
107,0.8991596638655462,yard,50,10.202386,510.119294
107,0.8991596638655462,yellow,50,7.980780,399.038995
107,0.8991596638655462,yes,50,4.936352,246.817608
107,0.8991596638655462,yesterday,50,8.635837,431.791835
107,0.8991596638655462,yogurt,50,10.156359,507.817942
107,0.8991596638655462,you,50,2.866131,143.306536
107,0.8991596638655462,your,50,4.619400,230.969986
107,0.8991596638655462,yourself,50,8.160829,408.041451
107,0.8991596638655462,yum,50,9.631314,481.565677
107,0.8991596638655462,zebra,50,9.577120,478.855978
107,0.8991596638655462,zipper,40,11.262770,450.510790
107,0.8991596638655462,zoo,50,8.147746,407.387311
143,1.2016806722689075,a,50,3.387383,169.369172
143,1.2016806722689075,about,50,6.753119,337.655940
143,1.2016806722689075,above,50,11.063135,553.156747
143,1.2016806722689075,after,50,8.181091,409.054539
143,1.2016806722689075,airplane,50,8.906253,445.312657
143,1.2016806722689075,all,50,6.023696,301.184822
143,1.2016806722689075,alligator,50,9.251631,462.581571
143,1.2016806722689075,am,50,7.653160,382.657999
143,1.2016806722689075,and,50,4.274592,213.729590
143,1.2016806722689075,animal,50,9.036165,451.808251
143,1.2016806722689075,ankle,5,12.251842,61.259208
143,1.2016806722689075,another,50,6.673081,333.654065
143,1.2016806722689075,any,50,7.285936,364.296795
143,1.2016806722689075,apple,50,8.184344,409.217204
143,1.2016806722689075,are,50,4.522293,226.114656
143,1.2016806722689075,arm,50,9.740639,487.031925
143,1.2016806722689075,around,50,8.132865,406.643252
143,1.2016806722689075,asleep,50,10.140530,507.026491
143,1.2016806722689075,at,50,5.393415,269.670774
143,1.2016806722689075,aunt,42,11.376400,477.808813
143,1.2016806722689075,awake,50,10.680367,534.018363
143,1.2016806722689075,away,50,6.979983,348.999174
143,1.2016806722689075,baby,50,5.927440,296.372003
143,1.2016806722689075,babysitter,11,13.142912,144.572032
143,1.2016806722689075,back,50,6.710135,335.506750
143,1.2016806722689075,backyard,19,12.881960,244.757237
143,1.2016806722689075,bad,50,9.048256,452.412794
143,1.2016806722689075,ball,50,6.393582,319.679125
143,1.2016806722689075,balloon,50,8.316569,415.828464
143,1.2016806722689075,banana,50,9.706880,485.343975
143,1.2016806722689075,basement,26,11.493230,298.823971
143,1.2016806722689075,basket,50,8.278004,413.900188
143,1.2016806722689075,bat,50,10.908541,545.427074
143,1.2016806722689075,bath,50,7.896793,394.839630
143,1.2016806722689075,bathroom,50,11.290353,564.517642
143,1.2016806722689075,bathtub,31,11.012618,341.391149
143,1.2016806722689075,be,50,5.111529,255.576461
143,1.2016806722689075,beach,50,8.353157,417.657842
143,1.2016806722689075,beads,50,11.564422,578.221076
143,1.2016806722689075,beans,50,11.009984,550.499194
143,1.2016806722689075,bear,50,8.286616,414.330808
143,1.2016806722689075,because,50,6.426469,321.323441
143,1.2016806722689075,bed,50,7.491402,374.570104
143,1.2016806722689075,bedroom,50,9.118404,455.920196
143,1.2016806722689075,bee,50,8.933925,446.696261
143,1.2016806722689075,before,50,8.258981,412.949074
143,1.2016806722689075,behind,50,9.160696,458.034820
143,1.2016806722689075,belly,50,8.298829,414.941426
143,1.2016806722689075,belt,50,11.016590,550.829505
143,1.2016806722689075,bench,50,11.314864,565.743204
143,1.2016806722689075,beside,50,10.587879,529.393949
143,1.2016806722689075,better,50,7.780915,389.045749
143,1.2016806722689075,bib,50,10.555188,527.759378
143,1.2016806722689075,bicycle,50,9.586766,479.338323
143,1.2016806722689075,big,50,6.157215,307.860759
143,1.2016806722689075,bird,50,8.484064,424.203206
143,1.2016806722689075,bite,50,8.193647,409.682326
143,1.2016806722689075,black,50,8.431961,421.598030
143,1.2016806722689075,blanket,50,8.791177,439.558867
143,1.2016806722689075,block,50,10.148011,507.400573
143,1.2016806722689075,blow,50,9.790013,489.500657
143,1.2016806722689075,blue,50,7.090448,354.522395
143,1.2016806722689075,boat,50,7.691505,384.575226
143,1.2016806722689075,book,50,5.824369,291.218468
143,1.2016806722689075,boots,50,10.211072,510.553589
143,1.2016806722689075,bottle,50,7.957514,397.875707
143,1.2016806722689075,bowl,50,8.436374,421.818704
143,1.2016806722689075,box,50,6.133645,306.682264
143,1.2016806722689075,boy,50,7.410859,370.542928
143,1.2016806722689075,bread,50,8.700212,435.010588
143,1.2016806722689075,break,50,8.389865,419.493249
143,1.2016806722689075,breakfast,50,8.525972,426.298576
143,1.2016806722689075,bring,50,7.841092,392.054601
143,1.2016806722689075,broken,50,8.909008,445.450418
143,1.2016806722689075,broom,50,10.727797,536.389830
143,1.2016806722689075,brother,50,9.919340,495.966986
143,1.2016806722689075,brown,50,9.938273,496.913663
143,1.2016806722689075,brush,50,9.340377,467.018867
143,1.2016806722689075,bubbles,50,10.564861,528.243062
143,1.2016806722689075,bucket,50,9.385465,469.273249
143,1.2016806722689075,bug,50,8.355775,417.788758
143,1.2016806722689075,build,50,8.642887,432.144331
143,1.2016806722689075,bump,50,9.309457,465.472857
143,1.2016806722689075,bunny,50,8.557599,427.879950
143,1.2016806722689075,bus,50,8.542131,427.106566
143,1.2016806722689075,but,50,6.232830,311.641499
143,1.2016806722689075,butter,50,9.814045,490.702261
143,1.2016806722689075,butterfly,50,8.743422,437.171091
143,1.2016806722689075,button,50,9.114514,455.725702
143,1.2016806722689075,buy,50,8.536911,426.845573
143,1.2016806722689075,by,50,8.214193,410.709647
143,1.2016806722689075,bye,50,8.422769,421.138465
143,1.2016806722689075,cake,50,8.366151,418.307560
143,1.2016806722689075,call,50,8.701277,435.063872
143,1.2016806722689075,camera,50,9.844825,492.241274
143,1.2016806722689075,camping,31,12.747122,395.160777
143,1.2016806722689075,can,50,4.627668,231.383396
143,1.2016806722689075,candy,50,9.430036,471.501778
143,1.2016806722689075,car,50,6.731377,336.568850
143,1.2016806722689075,careful,50,8.016578,400.828900
143,1.2016806722689075,carrots,50,9.790990,489.549504
143,1.2016806722689075,carry,50,9.110239,455.511940
143,1.2016806722689075,cat,50,7.669087,383.454352
143,1.2016806722689075,catch,50,9.117486,455.874311
143,1.2016806722689075,cereal,50,9.697143,484.857150
143,1.2016806722689075,chair,50,7.960341,398.017060
143,1.2016806722689075,chalk,40,10.731186,429.247432
143,1.2016806722689075,chase,49,10.102404,495.017799
143,1.2016806722689075,cheek,35,11.012616,385.441543
143,1.2016806722689075,cheese,50,8.161053,408.052672
143,1.2016806722689075,chicken,50,7.867494,393.374704
143,1.2016806722689075,child,50,10.277282,513.864077
143,1.2016806722689075,chin,50,10.876794,543.839677
143,1.2016806722689075,chocolate,50,8.930925,446.546263
143,1.2016806722689075,choo,50,8.774892,438.744585
143,1.2016806722689075,church,50,9.980502,499.025093
143,1.2016806722689075,circus,50,11.273665,563.683254
143,1.2016806722689075,clap,50,11.463322,573.166106
143,1.2016806722689075,clean,50,8.920383,446.019131
143,1.2016806722689075,climb,50,9.790223,489.511159
143,1.2016806722689075,clock,50,8.656953,432.847669
143,1.2016806722689075,close,50,8.526473,426.323671
143,1.2016806722689075,closet,50,10.131866,506.593305
143,1.2016806722689075,cloud,50,12.156228,607.811386
143,1.2016806722689075,clown,50,10.216981,510.849068
143,1.2016806722689075,coat,50,9.498368,474.918417
143,1.2016806722689075,coffee,50,9.113655,455.682738
143,1.2016806722689075,coke,50,10.528800,526.440004
143,1.2016806722689075,cold,50,8.804571,440.228526
143,1.2016806722689075,comb,50,8.833992,441.699600
143,1.2016806722689075,cook,50,8.716229,435.811447
143,1.2016806722689075,cookie,50,9.853543,492.677155
143,1.2016806722689075,corn,50,9.984642,499.232121
143,1.2016806722689075,couch,50,9.672843,483.642171
143,1.2016806722689075,could,50,6.855201,342.760050
143,1.2016806722689075,country,50,10.640417,532.020843
143,1.2016806722689075,cover,50,8.904740,445.236993
143,1.2016806722689075,cow,50,8.358932,417.946582
143,1.2016806722689075,cowboy,50,10.307194,515.359716
143,1.2016806722689075,cracker,50,9.508940,475.446976
143,1.2016806722689075,crayon,50,10.696792,534.839591
143,1.2016806722689075,crib,50,11.069146,553.457294
143,1.2016806722689075,cry,50,8.992616,449.630779
143,1.2016806722689075,cup,50,8.582266,429.113294
143,1.2016806722689075,cut,50,8.698499,434.924949
143,1.2016806722689075,cute,50,9.870942,493.547104
143,1.2016806722689075,daddy,50,7.818107,390.905331
143,1.2016806722689075,dance,50,10.367574,518.378679
143,1.2016806722689075,dark,50,8.801627,440.081342
143,1.2016806722689075,day,50,7.669197,383.459870
143,1.2016806722689075,deer,50,10.592505,529.625275
143,1.2016806722689075,diaper,50,9.312895,465.644767
143,1.2016806722689075,did,50,4.670464,233.523215
143,1.2016806722689075,dinner,50,8.498834,424.941718
143,1.2016806722689075,dirty,50,8.890942,444.547080
143,1.2016806722689075,dish,50,8.883777,444.188838
143,1.2016806722689075,do,50,3.905534,195.276707
143,1.2016806722689075,doctor,50,9.103247,455.162339
143,1.2016806722689075,does,50,5.760383,288.019143
143,1.2016806722689075,dog,50,7.251780,362.589006
143,1.2016806722689075,doll,50,8.801876,440.093809
143,1.2016806722689075,donkey,50,10.046659,502.332973
143,1.2016806722689075,donut,41,13.355300,547.567314
143,1.2016806722689075,door,50,7.015445,350.772260
143,1.2016806722689075,down,50,6.130999,306.549969
143,1.2016806722689075,downtown,8,11.994354,95.954829
143,1.2016806722689075,draw,50,8.333167,416.658343
143,1.2016806722689075,drawer,50,9.003721,450.186069
143,1.2016806722689075,dress,50,8.964186,448.209283
143,1.2016806722689075,drink,50,7.937006,396.850325
143,1.2016806722689075,drive,50,8.972062,448.603099
143,1.2016806722689075,drop,50,9.294908,464.745412
143,1.2016806722689075,dry,50,9.635124,481.756212
143,1.2016806722689075,dryer,20,11.184851,223.697017
143,1.2016806722689075,duck,50,8.017326,400.866321
143,1.2016806722689075,dump,50,10.277700,513.885005
143,1.2016806722689075,each,50,9.136571,456.828562
143,1.2016806722689075,ear,50,9.315504,465.775202
143,1.2016806722689075,eat,50,5.738814,286.940709
143,1.2016806722689075,egg,50,8.684518,434.225898
143,1.2016806722689075,elephant,50,7.930773,396.538636
143,1.2016806722689075,empty,50,9.773702,488.685079
143,1.2016806722689075,every,50,9.753350,487.667521
143,1.2016806722689075,eye,50,9.241649,462.082453
143,1.2016806722689075,face,50,8.160993,408.049659
143,1.2016806722689075,fall,50,7.668838,383.441895
143,1.2016806722689075,farm,50,8.270597,413.529867
143,1.2016806722689075,fast,50,9.128547,456.427363
143,1.2016806722689075,feed,50,8.836095,441.804742
143,1.2016806722689075,find,50,7.090114,354.505716
143,1.2016806722689075,fine,50,9.044080,452.203996
143,1.2016806722689075,finger,50,8.076555,403.827726
143,1.2016806722689075,finish,50,8.085342,404.267094
143,1.2016806722689075,first,50,8.211375,410.568745
143,1.2016806722689075,fish,50,8.028398,401.419893
143,1.2016806722689075,fit,50,8.382545,419.127227
143,1.2016806722689075,fix,50,8.681169,434.058455
143,1.2016806722689075,flag,50,12.317775,615.888764
143,1.2016806722689075,flower,50,8.732909,436.645446
143,1.2016806722689075,food,50,7.352543,367.627159
143,1.2016806722689075,foot,50,8.141661,407.083057
143,1.2016806722689075,for,50,5.654495,282.724737
143,1.2016806722689075,fork,50,9.109026,455.451317
143,1.2016806722689075,french,50,11.197524,559.876213
143,1.2016806722689075,friend,50,8.291705,414.585234
143,1.2016806722689075,frog,50,8.732602,436.630096
143,1.2016806722689075,full,50,9.525728,476.286397
143,1.2016806722689075,game,50,8.863982,443.199078
143,1.2016806722689075,garage,50,8.904325,445.216264
143,1.2016806722689075,garbage,50,9.317698,465.884875
143,1.2016806722689075,garden,50,7.921681,396.084066
143,1.2016806722689075,gas,50,11.076957,553.847856
143,1.2016806722689075,gentle,50,10.409568,520.478390
143,1.2016806722689075,get,50,4.839777,241.988836
143,1.2016806722689075,giraffe,50,10.066981,503.349036
143,1.2016806722689075,girl,50,6.762913,338.145644
143,1.2016806722689075,give,50,6.778580,338.928985
143,1.2016806722689075,glass,50,9.739186,486.959317
143,1.2016806722689075,glasses,50,9.458355,472.917760
143,1.2016806722689075,gloves,50,11.384973,569.248660
143,1.2016806722689075,glue,50,10.118995,505.949746
143,1.2016806722689075,go,50,3.811323,190.566139
143,1.2016806722689075,good,50,5.713633,285.681632
143,1.2016806722689075,goose,50,11.082560,554.127986
143,1.2016806722689075,grandma,50,10.311665,515.583254
143,1.2016806722689075,grandpa,45,11.268585,507.086303
143,1.2016806722689075,grapes,50,10.231888,511.594424
143,1.2016806722689075,grass,50,8.064846,403.242303
143,1.2016806722689075,green,50,7.125865,356.293242
143,1.2016806722689075,gum,50,10.606792,530.339600
143,1.2016806722689075,hair,50,7.282758,364.137895
143,1.2016806722689075,hamburger,50,9.990192,499.509599
143,1.2016806722689075,hammer,50,9.220305,461.015260
143,1.2016806722689075,hand,50,7.173658,358.682911
143,1.2016806722689075,happy,50,9.175756,458.787783
143,1.2016806722689075,hard,50,8.493580,424.678982
143,1.2016806722689075,hat,50,6.955260,347.762993
143,1.2016806722689075,hate,50,11.431951,571.597570
143,1.2016806722689075,have,50,4.490576,224.528815
143,1.2016806722689075,he,50,4.710898,235.544897
143,1.2016806722689075,head,50,7.393345,369.667257
143,1.2016806722689075,hear,50,7.654039,382.701929
143,1.2016806722689075,heavy,50,10.259449,512.972447
143,1.2016806722689075,helicopter,50,9.644377,482.218865
143,1.2016806722689075,hello,50,7.081021,354.051034
143,1.2016806722689075,help,50,7.232872,361.643589
143,1.2016806722689075,her,50,6.332153,316.607669
143,1.2016806722689075,here,50,5.440170,272.008480
143,1.2016806722689075,hi,50,7.949937,397.496837
143,1.2016806722689075,hide,50,9.776169,488.808462
143,1.2016806722689075,high,50,9.089109,454.455436
143,1.2016806722689075,him,50,5.798159,289.907965
143,1.2016806722689075,his,50,6.415107,320.755330
143,1.2016806722689075,hit,50,8.581435,429.071728
143,1.2016806722689075,hold,50,7.669104,383.455205
143,1.2016806722689075,home,50,6.697919,334.895936
143,1.2016806722689075,horse,50,7.926101,396.305041
143,1.2016806722689075,hose,50,12.028591,601.429551
143,1.2016806722689075,hot,50,8.003119,400.155949
143,1.2016806722689075,house,50,7.146312,357.315578
143,1.2016806722689075,how,50,6.163909,308.195441
143,1.2016806722689075,hug,50,8.923483,446.174145
143,1.2016806722689075,hungry,50,8.458662,422.933090
143,1.2016806722689075,hurry,50,10.409958,520.497915
143,1.2016806722689075,hurt,50,8.157416,407.870786
143,1.2016806722689075,i,50,10.102497,505.124854
143,1.2016806722689075,ice,50,7.832702,391.635090
143,1.2016806722689075,if,50,6.655282,332.764125
143,1.2016806722689075,inside,50,8.713279,435.663948
143,1.2016806722689075,into,50,7.403963,370.198157
143,1.2016806722689075,is,50,4.119847,205.992357
143,1.2016806722689075,it,50,4.150204,207.510222
143,1.2016806722689075,jacket,50,9.122010,456.100478
143,1.2016806722689075,jar,50,10.662864,533.143178
143,1.2016806722689075,jeans,16,12.885730,206.171680
143,1.2016806722689075,jelly,50,10.107721,505.386063
143,1.2016806722689075,juice,50,8.161193,408.059663
143,1.2016806722689075,jump,50,9.214440,460.722005
143,1.2016806722689075,keys,50,9.746907,487.345327
143,1.2016806722689075,kick,50,10.398179,519.908936
143,1.2016806722689075,kiss,50,8.561484,428.074218
143,1.2016806722689075,kitchen,50,8.167924,408.396214
143,1.2016806722689075,kitty,50,7.658422,382.921107
143,1.2016806722689075,knee,50,9.457910,472.895520
143,1.2016806722689075,knife,50,9.481091,474.054532
143,1.2016806722689075,knock,50,9.775857,488.792845
143,1.2016806722689075,ladder,50,9.740407,487.020349
143,1.2016806722689075,lady,50,8.285813,414.290666
143,1.2016806722689075,lamb,50,9.075461,453.773045
143,1.2016806722689075,lamp,50,11.658511,582.925564
143,1.2016806722689075,last,50,8.397368,419.868414
143,1.2016806722689075,later,50,8.657600,432.879983
143,1.2016806722689075,lawn,37,11.766160,435.347927
143,1.2016806722689075,leg,50,9.235383,461.769152
143,1.2016806722689075,lick,50,10.791382,539.569104
143,1.2016806722689075,light,50,8.885789,444.289456
143,1.2016806722689075,like,50,4.447286,222.364287
143,1.2016806722689075,lion,50,8.670582,433.529105
143,1.2016806722689075,lips,50,10.976001,548.800037
143,1.2016806722689075,listen,50,9.082945,454.147227
143,1.2016806722689075,little,50,5.530173,276.508640
143,1.2016806722689075,living,50,9.792316,489.615790
143,1.2016806722689075,lollipop,50,9.717322,485.866080
143,1.2016806722689075,long,50,7.810180,390.508982
143,1.2016806722689075,look,50,5.591781,279.589025
143,1.2016806722689075,loud,50,9.466251,473.312526
143,1.2016806722689075,love,50,7.787772,389.388578
143,1.2016806722689075,lunch,50,8.406551,420.327545
143,1.2016806722689075,mad,50,10.847286,542.364287
143,1.2016806722689075,make,50,6.087827,304.391351
143,1.2016806722689075,man,50,7.149188,357.459415
143,1.2016806722689075,me,50,4.789836,239.491820
143,1.2016806722689075,meat,50,10.099874,504.993724
143,1.2016806722689075,medicine,50,9.718212,485.910591
143,1.2016806722689075,milk,50,8.498009,424.900449
143,1.2016806722689075,mine,50,8.063785,403.189244
143,1.2016806722689075,mommy,50,8.468848,423.442380
143,1.2016806722689075,money,50,8.267941,413.397047
143,1.2016806722689075,monkey,50,6.749233,337.461638
143,1.2016806722689075,moo,50,9.735533,486.776667
143,1.2016806722689075,moon,50,8.492615,424.630755
143,1.2016806722689075,moose,32,12.605815,403.386082
143,1.2016806722689075,mop,40,12.734473,509.378903
143,1.2016806722689075,more,50,6.236829,311.841457
143,1.2016806722689075,morning,50,8.261699,413.084944
143,1.2016806722689075,motorcycle,50,10.797509,539.875463
143,1.2016806722689075,mouse,50,9.035038,451.751912
143,1.2016806722689075,mouth,50,7.045191,352.259558
143,1.2016806722689075,movie,50,9.800753,490.037627
143,1.2016806722689075,much,50,7.913914,395.695716
143,1.2016806722689075,muffin,50,10.990411,549.520545
143,1.2016806722689075,my,50,5.935566,296.778317
143,1.2016806722689075,myself,50,9.626234,481.311682
143,1.2016806722689075,nail,50,10.383825,519.191271
143,1.2016806722689075,nap,50,9.769783,488.489170
143,1.2016806722689075,napkin,50,10.283918,514.195881
143,1.2016806722689075,naughty,50,8.517614,425.880687
143,1.2016806722689075,necklace,50,11.261978,563.098914
143,1.2016806722689075,need,50,6.641481,332.074058
143,1.2016806722689075,new,50,7.951688,397.584394
143,1.2016806722689075,next,50,7.942126,397.106285
143,1.2016806722689075,nice,50,6.881857,344.092834
143,1.2016806722689075,night,50,8.557317,427.865861
143,1.2016806722689075,no,50,3.540174,177.008718
143,1.2016806722689075,noisy,50,10.303732,515.186576
143,1.2016806722689075,none,50,10.065648,503.282394
143,1.2016806722689075,noodles,50,11.802315,590.115759
143,1.2016806722689075,nose,50,7.509205,375.460253
143,1.2016806722689075,not,50,4.766450,238.322524
143,1.2016806722689075,now,50,6.171389,308.569467
143,1.2016806722689075,nurse,50,10.415092,520.754587
143,1.2016806722689075,nuts,50,10.512117,525.605843
143,1.2016806722689075,of,50,5.058442,252.922105
143,1.2016806722689075,off,50,6.666429,333.321439
143,1.2016806722689075,old,50,8.745311,437.265554
143,1.2016806722689075,on,50,4.541589,227.079444
143,1.2016806722689075,open,50,7.413498,370.674909
143,1.2016806722689075,orange,50,8.333964,416.698177
143,1.2016806722689075,other,50,6.055630,302.781479
143,1.2016806722689075,ouch,50,9.722072,486.103607
143,1.2016806722689075,our,50,8.543700,427.184978
143,1.2016806722689075,out,50,6.074139,303.706968
143,1.2016806722689075,outside,50,8.505923,425.296158
143,1.2016806722689075,oven,50,9.565831,478.291528
143,1.2016806722689075,over,50,6.901917,345.095842
143,1.2016806722689075,owl,50,8.521439,426.071972
143,1.2016806722689075,paint,50,10.331471,516.573534
143,1.2016806722689075,pajamas,50,10.000984,500.049176
143,1.2016806722689075,pancake,46,9.187756,422.636769
143,1.2016806722689075,pants,50,8.796688,439.834377
143,1.2016806722689075,paper,50,7.476410,373.820519
143,1.2016806722689075,park,50,7.906051,395.302551
143,1.2016806722689075,party,50,9.289902,464.495113
143,1.2016806722689075,peanut,50,10.214897,510.744827
143,1.2016806722689075,peas,50,8.503355,425.167760
143,1.2016806722689075,pen,50,9.190235,459.511727
143,1.2016806722689075,pencil,50,9.613012,480.650582
143,1.2016806722689075,penguin,50,8.993432,449.671600
143,1.2016806722689075,penis,18,13.321202,239.781641
143,1.2016806722689075,penny,50,9.395162,469.758100
143,1.2016806722689075,people,50,7.581660,379.082994
143,1.2016806722689075,person,50,10.151456,507.572810
143,1.2016806722689075,pick,50,8.175693,408.784657
143,1.2016806722689075,pickle,50,10.288136,514.406775
143,1.2016806722689075,picnic,50,9.489441,474.472028
143,1.2016806722689075,picture,50,6.533242,326.662092
143,1.2016806722689075,pig,50,8.717737,435.886861
143,1.2016806722689075,pillow,50,10.064538,503.226895
143,1.2016806722689075,pizza,50,8.759422,437.971085
143,1.2016806722689075,plant,50,10.425690,521.284487
143,1.2016806722689075,plate,50,8.375422,418.771111
143,1.2016806722689075,play,50,5.962013,298.100670
143,1.2016806722689075,playground,22,11.027050,242.595090
143,1.2016806722689075,please,50,6.709348,335.467415
143,1.2016806722689075,police,50,9.701777,485.088834
143,1.2016806722689075,pony,50,10.590341,529.517063
143,1.2016806722689075,pool,50,9.869934,493.496710
143,1.2016806722689075,poor,50,8.886502,444.325099
143,1.2016806722689075,popcorn,50,10.883773,544.188660
143,1.2016806722689075,popsicle,31,11.312443,350.685746
143,1.2016806722689075,porch,31,12.389330,384.069240
143,1.2016806722689075,potato,50,11.203546,560.177323
143,1.2016806722689075,pour,50,9.623953,481.197640
143,1.2016806722689075,present,50,9.641046,482.052314
143,1.2016806722689075,pretend,50,8.715788,435.789422
143,1.2016806722689075,pretty,50,8.202936,410.146808
143,1.2016806722689075,pretzel,50,10.453729,522.686475
143,1.2016806722689075,pudding,50,12.456221,622.811032
143,1.2016806722689075,pull,50,8.202709,410.135457
143,1.2016806722689075,pumpkin,50,9.523530,476.176480
143,1.2016806722689075,puppy,50,9.321587,466.079341
143,1.2016806722689075,purse,50,9.667438,483.371907
143,1.2016806722689075,push,50,8.368771,418.438555
143,1.2016806722689075,put,50,4.784625,239.231248
143,1.2016806722689075,puzzle,50,8.455989,422.799439
143,1.2016806722689075,quack,50,9.443597,472.179857
143,1.2016806722689075,quiet,50,9.371534,468.576693
143,1.2016806722689075,radio,50,10.095914,504.795715
143,1.2016806722689075,rain,50,8.734156,436.707821
143,1.2016806722689075,raisin,43,14.200588,610.625297
143,1.2016806722689075,read,50,6.401862,320.093123
143,1.2016806722689075,red,50,7.366385,368.319249
143,1.2016806722689075,refrigerator,50,10.200110,510.005517
143,1.2016806722689075,ride,50,8.397622,419.881079
143,1.2016806722689075,rip,50,10.673101,533.655062
143,1.2016806722689075,rock,50,8.764797,438.239834
143,1.2016806722689075,rocking,50,9.594976,479.748792
143,1.2016806722689075,roof,50,9.870794,493.539680
143,1.2016806722689075,room,50,7.960948,398.047414
143,1.2016806722689075,rooster,50,10.217191,510.859573
143,1.2016806722689075,run,50,8.909351,445.467566
143,1.2016806722689075,sad,50,9.087801,454.390027
143,1.2016806722689075,salt,50,10.094431,504.721553
143,1.2016806722689075,same,50,7.667631,383.381545
143,1.2016806722689075,sandwich,50,8.713878,435.693887
143,1.2016806722689075,sauce,50,11.433105,571.655258
143,1.2016806722689075,say,50,6.558357,327.917841
143,1.2016806722689075,scared,50,9.138749,456.937462
143,1.2016806722689075,scarf,50,12.421024,621.051190
143,1.2016806722689075,school,50,7.504369,375.218451
143,1.2016806722689075,scissors,50,10.404261,520.213046
143,1.2016806722689075,see,50,4.657869,232.893472
143,1.2016806722689075,shake,50,10.269177,513.458858
143,1.2016806722689075,share,50,9.390928,469.546423
143,1.2016806722689075,she,50,5.958819,297.940955
143,1.2016806722689075,sheep,50,8.360184,418.009187
143,1.2016806722689075,shh,50,9.327144,466.357180
143,1.2016806722689075,shirt,50,8.953063,447.653128
143,1.2016806722689075,shoe,50,8.286088,414.304395
143,1.2016806722689075,shopping,50,10.111457,505.572825
143,1.2016806722689075,shorts,50,10.222725,511.136246
143,1.2016806722689075,shoulder,50,10.738766,536.938325
143,1.2016806722689075,shovel,50,10.599492,529.974600
143,1.2016806722689075,show,50,8.007578,400.378875
143,1.2016806722689075,shower,50,9.636664,481.833196
143,1.2016806722689075,sick,50,9.863064,493.153214
143,1.2016806722689075,sidewalk,19,9.300423,176.708032
143,1.2016806722689075,sing,50,8.153995,407.699766
143,1.2016806722689075,sink,50,9.104355,455.217759
143,1.2016806722689075,sister,50,8.962019,448.100949
143,1.2016806722689075,sit,50,7.087006,354.350302
143,1.2016806722689075,skate,13,12.106786,157.388215
143,1.2016806722689075,sky,50,8.033845,401.692253
143,1.2016806722689075,sled,22,11.439386,251.666486
143,1.2016806722689075,sleep,50,7.479755,373.987759
143,1.2016806722689075,sleepy,50,10.538538,526.926876
143,1.2016806722689075,slide,50,9.168245,458.412264
143,1.2016806722689075,slipper,50,10.239998,511.999897
143,1.2016806722689075,slow,50,10.824298,541.214878
143,1.2016806722689075,smile,50,9.654983,482.749146
143,1.2016806722689075,snack,50,11.138178,556.908911
143,1.2016806722689075,snow,50,9.096643,454.832160
143,1.2016806722689075,so,50,6.073378,303.668915
143,1.2016806722689075,soap,50,10.600941,530.047043
143,1.2016806722689075,sock,50,12.360439,618.021970
143,1.2016806722689075,soda,50,11.101750,555.087492
143,1.2016806722689075,sofa,50,9.383108,469.155408
143,1.2016806722689075,soft,50,9.468426,473.421300
143,1.2016806722689075,some,50,5.356982,267.849107
143,1.2016806722689075,soup,50,8.894710,444.735492
143,1.2016806722689075,spill,50,10.143488,507.174380
143,1.2016806722689075,splash,50,10.258558,512.927876
143,1.2016806722689075,spoon,50,7.665925,383.296250
143,1.2016806722689075,sprinkler,13,13.493869,175.420295
143,1.2016806722689075,squirrel,50,9.334887,466.744358
143,1.2016806722689075,stairs,50,8.673902,433.695076
143,1.2016806722689075,stand,50,8.196240,409.811987
143,1.2016806722689075,star,50,8.951667,447.583362
143,1.2016806722689075,stay,50,8.200271,410.013534
143,1.2016806722689075,stick,50,8.727843,436.392139
143,1.2016806722689075,sticky,50,9.449031,472.451530
143,1.2016806722689075,stone,50,11.386818,569.340879
143,1.2016806722689075,stop,50,8.017329,400.866448
143,1.2016806722689075,store,50,8.762598,438.129885
143,1.2016806722689075,story,50,7.526737,376.336845
143,1.2016806722689075,stove,50,9.305557,465.277825
143,1.2016806722689075,strawberry,50,10.232018,511.600897
143,1.2016806722689075,street,50,10.396484,519.824193
143,1.2016806722689075,stroller,50,11.102615,555.130758
143,1.2016806722689075,stuck,50,8.783806,439.190314
143,1.2016806722689075,sun,50,8.465665,423.283271
143,1.2016806722689075,sweater,50,10.469158,523.457876
143,1.2016806722689075,sweep,50,12.803556,640.177793
143,1.2016806722689075,swim,50,9.257926,462.896304
143,1.2016806722689075,swing,50,9.221847,461.092359
143,1.2016806722689075,table,50,7.125532,356.276608
143,1.2016806722689075,take,50,5.951830,297.591513
143,1.2016806722689075,talk,50,8.095208,404.760400
143,1.2016806722689075,tape,50,8.332906,416.645310
143,1.2016806722689075,taste,50,9.839363,491.968153
143,1.2016806722689075,teacher,50,9.240694,462.034694
143,1.2016806722689075,tear,50,9.873162,493.658105
143,1.2016806722689075,telephone,50,9.303860,465.192986
143,1.2016806722689075,thank,50,5.870629,293.531440
143,1.2016806722689075,that,50,3.946262,197.313093
143,1.2016806722689075,the,50,3.672823,183.641169
143,1.2016806722689075,their,50,7.987566,399.378303
143,1.2016806722689075,them,50,4.939342,246.967086
143,1.2016806722689075,then,50,5.117142,255.857119
143,1.2016806722689075,there,50,4.486482,224.324109
143,1.2016806722689075,these,50,6.073273,303.663630
143,1.2016806722689075,they,50,4.710754,235.537692
143,1.2016806722689075,think,50,4.359980,217.998983
143,1.2016806722689075,thirsty,50,10.108815,505.440750
143,1.2016806722689075,this,50,4.499289,224.964441
143,1.2016806722689075,those,50,6.432582,321.629091
143,1.2016806722689075,throw,50,7.772521,388.626034
143,1.2016806722689075,tickle,50,10.274902,513.745119
143,1.2016806722689075,tiger,50,9.155634,457.781699
143,1.2016806722689075,time,50,7.146249,357.312458
143,1.2016806722689075,tiny,50,9.136417,456.820857
143,1.2016806722689075,tired,50,8.227419,411.370956
143,1.2016806722689075,tissue,50,10.287962,514.398093
143,1.2016806722689075,to,50,4.592776,229.638777
143,1.2016806722689075,toast,50,9.152805,457.640256
143,1.2016806722689075,today,50,8.057677,402.883858
143,1.2016806722689075,tomorrow,50,9.487723,474.386133
143,1.2016806722689075,tongue,50,9.283173,464.158672
143,1.2016806722689075,tonight,50,10.200779,510.038967
143,1.2016806722689075,too,50,6.713849,335.692436
143,1.2016806722689075,tooth,50,10.058881,502.944025
143,1.2016806722689075,toothbrush,50,12.226025,611.301236
143,1.2016806722689075,touch,50,8.044376,402.218801
143,1.2016806722689075,towel,50,9.641720,482.085979
143,1.2016806722689075,tractor,50,8.879571,443.978568
143,1.2016806722689075,train,50,7.603270,380.163503
143,1.2016806722689075,trash,50,9.885233,494.261672
143,1.2016806722689075,tray,50,10.028738,501.436886
143,1.2016806722689075,tree,50,7.792285,389.614257
143,1.2016806722689075,truck,50,8.402454,420.122724
143,1.2016806722689075,try,50,7.689553,384.477666
143,1.2016806722689075,tummy,50,8.443103,422.155169
143,1.2016806722689075,tuna,50,11.317592,565.879621
143,1.2016806722689075,turkey,50,9.980861,499.043033
143,1.2016806722689075,turn,50,7.331727,366.586348
143,1.2016806722689075,turtle,50,9.036546,451.827320
143,1.2016806722689075,tv,50,9.613293,480.664641
143,1.2016806722689075,uh,50,5.863458,293.172890
143,1.2016806722689075,uncle,50,12.740380,637.019010
143,1.2016806722689075,under,50,8.453516,422.675824
143,1.2016806722689075,up,50,4.940955,247.047735
143,1.2016806722689075,us,50,8.245714,412.285719
143,1.2016806722689075,vacuum,50,10.616414,530.820696
143,1.2016806722689075,vanilla,50,11.703145,585.157261
143,1.2016806722689075,wait,50,8.124701,406.235067
143,1.2016806722689075,wake,50,8.828316,441.415798
143,1.2016806722689075,walk,50,8.469910,423.495515
143,1.2016806722689075,walker,12,13.498671,161.984053
143,1.2016806722689075,wanna,50,4.307120,215.355985
143,1.2016806722689075,was,50,4.719310,235.965482
143,1.2016806722689075,wash,50,8.621935,431.096758
143,1.2016806722689075,washing,50,9.067098,453.354889
143,1.2016806722689075,watch,50,7.515376,375.768794
143,1.2016806722689075,water,50,6.487775,324.388746
143,1.2016806722689075,we,50,4.960640,248.031997
143,1.2016806722689075,were,50,6.362990,318.149504
143,1.2016806722689075,wet,50,8.865851,443.292547
143,1.2016806722689075,what,50,3.681254,184.062700
143,1.2016806722689075,when,50,6.780837,339.041872
143,1.2016806722689075,where,50,4.608383,230.419163
143,1.2016806722689075,which,50,7.465206,373.260316
143,1.2016806722689075,white,50,8.175445,408.772259
143,1.2016806722689075,who,50,5.681599,284.079954
143,1.2016806722689075,why,50,5.672645,283.632242
143,1.2016806722689075,will,50,6.476988,323.849377
143,1.2016806722689075,wind,50,9.428733,471.436627
143,1.2016806722689075,window,50,7.541267,377.063336
143,1.2016806722689075,windy,50,10.346458,517.322885
143,1.2016806722689075,wipe,50,10.034053,501.702643
143,1.2016806722689075,wish,50,9.485243,474.262156
143,1.2016806722689075,with,50,5.129233,256.461651
143,1.2016806722689075,wolf,50,9.732902,486.645123
143,1.2016806722689075,woods,48,10.470290,502.573898
143,1.2016806722689075,woof,50,10.654475,532.723734
143,1.2016806722689075,work,50,7.779567,388.978355
143,1.2016806722689075,would,50,6.529324,326.466186
143,1.2016806722689075,write,50,8.910878,445.543890
143,1.2016806722689075,yard,50,10.507362,525.368114
143,1.2016806722689075,yellow,50,7.755814,387.790720
143,1.2016806722689075,yes,50,5.602849,280.142447
143,1.2016806722689075,yesterday,50,9.297477,464.873862
143,1.2016806722689075,yogurt,50,10.245904,512.295190
143,1.2016806722689075,you,50,3.157260,157.863017
143,1.2016806722689075,your,50,4.705476,235.273806
143,1.2016806722689075,yourself,50,8.785326,439.266285
143,1.2016806722689075,yum,50,9.401806,470.090296
143,1.2016806722689075,zebra,50,8.950377,447.518867
143,1.2016806722689075,zipper,40,10.741716,429.668639
143,1.2016806722689075,zoo,50,7.544791,377.239564
192,1.6134453781512605,a,50,3.202350,160.117516
192,1.6134453781512605,about,50,6.180638,309.031920
192,1.6134453781512605,above,50,10.762835,538.141732
192,1.6134453781512605,after,50,7.970448,398.522384
192,1.6134453781512605,airplane,50,9.044042,452.202113
192,1.6134453781512605,all,50,5.706488,285.324391
192,1.6134453781512605,alligator,50,8.885721,444.286045
192,1.6134453781512605,am,50,7.642342,382.117089
192,1.6134453781512605,and,50,4.231504,211.575184
192,1.6134453781512605,animal,50,9.350710,467.535524
192,1.6134453781512605,ankle,5,12.046529,60.232645
192,1.6134453781512605,another,50,6.203495,310.174752
192,1.6134453781512605,any,50,6.934904,346.745194
192,1.6134453781512605,apple,50,8.415240,420.761976
192,1.6134453781512605,are,50,3.845905,192.295238
192,1.6134453781512605,arm,50,9.120948,456.047420
192,1.6134453781512605,around,50,7.532651,376.632547
192,1.6134453781512605,asleep,50,10.165156,508.257800
192,1.6134453781512605,at,50,3.863346,193.167311
192,1.6134453781512605,aunt,42,11.270894,473.377546
192,1.6134453781512605,awake,50,10.612957,530.647852
192,1.6134453781512605,away,50,6.355451,317.772557
192,1.6134453781512605,baby,50,5.699702,284.985116
192,1.6134453781512605,babysitter,11,13.635330,149.988625
192,1.6134453781512605,back,50,6.445666,322.283313
192,1.6134453781512605,backyard,19,13.196027,250.724518
192,1.6134453781512605,bad,50,9.073184,453.659184
192,1.6134453781512605,ball,50,7.142302,357.115112
192,1.6134453781512605,balloon,50,9.139539,456.976938
192,1.6134453781512605,banana,50,9.383931,469.196570
192,1.6134453781512605,basement,26,11.482373,298.541699
192,1.6134453781512605,basket,50,7.900618,395.030921
192,1.6134453781512605,bat,50,10.985752,549.287578
192,1.6134453781512605,bath,50,7.632101,381.605067
192,1.6134453781512605,bathroom,50,10.499813,524.990656
192,1.6134453781512605,bathtub,31,10.930003,338.830097
192,1.6134453781512605,be,50,4.938595,246.929742
192,1.6134453781512605,beach,50,8.112478,405.623916
192,1.6134453781512605,beads,50,10.974142,548.707094
192,1.6134453781512605,beans,50,11.238851,561.942546
192,1.6134453781512605,bear,50,8.289891,414.494553
192,1.6134453781512605,because,50,6.329558,316.477882
192,1.6134453781512605,bed,50,7.822721,391.136069
192,1.6134453781512605,bedroom,50,9.066068,453.303419
192,1.6134453781512605,bee,50,8.916216,445.810777
192,1.6134453781512605,before,50,8.177825,408.891226
192,1.6134453781512605,behind,50,8.825806,441.290299
192,1.6134453781512605,belly,50,8.361624,418.081181
192,1.6134453781512605,belt,50,11.043939,552.196929
192,1.6134453781512605,bench,50,11.262453,563.122626
192,1.6134453781512605,beside,50,10.550174,527.508715
192,1.6134453781512605,better,50,7.596232,379.811577
192,1.6134453781512605,bib,50,10.629013,531.450655
192,1.6134453781512605,bicycle,50,9.291704,464.585220
192,1.6134453781512605,big,50,6.098144,304.907219
192,1.6134453781512605,bird,50,9.246810,462.340520
192,1.6134453781512605,bite,50,8.729000,436.450013
192,1.6134453781512605,black,50,8.365499,418.274952
192,1.6134453781512605,blanket,50,8.482540,424.126993
192,1.6134453781512605,block,50,9.646264,482.313192
192,1.6134453781512605,blow,50,9.705161,485.258059
192,1.6134453781512605,blue,50,6.979503,348.975145
192,1.6134453781512605,boat,50,7.725834,386.291719
192,1.6134453781512605,book,50,6.035206,301.760324
192,1.6134453781512605,boots,50,10.573862,528.693075
192,1.6134453781512605,bottle,50,7.968036,398.401802
192,1.6134453781512605,bowl,50,8.469219,423.460964
192,1.6134453781512605,box,50,6.769891,338.494525
192,1.6134453781512605,boy,50,6.165242,308.262105
192,1.6134453781512605,bread,50,7.912195,395.609742
192,1.6134453781512605,break,50,8.133013,406.650675
192,1.6134453781512605,breakfast,50,8.723766,436.188290
192,1.6134453781512605,bring,50,7.627512,381.375601
192,1.6134453781512605,broken,50,8.334003,416.700160
192,1.6134453781512605,broom,50,10.061974,503.098716
192,1.6134453781512605,brother,50,9.421426,471.071292
192,1.6134453781512605,brown,50,9.622248,481.112382
192,1.6134453781512605,brush,50,8.827275,441.363728
192,1.6134453781512605,bubbles,50,10.233454,511.672691
192,1.6134453781512605,bucket,50,9.323842,466.192101
192,1.6134453781512605,bug,50,8.645067,432.253355
192,1.6134453781512605,build,50,7.776439,388.821964
192,1.6134453781512605,bump,50,9.387115,469.355766
192,1.6134453781512605,bunny,50,7.965528,398.276404
192,1.6134453781512605,bus,50,7.839009,391.950447
192,1.6134453781512605,but,50,6.017957,300.897863
192,1.6134453781512605,butter,50,9.571666,478.583302
192,1.6134453781512605,butterfly,50,8.783960,439.198021
192,1.6134453781512605,button,50,9.340452,467.022598
192,1.6134453781512605,buy,50,7.820473,391.023643
192,1.6134453781512605,by,50,7.964606,398.230301
192,1.6134453781512605,bye,50,7.674682,383.734076
192,1.6134453781512605,cake,50,8.247151,412.357575
192,1.6134453781512605,call,50,7.934656,396.732777
192,1.6134453781512605,camera,50,10.281205,514.060249
192,1.6134453781512605,camping,31,12.243980,379.563377
192,1.6134453781512605,can,50,4.645832,232.291623
192,1.6134453781512605,candy,50,9.247533,462.376660
192,1.6134453781512605,car,50,6.669101,333.455065
192,1.6134453781512605,careful,50,7.832171,391.608563
192,1.6134453781512605,carrots,50,9.791025,489.551230
192,1.6134453781512605,carry,50,8.707289,435.364446
192,1.6134453781512605,cat,50,7.596579,379.828930
192,1.6134453781512605,catch,50,9.291740,464.586979
192,1.6134453781512605,cereal,50,9.783340,489.167024
192,1.6134453781512605,chair,50,8.053009,402.650444
192,1.6134453781512605,chalk,40,10.243055,409.722206
192,1.6134453781512605,chase,49,10.347133,507.009525
192,1.6134453781512605,cheek,35,10.558370,369.542941
192,1.6134453781512605,cheese,50,8.472536,423.626816
192,1.6134453781512605,chicken,50,7.983299,399.164942
192,1.6134453781512605,child,50,9.628609,481.430443
192,1.6134453781512605,chin,50,10.309480,515.474005
192,1.6134453781512605,chocolate,50,8.572737,428.636869
192,1.6134453781512605,choo,50,8.639609,431.980428
192,1.6134453781512605,church,50,9.950080,497.504000
192,1.6134453781512605,circus,50,10.943813,547.190660
192,1.6134453781512605,clap,50,11.410804,570.540220
192,1.6134453781512605,clean,50,8.635372,431.768595
192,1.6134453781512605,climb,50,9.862162,493.108120
192,1.6134453781512605,clock,50,8.355629,417.781463
192,1.6134453781512605,close,50,9.029468,451.473418
192,1.6134453781512605,closet,50,10.558065,527.903262
192,1.6134453781512605,cloud,50,12.177630,608.881518
192,1.6134453781512605,clown,50,9.331741,466.587061
192,1.6134453781512605,coat,50,9.044909,452.245429
192,1.6134453781512605,coffee,50,9.193324,459.666192
192,1.6134453781512605,coke,50,10.547850,527.392489
192,1.6134453781512605,cold,50,8.295206,414.760279
192,1.6134453781512605,comb,50,9.402959,470.147946
192,1.6134453781512605,cook,50,8.515244,425.762220
192,1.6134453781512605,cookie,50,9.512749,475.637443
192,1.6134453781512605,corn,50,9.805825,490.291257
192,1.6134453781512605,couch,50,9.439408,471.970392
192,1.6134453781512605,could,50,6.484350,324.217508
192,1.6134453781512605,country,50,10.064530,503.226478
192,1.6134453781512605,cover,50,9.134010,456.700509
192,1.6134453781512605,cow,50,8.012943,400.647132
192,1.6134453781512605,cowboy,50,10.578213,528.910668
192,1.6134453781512605,cracker,50,9.597187,479.859330
192,1.6134453781512605,crayon,50,10.982029,549.101426
192,1.6134453781512605,crib,50,10.411392,520.569587
192,1.6134453781512605,cry,50,9.328352,466.417581
192,1.6134453781512605,cup,50,8.233729,411.686472
192,1.6134453781512605,cut,50,8.555381,427.769060
192,1.6134453781512605,cute,50,10.084641,504.232069
192,1.6134453781512605,daddy,50,8.139349,406.967450
192,1.6134453781512605,dance,50,9.876585,493.829245
192,1.6134453781512605,dark,50,9.181988,459.099382
192,1.6134453781512605,day,50,7.377032,368.851585
192,1.6134453781512605,deer,50,10.780112,539.005606
192,1.6134453781512605,diaper,50,9.377983,468.899153
192,1.6134453781512605,did,50,4.149191,207.459538
192,1.6134453781512605,dinner,50,8.660387,433.019342
192,1.6134453781512605,dirty,50,9.002077,450.103852
192,1.6134453781512605,dish,50,8.739647,436.982326
192,1.6134453781512605,do,50,4.216270,210.813518
192,1.6134453781512605,doctor,50,9.001271,450.063536
192,1.6134453781512605,does,50,6.154111,307.705558
192,1.6134453781512605,dog,50,7.151534,357.576697
192,1.6134453781512605,doll,50,8.747093,437.354667
192,1.6134453781512605,donkey,50,9.682696,484.134813
192,1.6134453781512605,donut,41,13.831948,567.109876
192,1.6134453781512605,door,50,7.166774,358.338686
192,1.6134453781512605,down,50,6.481866,324.093298
192,1.6134453781512605,downtown,8,11.999439,95.995512
192,1.6134453781512605,draw,50,8.355520,417.776007
192,1.6134453781512605,drawer,50,9.092869,454.643458
192,1.6134453781512605,dress,50,8.551455,427.572737
192,1.6134453781512605,drink,50,7.877910,393.895500
192,1.6134453781512605,drive,50,8.949563,447.478127
192,1.6134453781512605,drop,50,9.435644,471.782197
192,1.6134453781512605,dry,50,9.641076,482.053811
192,1.6134453781512605,dryer,20,10.861267,217.225339
192,1.6134453781512605,duck,50,8.076753,403.837651
192,1.6134453781512605,dump,50,10.306695,515.334753
192,1.6134453781512605,each,50,8.990418,449.520914
192,1.6134453781512605,ear,50,9.326189,466.309473
192,1.6134453781512605,eat,50,5.999557,299.977827
192,1.6134453781512605,egg,50,7.981019,399.050968
192,1.6134453781512605,elephant,50,7.500671,375.033551
192,1.6134453781512605,empty,50,9.618886,480.944307
192,1.6134453781512605,every,50,9.494355,474.717756
192,1.6134453781512605,eye,50,9.036501,451.825069
192,1.6134453781512605,face,50,7.867718,393.385900
192,1.6134453781512605,fall,50,8.219325,410.966268
192,1.6134453781512605,farm,50,8.383523,419.176167
192,1.6134453781512605,fast,50,9.057401,452.870063
192,1.6134453781512605,feed,50,8.677041,433.852040
192,1.6134453781512605,find,50,6.538526,326.926276
192,1.6134453781512605,fine,50,9.225624,461.281218
192,1.6134453781512605,finger,50,8.335976,416.798817
192,1.6134453781512605,finish,50,8.307517,415.375867
192,1.6134453781512605,first,50,7.944123,397.206125
192,1.6134453781512605,fish,50,7.726980,386.349000
192,1.6134453781512605,fit,50,7.965097,398.254829
192,1.6134453781512605,fix,50,8.144668,407.233376
192,1.6134453781512605,flag,50,12.284897,614.244839
192,1.6134453781512605,flower,50,8.957320,447.865994
192,1.6134453781512605,food,50,7.154248,357.712395
192,1.6134453781512605,foot,50,8.096465,404.823233
192,1.6134453781512605,for,50,5.398350,269.917490
192,1.6134453781512605,fork,50,8.647080,432.354010
192,1.6134453781512605,french,50,11.225102,561.255114
192,1.6134453781512605,friend,50,8.133103,406.655165
192,1.6134453781512605,frog,50,8.378151,418.907557
192,1.6134453781512605,full,50,9.406087,470.304340
192,1.6134453781512605,game,50,8.662627,433.131334
192,1.6134453781512605,garage,50,7.944997,397.249836
192,1.6134453781512605,garbage,50,9.358122,467.906107
192,1.6134453781512605,garden,50,7.701115,385.055739
192,1.6134453781512605,gas,50,10.923139,546.156940
192,1.6134453781512605,gentle,50,9.829521,491.476068
192,1.6134453781512605,get,50,5.105586,255.279303
192,1.6134453781512605,giraffe,50,9.427711,471.385537
192,1.6134453781512605,girl,50,5.924664,296.233202
192,1.6134453781512605,give,50,5.844348,292.217393
192,1.6134453781512605,glass,50,9.689365,484.468254
192,1.6134453781512605,glasses,50,9.071984,453.599191
192,1.6134453781512605,gloves,50,11.477240,573.862021
192,1.6134453781512605,glue,50,10.072613,503.630661
192,1.6134453781512605,go,50,4.176922,208.846090
192,1.6134453781512605,good,50,5.882152,294.107593
192,1.6134453781512605,goose,50,11.194895,559.744756
192,1.6134453781512605,grandma,50,10.459836,522.991796
192,1.6134453781512605,grandpa,45,11.092010,499.140449
192,1.6134453781512605,grapes,50,9.506628,475.331419
192,1.6134453781512605,grass,50,8.308994,415.449680
192,1.6134453781512605,green,50,7.011324,350.566191
192,1.6134453781512605,gum,50,10.482562,524.128099
192,1.6134453781512605,hair,50,6.538301,326.915071
192,1.6134453781512605,hamburger,50,9.551870,477.593513
192,1.6134453781512605,hammer,50,9.006699,450.334966
192,1.6134453781512605,hand,50,7.263199,363.159929
192,1.6134453781512605,happy,50,8.288914,414.445714
192,1.6134453781512605,hard,50,7.973232,398.661575
192,1.6134453781512605,hat,50,6.575340,328.766985
192,1.6134453781512605,hate,50,11.398101,569.905034
192,1.6134453781512605,have,50,4.317265,215.863269
192,1.6134453781512605,he,50,4.471178,223.558924
192,1.6134453781512605,head,50,6.121473,306.073644
192,1.6134453781512605,hear,50,6.787849,339.392425
192,1.6134453781512605,heavy,50,9.556387,477.819368
192,1.6134453781512605,helicopter,50,8.994818,449.740892
192,1.6134453781512605,hello,50,7.170623,358.531147
192,1.6134453781512605,help,50,7.388221,369.411033
192,1.6134453781512605,her,50,5.050918,252.545914
192,1.6134453781512605,here,50,4.840608,242.030393
192,1.6134453781512605,hi,50,8.022252,401.112608
192,1.6134453781512605,hide,50,9.592112,479.605597
192,1.6134453781512605,high,50,9.667725,483.386240
192,1.6134453781512605,him,50,5.125940,256.296992
192,1.6134453781512605,his,50,6.205730,310.286489
192,1.6134453781512605,hit,50,8.760233,438.011641
192,1.6134453781512605,hold,50,7.677045,383.852253
192,1.6134453781512605,home,50,6.473027,323.651355
192,1.6134453781512605,horse,50,7.944914,397.245678
192,1.6134453781512605,hose,50,12.136047,606.802350
192,1.6134453781512605,hot,50,8.132582,406.629106
192,1.6134453781512605,house,50,6.883642,344.182096
192,1.6134453781512605,how,50,6.203617,310.180847
192,1.6134453781512605,hug,50,8.972059,448.602931
192,1.6134453781512605,hungry,50,8.474421,423.721058
192,1.6134453781512605,hurry,50,10.224593,511.229642
192,1.6134453781512605,hurt,50,8.225198,411.259899
192,1.6134453781512605,i,50,10.214309,510.715439
192,1.6134453781512605,ice,50,7.613365,380.668232
192,1.6134453781512605,if,50,6.550421,327.521059
192,1.6134453781512605,inside,50,8.505073,425.253629
192,1.6134453781512605,into,50,7.711304,385.565213
192,1.6134453781512605,is,50,4.107830,205.391512
192,1.6134453781512605,it,50,2.785294,139.264698
192,1.6134453781512605,jacket,50,9.404664,470.233197
192,1.6134453781512605,jar,50,10.270421,513.521030
192,1.6134453781512605,jeans,16,13.215638,211.450209
192,1.6134453781512605,jelly,50,9.896738,494.836898
192,1.6134453781512605,juice,50,7.783451,389.172530
192,1.6134453781512605,jump,50,8.957629,447.881462
192,1.6134453781512605,keys,50,9.738419,486.920934
192,1.6134453781512605,kick,50,10.417271,520.863529
192,1.6134453781512605,kiss,50,8.557000,427.850004
192,1.6134453781512605,kitchen,50,7.572100,378.605014
192,1.6134453781512605,kitty,50,7.483112,374.155582
192,1.6134453781512605,knee,50,9.118283,455.914160
192,1.6134453781512605,knife,50,9.235244,461.762199
192,1.6134453781512605,knock,50,9.686370,484.318521
192,1.6134453781512605,ladder,50,9.539542,476.977110
192,1.6134453781512605,lady,50,8.303572,415.178625
192,1.6134453781512605,lamb,50,9.757561,487.878056
192,1.6134453781512605,lamp,50,11.715795,585.789747
192,1.6134453781512605,last,50,8.241335,412.066759
192,1.6134453781512605,later,50,8.075918,403.795903
192,1.6134453781512605,lawn,37,11.335040,419.396493
192,1.6134453781512605,leg,50,9.098383,454.919126
192,1.6134453781512605,lick,50,11.155349,557.767426
192,1.6134453781512605,light,50,8.632198,431.609924
192,1.6134453781512605,like,50,4.325383,216.269156
192,1.6134453781512605,lion,50,8.735514,436.775714
192,1.6134453781512605,lips,50,10.299839,514.991945
192,1.6134453781512605,listen,50,9.072889,453.644438
192,1.6134453781512605,little,50,4.482744,224.137196
192,1.6134453781512605,living,50,9.517239,475.861931
192,1.6134453781512605,lollipop,50,9.884958,494.247886
192,1.6134453781512605,long,50,7.509520,375.475989
192,1.6134453781512605,look,50,5.343063,267.153134
192,1.6134453781512605,loud,50,9.491769,474.588426
192,1.6134453781512605,love,50,7.124447,356.222330
192,1.6134453781512605,lunch,50,8.494758,424.737912
192,1.6134453781512605,mad,50,10.745792,537.289598
192,1.6134453781512605,make,50,5.611780,280.588983
192,1.6134453781512605,man,50,7.512698,375.634890
192,1.6134453781512605,me,50,4.125183,206.259156
192,1.6134453781512605,meat,50,9.643243,482.162167
192,1.6134453781512605,medicine,50,9.704337,485.216860
192,1.6134453781512605,milk,50,7.995588,399.779383
192,1.6134453781512605,mine,50,7.548044,377.402221
192,1.6134453781512605,mommy,50,7.806327,390.316364
192,1.6134453781512605,money,50,7.819709,390.985452
192,1.6134453781512605,monkey,50,7.642111,382.105556
192,1.6134453781512605,moo,50,9.325650,466.282481
192,1.6134453781512605,moon,50,8.294081,414.704066
192,1.6134453781512605,moose,32,12.754757,408.152229
192,1.6134453781512605,mop,40,12.434641,497.385656
192,1.6134453781512605,more,50,5.982736,299.136811
192,1.6134453781512605,morning,50,7.424168,371.208387
192,1.6134453781512605,motorcycle,50,10.371562,518.578084
192,1.6134453781512605,mouse,50,8.756236,437.811792
192,1.6134453781512605,mouth,50,6.814422,340.721091
192,1.6134453781512605,movie,50,9.342886,467.144316
192,1.6134453781512605,much,50,7.963370,398.168500
192,1.6134453781512605,muffin,50,10.579768,528.988377
192,1.6134453781512605,my,50,5.863386,293.169314
192,1.6134453781512605,myself,50,9.628733,481.436664
192,1.6134453781512605,nail,50,9.735519,486.775960
192,1.6134453781512605,nap,50,10.036017,501.800837
192,1.6134453781512605,napkin,50,10.308505,515.425255
192,1.6134453781512605,naughty,50,8.688436,434.421813
192,1.6134453781512605,necklace,50,11.081361,554.068040
192,1.6134453781512605,need,50,6.267256,313.362800
192,1.6134453781512605,new,50,7.318597,365.929863
192,1.6134453781512605,next,50,7.916410,395.820499
192,1.6134453781512605,nice,50,6.515491,325.774544
192,1.6134453781512605,night,50,8.097065,404.853272
192,1.6134453781512605,no,50,3.698110,184.905490
192,1.6134453781512605,noisy,50,9.514913,475.745637
192,1.6134453781512605,none,50,10.013882,500.694106
192,1.6134453781512605,noodles,50,11.953877,597.693859
192,1.6134453781512605,nose,50,7.281937,364.096861
192,1.6134453781512605,not,50,4.594712,229.735581
192,1.6134453781512605,now,50,5.961710,298.085516
192,1.6134453781512605,nurse,50,10.306183,515.309126
192,1.6134453781512605,nuts,50,10.721388,536.069399
192,1.6134453781512605,of,50,4.694470,234.723521
192,1.6134453781512605,off,50,6.537841,326.892044
192,1.6134453781512605,old,50,8.721018,436.050884
192,1.6134453781512605,on,50,4.190686,209.534296
192,1.6134453781512605,open,50,7.346960,367.348006
192,1.6134453781512605,orange,50,8.067185,403.359253
192,1.6134453781512605,other,50,5.557065,277.853262
192,1.6134453781512605,ouch,50,9.707867,485.393371
192,1.6134453781512605,our,50,7.558779,377.938935
192,1.6134453781512605,out,50,5.474443,273.722174
192,1.6134453781512605,outside,50,7.845265,392.263234
192,1.6134453781512605,oven,50,8.937721,446.886036
192,1.6134453781512605,over,50,6.228727,311.436374
192,1.6134453781512605,owl,50,8.717387,435.869332
192,1.6134453781512605,paint,50,10.408600,520.430017
192,1.6134453781512605,pajamas,50,9.986097,499.304826
192,1.6134453781512605,pancake,46,9.261710,426.038644
192,1.6134453781512605,pants,50,8.838565,441.928253
192,1.6134453781512605,paper,50,7.927618,396.380907
192,1.6134453781512605,park,50,7.303855,365.192729
192,1.6134453781512605,party,50,8.755377,437.768869
192,1.6134453781512605,peanut,50,10.127950,506.397503
192,1.6134453781512605,peas,50,8.619841,430.992028
192,1.6134453781512605,pen,50,8.267625,413.381243
192,1.6134453781512605,pencil,50,9.787672,489.383624
192,1.6134453781512605,penguin,50,8.879283,443.964131
192,1.6134453781512605,penis,18,13.831670,248.970054
192,1.6134453781512605,penny,50,9.036959,451.847925
192,1.6134453781512605,people,50,7.327185,366.359236
192,1.6134453781512605,person,50,9.474023,473.701135
192,1.6134453781512605,pick,50,7.743593,387.179640
192,1.6134453781512605,pickle,50,10.405187,520.259370
192,1.6134453781512605,picnic,50,8.878907,443.945369
192,1.6134453781512605,picture,50,7.202803,360.140133
192,1.6134453781512605,pig,50,8.302996,415.149806
192,1.6134453781512605,pillow,50,9.860061,493.003046
192,1.6134453781512605,pizza,50,8.309777,415.488844
192,1.6134453781512605,plant,50,10.417054,520.852677
192,1.6134453781512605,plate,50,7.795013,389.750645
192,1.6134453781512605,play,50,5.268957,263.447861
192,1.6134453781512605,playground,22,10.731241,236.087308
192,1.6134453781512605,please,50,7.348401,367.420043
192,1.6134453781512605,police,50,9.098173,454.908640
192,1.6134453781512605,pony,50,9.840926,492.046293
192,1.6134453781512605,pool,50,9.703451,485.172559
192,1.6134453781512605,poor,50,8.647857,432.392856
192,1.6134453781512605,popcorn,50,10.487791,524.389557
192,1.6134453781512605,popsicle,31,11.444630,354.783532
192,1.6134453781512605,porch,31,12.951603,401.499686
192,1.6134453781512605,potato,50,10.651965,532.598248
192,1.6134453781512605,pour,50,9.543533,477.176625
192,1.6134453781512605,present,50,8.957691,447.884536
192,1.6134453781512605,pretend,50,8.485124,424.256188
192,1.6134453781512605,pretty,50,8.094267,404.713367
192,1.6134453781512605,pretzel,50,10.462461,523.123034
192,1.6134453781512605,pudding,50,12.324853,616.242661
192,1.6134453781512605,pull,50,7.973904,398.695186
192,1.6134453781512605,pumpkin,50,9.797534,489.876676
192,1.6134453781512605,puppy,50,9.169970,458.498516
192,1.6134453781512605,purse,50,9.596577,479.828833
192,1.6134453781512605,push,50,8.166761,408.338044
192,1.6134453781512605,put,50,4.821831,241.091568
192,1.6134453781512605,puzzle,50,8.697354,434.867699
192,1.6134453781512605,quack,50,9.263871,463.193543
192,1.6134453781512605,quiet,50,9.453584,472.679214
192,1.6134453781512605,radio,50,10.495108,524.755378
192,1.6134453781512605,rain,50,8.532450,426.622481
192,1.6134453781512605,raisin,43,14.681540,631.306217
192,1.6134453781512605,read,50,5.993331,299.666560
192,1.6134453781512605,red,50,6.919326,345.966294
192,1.6134453781512605,refrigerator,50,9.625952,481.297615
192,1.6134453781512605,ride,50,9.077916,453.895792
192,1.6134453781512605,rip,50,11.301446,565.072309
192,1.6134453781512605,rock,50,9.142029,457.101428
192,1.6134453781512605,rocking,50,9.567388,478.369390
192,1.6134453781512605,roof,50,9.775783,488.789153
192,1.6134453781512605,room,50,8.028746,401.437280
192,1.6134453781512605,rooster,50,10.310737,515.536840
192,1.6134453781512605,run,50,8.842689,442.134460
192,1.6134453781512605,sad,50,8.540425,427.021253
192,1.6134453781512605,salt,50,10.437809,521.890429
192,1.6134453781512605,same,50,6.646695,332.334768
192,1.6134453781512605,sandwich,50,8.029892,401.494609
192,1.6134453781512605,sauce,50,11.395286,569.764317
192,1.6134453781512605,say,50,6.866809,343.340445
192,1.6134453781512605,scared,50,8.932412,446.620604
192,1.6134453781512605,scarf,50,12.597430,629.871494
192,1.6134453781512605,school,50,7.750746,387.537313
192,1.6134453781512605,scissors,50,10.211830,510.591510
192,1.6134453781512605,see,50,4.213631,210.681533
192,1.6134453781512605,shake,50,10.337944,516.897216
192,1.6134453781512605,share,50,9.456230,472.811490
192,1.6134453781512605,she,50,5.246589,262.329473
192,1.6134453781512605,sheep,50,8.353013,417.650637
192,1.6134453781512605,shh,50,9.180139,459.006939
192,1.6134453781512605,shirt,50,8.440096,422.004777
192,1.6134453781512605,shoe,50,8.663282,433.164083
192,1.6134453781512605,shopping,50,9.656394,482.819695
192,1.6134453781512605,shorts,50,10.564704,528.235209
192,1.6134453781512605,shoulder,50,10.548661,527.433049
192,1.6134453781512605,shovel,50,10.362909,518.145445
192,1.6134453781512605,show,50,7.895963,394.798130
192,1.6134453781512605,shower,50,9.796465,489.823255
192,1.6134453781512605,sick,50,9.839988,491.999414
192,1.6134453781512605,sidewalk,19,9.558079,181.603501
192,1.6134453781512605,sing,50,7.778762,388.938105
192,1.6134453781512605,sink,50,8.737489,436.874455
192,1.6134453781512605,sister,50,8.130253,406.512650
192,1.6134453781512605,sit,50,7.072995,353.649745
192,1.6134453781512605,skate,13,12.029849,156.388042
192,1.6134453781512605,sky,50,7.645589,382.279434
192,1.6134453781512605,sled,22,11.347253,249.639565
192,1.6134453781512605,sleep,50,6.919941,345.997046
192,1.6134453781512605,sleepy,50,10.694236,534.711799
192,1.6134453781512605,slide,50,8.789565,439.478264
192,1.6134453781512605,slipper,50,10.658932,532.946580
192,1.6134453781512605,slow,50,10.672705,533.635227
192,1.6134453781512605,smile,50,9.954867,497.743326
192,1.6134453781512605,snack,50,11.107182,555.359114
192,1.6134453781512605,snow,50,9.007099,450.354935
192,1.6134453781512605,so,50,6.047522,302.376115
192,1.6134453781512605,soap,50,10.451938,522.596922
192,1.6134453781512605,sock,50,12.325916,616.295809
192,1.6134453781512605,soda,50,11.191241,559.562031
192,1.6134453781512605,sofa,50,9.615669,480.783433
192,1.6134453781512605,soft,50,9.364141,468.207071
192,1.6134453781512605,some,50,4.850504,242.525187
192,1.6134453781512605,soup,50,9.569358,478.467905
192,1.6134453781512605,spill,50,10.291020,514.550982
192,1.6134453781512605,splash,50,10.053567,502.678335
192,1.6134453781512605,spoon,50,6.904218,345.210909
192,1.6134453781512605,sprinkler,13,13.731299,178.506891
192,1.6134453781512605,squirrel,50,9.711053,485.552635
192,1.6134453781512605,stairs,50,9.007514,450.375722
192,1.6134453781512605,stand,50,8.303017,415.150833
192,1.6134453781512605,star,50,8.773257,438.662827
192,1.6134453781512605,stay,50,8.039305,401.965254
192,1.6134453781512605,stick,50,8.863747,443.187344
192,1.6134453781512605,sticky,50,9.278158,463.907879
192,1.6134453781512605,stone,50,11.062146,553.107278
192,1.6134453781512605,stop,50,7.829725,391.486233
192,1.6134453781512605,store,50,8.006980,400.348979
192,1.6134453781512605,story,50,7.334981,366.749058
192,1.6134453781512605,stove,50,9.535192,476.759612
192,1.6134453781512605,strawberry,50,9.767274,488.363713
192,1.6134453781512605,street,50,10.152265,507.613271
192,1.6134453781512605,stroller,50,11.597129,579.856472
192,1.6134453781512605,stuck,50,8.529250,426.462521
192,1.6134453781512605,sun,50,7.874853,393.742639
192,1.6134453781512605,sweater,50,10.298916,514.945793
192,1.6134453781512605,sweep,50,12.453831,622.691545
192,1.6134453781512605,swim,50,8.854741,442.737049
192,1.6134453781512605,swing,50,9.241953,462.097657
192,1.6134453781512605,table,50,7.405997,370.299829
192,1.6134453781512605,take,50,5.707921,285.396072
192,1.6134453781512605,talk,50,7.948788,397.439385
192,1.6134453781512605,tape,50,8.537219,426.860966
192,1.6134453781512605,taste,50,10.120071,506.003527
192,1.6134453781512605,teacher,50,8.707756,435.387786
192,1.6134453781512605,tear,50,10.164344,508.217204
192,1.6134453781512605,telephone,50,9.135563,456.778142
192,1.6134453781512605,thank,50,6.074148,303.707399
192,1.6134453781512605,that,50,3.187735,159.386767
192,1.6134453781512605,the,50,2.999034,149.951706
192,1.6134453781512605,their,50,7.877446,393.872285
192,1.6134453781512605,them,50,4.513673,225.683655
192,1.6134453781512605,then,50,4.518316,225.915787
192,1.6134453781512605,there,50,4.114300,205.714984
192,1.6134453781512605,these,50,5.434038,271.701915
192,1.6134453781512605,they,50,4.229516,211.475799
192,1.6134453781512605,think,50,4.488365,224.418265
192,1.6134453781512605,thirsty,50,10.818714,540.935689
192,1.6134453781512605,this,50,4.344660,217.232996
192,1.6134453781512605,those,50,5.996229,299.811448
192,1.6134453781512605,throw,50,8.400304,420.015189
192,1.6134453781512605,tickle,50,10.348235,517.411726
192,1.6134453781512605,tiger,50,8.674507,433.725358
192,1.6134453781512605,time,50,7.102315,355.115774
192,1.6134453781512605,tiny,50,8.492235,424.611734
192,1.6134453781512605,tired,50,8.325559,416.277940
192,1.6134453781512605,tissue,50,10.230234,511.511692
192,1.6134453781512605,to,50,3.985067,199.253357
192,1.6134453781512605,toast,50,9.144402,457.220078
192,1.6134453781512605,today,50,7.639290,381.964497
192,1.6134453781512605,tomorrow,50,8.761931,438.096525
192,1.6134453781512605,tongue,50,8.303740,415.186985
192,1.6134453781512605,tonight,50,10.088730,504.436522
192,1.6134453781512605,too,50,6.690656,334.532783
192,1.6134453781512605,tooth,50,9.748515,487.425768
192,1.6134453781512605,toothbrush,50,12.221129,611.056440
192,1.6134453781512605,touch,50,8.266899,413.344967
192,1.6134453781512605,towel,50,9.538486,476.924289
192,1.6134453781512605,tractor,50,8.187418,409.370923
192,1.6134453781512605,train,50,7.071146,353.557278
192,1.6134453781512605,trash,50,10.273701,513.685027
192,1.6134453781512605,tray,50,9.992471,499.623539
192,1.6134453781512605,tree,50,7.987484,399.374209
192,1.6134453781512605,truck,50,8.095461,404.773069
192,1.6134453781512605,try,50,7.464627,373.231370
192,1.6134453781512605,tummy,50,8.040195,402.009748
192,1.6134453781512605,tuna,50,11.422310,571.115478
192,1.6134453781512605,turkey,50,9.613562,480.678102
192,1.6134453781512605,turn,50,7.729954,386.497686
192,1.6134453781512605,turtle,50,9.142614,457.130678
192,1.6134453781512605,tv,50,10.104339,505.216963
192,1.6134453781512605,uh,50,6.314110,315.705518
192,1.6134453781512605,uncle,50,12.886609,644.330459
192,1.6134453781512605,under,50,8.398654,419.932693
192,1.6134453781512605,up,50,5.593673,279.683643
192,1.6134453781512605,us,50,7.383567,369.178363
192,1.6134453781512605,vacuum,50,10.081110,504.055517
192,1.6134453781512605,vanilla,50,11.798720,589.936015
192,1.6134453781512605,wait,50,7.761307,388.065331
192,1.6134453781512605,wake,50,8.685238,434.261877
192,1.6134453781512605,walk,50,8.477303,423.865136
192,1.6134453781512605,walker,12,13.984870,167.818441
192,1.6134453781512605,wanna,50,4.337688,216.884387
192,1.6134453781512605,was,50,4.546637,227.331843
192,1.6134453781512605,wash,50,8.855742,442.787091
192,1.6134453781512605,washing,50,8.940628,447.031386
192,1.6134453781512605,watch,50,7.513100,375.654986
192,1.6134453781512605,water,50,6.568164,328.408216
192,1.6134453781512605,we,50,4.235685,211.784242
192,1.6134453781512605,were,50,6.068517,303.425853
192,1.6134453781512605,wet,50,8.795652,439.782584
192,1.6134453781512605,what,50,2.934922,146.746109
192,1.6134453781512605,when,50,6.800774,340.038710
192,1.6134453781512605,where,50,4.604467,230.223331
192,1.6134453781512605,which,50,7.295695,364.784768
192,1.6134453781512605,white,50,7.716296,385.814808
192,1.6134453781512605,who,50,5.274173,263.708672
192,1.6134453781512605,why,50,5.680390,284.019517
192,1.6134453781512605,will,50,6.704933,335.246671
192,1.6134453781512605,wind,50,9.431955,471.597733
192,1.6134453781512605,window,50,7.492303,374.615153
192,1.6134453781512605,windy,50,9.959376,497.968790
192,1.6134453781512605,wipe,50,9.557927,477.896337
192,1.6134453781512605,wish,50,9.597466,479.873312
192,1.6134453781512605,with,50,3.839081,191.954050
192,1.6134453781512605,wolf,50,9.832414,491.620721
192,1.6134453781512605,woods,48,10.436955,500.973851
192,1.6134453781512605,woof,50,10.520638,526.031882
192,1.6134453781512605,work,50,7.847617,392.380856
192,1.6134453781512605,would,50,6.929563,346.478166
192,1.6134453781512605,write,50,9.278708,463.935414
192,1.6134453781512605,yard,50,10.020306,501.015285
192,1.6134453781512605,yellow,50,7.475124,373.756218
192,1.6134453781512605,yes,50,5.382864,269.143190
192,1.6134453781512605,yesterday,50,8.716453,435.822637
192,1.6134453781512605,yogurt,50,10.029884,501.494207
192,1.6134453781512605,you,50,2.857843,142.892145
192,1.6134453781512605,your,50,4.735793,236.789638
192,1.6134453781512605,yourself,50,8.491213,424.560644
192,1.6134453781512605,yum,50,9.242032,462.101593
192,1.6134453781512605,zebra,50,9.213828,460.691386
192,1.6134453781512605,zipper,40,10.918937,436.757479
192,1.6134453781512605,zoo,50,7.852747,392.637337
257,2.1596638655462184,a,50,3.389156,169.457790
257,2.1596638655462184,about,50,6.067325,303.366273
257,2.1596638655462184,above,50,10.929218,546.460901
257,2.1596638655462184,after,50,8.017004,400.850199
257,2.1596638655462184,airplane,50,8.391004,419.550213
257,2.1596638655462184,all,50,5.766616,288.330782
257,2.1596638655462184,alligator,50,9.021545,451.077234
257,2.1596638655462184,am,50,7.105192,355.259620
257,2.1596638655462184,and,50,4.000956,200.047777
257,2.1596638655462184,animal,50,8.749413,437.470628
257,2.1596638655462184,ankle,5,12.109709,60.548544
257,2.1596638655462184,another,50,6.165744,308.287209
257,2.1596638655462184,any,50,6.807705,340.385254
257,2.1596638655462184,apple,50,8.146417,407.320874
257,2.1596638655462184,are,50,4.148251,207.412537
257,2.1596638655462184,arm,50,8.712952,435.647621
257,2.1596638655462184,around,50,7.529547,376.477373
257,2.1596638655462184,asleep,50,9.644625,482.231245
257,2.1596638655462184,at,50,2.962573,148.128648
257,2.1596638655462184,aunt,42,11.745014,493.290577
257,2.1596638655462184,awake,50,10.210031,510.501529
257,2.1596638655462184,away,50,6.509608,325.480402
257,2.1596638655462184,baby,50,5.639261,281.963069
257,2.1596638655462184,babysitter,11,13.673690,150.410589
257,2.1596638655462184,back,50,6.356213,317.810675
257,2.1596638655462184,backyard,19,13.691129,260.131454
257,2.1596638655462184,bad,50,8.803605,440.180247
257,2.1596638655462184,ball,50,5.882142,294.107106
257,2.1596638655462184,balloon,50,7.896801,394.840073
257,2.1596638655462184,banana,50,9.452910,472.645518
257,2.1596638655462184,basement,26,10.579580,275.069086
257,2.1596638655462184,basket,50,8.070987,403.549369
257,2.1596638655462184,bat,50,10.353306,517.665313
257,2.1596638655462184,bath,50,7.728623,386.431134
257,2.1596638655462184,bathroom,50,10.876232,543.811589
257,2.1596638655462184,bathtub,31,10.969902,340.066960
257,2.1596638655462184,be,50,4.162786,208.139321
257,2.1596638655462184,beach,50,7.599913,379.995656
257,2.1596638655462184,beads,50,11.010293,550.514655
257,2.1596638655462184,beans,50,10.078990,503.949492
257,2.1596638655462184,bear,50,7.764320,388.216012
257,2.1596638655462184,because,50,6.242063,312.103165
257,2.1596638655462184,bed,50,7.438929,371.946453
257,2.1596638655462184,bedroom,50,8.844076,442.203801
257,2.1596638655462184,bee,50,8.687597,434.379849
257,2.1596638655462184,before,50,8.128815,406.440755
257,2.1596638655462184,behind,50,8.958861,447.943068
257,2.1596638655462184,belly,50,7.912861,395.643027
257,2.1596638655462184,belt,50,10.413400,520.670022
257,2.1596638655462184,bench,50,11.003847,550.192357
257,2.1596638655462184,beside,50,10.390476,519.523802
257,2.1596638655462184,better,50,7.308840,365.442024
257,2.1596638655462184,bib,50,10.308534,515.426678
257,2.1596638655462184,bicycle,50,9.346739,467.336971
257,2.1596638655462184,big,50,5.789907,289.495336
257,2.1596638655462184,bird,50,7.775511,388.775543
257,2.1596638655462184,bite,50,8.000452,400.022598
257,2.1596638655462184,black,50,8.066965,403.348252
257,2.1596638655462184,blanket,50,8.401644,420.082220
257,2.1596638655462184,block,50,9.564372,478.218615
257,2.1596638655462184,blow,50,9.675772,483.788612
257,2.1596638655462184,blue,50,6.927419,346.370939
257,2.1596638655462184,boat,50,7.556875,377.843745
257,2.1596638655462184,book,50,5.474634,273.731717
257,2.1596638655462184,boots,50,9.859616,492.980803
257,2.1596638655462184,bottle,50,7.518743,375.937172
257,2.1596638655462184,bowl,50,7.923769,396.188432
257,2.1596638655462184,box,50,5.452912,272.645622
257,2.1596638655462184,boy,50,6.362012,318.100607
257,2.1596638655462184,bread,50,8.381113,419.055649
257,2.1596638655462184,break,50,7.764125,388.206240
257,2.1596638655462184,breakfast,50,8.263899,413.194958
257,2.1596638655462184,bring,50,7.305661,365.283039
257,2.1596638655462184,broken,50,8.649951,432.497557
257,2.1596638655462184,broom,50,10.512684,525.634221
257,2.1596638655462184,brother,50,9.078753,453.937637
257,2.1596638655462184,brown,50,9.442983,472.149144
257,2.1596638655462184,brush,50,8.952573,447.628649
257,2.1596638655462184,bubbles,50,9.934376,496.718785
257,2.1596638655462184,bucket,50,9.099685,454.984264
257,2.1596638655462184,bug,50,7.866265,393.313235
257,2.1596638655462184,build,50,8.125455,406.272728
257,2.1596638655462184,bump,50,9.143330,457.166478
257,2.1596638655462184,bunny,50,8.137065,406.853242
257,2.1596638655462184,bus,50,7.572147,378.607366
257,2.1596638655462184,but,50,5.988969,299.448431
257,2.1596638655462184,butter,50,9.397310,469.865477
257,2.1596638655462184,butterfly,50,8.403136,420.156803
257,2.1596638655462184,button,50,8.797471,439.873549
257,2.1596638655462184,buy,50,7.681176,384.058807
257,2.1596638655462184,by,50,7.780076,389.003782
257,2.1596638655462184,bye,50,7.764342,388.217114
257,2.1596638655462184,cake,50,7.754964,387.748208
257,2.1596638655462184,call,50,8.206716,410.335801
257,2.1596638655462184,camera,50,9.621187,481.059368
257,2.1596638655462184,camping,31,12.148011,376.588335
257,2.1596638655462184,can,50,4.545306,227.265309
257,2.1596638655462184,candy,50,8.933255,446.662740
257,2.1596638655462184,car,50,6.454299,322.714973
257,2.1596638655462184,careful,50,7.472679,373.633942
257,2.1596638655462184,carrots,50,9.845822,492.291095
257,2.1596638655462184,carry,50,8.443559,422.177968
257,2.1596638655462184,cat,50,7.207599,360.379955
257,2.1596638655462184,catch,50,8.894156,444.707818
257,2.1596638655462184,cereal,50,9.395935,469.796770
257,2.1596638655462184,chair,50,7.659078,382.953902
257,2.1596638655462184,chalk,40,10.215849,408.633949
257,2.1596638655462184,chase,49,9.659286,473.305036
257,2.1596638655462184,cheek,35,10.227253,357.953843
257,2.1596638655462184,cheese,50,7.975207,398.760365
257,2.1596638655462184,chicken,50,7.654344,382.717185
257,2.1596638655462184,child,50,9.794052,489.702612
257,2.1596638655462184,chin,50,10.706346,535.317301
257,2.1596638655462184,chocolate,50,8.657070,432.853484
257,2.1596638655462184,choo,50,8.578087,428.904360
257,2.1596638655462184,church,50,9.877971,493.898560
257,2.1596638655462184,circus,50,10.666950,533.347476
257,2.1596638655462184,clap,50,11.487232,574.361583
257,2.1596638655462184,clean,50,8.607515,430.375760
257,2.1596638655462184,climb,50,9.253534,462.676720
257,2.1596638655462184,clock,50,8.236657,411.832827
257,2.1596638655462184,close,50,8.050569,402.528433
257,2.1596638655462184,closet,50,9.435645,471.782270
257,2.1596638655462184,cloud,50,11.788844,589.442206
257,2.1596638655462184,clown,50,9.862670,493.133515
257,2.1596638655462184,coat,50,9.001263,450.063166
257,2.1596638655462184,coffee,50,8.909796,445.489789
257,2.1596638655462184,coke,50,10.148757,507.437831
257,2.1596638655462184,cold,50,8.532865,426.643263
257,2.1596638655462184,comb,50,8.535111,426.755548
257,2.1596638655462184,cook,50,8.516168,425.808379
257,2.1596638655462184,cookie,50,9.564902,478.245090
257,2.1596638655462184,corn,50,9.833488,491.674394
257,2.1596638655462184,couch,50,9.267270,463.363508
257,2.1596638655462184,could,50,6.216977,310.848867
257,2.1596638655462184,country,50,10.297311,514.865561
257,2.1596638655462184,cover,50,8.920553,446.027626
257,2.1596638655462184,cow,50,7.529522,376.476079
257,2.1596638655462184,cowboy,50,9.809544,490.477220
257,2.1596638655462184,cracker,50,9.281557,464.077858
257,2.1596638655462184,crayon,50,10.019019,500.950939
257,2.1596638655462184,crib,50,10.559704,527.985203
257,2.1596638655462184,cry,50,8.743925,437.196235
257,2.1596638655462184,cup,50,8.340080,417.004019
257,2.1596638655462184,cut,50,8.454554,422.727723
257,2.1596638655462184,cute,50,9.658826,482.941305
257,2.1596638655462184,daddy,50,7.548894,377.444700
257,2.1596638655462184,dance,50,10.082486,504.124275
257,2.1596638655462184,dark,50,8.756693,437.834670
257,2.1596638655462184,day,50,6.850482,342.524096
257,2.1596638655462184,deer,50,10.278104,513.905220
257,2.1596638655462184,diaper,50,8.848225,442.411270
257,2.1596638655462184,did,50,4.428616,221.430792
257,2.1596638655462184,dinner,50,7.933329,396.666466
257,2.1596638655462184,dirty,50,8.897031,444.851575
257,2.1596638655462184,dish,50,8.595026,429.751304
257,2.1596638655462184,do,50,3.872085,193.604257
257,2.1596638655462184,doctor,50,8.355351,417.767549
257,2.1596638655462184,does,50,6.018273,300.913643
257,2.1596638655462184,dog,50,7.107766,355.388288
257,2.1596638655462184,doll,50,8.037865,401.893240
257,2.1596638655462184,donkey,50,9.560160,478.007981
257,2.1596638655462184,donut,41,14.287367,585.782064
257,2.1596638655462184,door,50,6.971468,348.573416
257,2.1596638655462184,down,50,5.820118,291.005883
257,2.1596638655462184,downtown,8,11.848118,94.784941
257,2.1596638655462184,draw,50,7.557823,377.891150
257,2.1596638655462184,drawer,50,8.633740,431.687016
257,2.1596638655462184,dress,50,8.512845,425.642272
257,2.1596638655462184,drink,50,7.652862,382.643078
257,2.1596638655462184,drive,50,8.801665,440.083257
257,2.1596638655462184,drop,50,9.167406,458.370310
257,2.1596638655462184,dry,50,9.372450,468.622519
257,2.1596638655462184,dryer,20,10.892349,217.846985
257,2.1596638655462184,duck,50,7.207659,360.382973
257,2.1596638655462184,dump,50,10.306466,515.323301
257,2.1596638655462184,each,50,8.829027,441.451344
257,2.1596638655462184,ear,50,9.004658,450.232923
257,2.1596638655462184,eat,50,5.124641,256.232054
257,2.1596638655462184,egg,50,8.354115,417.705771
257,2.1596638655462184,elephant,50,7.222149,361.107461
257,2.1596638655462184,empty,50,9.577069,478.853475
257,2.1596638655462184,every,50,9.639745,481.987241
257,2.1596638655462184,eye,50,8.770428,438.521404
257,2.1596638655462184,face,50,7.706095,385.304739
257,2.1596638655462184,fall,50,7.494400,374.719999
257,2.1596638655462184,farm,50,8.046908,402.345423
257,2.1596638655462184,fast,50,8.808401,440.420061
257,2.1596638655462184,feed,50,8.232871,411.643568
257,2.1596638655462184,find,50,6.558547,327.927327
257,2.1596638655462184,fine,50,8.852756,442.637794
257,2.1596638655462184,finger,50,7.243832,362.191610
257,2.1596638655462184,finish,50,7.845458,392.272889
257,2.1596638655462184,first,50,7.945186,397.259301
257,2.1596638655462184,fish,50,7.695367,384.768354
257,2.1596638655462184,fit,50,8.013217,400.660846
257,2.1596638655462184,fix,50,8.143985,407.199254
257,2.1596638655462184,flag,50,11.273624,563.681207
257,2.1596638655462184,flower,50,8.319222,415.961125
257,2.1596638655462184,food,50,6.835079,341.753959
257,2.1596638655462184,foot,50,7.530666,376.533275
257,2.1596638655462184,for,50,5.184439,259.221928
257,2.1596638655462184,fork,50,8.517944,425.897211
257,2.1596638655462184,french,50,11.290016,564.500786
257,2.1596638655462184,friend,50,7.722733,386.136645
257,2.1596638655462184,frog,50,7.884461,394.223053
257,2.1596638655462184,full,50,9.586616,479.330814
257,2.1596638655462184,game,50,8.589574,429.478717
257,2.1596638655462184,garage,50,8.160601,408.030060
257,2.1596638655462184,garbage,50,8.909244,445.462216
257,2.1596638655462184,garden,50,7.193039,359.651933
257,2.1596638655462184,gas,50,10.798564,539.928179
257,2.1596638655462184,gentle,50,10.132178,506.608891
257,2.1596638655462184,get,50,4.545466,227.273313
257,2.1596638655462184,giraffe,50,9.604694,480.234714
257,2.1596638655462184,girl,50,5.598434,279.921690
257,2.1596638655462184,give,50,6.527970,326.398519
257,2.1596638655462184,glass,50,9.105600,455.280022
257,2.1596638655462184,glasses,50,8.885831,444.291533
257,2.1596638655462184,gloves,50,10.559435,527.971731
257,2.1596638655462184,glue,50,9.842867,492.143343
257,2.1596638655462184,go,50,3.557798,177.889900
257,2.1596638655462184,good,50,5.795113,289.755647
257,2.1596638655462184,goose,50,10.683037,534.151847
257,2.1596638655462184,grandma,50,10.499536,524.976784
257,2.1596638655462184,grandpa,45,11.142116,501.395208
257,2.1596638655462184,grapes,50,9.699298,484.964903
257,2.1596638655462184,grass,50,7.872669,393.633466
257,2.1596638655462184,green,50,7.014643,350.732139
257,2.1596638655462184,gum,50,10.594758,529.737913
257,2.1596638655462184,hair,50,6.911430,345.571524
257,2.1596638655462184,hamburger,50,9.648423,482.421137
257,2.1596638655462184,hammer,50,9.140857,457.042828
257,2.1596638655462184,hand,50,6.194896,309.744823
257,2.1596638655462184,happy,50,8.846725,442.336228
257,2.1596638655462184,hard,50,8.114284,405.714192
257,2.1596638655462184,hat,50,6.890283,344.514129
257,2.1596638655462184,hate,50,10.793084,539.654221
257,2.1596638655462184,have,50,4.350255,217.512756
257,2.1596638655462184,he,50,3.329457,166.472835
257,2.1596638655462184,head,50,6.245712,312.285599
257,2.1596638655462184,hear,50,7.008130,350.406477
257,2.1596638655462184,heavy,50,9.814815,490.740744
257,2.1596638655462184,helicopter,50,9.133081,456.654073
257,2.1596638655462184,hello,50,7.028830,351.441477
257,2.1596638655462184,help,50,6.980049,349.002473
257,2.1596638655462184,her,50,5.746240,287.311981
257,2.1596638655462184,here,50,5.082159,254.107956
257,2.1596638655462184,hi,50,7.626045,381.302244
257,2.1596638655462184,hide,50,9.620018,481.000900
257,2.1596638655462184,high,50,8.791913,439.595672
257,2.1596638655462184,him,50,5.145597,257.279863
257,2.1596638655462184,his,50,6.318716,315.935793
257,2.1596638655462184,hit,50,8.498332,424.916622
257,2.1596638655462184,hold,50,7.246060,362.303000
257,2.1596638655462184,home,50,5.869129,293.456430
257,2.1596638655462184,horse,50,7.462481,373.124073
257,2.1596638655462184,hose,50,10.963286,548.164303
257,2.1596638655462184,hot,50,7.613407,380.670333
257,2.1596638655462184,house,50,6.452162,322.608088
257,2.1596638655462184,how,50,6.114545,305.727239
257,2.1596638655462184,hug,50,9.037384,451.869210
257,2.1596638655462184,hungry,50,7.596825,379.841241
257,2.1596638655462184,hurry,50,10.542801,527.140051
257,2.1596638655462184,hurt,50,7.561051,378.052533
257,2.1596638655462184,i,50,9.603494,480.174707
257,2.1596638655462184,ice,50,8.002227,400.111335
257,2.1596638655462184,if,50,6.015202,300.760082
257,2.1596638655462184,inside,50,8.491228,424.561383
257,2.1596638655462184,into,50,7.111577,355.578828
257,2.1596638655462184,is,50,3.712307,185.615338
257,2.1596638655462184,it,50,3.042863,152.143154
257,2.1596638655462184,jacket,50,8.347308,417.365392
257,2.1596638655462184,jar,50,10.269184,513.459211
257,2.1596638655462184,jeans,16,13.513262,216.212185
257,2.1596638655462184,jelly,50,9.976553,498.827659
257,2.1596638655462184,juice,50,7.776665,388.833236
257,2.1596638655462184,jump,50,9.023442,451.172116
257,2.1596638655462184,keys,50,9.636421,481.821057
257,2.1596638655462184,kick,50,10.146512,507.325580
257,2.1596638655462184,kiss,50,8.256148,412.807395
257,2.1596638655462184,kitchen,50,7.486921,374.346026
257,2.1596638655462184,kitty,50,6.798889,339.944463
257,2.1596638655462184,knee,50,9.388567,469.428332
257,2.1596638655462184,knife,50,8.894421,444.721065
257,2.1596638655462184,knock,50,9.547715,477.385732
257,2.1596638655462184,ladder,50,9.027067,451.353367
257,2.1596638655462184,lady,50,7.842899,392.144937
257,2.1596638655462184,lamb,50,8.941780,447.088982
257,2.1596638655462184,lamp,50,11.417388,570.869384
257,2.1596638655462184,last,50,8.338502,416.925107
257,2.1596638655462184,later,50,8.439118,421.955907
257,2.1596638655462184,lawn,37,11.413434,422.297070
257,2.1596638655462184,leg,50,8.453177,422.658825
257,2.1596638655462184,lick,50,10.902814,545.140681
257,2.1596638655462184,light,50,8.607407,430.370373
257,2.1596638655462184,like,50,3.894979,194.748950
257,2.1596638655462184,lion,50,8.124392,406.219622
257,2.1596638655462184,lips,50,10.376632,518.831614
257,2.1596638655462184,listen,50,8.835946,441.797318
257,2.1596638655462184,little,50,4.970455,248.522749
257,2.1596638655462184,living,50,10.027887,501.394374
257,2.1596638655462184,lollipop,50,9.400991,470.049542
257,2.1596638655462184,long,50,7.268724,363.436214
257,2.1596638655462184,look,50,5.339369,266.968456
257,2.1596638655462184,loud,50,9.172797,458.639869
257,2.1596638655462184,love,50,7.520072,376.003624
257,2.1596638655462184,lunch,50,7.751636,387.581812
257,2.1596638655462184,mad,50,10.504367,525.218357
257,2.1596638655462184,make,50,5.495115,274.755764
257,2.1596638655462184,man,50,6.988282,349.414125
257,2.1596638655462184,me,50,3.852680,192.634024
257,2.1596638655462184,meat,50,9.586346,479.317314
257,2.1596638655462184,medicine,50,9.387305,469.365263
257,2.1596638655462184,milk,50,8.011917,400.595872
257,2.1596638655462184,mine,50,7.735825,386.791266
257,2.1596638655462184,mommy,50,8.121087,406.054371
257,2.1596638655462184,money,50,7.680847,384.042361
257,2.1596638655462184,monkey,50,6.451994,322.599683
257,2.1596638655462184,moo,50,9.531377,476.568834
257,2.1596638655462184,moon,50,8.377967,418.898366
257,2.1596638655462184,moose,32,12.318308,394.185843
257,2.1596638655462184,mop,40,12.597117,503.884667
257,2.1596638655462184,more,50,5.416352,270.817586
257,2.1596638655462184,morning,50,7.580470,379.023480
257,2.1596638655462184,motorcycle,50,9.990182,499.509105
257,2.1596638655462184,mouse,50,8.762805,438.140241
257,2.1596638655462184,mouth,50,6.239524,311.976175
257,2.1596638655462184,movie,50,9.240223,462.011168
257,2.1596638655462184,much,50,7.445374,372.268685
257,2.1596638655462184,muffin,50,10.468507,523.425326
257,2.1596638655462184,my,50,5.786668,289.333412
257,2.1596638655462184,myself,50,9.095518,454.775911
257,2.1596638655462184,nail,50,9.886312,494.315624
257,2.1596638655462184,nap,50,9.348746,467.437311
257,2.1596638655462184,napkin,50,10.019675,500.983774
257,2.1596638655462184,naughty,50,8.333125,416.656245
257,2.1596638655462184,necklace,50,11.261263,563.063162
257,2.1596638655462184,need,50,6.149978,307.498925
257,2.1596638655462184,new,50,7.635889,381.794432
257,2.1596638655462184,next,50,7.790238,389.511916
257,2.1596638655462184,nice,50,6.604494,330.224709
257,2.1596638655462184,night,50,8.380269,419.013452
257,2.1596638655462184,no,50,3.529252,176.462601
257,2.1596638655462184,noisy,50,10.082910,504.145497
257,2.1596638655462184,none,50,10.139414,506.970723
257,2.1596638655462184,noodles,50,11.693461,584.673065
257,2.1596638655462184,nose,50,7.356639,367.831928
257,2.1596638655462184,not,50,4.312398,215.619917
257,2.1596638655462184,now,50,6.162273,308.113635
257,2.1596638655462184,nurse,50,10.371122,518.556106
257,2.1596638655462184,nuts,50,10.300798,515.039904
257,2.1596638655462184,of,50,3.680580,184.028977
257,2.1596638655462184,off,50,6.300005,315.000272
257,2.1596638655462184,old,50,8.392980,419.648988
257,2.1596638655462184,on,50,4.503479,225.173951
257,2.1596638655462184,open,50,6.818527,340.926365
257,2.1596638655462184,orange,50,8.166791,408.339546
257,2.1596638655462184,other,50,5.697169,284.858457
257,2.1596638655462184,ouch,50,8.911169,445.558437
257,2.1596638655462184,our,50,7.902526,395.126324
257,2.1596638655462184,out,50,5.750373,287.518667
257,2.1596638655462184,outside,50,7.987722,399.386096
257,2.1596638655462184,oven,50,9.142630,457.131501
257,2.1596638655462184,over,50,6.405071,320.253557
257,2.1596638655462184,owl,50,8.420203,421.010149
257,2.1596638655462184,paint,50,10.471524,523.576197
257,2.1596638655462184,pajamas,50,9.714552,485.727576
257,2.1596638655462184,pancake,46,9.072893,417.353077
257,2.1596638655462184,pants,50,8.407082,420.354121
257,2.1596638655462184,paper,50,7.128502,356.425076
257,2.1596638655462184,park,50,7.472216,373.610784
257,2.1596638655462184,party,50,8.611770,430.588524
257,2.1596638655462184,peanut,50,10.323309,516.165461
257,2.1596638655462184,peas,50,8.197756,409.887787
257,2.1596638655462184,pen,50,8.617289,430.864426
257,2.1596638655462184,pencil,50,8.872435,443.621749
257,2.1596638655462184,penguin,50,8.614461,430.723055
257,2.1596638655462184,penis,18,14.134851,254.427317
257,2.1596638655462184,penny,50,8.988219,449.410966
257,2.1596638655462184,people,50,7.084883,354.244172
257,2.1596638655462184,person,50,9.573245,478.662251
257,2.1596638655462184,pick,50,7.875618,393.780883
257,2.1596638655462184,pickle,50,9.782877,489.143867
257,2.1596638655462184,picnic,50,8.732283,436.614139
257,2.1596638655462184,picture,50,5.936469,296.823464
257,2.1596638655462184,pig,50,8.549864,427.493180
257,2.1596638655462184,pillow,50,9.749762,487.488075
257,2.1596638655462184,pizza,50,8.418984,420.949211
257,2.1596638655462184,plant,50,10.207380,510.369002
257,2.1596638655462184,plate,50,7.315362,365.768119
257,2.1596638655462184,play,50,5.280160,264.008013
257,2.1596638655462184,playground,22,10.846063,238.613394
257,2.1596638655462184,please,50,6.609188,330.459392
257,2.1596638655462184,police,50,9.040229,452.011467
257,2.1596638655462184,pony,50,9.562846,478.142322
257,2.1596638655462184,pool,50,9.317363,465.868150
257,2.1596638655462184,poor,50,8.633321,431.666030
257,2.1596638655462184,popcorn,50,10.553182,527.659120
257,2.1596638655462184,popsicle,31,11.528392,357.380146
257,2.1596638655462184,porch,31,13.160692,407.981441
257,2.1596638655462184,potato,50,10.839469,541.973454
257,2.1596638655462184,pour,50,9.300732,465.036577
257,2.1596638655462184,present,50,8.985923,449.296139
257,2.1596638655462184,pretend,50,8.392758,419.637908
257,2.1596638655462184,pretty,50,7.989599,399.479928
257,2.1596638655462184,pretzel,50,10.045242,502.262093
257,2.1596638655462184,pudding,50,11.328442,566.422092
257,2.1596638655462184,pull,50,7.706159,385.307939
257,2.1596638655462184,pumpkin,50,9.433201,471.660043
257,2.1596638655462184,puppy,50,8.671507,433.575367
257,2.1596638655462184,purse,50,9.463184,473.159190
257,2.1596638655462184,push,50,8.024587,401.229336
257,2.1596638655462184,put,50,4.535709,226.785469
257,2.1596638655462184,puzzle,50,7.945162,397.258117
257,2.1596638655462184,quack,50,8.942265,447.113243
257,2.1596638655462184,quiet,50,9.148279,457.413939
257,2.1596638655462184,radio,50,9.725705,486.285267
257,2.1596638655462184,rain,50,8.530592,426.529605
257,2.1596638655462184,raisin,43,15.091148,648.919368
257,2.1596638655462184,read,50,5.448126,272.406295
257,2.1596638655462184,red,50,6.957439,347.871971
257,2.1596638655462184,refrigerator,50,9.653984,482.699201
257,2.1596638655462184,ride,50,8.402738,420.136917
257,2.1596638655462184,rip,50,10.218618,510.930901
257,2.1596638655462184,rock,50,8.648549,432.427464
257,2.1596638655462184,rocking,50,9.560981,478.049070
257,2.1596638655462184,roof,50,9.330352,466.517596
257,2.1596638655462184,room,50,7.156526,357.826276
257,2.1596638655462184,rooster,50,9.876634,493.831683
257,2.1596638655462184,run,50,8.634535,431.726764
257,2.1596638655462184,sad,50,8.872749,443.637435
257,2.1596638655462184,salt,50,10.043802,502.190105
257,2.1596638655462184,same,50,6.953670,347.683481
257,2.1596638655462184,sandwich,50,8.195191,409.759562
257,2.1596638655462184,sauce,50,10.578805,528.940233
257,2.1596638655462184,say,50,6.392930,319.646510
257,2.1596638655462184,scared,50,8.494881,424.744035
257,2.1596638655462184,scarf,50,11.983894,599.194705
257,2.1596638655462184,school,50,7.019803,350.990173
257,2.1596638655462184,scissors,50,9.881355,494.067767
257,2.1596638655462184,see,50,4.329549,216.477473
257,2.1596638655462184,shake,50,9.866943,493.347172
257,2.1596638655462184,share,50,9.334883,466.744134
257,2.1596638655462184,she,50,4.895947,244.797345
257,2.1596638655462184,sheep,50,8.100808,405.040400
257,2.1596638655462184,shh,50,8.554679,427.733951
257,2.1596638655462184,shirt,50,8.206879,410.343927
257,2.1596638655462184,shoe,50,8.080785,404.039239
257,2.1596638655462184,shopping,50,10.009376,500.468794
257,2.1596638655462184,shorts,50,10.337830,516.891476
257,2.1596638655462184,shoulder,50,10.586052,529.302588
257,2.1596638655462184,shovel,50,10.170602,508.530075
257,2.1596638655462184,show,50,7.886467,394.323341
257,2.1596638655462184,shower,50,9.232068,461.603398
257,2.1596638655462184,sick,50,9.714227,485.711362
257,2.1596638655462184,sidewalk,19,8.875156,168.627970
257,2.1596638655462184,sing,50,8.029076,401.453800
257,2.1596638655462184,sink,50,8.516795,425.839746
257,2.1596638655462184,sister,50,8.575463,428.773149
257,2.1596638655462184,sit,50,6.636387,331.819356
257,2.1596638655462184,skate,13,12.276638,159.596288
257,2.1596638655462184,sky,50,7.467711,373.385568
257,2.1596638655462184,sled,22,11.117874,244.593238
257,2.1596638655462184,sleep,50,6.807838,340.391881
257,2.1596638655462184,sleepy,50,10.786416,539.320790
257,2.1596638655462184,slide,50,9.173207,458.660349
257,2.1596638655462184,slipper,50,10.028324,501.416177
257,2.1596638655462184,slow,50,10.690343,534.517156
257,2.1596638655462184,smile,50,9.839206,491.960322
257,2.1596638655462184,snack,50,11.178692,558.934608
257,2.1596638655462184,snow,50,8.966912,448.345593
257,2.1596638655462184,so,50,5.752763,287.638168
257,2.1596638655462184,soap,50,10.343683,517.184140
257,2.1596638655462184,sock,50,11.579073,578.953648
257,2.1596638655462184,soda,50,11.129750,556.487500
257,2.1596638655462184,sofa,50,8.707794,435.389678
257,2.1596638655462184,soft,50,9.563354,478.167691
257,2.1596638655462184,some,50,5.042188,252.109413
257,2.1596638655462184,soup,50,8.756455,437.822769
257,2.1596638655462184,spill,50,9.937000,496.849980
257,2.1596638655462184,splash,50,10.154992,507.749607
257,2.1596638655462184,spoon,50,7.098876,354.943794
257,2.1596638655462184,sprinkler,13,14.369716,186.806307
257,2.1596638655462184,squirrel,50,8.781220,439.060984
257,2.1596638655462184,stairs,50,8.425854,421.292684
257,2.1596638655462184,stand,50,8.066313,403.315640
257,2.1596638655462184,star,50,8.553548,427.677394
257,2.1596638655462184,stay,50,7.733862,386.693095
257,2.1596638655462184,stick,50,8.581433,429.071661
257,2.1596638655462184,sticky,50,9.523545,476.177242
257,2.1596638655462184,stone,50,11.080530,554.026494
257,2.1596638655462184,stop,50,7.761279,388.063927
257,2.1596638655462184,store,50,7.954217,397.710846
257,2.1596638655462184,story,50,6.953468,347.673389
257,2.1596638655462184,stove,50,8.291592,414.579619
257,2.1596638655462184,strawberry,50,9.963992,498.199588
257,2.1596638655462184,street,50,9.815574,490.778675
257,2.1596638655462184,stroller,50,10.502463,525.123152
257,2.1596638655462184,stuck,50,8.358134,417.906718
257,2.1596638655462184,sun,50,7.935747,396.787372
257,2.1596638655462184,sweater,50,10.061468,503.073379
257,2.1596638655462184,sweep,50,13.149816,657.490825
257,2.1596638655462184,swim,50,8.846864,442.343180
257,2.1596638655462184,swing,50,9.067528,453.376388
257,2.1596638655462184,table,50,6.664425,333.221231
257,2.1596638655462184,take,50,5.234785,261.739257
257,2.1596638655462184,talk,50,7.734605,386.730270
257,2.1596638655462184,tape,50,8.034632,401.731606
257,2.1596638655462184,taste,50,9.607132,480.356586
257,2.1596638655462184,teacher,50,9.070009,453.500442
257,2.1596638655462184,tear,50,9.941419,497.070933
257,2.1596638655462184,telephone,50,8.446011,422.300558
257,2.1596638655462184,thank,50,5.707482,285.374119
257,2.1596638655462184,that,50,3.012274,150.613723
257,2.1596638655462184,the,50,2.952760,147.638017
257,2.1596638655462184,their,50,7.574469,378.723465
257,2.1596638655462184,them,50,5.166967,258.348341
257,2.1596638655462184,then,50,3.958036,197.901784
257,2.1596638655462184,there,50,4.444449,222.222473
257,2.1596638655462184,these,50,5.860704,293.035189
257,2.1596638655462184,they,50,4.133337,206.666840
257,2.1596638655462184,think,50,3.954180,197.708992
257,2.1596638655462184,thirsty,50,10.165935,508.296725
257,2.1596638655462184,this,50,4.278791,213.939558
257,2.1596638655462184,those,50,6.028593,301.429654
257,2.1596638655462184,throw,50,7.371980,368.599023
257,2.1596638655462184,tickle,50,10.146799,507.339956
257,2.1596638655462184,tiger,50,8.496984,424.849180
257,2.1596638655462184,time,50,6.480075,324.003726
257,2.1596638655462184,tiny,50,8.707812,435.390575
257,2.1596638655462184,tired,50,7.884191,394.209563
257,2.1596638655462184,tissue,50,10.019127,500.956361
257,2.1596638655462184,to,50,4.294162,214.708112
257,2.1596638655462184,toast,50,8.837801,441.890061
257,2.1596638655462184,today,50,7.734930,386.746522
257,2.1596638655462184,tomorrow,50,9.332916,466.645779
257,2.1596638655462184,tongue,50,8.841237,442.061855
257,2.1596638655462184,tonight,50,10.104807,505.240338
257,2.1596638655462184,too,50,6.501646,325.082276
257,2.1596638655462184,tooth,50,10.009295,500.464766
257,2.1596638655462184,toothbrush,50,12.593996,629.699813
257,2.1596638655462184,touch,50,7.312632,365.631597
257,2.1596638655462184,towel,50,9.324511,466.225562
257,2.1596638655462184,tractor,50,8.356659,417.832973
257,2.1596638655462184,train,50,7.416690,370.834485
257,2.1596638655462184,trash,50,10.066325,503.316225
257,2.1596638655462184,tray,50,9.916886,495.844290
257,2.1596638655462184,tree,50,7.273714,363.685699
257,2.1596638655462184,truck,50,7.907461,395.373034
257,2.1596638655462184,try,50,7.209808,360.490389
257,2.1596638655462184,tummy,50,8.183701,409.185071
257,2.1596638655462184,tuna,50,11.409430,570.471492
257,2.1596638655462184,turkey,50,9.793808,489.690375
257,2.1596638655462184,turn,50,7.130472,356.523584
257,2.1596638655462184,turtle,50,8.554670,427.733500
257,2.1596638655462184,tv,50,9.656444,482.822177
257,2.1596638655462184,uh,50,5.950964,297.548194
257,2.1596638655462184,uncle,50,12.424418,621.220903
257,2.1596638655462184,under,50,7.995879,399.793973
257,2.1596638655462184,up,50,4.334327,216.716347
257,2.1596638655462184,us,50,7.378792,368.939618
257,2.1596638655462184,vacuum,50,10.243148,512.157393
257,2.1596638655462184,vanilla,50,11.887286,594.364316
257,2.1596638655462184,wait,50,7.988281,399.414058
257,2.1596638655462184,wake,50,8.699758,434.987878
257,2.1596638655462184,walk,50,8.274025,413.701231
257,2.1596638655462184,walker,12,14.077529,168.930352
257,2.1596638655462184,wanna,50,3.654833,182.741649
257,2.1596638655462184,was,50,4.377164,218.858177
257,2.1596638655462184,wash,50,8.615577,430.778826
257,2.1596638655462184,washing,50,9.167610,458.380515
257,2.1596638655462184,watch,50,7.250560,362.527982
257,2.1596638655462184,water,50,6.003599,300.179968
257,2.1596638655462184,we,50,4.903540,245.176987
257,2.1596638655462184,were,50,5.797827,289.891347
257,2.1596638655462184,wet,50,8.621549,431.077456
257,2.1596638655462184,what,50,3.384095,169.204738
257,2.1596638655462184,when,50,6.529326,326.466314
257,2.1596638655462184,where,50,4.555395,227.769732
257,2.1596638655462184,which,50,7.197116,359.855775
257,2.1596638655462184,white,50,7.912489,395.624465
257,2.1596638655462184,who,50,5.522269,276.113448
257,2.1596638655462184,why,50,5.910293,295.514634
257,2.1596638655462184,will,50,6.143572,307.178583
257,2.1596638655462184,wind,50,9.377250,468.862515
257,2.1596638655462184,window,50,6.812662,340.633078
257,2.1596638655462184,windy,50,10.326526,516.326282
257,2.1596638655462184,wipe,50,9.821258,491.062903
257,2.1596638655462184,wish,50,9.453207,472.660363
257,2.1596638655462184,with,50,3.565713,178.285634
257,2.1596638655462184,wolf,50,9.063926,453.196280
257,2.1596638655462184,woods,48,9.396943,451.053280
257,2.1596638655462184,woof,50,10.476540,523.827022
257,2.1596638655462184,work,50,7.264371,363.218539
257,2.1596638655462184,would,50,6.223122,311.156080
257,2.1596638655462184,write,50,8.384462,419.223102
257,2.1596638655462184,yard,50,9.973520,498.676013
257,2.1596638655462184,yellow,50,7.337108,366.855404
257,2.1596638655462184,yes,50,5.532871,276.643555
257,2.1596638655462184,yesterday,50,8.907668,445.383425
257,2.1596638655462184,yogurt,50,10.168704,508.435189
257,2.1596638655462184,you,50,2.737930,136.896488
257,2.1596638655462184,your,50,4.195016,209.750801
257,2.1596638655462184,yourself,50,8.328149,416.407466
257,2.1596638655462184,yum,50,8.527900,426.395019
257,2.1596638655462184,zebra,50,8.741738,437.086882
257,2.1596638655462184,zipper,40,10.448860,417.954391
257,2.1596638655462184,zoo,50,6.442665,322.133275
344,2.8907563025210083,a,50,3.530437,176.521850
344,2.8907563025210083,about,50,5.495259,274.762974
344,2.8907563025210083,above,50,10.375401,518.770037
344,2.8907563025210083,after,50,8.232329,411.616454
344,2.8907563025210083,airplane,50,8.187046,409.352323
344,2.8907563025210083,all,50,5.996275,299.813726
344,2.8907563025210083,alligator,50,8.880797,444.039837
344,2.8907563025210083,am,50,7.156238,357.811897
344,2.8907563025210083,and,50,4.101559,205.077964
344,2.8907563025210083,animal,50,8.738951,436.947535
344,2.8907563025210083,ankle,5,11.740722,58.703612
344,2.8907563025210083,another,50,6.382527,319.126370
344,2.8907563025210083,any,50,6.164994,308.249678
344,2.8907563025210083,apple,50,8.048197,402.409842
344,2.8907563025210083,are,50,4.268295,213.414749
344,2.8907563025210083,arm,50,8.085446,404.272306
344,2.8907563025210083,around,50,7.468566,373.428285
344,2.8907563025210083,asleep,50,9.429101,471.455029
344,2.8907563025210083,at,50,3.038670,151.933512
344,2.8907563025210083,aunt,42,11.230642,471.686952
344,2.8907563025210083,awake,50,9.678689,483.934431
344,2.8907563025210083,away,50,6.312939,315.646957
344,2.8907563025210083,baby,50,6.055310,302.765517
344,2.8907563025210083,babysitter,11,13.869508,152.564585
344,2.8907563025210083,back,50,6.317826,315.891294
344,2.8907563025210083,backyard,19,13.466673,255.866779
344,2.8907563025210083,bad,50,8.545897,427.294842
344,2.8907563025210083,ball,50,6.291182,314.559078
344,2.8907563025210083,balloon,50,8.235335,411.766747
344,2.8907563025210083,banana,50,8.677952,433.897596
344,2.8907563025210083,basement,26,10.100904,262.623492
344,2.8907563025210083,basket,50,7.756278,387.813913
344,2.8907563025210083,bat,50,10.147617,507.380832
344,2.8907563025210083,bath,50,7.638742,381.937119
344,2.8907563025210083,bathroom,50,10.176475,508.823746
344,2.8907563025210083,bathtub,31,10.271696,318.422578
344,2.8907563025210083,be,50,4.329488,216.474383
344,2.8907563025210083,beach,50,6.961827,348.091334
344,2.8907563025210083,beads,50,10.311797,515.589840
344,2.8907563025210083,beans,50,10.049867,502.493340
344,2.8907563025210083,bear,50,8.111282,405.564108
344,2.8907563025210083,because,50,6.424565,321.228232
344,2.8907563025210083,bed,50,7.652572,382.628608
344,2.8907563025210083,bedroom,50,8.312698,415.634904
344,2.8907563025210083,bee,50,8.528516,426.425776
344,2.8907563025210083,before,50,8.099117,404.955838
344,2.8907563025210083,behind,50,8.691326,434.566295
344,2.8907563025210083,belly,50,7.787545,389.377263
344,2.8907563025210083,belt,50,9.791577,489.578835
344,2.8907563025210083,bench,50,10.300994,515.049677
344,2.8907563025210083,beside,50,10.566609,528.330472
344,2.8907563025210083,better,50,7.047969,352.398453
344,2.8907563025210083,bib,50,9.918906,495.945312
344,2.8907563025210083,bicycle,50,8.855182,442.759100
344,2.8907563025210083,big,50,5.987010,299.350516
344,2.8907563025210083,bird,50,8.017845,400.892233
344,2.8907563025210083,bite,50,8.390942,419.547101
344,2.8907563025210083,black,50,8.171943,408.597168
344,2.8907563025210083,blanket,50,7.792953,389.647635
344,2.8907563025210083,block,50,8.925101,446.255049
344,2.8907563025210083,blow,50,9.346198,467.309923
344,2.8907563025210083,blue,50,7.203077,360.153844
344,2.8907563025210083,boat,50,7.550273,377.513625
344,2.8907563025210083,book,50,5.557250,277.862505
344,2.8907563025210083,boots,50,9.874181,493.709033
344,2.8907563025210083,bottle,50,7.333979,366.698962
344,2.8907563025210083,bowl,50,7.403355,370.167727
344,2.8907563025210083,box,50,6.923921,346.196046
344,2.8907563025210083,boy,50,6.158022,307.901102
344,2.8907563025210083,bread,50,7.823335,391.166754
344,2.8907563025210083,break,50,7.362515,368.125740
344,2.8907563025210083,breakfast,50,8.144849,407.242460
344,2.8907563025210083,bring,50,7.370170,368.508506
344,2.8907563025210083,broken,50,8.255533,412.776660
344,2.8907563025210083,broom,50,10.229504,511.475194
344,2.8907563025210083,brother,50,8.626763,431.338150
344,2.8907563025210083,brown,50,9.182422,459.121083
344,2.8907563025210083,brush,50,8.682960,434.148023
344,2.8907563025210083,bubbles,50,9.629875,481.493737
344,2.8907563025210083,bucket,50,8.678586,433.929297
344,2.8907563025210083,bug,50,7.953805,397.690233
344,2.8907563025210083,build,50,7.440085,372.004252
344,2.8907563025210083,bump,50,9.333547,466.677339
344,2.8907563025210083,bunny,50,8.180542,409.027116
344,2.8907563025210083,bus,50,7.466566,373.328312
344,2.8907563025210083,but,50,6.173157,308.657864
344,2.8907563025210083,butter,50,8.853780,442.688989
344,2.8907563025210083,butterfly,50,8.443157,422.157854
344,2.8907563025210083,button,50,8.595197,429.759831
344,2.8907563025210083,buy,50,7.395057,369.752873
344,2.8907563025210083,by,50,7.814407,390.720336
344,2.8907563025210083,bye,50,7.762540,388.126980
344,2.8907563025210083,cake,50,7.842333,392.116634
344,2.8907563025210083,call,50,7.600271,380.013527
344,2.8907563025210083,camera,50,9.449395,472.469728
344,2.8907563025210083,camping,31,11.472379,355.643741
344,2.8907563025210083,can,50,4.057366,202.868323
344,2.8907563025210083,candy,50,8.541767,427.088351
344,2.8907563025210083,car,50,5.873888,293.694400
344,2.8907563025210083,careful,50,7.109028,355.451423
344,2.8907563025210083,carrots,50,9.651889,482.594469
344,2.8907563025210083,carry,50,8.345546,417.277290
344,2.8907563025210083,cat,50,7.931429,396.571428
344,2.8907563025210083,catch,50,8.866342,443.317079
344,2.8907563025210083,cereal,50,9.276378,463.818882
344,2.8907563025210083,chair,50,7.425485,371.274265
344,2.8907563025210083,chalk,40,9.799556,391.982238
344,2.8907563025210083,chase,49,9.196434,450.625259
344,2.8907563025210083,cheek,35,9.141312,319.945904
344,2.8907563025210083,cheese,50,8.284321,414.216073
344,2.8907563025210083,chicken,50,8.293559,414.677936
344,2.8907563025210083,child,50,9.315744,465.787191
344,2.8907563025210083,chin,50,10.149294,507.464724
344,2.8907563025210083,chocolate,50,8.627956,431.397782
344,2.8907563025210083,choo,50,8.683062,434.153118
344,2.8907563025210083,church,50,9.331267,466.563337
344,2.8907563025210083,circus,50,9.610796,480.539778
344,2.8907563025210083,clap,50,11.183429,559.171473
344,2.8907563025210083,clean,50,8.433307,421.665355
344,2.8907563025210083,climb,50,9.355318,467.765878
344,2.8907563025210083,clock,50,7.893508,394.675414
344,2.8907563025210083,close,50,8.637208,431.860384
344,2.8907563025210083,closet,50,9.429373,471.468638
344,2.8907563025210083,cloud,50,11.765043,588.252174
344,2.8907563025210083,clown,50,9.427983,471.399140
344,2.8907563025210083,coat,50,8.482879,424.143937
344,2.8907563025210083,coffee,50,8.192119,409.605933
344,2.8907563025210083,coke,50,10.305104,515.255200
344,2.8907563025210083,cold,50,8.101233,405.061628
344,2.8907563025210083,comb,50,8.959253,447.962644
344,2.8907563025210083,cook,50,8.071333,403.566664
344,2.8907563025210083,cookie,50,9.056789,452.839432
344,2.8907563025210083,corn,50,9.362762,468.138093
344,2.8907563025210083,couch,50,8.992019,449.600972
344,2.8907563025210083,could,50,6.165257,308.262864
344,2.8907563025210083,country,50,9.818858,490.942919
344,2.8907563025210083,cover,50,9.143080,457.153975
344,2.8907563025210083,cow,50,7.381641,369.082028
344,2.8907563025210083,cowboy,50,9.454629,472.731458
344,2.8907563025210083,cracker,50,9.413251,470.662538
344,2.8907563025210083,crayon,50,9.823806,491.190294
344,2.8907563025210083,crib,50,9.999866,499.993302
344,2.8907563025210083,cry,50,8.557666,427.883281
344,2.8907563025210083,cup,50,8.194577,409.728871
344,2.8907563025210083,cut,50,8.009124,400.456202
344,2.8907563025210083,cute,50,9.770885,488.544230
344,2.8907563025210083,daddy,50,8.134200,406.710012
344,2.8907563025210083,dance,50,9.703623,485.181144
344,2.8907563025210083,dark,50,8.665400,433.270001
344,2.8907563025210083,day,50,6.945717,347.285829
344,2.8907563025210083,deer,50,10.183437,509.171855
344,2.8907563025210083,diaper,50,8.637615,431.880766
344,2.8907563025210083,did,50,5.189068,259.453395
344,2.8907563025210083,dinner,50,7.895207,394.760373
344,2.8907563025210083,dirty,50,8.696411,434.820569
344,2.8907563025210083,dish,50,8.482898,424.144877
344,2.8907563025210083,do,50,3.906094,195.304677
344,2.8907563025210083,doctor,50,8.556306,427.815277
344,2.8907563025210083,does,50,5.964415,298.220741
344,2.8907563025210083,dog,50,6.133942,306.697079
344,2.8907563025210083,doll,50,8.247427,412.371374
344,2.8907563025210083,donkey,50,9.503804,475.190177
344,2.8907563025210083,donut,41,14.087673,577.594573
344,2.8907563025210083,door,50,6.988629,349.431441
344,2.8907563025210083,down,50,5.783034,289.151707
344,2.8907563025210083,downtown,8,11.367968,90.943742
344,2.8907563025210083,draw,50,6.930021,346.501037
344,2.8907563025210083,drawer,50,8.186508,409.325410
344,2.8907563025210083,dress,50,8.393304,419.665211
344,2.8907563025210083,drink,50,7.353630,367.681507
344,2.8907563025210083,drive,50,8.611935,430.596733
344,2.8907563025210083,drop,50,9.303400,465.169982
344,2.8907563025210083,dry,50,9.463214,473.160713
344,2.8907563025210083,dryer,20,10.578551,211.571021
344,2.8907563025210083,duck,50,7.871978,393.598879
344,2.8907563025210083,dump,50,10.136237,506.811845
344,2.8907563025210083,each,50,8.407459,420.372970
344,2.8907563025210083,ear,50,8.412017,420.600873
344,2.8907563025210083,eat,50,5.547689,277.384436
344,2.8907563025210083,egg,50,8.225624,411.281196
344,2.8907563025210083,elephant,50,7.846849,392.342436
344,2.8907563025210083,empty,50,9.614983,480.749154
344,2.8907563025210083,every,50,9.657056,482.852806
344,2.8907563025210083,eye,50,8.544330,427.216498
344,2.8907563025210083,face,50,7.348179,367.408971
344,2.8907563025210083,fall,50,7.707922,385.396077
344,2.8907563025210083,farm,50,8.301175,415.058764
344,2.8907563025210083,fast,50,8.451118,422.555882
344,2.8907563025210083,feed,50,8.286276,414.313789
344,2.8907563025210083,find,50,6.389625,319.481271
344,2.8907563025210083,fine,50,8.716990,435.849495
344,2.8907563025210083,finger,50,7.716905,385.845232
344,2.8907563025210083,finish,50,8.366979,418.348972
344,2.8907563025210083,first,50,7.827864,391.393215
344,2.8907563025210083,fish,50,7.659939,382.996950
344,2.8907563025210083,fit,50,7.506832,375.341603
344,2.8907563025210083,fix,50,8.084379,404.218942
344,2.8907563025210083,flag,50,10.709301,535.465071
344,2.8907563025210083,flower,50,8.380898,419.044894
344,2.8907563025210083,food,50,6.848337,342.416842
344,2.8907563025210083,foot,50,7.780867,389.043341
344,2.8907563025210083,for,50,5.471209,273.560437
344,2.8907563025210083,fork,50,8.336495,416.824758
344,2.8907563025210083,french,50,11.155169,557.758461
344,2.8907563025210083,friend,50,7.548733,377.436648
344,2.8907563025210083,frog,50,8.003579,400.178953
344,2.8907563025210083,full,50,9.212604,460.630178
344,2.8907563025210083,game,50,8.147305,407.365247
344,2.8907563025210083,garage,50,7.672482,383.624105
344,2.8907563025210083,garbage,50,8.990798,449.539890
344,2.8907563025210083,garden,50,7.093879,354.693961
344,2.8907563025210083,gas,50,10.099718,504.985921
344,2.8907563025210083,gentle,50,9.532928,476.646424
344,2.8907563025210083,get,50,4.547466,227.373297
344,2.8907563025210083,giraffe,50,8.808566,440.428289
344,2.8907563025210083,girl,50,3.753259,187.662965
344,2.8907563025210083,give,50,6.023469,301.173467
344,2.8907563025210083,glass,50,8.799812,439.990588
344,2.8907563025210083,glasses,50,8.961205,448.060227
344,2.8907563025210083,gloves,50,10.101575,505.078763
344,2.8907563025210083,glue,50,9.359642,467.982123
344,2.8907563025210083,go,50,4.196744,209.837201
344,2.8907563025210083,good,50,5.583668,279.183376
344,2.8907563025210083,goose,50,10.236657,511.832833
344,2.8907563025210083,grandma,50,9.939058,496.952887
344,2.8907563025210083,grandpa,45,10.468025,471.061107
344,2.8907563025210083,grapes,50,9.116647,455.832337
344,2.8907563025210083,grass,50,7.443393,372.169669
344,2.8907563025210083,green,50,6.923139,346.156971
344,2.8907563025210083,gum,50,10.200885,510.044268
344,2.8907563025210083,hair,50,6.698946,334.947278
344,2.8907563025210083,hamburger,50,9.409966,470.498299
344,2.8907563025210083,hammer,50,8.870815,443.540730
344,2.8907563025210083,hand,50,6.530401,326.520069
344,2.8907563025210083,happy,50,8.468727,423.436328
344,2.8907563025210083,hard,50,7.382589,369.129461
344,2.8907563025210083,hat,50,6.718958,335.947911
344,2.8907563025210083,hate,50,10.247413,512.370657
344,2.8907563025210083,have,50,4.092671,204.633564
344,2.8907563025210083,he,50,4.610250,230.512494
344,2.8907563025210083,head,50,5.548391,277.419540
344,2.8907563025210083,hear,50,6.485601,324.280064
344,2.8907563025210083,heavy,50,8.957253,447.862659
344,2.8907563025210083,helicopter,50,8.931951,446.597526
344,2.8907563025210083,hello,50,7.019567,350.978364
344,2.8907563025210083,help,50,7.148234,357.411722
344,2.8907563025210083,her,50,4.902298,245.114907
344,2.8907563025210083,here,50,4.758915,237.945757
344,2.8907563025210083,hi,50,7.825452,391.272604
344,2.8907563025210083,hide,50,9.805173,490.258654
344,2.8907563025210083,high,50,9.154197,457.709829
344,2.8907563025210083,him,50,5.079643,253.982131
344,2.8907563025210083,his,50,6.043069,302.153432
344,2.8907563025210083,hit,50,8.382268,419.113398
344,2.8907563025210083,hold,50,7.549275,377.463739
344,2.8907563025210083,home,50,5.140089,257.004473
344,2.8907563025210083,horse,50,7.901423,395.071167
344,2.8907563025210083,hose,50,10.575375,528.768761
344,2.8907563025210083,hot,50,7.385912,369.295585
344,2.8907563025210083,house,50,6.508207,325.410328
344,2.8907563025210083,how,50,5.910969,295.548451
344,2.8907563025210083,hug,50,8.768269,438.413439
344,2.8907563025210083,hungry,50,7.310593,365.529625
344,2.8907563025210083,hurry,50,10.350726,517.536322
344,2.8907563025210083,hurt,50,7.385017,369.250850
344,2.8907563025210083,i,50,10.049617,502.480853
344,2.8907563025210083,ice,50,8.111698,405.584888
344,2.8907563025210083,if,50,5.493331,274.666571
344,2.8907563025210083,inside,50,7.835250,391.762522
344,2.8907563025210083,into,50,7.459982,372.999096
344,2.8907563025210083,is,50,4.381536,219.076801
344,2.8907563025210083,it,50,2.734804,136.740178
344,2.8907563025210083,jacket,50,8.219077,410.953866
344,2.8907563025210083,jar,50,9.594593,479.729633
344,2.8907563025210083,jeans,16,13.309913,212.958607
344,2.8907563025210083,jelly,50,9.661876,483.093808
344,2.8907563025210083,juice,50,7.377193,368.859659
344,2.8907563025210083,jump,50,8.953351,447.667570
344,2.8907563025210083,keys,50,9.520149,476.007463
344,2.8907563025210083,kick,50,10.027034,501.351694
344,2.8907563025210083,kiss,50,7.770490,388.524476
344,2.8907563025210083,kitchen,50,6.826030,341.301501
344,2.8907563025210083,kitty,50,7.867144,393.357213
344,2.8907563025210083,knee,50,9.173277,458.663832
344,2.8907563025210083,knife,50,8.470144,423.507191
344,2.8907563025210083,knock,50,9.072502,453.625084
344,2.8907563025210083,ladder,50,8.914187,445.709369
344,2.8907563025210083,lady,50,7.827161,391.358068
344,2.8907563025210083,lamb,50,9.418788,470.939412
344,2.8907563025210083,lamp,50,11.359274,567.963690
344,2.8907563025210083,last,50,8.372459,418.622963
344,2.8907563025210083,later,50,8.894227,444.711333
344,2.8907563025210083,lawn,37,10.648505,393.994672
344,2.8907563025210083,leg,50,8.267503,413.375137
344,2.8907563025210083,lick,50,10.739865,536.993242
344,2.8907563025210083,light,50,8.766984,438.349182
344,2.8907563025210083,like,50,3.841690,192.084509
344,2.8907563025210083,lion,50,8.102839,405.141932
344,2.8907563025210083,lips,50,9.428108,471.405402
344,2.8907563025210083,listen,50,8.201225,410.061267
344,2.8907563025210083,little,50,5.105243,255.262141
344,2.8907563025210083,living,50,9.750091,487.504549
344,2.8907563025210083,lollipop,50,8.862227,443.111365
344,2.8907563025210083,long,50,7.124125,356.206258
344,2.8907563025210083,look,50,5.261625,263.081271
344,2.8907563025210083,loud,50,9.023053,451.152646
344,2.8907563025210083,love,50,7.529756,376.487817
344,2.8907563025210083,lunch,50,7.122545,356.127251
344,2.8907563025210083,mad,50,10.548810,527.440475
344,2.8907563025210083,make,50,5.277266,263.863290
344,2.8907563025210083,man,50,7.017712,350.885621
344,2.8907563025210083,me,50,2.909629,145.481461
344,2.8907563025210083,meat,50,9.448739,472.436936
344,2.8907563025210083,medicine,50,9.182685,459.134250
344,2.8907563025210083,milk,50,7.138116,356.905777
344,2.8907563025210083,mine,50,7.144137,357.206863
344,2.8907563025210083,mommy,50,7.899605,394.980236
344,2.8907563025210083,money,50,8.054223,402.711150
344,2.8907563025210083,monkey,50,7.911498,395.574921
344,2.8907563025210083,moo,50,9.217557,460.877840
344,2.8907563025210083,moon,50,8.075890,403.794502
344,2.8907563025210083,moose,32,11.624296,371.977487
344,2.8907563025210083,mop,40,12.175012,487.000470
344,2.8907563025210083,more,50,5.887711,294.385560
344,2.8907563025210083,morning,50,6.732932,336.646595
344,2.8907563025210083,motorcycle,50,8.459001,422.950046
344,2.8907563025210083,mouse,50,8.426817,421.340842
344,2.8907563025210083,mouth,50,5.131644,256.582176
344,2.8907563025210083,movie,50,9.065377,453.268861
344,2.8907563025210083,much,50,6.871750,343.587509
344,2.8907563025210083,muffin,50,10.195919,509.795955
344,2.8907563025210083,my,50,5.735254,286.762689
344,2.8907563025210083,myself,50,8.662473,433.123662
344,2.8907563025210083,nail,50,9.579806,478.990306
344,2.8907563025210083,nap,50,9.292257,464.612832
344,2.8907563025210083,napkin,50,9.877481,493.874056
344,2.8907563025210083,naughty,50,8.528558,426.427880
344,2.8907563025210083,necklace,50,10.744618,537.230912
344,2.8907563025210083,need,50,6.060102,303.005119
344,2.8907563025210083,new,50,7.275228,363.761394
344,2.8907563025210083,next,50,7.980548,399.027378
344,2.8907563025210083,nice,50,6.190719,309.535929
344,2.8907563025210083,night,50,8.098855,404.942756
344,2.8907563025210083,no,50,4.237553,211.877634
344,2.8907563025210083,noisy,50,9.588054,479.402722
344,2.8907563025210083,none,50,9.832881,491.644052
344,2.8907563025210083,noodles,50,11.125630,556.281478
344,2.8907563025210083,nose,50,6.784021,339.201063
344,2.8907563025210083,not,50,4.417326,220.866281
344,2.8907563025210083,now,50,5.828319,291.415949
344,2.8907563025210083,nurse,50,10.471782,523.589124
344,2.8907563025210083,nuts,50,10.238077,511.903868
344,2.8907563025210083,of,50,2.853213,142.660632
344,2.8907563025210083,off,50,6.116550,305.827500
344,2.8907563025210083,old,50,8.639622,431.981117
344,2.8907563025210083,on,50,4.641708,232.085414
344,2.8907563025210083,open,50,7.344645,367.232226
344,2.8907563025210083,orange,50,8.331554,416.577681
344,2.8907563025210083,other,50,5.606209,280.310474
344,2.8907563025210083,ouch,50,9.017805,450.890257
344,2.8907563025210083,our,50,6.870864,343.543213
344,2.8907563025210083,out,50,5.686460,284.323020
344,2.8907563025210083,outside,50,7.665418,383.270888
344,2.8907563025210083,oven,50,8.436167,421.808374
344,2.8907563025210083,over,50,5.969194,298.459690
344,2.8907563025210083,owl,50,8.424197,421.209830
344,2.8907563025210083,paint,50,10.196379,509.818934
344,2.8907563025210083,pajamas,50,8.982006,449.100289
344,2.8907563025210083,pancake,46,8.767789,403.318303
344,2.8907563025210083,pants,50,7.900978,395.048898
344,2.8907563025210083,paper,50,6.928481,346.424044
344,2.8907563025210083,park,50,7.016557,350.827868
344,2.8907563025210083,party,50,7.993258,399.662920
344,2.8907563025210083,peanut,50,9.722738,486.136900
344,2.8907563025210083,peas,50,7.804331,390.216559
344,2.8907563025210083,pen,50,7.869718,393.485895
344,2.8907563025210083,pencil,50,8.641619,432.080954
344,2.8907563025210083,penguin,50,8.460296,423.014824
344,2.8907563025210083,penis,18,13.814490,248.660814
344,2.8907563025210083,penny,50,8.279299,413.964937
344,2.8907563025210083,people,50,7.645415,382.270751
344,2.8907563025210083,person,50,9.185745,459.287243
344,2.8907563025210083,pick,50,7.418307,370.915353
344,2.8907563025210083,pickle,50,9.912928,495.646400
344,2.8907563025210083,picnic,50,8.430848,421.542387
344,2.8907563025210083,picture,50,5.751487,287.574360
344,2.8907563025210083,pig,50,8.095423,404.771130
344,2.8907563025210083,pillow,50,9.383542,469.177081
344,2.8907563025210083,pizza,50,8.005494,400.274688
344,2.8907563025210083,plant,50,10.198076,509.903807
344,2.8907563025210083,plate,50,7.200739,360.036971
344,2.8907563025210083,play,50,5.209982,260.499120
344,2.8907563025210083,playground,22,10.173894,223.825662
344,2.8907563025210083,please,50,7.145414,357.270717
344,2.8907563025210083,police,50,8.889195,444.459746
344,2.8907563025210083,pony,50,8.973161,448.658047
344,2.8907563025210083,pool,50,8.871533,443.576632
344,2.8907563025210083,poor,50,8.681056,434.052814
344,2.8907563025210083,popcorn,50,9.808921,490.446028
344,2.8907563025210083,popsicle,31,11.165712,346.137064
344,2.8907563025210083,porch,31,13.021434,403.664445
344,2.8907563025210083,potato,50,10.438184,521.909218
344,2.8907563025210083,pour,50,9.054814,452.740700
344,2.8907563025210083,present,50,8.488443,424.422141
344,2.8907563025210083,pretend,50,7.793879,389.693967
344,2.8907563025210083,pretty,50,7.920848,396.042423
344,2.8907563025210083,pretzel,50,9.898125,494.906261
344,2.8907563025210083,pudding,50,10.964621,548.231065
344,2.8907563025210083,pull,50,7.638193,381.909656
344,2.8907563025210083,pumpkin,50,9.312706,465.635285
344,2.8907563025210083,puppy,50,8.852583,442.629149
344,2.8907563025210083,purse,50,9.167988,458.399387
344,2.8907563025210083,push,50,7.503250,375.162478
344,2.8907563025210083,put,50,4.809744,240.487199
344,2.8907563025210083,puzzle,50,7.690085,384.504238
344,2.8907563025210083,quack,50,8.887481,444.374069
344,2.8907563025210083,quiet,50,9.039010,451.950487
344,2.8907563025210083,radio,50,9.309890,465.494485
344,2.8907563025210083,rain,50,8.183153,409.157645
344,2.8907563025210083,raisin,43,14.967732,643.612473
344,2.8907563025210083,read,50,5.261557,263.077849
344,2.8907563025210083,red,50,7.098050,354.902520
344,2.8907563025210083,refrigerator,50,8.692551,434.627556
344,2.8907563025210083,ride,50,8.579351,428.967561
344,2.8907563025210083,rip,50,10.005729,500.286454
344,2.8907563025210083,rock,50,8.724276,436.213778
344,2.8907563025210083,rocking,50,9.573535,478.676740
344,2.8907563025210083,roof,50,8.582683,429.134174
344,2.8907563025210083,room,50,7.257991,362.899559
344,2.8907563025210083,rooster,50,9.421998,471.099896
344,2.8907563025210083,run,50,8.583429,429.171451
344,2.8907563025210083,sad,50,8.473501,423.675060
344,2.8907563025210083,salt,50,9.827217,491.360869
344,2.8907563025210083,same,50,6.633056,331.652800
344,2.8907563025210083,sandwich,50,7.851612,392.580624
344,2.8907563025210083,sauce,50,9.946992,497.349614
344,2.8907563025210083,say,50,6.933683,346.684167
344,2.8907563025210083,scared,50,8.121270,406.063489
344,2.8907563025210083,scarf,50,11.386121,569.306054
344,2.8907563025210083,school,50,7.061483,353.074135
344,2.8907563025210083,scissors,50,9.427858,471.392891
344,2.8907563025210083,see,50,4.514699,225.734968
344,2.8907563025210083,shake,50,10.184577,509.228835
344,2.8907563025210083,share,50,9.090791,454.539530
344,2.8907563025210083,she,50,4.720622,236.031106
344,2.8907563025210083,sheep,50,7.944067,397.203359
344,2.8907563025210083,shh,50,8.637353,431.867644
344,2.8907563025210083,shirt,50,7.663011,383.150564
344,2.8907563025210083,shoe,50,7.953954,397.697677
344,2.8907563025210083,shopping,50,9.436317,471.815873
344,2.8907563025210083,shorts,50,10.475519,523.775956
344,2.8907563025210083,shoulder,50,9.796687,489.834355
344,2.8907563025210083,shovel,50,9.711007,485.550371
344,2.8907563025210083,show,50,7.190283,359.514160
344,2.8907563025210083,shower,50,9.437147,471.857327
344,2.8907563025210083,sick,50,9.307841,465.392075
344,2.8907563025210083,sidewalk,19,8.916961,169.422250
344,2.8907563025210083,sing,50,7.944962,397.248097
344,2.8907563025210083,sink,50,7.829841,391.492048
344,2.8907563025210083,sister,50,8.276886,413.844276
344,2.8907563025210083,sit,50,6.194500,309.725009
344,2.8907563025210083,skate,13,12.034842,156.452950
344,2.8907563025210083,sky,50,7.344048,367.202379
344,2.8907563025210083,sled,22,10.213127,224.688805
344,2.8907563025210083,sleep,50,6.234557,311.727828
344,2.8907563025210083,sleepy,50,10.459969,522.998446
344,2.8907563025210083,slide,50,9.063067,453.153356
344,2.8907563025210083,slipper,50,9.638021,481.901032
344,2.8907563025210083,slow,50,10.278700,513.935001
344,2.8907563025210083,smile,50,9.626369,481.318433
344,2.8907563025210083,snack,50,11.056663,552.833151
344,2.8907563025210083,snow,50,8.851460,442.573005
344,2.8907563025210083,so,50,5.829247,291.462342
344,2.8907563025210083,soap,50,10.093788,504.689376
344,2.8907563025210083,sock,50,10.566551,528.327545
344,2.8907563025210083,soda,50,11.177348,558.867399
344,2.8907563025210083,sofa,50,8.331772,416.588614
344,2.8907563025210083,soft,50,9.172494,458.624680
344,2.8907563025210083,some,50,4.522913,226.145655
344,2.8907563025210083,soup,50,8.909125,445.456230
344,2.8907563025210083,spill,50,9.709255,485.462742
344,2.8907563025210083,splash,50,9.753913,487.695653
344,2.8907563025210083,spoon,50,7.170909,358.545464
344,2.8907563025210083,sprinkler,13,14.200140,184.601822
344,2.8907563025210083,squirrel,50,8.976017,448.800862
344,2.8907563025210083,stairs,50,8.437753,421.887643
344,2.8907563025210083,stand,50,7.909992,395.499619
344,2.8907563025210083,star,50,8.243594,412.179677
344,2.8907563025210083,stay,50,7.254467,362.723337
344,2.8907563025210083,stick,50,8.264886,413.244299
344,2.8907563025210083,sticky,50,9.377871,468.893559
344,2.8907563025210083,stone,50,10.683583,534.179130
344,2.8907563025210083,stop,50,7.406487,370.324343
344,2.8907563025210083,store,50,6.851839,342.591932
344,2.8907563025210083,story,50,6.267203,313.360147
344,2.8907563025210083,stove,50,8.384712,419.235622
344,2.8907563025210083,strawberry,50,9.251026,462.551286
344,2.8907563025210083,street,50,9.492109,474.605426
344,2.8907563025210083,stroller,50,9.619637,480.981830
344,2.8907563025210083,stuck,50,8.111991,405.599570
344,2.8907563025210083,sun,50,7.775360,388.767989
344,2.8907563025210083,sweater,50,9.971905,498.595225
344,2.8907563025210083,sweep,50,12.725416,636.270787
344,2.8907563025210083,swim,50,8.836185,441.809256
344,2.8907563025210083,swing,50,9.262325,463.116256
344,2.8907563025210083,table,50,6.874638,343.731901
344,2.8907563025210083,take,50,5.145991,257.299564
344,2.8907563025210083,talk,50,7.287141,364.357037
344,2.8907563025210083,tape,50,7.638423,381.921145
344,2.8907563025210083,taste,50,9.518545,475.927231
344,2.8907563025210083,teacher,50,8.846296,442.314783
344,2.8907563025210083,tear,50,10.052951,502.647570
344,2.8907563025210083,telephone,50,8.026467,401.323350
344,2.8907563025210083,thank,50,6.277847,313.892347
344,2.8907563025210083,that,50,3.432672,171.633594
344,2.8907563025210083,the,50,3.008095,150.404745
344,2.8907563025210083,their,50,7.420656,371.032813
344,2.8907563025210083,them,50,4.188136,209.406822
344,2.8907563025210083,then,50,3.208921,160.446033
344,2.8907563025210083,there,50,4.255582,212.779113
344,2.8907563025210083,these,50,5.400795,270.039760
344,2.8907563025210083,they,50,4.466409,223.320467
344,2.8907563025210083,think,50,4.114950,205.747493
344,2.8907563025210083,thirsty,50,9.928708,496.435398
344,2.8907563025210083,this,50,4.086779,204.338949
344,2.8907563025210083,those,50,5.532239,276.611959
344,2.8907563025210083,throw,50,7.679640,383.982001
344,2.8907563025210083,tickle,50,9.888002,494.400102
344,2.8907563025210083,tiger,50,8.222276,411.113806
344,2.8907563025210083,time,50,6.544783,327.239135
344,2.8907563025210083,tiny,50,8.064847,403.242337
344,2.8907563025210083,tired,50,7.878815,393.940726
344,2.8907563025210083,tissue,50,9.478647,473.932356
344,2.8907563025210083,to,50,4.049505,202.475246
344,2.8907563025210083,toast,50,8.760173,438.008675
344,2.8907563025210083,today,50,7.447768,372.388388
344,2.8907563025210083,tomorrow,50,9.228968,461.448380
344,2.8907563025210083,tongue,50,7.895256,394.762825
344,2.8907563025210083,tonight,50,10.144806,507.240314
344,2.8907563025210083,too,50,6.557730,327.886508
344,2.8907563025210083,tooth,50,9.815556,490.777802
344,2.8907563025210083,toothbrush,50,12.050580,602.528989
344,2.8907563025210083,touch,50,7.280626,364.031321
344,2.8907563025210083,towel,50,9.322110,466.105499
344,2.8907563025210083,tractor,50,7.724058,386.202925
344,2.8907563025210083,train,50,7.477436,373.871797
344,2.8907563025210083,trash,50,9.759526,487.976318
344,2.8907563025210083,tray,50,9.733486,486.674284
344,2.8907563025210083,tree,50,7.631186,381.559310
344,2.8907563025210083,truck,50,7.516692,375.834607
344,2.8907563025210083,try,50,6.432610,321.630524
344,2.8907563025210083,tummy,50,7.494660,374.732986
344,2.8907563025210083,tuna,50,11.017522,550.876094
344,2.8907563025210083,turkey,50,9.576275,478.813738
344,2.8907563025210083,turn,50,7.025946,351.297305
344,2.8907563025210083,turtle,50,8.266175,413.308746
344,2.8907563025210083,tv,50,9.536598,476.829912
344,2.8907563025210083,uh,50,5.632914,281.645691
344,2.8907563025210083,uncle,50,12.040170,602.008495
344,2.8907563025210083,under,50,8.180265,409.013263
344,2.8907563025210083,up,50,5.114205,255.710231
344,2.8907563025210083,us,50,6.392435,319.621741
344,2.8907563025210083,vacuum,50,9.757944,487.897214
344,2.8907563025210083,vanilla,50,11.590853,579.542654
344,2.8907563025210083,wait,50,7.687690,384.384522
344,2.8907563025210083,wake,50,8.507996,425.399817
344,2.8907563025210083,walk,50,8.613430,430.671492
344,2.8907563025210083,walker,12,13.874101,166.489213
344,2.8907563025210083,wanna,50,4.155478,207.773889
344,2.8907563025210083,was,50,4.618802,230.940086
344,2.8907563025210083,wash,50,8.669266,433.463322
344,2.8907563025210083,washing,50,8.962859,448.142944
344,2.8907563025210083,watch,50,7.249337,362.466832
344,2.8907563025210083,water,50,6.723479,336.173974
344,2.8907563025210083,we,50,4.720738,236.036879
344,2.8907563025210083,were,50,6.070408,303.520406
344,2.8907563025210083,wet,50,8.577749,428.887445
344,2.8907563025210083,what,50,4.106798,205.339906
344,2.8907563025210083,when,50,6.745368,337.268388
344,2.8907563025210083,where,50,5.472696,273.634809
344,2.8907563025210083,which,50,6.961233,348.061654
344,2.8907563025210083,white,50,7.800871,390.043564
344,2.8907563025210083,who,50,6.149532,307.476609
344,2.8907563025210083,why,50,5.696081,284.804070
344,2.8907563025210083,will,50,6.433249,321.662449
344,2.8907563025210083,wind,50,9.607241,480.362053
344,2.8907563025210083,window,50,6.723614,336.180699
344,2.8907563025210083,windy,50,9.866610,493.330477
344,2.8907563025210083,wipe,50,9.302716,465.135780
344,2.8907563025210083,wish,50,9.498222,474.911110
344,2.8907563025210083,with,50,3.299890,164.994507
344,2.8907563025210083,wolf,50,8.522695,426.134762
344,2.8907563025210083,woods,48,9.554251,458.604033
344,2.8907563025210083,woof,50,10.318711,515.935573
344,2.8907563025210083,work,50,6.956530,347.826522
344,2.8907563025210083,would,50,6.423190,321.159493
344,2.8907563025210083,write,50,8.232649,411.632433
344,2.8907563025210083,yard,50,9.208391,460.419570
344,2.8907563025210083,yellow,50,7.535699,376.784953
344,2.8907563025210083,yes,50,4.811002,240.550100
344,2.8907563025210083,yesterday,50,8.316942,415.847123
344,2.8907563025210083,yogurt,50,9.784656,489.232803
344,2.8907563025210083,you,50,2.574116,128.705794
344,2.8907563025210083,your,50,4.242798,212.139876
344,2.8907563025210083,yourself,50,6.959825,347.991269
344,2.8907563025210083,yum,50,8.732232,436.611604
344,2.8907563025210083,zebra,50,8.693643,434.682128
344,2.8907563025210083,zipper,40,10.401464,416.058557
344,2.8907563025210083,zoo,50,6.957149,347.857426
460,3.865546218487395,a,50,3.549542,177.477101
460,3.865546218487395,about,50,4.899770,244.988484
460,3.865546218487395,above,50,10.311227,515.561331
460,3.865546218487395,after,50,8.125778,406.288902
460,3.865546218487395,airplane,50,8.251073,412.553660
460,3.865546218487395,all,50,5.834850,291.742477
460,3.865546218487395,alligator,50,8.760586,438.029319
460,3.865546218487395,am,50,7.163292,358.164583
460,3.865546218487395,and,50,3.928689,196.434445
460,3.865546218487395,animal,50,8.536955,426.847739
460,3.865546218487395,ankle,5,11.953262,59.766311
460,3.865546218487395,another,50,6.045072,302.253602
460,3.865546218487395,any,50,5.983146,299.157313
460,3.865546218487395,apple,50,7.703112,385.155589
460,3.865546218487395,are,50,4.387660,219.383008
460,3.865546218487395,arm,50,7.759557,387.977832
460,3.865546218487395,around,50,6.944023,347.201168
460,3.865546218487395,asleep,50,9.469173,473.458638
460,3.865546218487395,at,50,2.908057,145.402850
460,3.865546218487395,aunt,42,11.369380,477.513949
460,3.865546218487395,awake,50,9.738644,486.932185
460,3.865546218487395,away,50,6.285685,314.284232
460,3.865546218487395,baby,50,6.096719,304.835943
460,3.865546218487395,babysitter,11,14.287197,157.159163
460,3.865546218487395,back,50,6.331718,316.585883
460,3.865546218487395,backyard,19,13.586183,258.137474
460,3.865546218487395,bad,50,8.337692,416.884604
460,3.865546218487395,ball,50,6.349968,317.498418
460,3.865546218487395,balloon,50,8.399540,419.977003
460,3.865546218487395,banana,50,8.689211,434.460532
460,3.865546218487395,basement,26,9.853124,256.181219
460,3.865546218487395,basket,50,7.380689,369.034465
460,3.865546218487395,bat,50,9.952106,497.605303
460,3.865546218487395,bath,50,7.552861,377.643039
460,3.865546218487395,bathroom,50,10.119039,505.951931
460,3.865546218487395,bathtub,31,10.180866,315.606860
460,3.865546218487395,be,50,3.900466,195.023301
460,3.865546218487395,beach,50,6.923315,346.165729
460,3.865546218487395,beads,50,10.118881,505.944031
460,3.865546218487395,beans,50,9.693185,484.659257
460,3.865546218487395,bear,50,7.748518,387.425877
460,3.865546218487395,because,50,6.183222,309.161089
460,3.865546218487395,bed,50,7.659315,382.965771
460,3.865546218487395,bedroom,50,8.498423,424.921151
460,3.865546218487395,bee,50,8.236509,411.825440
460,3.865546218487395,before,50,7.995931,399.796546
460,3.865546218487395,behind,50,8.535017,426.750870
460,3.865546218487395,belly,50,7.734801,386.740067
460,3.865546218487395,belt,50,9.632567,481.628349
460,3.865546218487395,bench,50,10.517566,525.878309
460,3.865546218487395,beside,50,10.233874,511.693687
460,3.865546218487395,better,50,6.939773,346.988644
460,3.865546218487395,bib,50,9.831331,491.566562
460,3.865546218487395,bicycle,50,8.647385,432.369250
460,3.865546218487395,big,50,5.808443,290.422146
460,3.865546218487395,bird,50,8.054167,402.708369
460,3.865546218487395,bite,50,8.310252,415.512604
460,3.865546218487395,black,50,7.971591,398.579540
460,3.865546218487395,blanket,50,7.691297,384.564860
460,3.865546218487395,block,50,8.904686,445.234313
460,3.865546218487395,blow,50,9.156590,457.829510
460,3.865546218487395,blue,50,7.146555,357.327736
460,3.865546218487395,boat,50,7.692994,384.649713
460,3.865546218487395,book,50,5.665196,283.259779
460,3.865546218487395,boots,50,9.789607,489.480373
460,3.865546218487395,bottle,50,7.394812,369.740590
460,3.865546218487395,bowl,50,7.400501,370.025064
460,3.865546218487395,box,50,6.645079,332.253942
460,3.865546218487395,boy,50,5.695950,284.797497
460,3.865546218487395,bread,50,7.511775,375.588731
460,3.865546218487395,break,50,7.055269,352.763447
460,3.865546218487395,breakfast,50,7.828866,391.443281
460,3.865546218487395,bring,50,7.285236,364.261803
460,3.865546218487395,broken,50,8.273359,413.667951
460,3.865546218487395,broom,50,10.194949,509.747437
460,3.865546218487395,brother,50,8.614322,430.716094
460,3.865546218487395,brown,50,9.109067,455.453354
460,3.865546218487395,brush,50,8.521991,426.099544
460,3.865546218487395,bubbles,50,9.513405,475.670269
460,3.865546218487395,bucket,50,8.636740,431.836999
460,3.865546218487395,bug,50,7.870804,393.540195
460,3.865546218487395,build,50,7.058991,352.949567
460,3.865546218487395,bump,50,9.196584,459.829185
460,3.865546218487395,bunny,50,7.993100,399.655016
460,3.865546218487395,bus,50,7.115032,355.751575
460,3.865546218487395,but,50,6.009408,300.470392
460,3.865546218487395,butter,50,8.684872,434.243618
460,3.865546218487395,butterfly,50,8.361966,418.098279
460,3.865546218487395,button,50,8.296990,414.849491
460,3.865546218487395,buy,50,7.195565,359.778240
460,3.865546218487395,by,50,7.362198,368.109920
460,3.865546218487395,bye,50,7.275182,363.759081
460,3.865546218487395,cake,50,7.679154,383.957718
460,3.865546218487395,call,50,7.259588,362.979406
460,3.865546218487395,camera,50,9.540318,477.015915
460,3.865546218487395,camping,31,11.395560,353.262368
460,3.865546218487395,can,50,4.248152,212.407614
460,3.865546218487395,candy,50,8.335382,416.769095
460,3.865546218487395,car,50,5.984069,299.203462
460,3.865546218487395,careful,50,6.707593,335.379655
460,3.865546218487395,carrots,50,9.709104,485.455204
460,3.865546218487395,carry,50,7.984363,399.218166
460,3.865546218487395,cat,50,7.620888,381.044399
460,3.865546218487395,catch,50,8.609493,430.474663
460,3.865546218487395,cereal,50,9.191361,459.568053
460,3.865546218487395,chair,50,7.368825,368.441260
460,3.865546218487395,chalk,40,9.713523,388.540918
460,3.865546218487395,chase,49,8.926905,437.418351
460,3.865546218487395,cheek,35,9.162709,320.694826
460,3.865546218487395,cheese,50,8.154979,407.748927
460,3.865546218487395,chicken,50,8.177622,408.881122
460,3.865546218487395,child,50,8.894932,444.746621
460,3.865546218487395,chin,50,10.083525,504.176245
460,3.865546218487395,chocolate,50,8.478642,423.932075
460,3.865546218487395,choo,50,8.475044,423.752185
460,3.865546218487395,church,50,9.414893,470.744644
460,3.865546218487395,circus,50,9.162887,458.144342
460,3.865546218487395,clap,50,10.908490,545.424496
460,3.865546218487395,clean,50,8.405138,420.256882
460,3.865546218487395,climb,50,9.042651,452.132552
460,3.865546218487395,clock,50,7.810652,390.532590
460,3.865546218487395,close,50,8.486994,424.349678
460,3.865546218487395,closet,50,9.213088,460.654407
460,3.865546218487395,cloud,50,11.695298,584.764888
460,3.865546218487395,clown,50,9.232570,461.628523
460,3.865546218487395,coat,50,8.651785,432.589242
460,3.865546218487395,coffee,50,7.830431,391.521548
460,3.865546218487395,coke,50,10.318527,515.926363
460,3.865546218487395,cold,50,8.031823,401.591146
460,3.865546218487395,comb,50,9.024860,451.243009
460,3.865546218487395,cook,50,7.904731,395.236555
460,3.865546218487395,cookie,50,8.849898,442.494910
460,3.865546218487395,corn,50,9.415404,470.770212
460,3.865546218487395,couch,50,8.904308,445.215423
460,3.865546218487395,could,50,6.172503,308.625147
460,3.865546218487395,country,50,9.652342,482.617084
460,3.865546218487395,cover,50,9.084253,454.212648
460,3.865546218487395,cow,50,7.299232,364.961587
460,3.865546218487395,cowboy,50,9.411297,470.564870
460,3.865546218487395,cracker,50,9.404029,470.201448
460,3.865546218487395,crayon,50,9.922460,496.123000
460,3.865546218487395,crib,50,9.748171,487.408550
460,3.865546218487395,cry,50,8.410128,420.506386
460,3.865546218487395,cup,50,8.099934,404.996708
460,3.865546218487395,cut,50,7.914891,395.744527
460,3.865546218487395,cute,50,9.610841,480.542075
460,3.865546218487395,daddy,50,8.081976,404.098790
460,3.865546218487395,dance,50,9.623400,481.169981
460,3.865546218487395,dark,50,8.841251,442.062529
460,3.865546218487395,day,50,6.750235,337.511749
460,3.865546218487395,deer,50,9.870161,493.508046
460,3.865546218487395,diaper,50,8.567964,428.398184
460,3.865546218487395,did,50,5.597152,279.857586
460,3.865546218487395,dinner,50,7.855082,392.754105
460,3.865546218487395,dirty,50,8.600175,430.008727
460,3.865546218487395,dish,50,8.386729,419.336469
460,3.865546218487395,do,50,3.979523,198.976132
460,3.865546218487395,doctor,50,8.478882,423.944091
460,3.865546218487395,does,50,6.182823,309.141155
460,3.865546218487395,dog,50,5.841802,292.090098
460,3.865546218487395,doll,50,8.131008,406.550383
460,3.865546218487395,donkey,50,9.203456,460.172782
460,3.865546218487395,donut,41,14.401230,590.450418
460,3.865546218487395,door,50,6.844628,342.231405
460,3.865546218487395,down,50,5.722616,286.130825
460,3.865546218487395,downtown,8,11.356860,90.854879
460,3.865546218487395,draw,50,6.733074,336.653678
460,3.865546218487395,drawer,50,8.177498,408.874902
460,3.865546218487395,dress,50,8.367000,418.349976
460,3.865546218487395,drink,50,7.200742,360.037092
460,3.865546218487395,drive,50,8.463575,423.178740
460,3.865546218487395,drop,50,9.168827,458.441365
460,3.865546218487395,dry,50,9.373048,468.652425
460,3.865546218487395,dryer,20,10.537018,210.740354
460,3.865546218487395,duck,50,7.715188,385.759412
460,3.865546218487395,dump,50,10.233123,511.656137
460,3.865546218487395,each,50,8.291042,414.552091
460,3.865546218487395,ear,50,8.308236,415.411776
460,3.865546218487395,eat,50,5.324500,266.225021
460,3.865546218487395,egg,50,7.952946,397.647324
460,3.865546218487395,elephant,50,7.434871,371.743541
460,3.865546218487395,empty,50,9.722748,486.137416
460,3.865546218487395,every,50,9.330423,466.521172
460,3.865546218487395,eye,50,8.386954,419.347702
460,3.865546218487395,face,50,7.340472,367.023590
460,3.865546218487395,fall,50,7.575105,378.755244
460,3.865546218487395,farm,50,8.416600,420.830024
460,3.865546218487395,fast,50,8.076285,403.814263
460,3.865546218487395,feed,50,8.072249,403.612440
460,3.865546218487395,find,50,6.063352,303.167625
460,3.865546218487395,fine,50,8.736769,436.838475
460,3.865546218487395,finger,50,7.424052,371.202605
460,3.865546218487395,finish,50,8.316736,415.836805
460,3.865546218487395,first,50,7.511612,375.580601
460,3.865546218487395,fish,50,7.287597,364.379834
460,3.865546218487395,fit,50,7.088860,354.443010
460,3.865546218487395,fix,50,7.862870,393.143512
460,3.865546218487395,flag,50,10.426859,521.342952
460,3.865546218487395,flower,50,8.171533,408.576639
460,3.865546218487395,food,50,6.565752,328.287588
460,3.865546218487395,foot,50,7.865626,393.281322
460,3.865546218487395,for,50,5.149076,257.453775
460,3.865546218487395,fork,50,8.335687,416.784327
460,3.865546218487395,french,50,11.267742,563.387122
460,3.865546218487395,friend,50,7.396654,369.832683
460,3.865546218487395,frog,50,7.975497,398.774855
460,3.865546218487395,full,50,8.900737,445.036867
460,3.865546218487395,game,50,8.254047,412.702334
460,3.865546218487395,garage,50,7.807104,390.355213
460,3.865546218487395,garbage,50,8.820010,441.000487
460,3.865546218487395,garden,50,7.202052,360.102609
460,3.865546218487395,gas,50,9.870430,493.521482
460,3.865546218487395,gentle,50,9.493948,474.697377
460,3.865546218487395,get,50,4.585705,229.285245
460,3.865546218487395,giraffe,50,8.759526,437.976279
460,3.865546218487395,girl,50,3.879421,193.971060
460,3.865546218487395,give,50,5.810919,290.545958
460,3.865546218487395,glass,50,8.718189,435.909467
460,3.865546218487395,glasses,50,8.759574,437.978704
460,3.865546218487395,gloves,50,9.989062,499.453118
460,3.865546218487395,glue,50,9.349989,467.499438
460,3.865546218487395,go,50,4.321003,216.050144
460,3.865546218487395,good,50,5.707102,285.355124
460,3.865546218487395,goose,50,9.994634,499.731686
460,3.865546218487395,grandma,50,10.057873,502.893661
460,3.865546218487395,grandpa,45,10.120996,455.444819
460,3.865546218487395,grapes,50,9.094944,454.747203
460,3.865546218487395,grass,50,7.358154,367.907692
460,3.865546218487395,green,50,6.829397,341.469828
460,3.865546218487395,gum,50,10.213803,510.690169
460,3.865546218487395,hair,50,6.728745,336.437230
460,3.865546218487395,hamburger,50,9.441957,472.097845
460,3.865546218487395,hammer,50,8.905723,445.286132
460,3.865546218487395,hand,50,6.514238,325.711881
460,3.865546218487395,happy,50,8.312604,415.630189
460,3.865546218487395,hard,50,7.237891,361.894566
460,3.865546218487395,hat,50,6.798452,339.922619
460,3.865546218487395,hate,50,9.705615,485.280731
460,3.865546218487395,have,50,3.937207,196.860344
460,3.865546218487395,he,50,4.310271,215.513557
460,3.865546218487395,head,50,5.483586,274.179322
460,3.865546218487395,hear,50,6.194715,309.735753
460,3.865546218487395,heavy,50,8.891652,444.582613
460,3.865546218487395,helicopter,50,9.013761,450.688064
460,3.865546218487395,hello,50,7.049577,352.478839
460,3.865546218487395,help,50,6.813525,340.676250
460,3.865546218487395,her,50,4.537430,226.871499
460,3.865546218487395,here,50,4.991372,249.568578
460,3.865546218487395,hi,50,7.754245,387.712259
460,3.865546218487395,hide,50,9.693768,484.688395
460,3.865546218487395,high,50,8.811519,440.575967
460,3.865546218487395,him,50,4.779355,238.967726
460,3.865546218487395,his,50,5.911640,295.582011
460,3.865546218487395,hit,50,8.366298,418.314885
460,3.865546218487395,hold,50,7.487110,374.355510
460,3.865546218487395,home,50,4.653525,232.676254
460,3.865546218487395,horse,50,7.554609,377.730434
460,3.865546218487395,hose,50,10.206622,510.331087
460,3.865546218487395,hot,50,7.237806,361.890317
460,3.865546218487395,house,50,6.708967,335.448354
460,3.865546218487395,how,50,5.718325,285.916247
460,3.865546218487395,hug,50,8.775753,438.787648
460,3.865546218487395,hungry,50,7.156956,357.847788
460,3.865546218487395,hurry,50,10.037629,501.881474
460,3.865546218487395,hurt,50,7.172393,358.619640
460,3.865546218487395,i,50,9.775482,488.774117
460,3.865546218487395,ice,50,7.803241,390.162067
460,3.865546218487395,if,50,4.803769,240.188425
460,3.865546218487395,inside,50,7.639247,381.962345
460,3.865546218487395,into,50,6.951696,347.584780
460,3.865546218487395,is,50,4.460875,223.043767
460,3.865546218487395,it,50,2.419918,120.995905
460,3.865546218487395,jacket,50,8.320682,416.034076
460,3.865546218487395,jar,50,9.522856,476.142816
460,3.865546218487395,jeans,16,13.515831,216.253288
460,3.865546218487395,jelly,50,9.685502,484.275084
460,3.865546218487395,juice,50,6.873213,343.660655
460,3.865546218487395,jump,50,8.973114,448.655722
460,3.865546218487395,keys,50,9.402727,470.136335
460,3.865546218487395,kick,50,9.882046,494.102324
460,3.865546218487395,kiss,50,7.640169,382.008469
460,3.865546218487395,kitchen,50,6.754113,337.705644
460,3.865546218487395,kitty,50,7.648351,382.417561
460,3.865546218487395,knee,50,9.089847,454.492328
460,3.865546218487395,knife,50,8.218153,410.907645
460,3.865546218487395,knock,50,8.821563,441.078135
460,3.865546218487395,ladder,50,8.656803,432.840150
460,3.865546218487395,lady,50,7.790423,389.521173
460,3.865546218487395,lamb,50,9.597216,479.860817
460,3.865546218487395,lamp,50,11.204176,560.208816
460,3.865546218487395,last,50,7.913148,395.657423
460,3.865546218487395,later,50,8.950928,447.546416
460,3.865546218487395,lawn,37,10.408109,385.100048
460,3.865546218487395,leg,50,8.080299,404.014968
460,3.865546218487395,lick,50,10.627681,531.384029
460,3.865546218487395,light,50,8.709442,435.472116
460,3.865546218487395,like,50,3.652382,182.619097
460,3.865546218487395,lion,50,7.966856,398.342792
460,3.865546218487395,lips,50,9.137802,456.890100
460,3.865546218487395,listen,50,8.037946,401.897311
460,3.865546218487395,little,50,4.913081,245.654059
460,3.865546218487395,living,50,9.639620,481.980982
460,3.865546218487395,lollipop,50,8.908268,445.413402
460,3.865546218487395,long,50,6.733042,336.652076
460,3.865546218487395,look,50,5.136359,256.817948
460,3.865546218487395,loud,50,8.785095,439.254728
460,3.865546218487395,love,50,7.507549,375.377440
460,3.865546218487395,lunch,50,6.757072,337.853594
460,3.865546218487395,mad,50,10.255621,512.781062
460,3.865546218487395,make,50,5.089530,254.476496
460,3.865546218487395,man,50,7.037007,351.850367
460,3.865546218487395,me,50,2.572636,128.631803
460,3.865546218487395,meat,50,9.254940,462.746980
460,3.865546218487395,medicine,50,8.873547,443.677355
460,3.865546218487395,milk,50,6.769257,338.462869
460,3.865546218487395,mine,50,7.280484,364.024183
460,3.865546218487395,mommy,50,7.909420,395.470982
460,3.865546218487395,money,50,7.803320,390.166021
460,3.865546218487395,monkey,50,7.760975,388.048756
460,3.865546218487395,moo,50,8.941358,447.067916
460,3.865546218487395,moon,50,7.632892,381.644593
460,3.865546218487395,moose,32,11.520476,368.655230
460,3.865546218487395,mop,40,12.069659,482.786345
460,3.865546218487395,more,50,5.301748,265.087424
460,3.865546218487395,morning,50,6.592670,329.633487
460,3.865546218487395,motorcycle,50,8.259343,412.967158
460,3.865546218487395,mouse,50,8.223761,411.188061
460,3.865546218487395,mouth,50,5.128945,256.447267
460,3.865546218487395,movie,50,8.705090,435.254525
460,3.865546218487395,much,50,5.791367,289.568372
460,3.865546218487395,muffin,50,10.033477,501.673853
460,3.865546218487395,my,50,6.115471,305.773568
460,3.865546218487395,myself,50,8.422277,421.113848
460,3.865546218487395,nail,50,9.538748,476.937379
460,3.865546218487395,nap,50,9.242907,462.145349
460,3.865546218487395,napkin,50,9.817485,490.874261
460,3.865546218487395,naughty,50,8.516269,425.813439
460,3.865546218487395,necklace,50,10.433402,521.670086
460,3.865546218487395,need,50,5.914800,295.740021
460,3.865546218487395,new,50,7.176911,358.845528
460,3.865546218487395,next,50,7.942533,397.126665
460,3.865546218487395,nice,50,6.073386,303.669304
460,3.865546218487395,night,50,7.746651,387.332558
460,3.865546218487395,no,50,4.495982,224.799084
460,3.865546218487395,noisy,50,9.580837,479.041839
460,3.865546218487395,none,50,9.645108,482.255378
460,3.865546218487395,noodles,50,11.368874,568.443700
460,3.865546218487395,nose,50,6.934988,346.749378
460,3.865546218487395,not,50,4.531761,226.588044
460,3.865546218487395,now,50,5.545453,277.272626
460,3.865546218487395,nurse,50,10.347642,517.382086
460,3.865546218487395,nuts,50,10.236489,511.824446
460,3.865546218487395,of,50,1.972178,98.608897
460,3.865546218487395,off,50,5.791133,289.556625
460,3.865546218487395,old,50,8.552268,427.613408
460,3.865546218487395,on,50,5.314255,265.712767
460,3.865546218487395,open,50,6.963958,348.197896
460,3.865546218487395,orange,50,8.166827,408.341328
460,3.865546218487395,other,50,5.315755,265.787763
460,3.865546218487395,ouch,50,9.179371,458.968561
460,3.865546218487395,our,50,6.791835,339.591731
460,3.865546218487395,out,50,5.387496,269.374802
460,3.865546218487395,outside,50,7.609832,380.491620
460,3.865546218487395,oven,50,8.009105,400.455263
460,3.865546218487395,over,50,6.009812,300.490619
460,3.865546218487395,owl,50,8.319754,415.987701
460,3.865546218487395,paint,50,10.287522,514.376100
460,3.865546218487395,pajamas,50,8.625344,431.267223
460,3.865546218487395,pancake,46,8.420830,387.358157
460,3.865546218487395,pants,50,7.808790,390.439498
460,3.865546218487395,paper,50,6.884353,344.217639
460,3.865546218487395,park,50,7.002480,350.124013
460,3.865546218487395,party,50,7.877270,393.863525
460,3.865546218487395,peanut,50,9.688370,484.418498
460,3.865546218487395,peas,50,7.571995,378.599751
460,3.865546218487395,pen,50,7.838163,391.908127
460,3.865546218487395,pencil,50,8.544877,427.243858
460,3.865546218487395,penguin,50,8.188866,409.443288
460,3.865546218487395,penis,18,13.929673,250.734116
460,3.865546218487395,penny,50,8.337713,416.885633
460,3.865546218487395,people,50,7.342632,367.131595
460,3.865546218487395,person,50,8.919079,445.953934
460,3.865546218487395,pick,50,7.217710,360.885506
460,3.865546218487395,pickle,50,9.815815,490.790756
460,3.865546218487395,picnic,50,8.225834,411.291691
460,3.865546218487395,picture,50,5.577137,278.856828
460,3.865546218487395,pig,50,7.827859,391.392929
460,3.865546218487395,pillow,50,9.315864,465.793208
460,3.865546218487395,pizza,50,7.793356,389.667803
460,3.865546218487395,plant,50,10.023452,501.172588
460,3.865546218487395,plate,50,7.232895,361.644760
460,3.865546218487395,play,50,5.155149,257.757434
460,3.865546218487395,playground,22,10.226600,224.985195
460,3.865546218487395,please,50,7.136151,356.807575
460,3.865546218487395,police,50,8.701162,435.058082
460,3.865546218487395,pony,50,8.654350,432.717483
460,3.865546218487395,pool,50,8.616208,430.810388
460,3.865546218487395,poor,50,8.629466,431.473300
460,3.865546218487395,popcorn,50,9.653664,482.683221
460,3.865546218487395,popsicle,31,11.226796,348.030674
460,3.865546218487395,porch,31,13.567686,420.598273
460,3.865546218487395,potato,50,10.195344,509.767210
460,3.865546218487395,pour,50,8.802315,440.115742
460,3.865546218487395,present,50,7.971064,398.553207
460,3.865546218487395,pretend,50,7.777187,388.859357
460,3.865546218487395,pretty,50,7.642451,382.122542
460,3.865546218487395,pretzel,50,9.900733,495.036633
460,3.865546218487395,pudding,50,10.867939,543.396960
460,3.865546218487395,pull,50,7.517002,375.850101
460,3.865546218487395,pumpkin,50,9.337468,466.873391
460,3.865546218487395,puppy,50,8.662733,433.136662
460,3.865546218487395,purse,50,9.170810,458.540483
460,3.865546218487395,push,50,7.415217,370.760838
460,3.865546218487395,put,50,4.467070,223.353522
460,3.865546218487395,puzzle,50,7.381601,369.080063
460,3.865546218487395,quack,50,8.337193,416.859650
460,3.865546218487395,quiet,50,8.844879,442.243945
460,3.865546218487395,radio,50,9.475568,473.778397
460,3.865546218487395,rain,50,7.986744,399.337224
460,3.865546218487395,raisin,43,15.316994,658.630729
460,3.865546218487395,read,50,5.130706,256.535285
460,3.865546218487395,red,50,6.876007,343.800373
460,3.865546218487395,refrigerator,50,8.370626,418.531314
460,3.865546218487395,ride,50,8.504712,425.235622
460,3.865546218487395,rip,50,9.770084,488.504221
460,3.865546218487395,rock,50,8.636517,431.825846
460,3.865546218487395,rocking,50,9.415949,470.797441
460,3.865546218487395,roof,50,8.406523,420.326152
460,3.865546218487395,room,50,7.000578,350.028916
460,3.865546218487395,rooster,50,9.354708,467.735424
460,3.865546218487395,run,50,8.246859,412.342959
460,3.865546218487395,sad,50,8.411740,420.586995
460,3.865546218487395,salt,50,9.762374,488.118701
460,3.865546218487395,same,50,6.433071,321.653542
460,3.865546218487395,sandwich,50,7.701797,385.089853
460,3.865546218487395,sauce,50,9.470200,473.510007
460,3.865546218487395,say,50,6.856745,342.837239
460,3.865546218487395,scared,50,7.950350,397.517522
460,3.865546218487395,scarf,50,11.233865,561.693264
460,3.865546218487395,school,50,7.034388,351.719400
460,3.865546218487395,scissors,50,9.385068,469.253384
460,3.865546218487395,see,50,4.118876,205.943818
460,3.865546218487395,shake,50,9.896506,494.825306
460,3.865546218487395,share,50,8.868004,443.400224
460,3.865546218487395,she,50,4.358760,217.937979
460,3.865546218487395,sheep,50,7.811802,390.590098
460,3.865546218487395,shh,50,8.583631,429.181531
460,3.865546218487395,shirt,50,7.647420,382.370976
460,3.865546218487395,shoe,50,7.933580,396.679019
460,3.865546218487395,shopping,50,9.503143,475.157134
460,3.865546218487395,shorts,50,10.614336,530.716799
460,3.865546218487395,shoulder,50,9.543763,477.188172
460,3.865546218487395,shovel,50,9.598129,479.906460
460,3.865546218487395,show,50,7.076662,353.833112
460,3.865546218487395,shower,50,9.114205,455.710226
460,3.865546218487395,sick,50,9.250623,462.531173
460,3.865546218487395,sidewalk,19,8.722587,165.729151
460,3.865546218487395,sing,50,7.724117,386.205863
460,3.865546218487395,sink,50,7.757275,387.863730
460,3.865546218487395,sister,50,8.036058,401.802921
460,3.865546218487395,sit,50,6.207846,310.392294
460,3.865546218487395,skate,13,11.769883,153.008473
460,3.865546218487395,sky,50,7.068931,353.446535
460,3.865546218487395,sled,22,10.160942,223.540714
460,3.865546218487395,sleep,50,6.456794,322.839699
460,3.865546218487395,sleepy,50,10.513934,525.696681
460,3.865546218487395,slide,50,9.017767,450.888348
460,3.865546218487395,slipper,50,9.615830,480.791501
460,3.865546218487395,slow,50,10.250692,512.534617
460,3.865546218487395,smile,50,9.661619,483.080938
460,3.865546218487395,snack,50,11.114275,555.713767
460,3.865546218487395,snow,50,8.731095,436.554770
460,3.865546218487395,so,50,5.450592,272.529609
460,3.865546218487395,soap,50,10.191252,509.562625
460,3.865546218487395,sock,50,10.420181,521.009041
460,3.865546218487395,soda,50,11.017003,550.850154
460,3.865546218487395,sofa,50,8.296874,414.843704
460,3.865546218487395,soft,50,8.829653,441.482668
460,3.865546218487395,some,50,4.404114,220.205722
460,3.865546218487395,soup,50,8.352833,417.641670
460,3.865546218487395,spill,50,9.162660,458.132977
460,3.865546218487395,splash,50,9.707860,485.393017
460,3.865546218487395,spoon,50,7.044553,352.227630
460,3.865546218487395,sprinkler,13,14.579973,189.539643
460,3.865546218487395,squirrel,50,8.852468,442.623421
460,3.865546218487395,stairs,50,8.453042,422.652123
460,3.865546218487395,stand,50,7.795637,389.781854
460,3.865546218487395,star,50,7.973332,398.666615
460,3.865546218487395,stay,50,7.190479,359.523975
460,3.865546218487395,stick,50,8.100033,405.001637
460,3.865546218487395,sticky,50,9.203892,460.194609
460,3.865546218487395,stone,50,10.755202,537.760121
460,3.865546218487395,stop,50,7.454483,372.724154
460,3.865546218487395,store,50,6.625374,331.268707
460,3.865546218487395,story,50,6.130775,306.538737
460,3.865546218487395,stove,50,8.391126,419.556282
460,3.865546218487395,strawberry,50,9.233331,461.666541
460,3.865546218487395,street,50,9.221652,461.082615
460,3.865546218487395,stroller,50,9.455671,472.783563
460,3.865546218487395,stuck,50,7.884655,394.232753
460,3.865546218487395,sun,50,7.491425,374.571260
460,3.865546218487395,sweater,50,10.061235,503.061769
460,3.865546218487395,sweep,50,12.589262,629.463092
460,3.865546218487395,swim,50,8.694849,434.742449
460,3.865546218487395,swing,50,9.435461,471.773030
460,3.865546218487395,table,50,6.956634,347.831717
460,3.865546218487395,take,50,4.795589,239.779443
460,3.865546218487395,talk,50,6.978947,348.947351
460,3.865546218487395,tape,50,7.608376,380.418789
460,3.865546218487395,taste,50,9.320511,466.025532
460,3.865546218487395,teacher,50,8.961576,448.078794
460,3.865546218487395,tear,50,9.791769,489.588461
460,3.865546218487395,telephone,50,7.981412,399.070610
460,3.865546218487395,thank,50,6.344671,317.233572
460,3.865546218487395,that,50,2.837003,141.850173
460,3.865546218487395,the,50,2.964285,148.214263
460,3.865546218487395,their,50,7.311315,365.565726
460,3.865546218487395,them,50,4.246177,212.308844
460,3.865546218487395,then,50,3.648931,182.446542
460,3.865546218487395,there,50,4.387515,219.375733
460,3.865546218487395,these,50,5.461769,273.088446
460,3.865546218487395,they,50,4.336993,216.849635
460,3.865546218487395,think,50,3.652672,182.633607
460,3.865546218487395,thirsty,50,9.925038,496.251880
460,3.865546218487395,this,50,3.869508,193.475382
460,3.865546218487395,those,50,5.898697,294.934830
460,3.865546218487395,throw,50,7.537909,376.895426
460,3.865546218487395,tickle,50,9.620970,481.048476
460,3.865546218487395,tiger,50,8.191796,409.589778
460,3.865546218487395,time,50,6.019130,300.956496
460,3.865546218487395,tiny,50,7.553312,377.665579
460,3.865546218487395,tired,50,7.796147,389.807364
460,3.865546218487395,tissue,50,9.314961,465.748040
460,3.865546218487395,to,50,3.511769,175.588438
460,3.865546218487395,toast,50,8.747211,437.360547
460,3.865546218487395,today,50,7.160604,358.030190
460,3.865546218487395,tomorrow,50,9.126488,456.324381
460,3.865546218487395,tongue,50,7.600098,380.004889
460,3.865546218487395,tonight,50,9.826240,491.312016
460,3.865546218487395,too,50,6.627142,331.357103
460,3.865546218487395,tooth,50,9.608304,480.415206
460,3.865546218487395,toothbrush,50,11.981395,599.069744
460,3.865546218487395,touch,50,7.116629,355.831451
460,3.865546218487395,towel,50,9.008981,450.449048
460,3.865546218487395,tractor,50,7.499228,374.961414
460,3.865546218487395,train,50,7.308029,365.401449
460,3.865546218487395,trash,50,9.858636,492.931800
460,3.865546218487395,tray,50,9.427943,471.397160
460,3.865546218487395,tree,50,7.537247,376.862328
460,3.865546218487395,truck,50,7.616346,380.817283
460,3.865546218487395,try,50,6.228808,311.440403
460,3.865546218487395,tummy,50,7.463386,373.169323
460,3.865546218487395,tuna,50,11.000157,550.007864
460,3.865546218487395,turkey,50,9.595794,479.789703
460,3.865546218487395,turn,50,6.954289,347.714474
460,3.865546218487395,turtle,50,8.211383,410.569142
460,3.865546218487395,tv,50,9.694987,484.749347
460,3.865546218487395,uh,50,5.901883,295.094143
460,3.865546218487395,uncle,50,11.920959,596.047975
460,3.865546218487395,under,50,8.079289,403.964455
460,3.865546218487395,up,50,4.780306,239.015300
460,3.865546218487395,us,50,6.044431,302.221537
460,3.865546218487395,vacuum,50,9.737326,486.866318
460,3.865546218487395,vanilla,50,11.492562,574.628102
460,3.865546218487395,wait,50,7.644969,382.248458
460,3.865546218487395,wake,50,8.454089,422.704447
460,3.865546218487395,walk,50,8.545917,427.295849
460,3.865546218487395,walker,12,13.793187,165.518246
460,3.865546218487395,wanna,50,4.160821,208.041049
460,3.865546218487395,was,50,4.731039,236.551945
460,3.865546218487395,wash,50,8.471783,423.589167
460,3.865546218487395,washing,50,8.951967,447.598334
460,3.865546218487395,watch,50,7.235993,361.799655
460,3.865546218487395,water,50,6.507309,325.365425
460,3.865546218487395,we,50,4.676293,233.814671
460,3.865546218487395,were,50,6.090323,304.516168
460,3.865546218487395,wet,50,8.553428,427.671384
460,3.865546218487395,what,50,3.926634,196.331698
460,3.865546218487395,when,50,6.309196,315.459820
460,3.865546218487395,where,50,5.380179,269.008932
460,3.865546218487395,which,50,6.733266,336.663299
460,3.865546218487395,white,50,7.594145,379.707253
460,3.865546218487395,who,50,5.977484,298.874220
460,3.865546218487395,why,50,5.863517,293.175873
460,3.865546218487395,will,50,6.525153,326.257641
460,3.865546218487395,wind,50,9.342923,467.146157
460,3.865546218487395,window,50,6.629691,331.484543
460,3.865546218487395,windy,50,9.687872,484.393603
460,3.865546218487395,wipe,50,8.891308,444.565420
460,3.865546218487395,wish,50,9.252005,462.600263
460,3.865546218487395,with,50,3.094202,154.710085
460,3.865546218487395,wolf,50,8.323610,416.180517
460,3.865546218487395,woods,48,9.208802,442.022495
460,3.865546218487395,woof,50,9.733806,486.690277
460,3.865546218487395,work,50,6.804324,340.216217
460,3.865546218487395,would,50,6.448777,322.438843
460,3.865546218487395,write,50,8.115020,405.751018
460,3.865546218487395,yard,50,8.954482,447.724087
460,3.865546218487395,yellow,50,7.275807,363.790340
460,3.865546218487395,yes,50,5.005241,250.262033
460,3.865546218487395,yesterday,50,8.390740,419.537005
460,3.865546218487395,yogurt,50,9.728234,486.411690
460,3.865546218487395,you,50,2.497696,124.884805
460,3.865546218487395,your,50,4.370793,218.539665
460,3.865546218487395,yourself,50,6.520452,326.022612
460,3.865546218487395,yum,50,7.766853,388.342625
460,3.865546218487395,zebra,50,8.659593,432.979668
460,3.865546218487395,zipper,40,10.023178,400.927125
460,3.865546218487395,zoo,50,6.851679,342.583961
1,0.008403361344537815,a,50,11.105121,555.256025
1,0.008403361344537815,about,50,10.196521,509.826074
1,0.008403361344537815,above,50,11.538849,576.942467
1,0.008403361344537815,after,50,10.793451,539.672567
1,0.008403361344537815,airplane,50,10.990885,549.544238
1,0.008403361344537815,all,50,10.637957,531.897846
1,0.008403361344537815,alligator,50,10.715013,535.750648
1,0.008403361344537815,am,50,11.449534,572.476716
1,0.008403361344537815,and,50,9.963594,498.179724
1,0.008403361344537815,animal,50,11.632020,581.601004
1,0.008403361344537815,ankle,5,10.878042,54.390211
1,0.008403361344537815,another,50,10.292890,514.644519
1,0.008403361344537815,any,50,10.531648,526.582414
1,0.008403361344537815,apple,50,10.782379,539.118946
1,0.008403361344537815,are,50,11.051230,552.561476
1,0.008403361344537815,arm,50,11.391606,569.580301
1,0.008403361344537815,around,50,10.939297,546.964873
1,0.008403361344537815,asleep,50,11.563945,578.197238
1,0.008403361344537815,at,50,10.682939,534.146931
1,0.008403361344537815,aunt,42,10.815893,454.267520
1,0.008403361344537815,awake,50,11.628504,581.425184
1,0.008403361344537815,away,50,11.862579,593.128937
1,0.008403361344537815,baby,50,9.555907,477.795329
1,0.008403361344537815,babysitter,11,11.426139,125.687531
1,0.008403361344537815,back,50,11.782954,589.147676
1,0.008403361344537815,backyard,19,10.930384,207.677296
1,0.008403361344537815,bad,50,10.611130,530.556499
1,0.008403361344537815,ball,50,10.679703,533.985149
1,0.008403361344537815,balloon,50,11.267230,563.361486
1,0.008403361344537815,banana,50,11.345141,567.257072
1,0.008403361344537815,basement,26,11.827942,307.526495
1,0.008403361344537815,basket,50,10.855772,542.788578
1,0.008403361344537815,bat,50,11.310627,565.531371
1,0.008403361344537815,bath,50,10.769707,538.485329
1,0.008403361344537815,bathroom,50,11.756465,587.823232
1,0.008403361344537815,bathtub,31,10.705559,331.872328
1,0.008403361344537815,be,50,12.024337,601.216866
1,0.008403361344537815,beach,50,10.955702,547.785075
1,0.008403361344537815,beads,50,11.805951,590.297535
1,0.008403361344537815,beans,50,10.640761,532.038033
1,0.008403361344537815,bear,50,11.227935,561.396761
1,0.008403361344537815,because,50,10.767886,538.394299
1,0.008403361344537815,bed,50,10.367706,518.385302
1,0.008403361344537815,bedroom,50,10.802941,540.147075
1,0.008403361344537815,bee,50,9.910005,495.500237
1,0.008403361344537815,before,50,10.911323,545.566152
1,0.008403361344537815,behind,50,9.948115,497.405752
1,0.008403361344537815,belly,50,10.884911,544.245545
1,0.008403361344537815,belt,50,11.066753,553.337642
1,0.008403361344537815,bench,50,11.871828,593.591413
1,0.008403361344537815,beside,50,10.728468,536.423383
1,0.008403361344537815,better,50,10.345606,517.280280
1,0.008403361344537815,bib,50,10.995835,549.791774
1,0.008403361344537815,bicycle,50,11.005012,550.250587
1,0.008403361344537815,big,50,10.808550,540.427485
1,0.008403361344537815,bird,50,11.212843,560.642161
1,0.008403361344537815,bite,50,10.103697,505.184850
1,0.008403361344537815,black,50,10.918445,545.922269
1,0.008403361344537815,blanket,50,11.050547,552.527372
1,0.008403361344537815,block,50,10.797173,539.858649
1,0.008403361344537815,blow,50,11.164461,558.223073
1,0.008403361344537815,blue,50,10.539630,526.981483
1,0.008403361344537815,boat,50,11.486211,574.310575
1,0.008403361344537815,book,50,11.544151,577.207534
1,0.008403361344537815,boots,50,10.223241,511.162034
1,0.008403361344537815,bottle,50,11.665149,583.257462
1,0.008403361344537815,bowl,50,11.750575,587.528752
1,0.008403361344537815,box,50,9.559672,477.983590
1,0.008403361344537815,boy,50,11.149228,557.461387
1,0.008403361344537815,bread,50,10.246176,512.308803
1,0.008403361344537815,break,50,11.098573,554.928659
1,0.008403361344537815,breakfast,50,10.681082,534.054112
1,0.008403361344537815,bring,50,10.643246,532.162297
1,0.008403361344537815,broken,50,10.448762,522.438106
1,0.008403361344537815,broom,50,11.232790,561.639486
1,0.008403361344537815,brother,50,10.982211,549.110532
1,0.008403361344537815,brown,50,11.512541,575.627028
1,0.008403361344537815,brush,50,10.611530,530.576495
1,0.008403361344537815,bubbles,50,10.945158,547.257915
1,0.008403361344537815,bucket,50,10.893635,544.681767
1,0.008403361344537815,bug,50,11.236383,561.819154
1,0.008403361344537815,build,50,11.429528,571.476403
1,0.008403361344537815,bump,50,10.794740,539.737018
1,0.008403361344537815,bunny,50,10.522295,526.114758
1,0.008403361344537815,bus,50,10.616066,530.803275
1,0.008403361344537815,but,50,9.663055,483.152735
1,0.008403361344537815,butter,50,11.158266,557.913291
1,0.008403361344537815,butterfly,50,11.769554,588.477708
1,0.008403361344537815,button,50,11.309636,565.481803
1,0.008403361344537815,buy,50,11.794760,589.738003
1,0.008403361344537815,by,50,11.100182,555.009125
1,0.008403361344537815,bye,50,10.520988,526.049415
1,0.008403361344537815,cake,50,11.854178,592.708922
1,0.008403361344537815,call,50,11.076307,553.815372
1,0.008403361344537815,camera,50,11.408531,570.426527
1,0.008403361344537815,camping,31,11.357298,352.076249
1,0.008403361344537815,can,50,9.379965,468.998243
1,0.008403361344537815,candy,50,11.472937,573.646827
1,0.008403361344537815,car,50,10.907758,545.387912
1,0.008403361344537815,careful,50,10.682266,534.113304
1,0.008403361344537815,carrots,50,10.200315,510.015765
1,0.008403361344537815,carry,50,10.961382,548.069111
1,0.008403361344537815,cat,50,11.239313,561.965666
1,0.008403361344537815,catch,50,11.031551,551.577537
1,0.008403361344537815,cereal,50,11.021359,551.067969
1,0.008403361344537815,chair,50,11.125169,556.258448
1,0.008403361344537815,chalk,40,10.263002,410.520072
1,0.008403361344537815,chase,49,10.481204,513.579012
1,0.008403361344537815,cheek,35,11.348572,397.200033
1,0.008403361344537815,cheese,50,10.168084,508.404176
1,0.008403361344537815,chicken,50,10.758461,537.923057
1,0.008403361344537815,child,50,11.331648,566.582387
1,0.008403361344537815,chin,50,10.928319,546.415971
1,0.008403361344537815,chocolate,50,10.865311,543.265574
1,0.008403361344537815,choo,50,11.718920,585.945981
1,0.008403361344537815,church,50,10.734421,536.721028
1,0.008403361344537815,circus,50,11.551858,577.592890
1,0.008403361344537815,clap,50,11.482281,574.114039
1,0.008403361344537815,clean,50,10.511926,525.596298
1,0.008403361344537815,climb,50,10.303176,515.158823
1,0.008403361344537815,clock,50,10.350012,517.500605
1,0.008403361344537815,close,50,10.594611,529.730567
1,0.008403361344537815,closet,50,10.668887,533.444341
1,0.008403361344537815,cloud,50,10.744026,537.201302
1,0.008403361344537815,clown,50,10.690807,534.540327
1,0.008403361344537815,coat,50,11.545562,577.278081
1,0.008403361344537815,coffee,50,11.097922,554.896122
1,0.008403361344537815,coke,50,10.677513,533.875652
1,0.008403361344537815,cold,50,12.639461,631.973034
1,0.008403361344537815,comb,50,10.681994,534.099678
1,0.008403361344537815,cook,50,10.952237,547.611863
1,0.008403361344537815,cookie,50,12.197140,609.857006
1,0.008403361344537815,corn,50,11.066405,553.320232
1,0.008403361344537815,couch,50,11.202398,560.119878
1,0.008403361344537815,could,50,11.087338,554.366918
1,0.008403361344537815,country,50,11.381649,569.082461
1,0.008403361344537815,cover,50,10.072575,503.628746
1,0.008403361344537815,cow,50,10.644901,532.245071
1,0.008403361344537815,cowboy,50,10.449991,522.499575
1,0.008403361344537815,cracker,50,11.506298,575.314882
1,0.008403361344537815,crayon,50,11.127648,556.382410
1,0.008403361344537815,crib,50,11.341835,567.091748
1,0.008403361344537815,cry,50,10.627047,531.352358
1,0.008403361344537815,cup,50,10.190211,509.510534
1,0.008403361344537815,cut,50,10.906900,545.345005
1,0.008403361344537815,cute,50,10.931722,546.586092
1,0.008403361344537815,daddy,50,10.863962,543.198084
1,0.008403361344537815,dance,50,11.852243,592.612147
1,0.008403361344537815,dark,50,10.959888,547.994400
1,0.008403361344537815,day,50,10.953902,547.695121
1,0.008403361344537815,deer,50,12.055150,602.757489
1,0.008403361344537815,diaper,50,11.085797,554.289825
1,0.008403361344537815,did,50,11.054621,552.731027
1,0.008403361344537815,dinner,50,11.004153,550.207653
1,0.008403361344537815,dirty,50,10.015785,500.789272
1,0.008403361344537815,dish,50,11.803234,590.161712
1,0.008403361344537815,do,50,11.295093,564.754675
1,0.008403361344537815,doctor,50,10.457779,522.888947
1,0.008403361344537815,does,50,10.085699,504.284937
1,0.008403361344537815,dog,50,10.821746,541.087311
1,0.008403361344537815,doll,50,10.932716,546.635824
1,0.008403361344537815,donkey,50,11.162210,558.110523
1,0.008403361344537815,donut,41,10.710838,439.144371
1,0.008403361344537815,door,50,11.671833,583.591638
1,0.008403361344537815,down,50,11.014277,550.713839
1,0.008403361344537815,downtown,8,10.831963,86.655707
1,0.008403361344537815,draw,50,11.004169,550.208459
1,0.008403361344537815,drawer,50,10.838724,541.936194
1,0.008403361344537815,dress,50,11.503764,575.188190
1,0.008403361344537815,drink,50,10.956199,547.809934
1,0.008403361344537815,drive,50,11.317096,565.854810
1,0.008403361344537815,drop,50,9.967414,498.370708
1,0.008403361344537815,dry,50,11.143280,557.163992
1,0.008403361344537815,dryer,20,11.399006,227.980128
1,0.008403361344537815,duck,50,10.766234,538.311678
1,0.008403361344537815,dump,50,11.044490,552.224522
1,0.008403361344537815,each,50,10.439967,521.998331
1,0.008403361344537815,ear,50,11.185270,559.263501
1,0.008403361344537815,eat,50,10.330295,516.514766
1,0.008403361344537815,egg,50,10.954715,547.735745
1,0.008403361344537815,elephant,50,11.828583,591.429173
1,0.008403361344537815,empty,50,10.412652,520.632623
1,0.008403361344537815,every,50,10.629628,531.481404
1,0.008403361344537815,eye,50,10.395683,519.784171
1,0.008403361344537815,face,50,10.541703,527.085145
1,0.008403361344537815,fall,50,11.045313,552.265654
1,0.008403361344537815,farm,50,11.008935,550.446760
1,0.008403361344537815,fast,50,10.904353,545.217641
1,0.008403361344537815,feed,50,10.425678,521.283876
1,0.008403361344537815,find,50,11.337016,566.850818
1,0.008403361344537815,fine,50,11.315725,565.786260
1,0.008403361344537815,finger,50,11.073671,553.683537
1,0.008403361344537815,finish,50,10.529676,526.483803
1,0.008403361344537815,first,50,11.069154,553.457703
1,0.008403361344537815,fish,50,11.000917,550.045839
1,0.008403361344537815,fit,50,11.336627,566.831351
1,0.008403361344537815,fix,50,12.083199,604.159939
1,0.008403361344537815,flag,50,11.656727,582.836356
1,0.008403361344537815,flower,50,10.787128,539.356416
1,0.008403361344537815,food,50,11.547534,577.376724
1,0.008403361344537815,foot,50,11.226535,561.326768
1,0.008403361344537815,for,50,11.445736,572.286802
1,0.008403361344537815,fork,50,10.635493,531.774637
1,0.008403361344537815,french,50,10.399966,519.998310
1,0.008403361344537815,friend,50,10.833570,541.678489
1,0.008403361344537815,frog,50,10.195612,509.780601
1,0.008403361344537815,full,50,11.320423,566.021172
1,0.008403361344537815,game,50,10.495913,524.795626
1,0.008403361344537815,garage,50,10.305989,515.299444
1,0.008403361344537815,garbage,50,11.183826,559.191312
1,0.008403361344537815,garden,50,11.215192,560.759624
1,0.008403361344537815,gas,50,11.714675,585.733733
1,0.008403361344537815,gentle,50,10.546099,527.304929
1,0.008403361344537815,get,50,10.356833,517.841662
1,0.008403361344537815,giraffe,50,11.310284,565.514215
1,0.008403361344537815,girl,50,11.389874,569.493705
1,0.008403361344537815,give,50,10.682184,534.109176
1,0.008403361344537815,glass,50,10.793000,539.649993
1,0.008403361344537815,glasses,50,11.298640,564.931994
1,0.008403361344537815,gloves,50,11.106070,555.303520
1,0.008403361344537815,glue,50,10.619882,530.994092
1,0.008403361344537815,go,50,10.276496,513.824786
1,0.008403361344537815,good,50,10.507263,525.363133
1,0.008403361344537815,goose,50,10.395005,519.750257
1,0.008403361344537815,grandma,50,10.182819,509.140954
1,0.008403361344537815,grandpa,45,10.216807,459.756299
1,0.008403361344537815,grapes,50,11.407678,570.383906
1,0.008403361344537815,grass,50,10.472489,523.624427
1,0.008403361344537815,green,50,11.288878,564.443896
1,0.008403361344537815,gum,50,10.297284,514.864216
1,0.008403361344537815,hair,50,10.998991,549.949542
1,0.008403361344537815,hamburger,50,10.722753,536.137657
1,0.008403361344537815,hammer,50,11.017263,550.863171
1,0.008403361344537815,hand,50,10.816965,540.848239
1,0.008403361344537815,happy,50,11.151362,557.568110
1,0.008403361344537815,hard,50,11.293073,564.653645
1,0.008403361344537815,hat,50,11.605505,580.275247
1,0.008403361344537815,hate,50,11.875138,593.756896
1,0.008403361344537815,have,50,10.011660,500.582979
1,0.008403361344537815,he,50,11.267216,563.360810
1,0.008403361344537815,head,50,11.046107,552.305350
1,0.008403361344537815,hear,50,9.981696,499.084788
1,0.008403361344537815,heavy,50,11.414494,570.724694
1,0.008403361344537815,helicopter,50,11.996611,599.830534
1,0.008403361344537815,hello,50,11.424452,571.222619
1,0.008403361344537815,help,50,11.540307,577.015334
1,0.008403361344537815,her,50,11.220300,561.014982
1,0.008403361344537815,here,50,10.512656,525.632805
1,0.008403361344537815,hi,50,11.923937,596.196857
1,0.008403361344537815,hide,50,10.482373,524.118632
1,0.008403361344537815,high,50,11.143733,557.186640
1,0.008403361344537815,him,50,11.090952,554.547601
1,0.008403361344537815,his,50,10.749445,537.472225
1,0.008403361344537815,hit,50,11.113554,555.677683
1,0.008403361344537815,hold,50,11.807017,590.350825
1,0.008403361344537815,home,50,11.733219,586.660933
1,0.008403361344537815,horse,50,10.505846,525.292296
1,0.008403361344537815,hose,50,11.621523,581.076174
1,0.008403361344537815,hot,50,11.790331,589.516536
1,0.008403361344537815,house,50,9.945143,497.257128
1,0.008403361344537815,how,50,11.942525,597.126244
1,0.008403361344537815,hug,50,11.232209,561.610469
1,0.008403361344537815,hungry,50,10.776415,538.820734
1,0.008403361344537815,hurry,50,11.437782,571.889092
1,0.008403361344537815,hurt,50,11.156434,557.821705
1,0.008403361344537815,i,50,11.218375,560.918757
1,0.008403361344537815,ice,50,11.326823,566.341159
1,0.008403361344537815,if,50,10.634301,531.715066
1,0.008403361344537815,inside,50,10.009327,500.466330
1,0.008403361344537815,into,50,10.623495,531.174751
1,0.008403361344537815,is,50,10.872984,543.649189
1,0.008403361344537815,it,50,10.573783,528.689135
1,0.008403361344537815,jacket,50,11.438881,571.944044
1,0.008403361344537815,jar,50,12.174516,608.725792
1,0.008403361344537815,jeans,16,10.203501,163.256011
1,0.008403361344537815,jelly,50,10.997295,549.864762
1,0.008403361344537815,juice,50,10.679521,533.976042
1,0.008403361344537815,jump,50,10.779873,538.993637
1,0.008403361344537815,keys,50,10.553019,527.650936
1,0.008403361344537815,kick,50,11.119852,555.992615
1,0.008403361344537815,kiss,50,10.041694,502.084685
1,0.008403361344537815,kitchen,50,11.118179,555.908972
1,0.008403361344537815,kitty,50,10.429873,521.493659
1,0.008403361344537815,knee,50,11.882079,594.103957
1,0.008403361344537815,knife,50,10.798809,539.940450
1,0.008403361344537815,knock,50,10.833398,541.669892
1,0.008403361344537815,ladder,50,11.481588,574.079411
1,0.008403361344537815,lady,50,10.336958,516.847886
1,0.008403361344537815,lamb,50,9.380747,469.037363
1,0.008403361344537815,lamp,50,12.235252,611.762611
1,0.008403361344537815,last,50,10.492928,524.646379
1,0.008403361344537815,later,50,11.226458,561.322881
1,0.008403361344537815,lawn,37,10.846425,401.317723
1,0.008403361344537815,leg,50,11.654814,582.740692
1,0.008403361344537815,lick,50,10.715579,535.778945
1,0.008403361344537815,light,50,11.471558,573.577894
1,0.008403361344537815,like,50,10.143252,507.162618
1,0.008403361344537815,lion,50,10.061748,503.087407
1,0.008403361344537815,lips,50,11.910623,595.531149
1,0.008403361344537815,listen,50,11.190287,559.514328
1,0.008403361344537815,little,50,11.842285,592.114246
1,0.008403361344537815,living,50,10.504766,525.238305
1,0.008403361344537815,lollipop,50,11.346650,567.332476
1,0.008403361344537815,long,50,11.154302,557.715106
1,0.008403361344537815,look,50,11.290195,564.509756
1,0.008403361344537815,loud,50,10.794082,539.704098
1,0.008403361344537815,love,50,10.168829,508.441446
1,0.008403361344537815,lunch,50,9.824606,491.230304
1,0.008403361344537815,mad,50,10.594949,529.747475
1,0.008403361344537815,make,50,10.612063,530.603141
1,0.008403361344537815,man,50,11.669151,583.457558
1,0.008403361344537815,me,50,11.148487,557.424343
1,0.008403361344537815,meat,50,11.867454,593.372685
1,0.008403361344537815,medicine,50,11.188669,559.433469
1,0.008403361344537815,milk,50,11.485515,574.275738
1,0.008403361344537815,mine,50,9.966323,498.316159
1,0.008403361344537815,mommy,50,10.628918,531.445892
1,0.008403361344537815,money,50,11.637101,581.855038
1,0.008403361344537815,monkey,50,9.981609,499.080443
1,0.008403361344537815,moo,50,12.013039,600.651934
1,0.008403361344537815,moon,50,11.732235,586.611747
1,0.008403361344537815,moose,32,10.525025,336.800811
1,0.008403361344537815,mop,40,10.785953,431.438133
1,0.008403361344537815,more,50,10.745718,537.285918
1,0.008403361344537815,morning,50,11.508494,575.424701
1,0.008403361344537815,motorcycle,50,11.108453,555.422638
1,0.008403361344537815,mouse,50,11.759695,587.984741
1,0.008403361344537815,mouth,50,10.626608,531.330410
1,0.008403361344537815,movie,50,11.812450,590.622516
1,0.008403361344537815,much,50,10.617216,530.860800
1,0.008403361344537815,muffin,50,11.098545,554.927267
1,0.008403361344537815,my,50,11.181993,559.099665
1,0.008403361344537815,myself,50,11.299322,564.966125
1,0.008403361344537815,nail,50,11.665849,583.292473
1,0.008403361344537815,nap,50,10.604279,530.213975
1,0.008403361344537815,napkin,50,11.729057,586.452873
1,0.008403361344537815,naughty,50,10.765852,538.292614
1,0.008403361344537815,necklace,50,11.383258,569.162889
1,0.008403361344537815,need,50,10.618894,530.944678
1,0.008403361344537815,new,50,11.342198,567.109877
1,0.008403361344537815,next,50,10.630005,531.500274
1,0.008403361344537815,nice,50,10.387957,519.397834
1,0.008403361344537815,night,50,11.072309,553.615428
1,0.008403361344537815,no,50,9.412116,470.605777
1,0.008403361344537815,noisy,50,11.401724,570.086192
1,0.008403361344537815,none,50,10.402657,520.132853
1,0.008403361344537815,noodles,50,10.842929,542.146432
1,0.008403361344537815,nose,50,11.096601,554.830029
1,0.008403361344537815,not,50,11.407197,570.359852
1,0.008403361344537815,now,50,12.189412,609.470579
1,0.008403361344537815,nurse,50,10.975723,548.786136
1,0.008403361344537815,nuts,50,11.548887,577.444352
1,0.008403361344537815,of,50,11.876541,593.827054
1,0.008403361344537815,off,50,10.601744,530.087176
1,0.008403361344537815,old,50,10.526059,526.302959
1,0.008403361344537815,on,50,9.870371,493.518536
1,0.008403361344537815,open,50,11.138492,556.924601
1,0.008403361344537815,orange,50,10.741305,537.065270
1,0.008403361344537815,other,50,10.356995,517.849761
1,0.008403361344537815,ouch,50,10.953417,547.670825
1,0.008403361344537815,our,50,11.062070,553.103494
1,0.008403361344537815,out,50,11.035486,551.774288
1,0.008403361344537815,outside,50,10.188541,509.427053
1,0.008403361344537815,oven,50,11.378454,568.922697
1,0.008403361344537815,over,50,10.342691,517.134528
1,0.008403361344537815,owl,50,10.380828,519.041388
1,0.008403361344537815,paint,50,11.116243,555.812152
1,0.008403361344537815,pajamas,50,10.767036,538.351824
1,0.008403361344537815,pancake,46,11.502048,529.094229
1,0.008403361344537815,pants,50,11.398034,569.901721
1,0.008403361344537815,paper,50,10.359333,517.966643
1,0.008403361344537815,park,50,10.543727,527.186364
1,0.008403361344537815,party,50,12.037553,601.877637
1,0.008403361344537815,peanut,50,11.642734,582.136698
1,0.008403361344537815,peas,50,10.477321,523.866068
1,0.008403361344537815,pen,50,10.665021,533.251036
1,0.008403361344537815,pencil,50,10.557663,527.883156
1,0.008403361344537815,penguin,50,10.823624,541.181208
1,0.008403361344537815,penis,18,11.079771,199.435872
1,0.008403361344537815,penny,50,11.631064,581.553198
1,0.008403361344537815,people,50,10.992033,549.601650
1,0.008403361344537815,person,50,11.360148,568.007421
1,0.008403361344537815,pick,50,11.893625,594.681249
1,0.008403361344537815,pickle,50,11.250922,562.546120
1,0.008403361344537815,picnic,50,11.240648,562.032405
1,0.008403361344537815,picture,50,11.212292,560.614596
1,0.008403361344537815,pig,50,10.980255,549.012765
1,0.008403361344537815,pillow,50,10.993769,549.688432
1,0.008403361344537815,pizza,50,10.538723,526.936158
1,0.008403361344537815,plant,50,10.569007,528.450350
1,0.008403361344537815,plate,50,11.792555,589.627729
1,0.008403361344537815,play,50,9.719525,485.976258
1,0.008403361344537815,playground,22,11.318673,249.010808
1,0.008403361344537815,please,50,10.556193,527.809643
1,0.008403361344537815,police,50,10.886607,544.330372
1,0.008403361344537815,pony,50,10.438264,521.913212
1,0.008403361344537815,pool,50,10.951634,547.581689
1,0.008403361344537815,poor,50,10.985844,549.292181
1,0.008403361344537815,popcorn,50,11.961102,598.055098
1,0.008403361344537815,popsicle,31,11.399466,353.383454
1,0.008403361344537815,porch,31,10.041795,311.295648
1,0.008403361344537815,potato,50,11.084396,554.219818
1,0.008403361344537815,pour,50,11.288174,564.408722
1,0.008403361344537815,present,50,10.855510,542.775512
1,0.008403361344537815,pretend,50,10.818543,540.927133
1,0.008403361344537815,pretty,50,10.162595,508.129726
1,0.008403361344537815,pretzel,50,10.767391,538.369562
1,0.008403361344537815,pudding,50,11.448468,572.423387
1,0.008403361344537815,pull,50,11.773139,588.656934
1,0.008403361344537815,pumpkin,50,10.974190,548.709485
1,0.008403361344537815,puppy,50,10.869224,543.461189
1,0.008403361344537815,purse,50,10.933683,546.684151
1,0.008403361344537815,push,50,11.387045,569.352247
1,0.008403361344537815,put,50,12.030062,601.503091
1,0.008403361344537815,puzzle,50,11.571959,578.597962
1,0.008403361344537815,quack,50,10.360473,518.023648
1,0.008403361344537815,quiet,50,10.712044,535.602209
1,0.008403361344537815,radio,50,10.139120,506.955996
1,0.008403361344537815,rain,50,11.350627,567.531340
1,0.008403361344537815,raisin,43,11.739752,504.809336
1,0.008403361344537815,read,50,11.827168,591.358418
1,0.008403361344537815,red,50,11.567590,578.379522
1,0.008403361344537815,refrigerator,50,10.925573,546.278668
1,0.008403361344537815,ride,50,11.154661,557.733073
1,0.008403361344537815,rip,50,11.405131,570.256552
1,0.008403361344537815,rock,50,11.163529,558.176441
1,0.008403361344537815,rocking,50,11.265665,563.283264
1,0.008403361344537815,roof,50,11.306635,565.331758
1,0.008403361344537815,room,50,11.057610,552.880475
1,0.008403361344537815,rooster,50,11.817561,590.878069
1,0.008403361344537815,run,50,10.358519,517.925963
1,0.008403361344537815,sad,50,10.874877,543.743853
1,0.008403361344537815,salt,50,10.936191,546.809574
1,0.008403361344537815,same,50,11.277369,563.868457
1,0.008403361344537815,sandwich,50,11.997794,599.889687
1,0.008403361344537815,sauce,50,10.779821,538.991049
1,0.008403361344537815,say,50,10.921039,546.051956
1,0.008403361344537815,scared,50,10.604192,530.209599
1,0.008403361344537815,scarf,50,11.229601,561.480075
1,0.008403361344537815,school,50,11.071752,553.587612
1,0.008403361344537815,scissors,50,10.278617,513.930874
1,0.008403361344537815,see,50,10.770762,538.538096
1,0.008403361344537815,shake,50,10.567038,528.351879
1,0.008403361344537815,share,50,10.636164,531.808214
1,0.008403361344537815,she,50,11.693592,584.679617
1,0.008403361344537815,sheep,50,9.954145,497.707231
1,0.008403361344537815,shh,50,11.585945,579.297252
1,0.008403361344537815,shirt,50,10.783191,539.159542
1,0.008403361344537815,shoe,50,11.158605,557.930243
1,0.008403361344537815,shopping,50,12.232748,611.637399
1,0.008403361344537815,shorts,50,10.966810,548.340487
1,0.008403361344537815,shoulder,50,10.543892,527.194584
1,0.008403361344537815,shovel,50,10.925899,546.294965
1,0.008403361344537815,show,50,11.587318,579.365907
1,0.008403361344537815,shower,50,10.782137,539.106854
1,0.008403361344537815,sick,50,10.651938,532.596884
1,0.008403361344537815,sidewalk,19,9.599759,182.395424
1,0.008403361344537815,sing,50,11.965515,598.275734
1,0.008403361344537815,sink,50,11.274606,563.730303
1,0.008403361344537815,sister,50,10.180203,509.010150
1,0.008403361344537815,sit,50,10.333732,516.686590
1,0.008403361344537815,skate,13,10.507489,136.597353
1,0.008403361344537815,sky,50,10.959368,547.968403
1,0.008403361344537815,sled,22,11.785704,259.285487
1,0.008403361344537815,sleep,50,11.446917,572.345830
1,0.008403361344537815,sleepy,50,11.752553,587.627648
1,0.008403361344537815,slide,50,11.356917,567.845859
1,0.008403361344537815,slipper,50,10.833131,541.656526
1,0.008403361344537815,slow,50,11.421024,571.051208
1,0.008403361344537815,smile,50,10.792200,539.609991
1,0.008403361344537815,snack,50,11.355904,567.795180
1,0.008403361344537815,snow,50,11.859690,592.984522
1,0.008403361344537815,so,50,10.986273,549.313625
1,0.008403361344537815,soap,50,10.814513,540.725642
1,0.008403361344537815,sock,50,11.333692,566.684614
1,0.008403361344537815,soda,50,10.277884,513.894194
1,0.008403361344537815,sofa,50,11.069107,553.455368
1,0.008403361344537815,soft,50,10.823355,541.167756
1,0.008403361344537815,some,50,11.224012,561.200583
1,0.008403361344537815,soup,50,11.357187,567.859355
1,0.008403361344537815,spill,50,10.886720,544.335992
1,0.008403361344537815,splash,50,11.222631,561.131568
1,0.008403361344537815,spoon,50,11.360339,568.016931
1,0.008403361344537815,sprinkler,13,11.011263,143.146414
1,0.008403361344537815,squirrel,50,11.324786,566.239285
1,0.008403361344537815,stairs,50,11.247293,562.364667
1,0.008403361344537815,stand,50,11.649863,582.493168
1,0.008403361344537815,star,50,10.310235,515.511763
1,0.008403361344537815,stay,50,10.204902,510.245092
1,0.008403361344537815,stick,50,10.436827,521.841345
1,0.008403361344537815,sticky,50,10.910325,545.516265
1,0.008403361344537815,stone,50,10.900436,545.021790
1,0.008403361344537815,stop,50,11.713063,585.653138
1,0.008403361344537815,store,50,12.065973,603.298656
1,0.008403361344537815,story,50,10.964764,548.238177
1,0.008403361344537815,stove,50,11.249050,562.452481
1,0.008403361344537815,strawberry,50,10.192779,509.638973
1,0.008403361344537815,street,50,11.110443,555.522158
1,0.008403361344537815,stroller,50,10.711807,535.590360
1,0.008403361344537815,stuck,50,11.915643,595.782142
1,0.008403361344537815,sun,50,11.687306,584.365280
1,0.008403361344537815,sweater,50,9.565553,478.277640
1,0.008403361344537815,sweep,50,11.123768,556.188405
1,0.008403361344537815,swim,50,10.596087,529.804329
1,0.008403361344537815,swing,50,10.803773,540.188653
1,0.008403361344537815,table,50,10.644570,532.228483
1,0.008403361344537815,take,50,11.587438,579.371913
1,0.008403361344537815,talk,50,11.500311,575.015533
1,0.008403361344537815,tape,50,11.586933,579.346645
1,0.008403361344537815,taste,50,10.530647,526.532372
1,0.008403361344537815,teacher,50,10.562489,528.124473
1,0.008403361344537815,tear,50,10.418482,520.924093
1,0.008403361344537815,telephone,50,10.662482,533.124114
1,0.008403361344537815,thank,50,11.582327,579.116364
1,0.008403361344537815,that,50,11.461207,573.060364
1,0.008403361344537815,the,50,9.696545,484.827260
1,0.008403361344537815,their,50,10.322082,516.104083
1,0.008403361344537815,them,50,11.753280,587.663980
1,0.008403361344537815,then,50,10.686665,534.333234
1,0.008403361344537815,there,50,11.567229,578.361436
1,0.008403361344537815,these,50,10.582887,529.144345
1,0.008403361344537815,they,50,10.219706,510.985275
1,0.008403361344537815,think,50,10.752602,537.630085
1,0.008403361344537815,thirsty,50,10.789785,539.489240
1,0.008403361344537815,this,50,11.693711,584.685561
1,0.008403361344537815,those,50,10.676214,533.810704
1,0.008403361344537815,throw,50,10.721285,536.064240
1,0.008403361344537815,tickle,50,10.594820,529.740976
1,0.008403361344537815,tiger,50,11.501726,575.086307
1,0.008403361344537815,time,50,10.588691,529.434573
1,0.008403361344537815,tiny,50,11.722068,586.103422
1,0.008403361344537815,tired,50,12.210566,610.528311
1,0.008403361344537815,tissue,50,11.174877,558.743847
1,0.008403361344537815,to,50,11.481748,574.087406
1,0.008403361344537815,toast,50,10.906083,545.304146
1,0.008403361344537815,today,50,11.314549,565.727441
1,0.008403361344537815,tomorrow,50,12.869414,643.470712
1,0.008403361344537815,tongue,50,10.506626,525.331307
1,0.008403361344537815,tonight,50,11.372608,568.630405
1,0.008403361344537815,too,50,10.687601,534.380055
1,0.008403361344537815,tooth,50,9.945033,497.251635
1,0.008403361344537815,toothbrush,50,10.935408,546.770392
1,0.008403361344537815,touch,50,10.511351,525.567570
1,0.008403361344537815,towel,50,11.223366,561.168320
1,0.008403361344537815,tractor,50,11.373823,568.691155
1,0.008403361344537815,train,50,10.603666,530.183318
1,0.008403361344537815,trash,50,10.712029,535.601439
1,0.008403361344537815,tray,50,11.801761,590.088040
1,0.008403361344537815,tree,50,10.926185,546.309274
1,0.008403361344537815,truck,50,10.521531,526.076550
1,0.008403361344537815,try,50,11.864730,593.236500
1,0.008403361344537815,tummy,50,10.596232,529.811609
1,0.008403361344537815,tuna,50,10.720741,536.037035
1,0.008403361344537815,turkey,50,11.324450,566.222492
1,0.008403361344537815,turn,50,11.328889,566.444466
1,0.008403361344537815,turtle,50,11.486291,574.314553
1,0.008403361344537815,tv,50,11.299888,564.994406
1,0.008403361344537815,uh,50,10.807017,540.350865
1,0.008403361344537815,uncle,50,11.560284,578.014200
1,0.008403361344537815,under,50,11.247044,562.352188
1,0.008403361344537815,up,50,11.001420,550.070977
1,0.008403361344537815,us,50,10.703724,535.186213
1,0.008403361344537815,vacuum,50,10.953261,547.663046
1,0.008403361344537815,vanilla,50,10.833547,541.677338
1,0.008403361344537815,wait,50,10.542107,527.105374
1,0.008403361344537815,wake,50,11.328807,566.440333
1,0.008403361344537815,walk,50,11.295380,564.769015
1,0.008403361344537815,walker,12,10.564261,126.771136
1,0.008403361344537815,wanna,50,11.103177,555.158843
1,0.008403361344537815,was,50,10.998949,549.947454
1,0.008403361344537815,wash,50,11.292783,564.639145
1,0.008403361344537815,washing,50,10.287394,514.369694
1,0.008403361344537815,watch,50,10.245932,512.296585
1,0.008403361344537815,water,50,10.349335,517.466737
1,0.008403361344537815,we,50,11.303088,565.154380
1,0.008403361344537815,were,50,11.059232,552.961619
1,0.008403361344537815,wet,50,11.003691,550.184574
1,0.008403361344537815,what,50,10.399427,519.971350
1,0.008403361344537815,when,50,10.987130,549.356476
1,0.008403361344537815,where,50,11.103899,555.194962
1,0.008403361344537815,which,50,10.468016,523.400788
1,0.008403361344537815,white,50,11.930817,596.540838
1,0.008403361344537815,who,50,11.109821,555.491040
1,0.008403361344537815,why,50,11.115406,555.770290
1,0.008403361344537815,will,50,10.444247,522.212337
1,0.008403361344537815,wind,50,10.735889,536.794434
1,0.008403361344537815,window,50,10.325830,516.291509
1,0.008403361344537815,windy,50,10.707168,535.358380
1,0.008403361344537815,wipe,50,10.775334,538.766704
1,0.008403361344537815,wish,50,10.268411,513.420568
1,0.008403361344537815,with,50,11.148608,557.430415
1,0.008403361344537815,wolf,50,11.135573,556.778672
1,0.008403361344537815,woods,48,10.860715,521.314324
1,0.008403361344537815,woof,50,9.566503,478.325171
1,0.008403361344537815,work,50,10.000920,500.046021
1,0.008403361344537815,would,50,10.841787,542.089363
1,0.008403361344537815,write,50,9.877060,493.852986
1,0.008403361344537815,yard,50,11.272044,563.602221
1,0.008403361344537815,yellow,50,11.132375,556.618727
1,0.008403361344537815,yes,50,10.784655,539.232726
1,0.008403361344537815,yesterday,50,10.754564,537.728207
1,0.008403361344537815,yogurt,50,11.210545,560.527253
1,0.008403361344537815,you,50,9.818059,490.902969
1,0.008403361344537815,your,50,9.845615,492.280733
1,0.008403361344537815,yourself,50,11.160173,558.008650
1,0.008403361344537815,yum,50,10.637620,531.880995
1,0.008403361344537815,zebra,50,11.246235,562.311737
1,0.008403361344537815,zipper,40,10.380199,415.207944
1,0.008403361344537815,zoo,50,10.574254,528.712703
69,0.5798319327731093,a,50,4.045952,202.297605
69,0.5798319327731093,about,50,6.782824,339.141211
69,0.5798319327731093,above,50,11.092777,554.638836
69,0.5798319327731093,after,50,8.060880,403.044004
69,0.5798319327731093,airplane,50,10.302929,515.146457
69,0.5798319327731093,all,50,6.100331,305.016527
69,0.5798319327731093,alligator,50,9.509176,475.458797
69,0.5798319327731093,am,50,8.617591,430.879547
69,0.5798319327731093,and,50,4.742844,237.142211
69,0.5798319327731093,animal,50,9.874884,493.744215
69,0.5798319327731093,ankle,5,12.537992,62.689961
69,0.5798319327731093,another,50,6.713162,335.658122
69,0.5798319327731093,any,50,7.558773,377.938667
69,0.5798319327731093,apple,50,8.736014,436.800693
69,0.5798319327731093,are,50,5.195569,259.778433
69,0.5798319327731093,arm,50,10.130138,506.506884
69,0.5798319327731093,around,50,8.038978,401.948908
69,0.5798319327731093,asleep,50,10.825839,541.291957
69,0.5798319327731093,at,50,5.544926,277.246284
69,0.5798319327731093,aunt,42,11.198598,470.341133
69,0.5798319327731093,awake,50,11.460925,573.046247
69,0.5798319327731093,away,50,7.879565,393.978261
69,0.5798319327731093,baby,50,7.157680,357.883984
69,0.5798319327731093,babysitter,11,12.578801,138.366815
69,0.5798319327731093,back,50,6.954043,347.702133
69,0.5798319327731093,backyard,19,12.602494,239.447383
69,0.5798319327731093,bad,50,9.905947,495.297340
69,0.5798319327731093,ball,50,9.016272,450.813591
69,0.5798319327731093,balloon,50,10.210801,510.540068
69,0.5798319327731093,banana,50,10.371821,518.591050
69,0.5798319327731093,basement,26,13.106746,340.775406
69,0.5798319327731093,basket,50,9.146038,457.301920
69,0.5798319327731093,bat,50,11.955224,597.761190
69,0.5798319327731093,bath,50,8.162264,408.113190
69,0.5798319327731093,bathroom,50,11.610898,580.544889
69,0.5798319327731093,bathtub,31,11.630618,360.549153
69,0.5798319327731093,be,50,6.392593,319.629644
69,0.5798319327731093,beach,50,9.749875,487.493731
69,0.5798319327731093,beads,50,11.249701,562.485073
69,0.5798319327731093,beans,50,12.699705,634.985255
69,0.5798319327731093,bear,50,8.979835,448.991761
69,0.5798319327731093,because,50,6.537565,326.878251
69,0.5798319327731093,bed,50,8.642519,432.125966
69,0.5798319327731093,bedroom,50,10.170040,508.502018
69,0.5798319327731093,bee,50,9.397970,469.898521
69,0.5798319327731093,before,50,8.312487,415.624367
69,0.5798319327731093,behind,50,9.097491,454.874562
69,0.5798319327731093,belly,50,9.673217,483.660863
69,0.5798319327731093,belt,50,12.140152,607.007617
69,0.5798319327731093,bench,50,11.724313,586.215674
69,0.5798319327731093,beside,50,10.762732,538.136579
69,0.5798319327731093,better,50,8.041768,402.088419
69,0.5798319327731093,bib,50,11.801756,590.087810
69,0.5798319327731093,bicycle,50,9.508011,475.400530
69,0.5798319327731093,big,50,6.900528,345.026382
69,0.5798319327731093,bird,50,10.173743,508.687132
69,0.5798319327731093,bite,50,9.233155,461.657775
69,0.5798319327731093,black,50,9.151664,457.583212
69,0.5798319327731093,blanket,50,10.185166,509.258311
69,0.5798319327731093,block,50,11.094785,554.739263
69,0.5798319327731093,blow,50,9.984330,499.216521
69,0.5798319327731093,blue,50,7.366735,368.336775
69,0.5798319327731093,boat,50,9.899932,494.996620
69,0.5798319327731093,book,50,7.695670,384.783479
69,0.5798319327731093,boots,50,10.723715,536.185772
69,0.5798319327731093,bottle,50,10.309164,515.458199
69,0.5798319327731093,bowl,50,9.616971,480.848550
69,0.5798319327731093,box,50,8.033146,401.657324
69,0.5798319327731093,boy,50,7.581803,379.090142
69,0.5798319327731093,bread,50,8.880150,444.007487
69,0.5798319327731093,break,50,8.612402,430.620093
69,0.5798319327731093,breakfast,50,9.638599,481.929969
69,0.5798319327731093,bring,50,7.655182,382.759090
69,0.5798319327731093,broken,50,8.777536,438.876822
69,0.5798319327731093,broom,50,10.261642,513.082098
69,0.5798319327731093,brother,50,10.087448,504.372378
69,0.5798319327731093,brown,50,10.336510,516.825507
69,0.5798319327731093,brush,50,9.520238,476.011911
69,0.5798319327731093,bubbles,50,11.409875,570.493746
69,0.5798319327731093,bucket,50,10.502583,525.129127
69,0.5798319327731093,bug,50,9.176307,458.815355
69,0.5798319327731093,build,50,9.414170,470.708498
69,0.5798319327731093,bump,50,9.499115,474.955774
69,0.5798319327731093,bunny,50,8.624293,431.214637
69,0.5798319327731093,bus,50,8.957899,447.894956
69,0.5798319327731093,but,50,6.392046,319.602285
69,0.5798319327731093,butter,50,11.031651,551.582552
69,0.5798319327731093,butterfly,50,9.580690,479.034523
69,0.5798319327731093,button,50,9.997974,499.898713
69,0.5798319327731093,buy,50,8.803629,440.181450
69,0.5798319327731093,by,50,8.251312,412.565598
69,0.5798319327731093,bye,50,8.773340,438.666981
69,0.5798319327731093,cake,50,9.666483,483.324142
69,0.5798319327731093,call,50,8.286964,414.348190
69,0.5798319327731093,camera,50,10.854936,542.746797
69,0.5798319327731093,camping,31,13.424277,416.152575
69,0.5798319327731093,can,50,5.283931,264.196570
69,0.5798319327731093,candy,50,10.382136,519.106819
69,0.5798319327731093,car,50,7.600853,380.042633
69,0.5798319327731093,careful,50,8.492520,424.625996
69,0.5798319327731093,carrots,50,9.961322,498.066100
69,0.5798319327731093,carry,50,9.223926,461.196297
69,0.5798319327731093,cat,50,8.290520,414.525991
69,0.5798319327731093,catch,50,9.361058,468.052882
69,0.5798319327731093,cereal,50,10.042822,502.141106
69,0.5798319327731093,chair,50,9.037037,451.851873
69,0.5798319327731093,chalk,40,11.282239,451.289558
69,0.5798319327731093,chase,49,11.378623,557.552538
69,0.5798319327731093,cheek,35,12.937666,452.818296
69,0.5798319327731093,cheese,50,9.059171,452.958545
69,0.5798319327731093,chicken,50,8.668298,433.414888
69,0.5798319327731093,child,50,10.019025,500.951231
69,0.5798319327731093,chin,50,10.891415,544.570769
69,0.5798319327731093,chocolate,50,9.114315,455.715768
69,0.5798319327731093,choo,50,9.138977,456.948851
69,0.5798319327731093,church,50,9.875974,493.798676
69,0.5798319327731093,circus,50,12.047863,602.393137
69,0.5798319327731093,clap,50,11.038090,551.904523
69,0.5798319327731093,clean,50,8.788521,439.426033
69,0.5798319327731093,climb,50,10.059270,502.963501
69,0.5798319327731093,clock,50,9.752448,487.622391
69,0.5798319327731093,close,50,9.411343,470.567156
69,0.5798319327731093,closet,50,11.458327,572.916346
69,0.5798319327731093,cloud,50,12.480500,624.025013
69,0.5798319327731093,clown,50,10.159526,507.976295
69,0.5798319327731093,coat,50,9.885741,494.287058
69,0.5798319327731093,coffee,50,9.908654,495.432695
69,0.5798319327731093,coke,50,10.817792,540.889593
69,0.5798319327731093,cold,50,9.335025,466.751241
69,0.5798319327731093,comb,50,10.093432,504.671619
69,0.5798319327731093,cook,50,9.153699,457.684930
69,0.5798319327731093,cookie,50,10.224090,511.204520
69,0.5798319327731093,corn,50,10.080372,504.018618
69,0.5798319327731093,couch,50,10.467274,523.363716
69,0.5798319327731093,could,50,7.513323,375.666137
69,0.5798319327731093,country,50,10.739177,536.958842
69,0.5798319327731093,cover,50,9.137080,456.853991
69,0.5798319327731093,cow,50,8.971002,448.550080
69,0.5798319327731093,cowboy,50,11.920689,596.034452
69,0.5798319327731093,cracker,50,10.412127,520.606356
69,0.5798319327731093,crayon,50,11.752146,587.607292
69,0.5798319327731093,crib,50,11.018818,550.940925
69,0.5798319327731093,cry,50,9.466703,473.335153
69,0.5798319327731093,cup,50,8.687243,434.362145
69,0.5798319327731093,cut,50,8.834715,441.735765
69,0.5798319327731093,cute,50,10.459596,522.979779
69,0.5798319327731093,daddy,50,8.444440,422.221992
69,0.5798319327731093,dance,50,10.789774,539.488688
69,0.5798319327731093,dark,50,9.993212,499.660592
69,0.5798319327731093,day,50,8.241560,412.078023
69,0.5798319327731093,deer,50,10.943881,547.194049
69,0.5798319327731093,diaper,50,9.800985,490.049257
69,0.5798319327731093,did,50,5.541455,277.072751
69,0.5798319327731093,dinner,50,9.664461,483.223052
69,0.5798319327731093,dirty,50,9.058147,452.907326
69,0.5798319327731093,dish,50,10.380722,519.036097
69,0.5798319327731093,do,50,5.169116,258.455821
69,0.5798319327731093,doctor,50,9.752797,487.639848
69,0.5798319327731093,does,50,6.990860,349.543010
69,0.5798319327731093,dog,50,8.770158,438.507877
69,0.5798319327731093,doll,50,9.535599,476.779930
69,0.5798319327731093,donkey,50,10.424871,521.243546
69,0.5798319327731093,donut,41,12.514273,513.085198
69,0.5798319327731093,door,50,8.970702,448.535107
69,0.5798319327731093,down,50,7.104851,355.242548
69,0.5798319327731093,downtown,8,11.558091,92.464726
69,0.5798319327731093,draw,50,8.955912,447.795588
69,0.5798319327731093,drawer,50,10.424190,521.209487
69,0.5798319327731093,dress,50,9.433370,471.668498
69,0.5798319327731093,drink,50,8.346116,417.305779
69,0.5798319327731093,drive,50,9.624040,481.202003
69,0.5798319327731093,drop,50,9.594778,479.738886
69,0.5798319327731093,dry,50,9.742534,487.126682
69,0.5798319327731093,dryer,20,11.432489,228.649772
69,0.5798319327731093,duck,50,9.013604,450.680224
69,0.5798319327731093,dump,50,10.334264,516.713215
69,0.5798319327731093,each,50,9.192669,459.633453
69,0.5798319327731093,ear,50,9.885582,494.279095
69,0.5798319327731093,eat,50,6.911962,345.598125
69,0.5798319327731093,egg,50,9.057805,452.890251
69,0.5798319327731093,elephant,50,9.158495,457.924751
69,0.5798319327731093,empty,50,9.639288,481.964414
69,0.5798319327731093,every,50,9.730057,486.502836
69,0.5798319327731093,eye,50,9.567964,478.398189
69,0.5798319327731093,face,50,8.862227,443.111366
69,0.5798319327731093,fall,50,8.085963,404.298164
69,0.5798319327731093,farm,50,9.943847,497.192372
69,0.5798319327731093,fast,50,9.428578,471.428904
69,0.5798319327731093,feed,50,9.812000,490.599990
69,0.5798319327731093,find,50,7.659850,382.992499
69,0.5798319327731093,fine,50,9.722565,486.128241
69,0.5798319327731093,finger,50,10.001999,500.099953
69,0.5798319327731093,finish,50,8.619276,430.963781
69,0.5798319327731093,first,50,8.158735,407.936769
69,0.5798319327731093,fish,50,8.144570,407.228499
69,0.5798319327731093,fit,50,8.774243,438.712150
69,0.5798319327731093,fix,50,8.817950,440.897510
69,0.5798319327731093,flag,50,13.694662,684.733118
69,0.5798319327731093,flower,50,9.651369,482.568466
69,0.5798319327731093,food,50,8.338358,416.917876
69,0.5798319327731093,foot,50,9.027430,451.371490
69,0.5798319327731093,for,50,6.222645,311.132243
69,0.5798319327731093,fork,50,9.415146,470.757318
69,0.5798319327731093,french,50,11.118811,555.940561
69,0.5798319327731093,friend,50,9.425811,471.290526
69,0.5798319327731093,frog,50,9.496393,474.819642
69,0.5798319327731093,full,50,9.410110,470.505491
69,0.5798319327731093,game,50,9.428053,471.402630
69,0.5798319327731093,garage,50,9.999366,499.968325
69,0.5798319327731093,garbage,50,9.795888,489.794422
69,0.5798319327731093,garden,50,9.258539,462.926938
69,0.5798319327731093,gas,50,11.315330,565.766510
69,0.5798319327731093,gentle,50,10.802440,540.122025
69,0.5798319327731093,get,50,5.535001,276.750072
69,0.5798319327731093,giraffe,50,10.187960,509.397980
69,0.5798319327731093,girl,50,7.997000,399.849985
69,0.5798319327731093,give,50,7.163099,358.154971
69,0.5798319327731093,glass,50,9.850532,492.526602
69,0.5798319327731093,glasses,50,9.708738,485.436908
69,0.5798319327731093,gloves,50,12.880484,644.024210
69,0.5798319327731093,glue,50,11.069195,553.459766
69,0.5798319327731093,go,50,5.119967,255.998333
69,0.5798319327731093,good,50,6.520223,326.011174
69,0.5798319327731093,goose,50,11.624373,581.218627
69,0.5798319327731093,grandma,50,10.744858,537.242925
69,0.5798319327731093,grandpa,45,10.761581,484.271132
69,0.5798319327731093,grapes,50,10.508307,525.415332
69,0.5798319327731093,grass,50,9.758204,487.910204
69,0.5798319327731093,green,50,8.402707,420.135332
69,0.5798319327731093,gum,50,10.844453,542.222656
69,0.5798319327731093,hair,50,8.096094,404.804722
69,0.5798319327731093,hamburger,50,10.254309,512.715453
69,0.5798319327731093,hammer,50,9.898063,494.903143
69,0.5798319327731093,hand,50,8.176572,408.828587
69,0.5798319327731093,happy,50,8.886080,444.304005
69,0.5798319327731093,hard,50,8.714710,435.735496
69,0.5798319327731093,hat,50,8.331168,416.558382
69,0.5798319327731093,hate,50,12.726022,636.301086
69,0.5798319327731093,have,50,5.395081,269.754040
69,0.5798319327731093,he,50,5.224555,261.227743
69,0.5798319327731093,head,50,7.932278,396.613884
69,0.5798319327731093,hear,50,7.267821,363.391039
69,0.5798319327731093,heavy,50,9.602624,480.131191
69,0.5798319327731093,helicopter,50,10.118233,505.911641
69,0.5798319327731093,hello,50,7.930999,396.549941
69,0.5798319327731093,help,50,8.234357,411.717864
69,0.5798319327731093,her,50,6.085308,304.265394
69,0.5798319327731093,here,50,5.567649,278.382473
69,0.5798319327731093,hi,50,8.951698,447.584894
69,0.5798319327731093,hide,50,9.909936,495.496812
69,0.5798319327731093,high,50,10.253597,512.679853
69,0.5798319327731093,him,50,5.868337,293.416837
69,0.5798319327731093,his,50,6.496552,324.827601
69,0.5798319327731093,hit,50,8.806200,440.309992
69,0.5798319327731093,hold,50,8.069903,403.495130
69,0.5798319327731093,home,50,7.440087,372.004340
69,0.5798319327731093,horse,50,9.111957,455.597837
69,0.5798319327731093,hose,50,13.730092,686.504620
69,0.5798319327731093,hot,50,8.828482,441.424105
69,0.5798319327731093,house,50,8.229381,411.469028
69,0.5798319327731093,how,50,7.119747,355.987372
69,0.5798319327731093,hug,50,10.028506,501.425289
69,0.5798319327731093,hungry,50,8.950207,447.510374
69,0.5798319327731093,hurry,50,10.171602,508.580090
69,0.5798319327731093,hurt,50,8.336263,416.813149
69,0.5798319327731093,i,50,10.555180,527.758995
69,0.5798319327731093,ice,50,8.230113,411.505643
69,0.5798319327731093,if,50,6.975624,348.781181
69,0.5798319327731093,inside,50,9.071149,453.557471
69,0.5798319327731093,into,50,8.255740,412.786998
69,0.5798319327731093,is,50,4.898929,244.946453
69,0.5798319327731093,it,50,4.363811,218.190557
69,0.5798319327731093,jacket,50,10.548435,527.421760
69,0.5798319327731093,jar,50,10.709056,535.452796
69,0.5798319327731093,jeans,16,12.792787,204.684585
69,0.5798319327731093,jelly,50,10.353883,517.694175
69,0.5798319327731093,juice,50,8.284124,414.206195
69,0.5798319327731093,jump,50,9.350500,467.525011
69,0.5798319327731093,keys,50,10.303055,515.152740
69,0.5798319327731093,kick,50,10.341159,517.057947
69,0.5798319327731093,kiss,50,8.812650,440.632489
69,0.5798319327731093,kitchen,50,8.871437,443.571841
69,0.5798319327731093,kitty,50,8.654385,432.719236
69,0.5798319327731093,knee,50,9.818735,490.936753
69,0.5798319327731093,knife,50,10.383717,519.185844
69,0.5798319327731093,knock,50,10.374128,518.706422
69,0.5798319327731093,ladder,50,10.525704,526.285195
69,0.5798319327731093,lady,50,8.804103,440.205163
69,0.5798319327731093,lamb,50,10.191754,509.587677
69,0.5798319327731093,lamp,50,11.438840,571.941984
69,0.5798319327731093,last,50,8.315843,415.792158
69,0.5798319327731093,later,50,8.509832,425.491602
69,0.5798319327731093,lawn,37,12.495157,462.320827
69,0.5798319327731093,leg,50,10.268574,513.428702
69,0.5798319327731093,lick,50,11.102900,555.144990
69,0.5798319327731093,light,50,9.385310,469.265513
69,0.5798319327731093,like,50,5.548068,277.403380
69,0.5798319327731093,lion,50,9.759088,487.954401
69,0.5798319327731093,lips,50,11.693786,584.689301
69,0.5798319327731093,listen,50,9.267591,463.379550
69,0.5798319327731093,little,50,6.034044,301.702225
69,0.5798319327731093,living,50,9.514336,475.716805
69,0.5798319327731093,lollipop,50,10.716775,535.838757
69,0.5798319327731093,long,50,8.216748,410.837379
69,0.5798319327731093,look,50,5.991303,299.565146
69,0.5798319327731093,loud,50,9.653391,482.669555
69,0.5798319327731093,love,50,8.050504,402.525218
69,0.5798319327731093,lunch,50,8.994603,449.730151
69,0.5798319327731093,mad,50,10.592133,529.606633
69,0.5798319327731093,make,50,7.003223,350.161169
69,0.5798319327731093,man,50,8.853686,442.684299
69,0.5798319327731093,me,50,5.567651,278.382542
69,0.5798319327731093,meat,50,9.776350,488.817497
69,0.5798319327731093,medicine,50,10.407589,520.379444
69,0.5798319327731093,milk,50,8.735271,436.763542
69,0.5798319327731093,mine,50,7.876266,393.813318
69,0.5798319327731093,mommy,50,8.621187,431.059325
69,0.5798319327731093,money,50,9.275802,463.790096
69,0.5798319327731093,monkey,50,8.571698,428.584878
69,0.5798319327731093,moo,50,9.398701,469.935026
69,0.5798319327731093,moon,50,9.236174,461.808697
69,0.5798319327731093,moose,32,12.678369,405.707815
69,0.5798319327731093,mop,40,12.123128,484.925122
69,0.5798319327731093,more,50,6.657838,332.891888
69,0.5798319327731093,morning,50,8.742370,437.118495
69,0.5798319327731093,motorcycle,50,11.505800,575.289989
69,0.5798319327731093,mouse,50,9.552331,477.616541
69,0.5798319327731093,mouth,50,8.741909,437.095440
69,0.5798319327731093,movie,50,10.876276,543.813821
69,0.5798319327731093,much,50,8.086122,404.306089
69,0.5798319327731093,muffin,50,11.276116,563.805809
69,0.5798319327731093,my,50,6.316659,315.832971
69,0.5798319327731093,myself,50,10.361660,518.083003
69,0.5798319327731093,nail,50,10.416528,520.826396
69,0.5798319327731093,nap,50,10.573549,528.677428
69,0.5798319327731093,napkin,50,10.657490,532.874483
69,0.5798319327731093,naughty,50,8.998364,449.918219
69,0.5798319327731093,necklace,50,11.383759,569.187929
69,0.5798319327731093,need,50,7.972900,398.645009
69,0.5798319327731093,new,50,8.055974,402.798700
69,0.5798319327731093,next,50,8.204697,410.234847
69,0.5798319327731093,nice,50,7.305524,365.276182
69,0.5798319327731093,night,50,8.580782,429.039093
69,0.5798319327731093,no,50,4.611466,230.573308
69,0.5798319327731093,noisy,50,9.823893,491.194649
69,0.5798319327731093,none,50,10.023875,501.193726
69,0.5798319327731093,noodles,50,11.816455,590.822742
69,0.5798319327731093,nose,50,8.824706,441.235321
69,0.5798319327731093,not,50,5.970183,298.509135
69,0.5798319327731093,now,50,6.483989,324.199429
69,0.5798319327731093,nurse,50,10.375579,518.778927
69,0.5798319327731093,nuts,50,11.365928,568.296413
69,0.5798319327731093,of,50,6.026618,301.330903
69,0.5798319327731093,off,50,6.942936,347.146788
69,0.5798319327731093,old,50,8.866583,443.329156
69,0.5798319327731093,on,50,5.076924,253.846206
69,0.5798319327731093,open,50,7.879624,393.981215
69,0.5798319327731093,orange,50,8.314827,415.741328
69,0.5798319327731093,other,50,6.990360,349.517977
69,0.5798319327731093,ouch,50,10.262802,513.140121
69,0.5798319327731093,our,50,8.131906,406.595285
69,0.5798319327731093,out,50,6.237197,311.859828
69,0.5798319327731093,outside,50,8.319608,415.980405
69,0.5798319327731093,oven,50,10.232279,511.613964
69,0.5798319327731093,over,50,6.807901,340.395074
69,0.5798319327731093,owl,50,9.483657,474.182841
69,0.5798319327731093,paint,50,10.520618,526.030912
69,0.5798319327731093,pajamas,50,10.312127,515.606331
69,0.5798319327731093,pancake,46,10.292152,473.438977
69,0.5798319327731093,pants,50,10.373549,518.677448
69,0.5798319327731093,paper,50,8.863035,443.151746
69,0.5798319327731093,park,50,8.904329,445.216427
69,0.5798319327731093,party,50,9.060293,453.014650
69,0.5798319327731093,peanut,50,10.493794,524.689691
69,0.5798319327731093,peas,50,9.405186,470.259308
69,0.5798319327731093,pen,50,9.692821,484.641066
69,0.5798319327731093,pencil,50,11.056689,552.834468
69,0.5798319327731093,penguin,50,9.589342,479.467095
69,0.5798319327731093,penis,18,12.813231,230.638160
69,0.5798319327731093,penny,50,11.084001,554.200036
69,0.5798319327731093,people,50,8.062627,403.131360
69,0.5798319327731093,person,50,10.091622,504.581104
69,0.5798319327731093,pick,50,8.371658,418.582915
69,0.5798319327731093,pickle,50,10.794779,539.738926
69,0.5798319327731093,picnic,50,10.232869,511.643437
69,0.5798319327731093,picture,50,8.669843,433.492174
69,0.5798319327731093,pig,50,9.063333,453.166641
69,0.5798319327731093,pillow,50,10.593829,529.691467
69,0.5798319327731093,pizza,50,9.532925,476.646241
69,0.5798319327731093,plant,50,10.199290,509.964520
69,0.5798319327731093,plate,50,9.478857,473.942868
69,0.5798319327731093,play,50,6.570997,328.549852
69,0.5798319327731093,playground,22,11.870928,261.160426
69,0.5798319327731093,please,50,7.995702,399.785103
69,0.5798319327731093,police,50,10.374971,518.748559
69,0.5798319327731093,pony,50,11.294527,564.726327
69,0.5798319327731093,pool,50,10.574700,528.735009
69,0.5798319327731093,poor,50,8.771298,438.564920
69,0.5798319327731093,popcorn,50,11.015891,550.794562
69,0.5798319327731093,popsicle,31,11.523403,357.225507
69,0.5798319327731093,porch,31,12.347772,382.780931
69,0.5798319327731093,potato,50,11.311619,565.580974
69,0.5798319327731093,pour,50,10.084762,504.238118
69,0.5798319327731093,present,50,10.061705,503.085225
69,0.5798319327731093,pretend,50,8.997339,449.866927
69,0.5798319327731093,pretty,50,8.489090,424.454522
69,0.5798319327731093,pretzel,50,11.867083,593.354136
69,0.5798319327731093,pudding,50,13.597652,679.882605
69,0.5798319327731093,pull,50,8.415543,420.777125
69,0.5798319327731093,pumpkin,50,10.285627,514.281354
69,0.5798319327731093,puppy,50,11.088318,554.415895
69,0.5798319327731093,purse,50,10.225181,511.259039
69,0.5798319327731093,push,50,9.005365,450.268265
69,0.5798319327731093,put,50,5.605283,280.264153
69,0.5798319327731093,puzzle,50,9.971143,498.557159
69,0.5798319327731093,quack,50,9.770249,488.512439
69,0.5798319327731093,quiet,50,9.772603,488.630157
69,0.5798319327731093,radio,50,12.317524,615.876182
69,0.5798319327731093,rain,50,8.936502,446.825108
69,0.5798319327731093,raisin,43,13.556307,582.921185
69,0.5798319327731093,read,50,7.670258,383.512899
69,0.5798319327731093,red,50,7.745168,387.258392
69,0.5798319327731093,refrigerator,50,10.623865,531.193263
69,0.5798319327731093,ride,50,9.668194,483.409688
69,0.5798319327731093,rip,50,12.829762,641.488117
69,0.5798319327731093,rock,50,9.889458,494.472891
69,0.5798319327731093,rocking,50,9.805475,490.273760
69,0.5798319327731093,roof,50,10.641618,532.080914
69,0.5798319327731093,room,50,8.631815,431.590753
69,0.5798319327731093,rooster,50,10.991244,549.562213
69,0.5798319327731093,run,50,8.797819,439.890947
69,0.5798319327731093,sad,50,9.137864,456.893195
69,0.5798319327731093,salt,50,10.562242,528.112101
69,0.5798319327731093,same,50,8.184165,409.208259
69,0.5798319327731093,sandwich,50,9.212697,460.634845
69,0.5798319327731093,sauce,50,12.661527,633.076363
69,0.5798319327731093,say,50,7.116392,355.819592
69,0.5798319327731093,scared,50,9.555146,477.757286
69,0.5798319327731093,scarf,50,12.757880,637.893992
69,0.5798319327731093,school,50,8.396904,419.845185
69,0.5798319327731093,scissors,50,12.209947,610.497361
69,0.5798319327731093,see,50,5.107847,255.392337
69,0.5798319327731093,shake,50,10.784737,539.236840
69,0.5798319327731093,share,50,9.658479,482.923958
69,0.5798319327731093,she,50,6.100837,305.041834
69,0.5798319327731093,sheep,50,9.026676,451.333784
69,0.5798319327731093,shh,50,9.959363,497.968166
69,0.5798319327731093,shirt,50,9.548289,477.414426
69,0.5798319327731093,shoe,50,9.696608,484.830409
69,0.5798319327731093,shopping,50,10.535145,526.757235
69,0.5798319327731093,shorts,50,10.496543,524.827163
69,0.5798319327731093,shoulder,50,10.543367,527.168336
69,0.5798319327731093,shovel,50,11.527175,576.358762
69,0.5798319327731093,show,50,8.020552,401.027625
69,0.5798319327731093,shower,50,10.992552,549.627588
69,0.5798319327731093,sick,50,9.937498,496.874908
69,0.5798319327731093,sidewalk,19,10.035090,190.666715
69,0.5798319327731093,sing,50,8.504317,425.215846
69,0.5798319327731093,sink,50,10.474733,523.736660
69,0.5798319327731093,sister,50,9.144360,457.217984
69,0.5798319327731093,sit,50,7.768573,388.428629
69,0.5798319327731093,skate,13,11.085006,144.105077
69,0.5798319327731093,sky,50,9.228415,461.420769
69,0.5798319327731093,sled,22,12.094920,266.088232
69,0.5798319327731093,sleep,50,8.310246,415.512315
69,0.5798319327731093,sleepy,50,10.550195,527.509754
69,0.5798319327731093,slide,50,9.613363,480.668130
69,0.5798319327731093,slipper,50,11.222065,561.103237
69,0.5798319327731093,slow,50,11.587398,579.369883
69,0.5798319327731093,smile,50,9.951788,497.589404
69,0.5798319327731093,snack,50,10.665989,533.299439
69,0.5798319327731093,snow,50,9.608066,480.403304
69,0.5798319327731093,so,50,6.390533,319.526649
69,0.5798319327731093,soap,50,11.141518,557.075901
69,0.5798319327731093,sock,50,13.772338,688.616899
69,0.5798319327731093,soda,50,10.739478,536.973907
69,0.5798319327731093,sofa,50,11.149570,557.478494
69,0.5798319327731093,soft,50,9.129912,456.495620
69,0.5798319327731093,some,50,6.242113,312.105659
69,0.5798319327731093,soup,50,10.515096,525.754782
69,0.5798319327731093,spill,50,10.163567,508.178358
69,0.5798319327731093,splash,50,10.861892,543.094585
69,0.5798319327731093,spoon,50,8.664890,433.244490
69,0.5798319327731093,sprinkler,13,13.202363,171.630719
69,0.5798319327731093,squirrel,50,11.334017,566.700827
69,0.5798319327731093,stairs,50,10.532744,526.637213
69,0.5798319327731093,stand,50,8.253203,412.660136
69,0.5798319327731093,star,50,9.606046,480.302320
69,0.5798319327731093,stay,50,8.450890,422.544502
69,0.5798319327731093,stick,50,9.539258,476.962876
69,0.5798319327731093,sticky,50,9.512675,475.633759
69,0.5798319327731093,stone,50,11.170568,558.528400
69,0.5798319327731093,stop,50,8.619632,430.981607
69,0.5798319327731093,store,50,9.057937,452.896863
69,0.5798319327731093,story,50,8.887731,444.386555
69,0.5798319327731093,stove,50,11.431185,571.559245
69,0.5798319327731093,strawberry,50,9.559864,477.993217
69,0.5798319327731093,street,50,10.929163,546.458172
69,0.5798319327731093,stroller,50,12.425245,621.262225
69,0.5798319327731093,stuck,50,9.285058,464.252880
69,0.5798319327731093,sun,50,9.115886,455.794300
69,0.5798319327731093,sweater,50,10.550251,527.512535
69,0.5798319327731093,sweep,50,11.614672,580.733616
69,0.5798319327731093,swim,50,9.350477,467.523848
69,0.5798319327731093,swing,50,9.481707,474.085367
69,0.5798319327731093,table,50,8.813520,440.676016
69,0.5798319327731093,take,50,6.724415,336.220771
69,0.5798319327731093,talk,50,9.106353,455.317660
69,0.5798319327731093,tape,50,9.601751,480.087562
69,0.5798319327731093,taste,50,10.367418,518.370916
69,0.5798319327731093,teacher,50,9.510500,475.525022
69,0.5798319327731093,tear,50,9.951439,497.571968
69,0.5798319327731093,telephone,50,10.060363,503.018155
69,0.5798319327731093,thank,50,7.087530,354.376513
69,0.5798319327731093,that,50,4.404029,220.201474
69,0.5798319327731093,the,50,4.283729,214.186452
69,0.5798319327731093,their,50,8.473371,423.668550
69,0.5798319327731093,them,50,6.021445,301.072254
69,0.5798319327731093,then,50,5.863492,293.174622
69,0.5798319327731093,there,50,5.019134,250.956685
69,0.5798319327731093,these,50,6.438699,321.934970
69,0.5798319327731093,they,50,5.371688,268.584392
69,0.5798319327731093,think,50,5.582187,279.109354
69,0.5798319327731093,thirsty,50,10.875311,543.765531
69,0.5798319327731093,this,50,5.137936,256.896816
69,0.5798319327731093,those,50,7.051161,352.558065
69,0.5798319327731093,throw,50,8.746325,437.316274
69,0.5798319327731093,tickle,50,10.274242,513.712084
69,0.5798319327731093,tiger,50,9.771127,488.556337
69,0.5798319327731093,time,50,7.886489,394.324433
69,0.5798319327731093,tiny,50,9.017256,450.862819
69,0.5798319327731093,tired,50,9.022544,451.127205
69,0.5798319327731093,tissue,50,10.954360,547.718004
69,0.5798319327731093,to,50,4.919970,245.998489
69,0.5798319327731093,toast,50,9.980153,499.007674
69,0.5798319327731093,today,50,8.214091,410.704526
69,0.5798319327731093,tomorrow,50,9.315001,465.750047
69,0.5798319327731093,tongue,50,9.669512,483.475597
69,0.5798319327731093,tonight,50,10.073077,503.653854
69,0.5798319327731093,too,50,7.164046,358.202323
69,0.5798319327731093,tooth,50,9.703902,485.195086
69,0.5798319327731093,toothbrush,50,11.824172,591.208583
69,0.5798319327731093,touch,50,8.882666,444.133324
69,0.5798319327731093,towel,50,10.147316,507.365797
69,0.5798319327731093,tractor,50,9.635250,481.762483
69,0.5798319327731093,train,50,7.924207,396.210333
69,0.5798319327731093,trash,50,10.649693,532.484653
69,0.5798319327731093,tray,50,10.869966,543.498321
69,0.5798319327731093,tree,50,8.877496,443.874804
69,0.5798319327731093,truck,50,9.060676,453.033804
69,0.5798319327731093,try,50,8.066875,403.343733
69,0.5798319327731093,tummy,50,8.573640,428.681992
69,0.5798319327731093,tuna,50,11.136800,556.840005
69,0.5798319327731093,turkey,50,10.184535,509.226760
69,0.5798319327731093,turn,50,8.310693,415.534673
69,0.5798319327731093,turtle,50,9.834553,491.727668
69,0.5798319327731093,tv,50,10.874923,543.746136
69,0.5798319327731093,uh,50,6.861326,343.066289
69,0.5798319327731093,uncle,50,13.574221,678.711048
69,0.5798319327731093,under,50,8.697462,434.873123
69,0.5798319327731093,up,50,6.415000,320.750017
69,0.5798319327731093,us,50,8.101047,405.052338
69,0.5798319327731093,vacuum,50,10.611597,530.579868
69,0.5798319327731093,vanilla,50,12.017885,600.894251
69,0.5798319327731093,wait,50,7.899397,394.969834
69,0.5798319327731093,wake,50,8.942404,447.120221
69,0.5798319327731093,walk,50,8.663073,433.153638
69,0.5798319327731093,walker,12,12.909463,154.913551
69,0.5798319327731093,wanna,50,4.967721,248.386040
69,0.5798319327731093,was,50,6.131557,306.577847
69,0.5798319327731093,wash,50,9.191750,459.587522
69,0.5798319327731093,washing,50,9.638373,481.918632
69,0.5798319327731093,watch,50,7.964298,398.214898
69,0.5798319327731093,water,50,7.540154,377.007707
69,0.5798319327731093,we,50,5.609384,280.469213
69,0.5798319327731093,were,50,6.921432,346.071621
69,0.5798319327731093,wet,50,9.398860,469.942985
69,0.5798319327731093,what,50,3.216288,160.814392
69,0.5798319327731093,when,50,6.986818,349.340900
69,0.5798319327731093,where,50,5.136637,256.831826
69,0.5798319327731093,which,50,8.050938,402.546919
69,0.5798319327731093,white,50,8.171043,408.552168
69,0.5798319327731093,who,50,6.076647,303.832353
69,0.5798319327731093,why,50,6.422174,321.108695
69,0.5798319327731093,will,50,7.447912,372.395585
69,0.5798319327731093,wind,50,9.573182,478.659078
69,0.5798319327731093,window,50,9.712084,485.604177
69,0.5798319327731093,windy,50,9.906048,495.302422
69,0.5798319327731093,wipe,50,9.611806,480.590281
69,0.5798319327731093,wish,50,9.630811,481.540552
69,0.5798319327731093,with,50,5.382816,269.140777
69,0.5798319327731093,wolf,50,11.689625,584.481270
69,0.5798319327731093,woods,48,11.594968,556.558457
69,0.5798319327731093,woof,50,10.440031,522.001563
69,0.5798319327731093,work,50,8.635494,431.774683
69,0.5798319327731093,would,50,7.512820,375.640988
69,0.5798319327731093,write,50,10.072864,503.643183
69,0.5798319327731093,yard,50,10.671871,533.593563
69,0.5798319327731093,yellow,50,8.051610,402.580506
69,0.5798319327731093,yes,50,6.162058,308.102917
69,0.5798319327731093,yesterday,50,8.992344,449.617186
69,0.5798319327731093,yogurt,50,10.281150,514.057498
69,0.5798319327731093,you,50,3.186121,159.306027
69,0.5798319327731093,your,50,5.259585,262.979225
69,0.5798319327731093,yourself,50,9.291723,464.586146
69,0.5798319327731093,yum,50,9.925711,496.285527
69,0.5798319327731093,zebra,50,10.055267,502.763346
69,0.5798319327731093,zipper,40,11.210645,448.425790
69,0.5798319327731093,zoo,50,9.974798,498.739901
2618,22.0,a,50,3.128305,156.415236
2618,22.0,about,50,4.272361,213.618064
2618,22.0,above,50,10.135486,506.774299
2618,22.0,after,50,7.577352,378.867608
2618,22.0,airplane,50,8.115836,405.791823
2618,22.0,all,50,6.174667,308.733332
2618,22.0,alligator,50,8.239272,411.963579
2618,22.0,am,50,6.663180,333.159001
2618,22.0,and,50,4.449790,222.489504
2618,22.0,animal,50,8.267811,413.390540
2618,22.0,ankle,5,12.872764,64.363819
2618,22.0,another,50,5.847473,292.373673
2618,22.0,any,50,5.830839,291.541951
2618,22.0,apple,50,7.059378,352.968898
2618,22.0,are,50,4.529076,226.453816
2618,22.0,arm,50,8.192691,409.634532
2618,22.0,around,50,6.791705,339.585231
2618,22.0,asleep,50,8.643487,432.174355
2618,22.0,at,50,2.348906,117.445316
2618,22.0,aunt,42,11.546414,484.949392
2618,22.0,awake,50,10.323133,516.156625
2618,22.0,away,50,4.981569,249.078456
2618,22.0,baby,50,4.737812,236.890607
2618,22.0,babysitter,11,15.760287,173.363157
2618,22.0,back,50,6.014146,300.707308
2618,22.0,backyard,19,15.159869,288.037512
2618,22.0,bad,50,7.955869,397.793448
2618,22.0,ball,50,5.508618,275.430912
2618,22.0,balloon,50,8.130047,406.502340
2618,22.0,banana,50,8.540581,427.029037
2618,22.0,basement,26,9.522074,247.573915
2618,22.0,basket,50,7.466178,373.308897
2618,22.0,bat,50,9.276416,463.820795
2618,22.0,bath,50,7.008420,350.421020
2618,22.0,bathroom,50,10.386571,519.328539
2618,22.0,bathtub,31,10.417953,322.956541
2618,22.0,be,50,4.390554,219.527713
2618,22.0,beach,50,7.746270,387.313519
2618,22.0,beads,50,10.147018,507.350907
2618,22.0,beans,50,9.227883,461.394175
2618,22.0,bear,50,6.815631,340.781536
2618,22.0,because,50,6.186666,309.333291
2618,22.0,bed,50,7.532450,376.622501
2618,22.0,bedroom,50,7.994857,399.742840
2618,22.0,bee,50,7.542494,377.124709
2618,22.0,before,50,7.602898,380.144917
2618,22.0,behind,50,7.428260,371.413009
2618,22.0,belly,50,6.552433,327.621631
2618,22.0,belt,50,8.636503,431.825148
2618,22.0,bench,50,10.951298,547.564909
2618,22.0,beside,50,10.217637,510.881842
2618,22.0,better,50,6.502755,325.137748
2618,22.0,bib,50,9.651556,482.577823
2618,22.0,bicycle,50,8.602001,430.100067
2618,22.0,big,50,5.856569,292.828428
2618,22.0,bird,50,7.530853,376.542640
2618,22.0,bite,50,7.794773,389.738657
2618,22.0,black,50,6.042147,302.107349
2618,22.0,blanket,50,8.476337,423.816855
2618,22.0,block,50,8.731181,436.559060
2618,22.0,blow,50,9.090085,454.504253
2618,22.0,blue,50,6.108479,305.423939
2618,22.0,boat,50,6.904067,345.203368
2618,22.0,book,50,5.090029,254.501427
2618,22.0,boots,50,9.919125,495.956226
2618,22.0,bottle,50,7.903638,395.181882
2618,22.0,bowl,50,7.519275,375.963771
2618,22.0,box,50,5.415185,270.759246
2618,22.0,boy,50,5.959734,297.986704
2618,22.0,bread,50,7.133297,356.664841
2618,22.0,break,50,6.684986,334.249304
2618,22.0,breakfast,50,6.349472,317.473599
2618,22.0,bring,50,7.161997,358.099862
2618,22.0,broken,50,8.527100,426.355020
2618,22.0,broom,50,10.217539,510.876955
2618,22.0,brother,50,8.269502,413.475122
2618,22.0,brown,50,9.329005,466.450253
2618,22.0,brush,50,9.034555,451.727731
2618,22.0,bubbles,50,8.520147,426.007372
2618,22.0,bucket,50,8.888920,444.446007
2618,22.0,bug,50,6.420873,321.043639
2618,22.0,build,50,7.321652,366.082620
2618,22.0,bump,50,8.406315,420.315768
2618,22.0,bunny,50,7.259376,362.968817
2618,22.0,bus,50,6.934067,346.703349
2618,22.0,but,50,4.939711,246.985565
2618,22.0,butter,50,7.451119,372.555959
2618,22.0,butterfly,50,8.464898,423.244892
2618,22.0,button,50,8.262316,413.115787
2618,22.0,buy,50,7.229602,361.480103
2618,22.0,by,50,7.909983,395.499135
2618,22.0,bye,50,3.632641,181.632046
2618,22.0,cake,50,6.664390,333.219475
2618,22.0,call,50,6.860823,343.041144
2618,22.0,camera,50,9.010520,450.526021
2618,22.0,camping,31,10.976363,340.267247
2618,22.0,can,50,3.848246,192.412318
2618,22.0,candy,50,8.309602,415.480092
2618,22.0,car,50,5.527826,276.391283
2618,22.0,careful,50,5.167142,258.357087
2618,22.0,carrots,50,8.790344,439.517198
2618,22.0,carry,50,7.476960,373.847984
2618,22.0,cat,50,6.672501,333.625048
2618,22.0,catch,50,8.778763,438.938141
2618,22.0,cereal,50,8.751689,437.584472
2618,22.0,chair,50,6.539731,326.986567
2618,22.0,chalk,40,9.931110,397.244391
2618,22.0,chase,49,9.279551,454.697975
2618,22.0,cheek,35,9.702370,339.582966
2618,22.0,cheese,50,6.416918,320.845886
2618,22.0,chicken,50,7.034765,351.738273
2618,22.0,child,50,7.938813,396.940631
2618,22.0,chin,50,10.483193,524.159657
2618,22.0,chocolate,50,7.603763,380.188166
2618,22.0,choo,50,6.833785,341.689229
2618,22.0,church,50,10.110864,505.543223
2618,22.0,circus,50,9.498108,474.905415
2618,22.0,clap,50,9.830138,491.506880
2618,22.0,clean,50,7.855877,392.793860
2618,22.0,climb,50,8.400754,420.037723
2618,22.0,clock,50,8.076213,403.810637
2618,22.0,close,50,7.317958,365.897877
2618,22.0,closet,50,8.872321,443.616029
2618,22.0,cloud,50,10.663552,533.177592
2618,22.0,clown,50,8.691709,434.585451
2618,22.0,coat,50,8.141459,407.072960
2618,22.0,coffee,50,7.132260,356.612978
2618,22.0,coke,50,8.890922,444.546083
2618,22.0,cold,50,6.937767,346.888340
2618,22.0,comb,50,8.553870,427.693497
2618,22.0,cook,50,8.167026,408.351305
2618,22.0,cookie,50,8.816812,440.840613
2618,22.0,corn,50,8.590274,429.513709
2618,22.0,couch,50,8.380058,419.002886
2618,22.0,could,50,5.659866,282.993323
2618,22.0,country,50,10.162726,508.136283
2618,22.0,cover,50,9.186400,459.320018
2618,22.0,cow,50,7.139642,356.982076
2618,22.0,cowboy,50,8.636779,431.838974
2618,22.0,cracker,50,9.396594,469.829724
2618,22.0,crayon,50,9.714175,485.708728
2618,22.0,crib,50,9.865456,493.272783
2618,22.0,cry,50,8.181332,409.066577
2618,22.0,cup,50,7.546727,377.336352
2618,22.0,cut,50,8.651218,432.560877
2618,22.0,cute,50,8.467666,423.383304
2618,22.0,daddy,50,7.400619,370.030953
2618,22.0,dance,50,9.244294,462.214712
2618,22.0,dark,50,8.153864,407.693213
2618,22.0,day,50,5.990484,299.524205
2618,22.0,deer,50,8.701891,435.094568
2618,22.0,diaper,50,7.984594,399.229714
2618,22.0,did,50,5.077468,253.873385
2618,22.0,dinner,50,7.099810,354.990515
2618,22.0,dirty,50,7.976565,398.828254
2618,22.0,dish,50,7.962104,398.105179
2618,22.0,do,50,4.496547,224.827370
2618,22.0,doctor,50,7.993443,399.672163
2618,22.0,does,50,5.812330,290.616506
2618,22.0,dog,50,6.916914,345.845721
2618,22.0,doll,50,7.064757,353.237874
2618,22.0,donkey,50,8.167319,408.365959
2618,22.0,donut,41,16.085442,659.503129
2618,22.0,door,50,6.231674,311.583708
2618,22.0,down,50,5.109333,255.466633
2618,22.0,downtown,8,10.084636,80.677086
2618,22.0,draw,50,6.343912,317.195576
2618,22.0,drawer,50,7.812830,390.641498
2618,22.0,dress,50,8.525028,426.251389
2618,22.0,drink,50,6.803614,340.180693
2618,22.0,drive,50,8.734929,436.746439
2618,22.0,drop,50,9.036596,451.829814
2618,22.0,dry,50,9.032431,451.621542
2618,22.0,dryer,20,11.173791,223.475823
2618,22.0,duck,50,6.285442,314.272097
2618,22.0,dump,50,10.241550,512.077494
2618,22.0,each,50,8.229904,411.495224
2618,22.0,ear,50,7.221099,361.054967
2618,22.0,eat,50,4.857160,242.857981
2618,22.0,egg,50,7.485468,374.273413
2618,22.0,elephant,50,6.165540,308.276978
2618,22.0,empty,50,9.010335,450.516756
2618,22.0,every,50,9.615414,480.770725
2618,22.0,eye,50,7.994169,399.708426
2618,22.0,face,50,7.631911,381.595534
2618,22.0,fall,50,7.127091,356.354569
2618,22.0,farm,50,7.775692,388.784623
2618,22.0,fast,50,6.538808,326.940409
2618,22.0,feed,50,8.205032,410.251617
2618,22.0,find,50,5.337142,266.857119
2618,22.0,fine,50,7.267099,363.354972
2618,22.0,finger,50,7.193183,359.659173
2618,22.0,finish,50,8.054844,402.742185
2618,22.0,first,50,6.906172,345.308612
2618,22.0,fish,50,5.532143,276.607157
2618,22.0,fit,50,6.829545,341.477262
2618,22.0,fix,50,7.717565,385.878264
2618,22.0,flag,50,10.826179,541.308957
2618,22.0,flower,50,8.077927,403.896332
2618,22.0,food,50,5.687779,284.388961
2618,22.0,foot,50,8.183928,409.196422
2618,22.0,for,50,5.043517,252.175833
2618,22.0,fork,50,7.672289,383.614436
2618,22.0,french,50,10.941071,547.053556
2618,22.0,friend,50,6.490892,324.544598
2618,22.0,frog,50,7.421193,371.059660
2618,22.0,full,50,8.760655,438.032745
2618,22.0,game,50,8.695305,434.765262
2618,22.0,garage,50,7.321851,366.092556
2618,22.0,garbage,50,7.916828,395.841389
2618,22.0,garden,50,6.305556,315.277824
2618,22.0,gas,50,10.402486,520.124318
2618,22.0,gentle,50,8.046076,402.303787
2618,22.0,get,50,4.477508,223.875398
2618,22.0,giraffe,50,8.770572,438.528624
2618,22.0,girl,50,4.551371,227.568563
2618,22.0,give,50,5.253582,262.679124
2618,22.0,glass,50,9.206227,460.311351
2618,22.0,glasses,50,8.103912,405.195602
2618,22.0,gloves,50,9.381561,469.078068
2618,22.0,glue,50,9.384797,469.239835
2618,22.0,go,50,4.495332,224.766611
2618,22.0,good,50,4.597536,229.876776
2618,22.0,goose,50,9.567731,478.386567
2618,22.0,grandma,50,10.039898,501.994913
2618,22.0,grandpa,45,8.995632,404.803451
2618,22.0,grapes,50,8.552422,427.621090
2618,22.0,grass,50,7.656288,382.814389
2618,22.0,green,50,6.298711,314.935559
2618,22.0,gum,50,10.250124,512.506222
2618,22.0,hair,50,5.478142,273.907088
2618,22.0,hamburger,50,9.657880,482.894011
2618,22.0,hammer,50,8.742220,437.110993
2618,22.0,hand,50,6.154153,307.707651
2618,22.0,happy,50,7.326404,366.320210
2618,22.0,hard,50,6.550308,327.515389
2618,22.0,hat,50,5.714201,285.710054
2618,22.0,hate,50,8.884888,444.244399
2618,22.0,have,50,3.780956,189.047782
2618,22.0,he,50,3.620579,181.028930
2618,22.0,head,50,5.856781,292.839026
2618,22.0,hear,50,5.913362,295.668089
2618,22.0,heavy,50,7.487979,374.398932
2618,22.0,helicopter,50,8.627781,431.389046
2618,22.0,hello,50,5.582594,279.129721
2618,22.0,help,50,6.923361,346.168050
2618,22.0,her,50,3.595527,179.776348
2618,22.0,here,50,4.463933,223.196666
2618,22.0,hi,50,6.440696,322.034812
2618,22.0,hide,50,9.306749,465.337437
2618,22.0,high,50,7.903779,395.188926
2618,22.0,him,50,5.410932,270.546605
2618,22.0,his,50,5.558686,277.934292
2618,22.0,hit,50,8.524173,426.208657
2618,22.0,hold,50,7.121460,356.072998
2618,22.0,home,50,0.913082,45.654089
2618,22.0,horse,50,7.084761,354.238062
2618,22.0,hose,50,8.867710,443.385511
2618,22.0,hot,50,5.711752,285.587619
2618,22.0,house,50,5.686135,284.306774
2618,22.0,how,50,5.369632,268.481582
2618,22.0,hug,50,8.188279,409.413972
2618,22.0,hungry,50,6.194286,309.714288
2618,22.0,hurry,50,9.998494,499.924679
2618,22.0,hurt,50,7.436407,371.820351
2618,22.0,i,50,7.475899,373.794972
2618,22.0,ice,50,6.763956,338.197812
2618,22.0,if,50,5.515111,275.755548
2618,22.0,inside,50,8.312610,415.630512
2618,22.0,into,50,6.438895,321.944754
2618,22.0,is,50,4.053236,202.661812
2618,22.0,it,50,2.656526,132.826303
2618,22.0,jacket,50,9.299918,464.995921
2618,22.0,jar,50,9.808145,490.407253
2618,22.0,jeans,16,15.254374,244.069988
2618,22.0,jelly,50,9.531444,476.572218
2618,22.0,juice,50,5.325962,266.298122
2618,22.0,jump,50,8.999326,449.966320
2618,22.0,keys,50,8.591873,429.593638
2618,22.0,kick,50,10.003595,500.179742
2618,22.0,kiss,50,7.031958,351.597882
2618,22.0,kitchen,50,6.790025,339.501244
2618,22.0,kitty,50,5.470077,273.503847
2618,22.0,knee,50,8.861312,443.065615
2618,22.0,knife,50,8.322447,416.122342
2618,22.0,knock,50,8.524518,426.225919
2618,22.0,ladder,50,8.520091,426.004529
2618,22.0,lady,50,8.173151,408.657547
2618,22.0,lamb,50,9.158252,457.912596
2618,22.0,lamp,50,12.257846,612.892298
2618,22.0,last,50,7.489682,374.484112
2618,22.0,later,50,7.439092,371.954611
2618,22.0,lawn,37,10.383597,384.193084
2618,22.0,leg,50,7.576596,378.829792
2618,22.0,lick,50,10.327410,516.370477
2618,22.0,light,50,8.637713,431.885635
2618,22.0,like,50,2.938181,146.909069
2618,22.0,lion,50,6.791524,339.576188
2618,22.0,lips,50,8.947296,447.364785
2618,22.0,listen,50,8.265139,413.256960
2618,22.0,little,50,4.362377,218.118850
2618,22.0,living,50,9.408178,470.408895
2618,22.0,lollipop,50,8.436175,421.808769
2618,22.0,long,50,5.689297,284.464851
2618,22.0,look,50,5.029981,251.499046
2618,22.0,loud,50,7.055908,352.795395
2618,22.0,love,50,7.003747,350.187357
2618,22.0,lunch,50,6.226505,311.325249
2618,22.0,mad,50,9.125493,456.274638
2618,22.0,make,50,5.782225,289.111274
2618,22.0,man,50,7.243567,362.178375
2618,22.0,me,50,3.988270,199.413485
2618,22.0,meat,50,8.871537,443.576825
2618,22.0,medicine,50,7.402711,370.135536
2618,22.0,milk,50,6.181551,309.077566
2618,22.0,mine,50,6.146791,307.339556
2618,22.0,mommy,50,8.056502,402.825116
2618,22.0,money,50,7.310942,365.547107
2618,22.0,monkey,50,6.814492,340.724592
2618,22.0,moo,50,8.099799,404.989947
2618,22.0,moon,50,7.134083,356.704175
2618,22.0,moose,32,10.476504,335.248140
2618,22.0,mop,40,12.450331,498.013228
2618,22.0,more,50,5.352009,267.600457
2618,22.0,morning,50,4.900190,245.009506
2618,22.0,motorcycle,50,9.057044,452.852183
2618,22.0,mouse,50,7.754007,387.700357
2618,22.0,mouth,50,3.709600,185.479996
2618,22.0,movie,50,8.049448,402.472381
2618,22.0,much,50,3.567614,178.380684
2618,22.0,muffin,50,9.908693,495.434658
2618,22.0,my,50,6.301974,315.098714
2618,22.0,myself,50,6.725855,336.292751
2618,22.0,nail,50,9.566370,478.318511
2618,22.0,nap,50,8.743787,437.189333
2618,22.0,napkin,50,9.466336,473.316810
2618,22.0,naughty,50,7.224588,361.229413
2618,22.0,necklace,50,10.269766,513.488281
2618,22.0,need,50,6.492014,324.600688
2618,22.0,new,50,6.868941,343.447036
2618,22.0,next,50,7.659222,382.961118
2618,22.0,nice,50,5.333686,266.684296
2618,22.0,night,50,7.463492,373.174592
2618,22.0,no,50,4.060225,203.011271
2618,22.0,noisy,50,8.828644,441.432217
2618,22.0,none,50,9.517955,475.897727
2618,22.0,noodles,50,10.278744,513.937218
2618,22.0,nose,50,6.062049,303.102437
2618,22.0,not,50,5.151536,257.576814
2618,22.0,now,50,5.730479,286.523935
2618,22.0,nurse,50,10.340590,517.029523
2618,22.0,nuts,50,9.938036,496.901796
2618,22.0,of,50,2.871635,143.581739
2618,22.0,off,50,5.565513,278.275674
2618,22.0,old,50,8.006679,400.333968
2618,22.0,on,50,5.397651,269.882556
2618,22.0,open,50,6.969042,348.452100
2618,22.0,orange,50,7.439619,371.980970
2618,22.0,other,50,5.287438,264.371912
2618,22.0,ouch,50,8.604533,430.226673
2618,22.0,our,50,7.604236,380.211823
2618,22.0,out,50,6.092907,304.645369
2618,22.0,outside,50,7.510881,375.544065
2618,22.0,oven,50,7.870137,393.506862
2618,22.0,over,50,5.052197,252.609865
2618,22.0,owl,50,7.359725,367.986230
2618,22.0,paint,50,10.222403,511.120127
2618,22.0,pajamas,50,7.986369,399.318455
2618,22.0,pancake,46,7.709844,354.652841
2618,22.0,pants,50,7.049312,352.465619
2618,22.0,paper,50,5.662429,283.121437
2618,22.0,park,50,7.004146,350.207314
2618,22.0,party,50,7.378667,368.933327
2618,22.0,peanut,50,8.663082,433.154107
2618,22.0,peas,50,5.230554,261.527687
2618,22.0,pen,50,8.399250,419.962508
2618,22.0,pencil,50,7.922880,396.144006
2618,22.0,penguin,50,7.048510,352.425514
2618,22.0,penis,18,15.486086,278.749557
2618,22.0,penny,50,9.098357,454.917870
2618,22.0,people,50,6.885834,344.291693
2618,22.0,person,50,9.577812,478.890599
2618,22.0,pick,50,7.342436,367.121817
2618,22.0,pickle,50,8.028262,401.413081
2618,22.0,picnic,50,7.372806,368.640303
2618,22.0,picture,50,5.717576,285.878806
2618,22.0,pig,50,7.204963,360.248170
2618,22.0,pillow,50,9.841427,492.071337
2618,22.0,pizza,50,6.414379,320.718938
2618,22.0,plant,50,10.375723,518.786142
2618,22.0,plate,50,6.697440,334.872004
2618,22.0,play,50,3.544455,177.222753
2618,22.0,playground,22,11.257192,247.658230
2618,22.0,please,50,6.307862,315.393086
2618,22.0,police,50,8.230097,411.504831
2618,22.0,pony,50,8.973554,448.677679
2618,22.0,pool,50,8.512672,425.633617
2618,22.0,poor,50,8.270275,413.513752
2618,22.0,popcorn,50,9.541731,477.086570
2618,22.0,popsicle,31,11.805143,365.959423
2618,22.0,porch,31,14.676333,454.966317
2618,22.0,potato,50,10.712840,535.642008
2618,22.0,pour,50,8.642562,432.128106
2618,22.0,present,50,7.983894,399.194692
2618,22.0,pretend,50,7.916658,395.832910
2618,22.0,pretty,50,7.082835,354.141765
2618,22.0,pretzel,50,9.888251,494.412563
2618,22.0,pudding,50,10.140152,507.007604
2618,22.0,pull,50,7.887993,394.399644
2618,22.0,pumpkin,50,8.912688,445.634390
2618,22.0,puppy,50,8.061319,403.065964
2618,22.0,purse,50,8.747857,437.392829
2618,22.0,push,50,6.626477,331.323838
2618,22.0,put,50,4.480941,224.047042
2618,22.0,puzzle,50,7.021766,351.088301
2618,22.0,quack,50,5.066567,253.328345
2618,22.0,quiet,50,7.981026,399.051301
2618,22.0,radio,50,9.889034,494.451693
2618,22.0,rain,50,7.254311,362.715573
2618,22.0,raisin,43,17.284677,743.241113
2618,22.0,read,50,5.089105,254.455241
2618,22.0,red,50,6.665127,333.256352
2618,22.0,refrigerator,50,8.666419,433.320932
2618,22.0,ride,50,8.474747,423.737368
2618,22.0,rip,50,8.781664,439.083181
2618,22.0,rock,50,8.490896,424.544823
2618,22.0,rocking,50,9.075079,453.753949
2618,22.0,roof,50,8.965741,448.287061
2618,22.0,room,50,5.787052,289.352612
2618,22.0,rooster,50,8.261067,413.053345
2618,22.0,run,50,8.329479,416.473960
2618,22.0,sad,50,7.923657,396.182871
2618,22.0,salt,50,9.051149,452.557458
2618,22.0,same,50,6.322612,316.130586
2618,22.0,sandwich,50,7.208306,360.415281
2618,22.0,sauce,50,8.745644,437.282201
2618,22.0,say,50,5.773704,288.685220
2618,22.0,scared,50,7.724684,386.234209
2618,22.0,scarf,50,10.969725,548.486259
2618,22.0,school,50,6.040852,302.042593
2618,22.0,scissors,50,10.058068,502.903399
2618,22.0,see,50,3.014343,150.717137
2618,22.0,shake,50,8.971900,448.594995
2618,22.0,share,50,8.517326,425.866291
2618,22.0,she,50,3.253404,162.670209
2618,22.0,sheep,50,6.990481,349.524025
2618,22.0,shh,50,7.704217,385.210860
2618,22.0,shirt,50,8.215865,410.793240
2618,22.0,shoe,50,7.424313,371.215629
2618,22.0,shopping,50,9.468160,473.408009
2618,22.0,shorts,50,10.499257,524.962849
2618,22.0,shoulder,50,9.260150,463.007494
2618,22.0,shovel,50,10.307686,515.384299
2618,22.0,show,50,7.675921,383.796041
2618,22.0,shower,50,8.771496,438.574807
2618,22.0,sick,50,8.370063,418.503174
2618,22.0,sidewalk,19,8.663575,164.607932
2618,22.0,sing,50,7.555363,377.768171
2618,22.0,sink,50,7.756902,387.845113
2618,22.0,sister,50,7.208600,360.429995
2618,22.0,sit,50,6.558662,327.933094
2618,22.0,skate,13,11.360785,147.690208
2618,22.0,sky,50,6.503668,325.183408
2618,22.0,sled,22,9.402810,206.861817
2618,22.0,sleep,50,5.889005,294.450275
2618,22.0,sleepy,50,10.564548,528.227375
2618,22.0,slide,50,9.617766,480.888283
2618,22.0,slipper,50,9.456226,472.811320
2618,22.0,slow,50,10.129735,506.486735
2618,22.0,smile,50,8.795813,439.790642
2618,22.0,snack,50,11.158158,557.907880
2618,22.0,snow,50,8.163069,408.153459
2618,22.0,so,50,4.658376,232.918786
2618,22.0,soap,50,10.225185,511.259246
2618,22.0,sock,50,9.759517,487.975863
2618,22.0,soda,50,10.985491,549.274540
2618,22.0,sofa,50,7.756253,387.812653
2618,22.0,soft,50,7.926322,396.316103
2618,22.0,some,50,4.282170,214.108490
2618,22.0,soup,50,7.325902,366.295088
2618,22.0,spill,50,8.153797,407.689861
2618,22.0,splash,50,9.839310,491.965504
2618,22.0,spoon,50,6.026359,301.317942
2618,22.0,sprinkler,13,15.937753,207.190785
2618,22.0,squirrel,50,7.829624,391.481193
2618,22.0,stairs,50,8.265824,413.291195
2618,22.0,stand,50,7.527568,376.378379
2618,22.0,star,50,7.793103,389.655165
2618,22.0,stay,50,7.454194,372.709682
2618,22.0,stick,50,8.460357,423.017858
2618,22.0,sticky,50,9.345344,467.267186
2618,22.0,stone,50,11.051534,552.576707
2618,22.0,stop,50,7.895627,394.781343
2618,22.0,store,50,6.702564,335.128178
2618,22.0,story,50,5.429182,271.459110
2618,22.0,stove,50,8.213006,410.650286
2618,22.0,strawberry,50,8.512157,425.607873
2618,22.0,street,50,8.380092,419.004598
2618,22.0,stroller,50,9.016994,450.849709
2618,22.0,stuck,50,7.859064,392.953224
2618,22.0,sun,50,6.795577,339.778843
2618,22.0,sweater,50,9.668085,483.404247
2618,22.0,sweep,50,12.693113,634.655672
2618,22.0,swim,50,9.135413,456.770644
2618,22.0,swing,50,9.806050,490.302511
2618,22.0,table,50,6.075371,303.768554
2618,22.0,take,50,5.829744,291.487195
2618,22.0,talk,50,7.029885,351.494269
2618,22.0,tape,50,7.284743,364.237155
2618,22.0,taste,50,8.561707,428.085340
2618,22.0,teacher,50,8.758275,437.913734
2618,22.0,tear,50,9.455345,472.767248
2618,22.0,telephone,50,8.478802,423.940105
2618,22.0,thank,50,4.672257,233.612867
2618,22.0,that,50,2.848605,142.430253
2618,22.0,the,50,3.604329,180.216427
2618,22.0,their,50,7.611466,380.573304
2618,22.0,them,50,4.140321,207.016050
2618,22.0,then,50,3.863389,193.169443
2618,22.0,there,50,4.399813,219.990634
2618,22.0,these,50,5.976718,298.835889
2618,22.0,they,50,4.896215,244.810737
2618,22.0,think,50,2.739474,136.973719
2618,22.0,thirsty,50,9.483613,474.180653
2618,22.0,this,50,3.426238,171.311903
2618,22.0,those,50,6.547862,327.393100
2618,22.0,throw,50,7.699103,384.955149
2618,22.0,tickle,50,9.237571,461.878562
2618,22.0,tiger,50,7.697776,384.888815
2618,22.0,time,50,5.057570,252.878486
2618,22.0,tiny,50,7.364351,368.217565
2618,22.0,tired,50,6.270086,313.504277
2618,22.0,tissue,50,9.213234,460.661675
2618,22.0,to,50,3.823569,191.178433
2618,22.0,toast,50,7.548326,377.416291
2618,22.0,today,50,6.561507,328.075344
2618,22.0,tomorrow,50,8.494477,424.723854
2618,22.0,tongue,50,8.082945,404.147258
2618,22.0,tonight,50,9.768445,488.422257
2618,22.0,too,50,6.506933,325.346645
2618,22.0,tooth,50,10.228570,511.428492
2618,22.0,toothbrush,50,12.907819,645.390944
2618,22.0,touch,50,7.108669,355.433457
2618,22.0,towel,50,8.867461,443.373044
2618,22.0,tractor,50,8.433469,421.673433
2618,22.0,train,50,7.406931,370.346566
2618,22.0,trash,50,10.301693,515.084665
2618,22.0,tray,50,9.437898,471.894886
2618,22.0,tree,50,7.776104,388.805187
2618,22.0,truck,50,8.418102,420.905099
2618,22.0,try,50,5.828194,291.409686
2618,22.0,tummy,50,7.686802,384.340077
2618,22.0,tuna,50,10.682656,534.132779
2618,22.0,turkey,50,9.445217,472.260864
2618,22.0,turn,50,6.544378,327.218894
2618,22.0,turtle,50,8.177715,408.885761
2618,22.0,tv,50,8.704809,435.240463
2618,22.0,uh,50,6.460931,323.046556
2618,22.0,uncle,50,11.176061,558.803060
2618,22.0,under,50,6.993056,349.652809
2618,22.0,up,50,3.637710,181.885513
2618,22.0,us,50,6.919667,345.983347
2618,22.0,vacuum,50,10.165333,508.266632
2618,22.0,vanilla,50,11.413728,570.686418
2618,22.0,wait,50,8.156410,407.820479
2618,22.0,wake,50,7.194236,359.711822
2618,22.0,walk,50,8.594750,429.737492
2618,22.0,walker,12,15.649164,187.789963
2618,22.0,wanna,50,4.845276,242.263797
2618,22.0,was,50,3.605524,180.276195
2618,22.0,wash,50,7.748813,387.440650
2618,22.0,washing,50,9.042740,452.136989
2618,22.0,watch,50,7.775698,388.784925
2618,22.0,water,50,4.641458,232.072920
2618,22.0,we,50,5.016352,250.817601
2618,22.0,were,50,4.504376,225.218803
2618,22.0,wet,50,7.381513,369.075632
2618,22.0,what,50,3.277466,163.873290
2618,22.0,when,50,6.330269,316.513463
2618,22.0,where,50,4.899088,244.954381
2618,22.0,which,50,6.620882,331.044114
2618,22.0,white,50,7.151720,357.585989
2618,22.0,who,50,4.642153,232.107630
2618,22.0,why,50,5.807867,290.393353
2618,22.0,will,50,7.240358,362.017892
2618,22.0,wind,50,8.376048,418.802412
2618,22.0,window,50,6.541737,327.086835
2618,22.0,windy,50,9.852360,492.617982
2618,22.0,wipe,50,8.619935,430.996761
2618,22.0,wish,50,7.978078,398.903916
2618,22.0,with,50,3.620033,181.001644
2618,22.0,wolf,50,7.556739,377.836949
2618,22.0,woods,48,8.292087,398.020172
2618,22.0,woof,50,6.514830,325.741486
2618,22.0,work,50,7.236660,361.832989
2618,22.0,would,50,5.921774,296.088690
2618,22.0,write,50,8.678060,433.903016
2618,22.0,yard,50,8.861372,443.068590
2618,22.0,yellow,50,6.714639,335.731935
2618,22.0,yes,50,6.095931,304.796542
2618,22.0,yesterday,50,7.943929,397.196442
2618,22.0,yogurt,50,9.659859,482.992942
2618,22.0,you,50,2.458671,122.933565
2618,22.0,your,50,4.177659,208.882940
2618,22.0,yourself,50,6.155800,307.789978
2618,22.0,yum,50,3.852627,192.631361
2618,22.0,zebra,50,7.578753,378.937638
2618,22.0,zipper,40,9.819751,392.790034
2618,22.0,zoo,50,6.048855,302.442755
