"ckey","ii","n_admins","xi_median","xi_q5","xi_q95","kappa_median","kappa_q5","kappa_q95"
"Marchman::1",1,3,-8.0711923,-8.28152033,-7.87688477,7.35821985,5.85850038,8.92185464
"Marchman::10",2,3,-10.4384115,-10.67360765,-10.2130256,3.27388595,2.29977017,4.31530281
"Marchman::100",3,2,-12.088473,-12.7853042,-11.4974672,1.10894585,-0.1892672385,2.646412825
"Marchman::1000",4,2,-5.67427045,-5.812537445,-5.541267295,2.2945642,1.76104737,2.83552009
"Marchman::1001",5,2,-10.577835,-11.07806895,-10.14951675,16.791721,15.5626273,18.1772257
"Marchman::1002",6,2,-10.505255,-12.45818705,-9.29649966,13.26398,10.2969355,18.09430395
"Marchman::1003",7,2,-9.7004336,-11.88992025,-8.27100697,12.702588,8.429113045,19.40556985
"Marchman::1004",8,2,-7.8463074,-8.068254535,-7.64818122,11.828063,10.37558905,13.5347414
"Marchman::1005",9,2,-7.41405395,-7.582429695,-7.252403905,5.29574445,4.82613128,5.768347175
"Marchman::1006",10,2,-8.2818545,-8.43992913,-8.12019459,1.64172545,1.244063625,2.02733765
"Marchman::1007",11,2,-7.6849666,-7.849336115,-7.52402429,8.2239173,7.47718945,9.018532075
"Marchman::1008",12,2,-7.32700745,-7.501044165,-7.16200794,11.794075,10.1601229,13.39611095
"Marchman::1009",13,2,-4.79285575,-6.633991415,-3.189859705,24.530152,16.89507635,33.23007065
"Marchman::101",14,3,-9.53800595,-9.727634245,-9.350666985,9.60059775,7.440783265,12.22439695
"Marchman::1010",15,2,-9.93130325,-10.1742824,-9.697724495,4.26375215,2.821937125,5.726700315
"Marchman::1011",16,2,-10.01353,-10.3951052,-9.680120205,10.7631505,9.52486872,12.11351605
"Marchman::1012",17,2,-6.91197265,-7.230704395,-6.645229625,7.9766925,7.034957395,9.209012605
"Marchman::1013",18,2,-11.531299,-12.68730545,-10.6930761,13.857422,12.02586015,16.29167395
"Marchman::1014",19,2,-9.87079595,-10.89173275,-9.136433315,17.582697,15.3746123,20.8041537
"Marchman::1015",20,2,-11.428822,-12.03630535,-10.92733025,9.4048383,7.56807825,11.5797467
"Marchman::1016",21,2,-7.581634,-7.76301874,-7.40165691,9.69727505,8.11586083,11.82049025
"Marchman::1017",22,2,-10.7673605,-11.28458485,-10.3632511,7.4060819,5.56239342,9.90402877
"Marchman::1018",23,2,-9.55161535,-11.4839483,-8.338103415,16.035601,12.35527325,21.88120695
"Marchman::1019",24,2,-8.77879705,-9.052433405,-8.529414375,7.9102037,7.202088625,8.665467505
"Marchman::102",25,2,-9.01360685,-9.25186561,-8.78215975,11.949365,9.356424205,14.81215885
"Marchman::1020",26,2,-7.4823536,-7.87230533,-6.967532615,13.7612455,8.47772882,22.40486045
"Marchman::1021",27,2,-10.0700195,-10.40273175,-9.765668785,6.96322785,5.813237825,8.203900435
"Marchman::1022",28,2,-8.9838307,-10.06406185,-8.284908015,18.845958,14.3851798,25.80793755
"Marchman::1023",29,2,-7.5446447,-7.6864917,-7.40453013,1.5555399,1.29798515,1.822948725
"Marchman::1024",30,2,-6.09347695,-6.225942125,-5.96043636,-0.08246609,-0.6715298315,0.503491445
"Marchman::1025",31,2,-7.8377241,-8.013621385,-7.65972121,4.75755,4.27500506,5.224205695
"Marchman::1026",32,2,-13.5400025,-14.7408983,-12.581686,13.497288,11.45477095,16.0385077
"Marchman::1027",33,2,-4.9490843,-5.10133187,-4.795366665,-3.47700205,-4.10162741,-2.852829835
"Marchman::1028",34,2,-7.78741315,-8.133942715,-7.50216146,6.9057947,5.978912345,8.05835971
"Marchman::1029",35,2,-10.4114525,-10.8035349,-10.041275,3.43424695,1.614454855,5.326842555
"Marchman::103",36,2,-9.12447435,-9.371691425,-8.885202975,14.929267,9.331794005,23.81188995
"Marchman::1030",37,2,-13.3713345,-14.67944905,-12.40402595,15.605876,12.1233915,20.17915075
"Marchman::1031",38,2,-8.7718692,-9.391165095,-8.38658721,7.4861068,6.022612335,9.999201255
"Marchman::1032",39,2,-9.91415635,-10.8990727,-9.273753565,9.52609595,7.951732335,11.97779715
"Marchman::1033",40,2,-9.4970642,-9.95698748,-9.07729511,9.5607402,6.30976466,13.0007192
"Marchman::1034",41,2,-8.86116475,-9.03817169,-8.686896735,1.91173025,1.499084085,2.322779
"Marchman::1035",42,2,-7.25322525,-7.447921005,-7.06515816,5.3796979,4.988917295,5.799823575
"Marchman::1037",43,2,-8.95766095,-9.199124135,-8.72555587,2.94289015,2.06496641,3.868511975
"Marchman::1038",44,2,-8.9296378,-9.20309994,-8.689308835,5.06292905,4.33803659,5.973383525
"Marchman::1039",45,2,-10.5759695,-12.32706735,-9.511403685,13.355162,9.70513114,19.41120545
"Marchman::104",46,2,-8.22200725,-8.433310355,-8.028254655,18.0938995,15.20593575,21.40203785
"Marchman::1040",47,2,-7.86739165,-8.073492905,-7.66704548,6.27793655,5.74659859,6.827949615
"Marchman::1041",48,2,-7.41784465,-7.56313892,-7.279231765,4.64331345,4.15985188,5.16158275
"Marchman::1042",49,2,-7.5934828,-7.96370425,-7.05042256,13.4594125,8.444759435,22.39712475
"Marchman::1043",50,2,-8.8756781,-10.4226984,-7.82722257,17.8668355,13.58991985,24.21621055
"Marchman::1044",51,2,-8.74452915,-8.92088455,-8.56459912,1.6203555,1.15346368,2.100353025
"Marchman::1045",52,2,-11.7098355,-12.46804845,-11.091526,16.507091,14.5662764,18.78299945
"Marchman::1046",53,2,-6.5931795,-7.2115841,-6.171084615,9.12541965,8.12801612,10.5982056
"Marchman::1047",54,2,-10.9329435,-11.2649641,-10.6189988,9.43177345,5.448739335,13.43769085
"Marchman::1048",55,2,-6.82284015,-6.955379005,-6.690662125,1.27259415,0.731912095,1.80444752
"Marchman::1049",56,2,-9.7744005,-10.2386169,-9.38816525,10.4297905,9.21648638,11.86854075
"Marchman::105",57,3,-10.0078465,-10.2213417,-9.81403724,5.7075219,4.04617459,7.678424545
"Marchman::1050",58,2,-5.87302465,-5.99449711,-5.746245675,0.61840355,0.3529124705,0.894994629
"Marchman::1052",59,2,-7.0310431,-7.170931695,-6.896492715,3.19798095,2.885427915,3.50942937
"Marchman::1053",60,2,-8.49594585,-8.685946815,-8.313181435,5.0197533,4.41666708,5.641912845
"Marchman::1054",61,2,-7.7852968,-7.983879085,-7.59877677,4.9604183,4.555009195,5.368234805
"Marchman::1055",62,2,-8.3024514,-9.298289025,-7.713931555,8.23551115,6.924116145,10.42426045
"Marchman::1056",63,2,-7.10803705,-7.37092827,-6.87456219,15.198876,13.3868065,17.487305
"Marchman::1057",64,2,-9.34950285,-9.61637471,-9.092667875,18.7858115,13.62653585,26.507914
"Marchman::1058",65,2,-10.366592,-10.65395575,-10.0965524,3.50746915,1.251146885,5.885783945
"Marchman::1059",66,2,-9.1559272,-9.407174075,-8.90575234,-0.048057334,-5.751452945,5.80582221
"Marchman::1060",67,2,-11.419005,-11.7977391,-11.0570712,-1.60354095,-2.77577116,-0.495835408000001
"Marchman::1061",68,2,-8.5888905,-8.8063738,-8.38422388,6.5709355,5.76409989,7.39887397
"Marchman::1062",69,2,-7.7369701,-7.91794975,-7.5680544,7.4628209,6.794814335,8.13872462
"Marchman::1063",70,2,-9.37282735,-10.0402273,-8.880175285,9.01492115,7.819813005,10.68720405
"Marchman::1064",71,2,-9.33493445,-10.30364925,-8.726032435,9.1805674,7.6683703,11.57336765
"Marchman::1065",72,2,-8.5057621,-8.71784889,-8.297497275,24.8519935,20.5139764,29.60141165
"Marchman::1066",73,2,-8.42209615,-9.320821215,-7.910891625,8.01407045,6.654043055,10.4176019
"Marchman::1067",74,2,-10.0011825,-12.08129315,-8.64711923,11.885699,7.74316726,18.1659812
"Marchman::1068",75,2,-10.474813,-10.92940535,-10.069506,13.588675,12.2891502,15.07209045
"Marchman::1069",76,2,-5.4776067,-5.63368967,-5.318061175,17.0537925,15.7834068,18.4512078
"Marchman::107",77,3,-10.6567945,-11.00653475,-10.321178,7.95516875,4.35819098,13.9583187
"Marchman::1070",78,2,-9.65145185,-10.52651125,-9.063446665,12.1028825,10.0747469,15.21065505
"Marchman::1072",79,2,-10.157338,-10.56351745,-9.816506375,6.30563135,5.513637935,7.222255895
"Marchman::1073",80,2,-9.74105615,-10.05483695,-9.44589283,8.7563478,7.808429485,9.771551885
"Marchman::1074",81,2,-10.277171,-10.74280935,-9.889518615,10.3953855,8.992463215,11.99971955
"Marchman::1075",82,2,-11.2116825,-11.7161239,-10.76255995,10.725769,8.771844565,12.94035675
"Marchman::1076",83,2,-8.35430565,-8.656062855,-8.07871034,13.5402615,12.7301921,14.4430449
"Marchman::1077",84,2,-9.2351263,-9.4658248,-9.01780732,14.075516,11.8048726,16.51851245
"Marchman::1078",85,2,-8.42353905,-8.644611455,-8.21506861,6.71262045,6.195683525,7.267064635
"Marchman::1079",86,2,-6.82054175,-7.069769925,-6.564249075,20.4809115,19.0046923,22.10905815
"Marchman::108",87,3,-7.05738735,-7.25090463,-6.858067005,53.780296,48.0315181,59.83354215
"Marchman::1080",88,2,-9.899751,-10.4134497,-9.5484334,8.23374675,6.212211825,11.4010704
"Marchman::1081",89,2,-9.352364,-10.0010496,-8.81386484,14.044825,12.87215715,15.4398692
"Marchman::1082",90,2,-10.995972,-11.6163242,-10.4605133,18.7979635,17.41525535,20.37891685
"Marchman::1083",91,2,-7.01250255,-7.83958243,-6.5110194,9.8878363,8.408278725,12.3953322
"Marchman::1084",92,2,-8.6610111,-9.42973619,-8.09095141,14.2081675,12.94675145,15.81370455
"Marchman::1085",93,2,-7.9619275,-8.39191821,-7.61035803,9.59867115,8.72051431,10.6580128
"Marchman::1086",94,2,-7.8241004,-7.99627679,-7.660397285,4.8064567,4.34015398,5.282014515
"Marchman::1087",95,2,-12.054706,-13.5047344,-11.1255871,10.4029285,7.15950171,15.4752488
"Marchman::1088",96,2,-10.3153595,-12.4383665,-8.950971305,12.2133705,9.53808863,16.3379033
"Marchman::1089",97,2,-8.185137,-8.38588586,-7.995144405,5.5536344,5.03787063,6.09645445
"Marchman::109",98,3,-6.9208164,-7.111199305,-6.72318513,45.1942595,39.99490895,50.5966496
"Marchman::1090",99,2,-11.295535,-12.8169034,-10.2564942,20.39227,17.54325955,24.55174415
"Marchman::1091",100,2,-8.1076046,-8.36009873,-7.86906955,10.807025,10.12982935,11.50757385
"Marchman::1092",101,2,-10.696653,-11.20031125,-10.2733799,8.09731105,6.890928605,9.493457175
"Marchman::1093",102,2,-10.5957825,-12.5585528,-9.34708583,10.1254345,6.72484573,15.5277956
"Marchman::1094",103,2,-9.69999985,-11.44947515,-8.586247,15.7851185,11.91832995,21.9026358
"Marchman::1095",104,2,-7.48350655,-7.83905434,-7.186779255,12.1999045,11.20704635,13.39759905
"Marchman::1096",105,2,-9.8031582,-12.00171015,-8.452959625,13.0068075,9.31515153,19.0322885
"Marchman::1097",106,2,-9.3998673,-11.6464429,-7.775145685,14.503795,10.5563962,19.9841887
"Marchman::1098",107,2,-8.8024156,-9.17307365,-8.46371565,11.229168,10.38463425,12.1738333
"Marchman::1099",108,2,-11.5191655,-13.2510768,-10.54004575,9.9143565,6.55360662,15.9621268
"Marchman::11",109,3,-10.286055,-10.55659325,-10.02036565,17.5615915,13.3056608,22.3118596
"Marchman::110",110,2,-7.5636016,-7.7404581,-7.392128215,17.038755,14.4793361,20.1463294
"Marchman::1100",111,2,-10.294767,-10.6726687,-9.956927865,6.3165127,5.281945045,7.49515813
"Marchman::1101",112,2,-10.167716,-10.5912925,-9.785218125,6.2821387,5.38941566,7.24187472
"Marchman::1102",113,2,-10.81889,-12.59604365,-9.670758315,12.5988155,9.181962815,18.04516255
"Marchman::1103",114,2,-9.799315,-11.66434445,-8.558525915,19.7754,16.68580665,24.43237025
"Marchman::1104",115,2,-6.9207847,-7.11441834,-6.73372242,7.9046639,7.455047925,8.372766505
"Marchman::1105",116,2,-7.3056835,-7.472336135,-7.140348335,9.981586,8.732997525,11.44946495
"Marchman::1106",117,2,-9.4466173,-9.82926845,-9.107825385,8.6175898,7.84633049,9.514743185
"Marchman::1107",118,2,-11.7134395,-13.59106985,-10.65575315,7.17735965,4.620431845,11.9032537
"Marchman::1108",119,2,-8.5214265,-9.1072034,-8.04863385,13.548075,12.3633761,15.02762705
"Marchman::1109",120,2,-8.09658,-8.457729225,-7.753899635,15.8473695,12.6113553,19.3640771
"Marchman::111",121,2,-8.4002074,-8.63856318,-8.168350985,24.152311,19.08143595,30.69966095
"Marchman::1110",122,2,-9.54810185,-9.890365095,-9.209141415,5.32849465,3.761932685,7.51894248
"Marchman::1111",123,2,-9.8326342,-10.41206615,-9.162883465,12.991355,6.38115187,23.05543475
"Marchman::1112",124,2,-9.42937355,-11.4210314,-8.156973255,13.2612075,8.84832699,20.24812655
"Marchman::1113",125,2,-9.75193775,-10.0727199,-9.462020895,9.5877695,8.359048865,10.95249655
"Marchman::1114",126,2,-11.286336,-12.92866885,-10.3013667,9.98959385,6.088199535,16.7108642
"Marchman::1115",127,2,-9.54724435,-11.09545755,-8.56397613,13.941579,9.03993228,21.70206935
"Marchman::1116",128,2,-8.1497233,-8.788393315,-7.690094505,17.133444,15.2378331,19.74997765
"Marchman::1117",129,2,-8.77641935,-9.64019343,-8.228430785,12.0714955,10.2466089,15.0847411
"Marchman::1118",130,2,-12.066884,-12.9820579,-11.3931475,8.69072355,6.33218745,11.90419945
"Marchman::1119",131,2,-8.18198585,-8.425333405,-7.965436265,10.2600475,9.476798495,11.13555945
"Marchman::112",132,2,-8.217909,-8.425279495,-8.02068592,2.1727132,1.721560445,2.657657005
"Marchman::1120",133,2,-10.5611525,-12.50730045,-9.322239485,11.010228,7.65581887,16.30887405
"Marchman::1121",134,2,-8.62842275,-9.04117026,-8.30618914,7.99812295,6.93788139,9.39533192
"Marchman::1122",135,2,-9.76978465,-12.0888232,-8.264212285,12.233463,8.51307837,17.8806405
"Marchman::1123",136,2,-8.73802895,-9.18472885,-8.20472358,14.7598605,9.166346365,23.2445892
"Marchman::1124",137,2,-10.051964,-10.70424,-9.38053497,15.6145655,9.191539325,24.76919115
"Marchman::1125",138,2,-9.0790237,-10.96213085,-7.83815425,16.2195995,11.9155439,22.6850846
"Marchman::1126",139,2,-9.6478889,-10.3390195,-9.22276621,6.36525485,4.976679035,8.76645741
"Marchman::1127",140,2,-10.267786,-11.95191695,-9.203104205,12.3645725,8.05507643,19.10493385
"Marchman::1128",141,2,-10.4190135,-10.88947475,-9.972030285,3.4221589,1.47580172,5.574689745
"Marchman::1129",142,2,-10.2465405,-10.7136943,-9.807575825,5.4853349,3.16282948,7.991053855
"Marchman::113",143,2,-8.71444755,-8.941696875,-8.494819235,7.1168957,4.16320313,10.199556
"Marchman::1130",144,2,-8.4052213,-8.899212885,-8.039695545,7.9122192,6.72175087,9.603757535
"Marchman::1131",145,2,-9.48246635,-11.85371045,-7.765363485,13.2256645,9.33074803,18.62446715
"Marchman::1132",146,2,-10.542702,-11.54601645,-9.90286134,11.984828,6.42184181,21.2222212
"Marchman::1133",147,2,-8.9376138,-9.829505125,-8.341566075,9.9810747,8.34925909,12.40469895
"Marchman::1134",148,2,-8.5725192,-10.9311758,-6.689592065,16.4873525,11.84592535,22.313795
"Marchman::1135",149,2,-8.170057,-8.378825555,-7.961759395,7.6053037,6.98385365,8.22100691
"Marchman::1137",150,2,-6.75350545,-7.0818545,-6.239173295,13.874394,9.265276065,22.52233525
"Marchman::1138",151,2,-8.8680141,-9.51241716,-8.341661105,17.249136,15.68746975,19.22406815
"Marchman::1139",152,2,-9.09680015,-9.40757368,-8.81684978,13.902582,12.84036155,15.0440633
"Marchman::114",153,2,-8.13300085,-8.538525095,-7.60138104,14.1584205,8.78874007,22.7029322
"Marchman::1140",154,2,-9.6337508,-10.23818415,-9.24102706,7.48773875,5.661929185,10.36290365
"Marchman::1141",155,2,-10.5482845,-10.8776043,-10.24474875,1.65983145,0.9171436975,2.431531055
"Marchman::1142",156,2,-9.1998715,-9.744839915,-8.81807799,13.4448295,7.702765505,23.02629085
"Marchman::1143",157,2,-8.82450325,-9.053835035,-8.607197215,13.584016,7.65728309,23.26525555
"Marchman::1144",158,2,-6.8867468,-7.057002985,-6.720752955,14.8941945,9.799915435,24.16533945
"Marchman::1145",159,2,-8.25205415,-9.267542565,-7.6106893,9.56674655,8.25819883,11.68547165
"Marchman::1146",160,2,-11.0291655,-12.75458205,-9.98686082,10.239735,6.68353716,16.1228921
"Marchman::1147",161,2,-9.7438061,-10.17114635,-9.30718407,8.58832345,5.707040285,13.23714995
"Marchman::1148",162,2,-9.1781445,-10.07516545,-8.6172856,15.4388575,10.2432932,23.8809487
"Marchman::1149",163,2,-8.20067145,-9.38737871,-7.474590885,18.7650675,14.09878255,26.5472016
"Marchman::115",164,2,-9.63763935,-9.92781241,-9.354431385,7.5041653,5.519318915,9.91008454
"Marchman::1150",165,2,-9.9796737,-12.00232515,-8.72082873,13.630826,10.25531485,19.15121885
"Marchman::1151",166,2,-7.3573845,-7.7429744,-6.84570746,13.715994,8.61581535,22.49612675
"Marchman::1152",167,2,-8.4819422,-10.6654193,-6.855416915,16.121456,11.17401805,22.75903295
"Marchman::1153",168,2,-8.5573431,-8.982676905,-8.211125575,5.93231215,5.13024682,6.973709305
"Marchman::1154",169,2,-8.2352018,-8.58397932,-7.951971235,6.4295837,5.67605831,7.328088525
"Marchman::1155",170,2,-12.0618195,-13.15489675,-11.2828022,8.4659276,6.72190178,11.0205997
"Marchman::1156",171,2,-8.40905835,-9.377461545,-7.82213631,8.0061337,6.784450445,10.04551525
"Marchman::1157",172,2,-10.483069,-12.50297525,-9.24254129,12.040072,8.92528448,16.95527385
"Marchman::1158",173,2,-9.3626721,-9.637946605,-9.10560239,19.3919385,14.907561,24.62050565
"Marchman::1159",174,2,-7.96596085,-8.19486323,-7.7590124,7.7108358,7.1894255,8.245835375
"Marchman::116",175,2,-10.4383155,-10.8136666,-10.08158885,14.429241,8.199296175,23.9305733
"Marchman::1160",176,2,-9.5688032,-9.96125275,-9.233227385,13.112973,11.0285405,15.61775245
"Marchman::1161",177,2,-5.2679712,-5.43135207,-5.104394075,10.9576735,10.2951094,11.6378588
"Marchman::1162",178,2,-9.4911638,-9.756045795,-9.238706055,15.486227,11.0327293,20.07927635
"Marchman::1163",179,2,-9.5332564,-9.795273425,-9.29022991,4.9450352,4.029863595,6.048099325
"Marchman::1164",180,2,-9.36074595,-9.62770731,-9.10578124,9.18943305,6.647182095,13.42726705
"Marchman::1165",181,2,-7.14164895,-7.293123575,-6.989922135,13.745632,12.3205543,15.3066514
"Marchman::1166",182,2,-10.783522,-11.22609115,-10.3870438,4.94504765,3.957639135,6.077002155
"Marchman::1167",183,2,-7.44012825,-7.80653882,-7.13253162,19.559355,18.03074185,21.3052889
"Marchman::1168",184,2,-10.0467925,-10.46000325,-9.7173991,4.6632513,3.59868781,6.1726692
"Marchman::1169",185,2,-7.35131125,-7.91661252,-7.005384025,9.36722025,7.739377185,12.0819934
"Marchman::117",186,2,-8.56748695,-8.79647969,-8.354083985,11.128986,9.03375163,13.60508995
"Marchman::1170",187,2,-10.686358,-11.38922815,-10.16543165,21.8527745,16.98938115,28.2913227
"Marchman::1171",188,2,-8.3109021,-9.56334243,-7.45039938,15.944371,14.0888721,18.61034495
"Marchman::1172",189,2,-9.339363,-10.48487695,-8.57117436,12.9251295,11.3428188,15.29445925
"Marchman::1173",190,2,-9.3907583,-9.68834881,-9.126778365,5.6884815,4.606232015,7.0223005
"Marchman::1174",191,2,-11.7687835,-13.587686,-10.6053629,10.5895815,8.141386315,14.44076225
"Marchman::1175",192,2,-10.3117665,-12.3877243,-8.99981242,13.8481155,10.87413375,18.5996499
"Marchman::1176",193,2,-12.4319065,-13.97507235,-11.3924893,10.22517,7.452878805,14.4710752
"Marchman::1177",194,2,-8.25913045,-8.550258895,-8.02645051,18.35801,15.0718888,23.2674485
"Marchman::1178",195,2,-8.05506855,-8.49748613,-7.74769089,19.78843,15.0256953,27.51008055
"Marchman::1179",196,2,-11.260031,-12.7382084,-10.2308801,16.72819,13.8850809,20.7621392
"Marchman::118",197,3,-9.0725772,-9.312660395,-8.84561857,7.2226493,5.570377985,8.988282075
"Marchman::1180",198,2,-9.4869453,-10.438657,-8.84801885,19.647647,15.5751775,25.9275579
"Marchman::1181",199,2,-11.743218,-13.48694965,-10.6383422,9.49248685,7.015041705,13.4431265
"Marchman::1182",200,2,-8.4924579,-10.8371879,-6.71878849,18.8339255,14.4014105,24.681877
"Marchman::1183",201,2,-10.44464,-11.3496168,-9.900779315,14.1197545,9.11787006,22.1212952
"Marchman::1184",202,2,-9.49214995,-9.82625445,-9.210715685,4.9906853,4.245800085,5.843040045
"Marchman::1185",203,2,-8.61579595,-8.89328824,-8.39222367,12.217772,9.542480665,16.3073392
"Marchman::1186",204,2,-9.1039924,-11.5142154,-7.287391625,15.443117,11.643318,20.54539355
"Marchman::1187",205,2,-9.3771187,-9.656183945,-9.116519565,18.770611,13.30585495,26.7622295
"Marchman::1188",206,2,-9.8053383,-11.9593702,-8.383415135,12.256837,8.41249438,18.1313399
"Marchman::1189",207,2,-8.0807037,-8.761595965,-7.60189745,9.8667347,8.818674705,11.4471969
"Marchman::119",208,3,-6.7162946,-6.876207255,-6.56284429,13.0655895,11.55109665,14.6312504
"Marchman::1190",209,2,-6.62098775,-6.954758865,-6.153687495,15.085137,10.61745305,22.8347454
"Marchman::1191",210,2,-8.24885155,-8.425205735,-8.07175143,3.73795825,3.166703795,4.366856305
"Marchman::1192",211,2,-10.282464,-12.09362275,-9.159842535,12.963231,9.035978095,19.22186845
"Marchman::1193",212,2,-10.3030335,-11.6012339,-9.504421,15.6286605,11.61895825,22.18718945
"Marchman::1194",213,2,-11.7852175,-13.3540655,-10.8254806,11.253147,7.932003035,16.6196158
"Marchman::1195",214,2,-4.2788095,-4.65840698,-3.891623045,47.9331955,42.72453705,53.2062681
"Marchman::1196",215,2,-6.85096935,-7.025120185,-6.68896214,10.973634,9.50365907,12.87371295
"Marchman::1197",216,2,-9.3500084,-9.79950179,-9.00696893,17.5337305,12.1988046,25.2815607
"Marchman::1198",217,2,-8.6034947,-8.932168355,-8.3163681,9.73894465,9.0853904,10.4617605
"Marchman::1199",218,2,-10.2021735,-10.53807995,-9.87630321,8.96589695,6.12997515,12.87886215
"Marchman::12",219,3,-8.75844795,-8.915431055,-8.600048935,5.96721965,5.355667665,6.61123964
"Marchman::120",220,2,-12.5944805,-13.5713891,-11.77498595,-1.1137392,-5.85935859,3.523875765
"Marchman::1200",221,2,-8.12182845,-8.44491751,-7.846078255,6.0034294,5.20525252,6.92290912
"Marchman::1201",222,2,-8.0299331,-9.36342067,-7.175274735,16.648851,11.211158,25.2968141
"Marchman::1202",223,2,-11.458847,-12.6331491,-10.2940752,7.35833625,0.7936449765,14.08795815
"Marchman::1203",224,2,-9.0385835,-9.68506591,-8.35865749,11.407571,7.84827743,16.18504175
"Marchman::1204",225,2,-9.0690018,-9.907395705,-8.519786325,13.6942965,11.47519285,17.10520505
"Marchman::1205",226,2,-8.65868605,-8.88379848,-8.441792035,8.37933405,7.517537615,9.2871135
"Marchman::1206",227,2,-9.0609819,-9.960939345,-8.433759735,24.387411,20.36991025,30.0887102
"Marchman::1207",228,2,-8.52302435,-9.28111379,-7.479198995,14.114871,8.750873535,22.8193352
"Marchman::1208",229,2,-7.77739205,-8.244236105,-7.25427049,11.8703095,9.088335975,15.5513793
"Marchman::1209",230,2,-10.1693005,-11.22222125,-9.47065702,10.7361175,9.01504052,13.2952353
"Marchman::121",231,2,-12.0617445,-12.85003575,-11.3632466,1.81793205,-1.007175695,4.932729465
"Marchman::1210",232,2,-5.40881415,-6.39427904,-4.46452917,34.672073,27.46957095,42.0567971
"Marchman::1211",233,2,-8.3808573,-8.589451305,-8.18318706,24.1513675,19.0098257,30.97796555
"Marchman::1212",234,2,-12.5572255,-13.9317299,-11.65838495,10.4252655,6.85160449,16.05362085
"Marchman::1213",235,2,-6.4942553,-7.29512368,-5.637632195,26.442372,20.62880245,32.96032035
"Marchman::1214",236,2,-10.974621,-12.58982645,-9.97559766,12.08347,8.70284479,17.77898235
"Marchman::1215",237,2,-11.7176445,-12.75420465,-10.977699,15.4371805,10.8285423,21.9150886
"Marchman::1216",238,2,-6.5818381,-6.99505183,-6.157892715,14.257175,11.80164215,16.8345291
"Marchman::1217",239,2,-11.3595055,-12.06306485,-10.65411455,-6.74282675,-10.10307815,-3.385246785
"Marchman::1218",240,2,-6.35757695,-7.364311545,-5.33405645,30.841528,23.55911745,38.62857155
"Marchman::1219",241,2,-11.8616235,-12.62094805,-11.2699875,17.1137095,11.8131329,23.96945875
"Marchman::122",242,2,-9.30115065,-10.219271,-8.233082105,14.9384805,8.67887783,23.60595195
"Marchman::1220",243,2,-7.2912558,-8.13554038,-6.350108805,24.276333,18.0146681,31.1610436
"Marchman::1221",244,2,-11.2544345,-12.6559659,-10.31131275,16.7651935,13.55286525,21.6271403
"Marchman::1222",245,2,-10.778265,-12.52971745,-9.659982935,15.9722615,13.19924985,20.3275212
"Marchman::1223",246,2,-9.94250905,-11.5257925,-8.833598295,19.203091,15.8599431,24.0792533
"Marchman::1224",247,2,-8.4787882,-8.94296793,-7.93158603,14.859557,9.381997535,23.70126335
"Marchman::1225",248,2,-10.838591,-12.038829,-10.04839315,18.29216,14.3845195,24.3187549
"Marchman::1226",249,2,-11.2439535,-11.9747629,-10.67257785,19.5775785,14.45800575,26.4722111
"Marchman::1227",250,2,-8.2558735,-8.579114195,-7.986343635,31.098961,26.6999423,36.64409195
"Marchman::1228",251,2,-7.51676435,-7.94483915,-7.041148515,25.4551795,20.05346455,32.1566525
"Marchman::1229",252,2,-9.55503505,-9.837700785,-9.28744416,14.3077725,8.565350165,23.21166255
"Marchman::123",253,2,-11.3576915,-11.8257225,-10.9221964,5.0777435,2.91051717,8.571589415
"Marchman::1230",254,2,-7.2220561,-7.587092945,-6.747878605,17.6576265,12.86869725,25.19151365
"Marchman::1231",255,2,-9.6614153,-10.2294569,-9.00649223,13.500883,7.002054255,23.44026425
"Marchman::1232",256,2,-10.279656,-12.43268275,-8.79964549,12.5632485,9.716320875,16.7932468
"Marchman::1233",257,2,-9.9545831,-12.17824525,-8.524656695,14.965733,12.2119434,19.29116395
"Marchman::1234",258,2,-12.2547235,-13.8857398,-11.1511167,14.913845,12.77076385,18.11179895
"Marchman::1235",259,2,-10.4851195,-11.7394357,-9.637116445,23.897143,20.4484435,28.96530375
"Marchman::1236",260,2,-8.22148245,-8.63826976,-7.71370375,18.090608,12.93474505,25.6262337
"Marchman::1237",261,2,-10.454161,-11.7461127,-9.5586157,20.095574,16.4267113,25.3622008
"Marchman::1238",262,2,-11.222101,-12.9763158,-10.1214846,14.154669,11.42719115,18.4745278
"Marchman::1239",263,2,-10.3239555,-12.41677345,-8.96575344,13.7001675,10.8681406,18.09708235
"Marchman::1240",264,2,-8.60038935,-9.459017235,-8.03413794,16.4046925,11.2475943,24.4456443
"Marchman::1241",265,2,-11.990432,-13.7264427,-10.9612967,10.0889895,7.32529355,14.78757105
"Marchman::1242",266,2,-10.50755,-12.5183748,-9.23948329,11.8963145,8.78995696,16.85712245
"Marchman::1243",267,2,-10.243471,-11.8133697,-9.2695312,14.3017385,10.37053535,20.70287865
"Marchman::1244",268,2,-7.40843915,-7.67616618,-7.15911976,12.6895685,11.73244485,13.72449775
"Marchman::1245",269,2,-8.39736115,-8.85728643,-8.010522905,11.252567,10.4641389,12.15688715
"Marchman::1246",270,2,-8.3363989,-9.02751498,-7.80107422,12.3183935,11.24762755,13.64212635
"Marchman::1247",271,2,-7.87978055,-8.32631928,-7.48027106,11.287999,10.47734995,12.1934288
"Marchman::1248",272,2,-6.59608055,-6.89421245,-6.30910474,10.160727,9.59537421,10.7589132
"Marchman::1249",273,2,-7.3888781,-7.6039382,-7.17912872,7.89664675,7.31539161,8.498693785
"Marchman::125",274,2,-7.54641625,-7.718055985,-7.36488861,6.96093475,5.98561263,8.0153649
"Marchman::1250",275,2,-6.91415845,-7.104496375,-6.72773373,9.9756017,9.36904224,10.6574915
"Marchman::1251",276,2,-11.877553,-12.54282695,-11.30756505,16.1925035,15.0247067,17.5280859
"Marchman::1252",277,2,-11.83115,-12.4575385,-11.2529667,21.2329635,19.6148924,23.00451855
"Marchman::1253",278,2,-8.6273203,-8.85067831,-8.408292365,11.2032195,10.19218125,12.2228862
"Marchman::1254",279,2,-10.1342575,-10.53629875,-9.76587632,16.4271995,15.0704483,17.903755
"Marchman::1255",280,2,-10.3793895,-10.8367924,-9.9798144,11.082765,10.161141,12.0602769
"Marchman::1256",281,2,-9.3988333,-9.691430965,-9.117818735,16.660457,15.7663848,17.63596185
"Marchman::1257",282,2,-8.16597805,-8.39970254,-7.943311295,12.7740625,12.0453714,13.49792115
"Marchman::1258",283,2,-10.833365,-11.28523625,-10.4157378,17.8799475,16.8348697,18.97748735
"Marchman::1259",284,2,-10.5347645,-10.94771835,-10.1632307,11.476369,10.67862025,12.35541635
"Marchman::126",285,2,-9.76518395,-10.0755455,-9.478970005,-6.48870735,-12.7482091,-0.352131056000004
"Marchman::1260",286,2,-13.014293,-14.05713435,-12.20246615,22.2849285,20.4981753,24.47553865
"Marchman::1261",287,2,-10.227987,-10.602283,-9.89208554,8.07704745,7.295280135,8.907730505
"Marchman::1262",288,2,-8.68177325,-8.92837853,-8.44629571,7.40737675,6.807853535,7.98492637
"Marchman::1263",289,2,-7.1195695,-7.322603175,-6.92345552,3.20722855,2.349312405,4.098895875
"Marchman::1264",290,2,-8.2410945,-8.471066195,-8.01627154,7.62014965,6.66898473,8.57825766
"Marchman::1265",291,2,-9.56385905,-9.86246741,-9.276847825,11.8285705,10.7319411,12.99123985
"Marchman::1266",292,2,-7.5006567,-7.67071403,-7.329418755,3.493465,2.622727175,4.38112283
"Marchman::1267",293,2,-10.8777105,-11.380303,-10.4446638,13.8371345,12.2485383,15.61466525
"Marchman::1268",294,2,-7.79422505,-8.008320865,-7.575022175,-1.98093335,-3.176918455,-0.7608253815
"Marchman::1269",295,2,-8.5985727,-8.841411125,-8.359924625,13.946858,13.1498939,14.76617295
"Marchman::127",296,2,-7.70811505,-7.88597142,-7.529836325,12.75872,10.9576135,14.807054
"Marchman::1270",297,2,-11.5713165,-12.1520397,-11.0569681,27.5836045,25.0872858,31.03480965
"Marchman::1271",298,2,-8.89612365,-9.167088805,-8.647875115,9.26120705,8.45585734,10.1173582
"Marchman::1272",299,2,-9.228864,-9.50513814,-8.95723143,17.025118,15.98434715,18.2313781
"Marchman::1273",300,2,-9.8459552,-10.17048395,-9.54348633,9.49094365,8.36517175,10.7501206
"Marchman::1274",301,2,-8.9049269,-9.171212535,-8.66200743,14.5070915,13.5647279,15.5118352
"Marchman::1275",302,2,-10.0436735,-10.3785298,-9.725338815,13.367546,11.93252275,14.87188535
"Marchman::1276",303,2,-9.23664675,-9.65195316,-8.87686309,11.7775345,10.5469601,13.21393735
"Marchman::1277",304,2,-12.3734855,-13.19365535,-11.72107595,15.5048895,14.15359625,17.1340965
"Marchman::1278",305,2,-9.72904675,-10.01990345,-9.46130977,3.7379043,2.58557143,4.89087814
"Marchman::1279",306,2,-9.97444365,-10.33788485,-9.636805745,12.159208,11.0355821,13.36324655
"Marchman::128",307,2,-9.82683545,-10.1381997,-9.541298685,10.5688595,7.728223385,14.153959
"Marchman::1280",308,2,-8.10142675,-8.32359585,-7.88711919,10.651224,9.845372645,11.45435035
"Marchman::1281",309,2,-9.24969395,-9.50705953,-9.002370825,8.18268185,7.01621184,9.39978296
"Marchman::1282",310,2,-10.779338,-11.2991866,-10.32961245,15.4383195,13.7980556,17.2741745
"Marchman::1283",311,2,-10.4348265,-10.87575325,-10.05117315,11.5199105,10.47030865,12.637543
"Marchman::1284",312,2,-4.23134215,-4.45747461,-4.000718225,-0.876157535,-1.797468745,0.0325708540999992
"Marchman::1285",313,2,-10.6697565,-11.14997985,-10.2253496,12.0777795,11.18085495,13.0670872
"Marchman::1286",314,2,-9.47523275,-9.80441586,-9.16364895,15.903549,15.00426465,16.8209225
"Marchman::1287",315,2,-10.779416,-11.22538835,-10.38644365,11.7950965,10.9699844,12.73610285
"Marchman::1288",316,2,-7.5581363,-7.754679235,-7.363330525,4.20093,3.69363589,4.708459395
"Marchman::1289",317,2,-10.994704,-11.45359485,-10.5698703,11.1444305,10.1957754,12.1650916
"Marchman::129",318,2,-8.16532625,-8.379160865,-7.961984345,13.8907035,8.351754105,23.490017
"Marchman::1291",319,2,-9.42794545,-9.71694522,-9.1353069,20.784706,18.8377656,23.4337318
"Marchman::1292",320,2,-7.54606975,-7.75849011,-7.348648345,34.673441,29.46042235,40.0969212
"Marchman::1294",321,2,-11.415417,-11.94462605,-10.9321656,24.6857305,22.61378805,26.96985845
"Marchman::1295",322,2,-9.1546922,-9.430551735,-8.891339295,21.772037,20.44666805,23.0826487
"Marchman::1296",323,2,-8.55557395,-8.75657546,-8.358811995,1.7148953,0.675118317,2.73352735
"Marchman::1297",324,2,-12.8107955,-14.11520405,-11.8266613,22.3923345,19.38996085,26.35358385
"Marchman::1298",325,2,-11.351569,-11.8912064,-10.864583,8.45967455,6.849753895,10.26146935
"Marchman::1299",326,2,-7.7864956,-8.011241505,-7.57216771,13.687644,12.6884467,14.6962028
"Marchman::13",327,3,-8.36459805,-8.529664745,-8.19836077,15.081589,13.5308194,16.8124371
"Marchman::130",328,2,-9.5989764,-9.84015157,-9.37651118,5.01361245,4.01619329,6.051210455
"Marchman::1300",329,2,-9.52737485,-10.137234,-9.039681555,10.3555115,9.37619211,11.5646334
"Marchman::1301",330,2,-10.087692,-10.44253515,-9.764275095,11.6659925,10.8772961,12.4642885
"Marchman::1302",331,2,-10.3308895,-10.7221606,-9.97538635,8.10939345,7.10629087,9.124260825
"Marchman::1303",332,2,-10.5982035,-11.00853935,-10.21656225,11.366866,9.61128338,13.19773065
"Marchman::1304",333,2,-9.98831295,-10.3503659,-9.66873364,14.573953,13.3032909,15.9276315
"Marchman::1305",334,2,-9.12727145,-9.402938305,-8.857327865,10.0385445,8.732357475,11.2941495
"Marchman::1306",335,2,-6.85056585,-7.17707159,-6.560173255,13.330724,12.2495068,14.603175
"Marchman::1307",336,2,-7.5433564,-7.756231175,-7.334972845,0.62962948,-0.317040949,1.584084865
"Marchman::1308",337,2,-10.402435,-10.773832,-10.05378265,27.8762665,26.3079906,29.5534673
"Marchman::1309",338,2,-7.04770535,-7.25028126,-6.84685943,16.010755,14.8574575,17.196806
"Marchman::131",339,2,-10.6292775,-11.30186955,-10.17254085,5.07096555,3.657563515,7.38062923
"Marchman::1310",340,2,-10.301372,-10.6740734,-9.966071655,14.9452245,13.428601,16.6470176
"Marchman::1311",341,2,-5.41864135,-5.637453845,-5.203126295,-1.4811431,-2.310341585,-0.6701224595
"Marchman::1312",342,2,-8.09195865,-8.3162714,-7.87376496,6.5746625,6.00316499,7.16488506
"Marchman::1313",343,2,-12.514747,-13.3417545,-11.8357279,20.7855885,19.28823395,22.5601971
"Marchman::1314",344,2,-6.54660225,-6.74726829,-6.343492035,7.6978746,7.06222765,8.33715472
"Marchman::1315",345,2,-7.04451345,-7.240302875,-6.851110815,4.4963018,4.00453405,5.010111515
"Marchman::1316",346,2,-7.37106375,-7.57746396,-7.171801295,6.4605034,5.928820775,6.99464724
"Marchman::1317",347,2,-9.9049096,-12.0668334,-8.53136774,14.977716,12.1008918,19.47589385
"Marchman::1318",348,2,-12.7162985,-13.57443435,-11.97769905,22.8636635,20.85983855,25.2229184
"Marchman::1319",349,2,-7.42463345,-7.630594945,-7.21648948,9.28624955,8.59761317,9.980496175
"Marchman::132",350,2,-9.453044,-9.671161635,-9.24425193,-0.471666985,-1.56208784,0.628406752
"Marchman::1320",351,2,-7.8735215,-8.081803085,-7.65983941,12.605383,11.75087715,13.44883335
"Marchman::1321",352,2,-7.69537705,-8.07763253,-7.39778992,11.4629665,10.0698647,13.2172676
"Marchman::1322",353,2,-8.9571852,-9.22609032,-8.693674045,18.234703,17.16150305,19.3181752
"Marchman::1323",354,2,-7.91061215,-8.121173065,-7.69518237,10.6563175,9.33912583,11.9466422
"Marchman::1324",355,2,-10.60034,-11.02384665,-10.2068534,11.323769,9.08787918,13.59609885
"Marchman::1325",356,2,-10.134669,-10.48486385,-9.80682408,20.7593765,18.9807808,22.64585345
"Marchman::1326",357,2,-9.6976606,-10.019027,-9.39581507,11.379383,10.2100087,12.6114565
"Marchman::1327",358,2,-8.7259771,-9.132022135,-8.394163665,11.3071275,9.70741015,13.28491505
"Marchman::1328",359,2,-9.8042851,-10.1440079,-9.48602619,11.102441,9.86676423,12.3430775
"Marchman::1329",360,2,-7.1596954,-7.3623729,-6.95969625,12.4839595,11.5036863,13.48686265
"Marchman::133",361,2,-10.3778785,-10.6812426,-10.0934815,6.36591515,4.38903383,8.773613405
"Marchman::1330",362,2,-9.27936855,-9.572337055,-9.00600324,3.9068639,2.713099435,5.1258163
"Marchman::1331",363,2,-8.3699801,-8.75146392,-8.037717935,8.26192515,7.485530395,9.20527176
"Marchman::1332",364,2,-9.15475725,-9.41970323,-8.91606689,8.0667842,6.78721562,9.596618975
"Marchman::1333",365,2,-9.16780305,-9.44482715,-8.902805545,23.8204045,22.25006055,25.4033615
"Marchman::1334",366,2,-8.84646085,-9.56131287,-8.324619585,10.150166,8.889594915,11.90689015
"Marchman::1335",367,2,-8.1591407,-8.38949217,-7.947691185,10.5768855,9.9610286,11.2027494
"Marchman::1336",368,2,-10.421855,-12.4559868,-9.122532665,15.2209255,12.511913,19.5128396
"Marchman::1337",369,2,-9.81533435,-10.7682356,-9.16527825,11.680618,9.91728544,14.27046335
"Marchman::1338",370,2,-11.055311,-11.52498335,-10.6313679,13.26708,11.4177975,15.3113471
"Marchman::1339",371,2,-8.6431242,-8.988183925,-8.330475525,8.05962145,7.35308431,8.868915785
"Marchman::134",372,2,-10.159105,-10.82003575,-9.49841078,16.920517,10.42106425,25.325688
"Marchman::1340",373,2,-9.24603265,-9.52892747,-8.97774668,19.3450545,18.27086635,20.45109735
"Marchman::1341",374,2,-10.516253,-11.5061223,-9.885039745,8.16280545,6.63191382,10.6031485
"Marchman::1342",375,2,-11.262915,-11.77993885,-10.7914278,10.1605155,8.618531765,11.8283874
"Marchman::1343",376,2,-8.27973805,-8.5072308,-8.053894985,10.3538345,9.50520151,11.1774611
"Marchman::1344",377,2,-10.2862995,-10.64398095,-9.946622945,6.92323235,5.859274915,7.99942553
"Marchman::1345",378,2,-9.5006711,-9.86479727,-9.202409815,8.47999015,7.071940855,10.24051355
"Marchman::1346",379,2,-10.799806,-11.25208645,-10.39790835,22.386516,20.98751205,23.87239235
"Marchman::1347",380,2,-7.8689772,-8.082061135,-7.6513655,17.129606,16.0450656,18.222416
"Marchman::1348",381,2,-11.3393475,-12.0875382,-10.7037417,25.431501,23.18058105,28.08603705
"Marchman::1349",382,2,-8.7150263,-10.46636905,-7.575093,20.5086005,16.6027964,26.6278573
"Marchman::135",383,2,-10.952545,-11.38197995,-10.5642758,22.65751,15.45167595,30.90604795
"Marchman::1350",384,2,-8.67055215,-8.924977705,-8.42585188,9.68128355,8.64646385,10.718764
"Marchman::1351",385,2,-6.5771415,-6.76781944,-6.37858528,8.07844065,7.455666245,8.702689475
"Marchman::1352",386,2,-8.80370935,-9.07383814,-8.554577165,8.2398232,7.653137875,8.842944775
"Marchman::1353",387,2,-7.13877225,-7.343727445,-6.94700006,13.178511,12.27096735,14.15693135
"Marchman::1354",388,2,-8.73954845,-8.99142322,-8.49241318,24.106472,22.2658726,26.0674512
"Marchman::1355",389,2,-7.84296195,-8.061656395,-7.638374585,7.7434764,6.858346935,8.66571094
"Marchman::1356",390,2,-11.9044265,-13.60174775,-10.85721675,9.0868981,6.49766762,13.2421653
"Marchman::1357",391,2,-11.4254775,-11.97078725,-10.93976325,21.507461,18.95812555,24.24192665
"Marchman::1358",392,2,-8.0218685,-8.3726109,-7.73733174,8.55838075,7.78320897,9.506909595
"Marchman::1359",393,2,-8.43097225,-9.58138369,-7.681463895,15.468999,13.6318347,18.3030215
"Marchman::136",394,2,-11.8491195,-12.6010988,-11.12448815,3.0730071,-0.468283853,6.893651085
"Marchman::1360",395,2,-9.87274805,-10.18841575,-9.569751555,6.1352349,4.28096782,7.974437465
"Marchman::1361",396,2,-9.6191303,-10.1205544,-9.24689508,10.243375,8.487161705,12.7197018
"Marchman::1362",397,2,-11.4419115,-13.1615507,-10.35731675,10.648268,7.75068639,15.3757936
"Marchman::1363",398,2,-8.00019105,-9.840156455,-6.695228885,20.751942,16.24809045,27.10612255
"Marchman::1364",399,2,-7.812195,-8.47299007,-7.324003975,12.3468625,11.0488248,14.1429376
"Marchman::1365",400,2,-10.8834855,-12.66661715,-9.71414825,13.568213,10.89952135,17.5587615
"Marchman::1366",401,2,-9.34889255,-9.610954955,-9.105969835,7.161023,5.894698475,8.577175835
"Marchman::1367",402,2,-9.867576,-11.463679,-8.9023697,15.2297825,11.31721685,21.8662354
"Marchman::1368",403,2,-10.0117025,-10.46697475,-9.618586475,36.738873,33.0265476,40.97532575
"Marchman::1369",404,2,-10.7142385,-11.13119375,-10.33573865,10.3651695,7.536949345,13.37269905
"Marchman::1370",405,2,-10.549685,-11.85747165,-9.78072972,13.842753,9.126886955,22.3476697
"Marchman::1371",406,2,-6.45266015,-6.6128608,-6.297159445,-0.489791165,-1.456280205,0.524462628
"Marchman::1372",407,2,-13.0895175,-14.12589545,-12.26973485,18.7432615,17.1150367,20.8283111
"Marchman::1373",408,2,-11.2959845,-11.97099955,-10.719629,16.69733,15.49221745,18.05347925
"Marchman::1374",409,2,-7.6910701,-7.86659198,-7.512251055,3.6497747,2.882711675,4.43044196
"Marchman::1375",410,2,-10.6166185,-11.03016725,-10.23880345,20.8119175,19.3847926,22.34144005
"Marchman::1376",411,2,-8.90546155,-9.308112135,-8.584336825,8.22454405,7.13776666,9.570133115
"Marchman::1377",412,2,-9.3899694,-9.68481428,-9.107108695,6.4247158,5.23821551,7.57954236
"Marchman::1378",413,2,-8.00339985,-8.32376281,-7.716991105,9.04280185,8.112095895,10.1309278
"Marchman::1379",414,2,-9.24971245,-9.539880455,-8.977427165,23.504923,21.96826455,25.15329115
"Marchman::1380",415,2,-10.0729455,-11.00075955,-9.486258595,11.0488375,9.01521257,14.16567035
"Marchman::1382",416,2,-7.8026807,-7.94400548,-7.65893218,3.850464,3.41691727,4.325638085
"Marchman::1383",417,2,-12.0287395,-12.69640575,-11.46286685,35.7998745,33.33142075,38.7033127
"Marchman::1384",418,2,-9.4503229,-9.84553243,-9.093518275,6.43069485,5.74813273,7.19785708
"Marchman::1385",419,2,-5.7003538,-5.901085375,-5.495371475,6.87517225,6.203629175,7.54569126
"Marchman::1386",420,2,-6.47829585,-6.90889489,-6.07794777,11.4413295,10.63950115,12.311453
"Marchman::1388",421,2,-9.74388695,-10.04391235,-9.462000125,0.204872425,-5.96257796,6.60060918
"Marchman::1389",422,2,-10.629552,-12.23545645,-9.619537515,14.627724,11.11923195,20.2667626
"Marchman::139",423,2,-12.3750475,-13.0808363,-11.7741729,2.20224955,0.4207151385,4.49779883
"Marchman::1390",424,2,-8.11146935,-8.33708112,-7.89532331,7.0439681,6.11531868,7.984822935
"Marchman::1391",425,2,-8.44325835,-9.058488495,-7.984333705,13.190557,11.6121379,15.33612955
"Marchman::1392",426,2,-8.4439426,-9.081742995,-7.966648605,9.9323663,8.977908775,11.19630025
"Marchman::1393",427,2,-9.26082765,-9.541028275,-8.984561865,13.403169,12.6956352,14.1835559
"Marchman::1394",428,2,-6.66029995,-6.88563697,-6.445123095,8.6469344,8.10013089,9.218348575
"Marchman::1395",429,2,-8.5785726,-8.81360691,-8.34716038,13.7080095,12.7173337,14.7014655
"Marchman::1396",430,2,-7.71701985,-7.93214461,-7.50490625,16.418016,15.34707665,17.481939
"Marchman::1397",431,2,-7.2370654,-7.438033755,-7.037321605,9.77857075,8.86899545,10.7002614
"Marchman::1398",432,2,-7.2996691,-7.901110285,-6.86110317,13.3748895,11.86477925,15.49412535
"Marchman::1399",433,2,-8.00432125,-8.163185155,-7.854831935,2.9813847,2.52901668,3.465387815
"Marchman::14",434,2,-9.5684773,-9.861628215,-9.292246045,-4.94108475,-8.817327985,-1.04306951
"Marchman::140",435,2,-9.97399085,-10.4197752,-9.600176535,9.60129275,8.321226395,11.14426515
"Marchman::1400",436,2,-5.6442875,-5.85155144,-5.435442535,1.0498008,0.1198425825,1.95581344
"Marchman::1401",437,2,-8.3882978,-8.775746015,-8.07818845,9.27515715,8.21751123,10.58726555
"Marchman::1402",438,2,-9.9169019,-10.3975288,-9.56164267,16.2608485,11.06991165,24.3630107
"Marchman::1404",439,2,-9.1051892,-9.565128315,-8.725362875,9.46248985,8.30603724,10.8130134
"Marchman::1405",440,2,-7.10554555,-7.29502073,-6.90882694,8.2708479,7.728250855,8.82725742
"Marchman::1406",441,2,-8.998908,-9.468607215,-8.60074772,8.43995115,7.636137975,9.35126177
"Marchman::1407",442,2,-12.258603,-13.1202895,-11.55973165,12.3522895,10.97017875,14.046743
"Marchman::1408",443,2,-7.6967766,-7.84821631,-7.55155208,20.6809915,18.04610015,23.3398072
"Marchman::1409",444,2,-8.71139885,-9.152924525,-8.40592508,18.4277005,13.89398105,26.22776865
"Marchman::141",445,2,-10.4604845,-10.7985711,-10.1278452,5.4319989,3.64941959,8.564968775
"Marchman::1410",446,2,-9.15442945,-9.98645594,-8.550156875,11.423944,10.2023847,13.16607255
"Marchman::1411",447,2,-8.1695654,-8.347697935,-7.99191387,9.54830355,8.180767605,11.13786435
"Marchman::1413",448,2,-10.3195675,-12.0621032,-9.27482771,13.9942255,10.31074095,20.01496495
"Marchman::1414",449,2,-9.20734285,-9.66582223,-8.835442555,10.101461,8.658163475,11.9518066
"Marchman::1415",450,2,-9.70467035,-10.02169405,-9.402555875,11.5509385,10.8518421,12.2544756
"Marchman::1416",451,2,-9.80863105,-10.13295565,-9.492264725,12.322048,11.0909749,13.57320275
"Marchman::1417",452,2,-9.01541315,-9.90540654,-8.407110095,13.876072,11.7956211,16.99013595
"Marchman::1418",453,2,-8.88636965,-9.1369941,-8.643982185,15.922826,14.894018,16.95419115
"Marchman::1419",454,2,-5.48923745,-5.66133872,-5.3079096,5.0408527,4.269682935,5.84415997
"Marchman::1420",455,2,-10.027824,-10.29904475,-9.77721875,3.4167203,2.63113873,4.286303365
"Marchman::1422",456,2,-9.0464509,-9.37176349,-8.7650309,7.8484588,6.90136437,8.953767435
"Marchman::1423",457,2,-8.63295615,-8.86061739,-8.412863075,6.60316265,5.273948665,8.027674855
"Marchman::1424",458,2,-8.1063279,-8.80618181,-7.581104105,12.879169,11.79245925,14.2616699
"Marchman::1425",459,2,-9.3807363,-9.67314895,-9.09121467,5.7112233,5.08480877,6.3863114
"Marchman::1426",460,2,-8.89250775,-9.726190955,-8.28950564,12.1121715,10.9354118,13.7765422
"Marchman::1427",461,2,-7.53695575,-7.73510558,-7.3524083,5.74562575,5.274207715,6.220999345
"Marchman::1428",462,2,-6.7181232,-6.896880515,-6.53896199,7.0528354,6.53429269,7.56466141
"Marchman::1429",463,2,-8.8727788,-9.132355175,-8.617765475,11.277649,10.62386,11.92816845
"Marchman::143",464,2,-10.6772205,-11.07036,-10.30601485,2.690346,1.42509459,4.1177302
"Marchman::1430",465,2,-5.9035684,-6.102430665,-5.70217889,5.5670491,4.988549215,6.1587107
"Marchman::1431",466,2,-9.03215345,-9.41741383,-8.696414045,7.0764899,6.422184785,7.8385819
"Marchman::1432",467,2,-8.35763215,-8.826334735,-7.95462278,10.0986785,9.29335601,11.01664835
"Marchman::1433",468,2,-9.9583855,-10.30700055,-9.63181838,15.487668,14.63263925,16.37489575
"Marchman::1434",469,2,-10.8814515,-11.438196,-10.39606125,12.0523755,11.0469304,13.1475805
"Marchman::1435",470,2,-8.48794565,-8.812120795,-8.20440055,7.48040385,6.909223025,8.11974671
"Marchman::1436",471,2,-10.608658,-11.0827962,-10.202432,4.4099582,3.609752885,5.322988615
"Marchman::1437",472,2,-9.5148457,-10.6648715,-8.73503333,12.4839245,10.9444087,14.74724945
"Marchman::1438",473,2,-10.5326265,-10.92573205,-10.15027775,16.8623145,15.9039689,17.8229894
"Marchman::1439",474,2,-9.9747445,-10.76674605,-9.42624381,9.304123,7.91264177,11.2161779
"Marchman::144",475,2,-10.8109855,-11.24694825,-10.4207602,12.552977,5.67666608,22.95070415
"Marchman::1440",476,2,-10.188522,-10.5470621,-9.840824575,7.87984275,7.11075963,8.661628445
"Marchman::1442",477,2,-9.44138585,-10.33560015,-8.84172101,12.675668,10.8489327,15.44365505
"Marchman::1443",478,2,-10.5103525,-10.91467825,-10.14944905,16.7636325,15.1221348,18.51968165
"Marchman::1444",479,2,-7.9635452,-8.189036095,-7.750727935,6.45743875,5.947792205,7.00384138
"Marchman::1445",480,2,-8.07445165,-8.29791753,-7.85597573,7.66411095,6.91779175,8.43978726
"Marchman::1446",481,2,-10.757054,-11.1159208,-10.4220375,4.51595925,2.8290445,6.519749385
"Marchman::1447",482,2,-10.5519605,-12.5538397,-9.23328349,14.57972,11.98486465,18.5361919
"Marchman::1448",483,2,-9.30683355,-10.1191308,-8.70343437,11.0258195,9.815673275,12.6088282
"Marchman::1449",484,2,-8.80439425,-9.478778875,-8.278696175,11.1020015,10.05943555,12.44447135
"Marchman::145",485,2,-8.59889735,-8.818149575,-8.384829975,5.8716347,4.77643761,7.18893884
"Marchman::1450",486,2,-13.7175575,-14.969208,-12.6952399,22.2609825,19.04288595,26.1075172
"Marchman::1451",487,2,-7.2459348,-7.456531855,-7.0445589,6.98622295,6.57766508,7.40770663
"Marchman::1452",488,2,-9.86679445,-12.08636,-8.453065565,17.09872,14.31490235,21.45570115
"Marchman::1453",489,2,-8.3947418,-8.91782149,-7.980322405,10.555283,9.665677035,11.639144
"Marchman::1454",490,2,-9.4063811,-9.702633125,-9.134887135,11.311575,10.6414651,12.016306
"Marchman::1455",491,2,-9.2791534,-10.0749506,-8.6796658,11.0788935,9.92942,12.6776146
"Marchman::1456",492,2,-10.0147855,-10.3614941,-9.686828515,8.3582166,7.652664575,9.105707125
"Marchman::1457",493,2,-8.85016595,-9.10494783,-8.599841015,7.2696972,6.69675053,7.851964625
"Marchman::1458",494,2,-11.2245935,-11.7306707,-10.75744625,14.8653905,13.1603877,16.7307823
"Marchman::1459",495,2,-9.06590855,-9.33609851,-8.812905305,14.5306355,13.49596055,15.65464695
"Marchman::1460",496,2,-10.527537,-10.9737472,-10.1635692,5.88626595,4.64441547,7.37460687
"Marchman::1461",497,2,-7.8017126,-8.016579125,-7.591761815,16.336073,15.28002755,17.37137165
"Marchman::1462",498,2,-10.776398,-11.21127235,-10.3756255,16.3279085,15.39351905,17.3207156
"Marchman::1463",499,2,-11.17992,-11.8521473,-10.61934485,18.572246,17.30692525,19.98045815
"Marchman::1464",500,2,-7.9056681,-8.124799005,-7.69567633,13.363528,12.5428405,14.25167745
"Marchman::1465",501,2,-10.2189275,-12.18561685,-8.908812915,15.738282,13.01789365,19.84343155
"Marchman::1466",502,2,-9.3685308,-9.665483475,-9.090603295,25.1663975,23.75280765,26.6385847
"Marchman::1467",503,2,-10.4391855,-10.83316455,-10.0858305,21.4153215,20.0434378,22.92169415
"Marchman::1468",504,2,-6.6898265,-6.88406876,-6.493897305,-1.521486,-2.412898935,-0.6137195725
"Marchman::1469",505,2,-9.43361395,-9.976991025,-8.96680449,15.018364,13.98955,16.2154498
"Marchman::147",506,2,-10.462794,-10.8508936,-10.1162239,6.84002725,4.22768738,9.83987052
"Marchman::1470",507,2,-10.8359165,-11.2636715,-10.4417281,17.2057725,16.2716791,18.213128
"Marchman::1471",508,2,-9.558974,-9.846407975,-9.27101881,15.775529,14.79204235,16.80124185
"Marchman::1472",509,2,-8.015618,-8.46299827,-7.668578615,11.4740765,10.41577595,12.79417665
"Marchman::1473",510,2,-7.11822775,-7.317083885,-6.91482771,6.36727495,5.852229715,6.885278625
"Marchman::1474",511,2,-9.6181885,-10.2883156,-9.0904485,8.98051195,7.95199406,10.29866455
"Marchman::1475",512,2,-5.6387025,-5.84906213,-5.43083359,2.2531878,1.74678755,2.78249143
"Marchman::1476",513,2,-8.5264267,-8.7895279,-8.294348505,7.6844251,6.873334325,8.60272061
"Marchman::1477",514,2,-8.37268765,-8.745630375,-8.073812945,9.99016095,8.972959805,11.28666285
"Marchman::1478",515,2,-9.5777389,-9.889009575,-9.289101215,19.4382235,18.256506,20.6417867
"Marchman::1479",516,2,-10.035176,-10.32434315,-9.74888627,0.842687625,-0.4327100185,2.16637714
"Marchman::148",517,2,-10.3897195,-10.7335723,-10.07901915,-0.380059115,-1.16230988,0.390604665
"Marchman::1481",518,2,-10.099465,-10.7557158,-9.56430546,11.021928,9.881811275,12.38958205
"Marchman::1482",519,2,-9.7263974,-10.03908565,-9.448607935,6.1390404,5.10949898,7.37049414
"Marchman::1483",520,2,-10.1803805,-10.5359641,-9.842353495,12.0514255,10.7746956,13.441307
"Marchman::1484",521,2,-8.08714205,-8.59462074,-7.69618897,12.875428,11.5190016,14.6624464
"Marchman::1485",522,2,-9.12718195,-9.51427346,-8.8064521,8.71269235,7.624073515,9.99154872
"Marchman::1486",523,2,-7.6644833,-8.53772663,-7.09702176,14.5237545,12.58583335,17.52577455
"Marchman::1487",524,2,-9.993451,-10.3294749,-9.67652147,6.0720973,5.3676577,6.78220546
"Marchman::1488",525,2,-11.585062,-13.34511615,-10.4044224,10.985999,8.69968928,14.42256185
"Marchman::1489",526,2,-11.513695,-12.09347195,-11.00466905,15.2115085,14.0742991,16.4809544
"Marchman::149",527,2,-9.53315695,-10.0211523,-9.124452115,11.3574915,10.2399703,12.6766272
"Marchman::1491",528,2,-10.2219115,-11.0571703,-9.632350955,10.709544,8.615716,13.6663266
"Marchman::1492",529,2,-6.37198555,-6.547898605,-6.194622965,9.14729635,8.595553815,9.73521817
"Marchman::1493",530,2,-10.603114,-11.0955301,-10.17236435,18.168206,16.60577665,19.96010385
"Marchman::1494",531,2,-9.76910965,-10.1032146,-9.45995588,13.32821,12.10538195,14.57300645
"Marchman::1495",532,2,-9.98813175,-11.15499245,-9.259678385,11.189417,9.648109025,13.6313915
"Marchman::1496",533,2,-9.65135055,-10.85453375,-8.860968115,12.2060355,10.6543496,14.5573407
"Marchman::1497",534,2,-8.05979705,-8.385932685,-7.77201578,8.56408165,7.947021875,9.2108664
"Marchman::1498",535,2,-8.7548934,-9.01455818,-8.50589082,10.4481425,9.856335975,11.0534503
"Marchman::1499",536,2,-11.3852925,-13.34094475,-10.2061498,11.6045385,9.32186344,15.4576617
"Marchman::15",537,2,-8.47964865,-8.70706346,-8.253911675,16.6287225,10.84935475,22.4777021
"Marchman::150",538,2,-9.7048666,-10.0002799,-9.417310665,13.058993,6.83099438,22.91424695
"Marchman::1500",539,2,-10.093225,-10.44078165,-9.767771375,10.41729,9.699175795,11.1764023
"Marchman::1501",540,2,-9.9185122,-10.44365965,-9.50971961,8.2496188,7.004858785,9.838571935
"Marchman::1502",541,2,-9.74438775,-10.07873565,-9.42928612,10.4112985,9.74558993,11.1340574
"Marchman::1503",542,2,-9.5697824,-10.22731195,-9.063040865,9.11582345,8.10256363,10.38907265
"Marchman::1504",543,2,-10.09063,-12.2504409,-8.699219675,14.3228475,11.5671226,18.5488572
"Marchman::1505",544,2,-7.57526495,-7.77789103,-7.374479445,-1.46626485,-2.449558085,-0.528449267500001
"Marchman::1506",545,2,-9.490084,-9.80222589,-9.201700055,9.2062692,8.5438899,9.90877436
"Marchman::1507",546,2,-9.9655866,-10.93005155,-9.30406191,11.243114,9.469283365,13.86664085
"Marchman::1508",547,2,-6.769131,-6.942483655,-6.592000145,-0.0184688835,-0.492774776,0.46425616
"Marchman::1509",548,2,-4.74669795,-4.94895795,-4.54126951,-0.70102976,-1.573789245,0.0850995201499999
"Marchman::151",549,2,-11.017334,-11.36894495,-10.6868408,2.07489615,1.16156854,3.07048251
"Marchman::1510",550,2,-7.7194412,-8.573560735,-7.15179566,14.402573,12.46511645,17.3409646
"Marchman::1511",551,2,-9.21464755,-9.497529915,-8.949865455,8.64999065,8.00168624,9.341383535
"Marchman::1512",552,2,-7.84459035,-8.03937627,-7.65206101,3.4428195,2.90614329,3.97512934
"Marchman::1513",553,2,-8.14474365,-8.73025047,-7.641569995,11.9097615,10.9377989,13.1218998
"Marchman::1514",554,2,-7.7104095,-7.92598469,-7.497220105,11.618246,10.9386118,12.33548335
"Marchman::1515",555,2,-9.8095284,-10.9659447,-9.012173705,11.713076,10.1545247,13.97555725
"Marchman::1516",556,2,-10.8061265,-12.8947921,-9.53579681,13.7310065,11.28448525,17.7766246
"Marchman::1517",557,2,-7.28814375,-7.46596855,-7.11893231,44.7457725,41.82049025,47.91267805
"Marchman::1518",558,2,-9.2478854,-9.79840649,-8.824825655,8.2237355,7.24653065,9.473042885
"Marchman::1519",559,2,-11.056832,-11.55271605,-10.616096,5.4874222,4.511551645,6.59708962
"Marchman::152",560,2,-12.612237,-14.0384028,-11.7313452,9.1587079,5.54578078,14.93275895
"Marchman::1520",561,2,-10.4407955,-12.38581515,-9.20741068,14.70881,12.07109065,18.7058544
"Marchman::1521",562,2,-9.317129,-9.83507354,-8.893606305,8.2187599,7.376844175,9.22879929
"Marchman::1522",563,2,-7.1009351,-7.30080842,-6.910274595,6.37978275,5.821221785,6.941590065
"Marchman::1523",564,2,-6.8238762,-7.21615722,-6.45842109,10.7112985,9.988089705,11.5617641
"Marchman::1524",565,2,-8.00854245,-8.230218975,-7.79196829,16.4788215,15.43682245,17.51049095
"Marchman::1525",566,2,-10.6231685,-12.26810755,-9.632894245,14.6404465,11.2517816,20.29533325
"Marchman::1526",567,2,-9.7442771,-10.0445411,-9.467685155,3.86233585,3.3221869,4.454091875
"Marchman::1527",568,2,-9.2359555,-9.519650975,-8.96208992,11.1247295,10.0288525,12.26272475
"Marchman::1528",569,2,-8.84814145,-9.30058639,-8.45974453,9.42665035,8.46845301,10.57708995
"Marchman::1529",570,2,-9.0668087,-9.373665635,-8.81689228,13.5130015,10.43818775,18.08153205
"Marchman::153",571,2,-9.89267385,-10.4743899,-9.21070507,12.9731205,6.280538165,23.1855774
"Marchman::1530",572,2,-6.5294232,-7.002677185,-6.05576831,13.3489965,12.34786665,14.52017065
"Marchman::1531",573,2,-9.64796605,-9.9812737,-9.34181874,7.9225677,7.24740893,8.6195205
"Marchman::1532",574,2,-10.5259315,-12.28743405,-9.35762165,14.891526,11.69064705,19.69251435
"Marchman::1533",575,2,-8.95610715,-9.82297208,-8.35204438,13.9116595,11.84920325,16.9709407
"Marchman::1534",576,2,-8.05530035,-8.58970954,-7.66564674,11.767972,10.25129305,13.9042839
"Marchman::1535",577,2,-11.375324,-11.89803175,-10.90228195,17.5710135,15.47560915,19.7701919
"Marchman::1536",578,2,-8.6934487,-8.916434295,-8.479026865,7.2536425,6.22247263,8.272587355
"Marchman::1537",579,2,-5.49189365,-5.67594909,-5.300526585,-1.70543305,-2.276543135,-1.14750197
"Marchman::1538",580,2,-7.6657105,-8.304936185,-7.167673355,14.0011255,12.76919305,15.64627015
"Marchman::1539",581,2,-9.03310155,-9.34324904,-8.744032045,18.473957,17.44985785,19.55229215
"Marchman::1540",582,2,-9.53792975,-11.202714,-8.474184725,17.863216,14.1520432,23.7332505
"Marchman::1541",583,2,-10.2211515,-10.5800403,-9.889909625,13.1019415,11.8462477,14.40862065
"Marchman::1542",584,2,-9.66033755,-9.97553142,-9.353352155,18.2879415,17.076631,19.5976324
"Marchman::1543",585,2,-9.9154809,-10.30315495,-9.56113433,15.270724,14.4087793,16.20347895
"Marchman::1544",586,2,-7.88115785,-8.092400365,-7.679385605,6.98047925,6.111391835,7.86793303
"Marchman::1545",587,2,-9.02703605,-9.66538128,-8.56128839,11.759686,10.16339265,13.957691
"Marchman::1546",588,2,-8.47365395,-8.92116989,-8.104294655,9.89956855,8.64391055,11.47847715
"Marchman::1547",589,2,-8.6966036,-9.081876805,-8.36619927,9.8174075,8.71120907,11.17850985
"Marchman::1548",590,2,-9.1087564,-9.32409545,-8.899196895,2.8425051,1.89041891,3.82754772
"Marchman::1549",591,2,-8.77022605,-9.923319405,-7.96463395,12.273129,10.66080765,14.5279108
"Marchman::1550",592,2,-9.1764179,-9.828210925,-8.688105795,8.39429955,7.423100015,9.660071765
"Marchman::1551",593,2,-9.99864295,-10.39290015,-9.657725335,16.224562,14.9157041,17.66873975
"Marchman::1552",594,2,-8.26309585,-8.45659539,-8.07914594,-1.55922465,-2.474819725,-0.663092891
"Marchman::1553",595,2,-8.3847089,-8.584376645,-8.197845035,4.9792104,4.41557183,5.61349896
"Marchman::1554",596,2,-7.78470065,-7.99856331,-7.58221899,1.0876117,0.163271614,2.04974019
"Marchman::1555",597,2,-11.4094055,-13.0291468,-10.40174835,11.152057,7.687288415,16.78484865
"Marchman::1556",598,2,-7.68303095,-8.04680148,-7.374736815,8.60664675,8.026219395,9.283233725
"Marchman::1557",599,2,-10.241712,-12.2205308,-8.93812569,15.600057,13.0696023,19.5490854
"Marchman::1558",600,2,-13.8476795,-15.1452758,-12.82958925,23.9037045,21.75126205,26.5201539
"Marchman::1559",601,2,-10.083533,-10.48861445,-9.760534765,5.7896549,4.714013865,7.1247744
"Marchman::156",602,2,-14.0938425,-15.4915433,-13.1214877,5.6507096,1.6151038,11.3206582
"Marchman::1560",603,2,-10.6674525,-11.21551755,-10.18718185,21.231276,19.469178,23.2046128
"Marchman::1561",604,2,-9.1290088,-9.36995314,-8.888294355,6.18156915,5.2274401,7.15622403
"Marchman::1562",605,2,-7.9517878,-8.50436974,-7.50699455,10.230666,9.349076325,11.33745615
"Marchman::1564",606,2,-8.08104895,-8.44279502,-7.77485348,10.757106,9.725414945,11.98120355
"Marchman::1565",607,2,-5.6864232,-5.820362935,-5.553898835,4.5185985,4.13068436,4.90456399
"Marchman::1566",608,2,-9.6849621,-10.2768454,-9.239798605,10.1019945,8.55056032,12.165139
"Marchman::1567",609,2,-10.0823585,-10.82534655,-9.57295422,7.41005105,6.41078145,8.82647073
"Marchman::1568",610,2,-7.41751645,-7.768678005,-7.108086855,10.773686,10.04564085,11.56387495
"Marchman::1569",611,2,-8.01219825,-8.23483995,-7.793256995,2.26782075,1.29777595,3.26437162
"Marchman::157",612,2,-13.9365145,-15.2521849,-12.8729113,15.0048645,11.22591475,19.7157462
"Marchman::1570",613,2,-8.3186135,-8.61571156,-8.060168775,6.9441447,6.439951,7.53188874
"Marchman::1571",614,2,-9.83365305,-10.23140715,-9.48092917,13.4019575,12.59579685,14.2641396
"Marchman::1572",615,2,-10.106655,-10.60154935,-9.668427045,9.61304925,8.72388249,10.60720555
"Marchman::1573",616,2,-9.93733405,-10.29534765,-9.626783405,8.59351565,7.485470495,9.83471651
"Marchman::1574",617,2,-10.82359,-11.2581103,-10.41911695,15.7701285,14.02710035,17.581216
"Marchman::1575",618,2,-10.1980475,-10.5041675,-9.92585128,2.6679234,2.03918765,3.324501285
"Marchman::1576",619,2,-7.38727735,-7.590369705,-7.184279295,12.688338,11.86384015,13.5201299
"Marchman::1577",620,2,-7.8542492,-8.32710121,-7.495536065,13.479781,12.0483249,15.31711145
"Marchman::1578",621,2,-7.6300606,-7.82187476,-7.441795165,8.4121445,7.61229155,9.20568496
"Marchman::1579",622,2,-10.030748,-12.11128265,-8.592702155,14.6623325,11.83755835,18.7175937
"Marchman::158",623,2,-11.1211595,-11.60096805,-10.6930714,5.49598265,2.21854768,9.09752111
"Marchman::1580",624,2,-10.6485505,-11.1382019,-10.2353272,10.688703,9.830233275,11.67300815
"Marchman::1581",625,2,-12.0216845,-12.9130642,-11.30882425,15.7924175,14.3613398,17.56376555
"Marchman::1582",626,2,-9.25458455,-9.61597511,-8.96175992,8.37111245,7.173165585,9.82066085
"Marchman::1583",627,2,-10.6728975,-11.0517587,-10.33996645,3.73975945,2.31093393,5.27805552
"Marchman::1584",628,2,-8.54341555,-9.127604695,-8.06960286,10.8590795,9.939681815,12.0079053
"Marchman::1585",629,2,-11.146971,-11.68472645,-10.67805675,9.3899073,8.41899311,10.48285745
"Marchman::1586",630,2,-9.5265579,-9.817426595,-9.255167795,4.45663345,-1.87682111,10.8661794
"Marchman::1587",631,2,-10.565673,-10.85677655,-10.29437215,1.8474262,1.076027955,2.65121582
"Marchman::1588",632,2,-8.91006815,-9.17305382,-8.653121095,3.56158505,2.47142465,4.691977595
"Marchman::1589",633,2,-8.3099436,-8.692866925,-7.98766755,10.181385,9.182611195,11.30337065
"Marchman::159",634,2,-11.8065165,-12.4293957,-11.28987635,6.5974145,2.67871704,11.44077535
"Marchman::1590",635,2,-9.92496555,-10.24677375,-9.645472905,2.497706,1.618026005,3.41528939
"Marchman::1591",636,2,-9.93560735,-10.9645344,-9.26301073,9.55989095,7.91443949,12.08316135
"Marchman::1592",637,2,-10.3292,-10.98592055,-9.686225455,-2.47227905,-8.975695915,4.15217627
"Marchman::1593",638,2,-8.56534735,-9.077715125,-8.11991794,10.164207,9.288668305,11.14970685
"Marchman::1594",639,2,-9.67915865,-10.00052085,-9.389300145,18.9634045,17.5927528,20.36880895
"Marchman::1595",640,2,-8.51593905,-8.75641657,-8.281869405,8.89264595,8.323294085,9.4920111
"Marchman::1596",641,2,-9.18498575,-9.6886282,-8.76365885,8.5675719,7.711965385,9.57389177
"Marchman::1597",642,2,-9.4992326,-9.79479155,-9.227521935,12.8103405,12.1117982,13.54639665
"Marchman::1598",643,2,-9.5585815,-9.92336213,-9.23936902,15.387678,14.5263702,16.2912712
"Marchman::1599",644,2,-11.774911,-12.36289625,-11.2301055,12.967991,11.8540822,14.154178
"Marchman::16",645,3,-10.869701,-11.154159,-10.61496465,15.6396405,10.774528,20.9258248
"Marchman::1600",646,2,-8.44784295,-8.80749091,-8.117615675,8.20887805,7.566785465,8.94492026
"Marchman::1601",647,2,-9.751653,-10.03606155,-9.47809439,4.35855165,3.649929795,5.149265015
"Marchman::1602",648,2,-10.5863695,-10.99524935,-10.2097268,15.519007,14.44149755,16.6880495
"Marchman::1603",649,2,-7.03943475,-7.288112425,-6.81752523,10.576478,9.60708787,11.6836651
"Marchman::1604",650,2,-10.5560275,-10.9979508,-10.150623,10.9439925,10.02525925,11.93158345
"Marchman::1605",651,2,-9.76859745,-10.12226895,-9.44360933,10.783652,10.0707051,11.5395492
"Marchman::1606",652,2,-8.7941952,-9.046484285,-8.557040395,10.783445,9.96419663,11.655783
"Marchman::1607",653,2,-9.1508448,-9.433940655,-8.8947299,8.820306,8.209904525,9.44392367
"Marchman::1608",654,2,-7.11710125,-7.362942765,-6.899587205,10.3723955,9.55715151,11.25470605
"Marchman::1609",655,2,-6.6842322,-6.85985564,-6.5104088,5.0533236,4.48518153,5.59356578
"Marchman::161",656,2,-12.4823355,-13.1797542,-11.88686145,1.3134485,-1.144693225,4.06153617
"Marchman::1611",657,2,-10.5605965,-11.4501654,-9.951012815,9.83496385,7.77875875,13.0001076
"Marchman::1612",658,2,-8.006209,-8.261065215,-7.77433908,5.8846555,5.440515715,6.37704578
"Marchman::1614",659,2,-11.226981,-11.7492928,-10.7845234,13.9987485,13.0526919,15.0705207
"Marchman::1615",660,2,-7.3272167,-7.520831385,-7.13283037,9.06504885,8.51360965,9.65308311
"Marchman::1616",661,2,-6.9117729,-7.220852475,-6.636950435,10.923289,10.2070695,11.66664825
"Marchman::1617",662,2,-7.75670725,-7.932475745,-7.594339055,6.0538617,5.516888905,6.634811235
"Marchman::1618",663,2,-9.1228766,-9.755921495,-8.629755935,10.288947,9.279837865,11.5729391
"Marchman::1619",664,2,-9.7009839,-10.0370029,-9.39007884,7.89594155,7.23978585,8.606225955
"Marchman::162",665,2,-10.956707,-11.31531385,-10.63930035,2.0536708,1.068669445,3.114162155
"Marchman::1620",666,2,-9.2981686,-9.709487055,-8.967016215,7.3946945,6.416698115,8.656297715
"Marchman::1621",667,2,-8.4872196,-8.69976526,-8.280629635,1.82406485,1.097833925,2.541289425
"Marchman::1622",668,2,-6.90471545,-7.09899286,-6.71037593,10.666209,9.888180795,11.56279315
"Marchman::1623",669,2,-11.073677,-13.07420315,-9.808784145,12.7462205,10.2702539,16.69673965
"Marchman::1624",670,2,-8.79810025,-9.07566861,-8.53616619,6.3271505,5.59668871,7.15661362
"Marchman::1625",671,2,-11.601704,-13.43063045,-10.47352435,10.132991,7.35489926,14.6453761
"Marchman::1626",672,2,-10.154646,-10.5685898,-9.79476251,12.2388475,11.46876945,13.11057935
"Marchman::1627",673,2,-8.2871852,-8.72882208,-7.936103695,11.500521,10.2978751,13.0427111
"Marchman::1628",674,2,-8.3773777,-8.598589785,-8.159046205,11.384543,10.538553,12.28080875
"Marchman::1629",675,2,-9.9591173,-10.60098105,-9.50831208,9.35175035,7.78102486,11.5367737
"Marchman::163",676,2,-9.31709065,-9.72847869,-8.912452425,10.180716,7.218041365,13.6222372
"Marchman::1630",677,2,-9.012004,-9.289723195,-8.757434215,13.983735,12.98903765,15.0048649
"Marchman::1631",678,2,-10.3589995,-11.2366349,-9.7781053,10.305213,8.238708185,13.37356175
"Marchman::1632",679,2,-7.5590435,-7.817739645,-7.319576885,9.81763355,9.01750779,10.69329885
"Marchman::1633",680,2,-12.195549,-12.9229642,-11.56248535,24.5554535,21.96482765,27.58537875
"Marchman::1634",681,2,-6.1597385,-6.317797815,-5.99332756,7.06913855,6.232941885,7.94876882
"Marchman::1635",682,2,-9.72983385,-10.5573408,-9.133930015,9.93460745,8.67397284,11.6773841
"Marchman::1636",683,2,-9.2850339,-9.69349879,-8.92425842,7.26664355,6.5100635,8.109832325
"Marchman::1637",684,2,-8.9017735,-9.117864825,-8.70224653,4.9322164,4.20510912,5.70819629
"Marchman::1638",685,2,-11.13751,-12.66853265,-10.15254565,13.0661085,9.69125039,18.37973575
"Marchman::1639",686,2,-9.3749478,-9.930362395,-8.856830915,0.193253065,-5.315498055,5.84302196
"Marchman::164",687,2,-7.4706705,-7.730581415,-7.217790915,6.2739725,4.620007055,8.040781665
"Marchman::1640",688,2,-5.9267366,-6.747661325,-4.99618026,18.5850535,16.614393,21.06727395
"Marchman::1641",689,2,-8.15547955,-8.375286065,-7.95201849,8.57685995,7.99301798,9.173409105
"Marchman::1642",690,2,-8.6753842,-9.001827305,-8.402919435,9.82202475,8.56761326,11.3741626
"Marchman::1643",691,2,-7.7258473,-8.08463594,-7.358597885,37.3509485,33.87752015,42.25498425
"Marchman::1644",692,2,-9.01220515,-9.406804555,-8.6856456,6.92830795,6.1205969,7.92732693
"Marchman::1645",693,2,-7.36890745,-7.75805663,-6.971143935,10.6831325,8.67605893,12.99480845
"Marchman::1646",694,2,-8.70514105,-8.99885027,-8.43964694,5.51569065,4.965913585,6.118366415
"Marchman::1647",695,2,-9.9167973,-10.28614565,-9.60677278,7.4046944,6.00443129,9.212359805
"Marchman::1648",696,2,-9.60049385,-9.93248239,-9.305903035,15.3546035,14.0253601,16.78552475
"Marchman::1649",697,2,-7.64495855,-7.800833265,-7.4917497,5.7289785,5.085922795,6.40714765
"Marchman::165",698,2,-8.86422155,-9.100685415,-8.63736828,19.343136,15.5667674,23.6393995
"Marchman::1650",699,2,-7.1779656,-7.35990469,-7.00129,0.30559897,-0.283313848,0.86116458
"Marchman::1651",700,2,-9.69333745,-10.2611654,-9.302453845,10.163065,7.797367625,13.64632625
"Marchman::1652",701,2,-10.450858,-12.38681165,-9.28422098,13.5272075,10.3420495,18.74532025
"Marchman::1653",702,2,-8.14442655,-9.234135405,-7.37907347,13.657633,12.0409631,15.9481661
"Marchman::1654",703,2,-7.7153958,-8.09265171,-7.41925495,11.4072975,10.00053279,13.23544915
"Marchman::1655",704,2,-10.60546,-12.61643415,-9.35981419,14.252058,11.80381945,18.11104065
"Marchman::1656",705,2,-11.1759025,-12.6963236,-10.21792855,11.5857825,8.233138,16.8620058
"Marchman::1657",706,2,-8.07275435,-8.251665635,-7.89663735,5.52902995,4.94966758,6.13039179
"Marchman::1658",707,2,-7.53070755,-7.723364025,-7.336426585,4.1326331,3.65034084,4.639867795
"Marchman::1659",708,2,-13.368707,-14.5075541,-12.5006663,21.7239935,19.82035065,24.1320626
"Marchman::166",709,2,-8.60656735,-8.87970338,-8.348869175,5.49986365,4.325249825,6.88490261
"Marchman::1660",710,2,-3.86170365,-4.158202315,-3.56527392,-2.1722271,-2.83786965,-1.515745235
"Marchman::1661",711,2,-8.9716147,-9.65192557,-8.43364354,10.676845,9.64863114,11.98609605
"Marchman::1662",712,2,-9.41188795,-9.70711669,-9.13654954,28.2448045,26.56746665,29.9583595
"Marchman::1663",713,2,-7.46250865,-7.609080995,-7.325144395,21.8471835,19.28873895,24.41092175
"Marchman::1664",714,2,-10.035197,-10.3951325,-9.719673645,22.6895665,20.8755713,24.5285819
"Marchman::1665",715,2,-10.0879955,-10.3965279,-9.802753995,6.60000375,4.80259616,8.87194596
"Marchman::1666",716,2,-8.01925945,-8.21420285,-7.832199145,23.584718,21.6106119,25.6066151
"Marchman::1667",717,2,-9.2707751,-9.690508025,-8.92540289,6.89313115,6.024527595,7.91032791
"Marchman::1668",718,2,-8.8372022,-9.35047626,-8.393640395,9.4224777,8.56091747,10.4470968
"Marchman::1669",719,2,-9.08875355,-9.33675839,-8.85004057,3.12326965,2.5734302,3.692057205
"Marchman::167",720,2,-11.8465505,-12.5027354,-11.2558028,-2.01186,-4.03910808,-0.011264401130001
"Marchman::1670",721,2,-9.609228,-10.06530545,-9.214988165,6.9525389,6.16869421,7.839214995
"Marchman::1671",722,2,-10.022231,-10.9060669,-9.4221756,11.1701575,9.0914039,14.2781571
"Marchman::1672",723,2,-10.9529025,-11.4135682,-10.5382872,18.236997,16.6819854,19.93526815
"Marchman::1673",724,2,-9.52371925,-10.01285005,-9.13579182,9.2691461,7.95560564,10.91485235
"Marchman::1674",725,2,-11.719392,-12.34531455,-11.18891785,19.7610555,18.5191265,21.11702355
"Marchman::1675",726,2,-11.6954135,-12.45546325,-11.0496764,17.010288,15.6874138,18.48407855
"Marchman::1676",727,2,-8.69552665,-9.40927881,-8.181864305,12.5645815,11.20048225,14.43351005
"Marchman::1677",728,2,-8.35525125,-8.757277085,-8.034026215,11.333912,10.03791845,12.948165
"Marchman::1678",729,2,-9.8716315,-10.58764155,-9.33805558,9.5726653,8.24665422,11.35844735
"Marchman::1679",730,2,-8.8741573,-9.390858675,-8.448185555,10.016298,9.069561805,11.2212758
"Marchman::1680",731,2,-8.9458663,-9.594548565,-8.49456066,11.91572,10.36577205,14.188553
"Marchman::1681",732,2,-8.99590645,-10.0972202,-8.2426075,13.876494,12.29833305,16.18846655
"Marchman::1682",733,2,-6.37242675,-6.6114487,-6.135032785,12.7359045,11.91697635,13.6585309
"Marchman::1683",734,2,-8.46479015,-8.96554619,-8.08558911,9.8905866,8.75897847,11.3559328
"Marchman::1684",735,2,-7.7382572,-7.938900915,-7.53593626,6.26169165,5.779052825,6.741393085
"Marchman::1685",736,2,-13.74065,-14.9746632,-12.7800359,19.49644,16.10659445,23.71308755
"Marchman::1686",737,2,-10.155602,-10.61765615,-9.743346565,22.0034495,20.4553844,23.6623456
"Marchman::1687",738,2,-8.0706879,-10.0077081,-6.82227969,20.5008675,16.2375565,27.2589192
"Marchman::1688",739,2,-8.7812251,-9.042540345,-8.526982175,7.7029048,6.64599953,8.79393669
"Marchman::1689",740,2,-10.132812,-12.16972995,-8.82040564,16.0815345,13.49848305,20.04785475
"Marchman::169",741,2,-10.7975895,-11.222436,-10.4015068,4.3665316,2.600323115,6.543643085
"Marchman::1690",742,2,-13.56279,-14.8342919,-12.5736589,12.33218,10.3946304,14.85979265
"Marchman::1691",743,2,-8.93302965,-9.426632685,-8.51561578,9.1905797,8.352641005,10.1580114
"Marchman::1692",744,2,-7.49189615,-7.690822925,-7.285426485,0.29267883,-0.2214246225,0.8202681035
"Marchman::1693",745,2,-9.15306275,-9.642382855,-8.74340464,8.62126725,7.81822931,9.613484485
"Marchman::1694",746,2,-8.8249952,-9.07186368,-8.57785144,-0.2236086,-1.37169124,0.9720447955
"Marchman::1695",747,2,-10.0144795,-12.0318868,-8.763367705,16.3302095,13.6769715,20.5695372
"Marchman::1696",748,2,-5.4979833,-5.96890185,-5.032072945,17.7668535,16.4629767,19.2939446
"Marchman::1698",749,2,-9.58025985,-9.852534355,-9.31501829,-1.66303555,-2.485213365,-0.836181806
"Marchman::1699",750,2,-10.461892,-12.4987518,-9.16066436,12.957571,10.4130082,16.9436205
"Marchman::17",751,3,-9.8836593,-10.15801495,-9.62994855,10.3955725,7.354387725,14.15994705
"Marchman::170",752,2,-10.049631,-10.6260753,-9.62457308,9.16983385,7.474882085,11.51937665
"Marchman::1700",753,2,-12.076845,-12.96221805,-11.3761315,15.001683,13.2429756,17.2034928
"Marchman::1701",754,2,-11.738374,-13.6160968,-10.5625059,10.4739915,8.18659823,14.1199359
"Marchman::1702",755,2,-10.74056,-11.1919377,-10.3425665,20.0369035,18.55909095,21.6575395
"Marchman::1703",756,2,-9.74266885,-10.00668625,-9.500151015,6.16304265,4.587898585,7.92839664
"Marchman::1704",757,2,-9.43398945,-9.885639475,-9.06567517,7.85519695,6.633357145,9.41321819
"Marchman::1705",758,2,-9.9114653,-11.6708135,-8.878068685,14.90531,11.33123775,20.96949435
"Marchman::1706",759,2,-10.04419,-10.38095775,-9.7185055,13.6543405,12.1711471,15.2235488
"Marchman::1707",760,2,-8.16222065,-8.52342891,-7.840485665,8.9307929,8.25010527,9.641703765
"Marchman::1708",761,2,-7.52203925,-7.709220585,-7.332277665,7.52807215,6.91071642,8.153836275
"Marchman::1709",762,2,-8.98382275,-9.246471995,-8.72851247,-0.20856653,-0.887111633,0.476836064
"Marchman::1710",763,2,-9.424704,-9.679753945,-9.186964715,4.2150059,3.57375441,4.89211046
"Marchman::1711",764,2,-8.69120195,-8.93187739,-8.44624083,9.6389135,9.06767207,10.21675695
"Marchman::1712",765,2,-8.9892631,-9.21623311,-8.772048745,8.78387905,7.07623746,11.0148651
"Marchman::1713",766,2,-11.318201,-11.83110775,-10.85532,24.199005,22.265666,26.351902
"Marchman::1714",767,2,-7.79140955,-8.277539345,-7.38444795,9.96548945,9.16499712,10.8910372
"Marchman::1715",768,2,-9.68055775,-9.98546993,-9.39215767,18.074675,16.71898475,19.46591335
"Marchman::1716",769,2,-8.29511565,-8.51539587,-8.088602135,4.67512055,4.14647341,5.22350768
"Marchman::1717",770,2,-9.84784865,-12.0135328,-8.371657605,15.4931175,12.4410982,20.0216533
"Marchman::1718",771,2,-13.8723095,-15.2349935,-12.8164991,22.0569595,19.9083581,24.7627135
"Marchman::1719",772,2,-7.56173675,-7.95117046,-7.270156315,12.738708,11.0123863,15.08197025
"Marchman::172",773,2,-11.2827285,-11.683021,-10.9220922,1.81299715,0.6552520415,3.08978731
"Marchman::1720",774,2,-6.921412,-7.050893735,-6.79191707,5.43544575,3.190400815,7.70971188
"Marchman::1721",775,2,-10.959587,-12.83047005,-9.732919765,13.250722,10.6734575,17.14155625
"Marchman::1722",776,2,-9.1589448,-9.47871771,-8.875481305,6.792946,6.014887185,7.68825742
"Marchman::1723",777,2,-7.7643806,-8.09806335,-7.49171751,8.44724635,7.73887078,9.249533755
"Marchman::1724",778,2,-9.8391538,-10.17943435,-9.534337885,15.718674,14.8312901,16.61523405
"Marchman::1725",779,2,-8.9466032,-10.1532193,-8.168044505,11.7726515,10.2200069,14.13856145
"Marchman::1726",780,2,-10.656664,-11.126308,-10.22820775,10.732152,9.86829214,11.6734667
"Marchman::1727",781,2,-7.8293131,-8.06823798,-7.59859781,7.0979227,6.632089625,7.589454665
"Marchman::1728",782,2,-8.0160593,-8.37765967,-7.69732257,9.29701525,8.65475645,10.0394629
"Marchman::1729",783,2,-6.82485935,-7.01829965,-6.61897011,7.2279814,6.672153655,7.796240225
"Marchman::173",784,2,-8.57547915,-8.7947449,-8.368288605,20.429563,15.33583225,27.73790115
"Marchman::1730",785,2,-8.27290295,-8.97039568,-7.746225145,12.4492815,11.34061455,13.92726305
"Marchman::1731",786,2,-5.40141335,-5.607810705,-5.19126879,2.9798238,1.9363617,4.08513075
"Marchman::1732",787,2,-10.5489875,-12.4563344,-9.3393781,12.9223895,10.1448953,17.1919634
"Marchman::1733",788,2,-8.5944074,-9.4244772,-8.07012986,14.8074215,12.66939465,18.1262924
"Marchman::1734",789,2,-12.669146,-13.5178841,-11.9276049,27.867159,24.17309835,32.25815885
"Marchman::1735",790,2,-6.42449575,-6.6780933,-6.200010925,12.593688,11.77830055,13.5199185
"Marchman::1736",791,2,-8.0519411,-8.581602325,-7.653936145,12.964305,11.5973497,14.7605631
"Marchman::1737",792,2,-8.15461715,-8.37704248,-7.94043616,14.6596095,13.61884775,15.68307475
"Marchman::1738",793,2,-9.92178155,-11.44080975,-8.959579735,15.09807,11.1496049,21.324167
"Marchman::1739",794,2,-9.7030184,-11.26809085,-8.77909337,17.2158955,13.48768665,23.60670235
"Marchman::174",795,2,-11.008145,-11.62287475,-10.447609,4.69218045,1.50215102,8.171791345
"Marchman::1740",796,2,-9.1286969,-9.40354777,-8.87395196,18.1364925,16.3385543,20.08310785
"Marchman::1741",797,2,-7.9329548,-8.138691995,-7.74731801,6.8837814,6.2077545,7.628709765
"Marchman::1742",798,2,-7.2844606,-7.456464275,-7.11531054,5.21538925,4.358912515,6.063087165
"Marchman::1743",799,2,-8.0216851,-8.2355339,-7.8119709,18.1501305,17.001675,19.3511198
"Marchman::1744",800,2,-7.8352123,-8.090563415,-7.608512365,7.7329321,7.087156455,8.481385705
"Marchman::1745",801,2,-8.4390828,-8.674330275,-8.2077226,5.47035065,4.83778179,6.12870455
"Marchman::1746",802,2,-9.6900629,-9.916758125,-9.477254025,3.30632985,2.439001385,4.23377121
"Marchman::1747",803,2,-7.2322623,-7.438228355,-7.023962285,0.51058568,-0.4203321525,1.427452905
"Marchman::1748",804,2,-7.9857802,-8.2851492,-7.722213045,7.21028805,6.65534076,7.827331655
"Marchman::1749",805,2,-8.5668275,-8.823508695,-8.312490595,12.7682235,12.07909195,13.48347415
"Marchman::175",806,2,-8.37800055,-8.67192267,-8.08516681,9.2317022,7.07150335,12.0557073
"Marchman::1750",807,2,-9.246767,-9.57856216,-8.97303093,7.53501045,6.30992467,9.06814602
"Marchman::1751",808,2,-10.520603,-10.9465992,-10.1445291,7.3767268,6.5470389,8.257716135
"Marchman::1752",809,2,-10.856142,-11.9474767,-10.17080815,14.226165,9.942068045,21.482828
"Marchman::1753",810,2,-8.8003897,-9.052878085,-8.559632055,10.28919,9.645617535,10.93898765
"Marchman::1754",811,2,-11.9453885,-13.68904665,-10.9120083,8.9940101,6.449026995,13.247308
"Marchman::1755",812,2,-9.66484515,-9.90812534,-9.428608835,5.20501085,4.096250005,6.46328411
"Marchman::1756",813,2,-7.89454145,-8.10555745,-7.675602515,11.993132,11.26627645,12.7437593
"Marchman::1757",814,2,-6.1476008,-6.3460829,-5.949543335,5.0644477,3.444360675,6.64526069
"Marchman::1758",815,2,-7.9922586,-8.19519911,-7.80607348,9.56649575,8.638361195,10.5442549
"Marchman::1759",816,2,-9.3845361,-10.0087173,-8.95122086,12.8403395,10.2269176,16.88981145
"Marchman::176",817,2,-10.9105845,-11.3420151,-10.5056717,4.85005495,2.31965669,7.71422664
"Marchman::1760",818,2,-10.3588485,-10.7020687,-10.064387,3.1184942,2.39775907,3.93912516
"Marchman::1761",819,2,-10.1739315,-10.58375145,-9.805802715,13.326692,12.2819742,14.48776745
"Marchman::1762",820,2,-8.60236655,-8.84790569,-8.3664819,7.12730535,6.25540131,8.02176824
"Marchman::1763",821,2,-7.65342245,-7.85898916,-7.453693805,6.68193625,6.24788332,7.14317198
"Marchman::1764",822,2,-5.8179387,-5.971255055,-5.667998295,1.84131915,0.631993431,3.014814485
"Marchman::1765",823,2,-8.92061925,-9.18787494,-8.66494984,11.324706,10.41195895,12.2353741
"Marchman::1766",824,2,-9.762618,-10.0560164,-9.486775505,6.47925295,5.167610335,8.07375456
"Marchman::1767",825,2,-9.23028925,-9.47917504,-9.01128611,31.564065,27.5751284,35.7678506
"Marchman::1768",826,2,-9.3391711,-9.66438998,-9.06074352,8.19181115,6.92768231,9.70412456
"Marchman::1769",827,2,-9.37115425,-9.62765744,-9.12858561,-0.548434365,-1.699654285,0.600206555499999
"Marchman::177",828,2,-9.4103318,-9.685453035,-9.140541855,8.70990485,6.559572495,11.39486925
"Marchman::1770",829,2,-10.051725,-11.7870187,-8.962370695,14.8045895,11.0730751,20.92785585
"Marchman::1771",830,2,-7.44106235,-7.804874895,-7.13043371,9.78906215,9.02810786,10.6640067
"Marchman::1772",831,2,-8.81483585,-9.074840285,-8.56605733,23.310407,21.49556275,25.16912495
"Marchman::1773",832,2,-11.46964,-12.11567215,-10.96014815,5.49395285,3.98999834,7.506194445
"Marchman::1774",833,2,-8.1005295,-8.27524859,-7.930303965,4.2979258,3.820513935,4.772262285
"Marchman::1775",834,2,-6.49299365,-6.69766116,-6.284797195,4.2474262,3.688418345,4.822409035
"Marchman::1776",835,2,-9.2796263,-9.545662,-9.04354772,6.8601472,5.808556165,8.034537755
"Marchman::1777",836,2,-9.95449375,-10.29892475,-9.63567533,1.84204785,0.409597619,3.32411616
"Marchman::1778",837,2,-9.95771785,-10.24638825,-9.682697275,2.90412835,1.26289877,4.65017794
"Marchman::1779",838,2,-7.8013367,-8.21212012,-7.47690392,13.5670895,12.0065392,15.60115865
"Marchman::178",839,2,-10.0821935,-10.6745381,-9.386354845,13.106451,6.001170535,23.3371448
"Marchman::1780",840,2,-9.51129635,-10.21435245,-8.99163059,10.485965,9.08234476,12.3780684
"Marchman::1781",841,2,-9.5176312,-9.851609985,-9.21339874,10.999025,10.2395846,11.85818215
"Marchman::1782",842,2,-5.43197655,-5.67744359,-5.19554947,11.624508,10.9016268,12.3883184
"Marchman::1783",843,2,-7.54898455,-7.7591515,-7.339685425,10.498246,9.7396163,11.26096775
"Marchman::1784",844,2,-7.299512,-7.8284468,-6.880486885,14.876341,13.46247205,16.74430705
"Marchman::1785",845,2,-8.74837725,-9.57879386,-8.203380865,14.4465775,12.22318795,17.82164175
"Marchman::1786",846,2,-11.0294955,-11.58619215,-10.5820999,13.4545585,7.8017418,22.25404085
"Marchman::1787",847,2,-9.5943878,-10.3131753,-9.13461566,10.3422485,8.17002168,13.83111385
"Marchman::1788",848,2,-7.7489353,-8.16787418,-7.458204775,14.0002925,11.62241905,17.80552185
"Marchman::1789",849,2,-9.8673417,-10.18898365,-9.55041281,8.36473255,5.898930405,10.84230715
"Marchman::1790",850,2,-11.9533955,-13.687301,-10.89754585,10.7069045,7.48408611,15.9599066
"Marchman::1791",851,2,-8.7726825,-9.88821445,-8.021450515,12.1921935,10.6153284,14.5097054
"Marchman::1792",852,2,-11.3621035,-11.87552765,-10.8776961,52.4573745,49.18441065,56.0997489
"Marchman::1793",853,2,-10.6965645,-11.5728567,-10.1363157,13.6649415,8.6282148,21.8592846
"Marchman::1794",854,2,-12.0041045,-12.54039825,-11.54251625,4.41168975,2.370988075,7.22380367
"Marchman::1795",855,2,-10.0591015,-10.46969125,-9.725287845,8.77348755,7.2132634,10.738864
"Marchman::1796",856,2,-10.4343605,-10.8587319,-10.09081675,5.4440154,4.38328141,6.704481785
"Marchman::1797",857,2,-8.6095155,-9.00127876,-8.278576645,11.718126,10.5461459,13.071318
"Marchman::1798",858,2,-7.88411225,-8.15885284,-7.60995273,8.2754386,7.713568485,8.86350749
"Marchman::1799",859,2,-9.52767345,-9.8372114,-9.244572485,11.707827,10.87618435,12.55153015
"Marchman::18",860,3,-10.2098585,-10.5074562,-9.95889893,6.82136585,4.66879755,9.809778635
"Marchman::180",861,2,-9.74639545,-10.06186105,-9.46269813,11.13103,9.55334725,12.77800955
"Marchman::1800",862,2,-13.4984585,-14.67583375,-12.5497357,16.097466,14.0649313,18.5678129
"Marchman::1801",863,2,-9.1972859,-9.655301075,-8.796683395,7.9721804,7.194386065,8.919804365
"Marchman::1802",864,2,-11.2316425,-13.10373595,-10.07892845,12.6620585,9.82753469,17.2321537
"Marchman::1803",865,2,-8.68682045,-9.796852075,-8.015815835,19.5195395,15.1694667,26.6231243
"Marchman::1804",866,2,-8.6024085,-8.90364587,-8.336821805,8.53129245,7.639477025,9.56586989
"Marchman::1805",867,2,-10.6151265,-11.00831865,-10.27555055,5.0124146,3.811701335,6.526708655
"Marchman::1806",868,2,-8.8628133,-9.177112,-8.594977025,7.72345335,6.687818545,8.93668758
"Marchman::1807",869,2,-7.25427965,-7.520265465,-7.00110562,19.1548535,18.04991745,20.30736065
"Marchman::1808",870,2,-8.42364685,-8.7096521,-8.170655115,17.374768,15.7594651,19.1976386
"Marchman::1809",871,2,-9.18627775,-9.438913125,-8.946564135,1.10432995,-0.978007542,3.126244925
"Marchman::181",872,2,-10.6672075,-10.99857445,-10.35898405,3.20217705,1.97208733,4.636609745
"Marchman::1810",873,2,-9.8274973,-10.0655533,-9.59930835,16.0190515,12.11105245,20.1517722
"Marchman::1811",874,2,-7.8914352,-8.084144365,-7.707769235,42.1518865,36.1936399,48.2145032
"Marchman::1812",875,2,-8.15727295,-8.373290245,-7.939408755,7.09317565,6.558323575,7.646520665
"Marchman::1813",876,2,-9.09132625,-9.363282685,-8.84788395,29.4562555,25.37394215,34.03741875
"Marchman::1814",877,2,-10.0173745,-10.44787975,-9.63491707,23.8711015,21.91015535,26.0027813
"Marchman::1815",878,2,-9.73748945,-10.1236404,-9.382577305,15.677423,14.1654257,17.3061937
"Marchman::1816",879,2,-8.40412595,-8.567842435,-8.23576803,9.41146155,7.893057125,10.9445711
"Marchman::1817",880,2,-8.9018207,-9.13497314,-8.684281895,12.89428,6.932998125,18.87002535
"Marchman::1818",881,2,-9.51453425,-9.750607195,-9.296749315,17.9209825,14.69656,21.4409988
"Marchman::1819",882,2,-9.8668222,-10.256028,-9.518889995,9.8834657,9.08979025,10.72121265
"Marchman::182",883,2,-11.625337,-12.08334985,-11.20237305,5.191397,2.84479523,8.228473435
"Marchman::1820",884,2,-10.2597415,-10.80511605,-9.760860265,14.6322805,13.5570452,15.8412244
"Marchman::1821",885,2,-9.43049425,-9.735595765,-9.1568288,5.9142379,5.31068798,6.582754425
"Marchman::1822",886,2,-11.168125,-12.7644051,-10.13432685,17.052129,14.19725035,21.39964415
"Marchman::1823",887,2,-9.7404269,-10.04217895,-9.46532505,8.08181915,6.9098475,9.31392578
"Marchman::1824",888,2,-9.7791133,-10.10250205,-9.476344635,5.35874505,4.67542775,6.075082115
"Marchman::1825",889,2,-8.04270695,-8.287964715,-7.819821165,9.62752255,8.929333195,10.3685575
"Marchman::1826",890,2,-8.32356835,-8.510186475,-8.14605522,12.6072805,11.1177867,14.1120186
"Marchman::1827",891,2,-9.7985225,-10.08786085,-9.528225235,6.44263945,5.323344895,7.674225395
"Marchman::1828",892,2,-8.31412065,-8.68995425,-8.03423339,25.3827945,20.6984265,31.69910015
"Marchman::1829",893,2,-9.491679,-9.748700025,-9.26684185,6.9572434,5.7751369,8.198349775
"Marchman::183",894,2,-7.31496645,-8.092387165,-6.42809971,21.1652045,15.4975985,27.7669148
"Marchman::1830",895,2,-9.9019974,-10.4216916,-9.51313469,17.062695,13.73607995,21.81117665
"Marchman::1831",896,2,-10.48908,-10.7737093,-10.22950185,0.514379595,-0.7649618595,1.80233579
"Marchman::1832",897,2,-7.0543709,-7.19658839,-6.914538005,2.48121645,1.983388145,2.97346072
"Marchman::1833",898,2,-7.28120405,-7.53859023,-7.03726402,13.7764635,12.6814476,15.03761735
"Marchman::1834",899,2,-11.147153,-12.83595835,-9.971710285,17.2959605,14.60394385,21.15843975
"Marchman::1835",900,2,-8.7293596,-9.09481954,-8.408768445,14.601123,13.56608215,15.77630385
"Marchman::1836",901,2,-10.579664,-11.59820305,-9.87587912,11.6149075,9.876911095,14.1206597
"Marchman::1837",902,2,-11.672978,-13.23616335,-10.59533405,15.1170045,12.1633771,19.42837115
"Marchman::1838",903,2,-8.87145755,-9.17530957,-8.603435525,9.0017482,8.330641105,9.705386105
"Marchman::1839",904,2,-11.0311295,-11.52210175,-10.58263375,5.36983425,4.374743355,6.47255236
"Marchman::184",905,2,-10.859517,-11.4996845,-10.300782,5.74024855,2.457926845,9.53413372
"Marchman::1840",906,2,-9.48086315,-9.78848173,-9.206250555,8.5497356,7.43611126,9.8120561
"Marchman::1841",907,2,-9.85130045,-10.297659,-9.488171085,11.838059,10.51407,13.363428
"Marchman::1842",908,2,-7.827438,-7.996890815,-7.670626515,5.6478263,5.068424735,6.240067475
"Marchman::1843",909,2,-7.151728,-7.349778015,-6.96068017,17.700915,16.2021871,19.37375035
"Marchman::1844",910,2,-10.280274,-10.79180965,-9.84672608,8.3946379,7.306283005,9.621452935
"Marchman::1845",911,2,-9.2767603,-9.896237655,-8.79696781,15.518624,13.9184825,17.6849131
"Marchman::1846",912,2,-12.498902,-13.8590926,-11.5237986,14.106219,10.5923676,18.80078085
"Marchman::1847",913,2,-7.73770915,-7.95078801,-7.540289815,10.3006725,9.55065933,11.0920388
"Marchman::1848",914,2,-8.7494088,-9.02414566,-8.501414595,8.52406615,7.67311312,9.48347833
"Marchman::1849",915,2,-7.60352045,-7.80709485,-7.417916075,8.10157055,7.630146015,8.59503105
"Marchman::185",916,2,-12.139845,-12.84723225,-11.5293733,-3.17434925,-5.644139795,-0.747435914
"Marchman::1850",917,2,-10.336406,-10.9612499,-9.81642946,12.273711,11.17527755,13.6032914
"Marchman::1851",918,2,-8.96132645,-9.27925945,-8.664074155,9.836162,9.17519398,10.54145005
"Marchman::1852",919,2,-8.43318445,-8.6054107,-8.265898655,5.2572006,4.2334742,6.277989345
"Marchman::1853",920,2,-8.12315905,-8.392154925,-7.886384365,18.3286965,16.8314995,20.03372105
"Marchman::1854",921,2,-10.1289265,-10.5719486,-9.758349175,9.81873225,8.3268768,11.596517
"Marchman::1855",922,2,-11.019751,-12.43023585,-10.04751895,17.722817,14.3897849,22.573894
"Marchman::1856",923,2,-8.79673415,-8.97310725,-8.626078485,-2.0267365,-2.855757985,-1.23842116
"Marchman::1857",924,2,-7.0207196,-7.25397077,-6.813384585,25.0699935,22.10509025,28.8619271
"Marchman::1858",925,2,-8.1475163,-8.45313499,-7.87107714,10.951006,10.2926545,11.6744208
"Marchman::1859",926,2,-6.77519145,-6.9637699,-6.588076865,11.7302345,11.0147788,12.5126479
"Marchman::1860",927,2,-8.77257555,-9.01701667,-8.552259185,9.2336928,8.263855265,10.2541871
"Marchman::1861",928,2,-9.8016365,-11.07936575,-8.9525267,22.2854655,18.76290875,27.43663085
"Marchman::187",929,2,-10.3477315,-10.8698251,-9.87313171,1.7024326,0.3313776545,3.10239871
"Marchman::188",930,2,-9.9385908,-10.21542045,-9.67227896,5.0909737,3.741725355,6.676401015
"Marchman::189",931,2,-10.960701,-11.3475791,-10.57681105,0.98507642,-7.044912365,8.74243814
"Marchman::19",932,3,-7.65310515,-7.839182825,-7.468931095,18.2951815,16.9310567,19.73661415
"Marchman::190",933,2,-11.46478,-11.90901025,-11.06455645,5.9605034,3.36837791,9.432067985
"Marchman::191",934,2,-10.293042,-10.71067495,-9.94374124,13.3135475,10.35223105,17.08911
"Marchman::193",935,2,-9.8571635,-10.555336,-9.182861435,7.44677055,3.98770776,11.2020808
"Marchman::194",936,2,-12.276846,-13.2097291,-11.63183705,5.04851875,3.415851075,7.379999225
"Marchman::195",937,2,-6.01268005,-6.14014265,-5.88688642,-0.784835465,-1.11642299,-0.454480827
"Marchman::197",938,2,-9.63504235,-10.64960355,-8.508752565,15.677262,9.266016095,24.23198145
"Marchman::198",939,2,-10.4713785,-10.78614335,-10.1759252,2.2888034,1.438759655,3.23597099
"Marchman::199",940,2,-11.5125035,-12.1562804,-11.00520165,5.22468625,4.05960248,6.6906442
"Marchman::2",941,2,-8.39225465,-8.57162991,-8.216442435,8.9470107,7.08733094,10.89205055
"Marchman::20",942,2,-9.88289965,-10.1782936,-9.609350025,12.223935,5.161959035,19.2760885
"Marchman::200",943,2,-11.444065,-12.03502735,-10.89857725,-4.2247843,-6.38838415,-2.08946265
"Marchman::201",944,2,-9.18032025,-9.52964396,-8.86951082,7.5386714,6.854680285,8.29389699
"Marchman::202",945,2,-10.530438,-10.81570835,-10.25341685,2.83696525,1.1870649,4.581788825
"Marchman::203",946,2,-9.7253305,-10.0723614,-9.4383352,6.33468325,4.577616485,9.13389321
"Marchman::204",947,2,-12.410189,-13.07128385,-11.8894108,5.23446225,2.343624325,8.931706245
"Marchman::205",948,2,-9.71453775,-9.951966245,-9.486388185,7.3817696,5.65553812,9.225634195
"Marchman::206",949,2,-12.308371,-12.9843553,-11.7349797,1.17894265,-0.5147390435,3.011013255
"Marchman::207",950,2,-10.764313,-11.1905403,-10.36607245,-1.7785395,-3.454295635,-0.130271534000001
"Marchman::208",951,2,-10.3614635,-10.8027616,-10.01115235,3.60023615,2.78595182,4.641156635
"Marchman::209",952,2,-9.0818561,-9.70052097,-8.452843785,10.345306,6.981557145,14.47534985
"Marchman::21",953,3,-8.6283822,-8.777660315,-8.483780085,3.2145044,2.816076395,3.629606335
"Marchman::210",954,2,-10.8511505,-11.28418145,-10.4418105,0.29491134,-0.9498135865,1.57051107
"Marchman::211",955,2,-9.152984,-9.877428155,-8.429782195,9.05030015,4.97448575,13.5026979
"Marchman::212",956,2,-13.9223215,-15.445852,-12.71799095,-1.58738775,-4.040475215,0.832370223999999
"Marchman::213",957,2,-10.639949,-10.98734755,-10.3330411,2.73249775,1.91156668,3.62414675
"Marchman::214",958,2,-11.1830945,-12.4607975,-10.2806788,17.164119,13.4099337,22.42957945
"Marchman::215",959,2,-10.7571515,-11.74908975,-9.7500601,6.52411505,1.082368545,12.4317269
"Marchman::216",960,2,-12.1126085,-13.01866445,-11.3049646,-1.44317375,-4.1305047,1.248203605
"Marchman::217",961,2,-11.116628,-12.34688145,-9.93813525,4.1435412,-3.835749525,12.0490578
"Marchman::219",962,2,-11.112502,-11.83385585,-10.4569184,2.8428992,0.5610355705,5.3925954
"Marchman::220",963,2,-9.67551145,-10.61754445,-8.529240605,12.8456495,5.94532545,22.0391877
"Marchman::221",964,2,-10.2590655,-10.6096566,-9.906340265,13.669609,8.48361334,19.1159903
"Marchman::222",965,2,-11.13065,-11.88872355,-10.39245785,3.5317634,0.601368324,6.731749755
"Marchman::223",966,2,-11.3653215,-12.203284,-10.5671403,0.89892343,-2.47607263,4.45621448
"Marchman::224",967,2,-8.6148258,-8.83024297,-8.40285861,20.3727865,15.30261195,27.50660785
"Marchman::225",968,2,-6.7071281,-7.00102627,-6.37860202,8.6475062,7.101506125,10.8858196
"Marchman::226",969,2,-9.07800855,-9.66327731,-8.38447703,9.5786094,6.282730045,14.62904465
"Marchman::227",970,2,-9.10996015,-10.1890406,-8.005226365,19.701485,12.84196355,27.81392865
"Marchman::228",971,2,-12.038152,-13.54383325,-11.16158535,9.73387925,6.096290555,15.7710076
"Marchman::23",972,2,-5.63789965,-5.793474025,-5.479451885,17.8588365,16.3042893,19.6379973
"Marchman::230",973,2,-10.359028,-11.42469425,-9.120121535,13.1840785,5.694902095,22.93638325
"Marchman::232",974,2,-10.2423905,-11.13949705,-9.28289187,11.0304215,6.04534737,17.60550745
"Marchman::233",975,2,-9.3698179,-9.84542496,-8.87130833,15.038773,10.53705675,21.2235197
"Marchman::234",976,2,-4.9709208,-5.4037567,-4.52749802,21.306028,18.47184365,24.42731585
"Marchman::235",977,2,-9.3350311,-9.599218015,-9.07450737,9.2797814,6.67618478,13.42673165
"Marchman::236",978,2,-6.00033505,-6.60955851,-5.262639415,20.7993255,16.4178106,27.0133009
"Marchman::237",979,2,-11.1820405,-12.02213445,-10.4030593,1.7814245,-1.751162415,5.450770785
"Marchman::238",980,2,-9.2581,-9.53213537,-8.984632865,15.268456,11.3317396,19.4326669
"Marchman::239",981,2,-10.8682235,-11.89296425,-10.16125815,10.712269,8.915939125,13.1913485
"Marchman::24",982,3,-8.6465965,-8.79046319,-8.512553815,2.13367705,1.708427925,2.5676978
"Marchman::240",983,2,-8.3741639,-8.6695386,-8.062731395,9.10612855,6.787995925,12.83675985
"Marchman::241",984,2,-7.29254515,-7.49832558,-7.084602245,35.930218,31.43949865,40.52535745
"Marchman::242",985,2,-10.204949,-10.8520898,-9.594846685,2.7874117,0.0276359547000002,5.58298619
"Marchman::243",986,2,-11.185931,-11.8630653,-10.5580149,6.9177369,2.940663755,11.6353071
"Marchman::244",987,2,-8.5162195,-8.733351225,-8.30720593,14.544178,8.84249065,23.83550575
"Marchman::245",988,2,-8.23222055,-8.42085599,-8.053279235,7.4631044,6.32707057,8.69690052
"Marchman::246",989,2,-8.2301382,-8.435280845,-8.029955775,0.36020324,-0.3978727375,1.115279365
"Marchman::247",990,2,-9.67794595,-10.0528025,-9.32019102,5.6107083,3.87394435,7.56793445
"Marchman::248",991,2,-10.0364395,-10.64339025,-9.456183595,14.0541565,8.821387295,20.0564117
"Marchman::249",992,2,-8.08162115,-8.241655795,-7.928054205,0.579743745,-0.6268430555,1.795587905
"Marchman::25",993,2,-6.1708299,-6.372797965,-5.971666315,15.39296,10.49882415,24.04908785
"Marchman::250",994,2,-11.3853965,-12.0652328,-10.78678775,5.2188765,2.581506765,9.698423835
"Marchman::251",995,2,-9.74497435,-10.06659925,-9.45101148,4.8535295,4.1844816,5.582466685
"Marchman::252",996,2,-8.5543428,-9.40052268,-7.72585072,16.1003915,10.7757909,22.04740745
"Marchman::253",997,2,-6.01149,-6.866841715,-5.15057417,26.314867,20.24090935,32.66071015
"Marchman::254",998,2,-10.9257025,-11.3092492,-10.5862302,2.0952874,1.317394385,2.937480255
"Marchman::255",999,2,-9.41578115,-10.36229375,-8.518106055,13.2995555,7.734295185,19.3262781
"Marchman::256",1000,2,-10.778472,-12.08803865,-9.46196996,15.9435835,7.88524465,25.6565918
"Marchman::257",1001,2,-9.5052797,-10.4365412,-8.326362025,12.947168,6.211592805,22.62693525
"Marchman::258",1002,2,-7.0452941,-7.36355694,-6.73013978,18.6746325,15.63142345,22.0250377
"Marchman::259",1003,2,-9.6087079,-9.89412596,-9.34110051,8.26648565,6.163032675,10.81776995
"Marchman::260",1004,2,-10.926224,-11.37304925,-10.5291997,-2.58510365,-3.34678498,-1.88002979
"Marchman::261",1005,2,-9.37252005,-9.82556118,-8.93594205,-8.9069475,-13.73351075,-4.102232175
"Marchman::262",1006,2,-10.8553945,-11.4474496,-10.4280817,5.90389605,4.47868205,7.85212005
"Marchman::263",1007,2,-13.88708,-15.47116595,-12.832363,4.74976915,2.42079518,8.08445157
"Marchman::264",1008,2,-12.2992025,-13.0233013,-11.668849,11.910572,4.180225915,22.43723875
"Marchman::265",1009,2,-10.80689,-11.14699885,-10.48890325,1.74330805,1.030853785,2.508635225
"Marchman::266",1010,2,-11.035721,-11.4952919,-10.62908625,0.761064785,-0.827863233,2.406638775
"Marchman::267",1011,2,-10.893207,-11.2279303,-10.5883738,1.33529655,-0.04877731935,2.768287525
"Marchman::268",1012,2,-8.78603215,-9.25588595,-8.197201055,13.7906335,7.99239162,23.12557115
"Marchman::269",1013,2,-9.99935815,-12.02329305,-8.62494893,12.611935,8.93784253,18.1701581
"Marchman::27",1014,3,-8.9073968,-9.071284355,-8.748553665,3.87755125,3.448722285,4.32701898
"Marchman::270",1015,2,-10.730277,-11.15866115,-10.3354486,5.35007225,2.872392025,8.27578408
"Marchman::271",1016,2,-10.418154,-10.90292715,-10.050062,4.90208395,3.74448464,6.536115255
"Marchman::272",1017,2,-8.9032278,-9.197829545,-8.641856345,6.75334075,5.89945389,7.767224245
"Marchman::273",1018,2,-11.017703,-11.5218845,-10.57499785,7.6621677,5.86773615,9.59698366
"Marchman::274",1019,2,-11.0469025,-11.47490325,-10.687769,6.2657566,4.54560931,8.406391215
"Marchman::275",1020,2,-10.372757,-11.38439775,-9.683445365,12.3258585,10.46728795,15.0898577
"Marchman::276",1021,2,-8.96929525,-9.219747955,-8.746429015,8.99452915,7.739491895,10.4347009
"Marchman::277",1022,2,-5.8054922,-5.96771239,-5.64486524,4.3956375,4.11237243,4.673331465
"Marchman::278",1023,2,-11.3196645,-12.24883225,-10.4425179,18.9037425,9.119801525,28.89547195
"Marchman::28",1024,3,-10.722597,-11.01147715,-10.45598875,7.55395195,5.915422315,9.572148855
"Marchman::280",1025,2,-5.75947275,-5.881023175,-5.638274695,1.2573265,1.012637445,1.495988305
"Marchman::281",1026,2,-10.252956,-10.9260026,-9.577554745,16.6353715,10.0230748,25.4903375
"Marchman::282",1027,2,-12.3441665,-13.7904263,-11.3877577,9.5480557,6.34609312,14.6382535
"Marchman::283",1028,2,-7.76107675,-8.08121405,-7.477783135,9.52601895,8.571015855,10.6449907
"Marchman::284",1029,2,-11.1135115,-11.67947995,-10.65098095,13.342745,7.561894025,22.06421725
"Marchman::285",1030,2,-13.7690515,-15.14744555,-12.76585985,6.15339165,2.7939325,11.06111395
"Marchman::286",1031,2,-12.5691175,-13.15065745,-12.05298695,0.93938253,-0.830822792,2.84383855
"Marchman::287",1032,2,-9.1302425,-11.41674685,-7.494910375,14.316025,9.8779364,20.48424825
"Marchman::288",1033,2,-9.99200085,-10.4980749,-9.492218885,3.95323525,2.221045625,5.930535515
"Marchman::289",1034,2,-11.191071,-11.53885205,-10.84622355,-1.4907007,-2.65362934,-0.3641098865
"Marchman::29",1035,2,-7.44635925,-7.65524757,-7.242824015,18.5243545,15.64014,22.4959155
"Marchman::290",1036,2,-11.583985,-12.15634475,-11.08639525,5.9031407,2.672848385,9.947048785
"Marchman::291",1037,2,-10.014044,-10.3457115,-9.713072585,-0.646309225,-2.02396014,0.7490435695
"Marchman::292",1038,2,-5.00855795,-5.173082125,-4.847147785,2.80107525,2.399021715,3.21103237
"Marchman::293",1039,2,-7.56142175,-7.707334665,-7.419131775,0.391202155,-0.190551081,0.950342881499999
"Marchman::294",1040,2,-10.4615755,-11.5742327,-9.24174601,13.3707095,5.801660935,23.1334984
"Marchman::295",1041,2,-12.9169725,-13.98493565,-12.14124525,8.9284286,3.64895606,17.838293
"Marchman::296",1042,2,-10.00786,-10.2864093,-9.73792267,-5.84187315,-7.719499105,-4.078465995
"Marchman::297",1043,2,-11.5357465,-12.18158,-10.9045678,2.48479075,0.303826028,4.944330095
"Marchman::298",1044,2,-11.5309345,-12.09287825,-11.04837045,-1.05671725,-3.181922675,1.10831254
"Marchman::299",1045,2,-9.4141692,-9.615139315,-9.21999731,4.14369205,2.64262713,5.650100455
"Marchman::3",1046,2,-8.20188255,-8.426598195,-7.978941045,10.9154235,9.01530683,13.2036443
"Marchman::30",1047,3,-9.63712315,-9.86673629,-9.424068665,21.8204215,19.6562198,23.9428003
"Marchman::301",1048,2,-8.943961,-9.17700187,-8.71752768,6.34356685,5.03175019,7.825603
"Marchman::302",1049,2,-7.9551604,-8.17117165,-7.75034851,9.8495942,9.24763314,10.46273145
"Marchman::303",1050,2,-11.655152,-12.31443425,-11.08186285,0.444611625,-0.893851,1.74586369
"Marchman::304",1051,2,-8.7702128,-8.984120625,-8.57112296,3.93126705,3.382504575,4.487285635
"Marchman::305",1052,2,-11.0465595,-11.552507,-10.58762985,11.202048,9.532454785,13.04706245
"Marchman::306",1053,2,-7.36104985,-7.589701385,-7.127225435,9.18347925,7.809622305,10.74770515
"Marchman::307",1054,2,-9.45777075,-9.719244295,-9.219269905,7.52238875,5.674027135,10.05460155
"Marchman::308",1055,2,-9.1149767,-9.380716475,-8.866611335,19.5447245,15.2146516,24.1315272
"Marchman::309",1056,2,-11.624483,-12.03296985,-11.24996665,-0.28208353,-1.19552389,0.6091429945
"Marchman::31",1057,3,-8.071832,-8.294530035,-7.85643171,11.196145,10.58637685,11.81512285
"Marchman::310",1058,2,-11.8387485,-12.3308507,-11.39586055,4.42242365,2.25435961,7.12650685
"Marchman::311",1059,2,-12.771554,-13.66858225,-12.05145045,1.06895115,-2.563823885,5.004031805
"Marchman::313",1060,2,-6.7276422,-6.88881189,-6.57666762,7.2115792,6.681232155,7.75523948
"Marchman::314",1061,2,-10.7386135,-12.73194595,-9.425182615,12.265808,9.71462379,16.20771325
"Marchman::315",1062,2,-9.92964395,-10.24867695,-9.621229485,6.1454054,4.11720373,9.383751125
"Marchman::316",1063,2,-11.316399,-11.6845939,-10.97405885,-0.298034895,-3.38640396,2.6787549
"Marchman::317",1064,2,-7.6496181,-7.90763956,-7.39104306,11.204422,9.301129895,13.3281875
"Marchman::319",1065,2,-7.427364,-8.092783655,-6.733757445,17.3883795,13.0525969,22.12987065
"Marchman::32",1066,2,-6.50967365,-6.908227875,-6.080960985,28.2867495,23.2299773,34.26250575
"Marchman::320",1067,2,-8.4163085,-8.75881929,-8.103416145,9.57065655,8.84170152,10.360514
"Marchman::322",1068,2,-9.6897014,-9.97415226,-9.43187426,5.08038135,4.32966719,5.89214141
"Marchman::324",1069,2,-11.3540395,-11.771493,-10.96945825,3.3832588,1.876238155,5.17500107
"Marchman::325",1070,2,-12.8606555,-13.8987084,-11.91685405,-1.30537715,-6.36118072,3.980051035
"Marchman::326",1071,2,-10.4818345,-10.8755037,-10.11233735,12.841501,5.95298936,22.944037
"Marchman::327",1072,2,-10.272496,-10.8735648,-9.57006737,13.089786,6.090090685,23.0951832
"Marchman::328",1073,2,-9.9180564,-10.2127684,-9.660516475,4.92572425,4.02215635,5.89438622
"Marchman::329",1074,2,-9.0682566,-9.389802085,-8.75422078,6.4357163,4.789145945,8.382194265
"Marchman::33",1075,3,-9.763219,-9.946124275,-9.58836443,3.051209,1.76743391,4.380596985
"Marchman::330",1076,2,-9.86895335,-10.25747535,-9.496512245,2.61142695,0.7424217055,4.54424016
"Marchman::331",1077,2,-10.047092,-10.79055425,-9.445354975,12.4638965,11.28773985,13.97682755
"Marchman::332",1078,2,-10.259792,-12.098296,-9.10332027,11.312402,7.3240963,17.6681964
"Marchman::334",1079,2,-11.5924215,-12.10068745,-11.1515453,10.5217,1.40098605,19.53765555
"Marchman::335",1080,2,-11.0019425,-11.72813925,-10.31297915,-3.95362245,-7.45383057,-0.5253219775
"Marchman::337",1081,2,-10.6368575,-10.9540374,-10.3337424,-1.0132476,-2.404228175,0.4197887845
"Marchman::338",1082,2,-11.294039,-13.0304308,-10.31627175,9.47357295,5.52062658,16.458071
"Marchman::339",1083,2,-9.79269735,-10.1752625,-9.454657485,7.81450995,6.859452995,8.860790625
"Marchman::34",1084,3,-11.227037,-11.57043005,-10.9263323,3.1219928,2.198331065,4.08221203
"Marchman::340",1085,2,-11.8046525,-12.3924573,-11.30401685,4.35007425,2.849265775,6.169226145
"Marchman::341",1086,2,-11.2284645,-11.6265516,-10.86619735,6.9052761,3.864561815,10.49235875
"Marchman::342",1087,2,-14.009917,-15.2746073,-12.9896055,7.3131816,1.767491565,16.15315835
"Marchman::344",1088,2,-12.741992,-14.36817335,-11.7655631,5.05063645,2.89912217,8.750957105
"Marchman::345",1089,2,-10.2724025,-10.66135545,-9.95030066,6.0549456,4.523845175,8.236428295
"Marchman::346",1090,2,-8.24243,-8.417484245,-8.071000435,-0.376209625,-1.82933214,1.11001283
"Marchman::347",1091,2,-9.607012,-9.911128735,-9.304571075,7.33194775,6.499037255,8.181015905
"Marchman::349",1092,2,-12.6827055,-13.40961425,-12.0482711,1.5418076,-2.381311255,5.513011615
"Marchman::35",1093,3,-7.8917262,-8.051551745,-7.74145703,7.7960475,7.276424995,8.32949756
"Marchman::350",1094,2,-10.170567,-12.2617172,-8.85225681,11.1500685,7.554063955,16.8337427
"Marchman::351",1095,2,-12.820771,-13.5654218,-12.1866985,0.65237437,-0.83467919,2.287592
"Marchman::352",1096,2,-12.584804,-13.4110609,-11.94751475,2.28177105,1.18561427,3.899800435
"Marchman::353",1097,2,-10.0956035,-10.40747405,-9.80490827,3.66519895,2.955809915,4.453168495
"Marchman::354",1098,2,-10.648175,-11.35095605,-10.1508234,5.2459013,4.246268605,6.636165145
"Marchman::355",1099,2,-7.32294335,-7.48207856,-7.169997345,15.081384,13.4376243,16.8177684
"Marchman::356",1100,2,-11.100714,-11.71248825,-10.6177959,12.2120085,6.10201697,21.6976824
"Marchman::357",1101,2,-11.928999,-12.50378355,-11.42858605,2.15998565,0.1884247815,4.43993586
"Marchman::359",1102,2,-12.7581555,-13.83492065,-11.9822219,11.706824,7.021871085,18.76159365
"Marchman::360",1103,2,-9.6625601,-9.87471601,-9.44720125,1.76071415,1.18912474,2.36105717
"Marchman::361",1104,2,-10.188412,-10.44378175,-9.945912035,2.60293385,1.34444991,3.926570095
"Marchman::362",1105,2,-10.590925,-10.931308,-10.25895245,5.65291435,3.76756209,8.164922125
"Marchman::363",1106,2,-9.76034475,-9.995779815,-9.537687735,6.39468595,4.059871045,8.927514985
"Marchman::364",1107,2,-8.15500055,-8.31315746,-7.990601125,1.56591585,0.9416051765,2.20232103
"Marchman::365",1108,2,-10.237336,-10.5164826,-9.96820761,-3.6778927,-6.26202429,-1.19566104
"Marchman::366",1109,2,-14.154043,-15.4411086,-13.0937771,8.84392105,1.97335821,18.90001125
"Marchman::367",1110,2,-11.222377,-11.64873295,-10.84146835,0.38328876,-1.418715205,2.18582424
"Marchman::368",1111,2,-11.9795725,-13.6596132,-11.03830915,7.5531413,4.24448157,13.37568865
"Marchman::369",1112,2,-7.83421015,-7.98663043,-7.681542295,3.36032555,2.92461277,3.815062995
"Marchman::37",1113,2,-8.32147575,-8.520011605,-8.12702798,-1.67160445,-2.330954105,-1.00703927
"Marchman::370",1114,2,-7.1091504,-7.26457052,-6.958105795,2.4910609,2.14676513,2.855348705
"Marchman::371",1115,2,-11.6545265,-12.2479986,-11.14943015,1.97188105,-0.7032433025,4.80019434
"Marchman::372",1116,2,-10.882254,-11.30820315,-10.47892625,-6.26614135,-11.8647873,-0.612933834000001
"Marchman::373",1117,2,-12.305796,-13.1930373,-11.5837144,11.293922,9.74946029,13.20328465
"Marchman::374",1118,2,-13.7974065,-15.2922115,-12.8239669,4.5924998,1.542967575,9.74868536
"Marchman::375",1119,2,-10.42671,-10.80849625,-10.06339965,10.5645,9.161036215,12.00147865
"Marchman::376",1120,2,-10.3022655,-10.7287162,-9.96883006,8.57407765,6.587312845,11.1854172
"Marchman::377",1121,2,-8.965774,-9.215712855,-8.72574521,11.5200095,9.082628085,14.2600164
"Marchman::378",1122,2,-11.0001855,-11.61428575,-10.50888265,7.3199799,6.186638895,8.713400665
"Marchman::38",1123,2,-8.14786885,-8.46102782,-7.849042455,8.66549525,6.86266975,10.60187575
"Marchman::380",1124,2,-10.941177,-11.32633985,-10.59073035,-2.52562105,-3.67177097,-1.46678434
"Marchman::381",1125,2,-8.12533205,-8.32455358,-7.92912696,7.10614875,5.75086512,8.972197885
"Marchman::382",1126,2,-8.1519345,-8.343744475,-7.9544527,9.22514325,7.765825125,10.8912904
"Marchman::383",1127,2,-9.3665686,-9.581842245,-9.15929828,0.369752255,-0.5617899485,1.323888075
"Marchman::384",1128,2,-12.6926555,-14.0720984,-11.8183684,7.2703097,3.36023767,14.17548295
"Marchman::385",1129,2,-11.51369,-11.93618715,-11.13753365,1.38195355,-0.0987134574,2.836013665
"Marchman::386",1130,2,-9.98363175,-10.2975295,-9.696229585,35.218329,29.0755995,41.4805496
"Marchman::387",1131,2,-11.31444,-11.71071885,-10.95934425,-3.3912245,-5.548271895,-1.475566355
"Marchman::388",1132,2,-12.198207,-13.66203955,-11.2329657,11.351267,7.95487136,16.3754843
"Marchman::389",1133,2,-11.175393,-11.5329154,-10.84090635,2.71703065,1.35098142,4.237171545
"Marchman::39",1134,2,-7.1834873,-7.38696319,-6.98693004,3.29113415,2.631302975,3.957564755
"Marchman::391",1135,2,-10.68603,-10.98816625,-10.39060925,0.40150314,-0.248804599,1.09019017
"Marchman::392",1136,2,-10.2692925,-11.40022235,-9.493677945,10.4973955,8.96729822,12.71545
"Marchman::393",1137,2,-11.298149,-11.80521205,-10.84419755,2.47047545,1.053193805,4.13041569
"Marchman::394",1138,2,-9.5187522,-9.79575973,-9.249991325,8.3186885,6.229396325,10.76357585
"Marchman::395",1139,2,-10.1346215,-10.73139805,-9.67423035,9.56660275,8.123407175,11.38360835
"Marchman::396",1140,2,-7.91342625,-8.103874905,-7.727748335,16.518342,13.47070695,19.5349472
"Marchman::397",1141,2,-13.165121,-14.1936122,-12.3150723,5.9557787,0.3019248625,12.97861595
"Marchman::399",1142,2,-12.4509575,-13.23000795,-11.79847325,-2.26216325,-5.95411239,1.30182313
"Marchman::4",1143,2,-7.83137055,-8.05778343,-7.619298195,15.3356645,12.98834395,17.9698861
"Marchman::40",1144,3,-6.77076985,-6.90075945,-6.64499601,11.3901135,10.20124525,12.61825815
"Marchman::400",1145,2,-12.1454465,-12.84293315,-11.56128195,-2.0326349,-4.601571355,0.443975742999999
"Marchman::401",1146,2,-10.736195,-11.141245,-10.36020175,4.62481465,2.726566015,6.805158365
"Marchman::402",1147,2,-6.7327864,-7.086381185,-6.31948665,20.516847,15.8901171,27.1111421
"Marchman::404",1148,2,-10.53898,-10.8664559,-10.24307655,-5.35161475,-7.19425746,-3.77658687
"Marchman::405",1149,2,-9.82206075,-10.24901085,-9.41746294,5.68495455,3.32185296,8.218873145
"Marchman::406",1150,2,-9.0717185,-9.785605345,-8.347724465,12.55846,8.30894909,17.47630995
"Marchman::407",1151,2,-9.7011958,-9.99188492,-9.41722839,6.4032349,4.402670675,9.64204346
"Marchman::409",1152,2,-9.6681538,-9.89287067,-9.456593145,0.76549965,0.3324393905,1.20020669
"Marchman::41",1153,2,-6.61429745,-6.857091335,-6.38524762,10.374078,9.097324635,11.86491925
"Marchman::411",1154,2,-9.3357155,-9.586490745,-9.09587787,9.75761995,7.637262085,12.4595629
"Marchman::412",1155,2,-11.233688,-11.6096523,-10.89256655,2.51356005,1.234687055,3.86438896
"Marchman::413",1156,2,-11.636787,-12.5936224,-10.9501797,8.289639,6.42302336,10.9152915
"Marchman::414",1157,2,-12.0878515,-12.56565845,-11.64657095,0.42005657,-1.1599192,2.061052605
"Marchman::415",1158,2,-9.6910903,-11.9726731,-8.127002525,12.229101,8.69910152,17.3904392
"Marchman::417",1159,2,-11.2923365,-13.29732655,-10.06844155,8.33492695,5.32466279,13.3608709
"Marchman::418",1160,2,-10.7812625,-11.50256305,-10.2298148,18.279913,13.3823202,25.04659095
"Marchman::419",1161,2,-11.207171,-11.77487605,-10.6813773,3.1664489,1.50426532,5.288597685
"Marchman::42",1162,2,-10.8934295,-11.8037684,-10.329602,6.3137861,4.80627427,8.77185603
"Marchman::420",1163,2,-11.6006945,-12.02837025,-11.20692495,1.83104815,0.0627753738,3.687630635
"Marchman::421",1164,2,-10.8604595,-11.30655215,-10.450756,5.8869955,3.37136585,9.80160604
"Marchman::422",1165,2,-9.8220596,-10.8147741,-8.64270483,13.060685,6.03589695,22.5250817
"Marchman::423",1166,2,-11.0921865,-11.69756215,-10.54665065,1.19418075,-1.40763141,3.856927175
"Marchman::424",1167,2,-9.42354285,-9.6387506,-9.227270115,3.5700541,2.598794835,4.569643425
"Marchman::427",1168,2,-13.3008405,-14.09798025,-12.62224995,-0.18913267,-1.943586835,1.50468592
"Marchman::428",1169,2,-9.9219309,-10.2318451,-9.626056045,5.68343355,3.748371635,7.862484045
"Marchman::429",1170,2,-11.711741,-12.43303105,-11.0690811,3.9965235,1.40099163,7.29167805
"Marchman::43",1171,3,-9.72913085,-9.945233235,-9.52991631,4.5730396,3.9283876,5.23752382
"Marchman::430",1172,2,-10.9033295,-11.2676748,-10.5703678,2.17807215,1.27169281,3.21819557
"Marchman::431",1173,2,-6.6802174,-7.151818805,-6.20860173,32.3932785,26.3483931,38.58235365
"Marchman::432",1174,2,-10.55244,-10.88682685,-10.2444961,2.4869979,1.27931426,3.835345845
"Marchman::433",1175,2,-13.158602,-14.44388395,-12.30928745,8.29005255,4.264801555,14.4020729
"Marchman::434",1176,2,-10.7846395,-12.43099455,-9.598622715,19.002404,16.31785835,22.84452715
"Marchman::435",1177,2,-10.1602295,-10.5171824,-9.83673756,13.036265,6.29907421,23.0649077
"Marchman::436",1178,2,-10.95658,-12.88729145,-9.75261968,9.8070677,6.863064985,14.6176174
"Marchman::437",1179,2,-7.8179633,-8.035497825,-7.618771915,9.953275,9.03466351,10.962816
"Marchman::438",1180,2,-8.99109655,-9.558564775,-8.60159814,6.0001943,5.04862869,7.36578563
"Marchman::439",1181,2,-9.89360465,-10.37944445,-9.539773085,13.887084,10.8204162,18.3691953
"Marchman::44",1182,2,-9.59083105,-9.81567722,-9.374834665,-2.95759805,-6.448599545,0.534526744999998
"Marchman::440",1183,2,-9.3873624,-9.847381605,-8.99667691,8.70695685,7.928387445,9.62190292
"Marchman::441",1184,2,-11.2657465,-12.4239915,-10.4765049,11.6327825,9.94759229,14.07120615
"Marchman::443",1185,2,-10.0239905,-10.31757215,-9.750467175,6.59536255,4.692883225,9.186938
"Marchman::444",1186,2,-10.2714165,-10.7976308,-9.89427958,15.737393,10.29177525,23.9451785
"Marchman::446",1187,2,-10.9886525,-11.45225945,-10.5666876,0.981562565,0.08189528035,1.93616218
"Marchman::447",1188,2,-13.425265,-14.40322545,-12.6370184,-1.29918775,-4.694176625,1.95227998
"Marchman::448",1189,2,-10.6168565,-11.06725185,-10.19932865,-1.8455239,-2.6489676,-1.081275635
"Marchman::449",1190,2,-11.410331,-11.84665195,-11.02045015,3.486948,2.072206505,5.39842881
"Marchman::45",1191,3,-9.15101455,-9.3298993,-8.984395975,7.7290698,6.50338225,9.102859355
"Marchman::450",1192,2,-6.5884328,-6.75717423,-6.416784,4.36715855,3.938787035,4.79242903
"Marchman::451",1193,2,-12.0277735,-13.49401155,-11.1371919,9.7411356,6.22546764,15.69804815
"Marchman::452",1194,2,-11.588514,-12.1676524,-11.07929,1.49300165,0.1161527765,2.920331585
"Marchman::453",1195,2,-9.8054651,-10.20712725,-9.46168851,9.77056695,9.03428984,10.5796868
"Marchman::454",1196,2,-9.5653857,-9.84761674,-9.29175356,0.8522153,-0.4637130565,2.198261115
"Marchman::455",1197,2,-8.0441297,-8.236361855,-7.851847045,29.922056,25.4211488,34.7735102
"Marchman::456",1198,2,-9.1689275,-9.41235172,-8.918704085,5.79147965,4.38738404,7.80495436
"Marchman::457",1199,2,-11.929635,-12.61681425,-11.3524614,1.52531395,-0.01075470305,3.2410191
"Marchman::458",1200,2,-10.2286545,-10.5957165,-9.897898105,4.597747,2.78571698,6.52822378
"Marchman::46",1201,3,-10.6734495,-10.9293422,-10.4443393,1.4049804,0.6715427835,2.1846896
"Marchman::460",1202,2,-9.34479475,-10.33151245,-8.729781575,7.78832845,6.569438785,9.747049375
"Marchman::461",1203,2,-9.6971293,-9.995891675,-9.413831435,6.08041515,4.43279197,7.963270635
"Marchman::462",1204,2,-11.881958,-12.46402505,-11.3963583,3.77678675,2.294783505,5.76688856
"Marchman::463",1205,2,0.559099745,0.0237243966,1.126667965,49.1345555,45.15673265,53.5327774
"Marchman::464",1206,2,-9.7640706,-10.7610441,-9.09971329,9.9074216,8.286072285,12.35064175
"Marchman::465",1207,2,-10.5474735,-11.7073637,-9.820557025,15.140035,10.56006625,22.4953055
"Marchman::466",1208,2,-8.97763365,-9.3617508,-8.680559235,6.274685,5.32262594,7.56156094
"Marchman::467",1209,2,-9.0843502,-9.446323755,-8.769302225,10.1125695,9.213766735,11.1173702
"Marchman::468",1210,2,-11.376227,-12.84818985,-10.49043975,9.5975899,5.34990992,16.90343025
"Marchman::469",1211,2,-10.8202075,-11.15989465,-10.52070855,4.36805975,2.815868125,6.042803285
"Marchman::47",1212,3,-10.064009,-10.3168081,-9.842371065,7.29050855,6.07937105,8.653363
"Marchman::470",1213,2,-10.7610915,-12.066526,-9.953000275,11.90113,6.874115105,20.4389881
"Marchman::471",1214,2,-12.338308,-13.5625544,-11.52484485,9.10703665,4.385328595,16.9017786
"Marchman::472",1215,2,-11.196341,-11.68179055,-10.76474785,15.573819,9.282543825,22.7191937
"Marchman::473",1216,2,-10.920134,-11.2371657,-10.6098971,0.61230003,-0.09580505085,1.338828995
"Marchman::474",1217,2,-7.8707181,-8.280420295,-7.536437225,29.1382575,26.1090867,32.86080805
"Marchman::475",1218,2,-8.71804105,-8.96236662,-8.509682255,13.123859,11.38858555,15.077648
"Marchman::477",1219,2,-10.393534,-11.26275785,-9.81752134,13.3781325,8.228770535,21.5944637
"Marchman::478",1220,2,-9.32143485,-9.634371205,-9.0596292,8.9281172,7.44381372,10.7200124
"Marchman::479",1221,2,-12.4364905,-13.6023893,-11.6041331,8.89690925,6.975912495,11.59241745
"Marchman::48",1222,3,-10.460442,-10.8622103,-10.0930141,12.48579,10.90843255,14.2194864
"Marchman::480",1223,2,-10.9275935,-11.46233185,-10.4617608,12.9941275,11.49955805,14.64934025
"Marchman::481",1224,2,-11.899902,-13.47128135,-10.94153125,9.7403912,6.47294928,15.1978424
"Marchman::482",1225,2,-5.93325275,-6.1903862,-5.687200155,7.40487665,6.89307299,7.97508423
"Marchman::483",1226,2,-11.2305135,-13.0449333,-10.2007002,8.62415155,5.57236348,14.20510655
"Marchman::484",1227,2,-11.501037,-12.1905286,-10.9546342,3.70080175,2.69655159,5.09214457
"Marchman::485",1228,2,-8.159219,-8.538086295,-7.88523975,11.1910475,9.01024783,14.6598789
"Marchman::486",1229,2,-9.6262475,-9.845424665,-9.41332558,1.3718693,0.817204964,1.94159457
"Marchman::487",1230,2,-6.45629545,-6.62738726,-6.292677035,13.879204,12.7837788,15.0712332
"Marchman::488",1231,2,-11.4181925,-11.87155995,-11.00746945,5.0117933,2.782684205,7.86803167
"Marchman::489",1232,2,-12.537021,-14.12106645,-11.45905095,9.5338554,6.88555951,13.4458643
"Marchman::49",1233,2,-7.7972382,-7.95557545,-7.641591855,2.7373935,2.38044211,3.10215069
"Marchman::490",1234,2,-9.5537182,-9.9686672,-9.18822469,16.1785195,14.849878,17.6446551
"Marchman::491",1235,2,-8.8024715,-9.393868315,-8.40394842,7.30093,6.20851077,8.9101772
"Marchman::492",1236,2,-7.34238305,-7.69397117,-7.04976361,6.6187742,5.983990435,7.39166829
"Marchman::493",1237,2,-8.22056,-8.64088623,-7.93456492,13.0276525,10.66931375,16.8199923
"Marchman::494",1238,2,-8.88538305,-9.228493035,-8.5829246,7.48157215,6.87201941,8.165290745
"Marchman::495",1239,2,-9.20311195,-9.412959415,-8.999253595,9.1924041,7.31560925,11.25895305
"Marchman::496",1240,2,-9.91991005,-10.3328696,-9.580115865,5.6587679,4.799133735,6.636914925
"Marchman::497",1241,2,-10.4187215,-10.71646955,-10.14724365,-0.32172585,-0.781123003,0.1313102355
"Marchman::498",1242,2,-7.5811829,-7.765555425,-7.393326555,2.94219565,2.37783351,3.52771056
"Marchman::499",1243,2,-7.643105,-7.784963405,-7.50070738,0.086731102,-0.2710048885,0.4360199565
"Marchman::5",1244,2,-7.7615751,-7.98020511,-7.550503185,12.550016,10.38045795,14.77258995
"Marchman::50",1245,3,-9.8659157,-10.12243585,-9.62606729,14.4174595,13.15068265,15.8349578
"Marchman::500",1246,2,-8.5717508,-9.04210029,-8.166807485,12.545119,11.45214365,13.8331436
"Marchman::501",1247,2,-10.181099,-10.5400354,-9.85471048,13.0930695,11.3008149,15.03251375
"Marchman::502",1248,2,-9.72782815,-9.981892185,-9.49460485,2.95262935,2.24453942,3.744966125
"Marchman::503",1249,2,-11.394827,-13.05385345,-10.3803847,10.969136,7.857299825,16.0429035
"Marchman::504",1250,2,-13.475781,-15.0609165,-12.42139695,5.43227565,2.97659855,9.065393165
"Marchman::505",1251,2,-11.257064,-12.22155855,-10.58348405,9.4730052,7.614300985,12.14752405
"Marchman::507",1252,2,-9.52887305,-10.45840155,-8.83951678,16.4223705,14.90825525,18.3548976
"Marchman::508",1253,2,-8.70930315,-8.91372532,-8.50371754,12.89753,10.7709412,15.40411835
"Marchman::509",1254,2,-9.8637284,-10.24951635,-9.554114145,4.89341705,3.8207741,6.353961945
"Marchman::51",1255,3,-11.8157685,-12.3538971,-11.3654083,4.07873855,3.062128615,5.314914625
"Marchman::510",1256,2,-9.34295255,-9.621239875,-9.08992186,21.0790705,16.4277394,26.6301823
"Marchman::511",1257,2,-7.7183611,-8.01808413,-7.46633942,12.8760315,11.4121436,14.7403598
"Marchman::512",1258,2,-10.485776,-11.21752045,-9.894570455,21.1977135,19.342765,23.45725245
"Marchman::513",1259,2,-10.481332,-12.731195,-9.05276586,10.0995655,6.90317925,15.1925228
"Marchman::514",1260,2,-7.2614139,-7.82759513,-6.812965885,14.994961,13.6605816,16.7215399
"Marchman::515",1261,2,-9.8801556,-10.13676825,-9.627217055,6.2630498,4.548984835,8.18152578
"Marchman::517",1262,2,-11.4338785,-13.07227625,-10.46511695,10.9915545,7.60076026,16.60395565
"Marchman::518",1263,2,-8.5845835,-8.805320115,-8.373330235,8.43419525,7.63761226,9.266676195
"Marchman::519",1264,2,-7.13729205,-7.30135568,-6.973951965,15.9854735,13.46268955,19.3412677
"Marchman::52",1265,3,-12.014853,-12.4063321,-11.64805075,1.29766685,0.4183449965,2.24255501
"Marchman::520",1266,2,-9.4183985,-10.0908081,-8.883633425,11.7804435,10.6680234,13.1686006
"Marchman::521",1267,2,-8.737356,-8.90529027,-8.56427744,2.426614,1.940781645,2.918601705
"Marchman::522",1268,2,-11.292437,-12.1280063,-10.6348326,24.563638,20.2616004,30.0785441
"Marchman::523",1269,2,-9.0020589,-9.94822827,-8.42466968,7.1878541,5.99328758,9.181382915
"Marchman::524",1270,2,-4.92893975,-5.94902084,-4.260167225,19.7683415,13.8181161,29.1789667
"Marchman::525",1271,2,-8.24120335,-8.449942395,-8.04113317,11.505623,9.506513385,13.91222095
"Marchman::526",1272,2,-11.9394885,-13.7237992,-10.84615045,8.69771505,6.404272805,12.4357191
"Marchman::527",1273,2,-10.266543,-10.6461306,-9.9046894,8.23962715,7.476973235,9.051022145
"Marchman::528",1274,2,-10.9404155,-11.5446174,-10.47073885,11.914482,5.75422247,21.3308857
"Marchman::529",1275,2,-7.06271005,-7.39161864,-6.78286004,6.4219678,5.915872905,7.030673085
"Marchman::53",1276,3,-9.67909565,-9.87661208,-9.49005453,7.47728825,5.938818095,9.17920116
"Marchman::530",1277,2,-8.5797246,-8.82804731,-8.351343165,4.1112467,3.606660805,4.676129035
"Marchman::531",1278,2,-8.392901,-8.928826735,-7.972595165,12.103282,10.8284169,13.75911655
"Marchman::532",1279,2,-9.9490774,-10.3106191,-9.62962376,8.2813303,6.79210642,10.085756
"Marchman::533",1280,2,-9.6631533,-9.98746357,-9.37631849,3.99960385,3.453899735,4.62607132
"Marchman::534",1281,2,-9.04664335,-9.42164221,-8.710377575,11.3885665,10.62879965,12.21085075
"Marchman::535",1282,2,-11.055353,-11.4590857,-10.69125395,2.5691728,0.903965704,4.294596915
"Marchman::536",1283,2,-5.6431879,-5.778913215,-5.507180315,2.68487685,2.367218305,3.003711815
"Marchman::537",1284,2,-12.791742,-14.3113508,-11.8523756,7.5166433,4.410610945,12.75361315
"Marchman::538",1285,2,-11.3241345,-12.87542855,-10.387772,9.8446324,6.093739995,16.26417425
"Marchman::539",1286,2,-7.0723336,-7.26589787,-6.89351541,4.8232307,4.44143633,5.245702645
"Marchman::54",1287,2,-8.43044645,-8.66545436,-8.201284005,7.70015785,6.28671251,9.31428722
"Marchman::540",1288,2,-8.46367375,-8.69187054,-8.261488275,7.8634005,6.05800451,10.8369587
"Marchman::541",1289,2,-8.78010235,-8.963352,-8.60507798,1.17816635,0.7529551535,1.599731985
"Marchman::542",1290,2,-11.158533,-12.89024345,-10.11079315,11.658797,8.461667505,16.8912494
"Marchman::543",1291,2,-11.553384,-12.6533201,-10.80121595,8.5115383,6.79486,11.01351505
"Marchman::545",1292,2,-8.26638195,-9.85863631,-7.15425551,16.847896,11.3994864,24.83050865
"Marchman::546",1293,2,-7.76885845,-7.947781555,-7.603367285,9.55125375,8.493765405,10.7701396
"Marchman::547",1294,2,-11.738278,-13.29678735,-10.7958726,14.575128,11.6900723,19.2824985
"Marchman::548",1295,2,-4.48568035,-4.63683931,-4.33134413,7.35928735,6.75216846,7.962407245
"Marchman::549",1296,2,-9.50085775,-9.709140005,-9.289430825,2.4484846,1.862299405,3.053676645
"Marchman::55",1297,3,-10.0672675,-10.35020005,-9.81053854,10.6450895,6.34734968,16.31807185
"Marchman::550",1298,2,-9.86308175,-10.35985095,-9.503402005,4.87268795,3.87095504,6.328263985
"Marchman::551",1299,2,-9.12954945,-9.922173725,-8.61150114,8.19206515,6.676085985,10.62292585
"Marchman::552",1300,2,-9.5475862,-9.94230577,-9.23555813,6.30515655,5.39414939,7.422287515
"Marchman::553",1301,2,-8.8503409,-9.05122451,-8.651279675,3.6344116,3.095187495,4.190055765
"Marchman::554",1302,2,-8.44363125,-8.66784948,-8.224121395,37.4429145,32.7724683,42.2025179
"Marchman::555",1303,2,-7.9692809,-8.170800235,-7.783337465,17.1082835,13.9334476,21.20419545
"Marchman::556",1304,2,-8.85133585,-9.067328275,-8.652448235,6.52723455,5.398781505,7.81673775
"Marchman::557",1305,2,-11.7515675,-12.7902699,-11.031049,9.89203085,7.92858692,12.70448625
"Marchman::558",1306,2,-11.0277345,-11.6226075,-10.5303916,13.438825,12.33255715,14.7092986
"Marchman::559",1307,2,-10.7201005,-12.8738663,-9.423485575,8.9358688,6.405894545,13.1369088
"Marchman::56",1308,3,-10.072585,-10.26251165,-9.885325155,3.23092725,1.80814916,4.6743045
"Marchman::560",1309,2,-9.3466774,-10.10828235,-8.776101485,10.918908,9.623654785,12.6933724
"Marchman::561",1310,2,-9.6906348,-9.979089305,-9.41009085,1.5596687,0.420521268,2.71443668
"Marchman::562",1311,2,-9.8102674,-10.44205475,-9.26414245,45.518725,42.3415083,49.09721225
"Marchman::563",1312,2,-9.33331365,-11.72946725,-7.703779105,13.443194,9.743280205,18.9081144
"Marchman::564",1313,2,-10.5970835,-11.2859906,-10.08509595,6.35556895,5.12961005,8.00577859
"Marchman::565",1314,2,-9.9302009,-10.1815486,-9.693497405,3.44059115,2.626164775,4.347445195
"Marchman::566",1315,2,-7.3142064,-7.654495255,-7.037614335,28.60875,24.20735575,34.65222225
"Marchman::568",1316,2,-9.96329595,-10.23273245,-9.703180395,6.1466985,4.518085255,8.075871215
"Marchman::569",1317,2,-7.52672,-7.724141295,-7.33669146,-1.4625092,-2.01663929,-0.913303205500001
"Marchman::57",1318,2,-10.8183665,-11.1622318,-10.4882522,0.72468758,-0.5495985045,2.062750105
"Marchman::570",1319,2,-9.4479063,-9.71717326,-9.18172748,7.3282693,6.076256365,8.58589824
"Marchman::571",1320,2,-11.6048595,-12.59492185,-10.8780504,13.565583,11.3149696,16.561147
"Marchman::572",1321,2,-11.304897,-13.24332935,-10.18713725,7.80865425,5.284332235,12.24229325
"Marchman::573",1322,2,-9.4550461,-10.26182955,-8.912799475,12.706158,10.5021255,15.99903255
"Marchman::574",1323,2,-10.2227675,-10.64169535,-9.88741204,4.89179835,3.99792961,5.993350805
"Marchman::575",1324,2,-8.11258655,-8.305794515,-7.92536856,0.768792665,-0.213798149,1.77142058
"Marchman::576",1325,2,-9.82872155,-10.0850497,-9.57421043,2.0140697,0.957544517,3.09275188
"Marchman::577",1326,2,-10.3003285,-10.74212155,-9.934718585,4.71524755,3.90522634,5.698739675
"Marchman::578",1327,2,-9.2753106,-10.119633,-8.63309185,13.7144185,12.39337755,15.3895569
"Marchman::579",1328,2,-12.4663135,-14.04647965,-11.404458,11.5902905,8.71764689,15.8419545
"Marchman::58",1329,3,-11.1698455,-11.59073735,-10.79317605,0.19429926,-4.913811335,5.246695965
"Marchman::580",1330,2,-9.9481631,-10.44551325,-9.561176855,7.80997575,6.286709805,9.805576355
"Marchman::581",1331,2,-8.727732,-8.950542595,-8.50542445,9.09618555,7.27902533,11.27665445
"Marchman::582",1332,2,-5.36836045,-5.520608095,-5.21000752,11.100952,10.35787605,11.8626678
"Marchman::583",1333,2,-8.9032435,-10.96922035,-7.40259102,15.840194,11.26774995,22.2044603
"Marchman::584",1334,2,-8.56848955,-8.855503335,-8.305603855,8.1745354,7.462475865,8.95606873
"Marchman::585",1335,2,-8.6777342,-8.847368125,-8.512306855,1.5077085,0.878258425,2.129271735
"Marchman::586",1336,2,-7.5930203,-8.16137483,-7.19654414,7.83462295,6.894948625,9.216624125
"Marchman::587",1337,2,-8.1606999,-8.36530887,-7.970335475,7.1198094,5.9379157,8.423166945
"Marchman::588",1338,2,-10.5257945,-11.32586155,-9.95205773,7.84861765,6.636397775,9.50899269
"Marchman::589",1339,2,-11.322999,-13.1585708,-10.13385385,13.876643,11.17767485,18.07443455
"Marchman::59",1340,3,-10.6353685,-10.87420155,-10.4035968,0.991111585,0.2607013655,1.72517116
"Marchman::590",1341,2,-9.8271861,-10.08093055,-9.5944313,2.1479984,1.63765515,2.6782271
"Marchman::591",1342,2,-11.5199115,-13.3638978,-10.4255265,7.9499878,5.013527015,12.9472573
"Marchman::592",1343,2,-12.386798,-14.12764685,-11.2891114,6.88789685,4.587376245,10.561504
"Marchman::593",1344,2,-11.258096,-13.05048765,-10.1506284,11.1418025,8.1179981,16.06100595
"Marchman::594",1345,2,-7.86082865,-8.10141472,-7.62854429,8.6434475,8.122747535,9.16135219
"Marchman::595",1346,2,-11.692347,-13.53565055,-10.6469503,7.8016137,4.690742655,13.402106
"Marchman::596",1347,2,-10.647337,-11.0581695,-10.28146035,13.6040805,10.533539,17.27899025
"Marchman::597",1348,2,-7.84792275,-8.165958025,-7.589420635,11.174006,9.62761256,13.103794
"Marchman::598",1349,2,-10.864539,-11.86851165,-10.1439445,10.7611015,8.992018355,13.255345
"Marchman::599",1350,2,-8.49120105,-8.70452186,-8.28776587,5.9897468,4.95121845,7.30926387
"Marchman::6",1351,3,-6.33636985,-6.45781322,-6.213002085,8.1050164,7.38886661,8.890365295
"Marchman::60",1352,2,-12.4251725,-13.2131911,-11.7566407,2.71996615,0.2268596325,5.70330575
"Marchman::600",1353,2,-6.3701006,-6.509895845,-6.235863465,3.0840916,2.76155234,3.429737175
"Marchman::601",1354,2,-8.4939588,-10.77082255,-6.84629994,17.147326,12.69857365,23.32514545
"Marchman::602",1355,2,-9.3873318,-10.0558437,-8.87495012,10.8824435,9.32973592,12.9242606
"Marchman::603",1356,2,-7.39876875,-7.636738155,-7.184436345,7.9908649,7.349836895,8.69382631
"Marchman::604",1357,2,-11.376165,-12.27167475,-10.7095679,8.7378389,7.30138219,10.6577169
"Marchman::605",1358,2,-8.7680093,-8.99785394,-8.56182756,6.3020877,5.52388703,7.183334975
"Marchman::606",1359,2,-8.68736055,-8.91916855,-8.471612475,5.75861835,4.627489825,7.00491516
"Marchman::607",1360,2,-11.562681,-12.11018555,-11.0420489,7.92414885,6.410376535,9.56880215
"Marchman::608",1361,2,-8.7463055,-11.43179575,-6.52854967,16.554715,12.1416856,21.78387785
"Marchman::609",1362,2,-8.70716135,-8.93165962,-8.501825775,5.60960965,4.951858125,6.33916105
"Marchman::61",1363,3,-10.2215955,-10.43621215,-10.0153858,4.62961075,3.468608595,5.796343945
"Marchman::610",1364,2,-9.3852089,-9.762167305,-9.049443585,10.505399,9.6956702,11.37863065
"Marchman::611",1365,2,-9.01142255,-9.249443525,-8.78029407,11.449323,8.490960005,15.88942105
"Marchman::612",1366,2,-6.7656769,-6.941367025,-6.582444515,3.6272861,3.122828015,4.135576755
"Marchman::613",1367,2,-8.70180775,-9.312529365,-8.21905278,13.019259,12.00922455,14.23549315
"Marchman::614",1368,2,-8.4133257,-8.60553701,-8.238234225,6.4757886,5.697019725,7.28397602
"Marchman::615",1369,2,-8.43169755,-8.59328742,-8.27066428,1.4683137,0.969668698,1.985804275
"Marchman::616",1370,2,-9.0002572,-9.254030545,-8.77336295,6.2219403,5.366160065,7.15660955
"Marchman::617",1371,2,-11.0566565,-11.66023175,-10.57036415,5.53401335,4.5200123,6.812720185
"Marchman::618",1372,2,-7.716184,-7.861910775,-7.575351625,1.73994635,1.440188545,2.04365694
"Marchman::619",1373,2,-11.237853,-11.89308335,-10.7133567,10.774396,9.401812705,12.344824
"Marchman::62",1374,3,-11.307018,-11.61045845,-11.0193917,0.6382513,-0.4165101165,1.661745455
"Marchman::620",1375,2,-9.98445245,-11.56432305,-8.988480475,12.431183,7.568412805,20.21556505
"Marchman::621",1376,2,-8.2187825,-8.49268754,-7.981274545,7.4969864,6.72177728,8.39289848
"Marchman::622",1377,2,-9.3975566,-9.706921325,-9.104342155,16.159492,14.8717767,17.51701935
"Marchman::623",1378,2,-15.013713,-16.69214425,-13.778936,2.6925737,-0.500823007,8.358421325
"Marchman::624",1379,2,-11.9215595,-13.81675915,-10.7913124,6.6344477,4.305289325,10.7288468
"Marchman::625",1380,2,-8.6651446,-9.06085231,-8.351107825,5.77830105,4.966389325,6.81008229
"Marchman::626",1381,2,-9.3560436,-10.69052965,-8.51374801,18.0971015,13.96624895,24.80154995
"Marchman::628",1382,2,-10.1695445,-11.8544436,-9.13336744,14.3361345,10.7713605,20.25029945
"Marchman::629",1383,2,-7.99065715,-8.21930136,-7.775193245,6.88026355,6.418730595,7.37042362
"Marchman::63",1384,2,-5.7752362,-5.971220095,-5.575391965,24.724123,21.50433095,28.99628195
"Marchman::630",1385,2,-9.6768291,-11.4382206,-8.500347605,15.8676635,12.2894584,21.3260988
"Marchman::631",1386,2,-10.373275,-11.06040485,-9.83619493,12.925594,11.0457708,15.3330462
"Marchman::632",1387,2,-9.05080115,-9.313593505,-8.81777729,5.25611925,4.26139553,6.588875185
"Marchman::633",1388,2,-10.2885975,-12.1912932,-9.052471425,17.746486,14.92041525,21.961269
"Marchman::634",1389,2,-9.0836176,-11.2773345,-7.404243745,14.456369,9.942292455,20.4843658
"Marchman::636",1390,2,-9.2565896,-9.495061295,-9.03786614,6.91772745,5.597434475,8.58772906
"Marchman::637",1391,2,-7.39049395,-7.832209055,-7.003636105,19.85968,18.4733801,21.42975515
"Marchman::638",1392,2,-8.32741115,-8.62191982,-8.06730852,6.74267965,6.162893755,7.394543945
"Marchman::639",1393,2,-11.10715,-12.707322,-10.171542,11.1550065,7.260114225,17.58330715
"Marchman::64",1394,2,-7.6835644,-8.08088672,-7.14760326,13.5347765,8.26299768,22.25455615
"Marchman::640",1395,2,-9.82131845,-12.3379791,-8.16516305,11.8149745,8.56712351,16.69828345
"Marchman::641",1396,2,-7.1154687,-7.277300585,-6.95025867,2.3789579,1.868341435,2.86412803
"Marchman::642",1397,2,-9.8916327,-11.87709355,-8.69571313,12.1431315,7.985058525,18.9379551
"Marchman::643",1398,2,-7.1243227,-7.30861466,-6.94210988,5.7866535,5.385053015,6.23985
"Marchman::644",1399,2,-6.6100106,-6.78291126,-6.43745657,12.8128495,11.2933853,14.73982745
"Marchman::645",1400,2,-6.55032745,-6.681477285,-6.417745705,8.9601144,8.02767373,9.938024685
"Marchman::646",1401,2,-9.4569447,-9.79242004,-9.142948,14.489681,13.72177755,15.33595015
"Marchman::647",1402,2,-12.375845,-13.4851529,-11.58138555,9.25802555,7.274871675,12.00575185
"Marchman::648",1403,2,-8.75100615,-8.945601235,-8.56436334,2.24575375,1.927953835,2.5903758
"Marchman::649",1404,2,-11.8385155,-13.7722423,-10.77384185,6.3850955,4.3081115,10.1200816
"Marchman::65",1405,3,-11.129598,-11.58494865,-10.7262418,10.7279885,9.36081536,12.17423985
"Marchman::650",1406,2,-11.212364,-11.6300853,-10.8277364,3.28798095,1.94399463,5.08725481
"Marchman::651",1407,2,-9.9293077,-11.0407876,-9.144638245,13.846034,12.15242535,16.20815265
"Marchman::652",1408,2,-11.900239,-13.693589,-10.78534045,9.1783069,6.657301675,13.25405215
"Marchman::653",1409,2,-10.392387,-12.3914297,-9.11442387,13.434035,10.55721965,18.04978215
"Marchman::654",1410,2,-10.1773385,-11.4492591,-9.43299949,12.681045,7.83649839,20.976311
"Marchman::655",1411,2,-10.4563445,-12.4871511,-9.106488065,10.856897,8.044594335,15.15902705
"Marchman::656",1412,2,-7.79492195,-8.088435385,-7.5380376,9.49136035,8.787769725,10.2888262
"Marchman::657",1413,2,-10.810753,-12.25965715,-9.91520584,12.193495,7.769279405,19.42473735
"Marchman::658",1414,2,-12.273427,-13.4149508,-11.3974013,28.1503905,25.03122,32.1755235
"Marchman::659",1415,2,-10.861982,-12.6977301,-9.60077155,15.562398,13.07928235,19.1597585
"Marchman::66",1416,2,-3.6997214,-4.01758126,-3.371414835,27.632489,24.79350485,31.16860095
"Marchman::660",1417,2,-8.3631002,-8.72345345,-8.063925845,5.6887709,5.008907525,6.56625912
"Marchman::661",1418,2,-7.1473669,-8.20092649,-6.504488205,9.82147595,8.50179851,12.00243255
"Marchman::662",1419,2,-10.8430725,-11.38399295,-10.3672556,14.509071,13.51946495,15.6168544
"Marchman::663",1420,2,-10.3399755,-11.87286215,-9.42228479,12.261427,7.717465485,19.8192279
"Marchman::664",1421,2,-6.98036135,-7.13635626,-6.824142485,1.9455194,1.457181365,2.42576815
"Marchman::665",1422,2,-7.59089025,-8.102472345,-7.232202095,15.068088,9.631892225,24.32693935
"Marchman::666",1423,2,-6.7038002,-6.854580155,-6.557470795,8.60773395,7.729280795,9.61617216
"Marchman::667",1424,2,-8.5048586,-8.74291463,-8.276349175,12.8535125,11.83953005,13.9234747
"Marchman::668",1425,2,-9.9888006,-12.26920605,-8.443138,11.609368,8.14276755,16.75474505
"Marchman::669",1426,2,-11.8158585,-12.4240142,-11.2661065,21.9446695,20.2163549,23.8941487
"Marchman::67",1427,3,-11.3577205,-11.69105075,-11.0444185,5.40267065,2.42693874,8.716381245
"Marchman::670",1428,2,-10.8953825,-11.4836856,-10.4265086,11.930805,5.68072702,21.33157975
"Marchman::671",1429,2,-9.71107275,-10.0244674,-9.40958863,9.00849925,6.617058725,11.34872575
"Marchman::672",1430,2,-8.5415746,-8.87970283,-8.259519565,18.2359245,15.820197,21.2647802
"Marchman::673",1431,2,-5.6844111,-6.03733895,-5.43803774,11.418253,9.615010005,14.37932555
"Marchman::674",1432,2,-8.98867935,-9.433370475,-8.608979155,9.94033865,9.093406775,10.90524085
"Marchman::675",1433,2,-11.3345195,-13.199444,-10.28911655,8.5370239,5.32651892,14.12141255
"Marchman::676",1434,2,-9.8239717,-12.0409404,-8.36974785,12.2734565,8.28382664,18.26403005
"Marchman::677",1435,2,-4.8531423,-4.990774695,-4.70515181,3.19748355,2.846235725,3.53111567
"Marchman::678",1436,2,-9.32783775,-11.69385235,-7.50113186,13.6301505,10.06513095,18.3862426
"Marchman::679",1437,2,-11.109178,-11.4705943,-10.78404175,17.403769,11.8741454,23.2619429
"Marchman::68",1438,3,-10.8408665,-11.1232074,-10.55984235,-5.59400925,-7.11126708,-4.23401198
"Marchman::680",1439,2,-8.5244986,-9.82874921,-7.6528531,15.1603985,9.5680685,23.52992095
"Marchman::681",1440,2,-7.5437959,-7.75534448,-7.343397975,7.4212306,6.79435106,8.084599335
"Marchman::682",1441,2,-8.819572,-9.292940815,-8.406484435,13.4690875,12.50628075,14.5918773
"Marchman::683",1442,2,-7.7759729,-7.94399028,-7.609883885,2.9831706,2.51284652,3.47162681
"Marchman::684",1443,2,-10.438552,-10.8376966,-10.07911455,4.72382385,3.95422868,5.529959765
"Marchman::685",1444,2,-7.3918781,-7.58768377,-7.19441404,32.6722385,27.7550261,37.74769625
"Marchman::686",1445,2,-11.5673435,-12.19718885,-11.0312567,15.411816,11.831684,19.38432155
"Marchman::687",1446,2,-9.0975135,-11.309908,-7.375469145,14.438854,10.21742835,19.96235805
"Marchman::688",1447,2,-8.3028399,-8.530127765,-8.098556055,5.7260429,5.22727478,6.26058932
"Marchman::689",1448,2,-7.898024,-8.481088475,-7.477239025,10.2269535,8.980551535,11.98959235
"Marchman::69",1449,2,-7.40980635,-7.611731525,-7.21189883,10.8618695,8.944217145,13.5034904
"Marchman::690",1450,2,-7.8184562,-8.029021285,-7.608441605,18.948288,17.54153145,20.386338
"Marchman::691",1451,2,-8.1798021,-8.45913857,-7.94096101,5.38817605,4.81227007,6.038441615
"Marchman::692",1452,2,-8.1137678,-8.47392029,-7.811086055,6.74081585,6.13266653,7.419999275
"Marchman::693",1453,2,-10.093074,-12.0752127,-8.84690639,12.0247235,8.629114945,17.4091089
"Marchman::694",1454,2,-10.3451845,-10.93890875,-9.786637395,7.68941355,3.63701392,12.0655951
"Marchman::695",1455,2,-9.15313275,-9.565452275,-8.823794795,8.04437495,7.15275112,9.139988725
"Marchman::696",1456,2,-6.1440286,-6.30220708,-5.984713065,6.4888878,6.08243905,6.91324749
"Marchman::697",1457,2,-9.58250815,-9.89307192,-9.292293355,7.6214274,6.888004585,8.406149545
"Marchman::698",1458,2,-11.5932425,-12.8212252,-10.80356355,9.8253428,5.132167925,17.9038917
"Marchman::699",1459,2,-10.391718,-11.0762335,-9.942638975,5.3704742,3.968205665,7.742111135
"Marchman::7",1460,2,-7.76285545,-7.9552513,-7.573169155,2.1133649,1.522997335,2.71689823
"Marchman::70",1461,2,-5.8249438,-6.093933035,-5.559803755,15.504101,13.5943964,17.78793035
"Marchman::700",1462,2,-8.9412058,-9.20687909,-8.69086638,11.21749,9.697537855,12.7409441
"Marchman::701",1463,2,-9.5919128,-10.169159,-9.17163196,7.2253939,6.00608894,8.96691966
"Marchman::702",1464,2,-10.568648,-11.05517095,-10.15148425,14.643874,12.5533654,17.10312045
"Marchman::703",1465,2,-9.1580996,-9.692560705,-8.805095995,7.0265867,5.493820315,9.660278245
"Marchman::704",1466,2,-11.3060665,-12.24305425,-10.58611865,17.676175,15.9933326,19.80387135
"Marchman::705",1467,2,-9.78437635,-10.12064835,-9.488197785,5.3298507,4.7118699,6.00802412
"Marchman::706",1468,2,-9.4628199,-10.0650439,-8.962978155,15.8918495,14.80059415,17.18940925
"Marchman::707",1469,2,-9.05227015,-9.587132495,-8.67290296,13.717489,7.88266691,23.1930615
"Marchman::709",1470,2,-9.2539313,-10.78563495,-8.31138585,18.4786245,14.70960645,24.8948285
"Marchman::71",1471,3,-10.6637045,-10.90546635,-10.44058155,-8.44111235,-13.21049955,-3.55878600000001
"Marchman::710",1472,2,-8.03078465,-8.22017866,-7.83185943,1.15180025,0.6319618685,1.683020535
"Marchman::711",1473,2,-9.42767785,-9.65855606,-9.220160125,8.96869565,6.657397405,11.3369148
"Marchman::712",1474,2,-7.9779156,-8.295760215,-7.710310365,11.5565245,10.28673995,13.07109855
"Marchman::713",1475,2,-7.6688177,-7.88188978,-7.460688125,11.3313705,10.708463,11.98243675
"Marchman::714",1476,2,-11.128443,-13.1124858,-9.95360073,8.37930695,5.6719686,12.85213055
"Marchman::715",1477,2,-11.54986,-12.3193654,-11.03382825,3.7931911,2.5101086,5.80200747
"Marchman::716",1478,2,-7.61585025,-7.81524567,-7.431090795,4.70337735,4.246743565,5.19678134
"Marchman::717",1479,2,-10.1090995,-12.407066,-8.62673393,11.1658485,7.79964648,16.3107617
"Marchman::718",1480,2,-10.488358,-12.50895175,-9.140547355,11.650182,9.00706012,15.61025805
"Marchman::719",1481,2,-6.9580521,-7.12582212,-6.797165545,6.313515,5.882227785,6.73147906
"Marchman::72",1482,3,-9.9420024,-10.1444241,-9.752894985,3.45099635,-0.448761587,7.396577475
"Marchman::720",1483,2,-9.494441,-10.1822153,-9.068004055,6.53543975,5.135765085,8.90364399
"Marchman::721",1484,2,-9.40533785,-9.96879529,-8.94602482,9.91430875,8.96709866,10.9893333
"Marchman::722",1485,2,-11.5204795,-12.7964842,-10.744873,9.8742134,5.099630455,17.90658825
"Marchman::723",1486,2,-11.288553,-13.16684445,-10.09534805,8.6465618,6.15493905,12.5610869
"Marchman::724",1487,2,-8.8491575,-9.093609255,-8.614533845,4.77483465,4.156221175,5.434792885
"Marchman::725",1488,2,-10.0792225,-10.4514586,-9.739556455,9.4777079,8.388502185,10.68431005
"Marchman::726",1489,2,-10.9586025,-13.0512136,-9.65190411,8.7592008,6.058437415,13.1371507
"Marchman::728",1490,2,-9.21097,-9.55463627,-8.898942995,10.124117,9.041173995,11.34104915
"Marchman::729",1491,2,-6.96734465,-7.14300264,-6.8051908,5.4524142,5.075693595,5.84886348
"Marchman::73",1492,3,-11.209956,-11.53959855,-10.9047571,2.37364615,0.440721743,4.48137639
"Marchman::730",1493,2,-9.01059755,-9.28072672,-8.757751445,10.125941,9.194632805,11.1151271
"Marchman::731",1494,2,-6.6097205,-7.085055825,-6.22024939,9.8396048,8.907079725,10.9887014
"Marchman::732",1495,2,-12.0827285,-13.33912665,-11.23382095,12.223961,8.06625407,18.4749975
"Marchman::733",1496,2,-10.8363285,-11.4312625,-10.3909282,12.445658,6.441680205,21.96633525
"Marchman::735",1497,2,-15.0645165,-16.7541028,-13.8141903,1.1386996,-1.430165955,4.57230277
"Marchman::736",1498,2,-10.9365775,-12.8752597,-9.68135981,11.9816825,9.11921441,16.3761039
"Marchman::737",1499,2,-8.262461,-8.83327856,-7.80638315,11.581424,10.64870355,12.7101984
"Marchman::738",1500,2,-9.384824,-9.65293169,-9.129180005,6.20659855,5.37818872,7.081134955
"Marchman::739",1501,2,-10.5452165,-12.66531265,-9.24274417,10.1195845,6.867786305,15.34543375
"Marchman::74",1502,2,-7.8069455,-8.02447102,-7.593171705,7.30894805,6.19843387,8.568067535
"Marchman::740",1503,2,-7.97550175,-8.155013865,-7.79898242,7.408965,6.55910429,8.337079015
"Marchman::742",1504,2,-8.3942517,-9.44792344,-7.775966115,10.9562855,9.42012633,13.50716525
"Marchman::743",1505,2,-10.936508,-11.8677521,-10.322853,5.2449249,4.036189865,7.05120134
"Marchman::744",1506,2,-9.0619888,-9.559699775,-8.672939935,10.432142,9.05282041,12.16343645
"Marchman::745",1507,2,-6.2225678,-6.47128972,-5.996544885,8.24120895,7.629257245,8.929576265
"Marchman::746",1508,2,-9.62689395,-10.16336385,-9.19788481,8.10860895,7.131051645,9.330509175
"Marchman::747",1509,2,-7.1236837,-7.475348575,-6.815962965,9.76101375,9.09035013,10.5474846
"Marchman::748",1510,2,-6.8798919,-7.04950557,-6.707407135,13.426131,12.4691083,14.4379754
"Marchman::749",1511,2,-11.380585,-12.02495785,-10.8456855,9.6007139,8.25606582,11.246046
"Marchman::75",1512,3,-10.093576,-10.3276995,-9.87311546,5.10542205,3.613583415,7.28350816
"Marchman::750",1513,2,-8.3386817,-8.748671535,-8.01278195,8.52519915,7.412640155,9.915518135
"Marchman::751",1514,2,-9.56938865,-10.21491965,-9.07819892,9.101337,8.116369735,10.38771805
"Marchman::752",1515,2,-7.34014915,-7.583496905,-7.1041236,13.027162,12.3469419,13.74790465
"Marchman::753",1516,2,-11.538218,-13.07215475,-10.49941905,19.0025295,16.1307899,23.10960595
"Marchman::754",1517,2,-9.27334655,-9.631374405,-8.94449554,19.2186365,17.758928,20.9458993
"Marchman::755",1518,2,-10.1879025,-11.85972725,-9.099805905,11.7149265,7.3475308,18.59421185
"Marchman::756",1519,2,-8.4644791,-8.63521505,-8.312054495,-0.656767975,-1.20022423,-0.115648851
"Marchman::757",1520,2,-8.52207135,-8.870471635,-8.25999763,7.802433,6.075210885,10.83687625
"Marchman::758",1521,2,-10.1429005,-11.87373395,-9.047302605,11.851758,7.43465234,18.97255525
"Marchman::759",1522,2,-9.53575935,-9.917111735,-9.202943885,6.8092954,6.112034135,7.61942864
"Marchman::76",1523,3,-10.4199515,-10.709943,-10.1492561,21.074502,16.25696665,26.85674835
"Marchman::760",1524,2,-9.89678145,-10.39276595,-9.55740528,5.9989032,4.50825046,8.443111585
"Marchman::761",1525,2,-11.6994485,-13.3660144,-10.7537818,8.7282652,5.450072005,14.4444067
"Marchman::762",1526,2,-9.1607742,-9.388557895,-8.94355756,0.193119605,-0.7974614735,1.15400336
"Marchman::763",1527,2,-7.8351762,-7.996595865,-7.67850315,-0.68958621,-1.074442825,-0.3073223965
"Marchman::764",1528,2,-9.36887875,-10.6228264,-8.572821865,14.370158,9.198954905,22.44116335
"Marchman::765",1529,2,-8.4312768,-8.657939865,-8.223631725,8.6069618,7.50072195,9.823011005
"Marchman::767",1530,2,-9.95221515,-12.33946795,-8.333299195,11.3789365,8.179496115,16.07486665
"Marchman::768",1531,2,-11.059933,-12.4698032,-10.18522555,11.608313,7.34087751,18.6303838
"Marchman::769",1532,2,-8.3481124,-8.5867287,-8.12756721,10.24765,9.65789382,10.8702105
"Marchman::77",1533,3,-12.230847,-12.7515725,-11.76261125,7.30737635,3.16706843,13.6539495
"Marchman::770",1534,2,-8.483324,-8.68952717,-8.27902526,18.026547,14.45039605,21.635927
"Marchman::771",1535,2,-11.15488,-11.5296184,-10.7949288,41.5291455,34.48843435,49.0607061
"Marchman::772",1536,2,-8.4222052,-8.790482505,-8.130471485,7.8578249,6.58616718,9.67627813
"Marchman::773",1537,2,-9.48258175,-10.12998125,-8.997165835,10.5964555,9.151658165,12.6450903
"Marchman::774",1538,2,-9.0330253,-9.256552365,-8.8181108,-0.752224535,-1.94790697,0.4616772085
"Marchman::775",1539,2,-10.3585905,-10.71126575,-10.02332485,22.173553,18.5604992,25.9159104
"Marchman::776",1540,2,-8.51712015,-8.76007539,-8.283843355,9.4155934,8.26433933,10.57783955
"Marchman::777",1541,2,-9.1183639,-10.67768115,-8.071706,14.05754,8.904088925,21.85387675
"Marchman::778",1542,2,-10.726185,-11.62343985,-10.05732165,11.4769725,10.0587219,13.3645176
"Marchman::779",1543,2,-11.488478,-12.0501166,-10.99070375,16.8029325,14.9746778,18.82615265
"Marchman::780",1544,2,-8.13109665,-8.286466815,-7.980922565,-0.149993405,-0.7003380805,0.4211450355
"Marchman::781",1545,2,-10.6994855,-12.5330343,-9.52610635,16.322031,13.3935815,20.78988195
"Marchman::782",1546,2,-8.8154661,-10.94965215,-7.17951078,15.413059,10.3902945,21.89564
"Marchman::783",1547,2,-10.797261,-12.8044625,-9.68379627,10.1435285,6.220454435,16.93955085
"Marchman::784",1548,2,-8.0210839,-8.35429528,-7.72862875,10.408854,9.42444891,11.53992815
"Marchman::785",1549,2,-8.03458395,-8.351809825,-7.756634175,13.024958,12.1220199,14.0049612
"Marchman::786",1550,2,-10.107607,-11.01553095,-9.41004595,18.7031575,17.01879075,20.76483065
"Marchman::787",1551,2,-10.0584485,-12.33971255,-8.626378465,11.381559,7.838088775,17.0232459
"Marchman::788",1552,2,-10.0827375,-10.38550975,-9.80441458,4.8640118,3.92572259,5.874042205
"Marchman::789",1553,2,-7.97680455,-8.30002696,-7.68029733,10.3001705,9.64807349,11.007744
"Marchman::79",1554,2,-7.232424,-7.39246482,-7.073940825,1.12156335,0.804597055,1.446050515
"Marchman::790",1555,2,-6.9328837,-7.091626205,-6.779472005,5.1772245,4.81742896,5.54843144
"Marchman::791",1556,2,-10.069552,-10.38367335,-9.761208875,2.3657562,1.448057105,3.30706988
"Marchman::792",1557,2,-10.650651,-12.57440075,-9.494743035,10.885918,7.371942845,16.77751455
"Marchman::793",1558,2,-9.61743855,-11.82239985,-8.124611785,14.569625,11.22251205,19.6390033
"Marchman::794",1559,2,-9.29355535,-11.3409039,-7.864089035,14.8577195,10.47806545,21.02116055
"Marchman::795",1560,2,-9.870836,-11.716562,-8.644626635,17.1932605,13.7741991,22.1755837
"Marchman::796",1561,2,-6.39765245,-7.02078465,-5.82709961,20.183061,18.52151215,22.0602573
"Marchman::797",1562,2,-7.95305325,-8.521226855,-7.529303305,11.9905585,10.5460738,13.93405955
"Marchman::798",1563,2,-10.040887,-10.41079075,-9.711840875,12.086551,10.8238436,13.46331355
"Marchman::799",1564,2,-9.67583385,-10.0197825,-9.35771674,14.3813105,13.31988975,15.50864115
"Marchman::8",1565,3,-9.69782135,-9.984676655,-9.435623115,8.0322627,7.177932655,8.97504902
"Marchman::80",1566,2,-7.14235305,-7.34501516,-6.945783605,44.3248495,39.14294785,50.4736313
"Marchman::800",1567,2,-6.52473045,-6.6525354,-6.396583175,-0.330665065,-0.720042938,0.0581557084
"Marchman::801",1568,2,-9.8170648,-10.36348555,-9.3464839,16.4176205,14.77385455,18.32686555
"Marchman::802",1569,2,-7.521911,-7.85065508,-7.237332045,11.6475015,10.6698293,12.78566485
"Marchman::803",1570,2,-7.06845855,-7.79978375,-6.55628398,9.9980607,9.018895225,11.40550275
"Marchman::804",1571,2,-10.2881025,-10.74303045,-9.89856615,9.27730295,8.364081535,10.32389975
"Marchman::805",1572,2,-7.96736525,-8.146836355,-7.801008935,4.37503135,3.93355255,4.825746005
"Marchman::806",1573,2,-8.5745069,-8.78687835,-8.36770693,4.89430425,4.32270663,5.514434785
"Marchman::807",1574,2,-6.58279415,-6.751841645,-6.420443275,5.1656917,4.787357985,5.588487915
"Marchman::808",1575,2,-9.1326315,-9.86894731,-8.61920159,9.48620725,8.288039445,11.08357635
"Marchman::809",1576,2,-8.0187335,-8.294460765,-7.77226113,8.2310998,7.698555,8.790604625
"Marchman::81",1577,3,-10.9938075,-11.44152355,-10.55937725,11.937155,9.547121635,14.40597885
"Marchman::810",1578,2,-9.0161417,-9.31702545,-8.750556305,7.5013088,6.61397401,8.55508194
"Marchman::811",1579,2,-9.58386975,-11.9467799,-8.007256985,12.8010695,8.90351491,18.58585835
"Marchman::812",1580,2,-9.26546495,-11.4971165,-7.71121202,13.7431055,9.448749585,19.7557596
"Marchman::813",1581,2,-10.929362,-11.4534949,-10.50470325,6.05636625,4.73885661,7.619328435
"Marchman::814",1582,2,-12.5867385,-14.18845,-11.62139615,5.7603367,3.232006105,10.09265055
"Marchman::815",1583,2,-8.58641785,-8.873657715,-8.32756091,7.261526,6.549801165,8.05328305
"Marchman::816",1584,2,-8.85369845,-9.091068075,-8.626126665,5.8453122,5.034052385,6.627626525
"Marchman::817",1585,2,-12.4723365,-13.92811865,-11.4238782,17.9713575,15.32597665,21.51953045
"Marchman::818",1586,2,-10.0737185,-10.5972,-9.62765828,16.1190965,14.84626855,17.57180475
"Marchman::819",1587,2,-11.5051445,-12.0926339,-10.9870567,19.626425,18.37483355,20.95493785
"Marchman::82",1588,3,-10.6262085,-11.03245985,-10.2558867,23.5874275,22.2668403,24.9884514
"Marchman::820",1589,2,-10.440524,-10.9417799,-10.02905645,18.904045,17.3976036,20.6011857
"Marchman::821",1590,2,-9.01307605,-9.25766096,-8.782518325,-1.0303857,-1.76032496,-0.333911236
"Marchman::822",1591,2,-7.2129168,-7.509996635,-6.950714875,9.28829885,8.570766335,10.05447815
"Marchman::823",1592,2,-7.9123587,-8.13042587,-7.695740255,10.378574,9.75616938,11.02732845
"Marchman::824",1593,2,-10.962551,-11.54730095,-10.45952155,6.503462,5.426655745,7.735479195
"Marchman::825",1594,2,-8.3885869,-9.133316025,-7.92462401,8.00448015,6.638720905,10.24004985
"Marchman::826",1595,2,-7.8552283,-8.65538949,-7.3479753,10.254246,8.53657622,12.99916505
"Marchman::827",1596,2,-8.1625133,-8.56349795,-7.835943935,9.7727408,8.672715375,11.1070528
"Marchman::828",1597,2,-10.707601,-12.7961476,-9.41127699,9.01576425,6.471408795,13.1589867
"Marchman::829",1598,2,-10.3827725,-10.68475605,-10.10000345,-2.10659655,-3.205085375,-1.01421375
"Marchman::83",1599,2,-11.880948,-13.44789025,-10.8736239,10.697491,7.66701924,15.6083262
"Marchman::830",1600,2,-9.7282067,-9.982128085,-9.48029011,3.9383203,2.79900327,5.135121635
"Marchman::831",1601,2,-9.5241846,-9.971269295,-9.168875115,19.1221255,14.0519083,26.76657075
"Marchman::832",1602,2,-10.865065,-12.7400673,-9.705154185,9.33878075,6.19934257,14.4712692
"Marchman::833",1603,2,-7.32299955,-7.667098885,-7.017532555,11.3373095,10.55294475,12.2704876
"Marchman::834",1604,2,-9.5446314,-10.02364895,-9.149405555,10.2869245,9.07638804,11.74502695
"Marchman::835",1605,2,-8.8771515,-9.50403899,-8.444384675,12.097087,10.62424885,14.2811407
"Marchman::836",1606,2,-7.45562295,-7.6614759,-7.260105455,15.5936265,10.99889405,20.171249
"Marchman::837",1607,2,-9.8376322,-10.10697425,-9.581089385,5.90841595,4.366673405,7.72364326
"Marchman::838",1608,2,-7.12764405,-7.29712426,-6.965615415,24.4154695,21.229415,27.60131625
"Marchman::839",1609,2,-9.49284705,-9.99732506,-9.08715008,5.52566645,4.758302015,6.511235485
"Marchman::84",1610,3,-9.5164702,-9.734588145,-9.308951815,5.28782165,4.430227865,6.264185755
"Marchman::840",1611,2,-9.58328625,-9.917844785,-9.297240445,5.24363025,4.360168325,6.37592799
"Marchman::841",1612,2,-7.120911,-7.27816401,-6.975118545,9.16153255,8.260072615,10.0961716
"Marchman::842",1613,2,-9.50906555,-10.50366215,-8.874515285,10.442284,8.74426264,13.14277015
"Marchman::843",1614,2,-6.92975895,-7.066940035,-6.79585371,4.1081731,3.73009293,4.4891134
"Marchman::844",1615,2,-10.6346595,-12.1986785,-9.55282445,19.3650715,16.43577655,23.6598669
"Marchman::845",1616,2,-6.26571365,-6.400701735,-6.13205665,4.04401905,3.679220625,4.40802395
"Marchman::846",1617,2,-7.19092475,-7.492399395,-6.919597835,12.431813,11.6601755,13.2628879
"Marchman::847",1618,2,-10.933563,-12.5789658,-9.949092455,13.810642,10.2753153,19.5556819
"Marchman::848",1619,2,-10.9429975,-11.3915478,-10.52114245,12.529727,5.76593462,23.5442488
"Marchman::849",1620,2,-9.2818177,-9.56823099,-9.006088665,8.23649235,7.64532398,8.854373875
"Marchman::85",1621,3,-9.69934045,-9.916019945,-9.491319715,6.7050218,5.92066913,7.489130495
"Marchman::850",1622,2,-8.89735595,-9.628859735,-8.350889655,18.8050495,16.9111967,21.4433369
"Marchman::851",1623,2,-10.7729565,-11.77022685,-10.0874672,11.1242195,9.250366415,13.85320185
"Marchman::852",1624,2,-6.53165985,-6.708243285,-6.361854855,1.32891755,0.5803741775,2.075559345
"Marchman::853",1625,2,-8.3112462,-8.57538857,-8.06970763,7.9689872,7.360279315,8.63119278
"Marchman::854",1626,2,-9.52698975,-9.75140345,-9.302934125,3.0550472,2.34987317,3.82202209
"Marchman::855",1627,2,-4.0284837,-4.260631695,-3.7868374,-0.26664202,-1.23318752,0.678787672
"Marchman::856",1628,2,-11.571828,-13.14226235,-10.55110285,15.2021205,12.38419245,19.43163595
"Marchman::857",1629,2,-8.82827535,-9.082472115,-8.579782165,10.984263,10.18153895,11.76791005
"Marchman::858",1630,2,-8.5727672,-8.811910695,-8.347581485,10.3137505,9.561019785,11.09241955
"Marchman::859",1631,2,-4.5195589,-4.982254155,-4.18869523,12.8964465,11.1883994,15.72325675
"Marchman::86",1632,3,-11.196147,-11.599089,-10.85593515,12.578723,9.05017423,16.76617325
"Marchman::860",1633,2,-7.22100475,-7.41564013,-7.03854366,5.33291295,4.890826365,5.802692435
"Marchman::861",1634,2,-5.51185395,-5.71971394,-5.29482091,1.4188108,0.823689833,2.012616415
"Marchman::862",1635,2,-8.6111474,-8.834288575,-8.398478115,18.177258,12.97130415,26.21190545
"Marchman::863",1636,2,-8.6750028,-8.898076725,-8.46021226,13.519732,7.87519355,23.33164385
"Marchman::864",1637,2,-3.96051845,-4.16220492,-3.746241545,-2.9940005,-3.73849132,-2.265579475
"Marchman::865",1638,2,-7.88661175,-8.176987855,-7.63132751,7.9214931,7.2504761,8.663579555
"Marchman::867",1639,2,-9.5409658,-10.00599185,-9.17633271,7.63998805,6.430238635,9.212950625
"Marchman::868",1640,2,-7.84477475,-8.01303512,-7.68069284,31.5002205,28.62550495,34.4722257
"Marchman::869",1641,2,-10.7015,-11.0987454,-10.32571535,-7.51918375,-11.5620886,-3.631961495
"Marchman::87",1642,2,-7.3057531,-7.50632812,-7.102096125,16.494207,14.3747582,18.92481575
"Marchman::870",1643,2,-8.490105,-10.483332,-6.94919779,16.30513,10.9032295,23.31500615
"Marchman::871",1644,2,-9.9633283,-10.35268615,-9.603322045,17.959996,16.62832975,19.3839251
"Marchman::872",1645,2,-8.7845231,-9.776953805,-8.093648355,17.5996315,15.5050142,20.6894741
"Marchman::873",1646,2,-10.648128,-11.7675092,-9.903382225,11.4755975,9.76612596,14.0184549
"Marchman::874",1647,2,-10.0357745,-10.81853035,-9.47914556,9.15778885,7.89117634,10.9570807
"Marchman::875",1648,2,-6.40110975,-6.567956245,-6.238218115,9.7765814,9.205862345,10.35180945
"Marchman::876",1649,2,-10.0734055,-10.49502435,-9.74345233,6.52728045,5.283615365,8.265570755
"Marchman::877",1650,2,-8.6022205,-8.815777085,-8.391774715,8.94086415,7.336327245,10.80747435
"Marchman::878",1651,2,-7.90463585,-8.13285745,-7.69500593,6.9461487,6.35536458,7.619381
"Marchman::879",1652,2,-4.4572939,-4.655939845,-4.254003275,17.100041,15.60659045,18.98807025
"Marchman::88",1653,2,-7.2335192,-7.760924865,-6.72536713,29.1443735,22.84308605,35.7336743
"Marchman::880",1654,2,-8.31783995,-8.48166556,-8.154376315,4.07383785,2.7050593,5.52773062
"Marchman::881",1655,2,-9.91414915,-10.18815315,-9.6521244,4.0502859,2.86856681,5.42945921
"Marchman::882",1656,2,-9.90858985,-10.19170125,-9.63079276,-0.544113185,-1.604387275,0.521096333999999
"Marchman::883",1657,2,-11.5899365,-13.32706985,-10.43852175,11.215905,8.617327525,15.13607715
"Marchman::884",1658,2,-5.7765724,-5.95647142,-5.601332385,7.1273383,6.53949336,7.743548495
"Marchman::885",1659,2,-10.295778,-10.676599,-9.94656833,3.0810364,2.13673085,4.06674092
"Marchman::886",1660,2,-2.38214045,-2.96558958,-1.87701877,20.5218915,15.6123627,29.7147774
"Marchman::887",1661,2,-8.15845255,-8.405473885,-7.923727295,4.8814954,4.410551085,5.378760995
"Marchman::888",1662,2,-7.0547466,-7.22131671,-6.89234618,7.27395065,6.785108595,7.781812745
"Marchman::889",1663,2,-7.9976938,-8.41471935,-7.64929946,9.0159108,8.276779735,9.881852965
"Marchman::89",1664,2,-9.5284321,-9.804195135,-9.265255125,13.847256,7.633970415,23.80715005
"Marchman::890",1665,2,-8.38723505,-8.68860442,-8.13078009,8.6866626,7.812003425,9.71070391
"Marchman::891",1666,2,-7.396366,-7.57803068,-7.218429185,6.8261357,6.38127766,7.282930955
"Marchman::892",1667,2,-8.95846115,-9.702572825,-8.481188695,8.46919035,6.856759345,11.0278916
"Marchman::893",1668,2,-7.49836305,-7.67935161,-7.322458975,22.878916,19.3279097,27.19384915
"Marchman::894",1669,2,-8.8226315,-9.059583505,-8.597650025,13.57763,7.90071607,23.00320695
"Marchman::895",1670,2,-9.91612335,-10.2442853,-9.628103035,9.03350355,4.753927495,13.51924205
"Marchman::896",1671,2,-12.131412,-13.8744266,-11.07150955,9.54799375,6.899162025,13.93765075
"Marchman::897",1672,2,-10.3401705,-10.70230725,-10.00508935,12.857011,6.15019743,22.8496947
"Marchman::898",1673,2,-8.83071595,-9.416565015,-8.28102501,17.209461,10.39476615,23.9321062
"Marchman::899",1674,2,-9.960036,-10.2947388,-9.64606002,15.4510005,14.6114273,16.34028245
"Marchman::9",1675,2,-12.1736225,-12.7659394,-11.65021345,2.02626475,-0.228836093,4.657450405
"Marchman::90",1676,2,-7.67300235,-7.84352468,-7.50663624,16.3869565,13.21426575,21.02641815
"Marchman::900",1677,2,-9.03607745,-9.35898274,-8.747874725,10.559665,9.718748985,11.47322175
"Marchman::901",1678,2,-7.976563,-8.225774445,-7.733486455,9.2760771,8.72354022,9.867136365
"Marchman::902",1679,2,-9.05926495,-9.408272055,-8.7500007,9.7324234,8.6682016,10.9336565
"Marchman::903",1680,2,-0.22788875,-0.5784105685,0.1357277465,33.3889115,31.4444857,35.4700645
"Marchman::904",1681,2,-7.31403675,-7.51418718,-7.11405542,29.968764,24.98756035,34.93174275
"Marchman::905",1682,2,-5.945317,-6.26803412,-5.431386655,14.4967345,10.08384355,23.1284336
"Marchman::907",1683,2,-9.32335805,-9.60225455,-9.07658026,5.91480645,5.22675595,6.657150125
"Marchman::908",1684,2,-7.9803025,-8.170862995,-7.786164255,6.56931825,5.43562872,8.127659705
"Marchman::909",1685,2,-9.13032365,-9.405511385,-8.8707155,10.336768,9.392378875,11.33573795
"Marchman::91",1686,2,-10.544382,-11.01096615,-10.11465415,10.0016315,8.786227285,11.3029917
"Marchman::910",1687,2,-10.594339,-11.1195499,-10.15156995,18.271511,16.68145585,20.133416
"Marchman::911",1688,2,-7.82465385,-8.08982201,-7.591871455,10.735445,9.92243552,11.6181121
"Marchman::912",1689,2,-6.50509065,-6.74801343,-6.2764864,7.9645012,7.516982085,8.42861747
"Marchman::913",1690,2,-10.172009,-12.35290125,-8.68929094,11.032219,7.681591745,15.9951818
"Marchman::914",1691,2,-9.5996572,-10.73850715,-8.81757548,12.271763,10.7460787,14.5012443
"Marchman::915",1692,2,-8.2854244,-8.48272169,-8.094819365,51.1984995,44.230251,58.50903085
"Marchman::916",1693,2,-9.88108465,-10.492227,-9.36231856,11.926987,10.73594895,13.3259322
"Marchman::917",1694,2,-8.20645445,-8.59391963,-7.88322348,11.011091,9.884445025,12.28826135
"Marchman::918",1695,2,-9.89758355,-10.1426265,-9.671804065,7.87051655,5.753580775,10.14320065
"Marchman::919",1696,2,-10.372778,-10.754755,-10.02047105,14.3133785,13.46801235,15.18430955
"Marchman::92",1697,3,-8.33771035,-8.51880813,-8.16247366,9.6804471,7.40828789,12.9727719
"Marchman::920",1698,2,-5.89186645,-6.23842866,-5.57728003,10.30651,9.606896215,11.0649768
"Marchman::921",1699,2,-9.04760985,-9.288426625,-8.80876995,3.48136745,2.54248767,4.47748599
"Marchman::922",1700,2,-7.28750375,-7.432015665,-7.15006374,6.26682265,5.57827745,6.997955265
"Marchman::923",1701,2,-8.01594995,-8.25223127,-7.780653405,6.69616855,5.48246341,8.135311375
"Marchman::924",1702,2,-6.8502457,-7.2219676,-6.527045295,7.6199466,6.88614351,8.517118385
"Marchman::925",1703,2,-9.1905547,-10.26137735,-8.49251081,11.217473,9.609313945,13.601112
"Marchman::926",1704,2,-11.7876025,-12.74780965,-11.05339295,13.6737845,12.09093775,15.6757544
"Marchman::927",1705,2,-8.628533,-9.036209205,-8.282047355,10.5147585,9.72168149,11.45322005
"Marchman::928",1706,2,-10.8709525,-11.40064045,-10.42072615,9.47188675,8.0332268,11.16600425
"Marchman::929",1707,2,-11.1095655,-11.58052045,-10.7262569,4.63526285,3.30379154,6.197934755
"Marchman::93",1708,2,-11.5064335,-12.1650133,-10.9734587,11.461138,5.02769537,21.09383115
"Marchman::930",1709,2,-9.71128815,-10.74985325,-9.05012326,9.94089515,8.40020624,12.26108175
"Marchman::931",1710,2,-10.0162235,-10.7492652,-9.43944417,12.575956,11.33622915,14.12780875
"Marchman::932",1711,2,-10.438808,-12.21598055,-9.34672935,11.5467475,7.742850165,17.6474848
"Marchman::933",1712,2,-7.74087895,-7.937391595,-7.54636087,6.87844895,6.35136997,7.414260825
"Marchman::934",1713,2,-7.5470605,-7.703252355,-7.40186615,5.3320443,4.78337004,5.876402275
"Marchman::935",1714,2,-8.1536014,-8.36898697,-7.954068685,5.29586235,4.572355835,6.15343697
"Marchman::936",1715,2,-7.76631815,-7.94232289,-7.59452251,8.26455165,7.53090225,9.037705675
"Marchman::937",1716,2,-6.53047515,-6.86781902,-6.2739827,31.129071,26.8954368,36.60236355
"Marchman::938",1717,2,-8.6661742,-8.88855954,-8.454622075,9.79659625,7.49984286,12.180519
"Marchman::939",1718,2,-9.70268185,-10.0010061,-9.431173185,12.518406,9.343937595,16.3099305
"Marchman::94",1719,2,-10.615364,-11.00812755,-10.24400725,2.98879925,1.4815583,4.63010216
"Marchman::940",1720,2,-11.159207,-12.84938095,-10.1267629,10.6920335,7.167160725,16.53541705
"Marchman::941",1721,2,-9.84542005,-10.16763025,-9.55026919,1.45920715,-0.00850563308499991,2.99351632
"Marchman::942",1722,2,-10.056957,-12.03843675,-8.80297216,13.3264725,9.899164885,18.71938065
"Marchman::943",1723,2,-8.92797895,-9.233259925,-8.66406609,7.35372795,6.42559567,8.377995875
"Marchman::944",1724,2,-11.0410065,-12.6520064,-10.0778785,10.4151275,6.58384304,17.0663538
"Marchman::945",1725,2,-10.362667,-12.4820602,-8.93507931,12.2322055,9.41866385,16.40351445
"Marchman::946",1726,2,-9.25808335,-9.689142155,-8.862863925,9.11330005,8.27536142,10.05102245
"Marchman::947",1727,2,-9.40364455,-9.76007656,-9.080049365,13.734954,12.7973136,14.76253
"Marchman::948",1728,2,-9.1949668,-9.59735373,-8.849648385,9.9135626,8.72133652,11.28870885
"Marchman::949",1729,2,-10.2658185,-10.6473024,-9.95552564,3.7618617,2.86768114,4.88797608
"Marchman::95",1730,2,-11.574319,-12.25969285,-10.97092095,-1.40479945,-4.102320005,1.19694172
"Marchman::950",1731,2,-9.66763805,-9.92199519,-9.42295694,3.3880469,2.49940944,4.30927869
"Marchman::951",1732,2,-6.70483315,-7.084092945,-6.374133835,16.4678635,15.3525374,17.72209245
"Marchman::952",1733,2,-6.760078,-7.145423205,-6.44705419,7.3424633,6.720700335,8.103770775
"Marchman::953",1734,2,-9.82571835,-10.1273706,-9.556895495,5.182503,4.32724046,6.125481155
"Marchman::954",1735,2,-8.30724165,-8.744281285,-7.952230495,13.3360765,12.12726745,14.8397989
"Marchman::955",1736,2,-10.555232,-10.9339398,-10.22600095,12.513247,9.78962441,15.91118945
"Marchman::956",1737,2,-10.729641,-12.58465065,-9.666610955,10.890985,7.20818643,17.32842935
"Marchman::957",1738,2,-9.6149314,-9.93962706,-9.316554575,11.3502335,10.1313509,12.7272328
"Marchman::958",1739,2,-10.834539,-11.2936874,-10.41375305,9.2998609,8.304639375,10.36623995
"Marchman::959",1740,2,-10.565118,-11.0058063,-10.1563306,10.826565,9.754865665,11.95962135
"Marchman::96",1741,2,-7.55124375,-7.75195255,-7.354592025,38.5750365,33.25648315,44.36065565
"Marchman::960",1742,2,-7.48723615,-7.668143535,-7.31132828,12.0782415,10.29202915,14.14222995
"Marchman::961",1743,2,-9.5189326,-11.89122095,-7.867295755,13.0862435,9.30463463,18.44115545
"Marchman::962",1744,2,-9.38821585,-10.31973525,-8.75634973,13.318715,12.00385685,15.10977695
"Marchman::963",1745,2,-8.0926144,-8.330212175,-7.86285215,9.5412363,8.94308345,10.1187638
"Marchman::964",1746,2,-10.1268465,-12.0647128,-8.99340579,11.3990155,7.48547592,18.0878938
"Marchman::965",1747,2,-11.002015,-11.7563699,-10.40485405,17.0961895,15.4207754,19.10875875
"Marchman::966",1748,2,-9.35535345,-9.684281955,-9.056990055,6.3384535,5.65967887,7.127441485
"Marchman::967",1749,2,-9.37429185,-9.70189381,-9.065449115,10.14597,9.401418715,10.9256619
"Marchman::968",1750,2,-11.004392,-11.79092045,-10.2357267,15.9613795,8.50936369,25.06884325
"Marchman::969",1751,2,-8.9619935,-9.174066325,-8.75563208,12.820427,10.7223245,15.16094475
"Marchman::97",1752,3,-7.96443155,-8.18545034,-7.754538455,13.597584,12.7920646,14.42313825
"Marchman::970",1753,2,-7.9444767,-8.147909205,-7.754402405,8.1486359,7.474596965,8.84716603
"Marchman::972",1754,2,-10.1431235,-10.73585075,-9.66816842,6.3390512,5.33287193,7.547480385
"Marchman::973",1755,2,-8.81088695,-9.541558605,-8.27176054,12.327871,11.0102091,14.12856405
"Marchman::974",1756,2,-9.94229505,-11.6975937,-8.84951349,15.0708645,11.2284447,21.08940035
"Marchman::975",1757,2,-10.504468,-10.85890945,-10.15097555,-0.53113071,-7.91733956,7.511781685
"Marchman::976",1758,2,-12.2558115,-13.80920535,-11.34015435,7.4886841,3.97064922,13.70882115
"Marchman::977",1759,2,-7.4040875,-7.58362696,-7.23029809,20.932557,17.941712,24.37650115
"Marchman::978",1760,2,-7.92582175,-8.219700875,-7.63387884,10.954045,8.923386455,13.2834849
"Marchman::979",1761,2,-8.58052915,-8.79840468,-8.363911555,7.415604,5.9627056,9.1828887
"Marchman::98",1762,2,-7.5346112,-7.8361628,-7.20673559,14.882123,11.83402165,18.7722091
"Marchman::980",1763,2,-10.838372,-11.27602825,-10.4183536,14.7056425,13.32911275,16.1240058
"Marchman::981",1764,2,-7.29751835,-7.51003307,-7.10560406,15.799047,13.456878,18.9092348
"Marchman::982",1765,2,-12.0651735,-13.4708392,-11.1001404,16.0723195,13.17128875,20.39522065
"Marchman::983",1766,2,-11.9635705,-13.6128106,-10.9400396,11.699445,8.815991105,16.1969516
"Marchman::984",1767,2,-10.235651,-10.60941255,-9.879005235,9.03780045,8.17335907,9.943710235
"Marchman::985",1768,2,-11.6615515,-13.27398825,-10.6266014,14.8522405,12.0523642,19.2206996
"Marchman::986",1769,2,-9.88684725,-11.7628129,-8.65823494,12.159595,7.99142163,18.78215875
"Marchman::987",1770,2,-11.0203395,-12.6537631,-9.975845725,15.0736115,12.2709993,19.58841325
"Marchman::988",1771,2,-9.76871785,-11.9737271,-8.40636712,14.09876,10.728702,19.5822022
"Marchman::989",1772,2,-10.1559015,-10.5613087,-9.78979871,8.83259015,7.95554601,9.806365365
"Marchman::99",1773,2,-10.830111,-11.2797272,-10.44655315,16.0366525,9.813601915,24.4544158
"Marchman::990",1774,2,-9.67402975,-9.903425945,-9.47011991,2.510367,1.73643207,3.30656958
"Marchman::991",1775,2,-8.80446255,-9.065579855,-8.561359185,5.22538045,4.617960275,5.854950265
"Marchman::992",1776,2,-6.8774211,-7.358175175,-6.49136064,8.89298785,8.14768065,9.789001725
"Marchman::993",1777,2,-9.63548325,-9.93852967,-9.35238483,10.2482575,7.2443598,14.9534166
"Marchman::994",1778,2,-9.8225182,-11.52998045,-8.68589908,12.6411235,8.00112871,19.6277843
"Marchman::995",1779,2,-9.75668665,-10.0355836,-9.507671235,7.52543055,6.25139942,8.93527247
"Marchman::996",1780,2,-10.1262615,-10.42332645,-9.86389609,4.03261965,3.08496856,5.10133524
"Marchman::997",1781,2,-7.89355635,-8.324892035,-7.52762694,10.73616,10.00292495,11.5943104
"Marchman::998",1782,2,-8.8860979,-9.25636211,-8.5549038,13.234018,12.3437921,14.20422945
"Marchman::999",1783,2,-11.1826315,-11.68670425,-10.741696,19.0461345,17.3944162,20.84068825
"Marchman::AA02F057",1784,3,-8.6865499,-8.897883945,-8.47412313,10.965859,10.36378465,11.6050724
"Marchman::AA19M056",1785,2,-12.593609,-13.09434895,-12.13605835,26.316053,24.5363943,28.22359715
"Marchman::AB02M097",1786,2,-10.957456,-11.3473782,-10.57419995,11.475682,10.401489,12.56043175
"Marchman::AB03F018",1787,2,-10.253369,-10.59974565,-9.914183465,13.704999,12.4837603,14.9521758
"Marchman::AB05M098",1788,2,-10.6916355,-11.09252195,-10.32041115,10.3232165,8.8438814,11.82508475
"Marchman::AB09M014",1789,4,-9.41038715,-9.63147892,-9.191704385,8.97215105,8.29123691,9.666455045
"Marchman::AB11M035",1790,3,-8.0308938,-8.154152805,-7.910726105,10.812861,9.463488215,12.1910842
"Marchman::AC03F018",1791,2,-7.54982325,-7.74951943,-7.350375125,10.5711975,9.697715435,11.43679185
"Marchman::AC05F088",1792,2,-9.4315572,-9.710592225,-9.165415555,14.597777,13.5530349,15.6977065
"Marchman::AC05M098",1793,2,-8.10615175,-8.30445687,-7.9085726,12.556601,11.6756994,13.4619862
"Marchman::AC11M048",1794,3,-11.541504,-11.9037763,-11.1944202,11.644248,10.8504626,12.48030095
"Marchman::AC13M067",1795,3,-7.78708015,-7.955085865,-7.63501117,12.8077515,12.12691605,13.502985
"Marchman::AD02F018",1796,2,-4.15909,-4.335369465,-3.982212835,17.562931,16.2675702,18.96761865
"Marchman::AD04M059",1797,2,-12.1126,-12.5352388,-11.71069715,23.0151405,21.6026239,24.4960038
"Marchman::AD08F059",1798,3,-4.87107755,-4.98681665,-4.757094395,10.6921495,9.93282713,11.443738
"Marchman::AF12M075",1799,3,-7.5809668,-7.75193661,-7.41907588,9.45984945,8.252090265,10.8757216
"Marchman::AH02F038",1800,2,-11.0924345,-11.5827721,-10.63289825,9.0022141,7.44551924,10.71243995
"Marchman::AH03M018",1801,2,-14.3100695,-15.00831655,-13.62825495,21.484712,19.87662445,23.1216442
"Marchman::AH08M123",1802,2,-10.400032,-10.7781096,-10.0179052,9.4678905,8.465066975,10.45623985
"Marchman::AJ12M055",1803,3,-9.1020172,-9.30962457,-8.90539026,16.302495,15.55151455,17.06209855
"Marchman::AK03M038",1804,2,-16.316084,-17.0251189,-15.64367415,27.4590825,25.73329125,29.2909598
"Marchman::AK11F045",1805,2,-8.0968906,-8.29696022,-7.90210635,12.982526,10.123419,15.90686635
"Marchman::AK18F025",1806,2,-10.2147445,-10.57076695,-9.88330505,7.08182815,5.918063325,8.33179359
"Marchman::AL02M097",1807,3,-6.6615918,-6.77282172,-6.54920346,6.59601905,6.176603875,7.02421855
"Marchman::AL03F059",1808,3,-9.56650495,-9.795867205,-9.331378375,11.4065585,10.75375835,12.04874645
"Marchman::AL10F107",1809,2,-7.3996544,-7.579922795,-7.223421435,12.55904,11.7198523,13.40016285
"Marchman::AL16F104",1810,2,-11.5027085,-11.9061561,-11.1415374,5.5818705,1.363880905,10.121415
"Marchman::AM05M018",1811,2,-11.542207,-12.23555795,-10.85126805,14.544021,13.0137876,16.1371584
"Marchman::AP21F095",1812,2,-12.7407065,-13.3159363,-12.1996391,15.8546445,14.36475785,17.34544205
"Marchman::AR09F054",1813,2,-10.8657455,-11.32490295,-10.44581195,13.1896715,11.3854273,15.19475925
"Marchman::AS01F038",1814,2,-12.669442,-13.46647025,-11.9610278,10.9706275,8.600258655,13.59134305
"Marchman::AS02M057",1815,2,-8.1471843,-8.40826935,-7.889791605,8.05844325,7.034430325,9.09804821
"Marchman::AS09F024",1816,2,-8.8844291,-9.10718223,-8.66514757,29.8484705,23.58829975,36.3155713
"Marchman::AS12F123",1817,3,-10.211475,-10.47893095,-9.954693455,10.4431525,9.57281498,11.3672201
"Marchman::AS17F115",1818,3,-9.6889327,-9.899750485,-9.485460115,15.1634915,14.29881,16.00042445
"Marchman::AS20F095",1819,2,-5.9381931,-6.18180289,-5.694146745,8.89232565,7.827816405,9.987927955
"Marchman::AS2F038A",1820,2,-11.332813,-11.716101,-10.95403425,19.8311065,18.47799285,21.20389855
"Marchman::BA03M088",1821,3,-7.84254465,-8.013084965,-7.67562147,7.3772622,6.88136897,7.881388535
"Marchman::BB03M107",1822,2,-9.605528,-9.964536115,-9.26478335,7.00368875,5.697576145,8.324900005
"Marchman::BC13F074",1823,2,-12.2368905,-12.8742909,-11.6326508,12.957698,10.91808365,15.01549245
"Marchman::BC18M103",1824,2,-10.9236225,-11.3464324,-10.527663,13.028261,11.49044195,14.5535378
"Marchman::BD03F057",1825,3,-6.6368964,-6.8189756,-6.464454005,11.3714335,10.61290485,12.1556112
"Marchman::BG03M057",1826,2,-8.85914755,-9.298200795,-8.412323005,4.90527055,3.85270719,5.94463581
"Marchman::BG03M107",1827,2,-12.7277795,-13.82119995,-11.9244072,10.367071,7.815324015,13.73501795
"Marchman::BG3M107A",1828,2,-12.920011,-14.4678036,-11.94546705,8.5908754,5.55045349,13.27215465
"Marchman::BH04M088",1829,2,-9.6647304,-9.983427855,-9.35449346,12.7339235,11.55266395,13.8731212
"Marchman::BH11F095",1830,3,-9.24641955,-9.438460585,-9.069046665,14.1831995,13.32469525,15.03637005
"Marchman::BH15M123",1831,2,-11.1586965,-11.63771805,-10.7217766,11.484859,10.1946389,12.8308432
"Marchman::BO00M038",1832,4,-8.1635515,-8.30338899,-8.020703255,7.3229657,6.923247005,7.7350148
"Marchman::BR03F018",1833,3,-10.040153,-10.30308325,-9.77413599,14.262651,13.5163966,15.00744095
"Marchman::BR09M084",1834,4,-13.761343,-14.2211521,-13.30969005,17.9815315,16.96812175,19.0166182
"Marchman::BS10M123",1835,2,-8.188609,-8.3832737,-7.99116892,10.472236,9.71631967,11.25295335
"Marchman::BW03F088",1836,2,-8.709944,-8.941453025,-8.492252615,10.624641,9.678430785,11.56898385
"Marchman::CA02F097",1837,2,-6.7333402,-6.946238455,-6.51477497,10.3845885,9.45142623,11.39459045
"Marchman::CB03F038",1838,2,-8.17974935,-8.380782705,-7.979945595,7.72956355,6.45679349,9.147838025
"Marchman::CB03M107",1839,2,-9.96423125,-10.4143727,-9.587251585,6.61059745,5.569795345,7.83854713
"Marchman::CB04M047",1840,2,-7.4629174,-7.63816997,-7.287471855,12.1522555,11.41920245,12.9139281
"Marchman::CB04M098",1841,3,-9.7296845,-9.979802175,-9.48272775,14.4709315,13.71289115,15.2292879
"Marchman::CB04M117",1842,2,-7.1634085,-7.367649195,-6.964708735,7.2682983,6.648571865,7.876389625
"Marchman::CB19F054",1843,2,-11.768166,-12.31249865,-11.28590915,14.960169,13.5322889,16.53023755
"Marchman::CC02F059",1844,3,-6.53176595,-6.722563905,-6.351912355,13.912938,12.8240628,15.06107505
"Marchman::CC05M098",1845,2,-9.13990305,-9.408680565,-8.889447935,12.987456,11.9147951,14.10097905
"Marchman::CD04F107",1846,2,-9.9156245,-10.2240867,-9.619091,13.9248625,12.9099036,14.92176905
"Marchman::CD05F069",1847,2,-8.05159005,-8.30535128,-7.793378965,10.60738,9.5354998,11.61578175
"Marchman::CE02F107",1848,2,-14.2985445,-15.13887565,-13.4628781,23.9478615,21.8882057,26.01355855
"Marchman::CG04F088",1849,3,-11.7463085,-12.1270477,-11.3932161,14.432314,13.5551652,15.3411635
"Marchman::CG04M108",1850,3,-6.8195136,-6.963508165,-6.679878595,11.3058395,10.62520195,12.02843
"Marchman::CH02F038",1851,3,-9.12583135,-9.352889755,-8.89896881,6.0155654,5.432363285,6.633765765
"Marchman::CH03F018",1852,3,-7.04114095,-7.190502935,-6.89637723,10.077273,9.46485275,10.73775185
"Marchman::CH03F038",1853,2,-10.5881895,-10.9125031,-10.28359375,23.411358,22.173159,24.7266718
"Marchman::CH04M048",1854,3,-9.1781288,-9.42481903,-8.946497815,12.919664,12.2776178,13.59139905
"Marchman::CJ02F038",1855,2,-9.3258365,-9.662250375,-8.979688705,7.1429316,5.8541126,8.41504833
"Marchman::CK03M059",1856,4,-11.296096,-11.6371525,-10.976636,11.3294695,10.5755582,12.16296025
"Marchman::CL03M018",1857,3,-8.5047217,-8.70873723,-8.3051618,10.2452845,9.64667694,10.82940585
"Marchman::CM02M057",1858,3,-8.9495932,-9.169717615,-8.72831804,15.1942685,14.36828675,16.04194695
"Marchman::CM02M059",1859,3,-8.2843341,-8.448457475,-8.12003197,10.029793,9.46648378,10.59452475
"Marchman::CO04M098",1860,3,-7.9944919,-8.174014355,-7.825209865,12.265043,11.5451097,13.03359215
"Marchman::CP03M018",1861,2,-9.86939915,-10.4594188,-9.323453375,13.0412525,11.69610545,14.5007591
"Marchman::CP13F067",1862,2,-6.53948215,-6.725934875,-6.35416187,6.13724265,5.47739893,6.81267293
"Marchman::CR03M059",1863,2,-11.139575,-11.6555883,-10.67489335,10.8199285,8.57411411,13.11844205
"Marchman::CR06F057",1864,2,-5.4352238,-5.636013595,-5.222719615,7.4108551,6.29337807,8.498552205
"Marchman::CR12F087",1865,3,-8.1933955,-8.45451449,-7.95790654,9.612746,8.70126614,10.6170491
"Marchman::CS02M058",1866,3,-10.603106,-10.9047336,-10.3063771,8.74032185,8.01360547,9.46531231
"Marchman::CS02M097",1867,2,-9.1031351,-9.39287214,-8.827172495,5.80318755,4.75910709,6.92235179
"Marchman::CS04M077",1868,2,-8.99295605,-9.206749105,-8.79513023,7.75345595,6.382863295,9.194447075
"Marchman::CS05M098",1869,3,-6.4613962,-6.6178776,-6.304451855,7.36639035,6.846360015,7.87924343
"Marchman::CS06F077",1870,3,-7.6601839,-7.84733295,-7.4701267,8.3530055,7.77961791,8.912542165
"Marchman::CS2M107A",1871,2,-8.89441055,-9.17317561,-8.63537208,6.80552625,6.03220435,7.656607655
"Marchman::CT03F018",1872,2,-4.94045935,-5.1807225,-4.696540725,13.7294555,11.7852375,15.7462263
"Marchman::CW08M057",1873,2,-10.3321975,-10.8391192,-9.84656527,5.41763005,3.83323505,7.00801484
"Marchman::CW14M067",1874,2,-7.18997355,-7.37591982,-6.996127005,7.05425515,6.45050566,7.646683415
"Marchman::CW18M026",1875,2,-8.2087498,-8.40920392,-8.00426328,11.735414,10.83422525,12.63969365
"Marchman::DA12M084",1876,2,-9.6568579,-9.90109859,-9.418523055,3.6830513,2.53134626,4.91548849
"Marchman::DC16M114",1877,2,-6.04675205,-6.162318635,-5.9371157,9.37325565,7.417882575,11.32846705
"Marchman::DI02M038",1878,3,-11.6174635,-12.00310105,-11.2468497,21.453154,20.174647,22.8193727
"Marchman::DM03M018",1879,2,-9.86860925,-10.22610075,-9.51535889,12.41767,11.4976032,13.3649383
"Marchman::DM18M044",1880,2,-11.277342,-11.80520865,-10.80765085,5.04277235,3.10817778,7.121979895
"Marchman::DN05F088",1881,2,-9.69707165,-10.00239135,-9.41650971,10.5852285,9.46501436,11.7735284
"Marchman::DN12F067",1882,2,-8.19952935,-8.400886305,-8.00666617,7.4721174,6.916437965,8.048208545
"Marchman::DO09M025",1883,3,-11.2704285,-11.63785285,-10.9282625,14.7179705,13.9516687,15.5200177
"Marchman::DS02M038",1884,3,-10.6033895,-10.8691689,-10.3488185,12.432928,11.73425755,13.1485786
"Marchman::DW02M047",1885,2,-9.41327595,-9.709676105,-9.104757775,9.67635625,8.56576747,10.77909685
"Marchman::DW03M018",1886,2,-8.41518575,-8.955423275,-7.8791921,8.4198765,7.13150497,9.73382922
"Marchman::EB03F107",1887,2,-9.27894335,-9.532547165,-9.03903608,13.706635,12.8673483,14.58350685
"Marchman::EB05F098",1888,2,-9.294014,-9.728353285,-8.924389075,10.2478195,9.114396955,11.60284305
"Marchman::EB12F113",1889,2,-11.5187235,-12.0741435,-11.03140765,8.90172105,7.044601425,10.96054555
"Marchman::EC05F098",1890,2,-6.99890775,-7.163714815,-6.830429675,11.5555545,10.6897776,12.44504025
"Marchman::ED06M117",1891,2,-10.031017,-11.5573679,-9.105409895,16.3483685,12.61828855,22.56295795
"Marchman::EF08F014",1892,2,-8.7071479,-8.997999275,-8.441535245,14.760414,13.86886735,15.71212215
"Marchman::EK05F098",1893,2,-8.1765038,-8.380431775,-7.97306514,12.344559,11.4405193,13.26715385
"Marchman::EL05F098",1894,2,-7.41974155,-7.69512904,-7.15196537,15.5018995,14.067201,16.95227305
"Marchman::EM03F107",1895,2,-6.854875,-7.10500464,-6.613842615,6.29767495,5.266878025,7.33361555
"Marchman::EM09M104",1896,2,-9.69149945,-9.902486885,-9.49319643,2.8100396,-0.9636917555,6.521798655
"Marchman::ER03F097",1897,2,-7.71960065,-7.96670374,-7.492237735,8.4599701,7.793588635,9.224813755
"Marchman::ES08F014",1898,2,-12.449867,-13.1514333,-11.8452662,4.4073119,-2.85773073,12.15121275
"Marchman::ES10F115",1899,3,-9.82011555,-10.13726295,-9.525596795,12.791838,11.9953692,13.65916075
"Marchman::EW15F125",1900,2,-10.5844335,-10.98447115,-10.22310955,9.0841382,7.63863063,10.56690895
"Marchman::FH17M064",1901,2,-10.2608415,-10.68030375,-9.881816435,13.303549,12.46080325,14.21618895
"Marchman::FT03M097",1902,2,-9.5112113,-9.79665167,-9.238921665,10.12822,9.11125761,11.1418186
"Marchman::GA04M107",1903,3,-9.83527865,-10.1263507,-9.561945915,11.6145665,10.5915096,12.65116005
"Marchman::GB03F069",1904,2,-7.35689265,-7.6719458,-7.03394695,10.676722,9.64428335,11.7602724
"Marchman::GB04M107",1905,3,-8.18079455,-8.399636675,-7.95961307,10.3569335,9.71855964,11.01987925
"Marchman::GC03M038",1906,2,-7.3981445,-7.71699065,-7.066138485,20.8913635,18.77723815,23.10296275
"Marchman::GC18M118",1907,2,-9.4332368,-9.715572895,-9.16528586,9.8111357,8.9294677,10.7047069
"Marchman::GK09M044",1908,2,-8.67223515,-8.893755855,-8.453007585,10.178183,9.21024107,11.1208179
"Marchman::GW03F038",1909,3,-8.84562465,-9.06418205,-8.637697945,10.1525825,9.54024788,10.76869295
"Marchman::GY03F038",1910,3,-6.53519,-6.67185339,-6.39821036,13.607949,12.85919415,14.4509637
"Marchman::HA03F018",1911,2,-9.13356705,-9.37235584,-8.89008213,19.1685805,18.06506885,20.3333507
"Marchman::HB03F018",1912,2,-7.5967111,-7.80204768,-7.390731275,10.548615,9.672103815,11.4370013
"Marchman::HB06M098",1913,3,-7.1395123,-7.304786185,-6.973468295,5.2691485,4.759357475,5.780150395
"Marchman::HB12M045",1914,2,-10.9375665,-11.25830415,-10.6482477,4.26183615,0.8225745765,7.801131115
"Marchman::HC03F038",1915,3,-13.4851025,-14.10883925,-12.914326,14.0823525,12.78169225,15.4715017
"Marchman::HH03F057",1916,3,-7.2159315,-7.39084008,-7.046813915,14.652386,13.8087192,15.5022168
"Marchman::HJ02F038",1917,2,-8.1919981,-8.448983475,-7.936128165,12.02392,10.96253295,13.10299945
"Marchman::HM03F018",1918,2,-9.69261745,-9.98121529,-9.406366495,15.951049,14.7484337,17.1535299
"Marchman::HO03M038",1919,2,-9.26163875,-9.484086905,-9.04973354,7.4577716,5.76652871,9.28915671
"Marchman::HP02M059",1920,2,-9.9603851,-10.3974444,-9.53461629,16.4339735,15.09745425,17.9179792
"Marchman::HU06F088",1921,2,-8.0190867,-8.27517273,-7.771565795,13.092156,12.01057955,14.254341
"Marchman::IB09M103",1922,2,-9.4411822,-9.72776345,-9.17530982,9.3265345,8.72653041,9.93298796
"Marchman::IC03F059",1923,2,-5.6876721,-5.965110845,-5.41836388,12.564537,11.857073,13.3401858
"Marchman::ID12F035",1924,2,-11.4085995,-11.8805846,-10.9997588,12.8571035,8.738627595,17.43882005
"Marchman::IE05F057",1925,2,-8.0932903,-8.28860412,-7.896156915,9.45695475,8.911223475,10.0129892
"Marchman::IM04M038",1926,3,-7.49405325,-7.675804835,-7.31153091,11.5180555,10.85103215,12.20484335
"Marchman::IM18M075",1927,2,-12.175197,-12.9199517,-11.49848725,12.770953,7.550663555,18.2180555
"Marchman::IN12M026",1928,3,-11.489768,-11.8461923,-11.1662713,13.8079335,12.6852358,15.02996265
"Marchman::IS05F057",1929,2,-9.56829015,-9.84346843,-9.29588214,18.462034,17.27365955,19.68182185
"Marchman::IT02F018",1930,2,-7.61686615,-8.19490089,-7.06463847,7.68927645,6.35642158,9.0995998
"Marchman::IT02F107",1931,2,-8.91352455,-9.207257075,-8.647916165,8.85194305,8.006978735,9.751771055
"Marchman::IT03F047",1932,2,-7.20296925,-7.4010612,-7.007744535,8.40226745,7.568866715,9.25005551
"Marchman::JA12M035",1933,2,-9.95040645,-10.21808115,-9.700342765,11.104578,8.43730317,13.88626535
"Marchman::JA16F015",1934,2,-10.266899,-10.52924825,-10.0135153,14.958919,10.5994797,19.27696725
"Marchman::JB05M057",1935,2,-7.50525445,-7.71315479,-7.30711362,6.87923705,6.02841338,7.747439575
"Marchman::JB09M113",1936,2,-9.69202015,-10.26147535,-9.06159988,7.46975975,4.730403955,11.8909187
"Marchman::JB11M105",1937,4,-11.621347,-11.96248335,-11.31189915,9.8252129,8.700218505,11.00844775
"Marchman::JC02M057",1938,2,-6.2547833,-6.848618415,-5.670322375,5.4443864,4.021371625,6.851173195
"Marchman::JC05M088",1939,2,-11.8951885,-12.74234145,-11.1568623,4.5702317,1.40048951,7.932861035
"Marchman::JC09M034",1940,2,-5.2422109,-5.5507009,-4.962313875,12.313808,11.4038547,13.35593755
"Marchman::JC12M114",1941,3,-10.2754165,-10.5738378,-9.988529195,18.8529415,17.85901795,19.8770146
"Marchman::JC15M084",1942,3,-11.609136,-12.15889455,-11.1151444,14.7122465,13.53888405,15.9729688
"Marchman::JD03M059",1943,3,-9.45939775,-9.72984076,-9.19749197,17.7346375,16.65608235,18.87446485
"Marchman::JD04M088",1944,2,-8.9716883,-9.216456335,-8.74064492,9.8325755,8.836719895,10.8419649
"Marchman::JD05M047",1945,4,-5.5279847,-5.63920238,-5.41499524,8.71176275,8.28680855,9.139836665
"Marchman::JF03M018",1946,2,-10.787508,-11.15462795,-10.4372228,16.989292,15.77815675,18.22646255
"Marchman::JF06M088",1947,3,-8.37696415,-8.576803925,-8.176902335,15.5280995,14.71087565,16.3345116
"Marchman::JF17F056",1948,2,-11.618388,-12.18117395,-11.12343315,10.72028,9.077243745,12.48840455
"Marchman::JG13M075",1949,2,-8.742746,-9.111160745,-8.37257868,10.5532975,7.656362325,13.65171355
"Marchman::JH03F067",1950,2,-9.59281835,-9.91138675,-9.27678967,17.051961,15.8484804,18.29721375
"Marchman::JH03M018",1951,2,-6.91326535,-7.108812305,-6.718087325,10.3778405,9.357629815,11.3860657
"Marchman::JH03M097",1952,2,-4.3881472,-4.57406127,-4.193039055,13.03295,12.3237266,13.7653448
"Marchman::JH04M107",1953,2,-10.428125,-11.12495405,-9.7477839,16.993193,15.1962037,18.89095035
"Marchman::JH12F115",1954,4,-7.0099966,-7.152961155,-6.8696761,9.78633925,9.19141087,10.4055059
"Marchman::JH12F125",1955,2,-6.5121183,-6.67043198,-6.35945455,6.7644083,5.967163895,7.551159515
"Marchman::JJ12M055",1956,3,-10.680188,-11.0594744,-10.33664155,9.5333618,8.64338586,10.5415934
"Marchman::JK02F107",1957,3,-9.59306995,-9.84760271,-9.34559269,12.1550715,11.4787262,12.86272995
"Marchman::JM04M107",1958,2,-11.7342375,-12.1904628,-11.31764145,15.4031855,14.1427021,16.7714846
"Marchman::JN02F097",1959,2,-7.4660049,-7.6381269,-7.29113428,8.28781115,7.57655081,9.03263807
"Marchman::JO18F086",1960,2,-11.7734005,-12.32109015,-11.2839657,15.4226955,13.55314425,17.39000795
"Marchman::JP02M059",1961,2,-7.2262689,-7.4614822,-7.0113096,10.3636875,9.54752356,11.28479245
"Marchman::JP03F057",1962,2,-8.6341687,-8.96472025,-8.300733835,9.87987645,8.612735125,11.1676465
"Marchman::JP04F098",1963,2,-8.2039855,-8.412343155,-7.999835325,16.664886,15.6443507,17.66594225
"Marchman::JR03M098",1964,2,-10.450619,-10.73854565,-10.1514519,28.2089925,26.71941825,29.66142975
"Marchman::JS06M047",1965,2,-10.304048,-10.6384946,-9.989223515,15.51531,14.3381261,16.69590515
"Marchman::JW00M038",1966,3,-6.2264742,-6.40710234,-6.044561655,9.0470137,8.3165086,9.780458995
"Marchman::JW02M107",1967,3,-7.7202045,-7.879964265,-7.570853335,8.6696588,8.11044004,9.223569715
"Marchman::JW03M038",1968,2,-11.7125835,-12.3109147,-11.1857792,11.8722745,10.35525605,13.63276015
"Marchman::KA03M097",1969,2,-7.9418417,-8.1820897,-7.709274785,8.91138685,8.26781539,9.61132116
"Marchman::KB03M088",1970,3,-8.89754655,-9.124067165,-8.68572181,8.4044481,7.839298015,8.993457335
"Marchman::KC02F038",1971,2,-10.7814215,-11.1840851,-10.4009517,18.0074925,16.76295685,19.3466139
"Marchman::KH05F098",1972,2,-7.3955098,-7.60497045,-7.187238355,7.8704434,6.890378575,8.859498515
"Marchman::KH09M014",1973,2,-6.0179258,-6.163228375,-5.873360395,9.1538582,5.565382595,12.66334855
"Marchman::KK09M103",1974,2,-9.39217325,-9.694057855,-9.12484866,8.10583875,7.521849685,8.73059853
"Marchman::KK12F044",1975,3,-8.14135365,-8.28320645,-8.01198531,10.056864,8.95899522,11.1950028
"Marchman::KM09F074",1976,2,-9.92462025,-10.4054968,-9.494786985,3.3511374,2.03966372,4.863142265
"Marchman::KM12M015",1977,2,-11.9532675,-12.58807135,-11.40870615,7.23999545,3.244229265,13.2799196
"Marchman::KM14F067",1978,2,-9.1942411,-9.450103805,-8.948369635,7.4147972,6.748538015,8.1084823
"Marchman::KM15F115",1979,3,-8.430785,-8.613636325,-8.251986785,7.8052807,7.31232845,8.324611715
"Marchman::KN05F088",1980,2,-11.83357,-12.520166,-11.1910542,8.1047815,5.460203715,10.84121785
"Marchman::KO05M098",1981,3,-7.0294512,-7.192005775,-6.862946635,8.70099095,8.13024267,9.25171692
"Marchman::KR09F064",1982,2,-10.4113255,-10.77628485,-10.0792994,14.2129315,13.0845252,15.39352495
"Marchman::KS02F117",1983,2,-8.16357485,-8.4134622,-7.934443955,7.301946,6.238733965,8.356066295
"Marchman::KS03M018",1984,3,-7.28862765,-7.4798543,-7.10429781,13.268551,12.42071205,14.18131495
"Marchman::KS09M024",1985,3,-10.735582,-11.03305685,-10.44370995,7.257842,6.08473397,8.55525866
"Marchman::KS11F113",1986,2,-7.7036836,-7.90463884,-7.5172419,11.1113145,10.51498315,11.74184425
"Marchman::KS21M024",1987,2,-15.0635015,-16.31338645,-14.00852225,13.465583,10.91942305,16.3821783
"Marchman::KT03F059",1988,2,-6.56600675,-6.765501545,-6.36440518,9.69849435,8.637947295,10.7550261
"Marchman::KT04F059",1989,2,-7.222854,-7.48806606,-6.967603595,12.4410455,11.1289381,13.81542
"Marchman::KW04F107",1990,2,-4.6709109,-5.663937845,-3.67176012,4.7219158,2.411131215,6.97981199
"Marchman::LB3F018A",1991,2,-10.288812,-10.6502874,-9.95028046,13.8856745,12.66230695,15.119072
"Marchman::LC05F047",1992,4,-6.60557905,-6.73608921,-6.48263378,9.97233885,9.494352825,10.459631
"Marchman::LL02F047",1993,2,-8.45407735,-8.691759845,-8.22574438,11.801668,10.71928875,12.8680075
"Marchman::LP16M113",1994,2,-10.5057795,-11.002799,-10.1015403,11.8535305,10.58816,13.2950089
"Marchman::LR11F114",1995,2,-13.078861,-13.82255405,-12.45889635,10.393862,3.33043649,18.2214191
"Marchman::LS12F103",1996,2,-8.40739125,-8.81227862,-8.08557102,9.906994,8.941386375,11.0787685
"Marchman::LW05M069",1997,2,-10.576493,-10.92039635,-10.2420806,15.518482,14.2855419,16.7567194
"Marchman::MA03F059",1998,3,-9.7366081,-10.0015418,-9.48116446,12.3013055,11.62250625,12.9928054
"Marchman::MA06M067",1999,2,-7.5963974,-7.785211635,-7.399038575,13.193733,12.2077912,14.31634885
"Marchman::MA08F024",2000,2,-8.79683075,-9.02473534,-8.575958395,13.4138905,10.0144498,16.84230935
"Marchman::MB02M018",2001,3,-7.50083455,-7.7267628,-7.27912421,13.086934,12.191706,14.0253425
"Marchman::MB03M018",2002,3,-8.0042353,-8.186853905,-7.822068435,9.00489715,8.457445135,9.560167835
"Marchman::MB03M057",2003,2,-11.366825,-11.8048269,-10.9678405,13.995307,13.13411635,14.93221415
"Marchman::MB09M084",2004,3,-11.6243255,-12.05911015,-11.22909955,11.234506,9.931740905,12.6574052
"Marchman::MB15M117",2005,2,-11.604764,-12.3223073,-11.02997945,8.33520015,6.72595233,10.35956865
"Marchman::MB19M064",2006,2,-11.8528165,-12.4342696,-11.32962315,13.970257,11.9819244,16.13149745
"Marchman::MC15F104",2007,2,-11.596208,-12.01110205,-11.2160045,10.6332555,4.65976195,16.94726535
"Marchman::ME03F038",2008,2,-9.7702752,-10.4734741,-9.07977591,11.873487,10.2736458,13.500485
"Marchman::ME12M056",2009,2,-8.2430965,-8.419202815,-8.07165279,3.7209605,2.95581068,4.51400265
"Marchman::MF03F018",2010,2,-9.41580525,-9.67970555,-9.156535995,15.9199215,14.91078645,16.9386832
"Marchman::MF15F086",2011,2,-10.5238965,-11.1586762,-9.8900565,7.9388048,2.640605315,13.46898315
"Marchman::MF15M103",2012,2,-9.54280135,-9.814015925,-9.280980955,7.480806,4.83560059,10.34257095
"Marchman::MH09M024",2013,2,-7.89299355,-8.090539875,-7.71021953,8.11149965,7.653906755,8.5961084
"Marchman::MK22F095",2014,2,-13.0524415,-13.56318405,-12.5413194,17.5309515,16.2538479,18.8478456
"Marchman::MM01F038",2015,2,-11.0605215,-11.46672225,-10.6815151,14.894239,13.7533948,16.14589055
"Marchman::MM02F059",2016,4,-9.075689,-9.28409776,-8.871041345,13.6656835,12.9722944,14.35248725
"Marchman::MM03F107",2017,2,-6.43004665,-6.626140365,-6.244767395,10.893349,9.88187403,11.8925689
"Marchman::MM04F088",2018,2,-5.9163967,-6.074077005,-5.757399005,7.90908875,7.05361734,8.78966887
"Marchman::MM04F107",2019,2,-9.16018195,-9.480436465,-8.864537455,9.80503675,8.91810375,10.8116341
"Marchman::MO03M098",2020,2,-7.84314065,-8.053507315,-7.63486662,9.75021895,8.89076734,10.6261717
"Marchman::MP03F107",2021,2,-8.5472297,-8.76759061,-8.333437035,12.085178,11.33930115,12.8539418
"Marchman::MP12F044",2022,2,-4.33957445,-4.52136091,-4.167246245,20.488516,18.4790666,22.48722285
"Marchman::MR03F057",2023,2,-5.7897573,-5.969286225,-5.612064995,5.2168852,4.64065473,5.80814024
"Marchman::MR03F107",2024,2,-10.7828145,-11.1426972,-10.4321722,17.3379185,16.07258475,18.6438665
"Marchman::MS02M57A",2025,2,-8.82414555,-9.090011535,-8.55296255,9.9083041,8.97198357,10.8174375
"Marchman::MS03M057",2026,2,-14.054723,-14.71774385,-13.40118375,16.2675685,14.87822975,17.71753385
"Marchman::MS09F014",2027,2,-9.128776,-9.44441842,-8.83976114,16.1201835,14.8629334,17.4270561
"Marchman::MV03M018",2028,2,-7.29678075,-7.50322626,-7.094640645,7.3762555,6.509021625,8.24285325
"Marchman::MW05F047",2029,2,-10.263965,-10.71871115,-9.81758633,14.9803905,13.76952625,16.23942715
"Marchman::NB03M038",2030,3,-8.67743255,-8.88685289,-8.472328005,10.966732,10.34463055,11.6144917
"Marchman::NB12F024",2031,3,-12.6281515,-13.2668492,-12.11132515,8.03612875,5.23576493,10.97109305
"Marchman::NC05M098",2032,2,-4.9280606,-5.08958787,-4.771606635,18.2262055,16.48690845,20.2504126
"Marchman::NC18M084",2033,2,-10.8320105,-11.27185555,-10.4566077,18.042346,16.60648495,19.67734415
"Marchman::NF02M018",2034,2,-7.74177975,-8.09545058,-7.404764905,5.7202874,4.435593505,7.04833485
"Marchman::NG06M057",2035,2,-8.62321205,-8.865011335,-8.39310848,16.011741,14.8960906,17.1089153
"Marchman::NG06M57A",2036,2,-13.0632285,-13.85932515,-12.27216045,20.0361715,18.17265095,21.92732365
"Marchman::NG18M086",2037,2,-7.69689765,-7.906425205,-7.4922437,9.2783081,6.80909023,11.77074935
"Marchman::NJ01M059",2038,2,-12.328413,-12.7975927,-11.863445,13.9307245,12.8818448,14.96740285
"Marchman::NL01F038",2039,2,-12.024849,-12.6849254,-11.4253142,10.107559,7.75182125,12.5374051
"Marchman::NL03M018",2040,2,-10.250318,-10.6029172,-9.92805136,9.12988635,7.959408085,10.33989215
"Marchman::NL11M095",2041,2,-6.9912925,-7.14438637,-6.83520744,10.492973,9.82599538,11.17546705
"Marchman::NM15F015",2042,2,-6.7073337,-6.874049035,-6.553378475,14.230853,11.8716538,16.51668795
"Marchman::NP05M069",2043,2,-9.13183655,-9.469036875,-8.793687105,6.9128615,5.435708165,8.340904585
"Marchman::NR11M036",2044,2,-10.1490745,-10.8768647,-9.44249846,14.114029,6.0775142,22.20282455
"Marchman::NS01M038",2045,2,-7.92664145,-8.18688219,-7.671345705,7.70082105,6.698312185,8.71448588
"Marchman::NS12F045",2046,2,-8.17376655,-8.32056843,-8.027205835,0.731068615,-0.901900228,2.282563225
"Marchman::NS18F105",2047,2,-8.78561775,-9.02316901,-8.56031261,0.71486333,-0.8510618045,2.291822375
"Marchman::NV09M014",2048,2,-8.9850235,-9.228495385,-8.74598409,9.4670873,6.158505915,12.81731515
"Marchman::NY02F018",2049,2,-9.4705643,-9.745023035,-9.19071228,18.9584295,17.74052055,20.1719792
"Marchman::OS06M098",2050,3,-6.7974718,-6.94672701,-6.64903128,6.61078275,6.133163865,7.103688515
"Marchman::PA18M098",2051,2,-10.9065215,-11.3123493,-10.5210734,14.712971,13.3719836,16.0872409
"Marchman::PB06M098",2052,2,-12.4752965,-13.04974935,-11.9117775,17.8076865,15.9691858,19.67308605
"Marchman::PB13M065",2053,3,-9.144393,-9.36566662,-8.92945543,14.9678345,13.87352155,16.0553532
"Marchman::PC05M098",2054,2,-7.78264245,-7.968668775,-7.600722365,7.99612165,7.13906348,8.838084305
"Marchman::PC08M038",2055,2,-9.21933325,-9.740910985,-8.796233595,11.347625,10.0918345,12.92631045
"Marchman::PC09M094",2056,2,-10.037176,-10.28310065,-9.8163664,6.0174787,3.38645941,8.79360165
"Marchman::PM03M059",2057,3,-9.9044108,-10.1847467,-9.642727085,8.39045185,7.449520885,9.40259332
"Marchman::PS03M059",2058,2,-9.1398058,-9.455417835,-8.84027912,14.056533,12.70224765,15.42782865
"Marchman::PS18M115",2059,2,-8.29132525,-8.492653925,-8.093790895,5.3739904,4.484003575,6.27195746
"Marchman::PW02M057",2060,4,-5.75068455,-5.87685479,-5.62487994,8.97012965,8.529259545,9.417885515
"Marchman::PY12M036",2061,3,-9.5223761,-9.845231795,-9.230335435,10.9671295,10.3561223,11.6573399
"Marchman::RB04F057",2062,2,-6.9547257,-7.143171405,-6.773252295,8.786135,8.134150365,9.444065235
"Marchman::RC09F014",2063,2,-9.71049105,-10.06509095,-9.40002033,9.49466145,8.83863166,10.2138302
"Marchman::RC11F067",2064,2,-7.64235645,-7.972330795,-7.364128865,9.3759413,8.544159065,10.3341817
"Marchman::RE02F057",2065,2,-9.1218477,-9.376735265,-8.857878955,12.605898,11.47332165,13.7486135
"Marchman::RG14M067",2066,2,-10.26861,-10.5647484,-9.988185295,12.6755885,9.54830689,16.1830176
"Marchman::RM12F105",2067,3,-3.67163845,-4.068636825,-3.08042566,20.5261715,17.24673865,25.3349626
"Marchman::RP19M105",2068,2,-13.571173,-14.12439015,-13.058379,24.886384,23.45449785,26.4537312
"Marchman::RR05M057",2069,2,-10.6593265,-11.06420225,-10.27270685,14.38312,12.8449391,15.9955704
"Marchman::RS03F057",2070,2,-7.91329855,-8.187354895,-7.643417165,8.4797058,7.42913834,9.54824635
"Marchman::RS14M123",2071,2,-12.506692,-13.5023756,-11.6929618,19.683771,16.84350775,23.1504908
"Marchman::RW02F018",2072,3,-7.9687431,-8.160440245,-7.786791735,10.9139085,10.28721185,11.5793211
"Marchman::RW03F107",2073,3,-8.9364038,-9.08888137,-8.785837565,2.5169106,2.009106715,3.04685251
"Marchman::SA04F069",2074,3,-7.2047228,-7.374797485,-7.05400388,12.367728,11.58446935,13.1793428
"Marchman::SB05M069",2075,2,-10.3600295,-11.3634244,-9.659270725,12.498606,10.36197805,15.506926
"Marchman::SB09M103",2076,2,-6.48926305,-6.65115734,-6.33033945,9.1664297,8.598550935,9.771428265
"Marchman::SC05F098",2077,3,-6.5342372,-6.69809033,-6.3775138,7.964823,7.396672725,8.550844585
"Marchman::SE03F018",2078,2,-11.1610075,-11.6550122,-10.75803325,5.32182,3.93761806,7.04632537
"Marchman::SF12F015",2079,2,-8.95765555,-9.182658935,-8.737312,6.50386765,0.946408204,11.9587322
"Marchman::SG02F059",2080,3,-10.397373,-10.70388505,-10.1163356,15.340148,14.5143003,16.1880008
"Marchman::SH09M034",2081,2,-10.2275535,-10.53867865,-9.927890735,17.539482,9.86044118,25.13792345
"Marchman::SJ02F018",2082,2,-8.6166794,-8.89752941,-8.330945445,14.264947,12.95614145,15.56415885
"Marchman::SJ04M107",2083,2,-10.6725855,-11.2347198,-10.09703245,14.955972,13.5344702,16.37861935
"Marchman::SJ12M123",2084,3,-11.534977,-12.17467435,-11.035154,10.472057,8.954312305,12.4511965
"Marchman::SK02F107",2085,2,-9.33548325,-9.599654765,-9.082442305,10.337741,9.4314677,11.2591025
"Marchman::SK03F018",2086,2,-8.5947758,-8.912274035,-8.30261576,7.227858,6.656471195,7.86243359
"Marchman::SK04F098",2087,4,-11.6541335,-11.9891006,-11.34572285,1.0438875,0.1328725925,2.011511285
"Marchman::SL05F057",2088,2,-7.1486394,-7.335345415,-6.964998865,8.67177345,8.03687302,9.32157739
"Marchman::SL09F104",2089,3,-9.16714385,-9.357626965,-8.9831081,11.288093,10.6742045,11.91048435
"Marchman::SM03F107",2090,2,-6.8376215,-7.032211675,-6.65009935,6.6798118,5.85629154,7.56347755
"Marchman::SM4F098A",2091,2,-7.3378263,-7.51138458,-7.16277503,12.551066,11.637634,13.40749155
"Marchman::SO04F097",2092,2,-7.5588474,-7.761440185,-7.35903205,7.0317644,6.290458995,7.767077015
"Marchman::SP15F077",2093,2,-10.230798,-10.55204335,-9.91780892,14.298848,13.4617065,15.18406635
"Marchman::SR02F059",2094,3,-7.9130355,-8.108456655,-7.71950683,11.1195635,10.44564585,11.81183835
"Marchman::SS02F018",2095,2,-8.8778785,-9.22622762,-8.5286443,9.35008085,8.442936775,10.21402665
"Marchman::SS09M123",2096,2,-11.4175515,-11.8147568,-11.04884945,8.86643285,4.457947325,13.9011952
"Marchman::SS12M064",2097,2,-11.019828,-11.3700815,-10.7092752,1.49318765,-2.034815455,4.961641755
"Marchman::ST02F059",2098,3,-9.60231295,-9.82461624,-9.38176537,13.389264,12.7112469,14.08301935
"Marchman::SW03F018",2099,3,-9.47275835,-9.717068035,-9.239040545,11.576253,10.8676539,12.27570215
"Marchman::SW03F069",2100,2,-9.91238,-10.3594675,-9.4694312,10.418232,9.366174785,11.4967594
"Marchman::SW03M028",2101,2,-11.6469125,-12.22214505,-11.12568005,5.0808082,3.962478575,6.30886307
"Marchman::SW06F108",2102,4,-7.37130295,-7.53007818,-7.217145215,11.2631495,10.66884605,11.8449098
"Marchman::SW15F125",2103,2,-9.60485195,-9.843530855,-9.38519258,8.6278369,6.22816995,11.0991756
"Marchman::TA12M103",2104,3,-12.061272,-12.94405625,-11.38903575,13.191627,10.8070962,16.28759345
"Marchman::TC02M047",2105,3,-8.56938575,-8.76751241,-8.379078915,7.4522384,6.65728398,8.29785257
"Marchman::TC09F014",2106,2,-9.15883,-9.340902355,-8.978401505,7.10084965,4.845152625,9.38927302
"Marchman::TE04M038",2107,2,-9.4440065,-9.720615845,-9.184100785,7.9538123,7.01077668,8.89641572
"Marchman::TG18M035",2108,2,-10.7188435,-11.1391219,-10.34686745,15.6516045,14.233331,17.2299388
"Marchman::TH03M057",2109,3,-8.52904885,-8.734260255,-8.33196021,8.4628538,7.93873556,9.02583803
"Marchman::TM03F018",2110,4,-5.8063086,-5.92398821,-5.690223235,9.3402618,8.90128024,9.799953435
"Marchman::TM03F047",2111,3,-6.866221,-7.020543305,-6.70861762,16.7857095,15.76624845,17.86486665
"Marchman::TM09M034",2112,2,-5.8086877,-5.969054065,-5.65505978,4.463355,3.05568594,5.927295285
"Marchman::TP03M107",2113,2,-7.5784671,-7.772065185,-7.381900345,13.620602,12.6936847,14.57903015
"Marchman::TS02F018",2114,3,-8.058721,-8.226442405,-7.894968605,10.4313865,9.69168387,11.1711051
"Marchman::TS05M057",2115,2,-10.047766,-10.38456405,-9.726009155,12.504548,11.2075585,13.8230386
"Marchman::TT03M069",2116,2,-9.07661855,-9.419181695,-8.73986391,14.558846,13.44765225,15.83949025
"Marchman::TT04M088",2117,2,-9.51315305,-9.80196073,-9.23656458,12.551543,11.5182679,13.55238705
"Marchman::TT06M098",2118,2,-10.4713625,-10.8425673,-10.1148548,11.884348,10.50510865,13.31989965
"Marchman::VB06F108",2119,2,-6.3684127,-6.55745696,-6.170159735,12.4904335,11.38005775,13.65201095
"Marchman::VJ02M057",2120,3,-8.6417181,-8.855022315,-8.440962445,12.497137,11.8049073,13.19929095
"Marchman::VL03F018",2121,3,-8.3379471,-8.538070765,-8.13648093,9.4448699,8.870505065,10.02833605
"Marchman::VS04F098",2122,2,-9.4976834,-9.809016145,-9.203476285,4.7145169,3.56037077,5.85018734
"Marchman::WL05M057",2123,2,-7.96656335,-8.151001115,-7.787376665,8.9719276,8.450978415,9.500944595
"Marchman::WW02F038",2124,2,-9.93406955,-10.28830875,-9.593494705,9.8612942,8.62609762,11.12621125
"Marchman::WW03M069",2125,2,-11.6042455,-12.2653222,-10.97317745,7.5348185,6.12781418,9.009951605
"Marchman::WW04F067",2126,3,-10.240051,-10.54181305,-9.96135594,14.8026695,13.99836405,15.6641952
"Marchman::YM13F026",2127,2,-12.253815,-13.14314835,-11.50771795,0.475910145,-3.154365655,4.06721039
"Marchman::ZB09M113",2128,2,-8.9410647,-9.76958567,-7.86529724,13.2270315,7.37047143,21.9027043
"Marchman::ZB11F035",2129,2,-10.080756,-10.44800715,-9.76152928,14.254299,12.17447985,16.6242998
"Marchman::ZC06F098",2130,2,-12.1151145,-12.76210445,-11.5334608,10.981061,8.81110905,13.32130315
"Marchman::ZE06M039",2131,3,-9.97067245,-10.23600425,-9.713254505,8.2165187,7.561594965,8.892725415
"Marchman::ZM02F059",2132,3,-6.34114335,-6.495009415,-6.19046361,11.032637,10.2751287,11.82861305
"Marchman::ZM03M038",2133,2,-9.70802275,-10.00100295,-9.426843405,13.4198175,12.40673465,14.4515882
"Marchman::ZO02M047",2134,3,-8.56228495,-8.972842165,-8.18596483,14.168067,13.0369508,15.44932085
"Marchman::ZT02M107",2135,2,-10.225763,-10.5629636,-9.912727545,13.253469,12.14511625,14.42201655
"Marchman::ZW02M057",2136,3,-9.1887057,-9.40866174,-8.970559295,10.984301,10.36834165,11.61255735
