"ckey","ii","n_admins","xi_median","xi_q5","xi_q95","kappa_median","kappa_q5","kappa_q95"
"Kristoffersen::10003",1,2,-12.520558,-12.9758102,-12.0776456,21.08815,19.74257455,22.4607685
"Kristoffersen::10022",2,2,-6.9363496,-7.173131105,-6.70126676,4.63831035,3.76451496,5.49224822
"Kristoffersen::10025",3,2,-10.8483615,-11.19475825,-10.50825615,14.9497585,13.86675785,16.06780995
"Kristoffersen::10030",4,11,-9.33570495,-9.48626893,-9.187799535,13.5559985,13.13331405,13.9810762
"Kristoffersen::10032",5,2,-9.8780661,-11.17519165,-8.56458051,5.26997905,-0.5401174925,10.97535325
"Kristoffersen::10033",6,2,-8.5146757,-8.936087855,-8.125126915,13.0161875,11.77504175,14.4375546
"Kristoffersen::10040",7,5,-9.6580882,-9.87041776,-9.44315958,17.566422,16.75155185,18.3726522
"Kristoffersen::10042",8,3,-9.4230625,-9.80329357,-9.030221865,8.52105045,6.57700161,10.37841725
"Kristoffersen::10044",9,2,-4.12573435,-4.40693735,-3.843512225,3.77879275,2.629972485,4.917701925
"Kristoffersen::10052",10,2,-10.756828,-11.03510915,-10.47191655,24.3190315,23.1026605,25.58794105
"Kristoffersen::10056",11,2,-11.3649375,-13.544579,-9.193721265,8.5427328,2.42083498,14.74485355
"Kristoffersen::10059",12,2,-12.6005195,-13.17786635,-12.0941505,15.8459595,14.3351939,17.52698275
"Kristoffersen::10064",13,3,-9.18803775,-9.52704673,-8.859634635,13.4530395,11.79344665,15.13254885
"Kristoffersen::10075",14,3,-11.6718565,-12.08010415,-11.26576705,10.4318425,9.38659286,11.46275675
"Kristoffersen::10076",15,2,-11.347839,-11.70892205,-11.0002168,33.5629505,31.56368915,35.581269
"Kristoffersen::10079",16,4,-12.780109,-13.2005899,-12.374726,14.633256,13.23818035,16.0282587
"Kristoffersen::10085",17,2,-9.4201133,-9.75858869,-9.085875545,2.58948855,1.411096655,3.76838144
"Kristoffersen::10111",18,2,-9.1007259,-9.39372426,-8.810871175,7.20740085,6.22107581,8.204972385
"Kristoffersen::10119",19,6,-10.3087475,-10.51572155,-10.0999449,11.323472,10.78547185,11.8640396
"Kristoffersen::10120",20,3,-12.050426,-12.5126317,-11.57757115,15.475464,14.0765368,16.8937128
"Kristoffersen::10127",21,5,-11.477331,-11.7387347,-11.21304825,8.98697545,8.442233995,9.550304185
"Kristoffersen::10130",22,6,-10.1202115,-10.3801721,-9.858066965,16.3884005,15.54655165,17.2359049
"Kristoffersen::10136",23,5,-8.40464785,-8.566701615,-8.247181225,8.426234,7.94067042,8.89944048
"Kristoffersen::10145",24,4,-10.5899195,-10.837877,-10.34560395,14.556627,13.709054,15.42148695
"Kristoffersen::1015",25,5,-9.61709875,-9.889892505,-9.36452777,6.2745099,5.25451237,7.2643997
"Kristoffersen::10151",26,2,-13.440741,-14.2569162,-12.7130475,13.269335,11.11898225,15.62063045
"Kristoffersen::10167",27,2,-13.06054,-13.56337075,-12.5821977,23.1580165,21.7336414,24.6471895
"Kristoffersen::1017",28,6,-9.81009045,-10.27828165,-9.3552639,14.149248,11.19714705,17.816046
"Kristoffersen::10178",29,4,-9.5122845,-9.786718,-9.25031204,10.3368475,9.67489632,11.02454175
"Kristoffersen::10183",30,3,-7.07521425,-7.280575075,-6.86431226,8.3007296,7.54751298,9.0517869
"Kristoffersen::10184",31,5,-11.7569965,-12.00987285,-11.50240395,14.171164,13.56230035,14.78436015
"Kristoffersen::10185",32,4,-7.42229185,-7.669719045,-7.177688935,10.1147955,9.060724105,11.1914967
"Kristoffersen::10190",33,2,-6.3175855,-6.68269824,-5.94530543,3.9678137,1.64155376,6.191863405
"Kristoffersen::10200",34,2,-7.37939005,-7.62941626,-7.142460065,9.3911524,8.476307495,10.337557
"Kristoffersen::10208",35,6,-10.872038,-11.0931665,-10.6529934,16.8543855,16.14692245,17.55954955
"Kristoffersen::10224",36,2,-9.21022505,-9.539510175,-8.90257302,10.2897145,9.203083515,11.37439065
"Kristoffersen::10226",37,3,-11.9973545,-12.5373528,-11.4467568,23.7683105,21.924467,25.62191325
"Kristoffersen::10229",38,3,-16.173768,-17.04812265,-15.32394175,25.4067535,22.89427295,27.9888729
"Kristoffersen::10231",39,2,-13.9438215,-14.66644455,-13.28384065,19.0595275,17.0864115,21.1608474
"Kristoffersen::10233",40,2,-7.2484193,-7.65629392,-6.86473109,7.6450876,6.34051349,9.032691375
"Kristoffersen::10250",41,3,-7.9163272,-8.151040355,-7.687025465,12.025454,11.2035715,12.8807043
"Kristoffersen::10262",42,2,-10.5394375,-11.0415253,-10.0315563,13.3804295,10.39014155,16.3431863
"Kristoffersen::10281",43,2,-11.706642,-12.14479,-11.2788581,14.153345,12.8510608,15.4845057
"Kristoffersen::10293",44,2,-10.9737655,-11.427225,-10.53426685,16.0237135,14.56064735,17.5045599
"Kristoffersen::10320",45,4,-12.750085,-13.12040835,-12.39245045,15.3230715,14.32982185,16.34371955
"Kristoffersen::10322",46,3,-8.0615067,-8.38233404,-7.75106296,13.609058,12.24666,15.0209641
"Kristoffersen::10324",47,3,-11.9148055,-12.47117045,-11.36834125,10.0160345,7.69778715,12.3284082
"Kristoffersen::10333",48,5,-12.8974655,-13.2315329,-12.5715403,10.0794375,9.40462672,10.76844695
"Kristoffersen::10336",49,2,-8.8197895,-9.136361745,-8.51358922,13.0978425,11.94228315,14.2610373
"Kristoffersen::10349",50,4,-8.17171025,-8.367365445,-7.97324668,8.70266355,8.195566555,9.208523705
"Kristoffersen::10350",51,2,-4.0538584,-4.44447695,-3.67710999,4.45834665,2.99918665,5.95160844
"Kristoffersen::10367",52,8,-11.0387055,-11.25676015,-10.82369455,11.08765,10.5973291,11.5645226
"Kristoffersen::10398",53,11,-11.6136715,-11.81507915,-11.4178331,11.0667455,10.6681131,11.47704125
"Kristoffersen::10403",54,2,-8.59792665,-9.002244085,-8.20030006,10.7391245,9.369458515,12.11262805
"Kristoffersen::10404",55,5,-8.22089775,-8.41329606,-8.03638663,11.7538865,11.04340805,12.44057965
"Kristoffersen::10406",56,2,-7.21602155,-7.541402955,-6.905414,12.519574,11.2129326,13.84140065
"Kristoffersen::10408",57,2,-9.18365335,-9.606652485,-8.77714648,16.117179,14.6773217,17.67607935
"Kristoffersen::10412",58,2,-11.2800755,-11.70240565,-10.88284315,12.696416,11.4729362,13.9796007
"Kristoffersen::10427",59,8,-10.67045,-10.881611,-10.45912605,10.4786135,9.98771892,10.96774685
"Kristoffersen::1043",60,11,-12.0154005,-12.24209255,-11.79474325,7.98994585,7.46957177,8.544187445
"Kristoffersen::10431",61,3,-9.45370005,-9.946572805,-8.95504347,17.3493355,15.44329405,19.30088645
"Kristoffersen::10433",62,2,-10.9533935,-11.34171005,-10.5768638,14.375915,13.14702105,15.6005307
"Kristoffersen::10436",63,3,-11.6474895,-11.9438933,-11.3498178,20.8947395,19.75492405,22.061064
"Kristoffersen::10439",64,3,-11.630341,-12.01023045,-11.25555815,10.9970415,9.71403076,12.2455672
"Kristoffersen::10444",65,2,-11.1965405,-11.72176425,-10.6605799,25.946399,23.37569675,28.54092735
"Kristoffersen::10452",66,3,-6.8155115,-7.186176385,-6.43578212,7.78324845,6.09080706,9.480144375
"Kristoffersen::10460",67,2,-6.64115635,-6.87657116,-6.408593515,9.15802115,8.206911225,10.1704969
"Kristoffersen::10461",68,2,-18.9532595,-20.4932128,-17.51046845,21.5230825,18.55972525,24.71280495
"Kristoffersen::10470",69,5,-12.1991065,-12.49688485,-11.9146759,17.7767825,17.0407362,18.5407774
"Kristoffersen::10475",70,4,-7.5364883,-7.72429783,-7.34074239,9.33542915,8.68211375,9.98033377
"Kristoffersen::10494",71,2,-10.2216565,-10.6096154,-9.85767206,14.620101,13.2332122,16.03700785
"Kristoffersen::10495",72,2,-9.8231768,-10.43416475,-9.24199079,10.012872,8.143324805,11.95548515
"Kristoffersen::10507",73,4,-18.7891175,-19.4657117,-18.1150534,20.96491,19.82325315,22.1238424
"Kristoffersen::10508",74,2,-12.587816,-13.2383268,-11.92035045,17.718581,15.670767,19.7557367
"Kristoffersen::10510",75,2,-10.073548,-10.6645757,-9.493639035,11.9492385,9.27527606,14.72943035
"Kristoffersen::10514",76,2,-8.61504745,-9.019007875,-8.215622425,9.10179575,6.716628165,11.545729
"Kristoffersen::10516",77,4,-11.7690855,-12.22180525,-11.3298992,14.8178095,13.61458815,16.05990255
"Kristoffersen::10522",78,2,-8.43578835,-9.046387145,-7.80489195,4.10875585,2.11265996,6.061223485
"Kristoffersen::10523",79,2,-8.7359509,-9.333875645,-8.16574722,9.98293505,8.100006405,11.88257105
"Kristoffersen::10525",80,8,-11.1036835,-11.358241,-10.8508271,15.21098,14.6205318,15.8001917
"Kristoffersen::10532",81,9,-12.223968,-12.4291932,-12.02750995,16.7763345,16.27858755,17.3115655
"Kristoffersen::10533",82,2,-12.4757435,-13.1051656,-11.8389529,23.39365,20.46265055,26.282181
"Kristoffersen::10535",83,4,-8.52288425,-8.790983395,-8.27906159,9.816754,9.113842985,10.583379
"Kristoffersen::10541",84,4,-14.5786895,-15.0363836,-14.14284075,21.4657825,20.4415983,22.56677405
"Kristoffersen::10546",85,6,-8.5343449,-8.714437015,-8.349404315,6.96228955,6.518010375,7.407676135
"Kristoffersen::10566",86,2,-8.3728881,-8.78545495,-7.95754641,3.6063126,1.004665605,6.084005695
"Kristoffersen::10585",87,4,-12.4363155,-12.99932985,-11.9217145,8.9387586,7.637798275,10.3030217
"Kristoffersen::10590",88,2,-15.569485,-16.96278625,-14.23336045,33.766503,28.7796265,38.8681536
"Kristoffersen::10594",89,6,-9.5001531,-9.68365485,-9.32533091,13.7863755,13.2160921,14.36264225
"Kristoffersen::10596",90,5,-11.510359,-11.75062985,-11.2597834,17.6988195,16.97196295,18.43595735
"Kristoffersen::10598",91,4,-9.99495865,-10.2390035,-9.74057347,8.55459345,8.035048935,9.0451472
"Kristoffersen::10606",92,4,-9.54744765,-9.78063846,-9.319687125,10.86816,10.07897545,11.6427801
"Kristoffersen::1061",93,16,-9.9397514,-10.04477,-9.83786996,9.29443675,9.020295265,9.57110144
"Kristoffersen::10618",94,6,-9.90113435,-10.0755855,-9.72805398,9.0616418,8.623000985,9.50903975
"Kristoffersen::10626",95,2,-10.4063935,-10.7558732,-10.05220885,14.893575,13.7254895,16.06414945
"Kristoffersen::10636",96,2,-17.3193595,-18.618162,-16.0960431,24.94409,21.47253645,28.5972715
"Kristoffersen::10638",97,2,-6.97969655,-7.29174025,-6.66251821,10.3239405,9.07504242,11.57316285
"Kristoffersen::10644",98,2,-9.9481196,-10.52885185,-9.3745488,15.5369415,13.66031565,17.42053075
"Kristoffersen::10654",99,3,-13.9513695,-15.23554415,-12.7626835,5.0524501,0.367159391,9.88288915999999
"Kristoffersen::10655",100,2,-7.69281585,-8.10884217,-7.286736975,8.0984615,6.88172043,9.28256408
"Kristoffersen::10661",101,2,-8.5269251,-8.834931495,-8.227060335,12.537596,11.4182074,13.6898391
"Kristoffersen::10663",102,2,-8.2129931,-8.532174755,-7.88610502,16.115968,14.7654993,17.52072275
"Kristoffersen::10679",103,6,-8.91703465,-9.151894485,-8.694783685,7.5960854,6.866973205,8.37004958
"Kristoffersen::10681",104,3,-11.609247,-11.940716,-11.29514825,9.6080051,8.957080235,10.2754249
"Kristoffersen::10682",105,3,-13.3610895,-13.89807835,-12.826708,38.7139315,36.00607585,41.42271155
"Kristoffersen::10687",106,2,-7.731702,-8.03137504,-7.42507541,10.3845605,9.246895475,11.49531015
"Kristoffersen::10688",107,6,-8.5468354,-8.78496631,-8.304087575,14.458839,13.6381101,15.27214125
"Kristoffersen::10691",108,7,-14.9617,-15.3102233,-14.6197961,17.2109155,16.51741405,17.8990218
"Kristoffersen::10697",109,2,-11.6937705,-12.3699336,-11.02298185,13.54022,11.4246298,15.60892645
"Kristoffersen::10706",110,6,-8.59965445,-8.832459255,-8.373120145,13.835529,13.0460638,14.6446233
"Kristoffersen::10707",111,2,-14.7284295,-15.7608883,-13.81772885,11.831672,10.1536193,13.6763009
"Kristoffersen::10721",112,2,-7.19954235,-7.804504295,-6.583514345,9.1869491,7.16288703,11.2150922
"Kristoffersen::10729",113,2,-13.978153,-14.9301463,-13.09223725,12.8025195,10.1756433,15.5067979
"Kristoffersen::10730",114,10,-18.0751165,-18.465653,-17.6759062,19.5973115,18.9053953,20.28317945
"Kristoffersen::10755",115,2,-12.820702,-13.5813951,-12.1109586,10.4279245,8.37737983,12.7049956
"Kristoffersen::10756",116,6,-8.48748595,-8.842810945,-8.139478625,17.0731325,15.88667345,18.3468351
"Kristoffersen::10762",117,2,-8.1361626,-8.46720331,-7.819300945,4.3631237,3.249648765,5.505881545
"Kristoffersen::10776",118,2,-11.974423,-12.39657915,-11.55584435,18.362678,17.04095635,19.7258261
"Kristoffersen::10784",119,2,-17.6465885,-19.34665105,-15.956759,33.876502,28.4797702,39.3446673
"Kristoffersen::10785",120,2,-11.927339,-12.31379485,-11.5457074,21.0343135,19.763136,22.3238117
"Kristoffersen::10788",121,5,-9.02072285,-9.287056345,-8.762141985,15.3875405,14.56084635,16.2229573
"Kristoffersen::10804",122,7,-10.569446,-10.7429069,-10.3880432,13.46508,12.97291665,13.9520338
"Kristoffersen::1081",123,6,-11.5542125,-12.1838443,-10.94953415,5.40409705,3.319404495,7.6381891
"Kristoffersen::10813",124,3,-14.017317,-14.3758312,-13.67568345,32.547855,31.0804232,34.0471309
"Kristoffersen::10821",125,2,-13.28182,-14.30445295,-12.50957915,30.795427,27.1296428,35.75458835
"Kristoffersen::10825",126,2,-15.681338,-16.47539055,-14.8642461,33.621342,30.87549585,36.3707241
"Kristoffersen::10828",127,3,-6.18306645,-6.53664301,-5.82539791,6.36624325,5.484976775,7.253642375
"Kristoffersen::1084",128,6,-8.7936077,-8.98724045,-8.59715037,11.251442,10.161227,12.3570758
"Kristoffersen::10840",129,6,-13.2604595,-13.5129555,-13.0095218,15.33591,14.8123846,15.8758034
"Kristoffersen::10843",130,2,-13.140963,-14.3772277,-11.95538305,9.20449475,5.617313615,12.9323656
"Kristoffersen::10844",131,2,-9.11887865,-9.46976288,-8.761213115,7.0031033,5.769927005,8.19033865
"Kristoffersen::10854",132,2,-6.00617035,-6.497773055,-5.508070925,4.5663856,2.105229395,6.95056974
"Kristoffersen::10857",133,2,-13.1811305,-13.80328795,-12.56157895,13.6415865,11.98381505,15.31626765
"Kristoffersen::10862",134,2,-8.243248,-9.14416675,-7.379912435,19.21825,16.18943205,22.4321219
"Kristoffersen::10867",135,2,-9.6280474,-11.13219855,-8.154444785,21.488813,15.8973396,27.0632959
"Kristoffersen::10871",136,6,-13.6086485,-13.9968563,-13.2350933,15.1799195,14.3800504,15.99601175
"Kristoffersen::10875",137,2,-13.644101,-14.8901725,-12.5228067,13.900113,8.752598605,19.3954367
"Kristoffersen::10888",138,2,-8.72765585,-9.03104077,-8.4167934,9.7423,8.665358205,10.81208975
"Kristoffersen::10898",139,2,-8.0177674,-8.30242903,-7.73783616,6.7857351,5.876130865,7.68851195
"Kristoffersen::10904",140,11,-11.965554,-12.1533247,-11.77577135,16.1063175,15.6547841,16.56165895
"Kristoffersen::10905",141,2,-12.729608,-13.22680695,-12.2399688,17.321643,16.0009995,18.7049409
"Kristoffersen::10906",142,5,-13.674673,-14.4639928,-12.9106327,7.731671,5.440128055,10.0609202
"Kristoffersen::10912",143,3,-10.7933955,-11.1396425,-10.4562652,13.6498645,12.93545165,14.39084295
"Kristoffersen::10915",144,9,-13.209633,-13.452024,-12.9710041,18.2391855,17.72359,18.74410115
"Kristoffersen::10919",145,6,-11.4512065,-11.6695364,-11.24132255,12.676351,12.21962035,13.1363253
"Kristoffersen::10923",146,2,-8.62497005,-9.18884534,-8.035539965,6.73547455,4.85579626,8.535896025
"Kristoffersen::10924",147,5,-12.1624445,-12.45891655,-11.8870195,19.9368085,19.0582139,20.8864998
"Kristoffersen::10925",148,8,-18.136205,-18.639497,-17.6357312,18.2063825,17.3438241,19.0582339
"Kristoffersen::10928",149,2,-8.1554701,-8.967931445,-7.348174345,12.612089,9.81808818,15.4827088
"Kristoffersen::10930",150,2,-9.7447202,-10.05955585,-9.43435709,13.5802845,12.556978,14.63279215
"Kristoffersen::10934",151,2,-6.53976185,-6.86279298,-6.2243994,10.1178685,8.88170085,11.41914935
"Kristoffersen::10936",152,2,-12.04642,-12.46633935,-11.64478905,17.1858815,16.044731,18.35771775
"Kristoffersen::10937",153,2,-10.2928935,-10.6755842,-9.92980013,8.65655445,7.5501632,9.794628645
"Kristoffersen::10951",154,9,-9.64970095,-9.8351561,-9.459264105,12.1316685,11.6828866,12.58057465
"Kristoffersen::10959",155,4,-9.4468707,-9.717068585,-9.184331785,13.9823595,13.06609235,14.91918195
"Kristoffersen::1096",156,6,-9.8590518,-10.04577875,-9.675605855,10.793397,10.26288375,11.34678685
"Kristoffersen::10960",157,2,-9.24043505,-9.82108858,-8.67557053,7.73466815,5.044529855,10.5168792
"Kristoffersen::10968",158,8,-10.818325,-11.00274325,-10.63948725,11.2316485,10.83407115,11.6608642
"Kristoffersen::10972",159,2,-14.6721555,-15.2840838,-14.0743369,24.2869865,22.5827602,26.0229101
"Kristoffersen::10991",160,4,-13.5744235,-14.15813185,-13.0240311,14.350865,12.99705515,15.7832461
"Kristoffersen::10993",161,2,-7.9268568,-8.51295174,-7.344193975,14.158536,12.25901605,16.0523392
"Kristoffersen::11011",162,3,-11.1674005,-11.4727219,-10.88378025,10.4096825,9.662772965,11.1463538
"Kristoffersen::11013",163,2,-8.8902772,-9.193979055,-8.595606615,7.7171548,6.77819382,8.647921315
"Kristoffersen::11015",164,3,-7.70169065,-8.187045445,-7.247488505,11.670874,10.4383093,13.04455905
"Kristoffersen::11019",165,4,-12.0522185,-12.29719615,-11.81172705,15.6823375,14.98546875,16.40538555
"Kristoffersen::11027",166,3,-11.5854715,-12.1083754,-11.0755453,16.3263415,14.2653392,18.4228393
"Kristoffersen::11035",167,5,-13.5899715,-13.9082634,-13.2845783,15.993741,15.2340911,16.77666975
"Kristoffersen::11040",168,2,-7.626902,-7.9030295,-7.34265602,9.8328324,8.86791767,10.78603495
"Kristoffersen::11047",169,2,-12.5387535,-13.21638825,-11.9010923,9.00431655,7.213699865,10.8487787
"Kristoffersen::11049",170,3,-11.2404335,-11.5951381,-10.89096785,8.96649105,8.284103475,9.66000564
"Kristoffersen::11053",171,3,-13.576823,-14.00612335,-13.1685623,21.2799525,20.01267055,22.55603195
"Kristoffersen::11055",172,6,-11.011067,-11.2511335,-10.76484975,12.126934,11.57769215,12.6658375
"Kristoffersen::11073",173,3,-9.739595,-10.15240995,-9.33137853,13.16654,11.44856965,14.8877954
"Kristoffersen::11074",174,4,-13.785494,-14.21473875,-13.37129065,16.756115,15.7817996,17.7618218
"Kristoffersen::11075",175,2,-9.76143495,-10.0682635,-9.46397989,18.9729875,17.76980815,20.20231285
"Kristoffersen::11076",176,2,-11.774743,-12.43936095,-11.0940959,13.980296,11.898458,16.0134814
"Kristoffersen::11077",177,2,-6.77715675,-7.05523374,-6.492858195,1.035671,0.114064995,1.969769915
"Kristoffersen::11078",178,3,-10.4159535,-10.6866495,-10.14672945,14.176692,13.3657229,15.00836465
"Kristoffersen::11081",179,2,-9.33763385,-9.85477209,-8.840903415,15.0870735,12.7385755,17.5901346
"Kristoffersen::11085",180,4,-5.52774965,-5.73273884,-5.327609605,5.0953976,4.55378893,5.66451484
"Kristoffersen::11087",181,2,-11.6206875,-11.98414515,-11.25555955,17.450789,16.3791016,18.55053435
"Kristoffersen::1109",182,11,-11.766988,-12.0003427,-11.54336895,13.3226045,12.74523695,13.92240325
"Kristoffersen::11093",183,6,-12.6639505,-13.3324138,-12.0248615,2.9449968,1.129343835,4.778097935
"Kristoffersen::11095",184,5,-11.211646,-11.43790285,-10.9870555,12.596358,12.0626915,13.1389088
"Kristoffersen::11101",185,3,-8.15651705,-8.40902003,-7.892906845,6.93025335,6.117633695,7.69847477
"Kristoffersen::11120",186,2,-9.813412,-10.618624,-9.04285611,6.4281491,3.403925955,9.568543865
"Kristoffersen::11126",187,2,-9.53823925,-9.843920855,-9.2258497,10.911708,9.935395115,11.84566525
"Kristoffersen::1113",188,13,-11.76264,-11.9576133,-11.57840805,16.003353,15.5254047,16.4828316
"Kristoffersen::11135",189,3,-11.5668635,-12.350416,-10.81472065,5.1453541,2.69418495,7.659492925
"Kristoffersen::11136",190,2,-12.1528235,-12.70972775,-11.6289546,12.0926305,10.64747745,13.62481555
"Kristoffersen::1114",191,12,-9.545199,-9.670039345,-9.42574176,8.8861462,8.58531531,9.1982257
"Kristoffersen::11145",192,2,-10.274658,-10.64627025,-9.89869793,10.0080005,9.01001425,11.02845405
"Kristoffersen::11147",193,5,-13.2478215,-13.5967541,-12.9027062,18.4778495,17.4748085,19.49663475
"Kristoffersen::11174",194,2,-8.25148315,-8.80937942,-7.690627725,14.9079465,13.07864985,16.73877795
"Kristoffersen::11177",195,2,-12.3313285,-12.75692565,-11.93917575,20.8513125,19.60145215,22.13813395
"Kristoffersen::11190",196,2,-10.8785955,-11.9745645,-9.796081775,19.32691,14.4892314,24.0877107
"Kristoffersen::11196",197,5,-8.5860727,-8.859187785,-8.315951905,13.670274,12.81555415,14.49998245
"Kristoffersen::11197",198,5,-12.5049015,-13.039803,-11.99353975,6.7892199,5.39044337,8.19974218
"Kristoffersen::11204",199,7,-12.935521,-13.20860725,-12.66372355,13.553963,12.9370314,14.17697515
"Kristoffersen::11230",200,2,-11.5596155,-11.95691725,-11.1609207,17.1882835,15.905614,18.39352085
"Kristoffersen::11233",201,5,-8.9408052,-9.158428005,-8.71819308,10.797853,10.11796705,11.47361925
"Kristoffersen::11236",202,6,-13.46359,-13.7757787,-13.1519905,14.7301345,14.07667465,15.40423345
"Kristoffersen::11241",203,6,-14.0106545,-14.3156646,-13.69938835,22.561667,21.6750123,23.4318383
"Kristoffersen::11245",204,4,-19.880921,-20.80584035,-19.0393015,24.982746,23.33986325,26.78668815
"Kristoffersen::11247",205,6,-14.519098,-14.84094215,-14.21450685,21.6980435,20.958369,22.491118
"Kristoffersen::11249",206,6,-14.6160785,-14.9430049,-14.30021355,15.9404125,15.33710985,16.5715886
"Kristoffersen::11253",207,2,-11.170996,-11.87385855,-10.49065695,28.157998,25.2925357,31.08492695
"Kristoffersen::11260",208,2,-10.221249,-10.60519185,-9.85074477,13.637303,12.4896562,14.779663
"Kristoffersen::11261",209,2,-9.13019675,-9.820678735,-8.463191385,8.327985,5.657712625,11.00696485
"Kristoffersen::11269",210,2,-13.339024,-14.46707285,-12.251152,14.8626415,10.6662829,19.08004885
"Kristoffersen::11275",211,3,-11.0391225,-11.5037324,-10.5866074,24.5352735,22.90149135,26.30897955
"Kristoffersen::11279",212,2,-13.6787175,-14.3043465,-13.07638405,17.8751675,16.2067435,19.5463631
"Kristoffersen::11280",213,2,-11.553019,-11.9684773,-11.131527,14.4341895,13.29580815,15.55448565
"Kristoffersen::11281",214,2,-10.3504035,-10.7776733,-9.929633765,9.8063535,8.578999415,11.0340827
"Kristoffersen::11285",215,5,-11.882491,-12.18876925,-11.56836955,17.098382,16.2349303,17.9529073
"Kristoffersen::1129",216,5,-10.387713,-10.6239386,-10.16529365,6.4273703,4.97836462,7.946976245
"Kristoffersen::11296",217,3,-10.790783,-11.0765332,-10.51632235,11.3652835,10.63682235,12.1302991
"Kristoffersen::11300",218,2,-7.94491525,-8.66821276,-7.238468685,10.8952375,8.820827365,12.9909091
"Kristoffersen::11316",219,2,-14.30487,-16.1374858,-12.5286316,15.7459445,7.96566542,23.6606375
"Kristoffersen::11317",220,3,-9.53563645,-10.03560815,-9.045348805,19.3612365,17.42606505,21.3706756
"Kristoffersen::11322",221,2,-5.72821835,-6.11815489,-5.353578845,7.43030225,6.19376945,8.69454995
"Kristoffersen::11329",222,5,-9.9542044,-10.26051755,-9.65717129,8.781954,8.00891848,9.601986095
"Kristoffersen::11332",223,2,-9.31578735,-9.71025579,-8.927632565,17.1665225,15.7931314,18.58616875
"Kristoffersen::11333",224,2,-11.5171095,-12.8801945,-10.22488155,11.418313,5.70878864,17.36192795
"Kristoffersen::11336",225,2,-12.6670275,-13.87799825,-11.5069369,22.126986,17.0558978,27.4625165
"Kristoffersen::11347",226,2,-10.275862,-11.348639,-9.23259183,2.47009385,-0.4947870975,5.46863144
"Kristoffersen::11349",227,7,-8.97545005,-9.15978127,-8.78839315,9.518681,9.1046314,9.95370561
"Kristoffersen::11353",228,2,-4.23283905,-4.606000985,-3.867136045,-1.39972225,-2.532265655,-0.248274510000001
"Kristoffersen::11357",229,7,-16.815382,-17.16766285,-16.46476945,22.539778,21.8052742,23.269006
"Kristoffersen::11358",230,2,-8.07565255,-8.42915341,-7.70771223,7.91453955,6.75186741,9.039000965
"Kristoffersen::1136",231,9,-11.0134015,-11.18402975,-10.85068685,18.2598275,17.7499143,18.773077
"Kristoffersen::11360",232,2,-13.5402145,-14.56968635,-12.47477475,34.9222855,30.19222385,39.55349195
"Kristoffersen::11363",233,2,-5.7336951,-6.53651462,-4.900289835,7.11670595,4.70901746,9.46416046
"Kristoffersen::11365",234,3,-17.093717,-17.5812704,-16.62184625,21.0417105,20.14258255,21.96415795
"Kristoffersen::11369",235,2,-12.498516,-12.93003235,-12.0707207,19.92926,18.65870645,21.20271745
"Kristoffersen::11372",236,5,-6.07064975,-6.393522335,-5.736445855,10.5070165,9.621999055,11.41258275
"Kristoffersen::11375",237,5,-11.1676255,-11.45144015,-10.8838317,17.299335,16.42706905,18.16893335
"Kristoffersen::11379",238,9,-17.5654215,-17.95436765,-17.1767665,21.7231145,20.98738155,22.4768367
"Kristoffersen::11380",239,3,-7.89314875,-8.23598802,-7.55830677,11.165398,10.00724165,12.40402505
"Kristoffersen::11390",240,2,-10.8625235,-11.3851324,-10.35495345,7.7440293,6.29055891,9.266538875
"Kristoffersen::11406",241,2,-8.4698164,-8.79704396,-8.14309723,9.0618225,8.102737895,10.04786675
"Kristoffersen::11411",242,6,-10.8886075,-11.1051637,-10.6726273,13.660252,13.1202191,14.21924385
"Kristoffersen::11414",243,3,-9.94931825,-10.2794388,-9.608344715,10.526683,9.78767986,11.2647547
"Kristoffersen::11419",244,2,-8.41518465,-8.8125108,-8.03368877,14.486613,13.16087215,15.8876183
"Kristoffersen::11424",245,6,-11.940407,-12.28868845,-11.6032069,17.075201,16.3116453,17.8631695
"Kristoffersen::11425",246,2,-8.7002755,-9.05643139,-8.346635745,15.0323015,13.7916972,16.327086
"Kristoffersen::11430",247,2,-10.1762215,-10.90792435,-9.493984975,16.223794,14.2225038,18.3779551
"Kristoffersen::11437",248,10,-12.599473,-12.816412,-12.38262115,13.336886,12.89461835,13.7862151
"Kristoffersen::11441",249,9,-12.5611985,-12.8410843,-12.28189905,9.9005018,9.31792612,10.47885005
"Kristoffersen::11443",250,2,-11.3375665,-11.8340971,-10.8425721,9.31617365,8.0410033,10.63752465
"Kristoffersen::11447",251,2,-11.1110225,-11.52746645,-10.7008405,13.602556,12.39564755,14.79140785
"Kristoffersen::11448",252,2,-8.94633865,-9.58126093,-8.30616821,9.6104692,7.06262094,12.1118612
"Kristoffersen::11450",253,2,-11.058632,-11.76563015,-10.3464192,19.338066,17.268815,21.4442922
"Kristoffersen::11455",254,2,-7.5314834,-7.90070986,-7.14543025,11.6689425,10.32950335,13.00970465
"Kristoffersen::11456",255,2,-4.7686492,-5.22888709,-4.3211775,6.48823495,4.96612793,8.0524183
"Kristoffersen::11459",256,2,-8.4573891,-9.05178614,-7.88817399,-4.154769,-6.042459525,-2.18861805
"Kristoffersen::11472",257,2,-13.395882,-14.1302552,-12.69094135,19.4487595,17.45032775,21.4627207
"Kristoffersen::11474",258,3,-12.8537385,-13.38572005,-12.3525654,19.801583,18.2390539,21.4375156
"Kristoffersen::11476",259,2,-4.7520743,-5.47926846,-4.01580731,7.71975825,5.78902379,9.76728418
"Kristoffersen::11477",260,3,-9.84835675,-11.0348142,-8.65786512,5.57234235,2.342653675,8.81530976
"Kristoffersen::11479",261,3,-11.9125945,-12.78090335,-11.09138675,5.65475735,3.095113675,8.355070695
"Kristoffersen::11482",262,2,-6.14514565,-6.54903556,-5.742476295,7.7297379,6.766762145,8.7931005
"Kristoffersen::11488",263,2,-8.54853215,-8.82196427,-8.28210534,7.95823195,7.32152794,8.61356111
"Kristoffersen::1149",264,6,-8.0735412,-8.25537395,-7.882725485,31.218958,27.64423485,35.1653881
"Kristoffersen::11493",265,2,-12.45376,-12.91738645,-12.0178496,27.199258,25.5558671,28.9523295
"Kristoffersen::11499",266,2,-6.2546833,-6.58475535,-5.92117122,6.71619065,5.647963595,7.78457725
"Kristoffersen::11505",267,2,-9.1603671,-9.857893585,-8.45062181,5.96299335,3.109419155,8.79253685
"Kristoffersen::11509",268,2,-15.741962,-16.3916465,-15.1319165,27.978977,26.26429985,29.7235053
"Kristoffersen::11515",269,9,-13.0574835,-13.2850367,-12.8226489,12.6151505,12.1531264,13.07006935
"Kristoffersen::11516",270,2,-4.5647186,-4.906126025,-4.22716177,4.68202265,3.77313851,5.64804749
"Kristoffersen::11523",271,3,-13.7036825,-14.7636495,-12.7032706,9.4358006,6.21400326,12.7560486
"Kristoffersen::11525",272,7,-13.052852,-13.3199369,-12.79031445,14.091631,13.5471505,14.64924355
"Kristoffersen::11534",273,2,-6.7178722,-7.34467946,-6.07663181,2.94651785,0.4043208655,5.491084445
"Kristoffersen::11537",274,2,-8.885627,-9.450128585,-8.327351165,10.856052,9.307771285,12.4286813
"Kristoffersen::11541",275,3,-5.9742056,-6.512436835,-5.42197695,8.61766035,6.596512995,10.646727
"Kristoffersen::11547",276,8,-19.8002825,-20.2483001,-19.3579519,33.82439,32.762885,34.8601652
"Kristoffersen::11551",277,2,-11.639536,-12.22034075,-11.0602275,16.3593055,14.77589615,17.8937751
"Kristoffersen::11559",278,2,-6.14463405,-6.80147029,-5.473330185,2.7149265,0.7979777295,4.608457685
"Kristoffersen::11561",279,2,-12.3265605,-12.74776795,-11.92946895,18.648304,17.53957455,19.8077647
"Kristoffersen::11562",280,3,-15.3271915,-15.79797175,-14.86026925,17.994573,17.1158562,18.8643914
"Kristoffersen::11568",281,2,-6.0735899,-6.51245875,-5.62956537,10.6083905,9.095556485,12.15560425
"Kristoffersen::11574",282,6,-11.4363985,-11.710417,-11.1625691,8.19581335,7.621843295,8.76534705
"Kristoffersen::11577",283,4,-9.75434455,-10.0967127,-9.42541305,15.5568845,14.4945655,16.68057235
"Kristoffersen::11582",284,7,-12.3827905,-12.63429435,-12.14397175,17.1480445,16.53950145,17.78421965
"Kristoffersen::11584",285,2,-10.596127,-11.15459665,-10.07825825,4.4615514,3.04224611,5.93722378
"Kristoffersen::11597",286,2,-5.9212143,-6.27958245,-5.56676348,6.4084559,5.296613965,7.54273274
"Kristoffersen::11603",287,4,-9.72005075,-9.98450347,-9.448260495,11.29491,10.5933825,11.9903893
"Kristoffersen::11604",288,2,-19.36925,-21.0671934,-17.7391135,40.127615,34.89232815,45.5622356
"Kristoffersen::11629",289,4,-8.95454235,-9.280467905,-8.63591636,12.1919335,11.19948255,13.21100535
"Kristoffersen::11630",290,4,-14.420392,-14.785158,-14.053364,15.422804,14.69104635,16.13885665
"Kristoffersen::11632",291,2,-9.35774085,-9.986727625,-8.72019023,11.922332,9.409617535,14.4654253
"Kristoffersen::11633",292,3,-7.86786045,-8.214522435,-7.53430762,3.0710458,2.11558688,4.045520305
"Kristoffersen::11636",293,2,-9.001208,-9.32681824,-8.67446735,10.1024795,9.131002065,11.03636345
"Kristoffersen::11650",294,2,-10.640281,-11.26590265,-10.0207652,17.7447,15.95676085,19.50892715
"Kristoffersen::11655",295,2,-11.953723,-12.41415245,-11.4950246,13.6586655,12.46654075,14.84825685
"Kristoffersen::11656",296,2,-13.873456,-14.56437295,-13.18652595,18.459496,16.84204675,20.1335471
"Kristoffersen::11658",297,2,-8.79866,-9.393684745,-8.218668165,4.1179536,2.589459735,5.709047545
"Kristoffersen::11674",298,2,-8.14467655,-8.481262205,-7.81871241,7.2559856,6.32614781,8.219508735
"Kristoffersen::11675",299,2,-13.3481425,-14.03879235,-12.6838014,13.2235325,11.5610082,14.93391325
"Kristoffersen::11678",300,6,-12.953638,-13.295999,-12.6217513,17.615809,16.91265485,18.3506678
"Kristoffersen::11679",301,2,-13.986824,-14.5914136,-13.3847558,22.096124,20.5189663,23.74861455
"Kristoffersen::11686",302,6,-8.8281308,-9.03535767,-8.627196275,9.55712465,9.08175734,10.0366587
"Kristoffersen::11693",303,2,-12.7190575,-13.15829395,-12.2763536,17.4893615,16.37550825,18.57898195
"Kristoffersen::11699",304,2,-4.11936255,-4.999937845,-3.24266854,11.5442015,8.10823997,15.2387767
"Kristoffersen::11700",305,3,-11.6999125,-12.05515815,-11.34770665,19.6658885,18.5153382,20.8046078
"Kristoffersen::11707",306,2,-11.2251145,-11.59844905,-10.84565695,15.561541,14.47958735,16.59415495
"Kristoffersen::11716",307,2,-9.928143,-10.4872425,-9.370711055,8.8736541,7.410462435,10.3451225
"Kristoffersen::11717",308,3,-12.3087485,-12.7780326,-11.85329875,11.745656,10.7126645,12.78478195
"Kristoffersen::11722",309,2,-10.7960295,-11.15293655,-10.42402295,19.411135,18.21344985,20.6589725
"Kristoffersen::11725",310,2,-13.839228,-15.9278513,-11.80869785,13.507453,6.11501095,21.05122425
"Kristoffersen::11736",311,2,-11.7698285,-12.3697729,-11.178682,20.3941275,18.46219565,22.34831345
"Kristoffersen::11739",312,7,-8.63514475,-8.85512984,-8.404389255,10.575733,9.986357755,11.1687528
"Kristoffersen::11745",313,3,-13.0614695,-13.48840125,-12.64378645,16.860072,15.9298915,17.78722975
"Kristoffersen::11753",314,2,-9.5849076,-9.960190465,-9.20120784,6.9747174,5.912527935,8.014308705
"Kristoffersen::11760",315,2,-15.2501305,-15.81385895,-14.69317925,25.116353,23.6559913,26.6018705
"Kristoffersen::11767",316,5,-9.1992417,-9.456015405,-8.94737137,13.6097635,12.91259705,14.32515085
"Kristoffersen::11773",317,3,-11.3687835,-11.9271103,-10.8170979,17.133945,15.6635512,18.61724105
"Kristoffersen::11780",318,4,-8.27073225,-8.52871508,-8.01311929,10.2758585,9.65859965,10.90028685
"Kristoffersen::11781",319,2,-11.756349,-12.27058935,-11.2721734,12.785434,11.4322638,14.22427475
"Kristoffersen::11782",320,2,-8.85297935,-9.277178765,-8.42780359,7.99575045,6.837423595,9.156857935
"Kristoffersen::11793",321,2,-11.1281045,-11.57462965,-10.6831131,10.333175,9.166761795,11.49048345
"Kristoffersen::11803",322,2,-9.5840416,-10.5494957,-8.59417058,0.23696565,-3.76352006,4.032546885
"Kristoffersen::11808",323,3,-13.280524,-13.7294303,-12.8386209,19.6718385,18.3423822,20.9960977
"Kristoffersen::1181",324,5,-9.74013805,-10.3583347,-9.154739945,7.1125987,5.313676855,9.006012295
"Kristoffersen::11818",325,2,-8.5151103,-8.842041415,-8.189678175,9.634622,8.674158365,10.6285547
"Kristoffersen::11822",326,2,-7.2815349,-7.600210945,-6.95867074,8.08750565,7.090599065,9.08275464
"Kristoffersen::11829",327,2,-12.546429,-13.03324615,-12.0783492,17.847093,16.5746883,19.1650114
"Kristoffersen::11833",328,2,-12.149488,-12.68779025,-11.6463996,22.8103805,20.95906755,24.72055665
"Kristoffersen::11835",329,2,-8.81679985,-9.173774555,-8.46871423,14.176051,13.0162625,15.3734361
"Kristoffersen::11836",330,2,-14.1271675,-14.74068915,-13.53268145,23.8543595,22.25088905,25.54570235
"Kristoffersen::11837",331,2,-7.4922721,-7.874839685,-7.109522665,8.82868835,7.767024195,9.95145239
"Kristoffersen::11839",332,7,-12.177534,-12.4575385,-11.89396235,13.4177595,12.7455789,14.0666344
"Kristoffersen::11841",333,2,-5.5407748,-5.974649295,-5.10928937,3.54554785,2.300112655,4.78605073
"Kristoffersen::11847",334,2,-14.0991395,-15.9601987,-12.35804085,17.8222955,11.46878855,24.5927552
"Kristoffersen::1185",335,5,-9.0086578,-9.151602445,-8.85911418,10.50847,9.980506375,11.0587314
"Kristoffersen::11854",336,2,-6.30012395,-6.918041005,-5.67886304,-0.538221125,-3.018945075,1.943298975
"Kristoffersen::11858",337,3,-8.10980475,-8.510265205,-7.69383549,9.8133423,8.6696081,10.9520799
"Kristoffersen::11868",338,5,-7.94770385,-8.202390555,-7.70422519,9.61327415,9.044910775,10.21205155
"Kristoffersen::11882",339,2,-14.864852,-16.64338555,-13.10089505,21.4374175,14.96335945,27.9077013
"Kristoffersen::11891",340,6,-16.6112375,-16.9976562,-16.24729605,25.377505,24.4842204,26.330374
"Kristoffersen::11896",341,2,-11.601308,-12.56890975,-10.61065505,7.98707125,5.45604362,10.3534254
"Kristoffersen::11897",342,2,-14.4839095,-15.3154105,-13.6929838,21.023882,19.00567715,23.09744685
"Kristoffersen::11901",343,3,-13.5630415,-14.0927199,-13.0215889,20.74981,19.3915139,22.0463356
"Kristoffersen::11904",344,2,-14.5699225,-16.17904855,-13.1327631,9.4961354,6.13329397,13.1153034
"Kristoffersen::11906",345,2,-9.848502,-10.4016729,-9.30868538,11.9006765,10.4114127,13.38533935
"Kristoffersen::11911",346,2,-11.137113,-13.32201955,-9.01496621,8.76424895,2.674715905,15.00738395
"Kristoffersen::11913",347,2,-12.134025,-12.6109871,-11.6472413,16.7156675,15.4177471,17.98495545
"Kristoffersen::11914",348,2,-5.91912105,-6.38941245,-5.452708775,5.90617685,4.559534765,7.28133708
"Kristoffersen::11917",349,4,-9.59893285,-9.91213956,-9.282708065,12.7725995,11.97607115,13.5806146
"Kristoffersen::11918",350,2,-10.6009345,-11.0868802,-10.1370495,18.830398,17.3904721,20.3777657
"Kristoffersen::11922",351,4,-11.643828,-11.99454785,-11.30119955,13.936048,13.18890535,14.7129386
"Kristoffersen::11923",352,2,-5.8134831,-6.273824205,-5.34566566,5.46386675,4.10615052,6.84275742
"Kristoffersen::11927",353,2,-10.6140715,-11.9545295,-9.29825745,17.924542,12.9928284,22.93760965
"Kristoffersen::11928",354,2,-9.28035615,-10.0333746,-8.53652385,8.22562025,6.31873799,10.18292025
"Kristoffersen::11931",355,6,-14.3480675,-14.8252307,-13.891336,11.7773445,10.9133188,12.67031195
"Kristoffersen::11938",356,3,-10.737239,-11.20737225,-10.245187,20.3390355,18.70028315,21.93165925
"Kristoffersen::11942",357,2,-5.43905655,-5.874416355,-4.998654405,3.41484085,2.165320405,4.670599315
"Kristoffersen::11944",358,3,-9.57135575,-10.1592287,-8.982635135,15.1454165,13.2595188,17.01610695
"Kristoffersen::11953",359,2,-13.4203665,-14.2870485,-12.5424211,14.665212,12.05032515,17.26639115
"Kristoffersen::11955",360,2,-9.29581825,-10.10395785,-8.479500845,16.205207,13.3109607,19.07506005
"Kristoffersen::11960",361,2,-9.69824965,-10.0780677,-9.3233741,12.1934465,11.194969,13.2370071
"Kristoffersen::11963",362,2,-15.034396,-18.26674365,-11.9512979,11.467919,2.43422969,20.64536925
"Kristoffersen::11966",363,3,-13.8103545,-14.64904775,-12.9666524,32.6265335,29.60740345,35.63480925
"Kristoffersen::11976",364,2,-8.59101175,-9.347812165,-7.822992625,8.8244642,6.850274915,10.74350895
"Kristoffersen::11982",365,3,-5.1105455,-5.41789635,-4.80237092,4.8050661,3.98834248,5.683612665
"Kristoffersen::11984",366,2,-10.1066515,-10.6126044,-9.615963615,11.377454,10.22584985,12.5504976
"Kristoffersen::12",367,16,-9.1645271,-9.28550178,-9.04351495,16.012991,15.5812081,16.46163985
"Kristoffersen::12000",368,2,-13.180722,-14.3020975,-12.09149545,11.0185565,8.290005305,13.79828735
"Kristoffersen::12001",369,8,-8.8714367,-9.109340895,-8.649859425,10.177604,9.674414845,10.7015429
"Kristoffersen::12007",370,4,-13.6362275,-14.47180245,-12.8466951,6.52953795,4.686586555,8.434788615
"Kristoffersen::12017",371,2,-9.81823375,-10.2367331,-9.401460385,4.32089805,3.394394585,5.25278738
"Kristoffersen::12019",372,6,-15.5788495,-16.1744968,-15.000133,11.879292,10.88942665,12.89082205
"Kristoffersen::12026",373,2,-8.15160095,-8.55024604,-7.752956595,10.6289925,9.47518025,11.79520855
"Kristoffersen::12027",374,6,-14.519568,-14.85904545,-14.19637805,15.880417,15.1842103,16.5923107
"Kristoffersen::12030",375,2,-9.26105215,-9.695331865,-8.82987013,14.283518,12.99789195,15.6255585
"Kristoffersen::12031",376,3,-10.6843925,-10.95831355,-10.41469995,11.9370585,11.2308467,12.63809935
"Kristoffersen::12042",377,2,-10.6691385,-11.1023294,-10.24795945,15.5987855,14.3663358,16.8593008
"Kristoffersen::12044",378,2,-4.1363578,-4.682496275,-3.595786825,3.8369344,2.28431873,5.510805035
"Kristoffersen::12051",379,6,-6.35042925,-6.65632797,-6.045566745,7.98691265,7.22882779,8.76016407
"Kristoffersen::12057",380,5,-13.1565035,-13.46859675,-12.8405869,13.9674635,13.2561903,14.6626301
"Kristoffersen::12061",381,2,-11.730259,-12.329643,-11.11430115,17.184981,15.2275416,19.03240285
"Kristoffersen::12075",382,2,-12.9524865,-13.57390615,-12.3678809,13.7817215,12.26667895,15.3212199
"Kristoffersen::12083",383,3,-14.035195,-14.6515753,-13.4724167,12.00889,10.86149505,13.21160505
"Kristoffersen::12088",384,2,-9.75790835,-10.18517525,-9.331176345,14.689301,13.4030609,16.005788
"Kristoffersen::12092",385,2,-11.7097975,-12.5278272,-10.8873205,18.0111335,15.85867875,20.16012925
"Kristoffersen::12103",386,2,-11.7888605,-12.29795885,-11.29269145,13.4363405,12.1160551,14.7680235
"Kristoffersen::12106",387,5,-12.7420805,-13.11481665,-12.3668021,19.32742,18.30184015,20.31941455
"Kristoffersen::12107",388,2,-7.257282,-8.568683,-5.965208665,7.6552866,4.48865082,10.87787005
"Kristoffersen::12117",389,2,-9.20736315,-9.561070865,-8.86732255,9.12019815,8.268160665,9.99332284
"Kristoffersen::1212",390,12,-9.59611895,-9.7066746,-9.48008186,10.342527,9.93405327,10.7605606
"Kristoffersen::12129",391,3,-9.11967405,-9.443636465,-8.80256857,9.94875535,9.131594175,10.78215015
"Kristoffersen::12141",392,2,-12.9131335,-13.3734985,-12.4520334,18.2793315,17.1194676,19.4677035
"Kristoffersen::12145",393,2,-9.11059205,-9.716344995,-8.505204225,9.8298464,7.930079075,11.72517515
"Kristoffersen::12149",394,3,-12.2248365,-12.75197135,-11.7338989,11.157089,10.1666355,12.19092755
"Kristoffersen::12151",395,2,-13.7782635,-14.5806853,-13.0250883,14.7360605,12.6964754,16.9121449
"Kristoffersen::12155",396,8,-13.361775,-13.62321745,-13.09676595,16.54981,15.95986125,17.1285567
"Kristoffersen::12156",397,3,-15.2697495,-15.8764264,-14.6775209,25.1527795,23.44227235,26.91792105
"Kristoffersen::12158",398,2,-6.10101085,-6.522956145,-5.685421495,6.68674515,5.527893045,7.83060979
"Kristoffersen::12159",399,4,-6.91993255,-7.387038695,-6.45844811,6.27775155,4.913160095,7.64355744
"Kristoffersen::1216",400,6,-11.5450285,-12.0352667,-11.116951,10.8362215,8.05708917,13.82184575
"Kristoffersen::12165",401,6,-9.23181565,-9.53088041,-8.952497395,11.2801025,10.55118555,12.02854775
"Kristoffersen::12184",402,2,-9.51034925,-10.1288072,-8.90654879,19.6618315,17.56318445,21.96143815
"Kristoffersen::122",403,17,-10.134453,-10.27041195,-10.00270555,16.7757855,16.33005855,17.23806865
"Kristoffersen::12200",404,2,-15.5877435,-16.1547051,-15.0249343,25.951139,24.4923566,27.4022318
"Kristoffersen::12211",405,2,-10.7269545,-11.1263246,-10.3321283,14.3042135,13.24670805,15.3812195
"Kristoffersen::12217",406,2,-10.129975,-10.94074755,-9.335405265,10.944334,8.228486745,13.7079569
"Kristoffersen::12219",407,4,-9.12265735,-9.68264113,-8.569230185,13.172224,11.5728266,14.76448785
"Kristoffersen::12229",408,2,-14.4159935,-15.2667715,-13.5252612,34.4436715,31.3177789,37.4901101
"Kristoffersen::12231",409,2,-9.6564577,-10.0468802,-9.26297806,8.3581863,7.37953705,9.361948325
"Kristoffersen::12239",410,3,-10.741239,-11.3913054,-10.0865037,22.687642,20.52194455,24.8614408
"Kristoffersen::12243",411,4,-12.717617,-13.1369686,-12.2896097,23.197236,21.9843728,24.34408425
"Kristoffersen::12244",412,3,-9.06960345,-9.470659185,-8.672165885,5.0620156,4.08897016,6.04779355
"Kristoffersen::12248",413,2,-16.6010095,-17.3178808,-15.8843753,28.478042,26.62390035,30.27544865
"Kristoffersen::12251",414,2,-12.3223405,-12.9096194,-11.74647945,10.6212445,9.24090743,12.0075287
"Kristoffersen::12254",415,2,-4.72376225,-5.22926411,-4.23412878,6.33200665,4.88466911,7.815012235
"Kristoffersen::12255",416,3,-7.97891045,-8.45057791,-7.50639775,9.14257335,7.83165457,10.4315638
"Kristoffersen::12259",417,2,-14.7969915,-15.7312632,-13.91250735,15.261175,13.1114768,17.51209575
"Kristoffersen::12274",418,2,-19.40143,-24.39794095,-15.42540565,9.3744362,0.228624958,19.8629418
"Kristoffersen::12277",419,3,-9.4820117,-9.791136825,-9.177816035,1.93665785,1.276521435,2.56726821
"Kristoffersen::12284",420,2,-10.004011,-11.1322884,-8.932770485,20.159252,17.22371095,23.4184289
"Kristoffersen::12285",421,4,-5.92863005,-6.449764405,-5.41297263,8.98255475,7.68987813,10.330234
"Kristoffersen::12288",422,2,-9.79518405,-10.2740789,-9.313020535,11.965813,10.68754345,13.19837655
"Kristoffersen::12291",423,2,-13.965064,-14.68710035,-13.2878036,13.522173,12.15243805,14.96041825
"Kristoffersen::12292",424,2,-6.96512725,-7.565786155,-6.356517995,2.9636507,1.476048255,4.427606025
"Kristoffersen::12300",425,2,-8.7233362,-9.0998153,-8.34554519,9.6585198,8.634747445,10.71735895
"Kristoffersen::12302",426,3,-12.370607,-12.88056095,-11.88102775,12.3445845,11.06888335,13.62831025
"Kristoffersen::12304",427,2,-5.6535637,-6.34657097,-4.92101674,4.3915468,2.62357039,6.16910204
"Kristoffersen::12306",428,3,-8.355877,-8.737561455,-7.976469295,11.044274,9.91638682,12.16900715
"Kristoffersen::12312",429,2,-3.48685285,-4.080010925,-2.87817776,4.36497515,2.67008351,6.07944986
"Kristoffersen::12323",430,3,-6.54488815,-7.101432755,-5.977566765,1.8461571,0.1267749155,3.63404364
"Kristoffersen::12331",431,2,-13.3713735,-14.06187415,-12.69444995,17.5801395,15.9724889,19.24033905
"Kristoffersen::12332",432,2,-11.745407,-12.16874605,-11.3418432,16.3605295,15.2556707,17.4498175
"Kristoffersen::12336",433,4,-13.6911775,-14.216677,-13.16231415,15.0222065,13.810773,16.2202482
"Kristoffersen::12341",434,2,-11.5445925,-11.94937645,-11.13828665,17.911699,16.76995255,19.08607225
"Kristoffersen::12343",435,2,-9.20966575,-9.601355405,-8.84669437,13.5012325,12.43520015,14.64971285
"Kristoffersen::12355",436,2,-11.2004805,-11.62798495,-10.78902275,19.0592945,17.7866538,20.39621105
"Kristoffersen::12358",437,2,-7.3514105,-8.359948235,-6.36251214,13.488408,10.87333945,16.24308465
"Kristoffersen::12360",438,2,-9.58113875,-10.13469485,-9.019572875,11.636728,10.2717882,12.9947407
"Kristoffersen::12367",439,2,-11.3093665,-11.8930751,-10.71936865,10.0135395,8.60912434,11.42587735
"Kristoffersen::12373",440,2,-7.52504005,-8.46037602,-6.55538493,9.59181005,6.622704335,12.4723552
"Kristoffersen::12377",441,3,-13.0305725,-13.52634775,-12.55523015,12.64525,11.7348997,13.5821805
"Kristoffersen::12379",442,2,-9.9291858,-10.83724375,-9.02879403,12.6019,10.4809726,14.7965691
"Kristoffersen::12381",443,2,-7.3242195,-7.86406063,-6.75937761,9.1332412,7.64399781,10.61264445
"Kristoffersen::12382",444,2,-10.1022255,-11.19675615,-9.009278885,5.70296285,2.425547885,8.984522615
"Kristoffersen::12383",445,3,-9.68262595,-9.98047032,-9.392071975,9.90155395,9.160748475,10.6761135
"Kristoffersen::12384",446,2,-14.994683,-15.55305065,-14.45016595,24.8629865,23.4337076,26.33694615
"Kristoffersen::12388",447,2,-7.193353,-7.5808108,-6.79599789,8.4223288,7.31816206,9.524891425
"Kristoffersen::12389",448,2,-7.52985845,-7.945944015,-7.121919855,10.28061,9.098660815,11.5287349
"Kristoffersen::12395",449,3,-19.441397,-20.6825425,-18.2239504,34.4530995,30.86316265,38.1150531
"Kristoffersen::12397",450,2,-13.3022635,-14.5973627,-12.0550585,13.5994165,9.91816455,17.4141504
"Kristoffersen::12401",451,2,-9.60593585,-10.10257605,-9.10330752,13.50377,12.1541646,14.8456657
"Kristoffersen::12403",452,2,-12.3475555,-12.8045652,-11.8864724,13.679728,12.6288828,14.74912485
"Kristoffersen::12406",453,2,-10.135313,-10.55883485,-9.73639015,12.9721615,11.89565035,14.10779585
"Kristoffersen::12408",454,4,-10.9629285,-11.32933935,-10.5906241,14.2324815,13.263675,15.19387255
"Kristoffersen::12409",455,2,-10.538256,-13.0996127,-7.974932945,0.60303544,-5.23152317,6.4292508
"Kristoffersen::12411",456,2,-13.7874485,-15.04938735,-12.58139865,11.877005,9.15359844,14.73787975
"Kristoffersen::12413",457,2,-13.547777,-14.150786,-12.94941435,14.935021,13.5698744,16.32071155
"Kristoffersen::12419",458,2,-14.2250835,-15.11355665,-13.30898925,21.2544015,19.05034885,23.4237207
"Kristoffersen::12427",459,2,-11.3076395,-11.81554845,-10.78485665,16.0639105,14.6982096,17.3881672
"Kristoffersen::12433",460,2,-13.6559165,-14.22117675,-13.09242275,17.8919825,16.5512593,19.25769745
"Kristoffersen::12452",461,2,-5.6814,-7.642089775,-4.065596645,16.284475,11.1183038,22.7783627
"Kristoffersen::12457",462,2,-11.000638,-11.46614975,-10.56532385,12.1099245,11.0673954,13.195121
"Kristoffersen::12467",463,2,-13.911752,-14.88067895,-12.9435385,22.207191,19.9430872,24.629472
"Kristoffersen::12469",464,2,-11.106465,-11.5912312,-10.6286969,13.56845,12.35561785,14.79285135
"Kristoffersen::12485",465,2,-8.0713458,-9.009259795,-7.23034949,6.42379625,4.425667475,8.65549769
"Kristoffersen::12491",466,3,-14.307331,-14.92425695,-13.71474235,26.9900555,25.24021445,28.88819665
"Kristoffersen::12494",467,4,-9.53681635,-9.837670835,-9.24064519,9.18149265,8.50479298,9.872797865
"Kristoffersen::12501",468,6,-13.9398385,-14.35346815,-13.5352638,16.8965975,15.93975075,17.86750835
"Kristoffersen::12507",469,2,-6.32631035,-7.33189189,-5.351532185,5.51180345,3.187205985,7.926567195
"Kristoffersen::12509",470,2,-12.343637,-12.84573475,-11.83426165,15.7884805,14.5148477,17.05166925
"Kristoffersen::1251",471,14,-9.533679,-9.64982442,-9.420887185,14.8458345,14.4284511,15.254623
"Kristoffersen::12510",472,2,-6.7526057,-7.8691312,-5.6316257,10.3246065,6.92814175,13.75016195
"Kristoffersen::12511",473,2,-10.4905625,-10.99642755,-9.992357315,12.8829685,11.61682045,14.2013436
"Kristoffersen::12513",474,2,-8.7989024,-10.40392725,-7.128567525,5.75413565,0.3542109595,10.921194
"Kristoffersen::12516",475,3,-10.6874885,-11.15631705,-10.22524375,13.5737465,12.43576815,14.73401645
"Kristoffersen::12518",476,3,-9.72535205,-10.22992805,-9.20627743,10.1037325,9.021537395,11.13810155
"Kristoffersen::12519",477,2,-7.59846225,-8.135391845,-7.067540765,10.466374,9.00322171,11.9461753
"Kristoffersen::12545",478,2,-9.35493825,-9.87194131,-8.86591663,7.133077,5.928387145,8.38651472
"Kristoffersen::12552",479,2,-13.3421715,-13.8684401,-12.83898365,18.7159175,17.45396395,20.0387938
"Kristoffersen::12555",480,2,-9.0432658,-9.5142201,-8.566092035,10.285766,9.05047383,11.49912285
"Kristoffersen::12561",481,2,-14.3944275,-14.90047715,-13.89167515,24.037697,22.66048955,25.3901199
"Kristoffersen::12569",482,2,-9.76699695,-10.7249618,-8.825058345,15.5469955,12.64499055,18.4179722
"Kristoffersen::12571",483,4,-12.3938305,-12.76144945,-12.04207655,10.473991,9.798211035,11.1728302
"Kristoffersen::12578",484,3,-11.0514175,-11.51482525,-10.578988,8.88309055,7.659102535,10.0902391
"Kristoffersen::12586",485,2,-13.748933,-14.50969875,-13.0454123,27.569933,25.3884252,29.89203845
"Kristoffersen::12591",486,4,-8.81848755,-9.42032012,-8.219230355,11.047128,9.792047815,12.3386176
"Kristoffersen::12594",487,6,-14.701712,-15.06753745,-14.3473267,15.404838,14.7349392,16.09188055
"Kristoffersen::12597",488,2,-13.1086925,-13.9468014,-12.2712953,12.422125,10.62413915,14.2287642
"Kristoffersen::12617",489,5,-12.825793,-13.7846639,-11.9234816,23.650292,21.47157195,25.96717495
"Kristoffersen::12618",490,7,-11.377051,-11.63591095,-11.1216648,9.32692215,8.812953775,9.83538383
"Kristoffersen::12621",491,3,-13.5115995,-14.03427765,-12.9887595,19.3985295,18.10239175,20.7104123
"Kristoffersen::12639",492,2,-20.1679315,-22.29351015,-18.1203792,36.8297825,30.31185305,43.46435195
"Kristoffersen::12646",493,2,-17.4991465,-19.0989443,-15.9380415,24.843611,20.4763704,29.47290955
"Kristoffersen::12650",494,5,-12.239204,-12.68311105,-11.79243665,10.6194515,9.79025111,11.4479237
"Kristoffersen::12651",495,2,-18.45213,-21.4313936,-15.4967543,23.842192,16.32490115,31.44440595
"Kristoffersen::12654",496,2,-14.8045655,-16.78395515,-12.91743815,31.175216,26.3488268,36.3700561
"Kristoffersen::12667",497,3,-8.2276441,-8.891694475,-7.59573039,9.35417515,7.469055505,11.29693005
"Kristoffersen::12669",498,2,-10.0061355,-10.45108835,-9.55967708,12.385714,11.27164285,13.51583915
"Kristoffersen::12670",499,2,-13.9990705,-14.4785237,-13.53109085,16.5329645,15.6275283,17.4216219
"Kristoffersen::12683",500,2,-5.96601135,-6.35618569,-5.57599976,5.69234375,4.75641621,6.600305505
"Kristoffersen::12690",501,2,-7.2570054,-7.70698922,-6.813336545,7.83432345,6.66736989,9.00238055
"Kristoffersen::12694",502,2,-8.41155155,-11.27447985,-5.562180035,16.8585555,10.27137925,23.62943595
"Kristoffersen::12695",503,6,-11.083935,-11.4605237,-10.70559815,10.249258,9.47061896,11.03364255
"Kristoffersen::12696",504,2,-15.591334,-16.4701359,-14.73149485,22.6550075,20.81988595,24.5357392
"Kristoffersen::12702",505,2,-7.2980327,-7.68813411,-6.921238275,4.7938227,3.916334135,5.699556575
"Kristoffersen::12710",506,3,-10.060237,-10.47805375,-9.64493415,10.5696345,9.615382385,11.5183528
"Kristoffersen::12715",507,2,-2.11449275,-3.04914843,-1.236537545,-10.3404595,-13.03231775,-7.505003995
"Kristoffersen::12725",508,2,-13.864144,-14.6449792,-13.07428255,15.558815,13.85331925,17.26636735
"Kristoffersen::12736",509,3,-10.022976,-10.4538929,-9.58365809,11.496446,10.55031875,12.44557705
"Kristoffersen::12739",510,2,-11.9027705,-12.37170235,-11.4307475,18.107679,16.90286435,19.36134915
"Kristoffersen::12742",511,3,-33.6283865,-35.2433933,-32.0661655,70.090266,66.02131495,74.28407305
"Kristoffersen::12744",512,2,-11.853528,-12.44288365,-11.2810259,9.24079995,7.959473885,10.53643945
"Kristoffersen::12747",513,2,-7.71263145,-8.158623885,-7.25985473,8.64939895,7.48179373,9.796230935
"Kristoffersen::12749",514,5,-13.964658,-14.44258755,-13.48438995,17.3768625,16.40757755,18.3614559
"Kristoffersen::12759",515,2,-13.467689,-14.27954725,-12.66843395,13.648359,11.91123665,15.4321471
"Kristoffersen::12776",516,2,-5.6998498,-6.305392245,-5.067740415,8.71258785,7.01496929,10.38480655
"Kristoffersen::12781",517,2,-13.3081195,-14.1934133,-12.4382182,8.54418365,6.653110055,10.44121305
"Kristoffersen::12783",518,5,-19.35816,-19.9416318,-18.77055785,27.545506,26.38154345,28.6758365
"Kristoffersen::12785",519,2,-11.0594785,-11.75704725,-10.35229965,13.2848635,11.66804185,14.84641905
"Kristoffersen::12786",520,2,-7.3775299,-7.843492895,-6.89893494,8.3160126,7.088012515,9.51136865
"Kristoffersen::12794",521,2,-11.0173305,-11.4954539,-10.54461495,6.81885535,6.033041455,7.63286321
"Kristoffersen::12804",522,2,-1.3047006,-2.09045938,-0.4825203445,-7.15887745,-9.465624065,-4.937376875
"Kristoffersen::12805",523,2,-13.0601805,-14.87501415,-11.26120595,18.8349345,13.74076035,24.0158965
"Kristoffersen::12820",524,2,-10.0677235,-10.50588265,-9.621392455,12.731177,11.6153955,13.87203295
"Kristoffersen::12821",525,2,-8.221157,-8.90035272,-7.531753745,8.99720265,7.03496628,10.9548734
"Kristoffersen::12834",526,2,-12.3272215,-13.202121,-11.47295615,11.7953035,9.39995826,14.18401325
"Kristoffersen::12835",527,2,-14.820844,-15.56354685,-14.07912765,16.782669,15.2039098,18.3600555
"Kristoffersen::12837",528,2,-14.8235235,-15.37355795,-14.3158863,16.5837725,15.70225655,17.52237915
"Kristoffersen::12851",529,2,-12.130748,-12.59824985,-11.6722262,16.8839715,15.7000148,18.0420182
"Kristoffersen::12863",530,2,-7.4690218,-7.935790405,-6.989576745,5.64349805,4.41998153,6.849640755
"Kristoffersen::12872",531,2,-18.633848,-19.34866835,-17.9272532,31.020915,29.3525815,32.7237692
"Kristoffersen::12889",532,2,-13.49658,-13.98777295,-13.0080055,20.0562195,18.84900085,21.286893
"Kristoffersen::12904",533,3,-7.39626325,-8.179427265,-6.63314432,7.98607005,6.34936047,9.646843655
"Kristoffersen::12908",534,2,-10.6479835,-11.1790603,-10.1032107,11.1492865,9.90993218,12.39743125
"Kristoffersen::12910",535,2,-10.181392,-11.10830205,-9.262590945,11.739171,8.909440035,14.53177145
"Kristoffersen::12914",536,10,-13.710894,-14.04319275,-13.3935095,10.620806,10.05803385,11.2027497
"Kristoffersen::12927",537,5,-9.70556685,-10.07558915,-9.328403965,11.516612,10.72328315,12.28715605
"Kristoffersen::12932",538,2,-11.9911455,-12.57679615,-11.4221405,21.2008915,19.502395,22.9247418
"Kristoffersen::12936",539,2,-12.3302695,-12.974773,-11.7149842,9.8145023,8.487450385,11.20924335
"Kristoffersen::12949",540,2,-16.9191075,-17.76443625,-16.09936855,28.208266,26.2985608,30.23639965
"Kristoffersen::12963",541,3,-13.439872,-13.91083395,-12.9994328,14.6655645,13.6454985,15.6931001
"Kristoffersen::12966",542,4,-9.93615925,-10.43120735,-9.422122475,17.644652,16.2752138,19.01133305
"Kristoffersen::12983",543,3,-15.6452495,-16.9049748,-14.48312125,13.8248565,11.37549865,16.41256135
"Kristoffersen::12990",544,2,-7.97157015,-8.443183065,-7.51191752,9.6110599,8.398593785,10.85501055
"Kristoffersen::12994",545,2,-7.02549565,-7.512862825,-6.539109485,8.44857395,7.29832322,9.579997545
"Kristoffersen::12995",546,8,-7.87945475,-8.211008695,-7.535894475,11.566159,10.776812,12.3546792
"Kristoffersen::130",547,6,-11.76873,-12.0182831,-11.5155091,16.1877005,15.4976941,16.89985055
"Kristoffersen::13004",548,2,-9.518637,-10.12109865,-8.923166795,12.400159,10.94034265,13.9070342
"Kristoffersen::13005",549,2,-7.0874783,-7.526147295,-6.64523851,8.3211145,7.20456405,9.48141685
"Kristoffersen::13010",550,2,-8.35435825,-8.77732873,-7.922824345,6.0830568,5.04201299,7.123519825
"Kristoffersen::13020",551,2,-2.4108772,-3.360299815,-1.459993105,-1.028465,-3.15532822,1.08782345
"Kristoffersen::13023",552,2,-7.6251962,-8.16957656,-7.07727799,6.57294355,5.274315125,7.844099155
"Kristoffersen::13026",553,2,-11.7192935,-12.19773645,-11.2465344,13.7107285,12.5787219,14.8500141
"Kristoffersen::13029",554,4,-9.0074434,-9.472356085,-8.55219004,10.142927,9.049176065,11.2851571
"Kristoffersen::13035",555,2,-16.468124,-17.11854295,-15.8464768,26.69503,25.15844435,28.2729783
"Kristoffersen::13036",556,2,-8.3085071,-8.84485913,-7.75831943,5.04125015,3.753761865,6.29933069
"Kristoffersen::13042",557,4,-18.091509,-18.64393795,-17.5544171,30.020313,28.71529885,31.386315
"Kristoffersen::13043",558,4,-12.2059515,-12.65466085,-11.75971985,18.287709,17.2316551,19.3808633
"Kristoffersen::13044",559,2,-12.607537,-13.4592696,-11.63663085,15.904865,13.7061662,17.92746265
"Kristoffersen::13065",560,4,-10.902039,-11.63209405,-10.1793446,20.398791,18.51012925,22.3554729
"Kristoffersen::13066",561,2,-7.35593555,-7.754926495,-6.94282164,6.88486815,6.01121785,7.76206105
"Kristoffersen::13077",562,3,-8.1590284,-8.486640415,-7.84688829,6.42757205,5.713883965,7.145452855
"Kristoffersen::13089",563,2,-11.588335,-12.1717951,-11.0201905,12.246861,10.9261867,13.59130915
"Kristoffersen::13105",564,2,-3.1228519,-3.84706971,-2.393057615,0.713157915,-0.9690654395,2.41190216
"Kristoffersen::1311",565,13,-7.6671689,-7.7416201,-7.594279855,11.365378,11.05912075,11.65907645
"Kristoffersen::13122",566,3,-9.3928276,-9.97251247,-8.79154177,13.414759,11.86689615,14.9372931
"Kristoffersen::13133",567,2,-11.280171,-11.8706985,-10.6973211,16.536007,15.114132,18.01978465
"Kristoffersen::1314",568,17,-7.9494354,-8.026154955,-7.87516351,10.163704,9.920067265,10.4062642
"Kristoffersen::13143",569,5,-14.4995735,-14.918445,-14.11256805,20.853617,19.9700637,21.7727697
"Kristoffersen::13148",570,2,-9.85547915,-10.4750253,-9.248488095,11.287139,9.805009545,12.81554245
"Kristoffersen::13155",571,3,-11.1711885,-11.676698,-10.6621471,15.561827,14.3614371,16.75921345
"Kristoffersen::13157",572,2,-9.58705005,-10.04887025,-9.143945665,6.96831395,6.03040174,7.899072105
"Kristoffersen::13158",573,2,-9.65208675,-10.27859265,-9.041953605,10.770294,9.221101675,12.3266603
"Kristoffersen::13170",574,2,-23.4556875,-25.43749245,-21.4797647,46.4031445,40.75840185,52.0912762
"Kristoffersen::13171",575,3,-5.4546989,-6.066616545,-4.833011785,7.04036755,5.672551645,8.4182522
"Kristoffersen::13189",576,2,-10.890619,-11.7809217,-10.02309975,20.118694,17.7905631,22.58902955
"Kristoffersen::13193",577,2,0.72708271,-0.1531539325,1.649415645,-7.1603012,-9.13434658,-5.172810565
"Kristoffersen::13209",578,3,-13.7136905,-14.55605395,-12.9045039,10.7428655,9.1107799,12.47278775
"Kristoffersen::13215",579,2,-11.0808605,-11.71368815,-10.4643859,17.5112515,15.93521275,19.11990255
"Kristoffersen::13222",580,2,-6.7507198,-7.47248272,-6.062625185,10.1899935,8.493693875,12.0089785
"Kristoffersen::13243",581,2,-14.875125,-15.68239635,-14.08837825,16.085738,14.38461475,17.7967022
"Kristoffersen::13248",582,2,-10.252074,-10.7879008,-9.733926365,13.488208,12.26227855,14.7920159
"Kristoffersen::13253",583,2,-13.474683,-14.9436023,-11.96203375,5.05890065,1.672219445,8.32312354
"Kristoffersen::13258",584,2,-6.8508944,-8.029613625,-5.65217074,7.5653447,4.955725625,10.17008285
"Kristoffersen::1326",585,13,-7.66655465,-7.74631486,-7.584930845,10.0688825,9.80106608,10.35167505
"Kristoffersen::13268",586,4,-9.18745785,-9.59963773,-8.774517025,9.56456815,8.658973305,10.47278395
"Kristoffersen::13269",587,2,-6.20953865,-6.68749891,-5.711183905,3.09216155,1.98432053,4.14816524
"Kristoffersen::13270",588,2,-12.377196,-13.9420293,-10.70459975,9.9679377,6.217363295,13.41739225
"Kristoffersen::13280",589,4,-8.78066745,-9.109104575,-8.456711485,7.3978895,6.715606545,8.09094706
"Kristoffersen::13285",590,2,-7.79997545,-8.8617632,-6.75966898,6.9318383,4.122513855,9.816448435
"Kristoffersen::13288",591,3,-8.313309,-9.02286343,-7.624932615,13.713372,11.8658127,15.5761046
"Kristoffersen::13289",592,2,6.3961699,4.27513401,9.000409405,-13.8928595,-18.5137624,-10.06938365
"Kristoffersen::13297",593,3,-13.8940305,-14.44228495,-13.38805735,19.4675605,18.2805842,20.69827485
"Kristoffersen::13301",594,2,-9.3064199,-10.01549355,-8.63419274,14.8033175,13.02846465,16.6457236
"Kristoffersen::13302",595,2,-8.34047815,-8.877837875,-7.81169804,7.7613841,6.50157916,9.05025481
"Kristoffersen::13304",596,2,-6.1060271,-7.17930357,-5.03212232,3.07100125,0.1620767655,6.00123125
"Kristoffersen::13307",597,4,-12.332651,-12.7601026,-11.91105065,11.2365845,10.43808185,12.0899885
"Kristoffersen::13311",598,4,-11.9544655,-12.3858107,-11.50291025,11.39827,10.41651595,12.3213399
"Kristoffersen::13314",599,2,-17.714019,-19.1576019,-16.25025195,24.1047045,20.8273408,27.35841755
"Kristoffersen::13330",600,4,-8.63236995,-9.26078573,-7.9568727,14.4141535,12.8229454,15.93407935
"Kristoffersen::13336",601,2,-5.0969777,-5.50779898,-4.68115439,1.4861779,0.601654681,2.34249221
"Kristoffersen::13337",602,2,-10.3421755,-10.87953365,-9.79881424,11.030264,9.86120461,12.17718505
"Kristoffersen::13338",603,2,-11.2553195,-13.7563098,-8.778267,15.6249145,9.751343785,21.4873921
"Kristoffersen::13340",604,2,0.308831625,-1.03441731,1.69949628,-1.5008494,-4.376026195,1.448070055
"Kristoffersen::13345",605,2,-13.358119,-13.8897448,-12.8495137,16.4048195,15.27149525,17.57025005
"Kristoffersen::13361",606,2,-10.399293,-10.90331445,-9.907660605,13.567877,12.41086245,14.78033195
"Kristoffersen::13368",607,2,-13.4110375,-16.3172156,-10.9914941,27.7786185,21.8706926,34.7329389
"Kristoffersen::13372",608,4,-10.38994,-10.85533135,-9.91441588,13.1733995,12.0426637,14.25727315
"Kristoffersen::13375",609,2,-10.229064,-11.56785395,-8.907552835,16.076106,13.0480779,19.09150745
"Kristoffersen::13379",610,2,-9.62195,-10.1567433,-9.0935769,12.798834,11.51053395,14.11621355
"Kristoffersen::13380",611,2,-6.6569148,-8.54953257,-5.10555464,15.6365745,11.19211135,21.24738845
"Kristoffersen::13384",612,2,-9.7663441,-10.5807937,-8.932967115,11.064638,9.274212115,12.79619475
"Kristoffersen::13388",613,2,-10.735191,-11.3917437,-10.09805845,7.02560135,5.602409785,8.48762759
"Kristoffersen::13391",614,2,-7.8179057,-8.298055155,-7.34798576,5.88448125,4.83341312,6.957431665
"Kristoffersen::13419",615,2,-9.1346001,-10.5688006,-7.71769942,17.2561815,13.335687,21.30263365
"Kristoffersen::13420",616,2,-12.3992315,-12.90593935,-11.88026225,16.7805475,15.56176535,17.96884075
"Kristoffersen::13430",617,2,6.74737695,4.35141791,9.53656996,-14.376362,-19.6141511,-9.73712211
"Kristoffersen::13439",618,4,-10.119479,-10.4888771,-9.753150245,11.253811,10.4756364,12.0597852
"Kristoffersen::1344",619,8,-11.3975865,-11.62280835,-11.17818285,12.2849755,11.7818099,12.7862486
"Kristoffersen::13451",620,2,-4.5170493,-5.03233706,-4.00479002,0.61976186,-0.518610663,1.78899006
"Kristoffersen::13459",621,2,-11.090916,-11.7130501,-10.4694562,10.3355815,9.00391291,11.6396358
"Kristoffersen::13460",622,2,-3.16218745,-3.72755077,-2.577260445,-0.45698837,-1.702827335,0.790735170499999
"Kristoffersen::13473",623,2,-7.2402807,-7.90621118,-6.598482915,10.354614,8.747508185,12.0343789
"Kristoffersen::13476",624,5,-10.14413,-10.6360551,-9.640824465,14.8755785,13.7062744,16.0363828
"Kristoffersen::13477",625,2,-6.0537006,-6.704427595,-5.395562375,3.8418833,2.56352003,5.129552965
"Kristoffersen::13491",626,2,-11.6864565,-12.3158906,-11.0779261,7.9093686,6.631012235,9.18487256
"Kristoffersen::13501",627,2,-11.074905,-12.171755,-10.08842445,21.373199,18.57784175,24.55990965
"Kristoffersen::13507",628,2,-10.0862135,-10.77803765,-9.37547452,14.055469,12.4127805,15.6403417
"Kristoffersen::13518",629,2,-11.092278,-12.01466785,-10.24850975,20.4027235,18.04181265,23.00358615
"Kristoffersen::13521",630,3,-13.9208065,-14.51766775,-13.3543413,12.579284,11.51457135,13.67363755
"Kristoffersen::13524",631,3,-8.6674121,-9.24761016,-8.114912895,11.6357465,10.29993775,13.08969975
"Kristoffersen::13560",632,3,-7.3737622,-7.720544815,-7.014350255,6.0556084,5.29725507,6.79958416
"Kristoffersen::13565",633,2,-8.08199755,-8.68266049,-7.512086115,5.90044245,4.658595315,7.202474305
"Kristoffersen::13567",634,3,-7.9639707,-8.48146207,-7.44759546,4.54828645,3.46572248,5.61498411
"Kristoffersen::13568",635,2,-5.5272558,-6.37425598,-4.72881492,3.2536797,1.16175424,5.42479189
"Kristoffersen::13571",636,4,-14.0493215,-14.55050995,-13.5574284,17.9978705,16.93629105,19.07705065
"Kristoffersen::13585",637,2,-6.52242375,-7.09198689,-5.96057216,7.2833649,5.939176155,8.66673347
"Kristoffersen::13587",638,2,-18.6248225,-19.6587427,-17.6213399,23.3071945,21.329783,25.3117226
"Kristoffersen::13591",639,3,-11.70968,-12.19852275,-11.2166453,13.101119,12.11667795,14.09011025
"Kristoffersen::13592",640,2,-8.4979192,-9.002333385,-7.984897965,10.301358,9.095916355,11.51021895
"Kristoffersen::13606",641,2,-6.0703845,-6.583590725,-5.56524103,4.0225735,2.879242895,5.187616885
"Kristoffersen::13608",642,2,-8.4168344,-9.039945395,-7.786486385,9.31664855,7.90890207,10.72429385
"Kristoffersen::13618",643,2,-15.4634245,-16.93927875,-14.0316292,25.513242,22.4727787,28.7069696
"Kristoffersen::13619",644,4,-8.9349779,-9.62138983,-8.249058785,11.764007,10.3530919,13.2129716
"Kristoffersen::13627",645,3,-12.334306,-12.9765708,-11.72401245,9.4544363,8.14828587,10.81637955
"Kristoffersen::13632",646,2,-10.170622,-12.58976775,-7.70362824,17.2831855,10.84024385,23.6991932
"Kristoffersen::13636",647,3,-6.5942058,-7.74071554,-5.519511715,11.7094995,9.08500674,14.60786995
"Kristoffersen::13642",648,2,-17.47857,-19.58271955,-15.40140015,29.1610555,23.7205209,34.5318368
"Kristoffersen::13648",649,2,-7.7887662,-8.861158485,-6.778157455,12.9515195,10.54408075,15.56021515
"Kristoffersen::13654",650,3,-11.191724,-11.84760805,-10.57245765,12.785866,11.60610705,14.0314385
"Kristoffersen::13670",651,2,-9.40586295,-10.4369917,-8.395682005,9.81422515,7.053703145,12.59458265
"Kristoffersen::13671",652,2,-13.5946535,-14.56849955,-12.62240785,9.66688805,7.70337361,11.6106559
"Kristoffersen::1369",653,14,-14.4420355,-14.74686225,-14.15289435,14.6309885,14.0243422,15.26564335
"Kristoffersen::13695",654,2,-11.294413,-11.94188645,-10.658224,13.1581915,11.76464925,14.5836725
"Kristoffersen::13697",655,2,-15.046339,-16.38029225,-13.75636635,22.8995505,20.2465327,25.6879681
"Kristoffersen::13700",656,2,-6.6940333,-8.24905576,-5.16945028,8.90574675,5.11098867,12.7994461
"Kristoffersen::13711",657,2,-11.806977,-12.36061245,-11.26111625,13.111047,11.9616488,14.2484666
"Kristoffersen::13726",658,4,-10.824293,-11.3857468,-10.2731443,11.8228965,10.82183425,12.8546213
"Kristoffersen::13731",659,2,-12.2508145,-12.98562315,-11.53753135,18.876707,17.18475645,20.6590344
"Kristoffersen::13732",660,3,-10.518814,-11.8668452,-9.15640725,14.911925,12.1607462,17.70622605
"Kristoffersen::13738",661,2,-15.2034925,-16.3928398,-14.02947775,22.0044815,19.538867,24.47618105
"Kristoffersen::13763",662,3,-8.04631135,-8.90074776,-7.15992719,7.09709885,4.991966425,9.13722065
"Kristoffersen::13779",663,2,-14.240218,-15.2168925,-13.23397625,13.3896895,11.5115607,15.28527125
"Kristoffersen::13782",664,2,-8.48845775,-9.29765852,-7.65536793,7.77214255,6.024706715,9.531460895
"Kristoffersen::13786",665,2,-8.07737745,-8.904542185,-7.29417673,12.150175,10.2885685,14.09115695
"Kristoffersen::13788",666,2,-5.9857589,-7.207508555,-4.70205725,2.1137851,-1.061902645,5.123509955
"Kristoffersen::13792",667,3,-9.6278309,-10.16038345,-9.0843798,6.6146668,5.492485395,7.730926665
"Kristoffersen::13796",668,3,-8.72488755,-9.224161595,-8.21349142,10.057146,8.969748065,11.1214659
"Kristoffersen::13801",669,6,-12.3635715,-12.9981738,-11.7455268,17.017932,15.87459575,18.18953645
"Kristoffersen::13810",670,2,-4.2393531,-5.06524337,-3.42009835,4.7171304,2.922261675,6.520955085
"Kristoffersen::13815",671,3,-14.3082925,-14.85301155,-13.7668767,16.738882,15.6062365,17.9050026
"Kristoffersen::13816",672,2,-8.3954439,-9.562768435,-7.26379799,12.924928,10.22073495,15.8083679
"Kristoffersen::13824",673,2,-5.47647965,-6.110602285,-4.863614935,4.664763,3.392064975,6.008838905
"Kristoffersen::13829",674,6,-11.1175605,-11.5296993,-10.7063916,14.4142525,13.58430415,15.26729255
"Kristoffersen::13830",675,2,-1.5142165,-4.4326826,1.53550841,-1.17232575,-9.0143426,6.402702215
"Kristoffersen::13833",676,2,-5.35324225,-5.996307215,-4.7101331,2.75550045,1.37729775,4.18425601
"Kristoffersen::13840",677,5,-10.8724315,-11.22040145,-10.51288265,11.2054125,10.51584965,11.8762021
"Kristoffersen::13860",678,2,-8.343303,-9.09210562,-7.60306532,11.363161,9.652853455,13.12657975
"Kristoffersen::13867",679,2,-5.46071195,-6.08715918,-4.833141345,3.72211295,2.398046955,5.051411135
"Kristoffersen::13881",680,2,-12.8359915,-13.452862,-12.2354403,14.742122,13.44999375,16.1042341
"Kristoffersen::1389",681,6,-7.4457132,-7.54653381,-7.34470406,9.49785265,9.075009725,9.924194325
"Kristoffersen::13890",682,2,-12.0101845,-12.6396794,-11.36103255,14.243946,12.83190895,15.613613
"Kristoffersen::13900",683,2,-16.2874225,-17.69182955,-14.84503405,26.4207,23.37285425,29.39158675
"Kristoffersen::13908",684,2,-6.88230975,-7.70062517,-6.021409905,9.2957678,7.323250025,11.2619417
"Kristoffersen::13918",685,2,-6.3772008,-7.2972176,-5.46461765,9.9171301,7.802974475,12.1085133
"Kristoffersen::13919",686,2,-13.5114525,-15.25758245,-11.8140368,20.415962,16.86563625,24.13491135
"Kristoffersen::13938",687,2,-6.03116795,-7.291088695,-4.798194885,2.9346273,-0.09595835395,6.036591355
"Kristoffersen::13942",688,2,-11.456328,-14.2386548,-8.43553682,-5.52826625,-12.85028385,0.509116448499998
"Kristoffersen::13948",689,2,-11.1819875,-12.1442158,-10.2381012,17.021132,14.93200865,19.1354601
"Kristoffersen::1395",690,10,-11.3356275,-11.5109063,-11.16492535,11.417868,10.99178805,11.847151
"Kristoffersen::13952",691,3,-11.860983,-12.56952255,-11.13767885,13.9244495,12.30047415,15.57325095
"Kristoffersen::13959",692,2,-4.37005875,-5.782177155,-2.961216445,4.61534635,1.83452415,7.483682315
"Kristoffersen::13960",693,3,-11.960773,-12.6037347,-11.3089807,10.0121965,8.675322545,11.3421479
"Kristoffersen::13962",694,2,-16.0907155,-17.49446895,-14.72378515,14.0724115,11.54122365,16.64986865
"Kristoffersen::13966",695,2,-10.1129575,-11.27808345,-8.93104028,10.8064235,7.92880264,13.71768035
"Kristoffersen::13987",696,3,-12.9082255,-13.78430445,-12.02915495,21.588274,19.49685285,23.65531475
"Kristoffersen::13994",697,2,-10.1757895,-12.8223192,-7.5484772,15.007139,8.817957265,21.27346675
"Kristoffersen::14003",698,2,-7.32584105,-8.004812225,-6.670853865,9.105664,7.63414251,10.60534135
"Kristoffersen::14005",699,2,-10.277293,-10.95286025,-9.622825355,4.1159548,2.789478385,5.462696525
"Kristoffersen::14013",700,2,-24.222936,-25.7681892,-22.7208186,38.6480435,35.6593337,41.72572475
"Kristoffersen::14026",701,2,-8.84789275,-9.808456515,-7.965184255,14.6428655,12.5034786,17.0594034
"Kristoffersen::1403",702,11,-11.009712,-11.1853633,-10.8405011,12.3093175,11.88345155,12.7494656
"Kristoffersen::14033",703,4,-18.370409,-19.0356088,-17.73042275,24.798885,23.6048414,26.0047641
"Kristoffersen::14034",704,2,-7.2742924,-8.283566155,-6.269357805,-1.69340405,-3.686314375,0.265175339499998
"Kristoffersen::14039",705,2,-13.497666,-15.57264325,-11.51289975,21.8109595,17.9212662,26.01167255
"Kristoffersen::14052",706,8,-7.8695308,-8.283047975,-7.45909541,9.55866145,8.76473602,10.3756134
"Kristoffersen::14054",707,2,-9.76733225,-10.289063,-9.242812035,9.96752695,8.870380525,11.09592545
"Kristoffersen::14056",708,4,-11.4040065,-12.0820363,-10.76284205,16.8940925,15.4163869,18.40983915
"Kristoffersen::14063",709,2,-8.53736615,-9.621807045,-7.417416,3.086689,0.8302891325,5.28618403
"Kristoffersen::14067",710,2,-4.37437845,-5.06573091,-3.67846614,2.69809935,1.25149107,4.16563385
"Kristoffersen::14072",711,2,-13.860092,-15.5596235,-12.13013765,21.287891,17.8552076,24.6156625
"Kristoffersen::14084",712,2,-10.53296,-11.1760868,-9.89740306,14.4348725,13.02982045,15.9131333
"Kristoffersen::14089",713,2,-6.24486305,-6.966178655,-5.5513986,8.30095165,6.78220154,9.92515807
"Kristoffersen::14091",714,2,-14.843848,-15.80448445,-13.9179316,13.537261,11.6716989,15.43326365
"Kristoffersen::14105",715,7,-13.0946585,-14.1059035,-12.1569114,3.75334185,2.006415225,5.563727905
"Kristoffersen::14108",716,2,-8.80462645,-10.32811295,-7.272603915,14.4095545,10.95436735,17.89051755
"Kristoffersen::14120",717,2,-4.0843505,-4.810532805,-3.32380057,3.1535039,1.54337614,4.741187235
"Kristoffersen::14127",718,2,-6.2448915,-6.92268692,-5.53818322,1.1698,-0.129238888,2.471943775
"Kristoffersen::14131",719,2,-8.9694689,-9.510324845,-8.44369063,8.0536175,6.962712045,9.1772694
"Kristoffersen::14141",720,2,-8.10193165,-8.704987125,-7.48994109,9.3261237,7.97775936,10.67436515
"Kristoffersen::14147",721,4,-12.1722815,-13.2415973,-11.080398,6.3777014,4.08189805,8.649598195
"Kristoffersen::14180",722,3,-9.40898675,-10.15661595,-8.681296745,11.7241455,10.0421202,13.45041835
"Kristoffersen::14185",723,2,2.5720013,1.2381382,3.88532332,-17.129932,-20.3305627,-13.88254075
"Kristoffersen::14186",724,2,-8.8100833,-9.506563125,-8.14684597,12.139795,10.5790373,13.78654935
"Kristoffersen::14190",725,2,-1.7369719,-3.43386481,-0.0873361768000003,3.2825147,-0.0703223576,6.77954099
"Kristoffersen::14237",726,2,-7.6336225,-8.475645865,-6.77706341,9.35557455,7.57637665,11.13085555
"Kristoffersen::14240",727,2,-7.6818493,-8.547217695,-6.78682834,7.9874871,6.07876358,9.833393175
"Kristoffersen::14246",728,2,-13.3868715,-14.34617755,-12.3960357,17.691823,15.82118825,19.5240898
"Kristoffersen::14247",729,6,-17.9241735,-18.47479445,-17.37194445,20.9422185,19.97064135,21.9112226
"Kristoffersen::14275",730,2,-9.2883463,-10.48892715,-8.11422396,11.3191045,9.11605377,13.60349475
"Kristoffersen::14280",731,2,-10.3565875,-10.99670165,-9.702071695,7.88823565,6.57669209,9.161641345
"Kristoffersen::14281",732,2,-8.8756063,-9.456280875,-8.282337975,6.5809091,5.42232273,7.721414555
"Kristoffersen::14287",733,2,-8.4010506,-9.12848383,-7.671052245,8.4768405,6.933808055,10.003952
"Kristoffersen::14288",734,2,-3.78490525,-7.469868185,-0.212572328000001,5.0722528,-3.37026598,13.92758385
"Kristoffersen::14298",735,2,-19.003916,-20.37246075,-17.6935143,22.967112,20.54295105,25.49360145
"Kristoffersen::14316",736,3,-17.3753365,-18.8918331,-15.9470247,12.731655,10.12540055,15.46109865
"Kristoffersen::14348",737,2,-4.21282605,-5.194733565,-3.220375145,3.77300255,1.723869625,5.80939948
"Kristoffersen::14350",738,2,-18.062728,-18.83333665,-17.30570145,26.359954,24.79132385,27.99743265
"Kristoffersen::14352",739,2,-16.3191285,-18.8964519,-13.78988085,28.7699975,22.7759044,34.8982809
"Kristoffersen::14364",740,2,-10.272995,-10.9539789,-9.5720129,11.1041365,9.661905925,12.50213425
"Kristoffersen::14365",741,4,-13.0137005,-13.6484776,-12.3758516,14.3592885,13.2485123,15.4971604
"Kristoffersen::14372",742,3,-4.03964735,-4.86491926,-3.232304,0.8275151,-0.5921593765,2.23162218
"Kristoffersen::14382",743,2,-9.83719685,-11.4738116,-8.15834663,14.701512,10.87409995,18.463463
"Kristoffersen::14383",744,2,-7.6939657,-8.734063865,-6.704681445,11.3758795,9.24568035,13.6477516
"Kristoffersen::14389",745,2,-14.2721355,-14.8948935,-13.67246355,16.6601985,15.49306965,17.8915346
"Kristoffersen::14397",746,2,-5.6090137,-6.637441465,-4.565417685,5.62143295,3.415304225,7.80078883
"Kristoffersen::144",747,15,-11.0028485,-11.15806545,-10.85853235,11.3281745,10.9205934,11.74667475
"Kristoffersen::14401",748,3,-7.34451045,-8.526494575,-6.141317165,-5.61748085,-8.115825405,-3.161896485
"Kristoffersen::14406",749,2,-5.05379655,-6.035101785,-4.09837591,6.5020686,4.53581661,8.587230205
"Kristoffersen::14416",750,2,-16.532177,-17.2471134,-15.87435265,20.8338445,19.5631165,22.1850544
"Kristoffersen::14430",751,2,-13.306286,-14.04649435,-12.5570284,12.6201375,11.1290737,14.0765829
"Kristoffersen::14434",752,4,-5.1071298,-5.759558005,-4.44999979,1.13511345,-0.1418616245,2.432586645
"Kristoffersen::14435",753,2,-12.171171,-12.9856858,-11.39013435,17.049643,15.3578628,18.8394818
"Kristoffersen::14437",754,2,-13.0576105,-15.4000421,-10.91308025,21.881423,17.6214979,26.58558085
"Kristoffersen::14450",755,2,-7.2693089,-7.95361377,-6.58442975,7.49075195,6.113402935,8.90732172
"Kristoffersen::14451",756,2,-13.474743,-14.0766361,-12.86108405,14.9276795,13.70552655,16.14342235
"Kristoffersen::14453",757,2,-3.38489345,-4.22330419,-2.514950395,0.90337809,-0.849300251,2.65477652
"Kristoffersen::14454",758,2,-10.839168,-11.7020847,-9.944558675,15.799393,13.89216085,17.70357435
"Kristoffersen::14460",759,2,-4.34885225,-5.656313985,-3.033151535,6.3141947,3.56585942,9.194488385
"Kristoffersen::14461",760,2,-17.588104,-19.1207298,-16.06235425,30.61826,27.07665915,34.1406691
"Kristoffersen::14462",761,2,-9.50152035,-10.6995822,-8.421306295,15.2077865,12.74407055,17.8955984
"Kristoffersen::14482",762,2,-9.8416078,-10.639439,-9.025038785,13.0147045,11.27272405,14.7564783
"Kristoffersen::14485",763,2,-6.7375481,-7.415036105,-6.036629835,6.061841,4.684873585,7.44818192
"Kristoffersen::14487",764,2,-16.17181,-17.51258625,-14.8591188,17.012419,14.5676728,19.517072
"Kristoffersen::14497",765,2,-5.7965698,-7.387839425,-4.19881054,4.80056625,1.17833178,8.411665285
"Kristoffersen::14502",766,2,-6.2336308,-7.25346129,-5.24605352,8.2358747,6.141909085,10.4293499
"Kristoffersen::14504",767,2,-11.894659,-12.9708732,-10.87153395,15.4318925,13.18289265,17.7948025
"Kristoffersen::14520",768,3,-12.072419,-12.89600925,-11.27795985,9.86263635,8.44136581,11.3299996
"Kristoffersen::14521",769,2,-19.1381415,-21.88043515,-16.36365745,26.9835525,20.9584306,32.89762535
"Kristoffersen::14527",770,4,-11.5942825,-12.21467645,-10.97987215,13.993828,12.767438,15.26524365
"Kristoffersen::14530",771,2,-6.8905541,-7.687717505,-6.09138772,6.84968705,5.370170395,8.331518335
"Kristoffersen::14538",772,2,-10.425139,-11.3222181,-9.55515832,15.2495365,13.3779401,17.18574085
"Kristoffersen::1454",773,7,-11.0644575,-11.344762,-10.80638525,9.62775005,7.855327605,11.69344055
"Kristoffersen::14548",774,2,-12.9321645,-14.0805556,-11.74848505,17.031844,14.7624108,19.2061237
"Kristoffersen::14551",775,2,-9.96055185,-10.51276185,-9.42859748,9.806461,8.78228352,10.9008868
"Kristoffersen::14556",776,2,-8.68376575,-9.73555007,-7.699289395,7.48425075,5.65311805,9.407886075
"Kristoffersen::14567",777,2,-9.3985667,-10.7311378,-8.08909858,12.5027255,9.99723409,15.07290055
"Kristoffersen::14569",778,2,-5.814909,-6.775126165,-4.86726493,-1.09602005,-3.15743691,0.999543400999999
"Kristoffersen::14579",779,2,-15.621667,-16.5173671,-14.77536375,18.683602,17.0705554,20.39065495
"Kristoffersen::14583",780,3,-7.31746655,-8.363654685,-6.36523307,6.0349293,4.01712647,8.3182175
"Kristoffersen::14588",781,2,-7.48650915,-8.67828022,-6.39994216,12.0169625,9.600162225,14.67459325
"Kristoffersen::14594",782,2,-9.0185595,-10.0836372,-7.93033114,12.3288805,10.1822091,14.4889591
"Kristoffersen::14599",783,2,-7.7155372,-8.85216654,-6.55147528,-1.09654635,-3.248817105,0.9787189045
"Kristoffersen::14606",784,2,-12.386282,-12.99951685,-11.78398135,14.513722,13.30695625,15.74692155
"Kristoffersen::14620",785,4,-13.364532,-14.1665262,-12.59440015,16.1178905,14.5095854,17.7701178
"Kristoffersen::14625",786,3,-14.240387,-15.02601975,-13.46052195,16.6914595,15.29738995,18.0950752
"Kristoffersen::14631",787,6,-13.607205,-14.04560225,-13.17419935,11.6237855,10.88217915,12.38707415
"Kristoffersen::14634",788,2,-9.48363335,-10.45973745,-8.51562214,10.7678795,8.99122002,12.5816989
"Kristoffersen::14649",789,2,-12.304718,-13.0057909,-11.5930878,16.479311,14.9956772,17.94532195
"Kristoffersen::14657",790,3,-17.220531,-17.96202885,-16.4922675,24.592198,23.071482,26.13356295
"Kristoffersen::14660",791,3,-7.19660215,-7.847456025,-6.548194605,5.5195965,4.38861756,6.66164603
"Kristoffersen::14673",792,2,-2.46340035,-3.042380035,-1.86966533,-5.5592614,-6.69700465,-4.42883402
"Kristoffersen::14676",793,2,-6.0896775,-6.765962185,-5.42268008,5.30588585,3.965106685,6.679703125
"Kristoffersen::14679",794,2,-14.038094,-14.8053661,-13.30104345,17.1215255,15.67931735,18.64079
"Kristoffersen::14691",795,2,-8.79387165,-9.66448416,-7.87749718,8.8694669,7.189666335,10.4741632
"Kristoffersen::14692",796,2,-7.8086432,-8.978689645,-6.611472485,11.122122,8.68765861,13.48999655
"Kristoffersen::14693",797,2,-15.611218,-16.87236055,-14.44993455,11.249819,9.261741935,13.32897685
"Kristoffersen::14695",798,2,-4.81342615,-6.045193455,-3.58758097,5.84893335,3.429785995,8.29557631
"Kristoffersen::14723",799,2,-9.94520895,-11.6666498,-8.26635532,15.160359,11.9288993,18.5429223
"Kristoffersen::14742",800,2,-5.5472581,-8.288794665,-2.73549305,2.1709178,-3.949210665,8.1242831
"Kristoffersen::14746",801,2,-5.8998301,-6.942028495,-4.82465754,6.70521565,4.62212827,8.75452986
"Kristoffersen::14752",802,3,-22.404529,-24.1269353,-20.78219735,36.335377,33.06485105,39.74772555
"Kristoffersen::14777",803,2,-8.3985353,-9.097274755,-7.703579545,9.76907355,8.343357825,11.2297402
"Kristoffersen::14783",804,2,-20.5720665,-22.41620555,-18.6848708,39.400174,34.98289395,43.78150875
"Kristoffersen::1479",805,6,-9.9256553,-10.15587185,-9.701561975,6.3644513,5.149466965,7.66824171
"Kristoffersen::14792",806,2,-11.899708,-12.61801715,-11.20083405,16.3705125,14.88873585,17.90113125
"Kristoffersen::14793",807,2,-5.898584,-8.18807275,-3.608993005,9.88540065,4.66811155,15.1656837
"Kristoffersen::14794",808,2,-19.996153,-20.8377695,-19.19082545,26.5375425,25.05129295,28.06717465
"Kristoffersen::14796",809,2,-10.604505,-11.9288708,-9.26986822,12.496498,9.43531102,15.4965261
"Kristoffersen::14797",810,2,-8.70790345,-9.75237479,-7.644438825,11.5019165,9.388602285,13.61678835
"Kristoffersen::14812",811,2,-17.623734,-19.68567865,-15.5795577,25.398946,21.62236525,29.2348942
"Kristoffersen::14826",812,3,-6.00323045,-7.1226262,-4.90725228,2.3420571,0.1121508695,4.635940245
"Kristoffersen::14827",813,2,-7.89611535,-9.201447585,-6.547911935,9.47582035,6.962389485,11.95254855
"Kristoffersen::14838",814,2,-18.393124,-21.9472551,-14.8542467,34.332706,26.60836435,42.18651555
"Kristoffersen::14843",815,2,-16.3731305,-17.7061288,-15.03426125,18.7034175,16.31179035,21.07989495
"Kristoffersen::14867",816,2,-7.93974715,-8.68222877,-7.203888085,5.99187595,4.602325055,7.425545745
"Kristoffersen::14868",817,2,-5.77614045,-6.672116395,-4.848867005,4.47560335,2.666757815,6.18768537
"Kristoffersen::14878",818,3,-26.5047525,-28.24173005,-24.8460176,42.4438425,38.9921517,46.0234487
"Kristoffersen::14882",819,2,-5.79931105,-6.67254199,-4.93577472,4.63993875,2.975843055,6.327955845
"Kristoffersen::14895",820,2,-16.049179,-16.86479835,-15.25208295,17.9593735,16.4913895,19.49316975
"Kristoffersen::14914",821,2,-17.0832705,-20.3829385,-13.8388397,18.250938,11.177597,25.33875885
"Kristoffersen::14916",822,2,-8.18735755,-10.20847375,-6.108628655,6.47472715,2.85612131,9.98609824
"Kristoffersen::14930",823,2,-11.664559,-12.9942063,-10.38347145,14.595104,12.33958255,16.9715875
"Kristoffersen::14945",824,2,-13.238031,-14.30693965,-12.1952154,19.4198195,17.30338385,21.6410739
"Kristoffersen::14951",825,3,-13.782347,-15.0163881,-12.540078,21.5171695,18.9640593,24.0417547
"Kristoffersen::14953",826,2,-8.2861229,-9.10099766,-7.47093239,8.4338309,6.86197907,10.0416515
"Kristoffersen::14957",827,2,-2.51076345,-4.035298135,-0.9379775315,2.6909533,-0.3294483625,5.650933655
"Kristoffersen::14964",828,2,-9.0444435,-9.87322409,-8.262269715,11.275935,9.715364315,12.91113425
"Kristoffersen::14989",829,2,-8.6608266,-10.45747145,-6.85887633,11.3447965,7.52044334,15.1328375
"Kristoffersen::14990",830,4,-9.7417342,-10.9307447,-8.58220435,13.8468365,11.4836538,16.28069695
"Kristoffersen::14995",831,2,-8.32173955,-9.59555089,-7.09752242,12.081296,9.588673215,14.67318115
"Kristoffersen::15013",832,2,-3.33961665,-4.448722875,-2.175898395,1.8640239,-0.348451985,3.97987347
"Kristoffersen::15015",833,2,-11.476601,-12.4424868,-10.5313842,15.5163605,13.6104596,17.45194435
"Kristoffersen::15022",834,2,-8.3718642,-10.68653035,-6.17593615,12.037047,8.00710558,16.3100067
"Kristoffersen::15029",835,2,-17.9962505,-20.57042815,-15.30339045,25.236102,19.3692397,30.778326
"Kristoffersen::15030",836,2,-9.79309505,-11.3527075,-8.2792951,6.94113565,3.791952515,10.21056595
"Kristoffersen::15065",837,2,-13.847933,-14.76205425,-12.9729439,10.2836175,8.718589865,11.8319764
"Kristoffersen::15068",838,2,-8.09344235,-9.36568463,-6.88072043,8.3036876,5.861542535,10.9444814
"Kristoffersen::15074",839,4,-17.209845,-18.0207488,-16.40183055,21.147383,19.5953837,22.6996579
"Kristoffersen::15076",840,2,-7.374956,-8.641733165,-6.15524627,10.9686145,8.476545775,13.569041
"Kristoffersen::15081",841,2,-5.96987115,-7.075261975,-4.876882035,2.46931785,0.5597737665,4.377044775
"Kristoffersen::15082",842,2,5.94950865,3.907878505,8.2374079,-12.8189445,-16.77808555,-9.278745895
"Kristoffersen::15083",843,4,-8.26438395,-8.83727062,-7.6712941,6.3704041,5.262052715,7.461347815
"Kristoffersen::15091",844,2,-22.2773705,-24.51329725,-20.2142247,21.6268515,18.2364563,25.27943385
"Kristoffersen::15103",845,4,-15.0536445,-15.64442915,-14.4863568,17.9920725,16.9155853,19.11866995
"Kristoffersen::15115",846,2,-9.3269554,-10.1098196,-8.59480055,10.731208,9.336454835,12.26207495
"Kristoffersen::15136",847,2,-10.6624615,-11.3572173,-9.95729762,11.786843,10.43582895,13.115646
"Kristoffersen::15152",848,2,-8.93898135,-11.0693363,-6.8748514,9.3715727,5.60513242,13.31398465
"Kristoffersen::15154",849,2,-3.9921468,-5.888966675,-2.02178995,4.399345,0.9535625355,7.77380133
"Kristoffersen::15158",850,2,-9.12908265,-9.85087876,-8.422477985,9.3024014,7.93048209,10.63916475
"Kristoffersen::15169",851,2,-15.059601,-16.99866175,-13.2153464,20.33509,17.1890523,23.74146345
"Kristoffersen::15170",852,2,-12.5275115,-13.9834368,-11.06089705,13.7274655,10.636884,16.7834588
"Kristoffersen::15177",853,2,-1.46344945,-3.415448475,0.452560018999999,-0.44599142,-4.35221486,3.497245165
"Kristoffersen::15198",854,3,-10.406339,-11.5688991,-9.22758822,12.5531425,10.16936505,14.8941614
"Kristoffersen::15207",855,2,-9.68175405,-10.8365334,-8.556629015,14.2314435,11.95243935,16.6259301
"Kristoffersen::15214",856,2,-6.9334378,-7.874273285,-6.005828705,8.2682917,6.480102305,10.13493585
"Kristoffersen::15215",857,2,-0.697476275,-2.29485546,0.912566266499999,-2.6443361,-5.40663922,0.1018085795
"Kristoffersen::15217",858,2,-6.37094215,-7.055294755,-5.612766015,4.46594425,3.06779781,5.764740975
"Kristoffersen::15218",859,2,-13.9999325,-15.4202936,-12.59190605,19.1407485,16.60133915,21.7672359
"Kristoffersen::15227",860,3,-9.94998775,-11.0456555,-8.8772487,6.81506385,5.034638465,8.60775964
"Kristoffersen::15229",861,2,-8.13227315,-9.407745615,-6.824922885,8.38449625,6.04911719,10.66304635
"Kristoffersen::15234",862,2,-8.67044885,-11.27135075,-6.13487433,14.0632695,9.51635568,18.8980619
"Kristoffersen::15235",863,2,-16.3670125,-17.9362231,-14.8180289,20.2319295,17.56476685,22.94819635
"Kristoffersen::15248",864,2,-12.5005905,-13.17007525,-11.8537076,15.005643,13.77277695,16.27696745
"Kristoffersen::15249",865,2,-11.680757,-12.34196305,-11.0508256,12.020721,10.82519965,13.24931855
"Kristoffersen::15272",866,2,-15.244631,-16.68667385,-13.7766716,21.3672875,18.7124202,24.0236146
"Kristoffersen::15277",867,2,-8.03860885,-8.66222876,-7.416959045,3.3348958,2.18377343,4.47355208
"Kristoffersen::15289",868,2,-12.64961,-13.42197795,-11.8904136,11.3871875,10.14058675,12.65515715
"Kristoffersen::15298",869,3,-14.4203995,-15.2471945,-13.6132144,18.340635,16.76658605,19.9422173
"Kristoffersen::15317",870,4,-10.699033,-12.66848135,-8.67506211,-0.904480145,-4.44193054,2.58609967
"Kristoffersen::1532",871,6,-9.46767455,-9.657618045,-9.277811845,13.6861825,13.11554785,14.2803984
"Kristoffersen::15320",872,2,-5.7779816,-7.211670365,-4.474153445,8.19709745,5.81603942,10.90241245
"Kristoffersen::15331",873,2,-14.94391,-17.2892581,-12.66059735,26.124471,21.28238735,31.1988916
"Kristoffersen::15342",874,2,-11.868079,-12.56594255,-11.1565598,11.1972595,9.962447175,12.41599085
"Kristoffersen::15343",875,2,-11.7687675,-12.8049765,-10.75194785,15.317521,13.34946135,17.30565935
"Kristoffersen::15355",876,2,-8.9697541,-9.701968955,-8.245586545,9.74839705,8.3580061,11.1526177
"Kristoffersen::15359",877,2,-6.1753077,-6.807163665,-5.504616165,2.57680455,1.330214825,3.773317375
"Kristoffersen::15362",878,2,-12.5139185,-13.5563011,-11.5540092,16.43636,14.64433835,18.43000835
"Kristoffersen::15365",879,2,-17.855159,-19.04185775,-16.60999685,21.905968,19.44816675,24.24352735
"Kristoffersen::15375",880,2,-19.107687,-22.5670373,-15.74223855,31.953941,25.0719917,38.98565865
"Kristoffersen::15378",881,2,-10.85203,-11.8599679,-9.88919637,15.3256025,13.3768252,17.4150363
"Kristoffersen::15380",882,3,-9.8825228,-10.764675,-9.020212155,10.2474435,8.703091855,11.86965155
"Kristoffersen::15384",883,2,-24.0204045,-25.71765665,-22.2618258,33.9069065,30.84752025,36.848513
"Kristoffersen::15385",884,2,-14.4044265,-16.5899331,-12.3298942,24.93691,20.48961835,29.62871015
"Kristoffersen::15397",885,2,-5.101525,-6.71890367,-3.418246435,0.033732092,-3.24375435,3.2548819
"Kristoffersen::15400",886,4,-14.180737,-14.9336569,-13.45576445,18.769493,17.3745586,20.2020127
"Kristoffersen::15404",887,2,-5.1650751,-8.861960555,-1.96758482,11.0870745,4.9170692,18.2946759
"Kristoffersen::15411",888,2,1.4655627,0.537158605,2.41440071,-9.66899765,-11.30984695,-8.07803689
"Kristoffersen::15412",889,2,-3.3803012,-6.279905675,-0.545133793,5.84356465,0.853471992,11.10748195
"Kristoffersen::15415",890,2,-11.4096505,-12.71862045,-10.1145854,16.687507,14.1649161,19.2249252
"Kristoffersen::15435",891,2,-5.04136435,-6.206308205,-3.93079477,4.26980025,2.2839492,6.385298465
"Kristoffersen::15437",892,3,-14.0842285,-14.7706039,-13.3734239,11.913451,10.65597825,13.13506645
"Kristoffersen::15439",893,2,-9.38324875,-10.14230725,-8.61481335,8.96788945,7.61405883,10.3471769
"Kristoffersen::15442",894,3,-13.7360065,-16.096007,-11.4078161,20.547022,16.50170465,24.6900808
"Kristoffersen::15450",895,2,-2.32703175,-3.38226998,-1.279981325,-0.059078117,-1.858512595,1.766691025
"Kristoffersen::15455",896,2,-15.1905325,-16.07738015,-14.3064174,14.6570545,13.13343995,16.206727
"Kristoffersen::15458",897,3,-9.7248934,-10.46793465,-9.00280135,8.5920213,7.240041955,10.0013359
"Kristoffersen::15465",898,2,-20.532189,-22.1063194,-18.97204265,22.5282785,19.9261016,25.15099485
"Kristoffersen::15466",899,2,-6.52558605,-7.97329686,-4.963823995,9.05756055,6.21966889,11.83602445
"Kristoffersen::15468",900,4,-11.5812955,-12.4209384,-10.7511631,11.898478,10.4655327,13.3810193
"Kristoffersen::15472",901,2,-4.1318611,-7.14432243,-1.41768596,8.4809741,3.40277799,14.30877835
"Kristoffersen::15478",902,2,-8.521026,-10.449897,-6.70966345,13.6702755,10.14009,17.4396989
"Kristoffersen::15481",903,4,-13.178989,-14.13808795,-12.2394125,15.082803,13.30081425,16.84656335
"Kristoffersen::15482",904,2,-9.7379677,-12.278109,-7.521645535,16.892946,12.5313235,22.00986565
"Kristoffersen::15485",905,2,-3.06685585,-5.161051335,-1.09874617,4.786741,1.194604405,8.648762665
"Kristoffersen::15493",906,2,-3.6213588,-4.44092542,-2.79957648,-2.9159916,-4.366242055,-1.465775765
"Kristoffersen::15496",907,2,-0.249413005,-2.035605625,1.517911755,-5.3819793,-8.286403635,-2.35927429
"Kristoffersen::15524",908,2,-14.5667365,-16.8449701,-12.51298115,24.5684065,20.488491,29.225206
"Kristoffersen::15526",909,2,-10.8825245,-11.83270695,-9.945763115,12.8650225,11.1211234,14.64947545
"Kristoffersen::15530",910,2,-9.69430465,-11.01871305,-8.378777865,13.629861,11.110952,16.1541693
"Kristoffersen::15544",911,2,-0.018282725,-1.36032884,1.41914457,-2.36479955,-4.79046366,-0.0588658050500008
"Kristoffersen::15555",912,2,-11.740998,-12.6610686,-10.81782685,14.089185,12.3789033,15.8054135
"Kristoffersen::15556",913,2,-9.42127115,-10.4166175,-8.40234802,10.9792205,9.12493688,12.83779385
"Kristoffersen::1556",914,12,-8.70860265,-8.817918435,-8.601289565,16.753149,16.30637345,17.2022703
"Kristoffersen::15577",915,2,-12.1474435,-13.1645775,-11.13848895,14.033259,12.1272968,15.9274681
"Kristoffersen::15591",916,2,-17.7412795,-19.32179605,-16.24495505,12.744025,10.48080285,15.10487
"Kristoffersen::15612",917,2,-3.38784775,-4.575147555,-2.174222245,2.73181605,0.62176437,4.84268663
"Kristoffersen::15616",918,2,-10.6571105,-11.58129285,-9.7327835,12.1219745,10.40076595,13.830849
"Kristoffersen::15625",919,2,-15.6936745,-16.54000875,-14.84601855,17.9513325,16.4400372,19.49238265
"Kristoffersen::15627",920,2,-7.5390359,-8.335683465,-6.737270115,6.59874805,5.19433381,8.01342853
"Kristoffersen::1563",921,5,-10.7680915,-11.02865245,-10.50365865,6.78698475,5.278202595,8.34591066
"Kristoffersen::15637",922,2,-3.50382085,-4.41136252,-2.56082212,1.4127018,-0.2431042565,2.985222365
"Kristoffersen::15639",923,2,-7.0107985,-9.07086273,-5.08008697,11.5161865,7.855552985,15.5487998
"Kristoffersen::15649",924,2,-10.594745,-11.51674735,-9.69101283,13.1039955,11.43162345,14.8182825
"Kristoffersen::15650",925,2,-12.463704,-13.2594364,-11.66890885,11.424531,10.018127,12.8333737
"Kristoffersen::15660",926,2,-2.1112774,-4.274685815,-0.0363348060500007,3.99660095,0.2716018325,8.02011146
"Kristoffersen::15672",927,2,-17.9126115,-20.08182735,-15.6844277,24.274034,20.35654925,28.08312295
"Kristoffersen::15692",928,2,-3.3311182,-4.876931825,-1.83526278,3.5636306,0.81591045,6.366880335
"Kristoffersen::15698",929,2,-8.79322515,-10.80342,-6.741024565,0.55052963,-3.447050505,4.4490396
"Kristoffersen::15704",930,2,-6.62976575,-8.642374145,-4.526515645,7.03932755,3.466421555,10.4945634
"Kristoffersen::15705",931,2,-7.9567371,-9.400568915,-6.54754932,4.7774669,2.38248611,7.199894045
"Kristoffersen::15708",932,2,-6.69175615,-7.487579815,-5.919033065,5.19338555,3.848677605,6.59596965
"Kristoffersen::1571",933,14,-10.925341,-11.06022505,-10.78624515,15.283562,14.9170561,15.66758915
"Kristoffersen::15716",934,2,-9.45472,-10.76860305,-8.182547055,13.574048,11.2054048,16.17335675
"Kristoffersen::1572",935,11,-9.6670274,-9.779423575,-9.550751925,11.37322,10.9769717,11.7734917
"Kristoffersen::15728",936,3,-11.1761075,-12.02882065,-10.3713053,13.02083,11.5737141,14.62099315
"Kristoffersen::15729",937,2,-7.14671875,-7.84619128,-6.42957142,3.180763,1.92671008,4.3929756
"Kristoffersen::15745",938,2,-16.301717,-17.4457331,-15.1563231,18.8449785,16.9538805,20.77357825
"Kristoffersen::15757",939,2,-7.7450046,-9.10780534,-6.46912139,10.911577,8.489693935,13.56940495
"Kristoffersen::1577",940,18,-11.063985,-11.19078635,-10.9392573,9.61577375,9.364165525,9.867469325
"Kristoffersen::15770",941,2,-5.44986275,-6.593759375,-4.29078439,6.29067435,4.216354145,8.40217849
"Kristoffersen::15772",942,2,-9.31671475,-10.10053375,-8.51844324,9.5591623,8.12080389,10.9735605
"Kristoffersen::15784",943,3,-12.3022615,-13.88874755,-10.73541465,17.6089625,14.64316455,20.69401295
"Kristoffersen::158",944,7,-11.121226,-11.3183893,-10.9348441,17.810622,17.19610315,18.45373975
"Kristoffersen::15818",945,2,-12.5759075,-13.8976055,-11.28761845,10.150979,7.740658865,12.56785925
"Kristoffersen::15825",946,2,-17.0403965,-18.91469035,-15.1522957,25.462725,21.77510655,29.16202215
"Kristoffersen::1583",947,14,-8.97555945,-9.06772456,-8.88479836,12.873939,12.54421775,13.2079634
"Kristoffersen::15854",948,2,-9.15586575,-9.866745325,-8.45169615,7.56831825,6.329393025,8.820819385
"Kristoffersen::1586",949,14,-10.3228285,-10.4484325,-10.20357315,9.98076975,9.664465865,10.32544725
"Kristoffersen::15863",950,2,-5.35135055,-6.541813025,-4.169950275,4.49302795,2.437405975,6.563677545
"Kristoffersen::15872",951,2,-9.84571765,-10.7151488,-9.009004975,11.364662,9.856227335,13.0000807
"Kristoffersen::15880",952,2,-22.632858,-23.7360951,-21.5720977,30.49899,28.5587035,32.5128695
"Kristoffersen::15885",953,2,-9.2264457,-9.91210658,-8.508768505,7.43845835,6.20912786,8.642790685
"Kristoffersen::15898",954,2,-8.26783685,-10.1085402,-6.49335231,7.95569755,4.504763745,11.5681128
"Kristoffersen::15906",955,2,-11.3785335,-12.03852585,-10.7425021,10.720339,9.611515685,11.86217265
"Kristoffersen::15915",956,2,-17.206828,-18.3960949,-16.02068155,19.1334985,17.18366235,21.0989968
"Kristoffersen::15918",957,3,-11.5521915,-12.32703365,-10.7976877,12.750683,11.3957757,14.160893
"Kristoffersen::15922",958,3,-8.53199095,-9.77421525,-7.2961742,9.0393433,6.846818175,11.27031295
"Kristoffersen::15938",959,2,-0.196166545,-1.672316235,1.282881595,-1.62723445,-4.08663272,0.871852399999998
"Kristoffersen::15941",960,2,-10.2961895,-12.62755005,-7.90283436,13.6899495,9.24201206,18.09145735
"Kristoffersen::15945",961,2,-7.5103319,-9.62528877,-5.56051354,12.674136,8.870583685,16.86939075
"Kristoffersen::15946",962,2,-12.826738,-14.34473105,-11.3388661,18.2691555,15.6145349,21.10828165
"Kristoffersen::15953",963,2,-6.2347776,-7.311860155,-5.12714919,4.8355683,2.93440836,6.691519505
"Kristoffersen::15976",964,2,-10.087307,-11.78470135,-8.47359735,14.5204205,11.6173143,17.6575761
"Kristoffersen::15987",965,2,-8.9468894,-9.693385195,-8.23588622,7.35935275,6.10606837,8.65478969
"Kristoffersen::15988",966,3,-16.668485,-17.84950385,-15.4846026,20.11606,17.8945832,22.31769155
"Kristoffersen::15989",967,2,-9.1679576,-10.08745015,-8.22770578,10.6136555,8.893673165,12.2787224
"Kristoffersen::15994",968,2,-8.3642832,-9.93534043,-6.85833275,11.1815755,8.511525685,13.97968505
"Kristoffersen::16",969,5,-10.0713735,-10.39016395,-9.78155192,6.6965442,5.375690625,8.14964143
"Kristoffersen::16000",970,2,-2.7332331,-4.04137298,-1.398719845,2.29449215,-0.05097903835,4.63457356
"Kristoffersen::16001",971,2,-11.2033395,-12.7289661,-9.715895945,7.8656091,5.49936617,10.2975497
"Kristoffersen::16009",972,2,-12.966149,-15.80061785,-10.04383125,18.65441,13.8114792,23.40298795
"Kristoffersen::16010",973,2,-32.957628,-35.89725,-30.13395825,46.5517315,42.06156835,51.24485715
"Kristoffersen::16015",974,2,-13.030513,-13.7949572,-12.2578681,11.286517,10.0056195,12.54493015
"Kristoffersen::16031",975,2,-11.166201,-12.1190767,-10.25506325,11.159273,9.578609885,12.77215195
"Kristoffersen::16041",976,2,-45.0343745,-47.49414925,-42.75183415,64.702832,60.91357355,68.8854055
"Kristoffersen::16056",977,3,-11.124982,-12.5829527,-9.689033755,15.3030695,12.68702755,17.946638
"Kristoffersen::16064",978,2,-15.2270735,-15.9996725,-14.4551005,15.5614455,14.26592195,16.8747502
"Kristoffersen::16069",979,2,-8.66787175,-9.531927675,-7.8151391,5.49311115,4.0346926,6.95312326
"Kristoffersen::16072",980,2,-12.9847875,-13.8130693,-12.1032597,14.4321165,12.8292275,15.933043
"Kristoffersen::16122",981,3,-10.837616,-11.99268245,-9.67335697,11.8309775,9.733404665,13.89421165
"Kristoffersen::16124",982,2,-12.4748975,-13.6787783,-11.3010264,16.546258,14.42650525,18.73048935
"Kristoffersen::16131",983,2,-12.576526,-13.54662695,-11.59229375,14.576289,12.8489577,16.27776525
"Kristoffersen::16143",984,2,-15.085331,-18.924054,-11.0341836,23.4616715,15.73052715,30.78192845
"Kristoffersen::16145",985,2,-5.96139345,-6.93991054,-4.96700659,3.4630028,1.767489715,5.133199005
"Kristoffersen::16157",986,2,-8.877234,-10.08082345,-7.68060905,4.73321695,2.87371884,6.644711035
"Kristoffersen::16176",987,2,-6.65872415,-7.793940235,-5.50656747,6.5241321,4.554985475,8.471512035
"Kristoffersen::16178",988,2,-7.72493255,-8.890156305,-6.493173455,8.3419052,6.22343927,10.40456165
"Kristoffersen::16180",989,2,-20.1696475,-22.22728365,-18.1194111,31.7107295,27.84458695,35.64394975
"Kristoffersen::16199",990,2,-4.3471514,-5.80253474,-2.82605804,4.32000435,1.7084971,6.837027845
"Kristoffersen::16202",991,2,-24.6070535,-28.8067985,-20.3722265,38.983761,31.3557735,46.5401089
"Kristoffersen::16203",992,4,-20.3872085,-21.50605455,-19.2606033,25.867416,23.89311625,27.8439443
"Kristoffersen::16208",993,2,-8.91744965,-9.88668262,-7.962358865,9.5732272,7.949850485,11.29321065
"Kristoffersen::16218",994,2,-9.309384,-10.16701445,-8.41586596,7.5380866,6.036011435,9.007857715
"Kristoffersen::16221",995,2,-11.9880915,-13.57842135,-10.38568515,13.866944,11.2859174,16.47390065
"Kristoffersen::16231",996,2,-5.13167745,-6.60001257,-3.70518592,5.76547065,3.339534695,8.314725545
"Kristoffersen::16264",997,2,-8.3600216,-13.1763159,-3.617882245,11.99418,3.633935535,20.6775012
"Kristoffersen::1628",998,5,-5.9787249,-6.1977024,-5.756466975,13.1436085,12.17006755,14.0991525
"Kristoffersen::16287",999,2,-11.5971,-12.36210695,-10.8720173,10.484518,9.25615051,11.76001955
"Kristoffersen::16290",1000,2,-18.5863885,-20.64057015,-16.61280825,24.58951,21.3154488,27.93896525
"Kristoffersen::16297",1001,2,-13.297106,-14.49930315,-12.0916943,13.098479,11.18100975,15.01671545
"Kristoffersen::1633",1002,5,-13.404143,-13.84271685,-12.97737115,19.137667,18.17180565,20.1146333
"Kristoffersen::16347",1003,2,-12.001302,-12.7664521,-11.2127715,11.1003685,9.778328005,12.3684532
"Kristoffersen::16353",1004,3,-9.3067098,-10.051576,-8.53808914,4.64993635,3.40408921,5.873522435
"Kristoffersen::16356",1005,2,-2.2066599,-3.15863629,-1.24774379,-1.94471785,-3.50379847,-0.363998412500001
"Kristoffersen::16374",1006,2,-12.515346,-15.2045973,-9.821293905,2.5855598,-1.63934829,6.72599755
"Kristoffersen::16431",1007,2,-8.17714065,-9.322992955,-6.96700413,8.26188295,6.298387905,10.1773563
"Kristoffersen::16438",1008,2,-2.55760775,-4.46840693,-0.600436813500001,-3.99380125,-7.60428049,-0.518579946000003
"Kristoffersen::16459",1009,2,-2.14548395,-3.818332075,-0.549205449,-0.981199435,-3.510907255,1.636760795
"Kristoffersen::16462",1010,2,-2.2377338,-7.09084284,2.146686135,6.821751,-0.472734855,15.18250875
"Kristoffersen::16472",1011,2,-8.4292008,-9.252230525,-7.609406485,6.98529335,5.63693827,8.373344175
"Kristoffersen::16490",1012,2,-2.7443669,-4.22769477,-1.274254925,-1.85593005,-4.498350385,0.791021614499998
"Kristoffersen::16510",1013,2,-5.60213215,-7.702591615,-3.66692528,6.01113895,2.924237475,9.373252035
"Kristoffersen::16522",1014,2,-12.5089725,-14.08639645,-11.04488155,17.918157,15.25721985,20.88318305
"Kristoffersen::16524",1015,2,-8.2891524,-9.372800045,-7.253635765,9.60693355,7.81796477,11.47813435
"Kristoffersen::16539",1016,2,-14.905705,-17.89661075,-12.3690775,22.9796,18.50635865,28.306707
"Kristoffersen::16567",1017,2,-15.0598545,-16.578836,-13.46172635,18.615923,16.02651355,21.14803275
"Kristoffersen::16577",1018,2,-12.2834665,-13.365766,-11.17452095,13.656283,11.85941295,15.44805825
"Kristoffersen::16583",1019,2,-12.399625,-13.24549515,-11.5839557,13.647701,12.26734205,15.07541985
"Kristoffersen::16609",1020,2,-16.4096365,-17.2994741,-15.56538085,15.718172,14.3468727,17.14305585
"Kristoffersen::16625",1021,2,-17.9851035,-21.6498361,-14.33971925,25.3639115,18.89779685,31.95712785
"Kristoffersen::16761",1022,2,-20.8716165,-24.39887565,-17.54080465,28.9240725,22.9455603,35.2428895
"Kristoffersen::16773",1023,2,-15.8625495,-21.1902775,-10.29363485,8.8979741,-0.587245184,17.92098655
"Kristoffersen::16811",1024,3,-8.2224211,-10.3740001,-6.13797421,11.212631,7.65204143,14.9319791
"Kristoffersen::16820",1025,2,-10.101252,-12.16120825,-8.105396015,8.40391185,4.92897147,11.9608281
"Kristoffersen::16829",1026,2,-3.2460344,-5.788420435,-0.701735286,0.54690825,-3.89206652,4.96690354
"Kristoffersen::16853",1027,2,-12.9554765,-17.25198125,-8.39933205500001,19.2894605,11.10293365,27.0071447
"Kristoffersen::16855",1028,2,-5.6723643,-7.45343498,-3.82646176,6.06233715,2.971044895,9.110546995
"Kristoffersen::1686",1029,8,-7.5877891,-7.72727261,-7.441605405,15.2823865,14.71781165,15.84004105
"Kristoffersen::16919",1030,2,-9.22782345,-10.7525245,-7.73333812,8.45702065,5.937506775,11.05283935
"Kristoffersen::16932",1031,2,-11.6946495,-14.13970065,-9.32343809,14.583822,10.3964806,18.7889281
"Kristoffersen::16940",1032,2,-11.8262555,-12.95190725,-10.71959975,10.343086,8.53567371,12.2177334
"Kristoffersen::16941",1033,3,-9.9247651,-11.1045535,-8.77715503,9.5298123,7.615653645,11.4135457
"Kristoffersen::16968",1034,2,-16.617982,-18.5846013,-14.5248452,18.216813,14.6070769,21.6451826
"Kristoffersen::1698",1035,12,-8.96018665,-9.072016295,-8.845728,14.1918635,13.81294935,14.567048
"Kristoffersen::17001",1036,2,-21.5309285,-23.67236105,-19.48878745,25.6310185,22.062318,29.33025885
"Kristoffersen::17008",1037,3,-11.514103,-12.9247675,-10.11421635,13.5801385,11.22055505,15.9447823
"Kristoffersen::17025",1038,4,-15.6828075,-17.50986465,-13.8896503,19.9783255,17.04982115,22.95121775
"Kristoffersen::17059",1039,2,-11.372546,-13.38898305,-9.41481516,10.794959,7.402296155,14.2661266
"Kristoffersen::1713",1040,17,-11.0882445,-11.217928,-10.95949815,13.5712565,13.23160845,13.92313645
"Kristoffersen::17286",1041,2,-9.6104018,-11.97251875,-7.273432775,8.489821,4.67612988,12.44209555
"Kristoffersen::17323",1042,3,-3.0761965,-5.19225007,-1.0314346,0.71140378,-2.61693091,4.14301433
"Kristoffersen::17342",1043,2,-12.9043335,-17.26701055,-8.679760845,16.868572,9.746595375,24.2607942
"Kristoffersen::1735",1044,5,-11.81706,-12.1396027,-11.50786735,8.1864304,5.98065426,10.7348197
"Kristoffersen::17377",1045,2,-24.9554565,-29.70139965,-20.18837815,38.04065,29.9717989,46.1529884
"Kristoffersen::17406",1046,3,-11.509487,-14.3281107,-8.959342115,16.58681,12.36610235,21.2411228
"Kristoffersen::17518",1047,2,-38.263652,-42.3274608,-34.2995213,58.151863,51.3853352,65.0933151
"Kristoffersen::17597",1048,3,-4.59796535,-6.074337675,-3.107031755,-1.92150005,-4.25039577,0.438940769
"Kristoffersen::17615",1049,2,-11.085909,-13.82605485,-8.325610645,13.4473515,8.842355315,17.99896645
"Kristoffersen::1766",1050,5,-9.27170815,-9.464394755,-9.084436885,11.491925,11.0157923,11.9917757
"Kristoffersen::17672",1051,2,-18.4320875,-20.2859375,-16.4967619,23.605539,20.40109405,26.6563218
"Kristoffersen::17684",1052,2,-9.075097,-12.96967805,-5.271632845,6.99403335,0.9752729995,13.279166
"Kristoffersen::17785",1053,2,-14.950134,-17.34432115,-12.51942725,15.9567405,12.1072995,19.74225055
"Kristoffersen::17796",1054,3,-0.580935685,-2.573184545,1.36550307,-3.93255455,-7.00599871,-0.7395439485
"Kristoffersen::17826",1055,2,-24.5695075,-27.267019,-21.9746588,32.864647,28.7415471,37.19390365
"Kristoffersen::17835",1056,2,-19.086482,-24.19337615,-13.7904365,28.025849,19.4176375,36.34464375
"Kristoffersen::17849",1057,2,-28.690747,-31.1090828,-26.3342714,36.306145,32.6021598,40.1084586
"Kristoffersen::17893",1058,2,-18.729665,-22.66439265,-14.7368958,22.9536995,16.54481775,29.27942755
"Kristoffersen::179",1059,13,-9.4484162,-9.572141005,-9.337473925,13.2967525,12.90713075,13.71980015
"Kristoffersen::17904",1060,2,-12.072768,-16.5724418,-7.970881795,13.901124,7.225141845,21.1268808
"Kristoffersen::17935",1061,2,-20.006284,-22.96363025,-17.0998102,17.9692395,13.4539508,22.5363548
"Kristoffersen::17945",1062,2,-28.949522,-32.7860277,-25.04874975,38.0331795,31.7386469,44.2189158
"Kristoffersen::17976",1063,2,7.639941,2.44146295,12.96738325,-14.743988,-23.3229422,-6.450615375
"Kristoffersen::18001",1064,2,-7.82723075,-10.77068895,-4.99617314,7.50472165,3.0414245,12.1805986
"Kristoffersen::18010",1065,2,-29.0400805,-34.2125479,-23.5034949,44.1661085,35.1228195,52.51278835
"Kristoffersen::18098",1066,2,-10.3179655,-12.61207725,-7.98478517,6.3456066,2.671908255,9.92132606
"Kristoffersen::18186",1067,2,-4.2675104,-6.990158855,-1.55331969,1.19012545,-3.026283015,5.47296681999999
"Kristoffersen::18222",1068,2,-11.614593,-13.41522845,-9.766085635,11.9045855,9.042877105,14.6882245
"Kristoffersen::18314",1069,2,-6.3913135,-9.046082035,-3.84052684,4.3404772,0.355310934,8.52764394
"Kristoffersen::18366",1070,2,-8.06708895,-10.54292095,-5.600479105,5.56606405,1.67241982,9.48713621
"Kristoffersen::1837",1071,5,-10.6441655,-10.88268015,-10.42463685,6.61775795,5.33305575,7.94678915
"Kristoffersen::1840",1072,6,-8.76892595,-8.907181355,-8.6292889,12.7337905,11.52933805,13.96216515
"Kristoffersen::18472",1073,3,-28.7886215,-32.05472965,-25.55390375,39.199338,34.19633365,44.12616155
"Kristoffersen::18483",1074,2,-19.927528,-23.9345394,-15.8641994,22.181913,15.94515585,28.37374455
"Kristoffersen::18531",1075,2,-28.001977,-32.34366665,-23.5533087,36.660721,29.8754182,43.3419565
"Kristoffersen::18563",1076,2,-8.7938877,-12.9348474,-4.59113195,6.41537195,0.0001737090450007,12.80516325
"Kristoffersen::18569",1077,2,-7.9063275,-11.6970567,-4.10179127,9.18175225,3.43354941,14.91805175
"Kristoffersen::1866",1078,6,-11.637088,-11.9072911,-11.38316065,8.2705387,6.671957595,9.978600065
"Kristoffersen::18727",1079,2,-12.800558,-15.64067825,-9.83253469,13.7668115,9.295350855,18.10272915
"Kristoffersen::18830",1080,2,-25.9847555,-30.50136705,-21.53568005,32.308056,25.72525385,38.98160955
"Kristoffersen::1887",1081,6,-8.5518906,-8.68868499,-8.413221165,15.770186,14.4639321,17.20535855
"Kristoffersen::1889",1082,8,-9.63578885,-9.80655125,-9.46555693,14.260881,13.7838792,14.75484135
"Kristoffersen::18895",1083,2,-15.573723,-17.96614725,-13.2039753,15.536124,11.94922365,19.15278005
"Kristoffersen::18897",1084,2,-8.2280432,-11.18431235,-5.14805984,7.55443495,2.88797518,11.95998325
"Kristoffersen::189",1085,10,-8.78972595,-8.88167088,-8.69661683,9.68748195,9.329537535,10.05486525
"Kristoffersen::1890",1086,6,-12.153708,-12.444046,-11.85741695,14.982123,14.27767175,15.669535
"Kristoffersen::18908",1087,2,-18.2559315,-23.43770315,-13.12030165,23.519847,15.92883115,31.1689756
"Kristoffersen::18982",1088,2,-9.6418117,-13.93531555,-5.27560386,12.858257,6.279657945,19.3778859
"Kristoffersen::18996",1089,2,-13.340763,-17.67995295,-8.94759161,13.669462,7.20438398,20.08498485
"Kristoffersen::19066",1090,2,-25.4637385,-30.0798692,-20.62272845,32.602394,25.4760605,39.41425475
"Kristoffersen::19100",1091,2,-19.1894375,-23.72266325,-14.54257305,23.2569525,16.41203375,29.98036545
"Kristoffersen::1925",1092,12,-12.4511865,-12.68828535,-12.230548,8.4333205,7.723415175,9.15837843
"Kristoffersen::1936",1093,5,-11.2309115,-11.529519,-10.9491784,4.63050915,3.240966975,6.134018125
"Kristoffersen::1953",1094,8,-10.4789045,-10.6615826,-10.2958528,15.5236555,14.96364995,16.08721115
"Kristoffersen::196",1095,12,-8.68107795,-8.781875645,-8.57953307,10.805353,10.4846162,11.13997615
"Kristoffersen::2010",1096,5,-9.85851965,-10.02765025,-9.67726929,15.0179275,14.4927018,15.55151825
"Kristoffersen::2015",1097,5,-8.28032375,-8.431904415,-8.12821963,19.611892,18.29046975,21.01460215
"Kristoffersen::206",1098,6,-8.59040545,-9.10092677,-8.061897575,13.622032,11.00184455,16.3959999
"Kristoffersen::2075",1099,14,-10.4880185,-10.6089865,-10.36968075,8.5788263,8.26495127,8.902495675
"Kristoffersen::2094",1100,6,-8.75135985,-8.897511805,-8.60983256,12.1257545,11.0194318,13.3556322
"Kristoffersen::210",1101,5,-11.795033,-12.3024616,-11.31537565,3.38701945,2.150875075,4.609458385
"Kristoffersen::213",1102,7,-9.63044635,-9.766804655,-9.499459835,11.025136,10.61694975,11.44671455
"Kristoffersen::2141",1103,6,-8.5948627,-8.72682961,-8.461178795,7.31773815,6.5991305,8.040580605
"Kristoffersen::2197",1104,8,-9.8214135,-9.97278228,-9.675196805,16.7006685,16.18839775,17.2289035
"Kristoffersen::2291",1105,7,-7.05829465,-7.17138084,-6.94401917,20.6667725,19.5785612,21.794426
"Kristoffersen::23",1106,14,-9.28727185,-9.39234246,-9.18216862,11.5610475,11.22406315,11.8998563
"Kristoffersen::237",1107,5,-11.386025,-11.82639765,-10.99573735,3.77170835,2.508681035,5.05073121
"Kristoffersen::2377",1108,8,-9.2203626,-9.350526625,-9.09219152,4.58591225,4.279824005,4.892869855
"Kristoffersen::2395",1109,5,-10.5822415,-10.8019372,-10.37326655,9.63401835,9.172718185,10.10286735
"Kristoffersen::2397",1110,10,-10.8920515,-11.08458115,-10.70287865,8.81856465,8.38856487,9.250665065
"Kristoffersen::2449",1111,12,-12.3992085,-12.60185465,-12.2011465,10.4109335,10.00443905,10.83475175
"Kristoffersen::2516",1112,14,-12.2194065,-12.39685695,-12.0421764,15.38098,14.9671196,15.79419985
"Kristoffersen::255",1113,13,-10.305483,-10.44884795,-10.1595778,12.123347,11.72549705,12.53795255
"Kristoffersen::257",1114,5,-10.7052615,-11.19134585,-10.24472925,3.56191785,2.366837,4.809002535
"Kristoffersen::2595",1115,7,-10.002698,-10.1706748,-9.83400587,13.5018365,12.9969876,14.01672485
"Kristoffersen::2602",1116,11,-8.3790879,-8.513380145,-8.24887149,13.869131,13.42298625,14.31578615
"Kristoffersen::2604",1117,10,-9.8509959,-9.96927585,-9.7370736,15.0313865,14.5935721,15.4676417
"Kristoffersen::2626",1118,5,-7.7097622,-7.86958935,-7.548360335,8.3476519,7.869959265,8.82204414
"Kristoffersen::2638",1119,10,-11.0229825,-11.19406415,-10.8504186,16.0896075,15.4080336,16.78026915
"Kristoffersen::2648",1120,12,-7.80419815,-7.88928432,-7.72102569,12.8683,12.5344757,13.21766415
"Kristoffersen::2679",1121,12,-9.52793965,-9.643717275,-9.40865848,11.7814375,11.40274555,12.1648711
"Kristoffersen::2691",1122,9,-8.9615364,-9.088585445,-8.832452935,14.179781,13.7364215,14.6360163
"Kristoffersen::2724",1123,4,-7.25260975,-7.454456835,-7.049494865,9.88538905,8.87187207,10.95566015
"Kristoffersen::2748",1124,6,-11.1699145,-11.3861534,-10.96619005,14.4457565,13.73470435,15.1807789
"Kristoffersen::278",1125,6,-10.6636575,-10.9795045,-10.3624802,11.1225875,8.871461195,13.68830085
"Kristoffersen::2832",1126,12,-10.9948065,-11.16108935,-10.83662865,16.276538,15.7968212,16.7837904
"Kristoffersen::2843",1127,9,-10.3379625,-10.48928435,-10.18751275,15.8166445,15.3505452,16.28791845
"Kristoffersen::286",1128,6,-11.289123,-11.51245365,-11.08334735,12.3998265,11.9265885,12.87742115
"Kristoffersen::2909",1129,15,-9.09857495,-9.186086845,-9.010661005,9.4817982,9.25480549,9.71943393
"Kristoffersen::292",1130,7,-9.5399413,-10.0611956,-9.053030585,9.2930536,7.534823885,11.20191675
"Kristoffersen::2924",1131,8,-8.9213723,-9.062377305,-8.78430194,9.81178035,9.43015485,10.1997033
"Kristoffersen::2931",1132,6,-9.94884915,-10.13185905,-9.754708775,11.7745495,11.3381314,12.20900445
"Kristoffersen::2964",1133,5,-8.1126202,-8.315508635,-7.91273725,7.07436685,6.502632235,7.657160585
"Kristoffersen::2978",1134,9,-8.3557216,-8.448671675,-8.259794625,8.3742999,8.045951385,8.69972026
"Kristoffersen::3004",1135,11,-9.14030275,-9.24353049,-9.03847092,12.7285005,12.33637905,13.1442527
"Kristoffersen::3015",1136,6,-9.55267815,-9.71444871,-9.38414554,11.8872795,11.27919625,12.48877845
"Kristoffersen::3040",1137,12,-12.0175585,-12.21856785,-11.8239148,15.239808,14.78547605,15.70738815
"Kristoffersen::3095",1138,6,-9.72501785,-9.916882275,-9.52777337,14.369432,13.7984497,14.95428275
"Kristoffersen::3110",1139,6,-10.8038095,-11.00802795,-10.6029284,12.376601,11.7821252,12.9706274
"Kristoffersen::3139",1140,6,-12.1870225,-12.4251101,-11.95357715,15.857582,15.2288119,16.4773278
"Kristoffersen::3174",1141,8,-7.3603097,-7.45971962,-7.26246513,13.6313195,13.15565205,14.1280346
"Kristoffersen::3184",1142,8,-11.0838915,-11.26557365,-10.90506875,15.335045,14.81977105,15.8396399
"Kristoffersen::3190",1143,12,-7.9918748,-8.07277942,-7.911158875,8.927003,8.654566985,9.195748445
"Kristoffersen::3202",1144,9,-11.480832,-11.6946407,-11.2791469,11.968819,11.4511964,12.49337235
"Kristoffersen::3218",1145,8,-9.85009265,-9.99390532,-9.70880184,9.9853692,9.651141095,10.31583935
"Kristoffersen::3336",1146,7,-11.2137355,-11.4156284,-11.02089635,10.7252785,10.1345521,11.3323546
"Kristoffersen::3404",1147,5,-10.308397,-10.4874191,-10.1312172,13.8377435,13.3184559,14.3585027
"Kristoffersen::341",1148,7,-10.696945,-11.16617465,-10.2333308,8.62737065,6.595353875,10.8211781
"Kristoffersen::3414",1149,8,-9.04172625,-9.144865195,-8.93962295,9.70821445,9.369092585,10.04574385
"Kristoffersen::3452",1150,5,-9.7085788,-9.866331225,-9.553798555,12.297635,11.39842455,13.22776775
"Kristoffersen::3458",1151,6,-9.99938925,-10.14911355,-9.85112116,17.048566,16.38878605,17.67585985
"Kristoffersen::3460",1152,5,-11.061289,-11.2967533,-10.82015835,14.0009125,13.3751918,14.6149273
"Kristoffersen::353",1153,14,-9.3481761,-9.451374035,-9.25057642,10.3497975,10.0695199,10.64541635
"Kristoffersen::3536",1154,5,-11.0589125,-11.2740977,-10.8497804,10.1280005,8.382489265,11.96678845
"Kristoffersen::3553",1155,6,-16.3515565,-16.76132565,-15.95002565,22.3926065,21.50886035,23.291836
"Kristoffersen::3571",1156,5,-11.001939,-11.2157285,-10.7983,7.163588,5.552027075,8.823511045
"Kristoffersen::3586",1157,7,-8.1223025,-8.239114445,-8.00737315,8.14748955,7.77642356,8.531494105
"Kristoffersen::3633",1158,5,-9.09360585,-9.234915835,-8.952451565,17.1081485,15.61415365,18.6297344
"Kristoffersen::3650",1159,5,-13.854426,-14.1827921,-13.5478343,18.9234025,18.1760065,19.70555665
"Kristoffersen::3664",1160,5,-9.15729565,-9.31510956,-9.003948435,9.7358891,9.223794355,10.2574735
"Kristoffersen::3717",1161,7,-9.7710671,-9.92512814,-9.61843231,10.3347525,9.92084892,10.77353
"Kristoffersen::3748",1162,5,-12.0999055,-12.38063335,-11.85153675,13.29215,12.67915095,13.9311989
"Kristoffersen::3769",1163,8,-13.257288,-13.50674715,-13.01372695,14.9240425,14.39500785,15.45918595
"Kristoffersen::3888",1164,8,-7.0541573,-7.1774332,-6.932759585,10.4849085,10.0420832,10.9392926
"Kristoffersen::3907",1165,4,-11.736295,-11.9963285,-11.4835413,16.3676935,15.6047678,17.1730355
"Kristoffersen::391",1166,7,-13.1864965,-13.6611436,-12.75879555,11.94024,8.36545712,16.4446256
"Kristoffersen::3934",1167,9,-11.8950115,-12.1011539,-11.69124525,13.6746465,13.21277545,14.1425216
"Kristoffersen::3978",1168,6,-8.4341469,-8.57785795,-8.296586615,11.7584435,11.2857272,12.27911415
"Kristoffersen::3981",1169,11,-11.8775505,-12.0617264,-11.7009942,10.2144205,9.749562875,10.6760025
"Kristoffersen::400",1170,8,-8.5840411,-8.727673125,-8.44284683,12.4202985,11.51436655,13.38477405
"Kristoffersen::4011",1171,7,-13.0250145,-13.3426511,-12.71559145,13.67431,12.863239,14.48831355
"Kristoffersen::405",1172,11,-11.084954,-11.24397645,-10.9306621,7.01328975,6.62709535,7.409709225
"Kristoffersen::4137",1173,16,-18.995501,-19.43607765,-18.5680909,19.8545065,19.15047515,20.5827098
"Kristoffersen::420",1174,16,-8.12895305,-8.214351685,-8.04092627,13.117835,12.79025485,13.4503191
"Kristoffersen::422",1175,5,-11.815552,-12.07638165,-11.5630015,14.1612035,13.51054935,14.82059035
"Kristoffersen::4252",1176,6,-11.8359325,-12.03271315,-11.63896695,16.3079185,15.70477045,16.94326845
"Kristoffersen::4281",1177,6,-10.5924025,-10.77774805,-10.4055565,14.778692,14.12309,15.4227833
"Kristoffersen::4304",1178,7,-8.95857945,-9.09811449,-8.82089514,10.278046,9.771608395,10.7981973
"Kristoffersen::4321",1179,8,-10.4156305,-10.6134178,-10.22255525,10.9837685,10.47920545,11.5114305
"Kristoffersen::4357",1180,9,-13.1337935,-13.3800864,-12.88177405,11.8743455,11.29147575,12.44297425
"Kristoffersen::4363",1181,6,-12.2000565,-12.4379159,-11.9644962,12.8013075,12.3197702,13.2722817
"Kristoffersen::437",1182,5,-9.36349325,-9.53063769,-9.19806834,11.109998,9.830081595,12.4176524
"Kristoffersen::438",1183,13,-9.24015755,-9.36281477,-9.12420579,13.0457685,12.66845245,13.43432975
"Kristoffersen::4382",1184,5,-7.90254345,-8.063801575,-7.740449155,12.0630235,11.4597065,12.64405635
"Kristoffersen::4417",1185,8,-11.916838,-12.1365683,-11.70528825,12.4632235,11.8357436,13.1167493
"Kristoffersen::4426",1186,6,-7.61468605,-7.74725877,-7.48406039,9.09258545,8.6113006,9.587436535
"Kristoffersen::446",1187,5,-11.167856,-11.44202605,-10.916972,6.2739302,5.275245305,7.338443685
"Kristoffersen::4491",1188,5,-13.7677175,-14.10077055,-13.4344993,24.577486,23.5961567,25.56084715
"Kristoffersen::4496",1189,13,-11.1764775,-11.3330026,-11.027286,15.2695065,14.87577685,15.68047855
"Kristoffersen::4519",1190,8,-11.3496145,-11.5405506,-11.16318235,13.657409,13.16416445,14.16633245
"Kristoffersen::453",1191,5,-8.65760395,-8.8958823,-8.43003775,8.15782155,7.259948835,9.13614135
"Kristoffersen::4553",1192,6,-12.9062385,-13.2396396,-12.5854556,13.0120905,12.14477255,13.87305465
"Kristoffersen::460",1193,8,-13.548397,-13.77578575,-13.3233654,19.814702,19.24660405,20.41321975
"Kristoffersen::4607",1194,6,-13.7958895,-14.17044995,-13.43310315,14.4566735,13.6134322,15.32917025
"Kristoffersen::4609",1195,10,-13.0050245,-13.29331915,-12.72320615,11.1676055,10.62871135,11.72361255
"Kristoffersen::4643",1196,5,-9.8700545,-10.04436855,-9.70028189,9.80413855,9.26006914,10.3798926
"Kristoffersen::4667",1197,8,-13.831115,-14.15145505,-13.52855765,13.4515375,12.87521915,14.0550897
"Kristoffersen::4672",1198,10,-10.163899,-10.3136551,-10.01703965,14.364829,13.9669537,14.7763511
"Kristoffersen::4706",1199,6,-12.315326,-12.5644932,-12.06930095,12.0232395,11.3301096,12.7185857
"Kristoffersen::4718",1200,9,-12.8164275,-13.0210312,-12.6233169,15.5447565,15.09982,16.01547125
"Kristoffersen::4762",1201,6,-10.9057605,-11.1385903,-10.66827395,12.793858,12.0159748,13.555507
"Kristoffersen::4767",1202,12,-11.433817,-11.58279695,-11.2811355,14.0718435,13.7187369,14.41911985
"Kristoffersen::482",1203,6,-9.3532943,-9.70996921,-8.982028975,6.9086221,5.665838665,8.24067492
"Kristoffersen::4820",1204,5,-9.09399525,-9.248074335,-8.939270415,15.5624155,14.9336713,16.2061171
"Kristoffersen::4828",1205,5,-9.1036382,-9.250726235,-8.963661355,6.6053073,6.25396451,6.951146305
"Kristoffersen::4834",1206,6,-10.6758755,-10.91471215,-10.43949345,14.3115995,13.70350365,14.9253399
"Kristoffersen::4848",1207,7,-9.7544254,-9.9613114,-9.553214485,7.8511979,7.30994459,8.40547002
"Kristoffersen::4890",1208,7,-10.873405,-11.09684,-10.6612462,14.059214,13.46115995,14.69006355
"Kristoffersen::490",1209,7,-10.317749,-10.54777385,-10.10022635,11.970032,10.56282175,13.49916255
"Kristoffersen::4925",1210,6,-12.406233,-12.73206035,-12.09867365,10.6960795,10.0961899,11.3230045
"Kristoffersen::494",1211,15,-9.77878795,-9.90373382,-9.66069331,12.769521,12.42271205,13.11468955
"Kristoffersen::4947",1212,9,-10.04466,-10.1868807,-9.90440776,11.882341,11.5139647,12.2566659
"Kristoffersen::496",1213,12,-10.371616,-10.51070295,-10.24184375,8.8334438,8.37604138,9.323438065
"Kristoffersen::5015",1214,10,-13.821824,-14.11128065,-13.53887705,15.6407845,15.04933575,16.24550715
"Kristoffersen::5021",1215,7,-9.0041244,-9.142687065,-8.87000202,10.598746,10.13298995,11.07002435
"Kristoffersen::5056",1216,9,-10.3698975,-10.52290635,-10.21946105,10.4396665,10.09405855,10.8022745
"Kristoffersen::5078",1217,9,-11.9477235,-12.172836,-11.72801185,13.367183,12.9181497,13.82984825
"Kristoffersen::5107",1218,5,-11.5986915,-11.8468247,-11.36293455,9.33239265,8.6211853,10.06175775
"Kristoffersen::5114",1219,11,-12.0872885,-12.34210035,-11.83618495,6.59891985,6.07681693,7.165048365
"Kristoffersen::5130",1220,5,-9.7693548,-9.96808057,-9.577512255,19.714017,18.81747445,20.6384059
"Kristoffersen::5178",1221,6,-8.50681455,-8.625009575,-8.39228237,11.631812,11.205543,12.04720445
"Kristoffersen::5191",1222,6,-8.5986689,-8.74205437,-8.45665545,14.1523565,13.66097015,14.65667295
"Kristoffersen::5200",1223,10,-8.37731305,-8.49605859,-8.26558736,9.39979505,9.08519604,9.7178528
"Kristoffersen::5227",1224,11,-8.91487085,-9.041255155,-8.792939405,14.000947,13.61197315,14.42557435
"Kristoffersen::5233",1225,11,-9.5574769,-9.681112735,-9.435217955,7.8948162,7.59965499,8.18971013
"Kristoffersen::5257",1226,7,-13.135325,-13.39286225,-12.88610025,18.9656955,18.25092655,19.70061105
"Kristoffersen::5258",1227,9,-11.098399,-11.2979721,-10.8988964,14.282158,13.78581145,14.77701485
"Kristoffersen::5262",1228,5,-10.865244,-11.15168285,-10.591416,10.758913,9.80682348,11.7075151
"Kristoffersen::5282",1229,6,-7.75927035,-7.865354755,-7.65642471,10.964476,10.5278152,11.40905215
"Kristoffersen::529",1230,7,-8.1352771,-8.246936195,-8.026745305,12.3137395,11.87926335,12.76307795
"Kristoffersen::5292",1231,8,-7.659991,-7.78258861,-7.54323335,11.010649,10.64766095,11.38765985
"Kristoffersen::5299",1232,12,-8.0158741,-8.11722808,-7.91841164,9.5023634,9.21740459,9.797576
"Kristoffersen::5301",1233,5,-8.7245032,-8.88287418,-8.572633215,5.7867068,5.119803745,6.45597341
"Kristoffersen::5302",1234,5,-8.21770545,-8.338922005,-8.096637785,9.1110282,8.722884085,9.498321545
"Kristoffersen::5316",1235,11,-11.9245565,-12.1162172,-11.7383938,14.2450935,13.75878235,14.74642965
"Kristoffersen::5347",1236,6,-7.3600587,-7.507499665,-7.213472385,12.7919755,12.2675508,13.32276885
"Kristoffersen::5352",1237,5,-9.04679595,-9.214393455,-8.8915004,17.946369,17.22356205,18.69153725
"Kristoffersen::5358",1238,6,-9.87978815,-10.0450923,-9.707684315,18.4060995,17.60236065,19.16306875
"Kristoffersen::5380",1239,8,-11.080132,-11.25258085,-10.90959755,12.6811065,12.27094975,13.10747675
"Kristoffersen::5392",1240,9,-10.28658,-10.42337635,-10.1529096,9.46546315,9.1527507,9.79337868
"Kristoffersen::5395",1241,5,-9.8464825,-10.0466286,-9.643738005,11.846421,11.39322215,12.3092764
"Kristoffersen::54",1242,6,-11.0485835,-11.4651339,-10.6439286,4.27586585,3.09560561,5.484365595
"Kristoffersen::5405",1243,12,-9.68071455,-9.81009966,-9.53939455,11.804212,11.4548525,12.151762
"Kristoffersen::5406",1244,10,-11.1849815,-11.35345425,-11.0200038,11.9103355,11.49949315,12.31936055
"Kristoffersen::5425",1245,7,-10.6547325,-10.8682994,-10.44891395,16.6670025,15.9979857,17.3548374
"Kristoffersen::544",1246,5,-7.69168205,-7.805693195,-7.5741419,11.667735,11.1256264,12.20564505
"Kristoffersen::5519",1247,7,-9.5882692,-9.71761502,-9.460787345,12.232724,11.7823127,12.6955492
"Kristoffersen::5529",1248,5,-10.828021,-11.05296365,-10.6134011,11.9901435,10.6276341,13.43231035
"Kristoffersen::553",1249,5,-6.9005133,-7.030671315,-6.770889815,11.184858,10.6597143,11.72408265
"Kristoffersen::5568",1250,10,-11.6711625,-11.85774975,-11.4876907,8.5456149,8.1698616,8.92761426
"Kristoffersen::5667",1251,8,-8.47570045,-8.625286675,-8.328277655,10.5120285,10.16748985,10.8656853
"Kristoffersen::5756",1252,7,-11.3194185,-11.5560196,-11.0954081,10.904607,10.4090563,11.40775405
"Kristoffersen::582",1253,15,-9.67472115,-9.78679732,-9.558599065,11.591052,11.24300585,11.9488464
"Kristoffersen::5832",1254,5,-9.74252335,-9.933330955,-9.54436503,11.6513485,11.17310485,12.1289098
"Kristoffersen::5840",1255,8,-13.373345,-13.6597073,-13.08733225,23.7214875,22.8563626,24.5795267
"Kristoffersen::5844",1256,6,-12.03706,-12.278704,-11.8058884,18.902278,18.06974245,19.72215175
"Kristoffersen::5851",1257,5,-10.9673045,-11.1848352,-10.75449875,21.1669935,20.3513988,21.9913147
"Kristoffersen::5864",1258,9,-8.58482735,-8.72373967,-8.44887991,15.498253,14.9404181,16.08083755
"Kristoffersen::5873",1259,7,-12.8530215,-13.12735285,-12.5814895,9.2571469,8.752011945,9.7544733
"Kristoffersen::5880",1260,9,-10.4454015,-10.59972115,-10.3002443,13.344254,12.91475005,13.7852364
"Kristoffersen::5895",1261,8,-13.810536,-14.07399325,-13.55608385,18.9270755,18.3464768,19.53853685
"Kristoffersen::5898",1262,5,-10.483629,-10.69275445,-10.2815256,18.2874025,17.52846615,19.0835401
"Kristoffersen::5920",1263,10,-12.1786335,-12.36265965,-11.9911585,13.0620185,12.63068535,13.48687335
"Kristoffersen::5925",1264,10,-11.5581335,-11.7388488,-11.3794304,13.668358,13.2359721,14.10409845
"Kristoffersen::5928",1265,6,-15.462093,-15.8447145,-15.0960411,25.349517,24.2680516,26.4353202
"Kristoffersen::5945",1266,7,-11.4136915,-11.6037356,-11.224727,12.9919345,12.52830335,13.45006165
"Kristoffersen::5948",1267,10,-11.9392565,-12.12877085,-11.74903635,18.422034,17.86405125,18.97776575
"Kristoffersen::5973",1268,8,-15.0431015,-15.3705085,-14.72714995,18.517701,17.83113505,19.21593685
"Kristoffersen::601",1269,6,-10.4088355,-10.7965462,-10.0171546,3.46995395,2.462566,4.547716035
"Kristoffersen::6010",1270,6,-12.2066075,-12.46297325,-11.9726892,15.109008,14.56393435,15.6848492
"Kristoffersen::6039",1271,10,-12.5018575,-12.6909184,-12.31810695,15.534095,15.103498,15.9785258
"Kristoffersen::6070",1272,6,-7.50482525,-7.644789225,-7.363608685,8.892522,8.53820958,9.251986455
"Kristoffersen::6115",1273,9,-9.6795874,-9.809996035,-9.554619945,11.9239385,11.5483192,12.31154625
"Kristoffersen::6138",1274,14,-9.3351176,-9.452989175,-9.21731535,11.3326315,11.03274755,11.6264018
"Kristoffersen::6147",1275,7,-13.0658565,-13.3266206,-12.8127223,15.349412,14.7877503,15.91203845
"Kristoffersen::6153",1276,5,-13.627761,-13.9950449,-13.26509485,16.031447,15.1994752,16.84977835
"Kristoffersen::6166",1277,5,-9.4045946,-9.576349785,-9.234129575,8.71523755,8.27990079,9.154084225
"Kristoffersen::6174",1278,6,-8.1876846,-8.351580135,-8.018352915,14.1469835,13.53575975,14.7691358
"Kristoffersen::6177",1279,7,-7.91549995,-8.077569645,-7.756800645,12.7601935,12.14193135,13.3760911
"Kristoffersen::6195",1280,8,-9.2464468,-9.3630936,-9.13354352,9.2587412,8.930810705,9.58980018
"Kristoffersen::6197",1281,5,-10.3150745,-10.4918102,-10.12916995,14.4169875,13.7808389,15.06140485
"Kristoffersen::6208",1282,8,-15.238682,-15.69805425,-14.78417415,14.6970125,13.7026521,15.7011731
"Kristoffersen::6238",1283,5,-8.15613985,-8.3284801,-7.983462425,7.20482175,6.722372425,7.686280515
"Kristoffersen::6263",1284,9,-12.6904035,-12.90643745,-12.4787438,12.9675945,12.55946575,13.38776105
"Kristoffersen::6277",1285,5,-12.7935475,-13.21976525,-12.40733265,9.79828585,9.03256202,10.60872075
"Kristoffersen::633",1286,5,-13.7482075,-14.54513215,-13.0606102,8.301465,4.99455272,13.34676115
"Kristoffersen::6369",1287,5,-7.15307665,-7.32380229,-6.9813953,10.6912545,10.151277,11.242685
"Kristoffersen::6370",1288,10,-10.4221225,-10.5818178,-10.2589824,13.230093,12.7979467,13.6619262
"Kristoffersen::6373",1289,8,-13.0181445,-13.27938815,-12.77792885,14.0291505,13.4596097,14.63566955
"Kristoffersen::6421",1290,8,-13.355965,-13.6467503,-13.0696585,14.440017,13.80742935,15.09778585
"Kristoffersen::6433",1291,6,-9.96371815,-10.114239,-9.825713985,8.2196306,7.81185535,8.644466125
"Kristoffersen::647",1292,13,-6.60647755,-6.67718181,-6.535269055,10.7276515,10.43688785,11.01838755
"Kristoffersen::6475",1293,7,-10.441304,-10.64497145,-10.2333741,11.9299425,11.46914135,12.4009079
"Kristoffersen::6478",1294,8,-9.1194399,-9.266303935,-8.97097787,12.043001,11.60291615,12.48112925
"Kristoffersen::6493",1295,5,-11.212957,-11.4141739,-11.0193508,12.3556145,11.83543535,12.8852452
"Kristoffersen::6511",1296,8,-12.630258,-12.86852615,-12.4091968,13.8549545,13.39261245,14.35052535
"Kristoffersen::6550",1297,5,-11.8278635,-12.0642448,-11.6082876,12.5365445,12.05350605,13.0570469
"Kristoffersen::6568",1298,9,-9.4206261,-9.565319085,-9.275878465,11.9635935,11.58498055,12.35278665
"Kristoffersen::6586",1299,5,-11.056627,-11.2912951,-10.8242276,17.7068065,16.8644344,18.5868882
"Kristoffersen::660",1300,5,-9.80587635,-10.1043919,-9.51979958,10.4437325,8.71809157,12.37462295
"Kristoffersen::6636",1301,5,-9.44740935,-9.605556375,-9.28907847,9.86487615,9.46696682,10.2678195
"Kristoffersen::6683",1302,8,-10.6787125,-10.85765965,-10.50935625,11.047206,10.5823315,11.52726935
"Kristoffersen::6711",1303,7,-13.8557315,-14.17616755,-13.52227625,13.51847,12.8699296,14.15423815
"Kristoffersen::6765",1304,7,-15.9416615,-16.37728015,-15.51043455,18.9758255,18.07771485,19.89082
"Kristoffersen::6777",1305,5,-13.75959,-14.38274675,-13.16538695,11.604139,9.64020799,13.65342435
"Kristoffersen::678",1306,12,-9.7775739,-9.895892265,-9.65083303,13.897262,13.50887135,14.28367095
"Kristoffersen::6827",1307,5,-9.31857455,-9.564294435,-9.068986525,11.555584,10.8195827,12.2969388
"Kristoffersen::6831",1308,6,-10.2742705,-10.45371905,-10.09538545,12.357706,11.9038862,12.82833335
"Kristoffersen::6832",1309,7,-11.3275305,-11.545727,-11.11399435,12.8927735,12.3520546,13.4435419
"Kristoffersen::6851",1310,7,-12.5247555,-12.78626565,-12.2693833,18.9628445,18.26040985,19.6893544
"Kristoffersen::6860",1311,6,-8.54168815,-8.66904975,-8.41496978,13.8701815,13.3055412,14.4448551
"Kristoffersen::6916",1312,6,-8.1085734,-8.30633696,-7.91438742,9.036699,8.54727744,9.54599379
"Kristoffersen::6981",1313,5,-14.966146,-15.4595055,-14.4860214,21.7493445,20.36957215,23.18106575
"Kristoffersen::6983",1314,5,-12.754042,-13.05764475,-12.45028975,16.6624555,15.8729256,17.4749131
"Kristoffersen::7017",1315,6,-8.0191276,-8.14580719,-7.890232615,10.254495,9.738845075,10.75915625
"Kristoffersen::7071",1316,6,-12.3895825,-12.61477935,-12.17017,16.173043,15.54071355,16.81566915
"Kristoffersen::7084",1317,6,-9.1202279,-9.30451543,-8.92777494,12.1852145,11.68138745,12.67531505
"Kristoffersen::7106",1318,7,-7.78380415,-7.95501105,-7.6028737,6.8901246,6.48471387,7.294813045
"Kristoffersen::7136",1319,9,-13.209621,-13.46364215,-12.97592805,11.6932145,11.23370075,12.17223525
"Kristoffersen::7137",1320,6,-8.15879525,-8.376639115,-7.950311825,9.6934405,9.1125773,10.2963676
"Kristoffersen::7172",1321,10,-13.426233,-13.67345325,-13.1761579,19.3814355,18.76601325,19.99925565
"Kristoffersen::72",1322,8,-11.521886,-11.8118437,-11.2452885,5.8850564,4.536648225,7.32306261
"Kristoffersen::7202",1323,5,-6.1704528,-6.3126731,-6.028249405,11.326601,10.715251,11.93169075
"Kristoffersen::7261",1324,7,-13.474282,-13.739572,-13.203205,20.8757485,20.20938155,21.551867
"Kristoffersen::7267",1325,7,-6.92897005,-7.024269035,-6.83857819,7.9293807,7.551144145,8.30189291
"Kristoffersen::727",1326,14,-9.20123185,-9.296697595,-9.105277605,8.4075094,8.153657795,8.66642867
"Kristoffersen::7283",1327,11,-15.334673,-15.8034327,-14.87041665,9.8492641,9.07859358,10.6485665
"Kristoffersen::7285",1328,6,-8.7366308,-8.87537383,-8.59715867,11.7281695,11.13631055,12.3338198
"Kristoffersen::7287",1329,12,-9.32631515,-9.459816665,-9.193872765,12.41358,12.0425506,12.77796485
"Kristoffersen::7300",1330,6,-10.748736,-10.92938775,-10.5659073,16.2250685,15.6521365,16.8189401
"Kristoffersen::7467",1331,5,-11.148416,-11.39732095,-10.8988495,14.9615065,14.1338531,15.8148394
"Kristoffersen::7473",1332,7,-13.528534,-13.9085085,-13.18292575,14.190022,13.30153715,15.0957066
"Kristoffersen::7536",1333,7,-10.108836,-10.2971903,-9.92287391,10.052494,9.4893615,10.6377656
"Kristoffersen::7542",1334,5,-11.59863,-11.8652135,-11.34518555,10.552198,9.96231055,11.16622285
"Kristoffersen::7563",1335,5,-9.2529611,-9.425609375,-9.08318211,22.1612425,21.37501,22.991064
"Kristoffersen::7566",1336,12,-10.8695325,-11.05241055,-10.6879903,19.242535,18.6676376,19.8196643
"Kristoffersen::7632",1337,7,-11.1271335,-11.30941735,-10.9535044,13.4305325,12.92278285,13.9344086
"Kristoffersen::7682",1338,10,-9.24356835,-9.35954039,-9.12734984,8.13372095,7.83914023,8.422367655
"Kristoffersen::7702",1339,6,-10.736032,-10.9605058,-10.5111894,13.280682,12.72382485,13.8506933
"Kristoffersen::7719",1340,6,-10.2279025,-10.4733873,-9.99193311,14.184854,13.44903355,14.93041385
"Kristoffersen::7728",1341,6,-10.252208,-10.4722819,-10.0319593,8.412095,7.94574717,8.88048628
"Kristoffersen::7730",1342,5,-12.2230515,-12.59740805,-11.86702855,15.2619105,13.94257175,16.59161715
"Kristoffersen::7736",1343,8,-11.053778,-11.2432579,-10.86492995,17.0585185,16.49310755,17.64625035
"Kristoffersen::7748",1344,6,-9.62192945,-9.78975033,-9.453544505,11.250169,10.74432855,11.74625875
"Kristoffersen::777",1345,5,-18.3590795,-19.51587525,-17.26396555,17.7317045,15.75459365,19.78209605
"Kristoffersen::78",1346,11,-11.2574905,-11.42531065,-11.0883692,12.9821535,12.5717989,13.39722075
"Kristoffersen::781",1347,5,-8.3881814,-8.530278175,-8.244644405,9.32546455,8.923503575,9.72216804
"Kristoffersen::7816",1348,5,-8.4257893,-8.5811242,-8.276032745,14.6942415,13.8818421,15.51405355
"Kristoffersen::7833",1349,11,-9.2191501,-9.37042849,-9.065217375,21.965768,21.2917395,22.64718775
"Kristoffersen::7864",1350,6,-11.549139,-11.8281233,-11.28521015,10.10668,9.42977494,10.83496245
"Kristoffersen::7874",1351,4,-10.654937,-10.9042482,-10.4176393,13.921617,13.3201377,14.5492667
"Kristoffersen::7902",1352,8,-13.528651,-13.77193345,-13.27653255,18.586118,17.98435695,19.18219535
"Kristoffersen::7951",1353,6,-10.2254235,-10.4104825,-10.0370104,27.138012,26.03999035,28.26749825
"Kristoffersen::7952",1354,7,-9.24867865,-9.385478275,-9.113979545,7.76220815,7.237601615,8.289426805
"Kristoffersen::7982",1355,9,-10.5355365,-10.7502621,-10.3180382,18.0627725,17.4427075,18.6977494
"Kristoffersen::8014",1356,6,-9.79162765,-9.965300095,-9.6235481,11.04683,10.55835295,11.54575615
"Kristoffersen::8041",1357,7,-9.4902773,-9.634188465,-9.34989919,11.004953,10.54262545,11.485217
"Kristoffersen::8085",1358,7,-13.103725,-13.4890568,-12.71555655,12.9922635,12.00821165,13.9673445
"Kristoffersen::8156",1359,5,-9.0251905,-9.281809585,-8.7665628,16.328278,15.4759341,17.1676505
"Kristoffersen::8157",1360,11,-16.0486065,-16.47774375,-15.6459172,12.550293,11.8578277,13.28755465
"Kristoffersen::8214",1361,12,-10.974472,-11.1962504,-10.7543589,20.1876685,19.552523,20.85228265
"Kristoffersen::8241",1362,5,-9.5777408,-9.791412555,-9.37389828,2.38394735,1.69289208,3.113154705
"Kristoffersen::8253",1363,5,-7.3957394,-7.609277515,-7.178929,10.069095,9.378995775,10.7408515
"Kristoffersen::8269",1364,12,-11.717491,-11.87901565,-11.55369065,14.909143,14.5176045,15.3070658
"Kristoffersen::8290",1365,6,-7.88190285,-7.99111815,-7.77280001,10.0748495,9.635012435,10.5119563
"Kristoffersen::8358",1366,7,-12.7742805,-13.0677209,-12.49627595,13.8939325,13.06514325,14.77977685
"Kristoffersen::8389",1367,6,-8.5251452,-8.67882728,-8.380675885,13.40794,12.8577016,13.9515546
"Kristoffersen::8398",1368,6,-6.30794355,-6.50393645,-6.118465325,8.89043265,8.297260735,9.476640635
"Kristoffersen::8453",1369,7,-13.4231445,-13.6788241,-13.18046995,17.384577,16.84508235,17.946251
"Kristoffersen::8490",1370,8,-12.674399,-12.9043467,-12.4506256,15.04666,14.5286879,15.57422605
"Kristoffersen::8510",1371,9,-11.541258,-11.72503735,-11.35499595,12.5426715,12.09941875,12.9856299
"Kristoffersen::8549",1372,9,-11.3544795,-11.5461664,-11.1651625,12.871303,12.42364665,13.31571035
"Kristoffersen::8555",1373,5,-9.9764061,-10.20625395,-9.75558489,9.38347985,8.68483695,10.1048564
"Kristoffersen::8560",1374,2,-10.1228375,-10.51899615,-9.753078315,-2.91194175,-4.585942935,-1.25830558
"Kristoffersen::8562",1375,2,-10.8039255,-11.1679246,-10.4452976,12.7801745,11.30580855,14.222991
"Kristoffersen::8572",1376,2,-8.7678669,-8.96797173,-8.574409775,4.5082609,3.718325255,5.361252905
"Kristoffersen::8577",1377,7,-11.087037,-11.27809905,-10.8921777,15.373299,14.77828065,15.9695618
"Kristoffersen::8578",1378,8,-10.6300195,-10.8140979,-10.45381015,13.600918,13.1622638,14.03806215
"Kristoffersen::8581",1379,3,-14.133886,-14.673554,-13.5884321,25.865954,23.9271309,27.7937444
"Kristoffersen::8584",1380,2,-10.4739375,-10.71182355,-10.237272,10.329277,6.475409595,14.27713355
"Kristoffersen::8589",1381,5,-9.9211873,-10.20252385,-9.652997265,5.4961063,4.802443045,6.23220058
"Kristoffersen::8599",1382,2,-9.44810975,-9.88379277,-9.015309335,9.8642444,8.03216589,11.6886074
"Kristoffersen::860",1383,12,-4.4654332,-4.57039218,-4.36018997,14.1253875,13.64224645,14.61384195
"Kristoffersen::8602",1384,2,-6.86837655,-7.12670342,-6.597978285,11.1310455,9.80977876,12.44485335
"Kristoffersen::8607",1385,3,-9.980816,-10.19028185,-9.777979675,15.8965735,14.96895435,16.8728154
"Kristoffersen::8616",1386,3,-9.6589058,-9.94842373,-9.376917355,14.439803,13.01109555,15.8628943
"Kristoffersen::8622",1387,2,-8.37551735,-8.60457606,-8.159762085,12.6112275,11.60257565,13.67789045
"Kristoffersen::8626",1388,9,-11.758904,-11.9496588,-11.5748262,19.840785,19.213849,20.4934965
"Kristoffersen::8631",1389,4,-9.65854645,-9.8544029,-9.467173905,8.745982,8.246378135,9.23888599
"Kristoffersen::8632",1390,2,-12.3361335,-13.0188319,-11.68581945,5.8729982,2.550883105,9.082957695
"Kristoffersen::8641",1391,2,-8.25912415,-8.677699855,-7.839020015,-1.41765175,-3.11966129,0.270478056
"Kristoffersen::8651",1392,3,-10.860179,-11.14892005,-10.6012798,6.5710565,5.543369905,7.630132135
"Kristoffersen::8657",1393,2,-12.304672,-12.85336355,-11.7580923,20.3631185,18.2310605,22.50520425
"Kristoffersen::8658",1394,2,-8.32228995,-8.552349595,-8.09919511,6.74827365,5.707189345,7.774802725
"Kristoffersen::8664",1395,10,-11.593241,-11.8217413,-11.3790925,11.1070325,10.6560897,11.58783905
"Kristoffersen::8671",1396,9,-10.5947255,-10.7505461,-10.43589455,12.432765,12.03404745,12.8184431
"Kristoffersen::8677",1397,4,-11.348513,-11.59679335,-11.10705095,13.3781455,12.81468795,13.9566665
"Kristoffersen::8683",1398,3,-11.8730635,-12.3925876,-11.34731205,12.3982675,10.46402815,14.2436727
"Kristoffersen::8684",1399,4,-9.1006734,-9.45752331,-8.735560405,13.8946335,12.9049364,14.908336
"Kristoffersen::8686",1400,2,-11.7236715,-12.12243505,-11.3357864,24.415362,23.0452854,25.8292258
"Kristoffersen::8695",1401,3,-9.9292364,-10.15268005,-9.70986703,8.6079608,7.744368705,9.46298455
"Kristoffersen::8706",1402,2,-17.336812,-18.19871325,-16.5469739,58.035717,53.8613892,62.4781549
"Kristoffersen::871",1403,13,-12.202312,-12.3943515,-12.01926885,12.012057,11.5851829,12.4474724
"Kristoffersen::8711",1404,2,-11.7905425,-12.33161785,-11.29848025,8.09618745,6.36273796,9.921647475
"Kristoffersen::8715",1405,2,-8.8685461,-9.22119403,-8.560104275,16.18417,15.17751585,17.29051205
"Kristoffersen::8722",1406,5,-9.37463725,-9.57493012,-9.179489945,16.2231075,15.5454435,16.9298335
"Kristoffersen::8726",1407,4,-5.3284317,-5.55138732,-5.11771839,14.6748425,13.7913176,15.66633895
"Kristoffersen::8728",1408,3,-11.037208,-11.34320665,-10.74958815,13.8149005,12.6899542,14.9523515
"Kristoffersen::8734",1409,2,-11.4119505,-11.8900941,-10.9677909,11.708615,10.31003255,13.18369015
"Kristoffersen::8739",1410,2,-11.641639,-12.03036945,-11.27626095,1.79221715,-0.954419191,4.806075085
"Kristoffersen::8742",1411,4,-8.30919725,-8.4659133,-8.149639955,12.2315295,11.58345145,12.88209
"Kristoffersen::8750",1412,2,-9.35180785,-9.59842546,-9.12592945,18.696134,17.6746922,19.75745845
"Kristoffersen::8760",1413,3,-8.77219315,-8.993477485,-8.549837135,13.679148,12.80462825,14.56822235
"Kristoffersen::8763",1414,5,-10.878393,-11.0785099,-10.68509035,9.66992815,9.20171344,10.14699825
"Kristoffersen::8764",1415,3,-12.60024,-12.99508975,-12.2333422,20.140509,18.8121492,21.51923625
"Kristoffersen::8765",1416,2,-9.9436583,-10.21589385,-9.67660592,18.4454865,17.3733282,19.4794943
"Kristoffersen::8784",1417,2,-7.6657498,-8.010973,-7.32938964,4.1133888,2.823054705,5.428787615
"Kristoffersen::8789",1418,10,-11.9859665,-12.1934704,-11.7787353,8.98507545,8.58799109,9.37105903
"Kristoffersen::8790",1419,5,-9.05466465,-9.22355035,-8.888906205,11.375889,10.78117175,11.9808945
"Kristoffersen::8792",1420,4,-8.46045405,-8.73613731,-8.1862696,11.987654,11.1415708,12.8471988
"Kristoffersen::8798",1421,4,-10.694431,-10.98841885,-10.4059775,20.5613395,19.39186605,21.7756135
"Kristoffersen::8800",1422,3,-9.61006045,-9.85770967,-9.37304271,10.595787,9.873591645,11.33186165
"Kristoffersen::8801",1423,5,-8.2314569,-8.494610295,-7.97464597,9.86591775,9.20751922,10.52705715
"Kristoffersen::8805",1424,7,-9.52540395,-9.6822162,-9.376357245,7.35660675,6.97586852,7.74455044
"Kristoffersen::8806",1425,4,-11.9276505,-12.39597355,-11.46412745,9.8833912,8.499069125,11.2541894
"Kristoffersen::8807",1426,2,-9.54365305,-9.93713068,-9.13581396,8.03332915,4.903798825,11.07676195
"Kristoffersen::8816",1427,2,-10.877331,-11.2292808,-10.5458267,15.561533,14.40253695,16.73516085
"Kristoffersen::8818",1428,3,-12.024791,-12.50860305,-11.58781135,28.5718575,26.12650805,31.2470298
"Kristoffersen::8820",1429,10,-9.91901005,-10.06829985,-9.7760102,10.5058935,10.1477715,10.8772783
"Kristoffersen::8824",1430,7,-7.73972985,-7.893138845,-7.588464045,8.4822325,7.926968545,9.03409644
"Kristoffersen::8829",1431,8,-11.678103,-11.94347305,-11.4323405,14.7623505,14.1936161,15.36023315
"Kristoffersen::8831",1432,7,-9.9137289,-10.1125438,-9.725316135,10.467731,9.852222365,11.08701345
"Kristoffersen::8833",1433,2,-7.98593215,-8.193554325,-7.78712887,15.27642,14.30607965,16.23493385
"Kristoffersen::8849",1434,3,-12.050024,-12.4353459,-11.67337175,13.721309,12.571834,14.87351895
"Kristoffersen::8865",1435,2,-8.7798208,-9.023453115,-8.54689332,7.5996187,6.702478535,8.51052398
"Kristoffersen::8867",1436,3,-14.0074765,-14.4202941,-13.6079761,16.3459435,15.4693938,17.2591675
"Kristoffersen::8869",1437,9,-16.1916885,-16.56852915,-15.8269897,16.737264,16.05598245,17.41381645
"Kristoffersen::8872",1438,5,-13.256713,-13.66779415,-12.85238925,18.731585,17.70976175,19.7720567
"Kristoffersen::8874",1439,2,-7.89266915,-8.070413845,-7.723532195,9.1219425,8.226355945,10.02996475
"Kristoffersen::8882",1440,3,-10.828229,-11.15661905,-10.51819605,12.472111,11.2522073,13.7363315
"Kristoffersen::8885",1441,4,-10.7656835,-10.98489845,-10.54982745,14.3712005,13.78834415,14.96930325
"Kristoffersen::8887",1442,2,-8.6429497,-8.962345985,-8.364606035,17.065282,15.2811435,19.02197215
"Kristoffersen::889",1443,14,-8.72999335,-8.83988885,-8.621659485,14.541274,14.16794695,14.91327575
"Kristoffersen::8897",1444,2,-5.371267,-5.8821514,-4.88297321,-6.4713225,-8.89352329,-3.98882341
"Kristoffersen::891",1445,10,-13.1661185,-13.44093015,-12.88900045,15.6798925,15.0314078,16.31275535
"Kristoffersen::8911",1446,4,-14.4500025,-14.9192152,-14.00027885,23.73662,22.26116665,25.2714002
"Kristoffersen::8914",1447,3,-10.171007,-10.39278935,-9.953704355,4.59813115,3.88499389,5.360412505
"Kristoffersen::8915",1448,4,-7.541409,-7.84576172,-7.234009965,9.8997652,8.982517495,10.8202384
"Kristoffersen::8921",1449,3,-9.52941585,-9.75949824,-9.31727133,13.0841235,12.2621532,13.9151001
"Kristoffersen::8923",1450,2,-11.209678,-11.7566549,-10.6651148,14.7122035,12.7802769,16.6051283
"Kristoffersen::8940",1451,2,-11.941539,-13.07632815,-11.1486972,18.919349,13.85029585,26.10554665
"Kristoffersen::8951",1452,3,-12.217243,-12.5437922,-11.90749325,14.6763475,13.96012385,15.4275247
"Kristoffersen::8953",1453,7,-10.848679,-11.0559304,-10.64891585,12.655431,12.1134768,13.21768495
"Kristoffersen::8954",1454,2,-12.3254195,-12.9342414,-11.783411,14.5849805,12.5128275,16.7891724
"Kristoffersen::8955",1455,2,-9.6950374,-9.931849335,-9.46929294,2.25023805,1.47710005,3.04880233
"Kristoffersen::8958",1456,2,-8.59602175,-8.945854625,-8.25233433,3.53218595,2.34407227,4.6991136
"Kristoffersen::8964",1457,8,-9.25815295,-9.390791025,-9.12857578,10.877335,10.44976355,11.30237695
"Kristoffersen::8973",1458,3,-11.6772315,-12.17971975,-11.19286565,14.105748,12.58163135,15.6423163
"Kristoffersen::8976",1459,2,-13.096121,-14.02498225,-12.20430055,24.3678755,17.9186015,30.78919245
"Kristoffersen::8978",1460,2,-8.14772425,-8.54181806,-7.75343119,8.6189876,6.949204135,10.2718283
"Kristoffersen::8980",1461,2,-10.398171,-11.2016957,-9.60131689,8.9094885,5.751615735,12.06302935
"Kristoffersen::8985",1462,8,-15.247151,-15.61738675,-14.8693213,15.2180605,14.454676,15.95709125
"Kristoffersen::8986",1463,2,-9.98483255,-10.3538041,-9.623196005,16.856543,15.5007713,18.27375305
"Kristoffersen::8989",1464,2,-9.6696653,-9.97711832,-9.377311775,17.7451275,15.81677225,19.7613755
"Kristoffersen::8993",1465,2,-11.5647525,-11.9155288,-11.2311444,2.19051535,-2.601214165,6.976548545
"Kristoffersen::90",1466,13,-10.150497,-10.30153625,-10.0042791,14.325639,13.86482785,14.7971306
"Kristoffersen::9003",1467,10,-9.8012265,-9.971583965,-9.637770515,14.3346885,13.87691845,14.78386915
"Kristoffersen::9009",1468,4,-7.22011095,-7.50701459,-6.925046415,13.0218915,12.04433,13.98433245
"Kristoffersen::901",1469,5,-10.6127525,-11.06965735,-10.157861,9.0293924,6.899596555,11.5698982
"Kristoffersen::9016",1470,2,-9.22643765,-9.49243335,-8.97840824,12.9428785,12.0005901,13.97353595
"Kristoffersen::9029",1471,2,-11.115657,-11.5595632,-10.70421185,14.1844335,12.69696285,15.7661917
"Kristoffersen::9030",1472,4,-11.7374605,-12.07330325,-11.3927339,18.832285,17.7519932,19.89136715
"Kristoffersen::9050",1473,2,-9.22291895,-9.82515901,-8.657626455,19.180365,14.9847657,23.5960944
"Kristoffersen::9053",1474,2,-14.019029,-14.7101593,-13.39102475,14.5248545,13.44697355,15.70500485
"Kristoffersen::9063",1475,2,-9.79917445,-10.4432648,-9.145672025,12.109579,7.31627441,16.90109605
"Kristoffersen::9068",1476,2,-6.3852861,-6.699672575,-6.06416318,1.4611938,0.1833954555,2.71234894
"Kristoffersen::9070",1477,7,-12.560582,-12.8328986,-12.29161785,13.3315195,12.67930665,13.9841079
"Kristoffersen::9075",1478,4,-5.86963425,-6.06555359,-5.67831578,6.9385614,6.41467329,7.46898361
"Kristoffersen::9079",1479,3,-9.74451855,-9.971809085,-9.530530045,7.573781,7.176286935,7.9820978
"Kristoffersen::9083",1480,8,-11.6638405,-11.89736605,-11.4330602,13.747277,13.21931355,14.27473825
"Kristoffersen::9084",1481,3,-11.1212165,-11.4374795,-10.8086364,11.934568,10.7283292,13.1747168
"Kristoffersen::9088",1482,9,-8.8006246,-8.966552185,-8.63186084,14.708582,14.19336155,15.2451162
"Kristoffersen::9090",1483,2,-8.21451555,-8.615114575,-7.827223795,11.677992,9.957739625,13.4026151
"Kristoffersen::9096",1484,3,-11.6907655,-12.0735953,-11.31818935,11.627688,10.70644185,12.596145
"Kristoffersen::9099",1485,2,-8.47830065,-8.71249098,-8.250948925,8.4433762,7.55856067,9.350773155
"Kristoffersen::9103",1486,2,-12.0292405,-12.53461345,-11.57633145,11.530583,8.369053955,14.91046335
"Kristoffersen::9111",1487,3,-9.9915231,-10.2893292,-9.70108551,14.068768,13.0873806,15.05928185
"Kristoffersen::9115",1488,2,-11.6106795,-12.0737284,-11.1547081,16.553428,14.9263481,18.176221
"Kristoffersen::913",1489,14,-8.6093821,-8.692228,-8.526546935,8.63077595,8.37454972,8.897408135
"Kristoffersen::9153",1490,3,-9.8890009,-10.14428095,-9.643555145,26.9712295,25.388239,28.635922
"Kristoffersen::9154",1491,3,-9.75061585,-9.964237055,-9.55213415,5.7221051,4.9315117,6.57747742
"Kristoffersen::9157",1492,2,-8.0141715,-8.23242875,-7.809345715,20.161105,18.42214255,21.98191405
"Kristoffersen::9158",1493,2,-7.68614355,-7.98792575,-7.377193985,12.221997,10.9763094,13.37779485
"Kristoffersen::9159",1494,9,-8.2103434,-8.373258725,-8.051857665,14.4680655,13.9466671,14.9964209
"Kristoffersen::9163",1495,2,-12.619525,-13.3732783,-11.8747347,10.016956,2.52667561,17.5023953
"Kristoffersen::9165",1496,3,-11.3671475,-11.74228375,-11.02018205,9.1886958,8.014774075,10.4241466
"Kristoffersen::9167",1497,3,-9.50172505,-9.80682681,-9.195017955,10.6729325,9.25353483,12.0335221
"Kristoffersen::9170",1498,2,-11.7830725,-12.46161075,-11.1528579,-4.89020695,-8.498817505,-1.598105215
"Kristoffersen::9172",1499,2,-7.2612023,-7.466968335,-7.064682565,7.2269006,6.398906755,8.082590805
"Kristoffersen::9173",1500,3,-8.5692261,-8.79033903,-8.34686873,11.48005,10.6296827,12.340465
"Kristoffersen::9177",1501,5,-10.859177,-11.134995,-10.58866965,11.3261085,10.72353155,11.92685095
"Kristoffersen::9187",1502,8,-15.5536785,-15.86426925,-15.2459245,19.619528,18.9729049,20.2586099
"Kristoffersen::919",1503,13,-10.384988,-10.5277549,-10.24345935,11.356054,10.9691286,11.7519866
"Kristoffersen::9190",1504,2,-12.830019,-13.719979,-12.03308135,13.0666385,10.30912785,16.05017545
"Kristoffersen::9195",1505,3,-8.4771799,-8.72194757,-8.227647355,12.083377,11.1550249,12.9867896
"Kristoffersen::9197",1506,2,-7.94179175,-8.263401095,-7.61372986,8.7815582,7.515215305,10.09933005
"Kristoffersen::9200",1507,2,-10.297628,-10.5848064,-10.0296582,6.95554105,5.31355741,8.93822028
"Kristoffersen::9204",1508,3,-8.8416562,-9.156527045,-8.56192977,10.27847,9.26010324,11.44408795
"Kristoffersen::9218",1509,5,-12.0508945,-12.33795675,-11.7769058,10.711966,10.161774,11.29853725
"Kristoffersen::9220",1510,2,-10.1665595,-10.4634334,-9.89581187,8.1915304,6.84423902,9.672049785
"Kristoffersen::9221",1511,2,-11.168535,-11.7536795,-10.6171008,12.77181,10.78850025,14.75694225
"Kristoffersen::9241",1512,2,-11.738881,-12.1675217,-11.3422509,24.0873285,22.5406536,25.7503957
"Kristoffersen::9252",1513,2,-9.578301,-10.2334111,-8.921399345,11.9368145,7.03565797,16.7059826
"Kristoffersen::9262",1514,2,-11.4680385,-11.8907774,-11.0563628,18.834186,17.3473253,20.34728475
"Kristoffersen::9267",1515,4,-10.230568,-10.5089085,-9.951256785,17.273451,16.3882121,18.1616499
"Kristoffersen::9278",1516,3,-12.995905,-13.34607825,-12.67387745,21.064151,19.90845595,22.41319155
"Kristoffersen::9284",1517,7,-11.2100205,-11.41101975,-11.01647475,13.242049,12.7326548,13.7568868
"Kristoffersen::9285",1518,2,-8.61845025,-9.02286531,-8.20424675,8.73981945,7.351258015,10.0881052
"Kristoffersen::9289",1519,2,-11.4594325,-12.4411987,-10.5439409,1.87034175,-1.28367973,5.01391735
"Kristoffersen::9299",1520,2,-15.1775855,-16.0367655,-14.34512445,24.1218,21.4133088,26.8840681
"Kristoffersen::9306",1521,4,-7.6956485,-7.91265378,-7.47625346,9.78540915,8.759966165,10.738555
"Kristoffersen::9309",1522,2,-7.2071156,-7.619994325,-6.80408375,-0.54639694,-2.256410035,1.24095159
"Kristoffersen::9311",1523,3,-11.0749075,-11.53322895,-10.6235368,5.67390935,4.35369704,6.998147955
"Kristoffersen::9312",1524,2,-12.384469,-13.45614665,-11.3344812,20.7810205,15.04275895,26.5621544
"Kristoffersen::9314",1525,4,-11.5249345,-11.86983505,-11.20035905,26.346513,25.1581197,27.63615725
"Kristoffersen::9327",1526,7,-12.178967,-12.41834935,-11.9408515,17.699304,17.030231,18.36024105
"Kristoffersen::9338",1527,2,-13.423446,-14.1781757,-12.7159459,10.3951415,8.935754275,11.93883535
"Kristoffersen::9339",1528,2,-13.677121,-15.2896368,-12.10598,5.6342968,0.0155214675,11.1338714
"Kristoffersen::9351",1529,3,-11.7449525,-12.4354564,-11.0885746,7.8317164,4.9975433,10.7336162
"Kristoffersen::9352",1530,2,-12.7939825,-13.3891825,-12.21617865,19.9629105,17.9846905,22.0140872
"Kristoffersen::9362",1531,2,-8.45374625,-9.19814742,-7.737417325,2.37270715,-0.4570063625,5.3605803
"Kristoffersen::9369",1532,2,-11.079856,-11.53200735,-10.65519565,9.4787396,8.16576343,10.83209135
"Kristoffersen::9372",1533,2,-8.33827715,-8.63194148,-8.04395699,7.8727508,6.5357106,9.164759845
"Kristoffersen::939",1534,6,-12.7329735,-13.34682875,-12.18291245,9.49157245,5.7058571,13.9265724
"Kristoffersen::9390",1535,2,-13.035449,-13.69528065,-12.39358015,19.215091,17.03820745,21.44499045
"Kristoffersen::9404",1536,2,-12.220133,-12.86589505,-11.57352285,20.161171,17.1989926,23.1288566
"Kristoffersen::9406",1537,4,-12.2680485,-12.54116265,-11.99201415,14.9125655,14.2785193,15.56618425
"Kristoffersen::9408",1538,2,-10.1712575,-10.58173785,-9.764261255,15.985575,14.5863515,17.37993685
"Kristoffersen::9412",1539,2,-5.4586121,-5.87991588,-5.01228243,4.949891,3.435310195,6.48461521
"Kristoffersen::9419",1540,2,-11.61351,-12.305474,-10.9454705,11.7181235,9.414236965,14.0838074
"Kristoffersen::9424",1541,5,-13.4071085,-13.74807305,-13.06510975,16.378115,15.4894224,17.27510685
"Kristoffersen::9436",1542,4,-10.2136,-10.4923141,-9.94173126,10.4380075,9.64000325,11.23829665
"Kristoffersen::9442",1543,4,-8.70008325,-8.901970485,-8.492725395,8.9452138,8.37223535,9.54781022
"Kristoffersen::945",1544,11,-9.57850595,-9.71237203,-9.44700592,10.6484635,10.3030535,11.0091098
"Kristoffersen::9454",1545,4,-10.8815745,-11.191224,-10.5662046,15.559921,14.20474875,16.9110599
"Kristoffersen::9456",1546,3,-9.6250335,-9.88948838,-9.37364401,19.147249,18.10790095,20.25307555
"Kristoffersen::9460",1547,3,-8.23238475,-8.433603465,-8.031362815,7.2859121,6.71609782,7.850734055
"Kristoffersen::9461",1548,2,-4.83056985,-5.383866225,-4.262391465,1.04086865,-3.374004375,5.16423749
"Kristoffersen::9484",1549,2,-9.15844425,-9.43885015,-8.87451295,13.764329,12.6947381,14.8578954
"Kristoffersen::9489",1550,2,-11.874161,-12.7990471,-10.9580488,11.989511,8.451586915,15.54828005
"Kristoffersen::9493",1551,6,-12.620891,-12.86069495,-12.38506625,20.288876,19.53625205,21.04723805
"Kristoffersen::9503",1552,2,-5.2827573,-5.73374015,-4.857461965,6.4431699,4.56325042,8.43565979
"Kristoffersen::9526",1553,2,-10.480075,-10.8632395,-10.1029126,9.3402385,7.98410908,10.71752325
"Kristoffersen::9528",1554,6,-9.4400989,-9.598848205,-9.284471205,11.5305145,11.0504864,12.02047385
"Kristoffersen::9529",1555,2,-10.9798785,-11.5550465,-10.40612075,12.279172,10.23718685,14.2821943
"Kristoffersen::9549",1556,4,-15.805255,-16.5755237,-15.0809873,12.3781655,11.15842735,13.6734113
"Kristoffersen::9550",1557,3,-10.8670785,-11.2624828,-10.4681055,12.1103805,10.99362005,13.24796075
"Kristoffersen::9566",1558,3,-8.7195013,-8.94341052,-8.50568857,12.7273755,11.8741134,13.5984634
"Kristoffersen::9579",1559,2,-10.9970815,-11.4380938,-10.62627595,8.18003755,6.48688282,10.2619932
"Kristoffersen::9594",1560,2,-8.25584045,-8.4854968,-8.03756206,11.3306795,10.61620865,12.09605255
"Kristoffersen::9611",1561,4,-12.8324405,-13.0981276,-12.56939895,16.485549,15.77916865,17.2079753
"Kristoffersen::9617",1562,3,-11.509955,-12.0746194,-10.9651192,7.2195374,5.52667461,8.89290825
"Kristoffersen::9643",1563,2,-10.5102905,-10.94601695,-10.09575165,6.31011495,4.77862205,7.890495945
"Kristoffersen::9648",1564,3,-4.3269047,-4.653219835,-3.99436749,7.2955282,5.934421475,8.69526929
"Kristoffersen::9659",1565,5,-9.6249618,-9.82320823,-9.438128455,16.167562,15.44696385,16.91992475
"Kristoffersen::967",1566,11,-15.0600395,-15.45944595,-14.66330285,17.9158505,17.0958588,18.74093
"Kristoffersen::9672",1567,4,-8.4076012,-8.63550577,-8.17942871,11.6316175,10.97936775,12.26343325
"Kristoffersen::9674",1568,3,-7.0172904,-7.26129966,-6.783365785,13.286706,12.43982435,14.21746525
"Kristoffersen::9676",1569,2,-9.8304825,-10.14696865,-9.52800578,12.1221295,10.95730585,13.2831138
"Kristoffersen::9680",1570,2,-12.1170875,-12.9016869,-11.41627235,11.946434,9.430653565,14.5808924
"Kristoffersen::9683",1571,4,-8.44753435,-8.648570995,-8.26012439,13.383063,12.58645205,14.19927575
"Kristoffersen::9684",1572,4,-8.02580295,-8.209615895,-7.851986105,10.666834,9.958547015,11.4053374
"Kristoffersen::9688",1573,9,-11.9289305,-12.11350525,-11.74738395,15.37165,14.90285675,15.8484238
"Kristoffersen::969",1574,9,-11.1551655,-11.3274611,-10.9889454,10.187838,9.781585095,10.6047924
"Kristoffersen::9698",1575,2,-15.8067495,-16.66424945,-15.0373474,23.325949,21.30428155,25.56958575
"Kristoffersen::9707",1576,2,-4.73573695,-4.98724112,-4.46746269,8.94885305,7.74645582,10.2595653
"Kristoffersen::9709",1577,2,-13.2794675,-15.62052595,-11.02240205,9.6991544,1.26064901,18.31681785
"Kristoffersen::9713",1578,4,-9.99598475,-10.1938015,-9.80658548,8.36646545,7.88824374,8.8305461
"Kristoffersen::9717",1579,6,-9.7239884,-9.966650405,-9.47947124,14.294976,13.501271,15.06216755
"Kristoffersen::9718",1580,2,-5.24546625,-5.67427885,-4.82893826,2.18270945,0.749416328,3.63196142
"Kristoffersen::9730",1581,2,-7.5588928,-8.13853012,-6.998424915,0.54202773,-3.771589965,4.800877055
"Kristoffersen::9731",1582,4,-12.538255,-12.9924556,-12.08743115,16.455692,15.55169845,17.3557672
"Kristoffersen::9734",1583,4,-11.216867,-11.4715696,-10.9643573,25.6652855,24.5332522,26.81191395
"Kristoffersen::9744",1584,3,-7.2776211,-7.558266685,-7.01062398,6.88112415,6.246477695,7.546535955
"Kristoffersen::9746",1585,8,-12.4771615,-12.7426083,-12.2121187,10.892619,10.22086675,11.54844665
"Kristoffersen::9747",1586,2,-9.09552725,-9.855446,-8.342610245,13.032226,10.4564029,15.73908365
"Kristoffersen::9750",1587,2,-10.299077,-10.7334595,-9.872491545,15.8039045,14.34093525,17.2666575
"Kristoffersen::9755",1588,4,-9.8106049,-10.06692655,-9.56599649,10.419391,9.86475414,11.0131887
"Kristoffersen::9759",1589,2,-8.6509521,-9.04754074,-8.26166637,15.834523,13.46358725,18.23952165
"Kristoffersen::9761",1590,2,-11.9291,-12.59800635,-11.2647954,9.47824455,7.412501685,11.5463772
"Kristoffersen::9765",1591,2,-7.4019037,-7.653521885,-7.15436967,7.320274,6.27810374,8.34605308
"Kristoffersen::9769",1592,3,-8.02116485,-8.264808435,-7.765151745,6.6509968,5.58076192,7.687103835
"Kristoffersen::9779",1593,2,-11.5139705,-12.1777724,-10.9045402,-3.0311718,-7.449219155,1.421562445
"Kristoffersen::9788",1594,2,-7.45906865,-7.691476285,-7.22418669,6.2947466,5.41495043,7.15931391
"Kristoffersen::9797",1595,2,-11.622323,-12.10000465,-11.15094085,17.822202,15.60416065,20.00653395
"Kristoffersen::9798",1596,5,-11.172797,-11.43215965,-10.9300554,13.258748,12.6748201,13.8837725
"Kristoffersen::9803",1597,3,-13.383448,-13.93621505,-12.85720815,12.9962795,11.8140506,14.20976845
"Kristoffersen::9806",1598,2,-7.17229345,-7.98453045,-6.363578375,1.09513725,-3.42865671,5.58253277
"Kristoffersen::9813",1599,2,-10.0130235,-10.3280031,-9.7152587,15.3113415,14.141345,16.49027335
"Kristoffersen::9820",1600,2,-7.3740114,-7.62294029,-7.13101603,8.7040511,7.656408805,9.745745995
"Kristoffersen::9821",1601,2,-9.5831593,-9.853613635,-9.320444655,14.393239,13.4122218,15.33737805
"Kristoffersen::9823",1602,2,-4.8040623,-5.1268952,-4.49356095,12.07427,10.3624587,13.88641265
"Kristoffersen::9825",1603,4,-11.028035,-11.3188488,-10.7418826,10.489606,9.759048675,11.2400204
"Kristoffersen::9828",1604,4,-9.46551535,-9.776195915,-9.15995542,12.8136895,11.91509885,13.7228339
"Kristoffersen::9836",1605,3,-7.443771,-7.79792016,-7.107660355,9.81451995,8.868337585,10.776666
"Kristoffersen::9841",1606,2,-11.402359,-11.8705332,-10.9737666,10.232935,8.9124657,11.6542452
"Kristoffersen::9850",1607,7,-7.472269,-7.637006015,-7.306452575,11.443016,10.84673025,12.0296209
"Kristoffersen::9856",1608,3,-10.2104765,-10.43847865,-9.989262555,10.498274,9.974304795,11.03407225
"Kristoffersen::9863",1609,8,-12.934211,-13.21663045,-12.6634262,16.168342,15.54640095,16.80011415
"Kristoffersen::9868",1610,3,-9.29802965,-9.56328016,-9.02887915,15.700608,14.71841,16.67491745
"Kristoffersen::9871",1611,2,-11.0547895,-11.4481163,-10.6659175,8.27389135,7.367225665,9.197350745
"Kristoffersen::9874",1612,2,-9.17981995,-9.82669514,-8.51645172,11.2892015,8.64289271,13.82996155
"Kristoffersen::9883",1613,4,-10.9990375,-11.31979785,-10.6849899,14.842842,13.78366,15.9524834
"Kristoffersen::9887",1614,3,-8.27619645,-8.523073685,-8.033676265,14.576235,13.31063415,15.8931154
"Kristoffersen::9888",1615,7,-10.894576,-11.07160345,-10.7151133,11.4696995,11.01145005,11.9257354
"Kristoffersen::9889",1616,12,-10.575213,-10.73198695,-10.4272007,10.3848455,10.04677225,10.7383081
"Kristoffersen::9897",1617,7,-10.3311345,-10.5730046,-10.10437725,9.02417695,8.54600562,9.530967075
"Kristoffersen::9899",1618,3,-12.404349,-12.79620735,-12.04384695,13.1912615,12.3703225,14.02686405
"Kristoffersen::9908",1619,3,-12.189552,-12.5851868,-11.79355845,20.789148,19.34830005,22.23286515
"Kristoffersen::9921",1620,3,-11.0741045,-11.40203065,-10.75534245,7.50754145,6.65610267,8.372327595
"Kristoffersen::9929",1621,2,-10.274162,-10.6907522,-9.86409348,9.5265142,8.462898615,10.58084825
"Kristoffersen::9939",1622,2,-10.112925,-10.4315186,-9.8174461,7.7393119,4.14291531,11.2227761
"Kristoffersen::9941",1623,4,-12.5062785,-12.8038633,-12.20972205,25.0379445,23.9957313,26.09659585
"Kristoffersen::9942",1624,4,-11.6665845,-12.20623225,-11.15318765,9.59892855,7.808382325,11.38188655
"Kristoffersen::9962",1625,2,-6.6134092,-6.85594802,-6.385944395,8.75679635,7.81359512,9.71431914
"Kristoffersen::9972",1626,3,-8.66409165,-8.998454585,-8.35164989,10.9711875,9.354531205,12.7385436
"Kristoffersen::9986",1627,2,-8.6630352,-8.930623215,-8.40646645,11.269523,10.3264698,12.24273335
"Kristoffersen::9988",1628,2,-9.3040759,-9.57054566,-9.039588125,14.1613055,13.2075153,15.1425421
"Kristoffersen::9990",1629,2,-14.5498935,-15.20089625,-13.8850735,30.604718,28.3965253,32.8134447
"Kristoffersen::9991",1630,3,-16.935075,-17.6341766,-16.23128595,48.0798095,45.13526965,50.99132835
