"item","jj","delta_j","delta_j_q5","delta_j_q95","delta_j_rhat","delta_j_ess","emp_prod","n_obs","lambda","lambda_q5","lambda_q95"
"id:akebrett",1,0.054565993,-0.0238972591,0.1371662305,1.08732218053222,28.4914605630231,0.450888450148075,4052,1.0188088,0.968761725,1.069231755
"id:at",2,3.02552425,2.934641405,3.13713931,1.0651917127853,45.6468675754042,0.1606614017769,4052,1.03609455,0.9729255915,1.09640409
"id:badebasseng",3,1.3431248,1.25254129,1.438789205,1.12248452420128,21.4226978681666,0.312931885488648,4052,0.952829755,0.9034218535,1.011714795
"id:bak",4,0.0578757125,-0.01090624265,0.120691952,1.02432096622885,160.876451731648,0.384067085953878,4770,1.26102895,1.20552677,1.32988395
"id:bestefar",5,-0.97698545,-1.08501335,-0.868113643,1.03303188583727,535.41304354333,0.478406708595388,4770,0.507726655,0.48446362,0.53123897
"id:bestemor",6,-0.750100165,-0.8802958495,-0.617590335,1.04699942325345,56.6169400927165,0.461215932914046,4770,0.46168591,0.4412109995,0.484944578
"id:bli",7,1.56108085,1.478098295,1.654718795,1.09456817252952,28.4806696644689,0.293928923988154,4052,0.91883974,0.8709862265,0.960873617
"id:blyant",8,0.53817976,0.4554687455,0.625478109,1.05145928833477,81.0742678557529,0.399555774925963,4052,0.93466296,0.8905432015,0.9800511635
"id:boks",9,-0.219814585,-0.291295068,-0.1537970735,1.03222345689187,120.228358894011,0.483218163869694,4052,1.10156295,1.049043895,1.163311975
"id:bort",10,0.6060115,0.5070419035,0.711283405,1.05658639541495,46.4624307981474,0.342138364779874,4770,0.727391025,0.6936734885,0.76494699
"id:borte",11,-2.7788776,-2.9105082,-2.663327975,1.06516402666954,40.2715538444805,0.719891411648569,4052,0.65071262,0.613694008,0.6886249365
"id:bra",12,-0.08890819,-0.164210757,-0.0107531506,1.05416550168294,50.4517007885026,0.39895178197065,4770,1.02003185,0.975768626,1.07399374
"id:burde",13,5.9220255,5.687394925,6.179103925,1.00465428732474,355.617362509158,0.0330700888450148,4052,1.03200965,0.931251254,1.13593001
"id:bør",14,6.0723765,5.844303685,6.334948365,1.00641742371902,794.543249220071,0.0330700888450148,4052,0.950685985,0.86322103,1.03841966
"id:de",15,2.36326465,2.25536701,2.458810355,1.00350817049312,239.146168980744,0.222606120434353,4052,0.898575445,0.850680419,0.948683316
"id:deg",16,0.807318975,0.724764902,0.883438485,1.02952599062703,115.847461432076,0.372408687068115,4052,0.876310985,0.8370759375,0.921865918
"id:dem",17,3.35790115,3.234825775,3.48872974,1.01702589628294,310.010771183144,0.150542941757157,4052,0.859989225,0.807401898,0.9169639515
"id:den",18,-2.6192895,-2.76801112,-2.500014935,1.07404853692902,40.3870146923363,0.6,4770,0.47491714,0.452891028,0.496905525
"id:denne",19,-0.366332175,-0.4902127375,-0.257140887,1.07839427942604,32.6848111013482,0.428092243186583,4770,0.610072295,0.5796538325,0.638271068
"id:det",20,-0.20124817,-0.299902392,-0.1108737155,1.03550913438767,90.00990230835,0.415303983228512,4770,0.620596225,0.5902796595,0.6511514085
"id:dette",21,1.9067702,1.80951206,2.003659775,1.05345320347565,62.35000980965,0.226205450733753,4770,0.85778309,0.815636583,0.908603674
"id:du",22,0.004225826,-0.0710586728,0.0833777363,1.05963194370375,47.1027395453677,0.390985324947589,4770,0.930798905,0.8880526795,0.9796033115
"id:dyne",23,-1.78750315,-1.85234387,-1.71429329,1.06288128398872,42.1696717406147,0.567085953878407,4770,1.23920885,1.184564705,1.31026184
"id:dårlig",24,2.0969869,2.00470418,2.171841035,1.01416425007118,234.710610803628,0.234698914116486,4052,1.10892835,1.051079705,1.172962025
"id:ei",25,4.2258256,4.058971015,4.401411585,1.00284354691783,484.034110979536,0.110315893385982,4052,0.767086565,0.718420049,0.8178806945
"id:elske",26,2.6220562,2.50670594,2.726760165,1.01964862677921,116.428416954229,0.174633123689727,4770,0.84966851,0.804107699,0.9016484225
"id:en",27,0.782783525,0.6919401875,0.8618645595,1.02091621138388,305.974712072916,0.376357354392892,4052,0.83634878,0.783915194,0.8811252425
"id:eske",28,0.63477601,0.511128379,0.7154333745,1.18845368089591,14.3232178981846,0.329559748427673,4770,1.05315945,1.00075609,1.111243625
"id:etter",29,1.9341094,1.86075458,2.020504485,1.02268529968386,95.7413199253772,0.245064165844028,4052,1.1936038,1.132746445,1.27640756
"id:etterpå",30,-0.126637485,-0.189043991,-0.0715585484,1.01292856541904,503.079489977182,0.471865745310958,4052,1.3399005,1.258025,1.4237216
"id:farfar",31,0.723854705,0.581222708,0.869663176,1.03807893435903,481.118353676566,0.362264150943396,4770,0.38335478,0.361376619,0.4030282025
"id:fargeblyant",32,1.81468655,1.72285571,1.915833095,1.04625856893941,115.068549753043,0.270236920039487,4052,0.89649639,0.8495727475,0.9454414695
"id:farmor",33,0.32282601,0.18854853,0.47346676,1.06511559468627,48.5121435747285,0.382809224318658,4770,0.42519146,0.403267107,0.445493691
"id:fat",34,1.01357185,0.915969783,1.13049606,1.01428669750229,130.318169386347,0.365498519249753,4052,0.62484897,0.594653577,0.6585957765
"id:formiddag",35,5.68333555,5.435865795,5.94434429,1.02663615681383,190.091050076662,0.0466436327739388,4052,0.871080915,0.7865756595,0.958067566
"id:forte seg",36,0.82354846,0.7580823185,0.8918501335,1.00404088591831,239.269271743103,0.308805031446541,4770,1.1807293,1.128637325,1.248027535
"id:frekk",37,5.3220826,5.098183655,5.56792329,1.00694565377986,361.987742573146,0.049895178197065,4770,0.84504396,0.7733775915,0.9197649595
"id:få",38,-2.20348805,-2.290675665,-2.0977427,1.10044314212917,28.3560220816665,0.59916142557652,4770,0.987713275,0.940404307,1.0356608
"id:gjør",39,1.2869864,1.212213815,1.382854835,1.05684031198479,53.4411416936687,0.313672260612043,4052,1.1277111,1.06855899,1.187905635
"id:gjøre",40,1.35203795,1.25627294,1.436346835,1.04666610973544,81.5048282177859,0.311451135241856,4052,0.97915071,0.928694328,1.029752435
"id:gli",41,1.25906565,1.17568762,1.33425301,1.04017015590248,79.6402894146191,0.31959526159921,4052,1.043505,0.985676266,1.1019019
"id:god",42,-0.10452826,-0.185694022,-0.02662548655,1.02723750557439,94.6835808135804,0.469397828232971,4052,0.912518825,0.866038049,0.9585488415
"id:godteri",43,-0.0022490904,-0.0931541504,0.09178351635,1.08046868971275,33.1535027876898,0.460513326752221,4052,0.80324398,0.7597750255,0.8426514705
"id:gåbil",44,2.8016053,2.662748995,2.93541544,1.06874386475585,42.0379657929801,0.207798617966436,4052,0.689454905,0.646725051,0.731720775
"id:ha",45,-1.8492375,-1.93705863,-1.76384,1.02584026309251,159.173267401083,0.65893385982231,4052,0.95776836,0.9110866595,1.017052505
"id:ham",46,5.93237005,5.67482815,6.242623825,1.00262265499768,444.249232004691,0.0483711747285291,4052,0.752806835,0.686128575,0.819936887
"id:han",47,0.823365515,0.752689469,0.887951789,1.0100425837876,271.448364640882,0.363524185587364,4052,1.14759155,1.08871264,1.21320726
"id:hans",48,2.8744317,2.776582785,2.990913155,1.04930823052959,61.2414488665965,0.149056603773585,4770,0.978513365,0.921492115,1.048423595
"id:har",49,0.90824665,0.845483838,0.9859636525,1.01611592418876,160.887450684353,0.352665350444225,4052,1.175966,1.11306232,1.24228613
"id:henne",50,3.4167921,3.303343185,3.549934915,1.00651477859704,583.943414505394,0.1428923988154,4052,0.91092725,0.851556756,0.964911033
"id:hennes",51,3.27388965,3.163403345,3.39901612,1.05841801040507,42.8777053727542,0.124737945492662,4770,0.98635785,0.9231606515,1.044260425
"id:hente",52,-0.95916269,-1.01776443,-0.894626481,1.04698245376128,55.8411943677224,0.487631027253669,4770,1.42737115,1.331702285,1.502829735
"id:her",53,-0.917070865,-1.00456088,-0.83562202,1.01078823619668,141.228128086831,0.557502467917078,4052,0.84345854,0.8032432005,0.897496491
"id:hit",54,0.742456495,0.6492424195,0.822023412,1.04925502040462,56.9408912791089,0.379812438302073,4052,0.877023975,0.8281923985,0.9301058395
"id:hjem",55,-1.8826447,-1.936523715,-1.813889365,1.01238343895459,274.629301415804,0.579035639412998,4770,1.45893385,1.385658755,1.534084375
"id:hjemme",56,-0.158856365,-0.2293734935,-0.07211370725,1.03675122629699,74.1957746231173,0.475567620927937,4052,1.0149011,0.966947242,1.07189141
"id:hos",57,1.82922615,1.75083368,1.904013555,1.03087224875057,95.6458731883421,0.256910167818361,4052,1.1880769,1.12050186,1.25772691
"id:hun",58,1.7525261,1.66596248,1.83230416,1.17316727974523,15.506813747391,0.265794669299112,4052,1.16175005,1.102974605,1.232814765
"id:hver",59,3.3975108,3.29103379,3.51382434,1.03201249124186,237.799173106766,0.127097729516288,4052,1.2393744,1.15290997,1.326518615
"id:hvert",60,4.8006267,4.649922155,4.97198633,1.02165385208859,211.999545989573,0.0612043435340573,4052,1.13459455,1.04104311,1.23392445
"id:hvis",61,4.24026615,4.11877391,4.365576275,1.0062390073971,503.747775157711,0.0787265547877591,4052,1.2935538,1.19955501,1.401999505
"id:inn",62,-1.2063846,-1.299800565,-1.133751185,1.08426289708723,30.7034756355468,0.507547169811321,4770,0.85922188,0.8209561205,0.901993076
"id:inne",63,-0.4314133,-0.5196174355,-0.3413308675,1.12398300764167,20.3372148305174,0.432285115303983,4770,0.865951425,0.8249410355,0.9144949875
"id:inni",64,-0.136991525,-0.2159332875,-0.0530080099,1.015910457697,295.197159046147,0.405870020964361,4770,0.80745836,0.771066056,0.8477180685
"id:jeg",65,-0.973662465,-1.05689417,-0.8875044375,1.06614624896452,37.5420663811744,0.484696016771488,4770,0.83898565,0.8015721225,0.879510822
"id:juice",66,-2.5676064,-2.6576806,-2.461577995,1.03722063135851,87.4911124322515,0.623689727463312,4770,0.82777221,0.786550338,0.873664244
"id:kasse",67,0.73722904,0.663695563,0.8117881615,1.10518526601215,24.4073100714134,0.371915103652517,4052,1.2549523,1.195732595,1.31671983
"id:kjeks",68,-3.21591815,-3.34808652,-3.10484975,1.13175547819403,20.1511319762754,0.675052410901468,4770,0.85211013,0.8009360425,0.898787889
"id:kjelke",69,2.10371285,2.00561243,2.200304735,1.03779880167331,76.5400516267594,0.25,4052,0.827208945,0.7825924555,0.869697695
"id:klosser",70,-0.858397095,-0.9336770045,-0.795069742,1.07847122569945,36.8104575841577,0.477148846960168,4770,1.146433,1.091099065,1.207570805
"id:knekkebrød",71,-0.225970965,-0.2889775235,-0.152720266,1.02699876679819,118.378550354886,0.482724580454097,4052,1.0724122,1.016570185,1.132634215
"id:kveldsmat",72,0.588025235,0.5174970225,0.669433569,1.02817817153784,95.826072015819,0.389190523198421,4052,1.1812645,1.113879165,1.248127735
"id:legge",73,-0.81795705,-0.8828265295,-0.7502023175,1.02283324114644,127.385258890786,0.472746331236897,4770,1.29126475,1.222271405,1.35051929
"id:lego",74,-0.286883925,-0.356999915,-0.2112026385,1.03016929089695,109.099625003905,0.489634748272458,4052,0.98800723,0.939380709,1.04302275
"id:leke (action)",75,-1.51092365,-1.57448863,-1.44696668,1.02400877856381,152.88487094513,0.542976939203354,4770,1.39705845,1.315972825,1.47522105
"id:leverpostei",76,-0.792458205,-0.866573744,-0.719175984,1.04917233590673,52.2120690907972,0.548371174728529,4052,1.1305498,1.066394545,1.18569959
"id:man",77,5.83132525,5.519908205,6.16495413,1.04299264555646,81.9802711079176,0.0639190523198421,4052,0.635764405,0.584563608,0.692491877
"id:med",78,1.1432146,1.067671465,1.22200987,1.09932674173573,30.2608828315687,0.328479763079961,4052,1.1492074,1.092891285,1.22382792
"id:meg",79,-0.20423337,-0.2953151595,-0.1160431525,1.0508125918523,676.801527558175,0.414255765199161,4770,0.675043665,0.642616683,0.707509626
"id:morfar",80,0.561700985,0.40207336,0.7257411675,1.01606323801757,233.079593969143,0.376519916142558,4770,0.358974935,0.340476194,0.38043196
"id:morgen",81,1.5853082,1.51204461,1.675472085,1.11948455619955,21.6101503098545,0.238993710691824,4770,1.13050415,1.071133135,1.1918882
"id:mormor",82,-2.0878569,-2.247441905,-1.92339465,1.01121060414124,99.4840281915731,0.545911949685535,4770,0.344738605,0.326533706,0.3630957795
"id:ned",83,-1.3778977,-1.464302645,-1.287471165,1.02123403595778,138.113707271266,0.519077568134172,4770,0.74454211,0.708348978,0.7813395945
"id:nede",84,0.60752799,0.514256151,0.698026122,1.10726415306235,22.7944891459994,0.337316561844864,4770,0.842968155,0.7837746845,0.8842001745
"id:nedi",85,1.80357485,1.724871625,1.89200612,1.0135159975312,485.094123796689,0.27147087857848,4052,0.890389835,0.8391635885,0.942665735
"id:nugatti",86,4.2650682,4.02779871,4.54165199,1.00517519555315,125.076873899788,0.162142152023692,4052,0.46923999,0.436781888,0.5011492395
"id:om",87,3.16452,3.072405485,3.26719481,1.00464056547004,270.074478095656,0.140918065153011,4052,1.2836973,1.19191826,1.369782445
"id:opp",88,-2.4688149,-2.575419415,-2.362787905,1.04744956079307,59.4122120078734,0.606498951781971,4770,0.680574515,0.6480611725,0.712362361
"id:oppe",89,0.0936359835,-0.00427261804,0.1824353595,1.11251073525237,22.4520725327157,0.387421383647799,4770,0.74114385,0.708575901,0.77836092
"id:oss",90,2.37227265,2.28058385,2.456892825,1.03528766334536,113.28881325858,0.208538993089832,4052,1.1475143,1.082541875,1.210665965
"id:pannekake",91,-0.5004014,-0.573033109,-0.4300578145,1.08785378228911,32.4084525421865,0.514560710760118,4052,1.1563475,1.094313455,1.205776075
"id:pasta",92,0.220704025,0.1221208225,0.304997297,1.0618842740729,40.1988476988804,0.375052410901468,4770,0.76159905,0.720154408,0.8069604255
"id:putte",93,0.56958029,0.500660387,0.634158347,1.03917533566246,412.334971456058,0.392152023692004,4052,1.12574905,1.06730203,1.190770165
"id:saft",94,-1.93417995,-2.0253425,-1.8493856,1.02258807991323,484.469332958987,0.663869693978282,4052,0.898791235,0.8551242255,0.9500602105
"id:sin",95,-0.557274005,-0.6605792535,-0.455505208,1.06873267470429,35.7184082779942,0.518509378084896,4052,0.71974086,0.684816709,0.753717036
"id:sint",96,0.0932635285,0.0273531415,0.1649592225,1.00535972010944,161.372614155888,0.446199407699901,4052,1.18907175,1.138110285,1.252250455
"id:skli",97,-0.57225417,-0.659034385,-0.4900024765,1.15623733275182,17.1275915945781,0.519990128331688,4052,0.879220645,0.8325673685,0.9294713385
"id:skulle",98,3.57038295,3.46330661,3.6863187,1.07454613972376,45.1924773826603,0.115004935834156,4052,1.28515955,1.19699986,1.38274833
"id:skynde seg",99,1.6621477,1.58299821,1.758594435,1.16736888939775,16.2209810826385,0.273445212240869,4052,1.18504885,1.131196445,1.25778723
"id:slå",100,-0.56085016,-0.622126842,-0.4923902805,1.06743758422335,51.3627836493643,0.447798742138365,4770,1.4314968,1.35585341,1.51410985
"id:spagetti",101,-0.11064044,-0.168804935,-0.03866516205,1.0230239500838,232.02144778811,0.40062893081761,4770,1.19133605,1.13275182,1.25112977
"id:spille",102,0.119176025,0.0488077612,0.1792284455,1.03300020760728,85.904352529431,0.443484698914116,4052,1.27930785,1.211358045,1.336822115
"id:strømpebukse",103,-0.596399855,-0.657749106,-0.5344473325,1.01978974661138,285.305926067573,0.450733752620545,4770,1.27525215,1.210327775,1.336383295
"id:strømper",104,1.7489646,1.62445105,1.85254993,1.12761529505213,22.0496527608102,0.29639684106614,4052,0.673764225,0.6394145385,0.710314721
"id:sukkertøy",105,3.12609165,2.99056688,3.26805664,1.02079593053834,219.976772946066,0.155765199161426,4770,0.708152505,0.670035144,0.7476596985
"id:sur",106,2.12311995,2.038320375,2.204192255,1.0377759574176,98.4616962183385,0.230256663376111,4052,1.14288735,1.081182555,1.207115435
"id:svømmehall",107,3.1950986,3.056158235,3.353281005,1.03401195334442,84.023586735615,0.148218029350105,4770,0.742300855,0.697995122,0.792559521
"id:tallerken",108,-0.052498293,-0.1191640745,0.0192743397,1.0564328023107,53.8368687887772,0.39538784067086,4770,1.090338,1.042845465,1.14615568
"id:teppe",109,-1.1408626,-1.209768945,-1.073110895,1.12618618564905,22.3586312203913,0.50398322851153,4770,1.1369874,1.083941105,1.193720885
"id:tilbake",110,2.0453995,1.964288655,2.120752235,1.02008187801238,282.108915875335,0.237166831194472,4052,1.1492122,1.08832778,1.2138998
"id:tran",111,1.3225746,1.21340081,1.445918415,1.03233645784002,96.0283018697618,0.342546890424482,4052,0.570012585,0.5382043095,0.5974836295
"id:treffe",112,2.4280409,2.348972975,2.503621675,1.06474847208581,46.5581984063897,0.194225074037512,4052,1.4174065,1.334275135,1.50705925
"id:trøtt",113,-0.503516755,-0.5594481315,-0.428485254,1.11730851329711,22.4917871816484,0.439832285115304,4770,1.27536355,1.208144195,1.343730535
"id:ut",114,-3.9189797,-4.097207425,-3.80116266,1.02182138001238,84.6913618455542,0.818608094768016,4052,0.787269805,0.7365321165,0.834281276
"id:ute (location)",115,-1.36320555,-1.440963205,-1.280942385,1.03692469133895,135.82316352047,0.521802935010482,4770,0.8859461,0.841533272,0.9301305225
"id:utenfor",116,3.50455175,3.393969655,3.621359975,1.00135196465268,388.298829132439,0.127344521224087,4052,1.0723409,1.001596525,1.14237432
"id:utenpå",117,3.6152773,3.505833035,3.73224157,1.00726300123032,472.146655051805,0.117226061204344,4052,1.14519445,1.0715173,1.224380265
"id:vafler",118,-0.33691388,-0.4014239945,-0.2685856215,1.05258944455867,51.2778998848642,0.495557749259625,4052,1.1745667,1.11711311,1.23408852
"id:vekk",119,0.51472465,0.4265727105,0.6335467485,1.1276042873917,21.3382650885942,0.406219151036525,4052,0.77225605,0.736269112,0.8109922805
"id:velte",120,1.77124185,1.698058525,1.839593025,1.04632806790679,803.939763511179,0.261599210266535,4052,1.19229095,1.134114025,1.26989857
"id:venn",121,1.43974995,1.36524709,1.52968127,1.02071380336395,170.113842262711,0.303800592300099,4052,0.945686485,0.8932809385,0.99426771
"id:venninne",122,4.14756595,3.96004004,4.35255152,1.00329362851498,152.222793071426,0.129072063178677,4052,0.65295632,0.6065945215,0.7009315315
"id:vent",123,-0.223206145,-0.285171176,-0.158465884,1.01924616815283,220.974394879857,0.412578616352201,4770,1.3140888,1.23890251,1.38983243
"id:vente",124,0.13250351,0.07404779305,0.189441345,1.04114857898478,570.189579421015,0.440276406712734,4052,1.45579535,1.380927805,1.52530476
"id:vi",125,1.41432135,1.342811445,1.48453301,1.05801589381037,51.4064760077827,0.295656465942744,4052,1.31468585,1.247833925,1.391461485
"id:vil",126,-0.228144135,-0.301208852,-0.1584235055,1.02649084190751,114.254523112036,0.48395853899309,4052,1.062158,1.006268405,1.122064915
"id:ville",127,2.71044355,2.61728534,2.80353102,1.04539882050226,66.1299995024666,0.180157946692991,4052,1.1363575,1.068754185,1.210903145
"id:være",128,1.627663,1.55074352,1.712651475,1.06235511146469,41.1794023585017,0.280602171767029,4052,1.05836415,1.000430975,1.116913865
"id:være glad i",129,1.40753615,1.322364205,1.4914758,1.11655839016946,22.7737133695542,0.3035538005923,4052,1.01137915,0.9624254925,1.066488645
"ul:1PL.POSS",130,1.943412,1.87253244,2.021777815,1.02713586947488,595.280208770117,0.243089832181639,4052,1.2410289,1.167828005,1.3179425
"ul:1SG.POSS",131,-3.6308825,-3.749924915,-3.524037755,1.00481328851078,292.480007734942,0.692662473794549,4770,0.674827835,0.6456061655,0.709778268
"ul:1SG.REFL",132,3.33192125,3.20315954,3.484707625,1.04285909249107,83.2248350663709,0.155231984205331,4052,0.82797883,0.77268975,0.877096776
"ul:2PL",133,2.5404655,2.4607309,2.614250735,1.03318776228455,526.808363865252,0.187808489634748,4052,1.32797495,1.24337573,1.410043485
"ul:2PL.POSS",134,3.83641035,3.724290135,3.96317411,1.01095452533444,488.034828087363,0.103158933859822,4052,1.1757447,1.09575064,1.262571365
"ul:2SG.POSS",135,-0.499696525,-0.5691685595,-0.4190800015,1.04284869827731,64.1583354472518,0.439203354297694,4770,0.909301525,0.862031,0.955250354
"ul:2SG.REFL",136,4.15131275,4.007194265,4.307116055,1.02140344104629,161.05532167721,0.0997038499506417,4052,0.93308439,0.8648330705,1.006445565
"ul:3PL.REFL",137,2.0812941,1.989804695,2.1700253,1.03229988450249,504.953130774755,0.247285291214215,4052,0.88825122,0.8410655425,0.936948738
"ul:3SG.REFL",138,4.2833593,4.130593495,4.442469105,1.01132935530712,483.413923057129,0.0969891411648569,4052,0.8802072,0.822422484,0.9419086135
"ul:REFL",139,4.04776455,3.939160835,4.17612398,1.01370445358735,342.41588182687,0.0903257650542942,4052,1.2185696,1.12874663,1.310320405
"ul:a",140,2.1909541,2.109887075,2.28292575,1.05578149953833,54.572197813868,0.223840078973346,4052,1.12783685,1.063897405,1.193958335
"ul:a lot",141,0.0851762565,0.00456412788,0.154221693,1.09636101475773,26.2309279338332,0.44817374136229,4052,1.04646305,0.99185018,1.101847975
"ul:afternoon",142,4.63098595,4.46015348,4.81561843,1.00622971382911,663.614919463574,0.0809476801579467,4052,0.886707865,0.81821699,0.954255929
"ul:against",143,3.2555029,3.159330015,3.357155365,1.0090730532072,257.195436062972,0.133761105626851,4052,1.3196443,1.23261587,1.410994455
"ul:airplane",144,-3.41710535,-3.522255685,-3.3262534,1.03131375772062,170.467408557819,0.69559748427673,4770,0.96297964,0.9160290725,1.02359609
"ul:all",145,-0.027075889,-0.0932175027,0.04080168265,1.03243847284339,125.047882921534,0.392662473794549,4770,1.2557925,1.198633945,1.328094115
"ul:all gone",146,-3.2037463,-3.32913173,-3.087189115,1.1313286090367,20.7614706582031,0.663312368972746,4770,0.693935665,0.6576270745,0.730727989
"ul:also",147,1.46734945,1.366467715,1.565022695,1.09529712455654,26.8771645531802,0.302073050345508,4052,0.917085225,0.865932149,0.957020351
"ul:and",148,0.30184699,0.174815566,0.3824175705,1.20570158679548,13.7845078202755,0.424728529121422,4052,0.92120574,0.875031246,0.972204811
"ul:animal",149,0.137464015,0.0588529836,0.21144536,1.04257035457087,84.8461661670074,0.376939203354298,4770,1.03893155,0.989960267,1.095317265
"ul:ankle",150,4.36612755,4.188533565,4.56585856,1.0125525197062,274.74454192464,0.0999506416584403,4052,0.8009752,0.738672078,0.8619366375
"ul:another",151,1.9402683,1.835270565,2.024896265,1.03337007457153,137.675167733257,0.225995807127883,4770,0.82351935,0.7806344975,0.8680894045
"ul:ant",152,0.66921213,0.576991932,0.755394584,1.02136295855186,120.375571724835,0.386722606120434,4052,0.873943375,0.8340067945,0.9172705785
"ul:any",153,2.5873891,2.504871375,2.67067518,1.01796776843957,267.654127729151,0.158071278825996,4770,1.2449815,1.17161799,1.325754465
"ul:apple",154,-3.6441431,-3.731018085,-3.550465355,1.02017256855307,209.448520132795,0.713417190775681,4770,1.0045994,0.954700092,1.05607761
"ul:arm",155,-1.4379993,-1.501587065,-1.37429317,1.01133593995045,138.717566657643,0.536477987421384,4770,1.45913665,1.38069622,1.546260735
"ul:as",156,3.0148606,2.92745441,3.11754854,1.01758841532788,210.483279595961,0.155478775913129,4052,1.17402585,1.099246105,1.248298645
"ul:aunt",157,-2.0896878,-2.19426524,-1.977264975,1.0602478623972,42.5903352451168,0.571069182389937,4770,0.606952185,0.579025918,0.6371972815
"ul:awake",158,0.0053192305,-0.05543662515,0.06325051945,1.03721079172153,76.7790223826105,0.455083909180652,4052,1.46154185,1.3823967,1.53794714
"ul:baa baa",159,-7.17748115,-7.39108307,-6.958571875,1.00124891763237,188.888418150423,0.852201257861635,4770,0.533216905,0.5058965195,0.5607247775
"ul:baby",160,-4.65707105,-4.784994315,-4.535441685,1.02713324173413,318.467445816033,0.761844863731656,4770,0.737819095,0.7045790705,0.7791603665
"ul:babysitter's name",161,-0.14786941,-0.2648937955,-0.02558473575,1.0579576239453,44.5159559441079,0.475567620927937,4052,0.54195439,0.5135227505,0.5726082015
"ul:back (body part)",162,-0.051774979,-0.1067574785,0.00743689053499998,1.02862272757315,602.298704785949,0.462240868706811,4052,1.53427315,1.439990455,1.636141595
"ul:backpack",163,-0.17439152,-0.2388211345,-0.1123915535,1.02593030192546,240.87891141643,0.477541954590326,4052,1.23272395,1.163170155,1.2873974
"ul:backyard",164,6.2079746,5.91664185,6.54796884,1.05483701550891,58.8905899745529,0.0382527147087858,4052,0.798543485,0.7214157725,0.878251104
"ul:bag",165,-0.361294425,-0.423797812,-0.299177852,1.01380721263118,285.480534924987,0.499506416584403,4052,1.32039715,1.24855984,1.3835992
"ul:balcony",166,4.3701376,4.19155975,4.555818165,1.07960173711846,35.3941644250862,0.109081934846989,4052,0.716675475,0.658995015,0.769136191
"ul:ball",167,-5.86032535,-6.004084855,-5.7192149,1.02205201269746,192.555596169458,0.828511530398323,4770,0.847628815,0.8016015035,0.894654716
"ul:balloon",168,-2.54914265,-2.639209935,-2.467781705,1.04758999194901,58.3491170573711,0.628721174004193,4770,0.95376218,0.9068478785,1.003546625
"ul:banana",169,-4.84233455,-4.972665795,-4.72149018,1.05385788180643,53.4810598611164,0.776519916142558,4770,0.79691759,0.7611199055,0.838444257
"ul:basement",170,1.2367792,1.151098235,1.313434795,1.05088980537364,51.5900065843025,0.324037512339585,4052,0.993746515,0.9427999625,1.044094235
"ul:bath",171,-4.8823791,-4.99261203,-4.75948097,1.02451948977875,217.36962626455,0.779874213836478,4770,0.816161865,0.7719078385,0.8663049755
"ul:bathroom",172,-3.2922813,-3.39247853,-3.195146535,1.03998276388189,1047.52450137021,0.674842767295597,4770,0.75257598,0.7159368825,0.7863219925
"ul:bathtub",173,-0.17737824,-0.262958345,-0.09885771075,1.1445609350343,18.1853510495567,0.407337526205451,4770,1.06297115,1.00671583,1.125825195
"ul:beach",174,1.80239075,1.72680046,1.878651025,1.05793738910391,71.1309168483704,0.219496855345912,4770,1.2253669,1.15786832,1.30409487
"ul:beans",175,3.6614553,3.50422276,3.82560334,1.03775908055452,108.177032218858,0.146594274432379,4052,0.71983984,0.6757607035,0.7718663775
"ul:bear",176,-1.15150015,-1.217151945,-1.07987624,1.05917269873978,59.143753557553,0.50482180293501,4770,1.1714791,1.112111355,1.22769474
"ul:beautiful",177,4.6968597,4.51636921,4.903449955,1.01713627324454,339.162602176774,0.0708595387840671,4770,0.82046318,0.7576710625,0.887801518
"ul:because",178,3.66169315,3.557494045,3.782968295,1.01245298981134,322.25044622668,0.114511352418559,4052,1.1412451,1.06229474,1.21582904
"ul:bed",179,-2.1544771,-2.21893401,-2.090633885,1.00508109114492,254.06604377931,0.60461215932914,4770,1.4454578,1.3698482,1.52200028
"ul:bedroom",180,0.799715965,0.737079374,0.8674624975,1.09382048008539,31.1555500385164,0.307966457023061,4770,1.40854115,1.33332182,1.483611615
"ul:before",181,2.10305115,2.03585707,2.193155925,1.08745868152703,27.8643500957244,0.226307996051333,4052,1.27007685,1.19893642,1.34406243
"ul:belly button",182,-1.06509505,-1.140336395,-0.985459732,1.01115078357368,198.213917225916,0.494968553459119,4770,0.95854791,0.9192618265,1.00753753
"ul:belt",183,0.910662965,0.8090150335,1.020388225,1.26762173895614,11.2816832707583,0.359328726554788,4052,0.916345155,0.873138638,0.9661720715
"ul:beside",184,2.43345025,2.350725645,2.516182135,1.04349459814764,61.8695504577885,0.201628825271471,4052,1.16567275,1.101205335,1.248003725
"ul:better",185,1.74157995,1.65994353,1.82155502,1.05408747181576,48.863803417726,0.268262586377098,4052,1.08947875,1.027477705,1.152539385
"ul:bib",186,-1.59376395,-1.662602655,-1.509434955,1.04753243967492,54.2049590114052,0.541719077568134,4770,0.883364735,0.845132187,0.920667203
"ul:bicycle",187,-2.1411848,-2.21009574,-2.08263542,1.01864610616222,147.930878970018,0.60251572327044,4770,1.32447235,1.270979915,1.3968125
"ul:big",188,-1.2879894,-1.35858759,-1.22133397,1.02376160503538,220.759246866892,0.518238993710692,4770,1.10941995,1.061967685,1.16454245
"ul:bird",189,-2.05941,-2.153003995,-1.975887995,1.02058143066871,139.871769127299,0.581551362683438,4770,0.810603385,0.778315912,0.8519251605
"ul:bite",190,-0.777928715,-0.8400960945,-0.7128747575,1.00724009141374,235.959448802928,0.469601677148847,4770,1.3262991,1.25565721,1.408081575
"ul:black",191,1.09666935,1.021717455,1.168264725,1.01817379271223,276.173482702192,0.335143139190523,4052,1.0711137,1.02123974,1.128015285
"ul:blow",192,-1.5650737,-1.63155857,-1.48902304,1.09250612877708,27.3316871828181,0.543815513626834,4770,1.11609975,1.0634829,1.169571095
"ul:blue",193,-0.671075755,-0.74321626,-0.6016767395,1.01434971768627,208.924968889343,0.457442348008386,4770,1.00670055,0.955605031,1.05965012
"ul:board",194,2.14055485,2.05005408,2.230197005,1.0822632988271,32.4209472617682,0.235439289239882,4052,0.9954163,0.9384508505,1.051662265
"ul:boat",195,-3.2572532,-3.362892305,-3.15790543,1.0399317092616,146.176784635553,0.789486673247779,4052,1.03929645,0.9792128155,1.09679439
"ul:book",196,-4.1864969,-4.29285403,-4.066475195,1.16366960492084,17.2448757035585,0.750104821802935,4770,1.01241565,0.952104316,1.074564915
"ul:boot",197,-1.1764963,-1.2402467,-1.11152337,1.04259793155385,77.6864980272923,0.509433962264151,4770,1.4057784,1.32901214,1.489008705
"ul:bottle",198,-1.46521025,-1.537463205,-1.39697861,1.08562272720031,30.1847016915119,0.537945492662474,4770,1.2622118,1.19823755,1.322630625
"ul:bowl",199,1.0245748,0.937555465,1.10400625,1.07940133928049,30.3126985668092,0.29727463312369,4770,0.91874519,0.871646044,0.970537286
"ul:boy",200,-1.63005465,-1.69865998,-1.557373225,1.05487138989031,59.6580359391654,0.553668763102725,4770,1.2616073,1.195054375,1.32391454
"ul:bread",201,-2.2875174,-2.385397695,-2.198353225,1.06091553280562,100.942736671275,0.60335429769392,4770,0.880105065,0.8388667325,0.9335520565
"ul:break",202,0.0220864785,-0.0386550321,0.085321115,1.08055567597759,33.0875672205009,0.386792452830189,4770,1.4698078,1.39593564,1.54377468
"ul:breakfast",203,-0.570485995,-0.632846763,-0.510638837,1.06047458086432,42.5936031007562,0.447798742138365,4770,1.25291345,1.196904675,1.31678853
"ul:breast",204,-1.95772255,-2.082712215,-1.845920515,1.00905969095044,178.149913825631,0.642152023692004,4052,0.58113225,0.5489478005,0.6107077475
"ul:breathe",205,2.0556028,1.980173225,2.13113471,1.0126586104907,275.647057275911,0.231737413622902,4052,1.28273855,1.210435165,1.35837499
"ul:broken",206,-0.856819845,-0.926272135,-0.795585114,1.11071597325246,24.316647974737,0.476939203354298,4770,1.2445918,1.18283104,1.305457045
"ul:broom",207,-0.292129615,-0.3594545765,-0.2262743515,1.03229413306391,92.5346161660029,0.419287211740042,4770,1.2158748,1.158861415,1.26896761
"ul:brother",208,0.486952975,0.3682924225,0.6126074615,1.05060572659752,48.9969070230862,0.361844863731656,4770,0.541517105,0.510931937,0.567611747
"ul:brown",209,1.36009,1.2796014,1.447809385,1.0322351452894,104.564430507022,0.310957551826259,4052,0.95636802,0.9053916035,1.000100515
"ul:brush (object)",210,-0.89099574,-0.967190041,-0.8210447185,1.05560811252604,52.7012565507145,0.478825995807128,4770,0.979645175,0.9380234575,1.02962357
"ul:bubbles",211,0.311159025,0.235800596,0.3919074675,1.0187343148784,239.658182580503,0.361844863731656,4770,0.95628677,0.912531871,1.012544575
"ul:bucket",212,-1.4468676,-1.518145555,-1.37338983,1.05192915373831,63.4984902487874,0.62142152023692,4052,1.13771515,1.07976695,1.192365845
"ul:build",213,-0.672058175,-0.7357298345,-0.6054045505,1.0319731872754,131.607016610106,0.535538005923001,4052,1.2906448,1.231409985,1.3583006
"ul:bun",214,-2.820555,-2.91000307,-2.73554273,1.13041016614953,20.3446382538287,0.652410901467505,4770,1.0287617,0.9765905895,1.08376584
"ul:bunny",215,-1.57881295,-1.64933345,-1.50864374,1.01709495497844,177.931345973388,0.544863731656185,4770,1.04202405,0.993426506,1.09389433
"ul:bus",216,-3.13509515,-3.23210699,-3.04972785,1.0061124087939,296.183874187751,0.674004192872117,4770,0.938597195,0.886364879,0.98341857
"ul:but",217,3.19317175,3.090832515,3.301995945,1.01602611723564,246.562107837213,0.148321816386969,4052,1.06300955,1.00065881,1.129494925
"ul:butt",218,-1.2532145,-1.3241528,-1.19224094,1.04880691212757,51.4919537052374,0.604392892398815,4052,1.32071385,1.252287105,1.40077899
"ul:butter",219,-1.13649685,-1.19418957,-1.066497755,1.06406317466183,39.3302716686766,0.5041928721174,4770,1.26958915,1.21047581,1.334225915
"ul:butterfly",220,-0.28885773,-0.34855695,-0.225919226,1.05317681084027,453.266386039269,0.418867924528302,4770,1.31476985,1.242451355,1.38054492
"ul:button",221,-0.97322388,-1.044920215,-0.888604427,1.12717870534958,20.1206771698149,0.485744234800839,4770,1.0089783,0.9584940145,1.06112718
"ul:buy",222,-0.012878234,-0.06684471005,0.04444254295,1.0254804973433,690.772712293259,0.457798617966436,4052,1.5268573,1.443350535,1.62783525
"ul:bye",223,-8.09536785,-8.38386269,-7.8403962,1.03848360932506,133.543651403791,0.877777777777778,4770,0.49996776,0.4731164935,0.5317789785
"ul:cake",224,-3.35056855,-3.44644281,-3.25632494,1.00755996330678,312.675991816423,0.688050314465409,4770,0.90145443,0.8561323105,0.956061691
"ul:call",225,-1.2351425,-1.31016938,-1.159853975,1.01152270828843,302.791061936493,0.597235932872656,4052,1.0913591,1.03710006,1.142810055
"ul:camera",226,1.04140035,0.9625012755,1.11235218,1.01633629654114,142.993337312446,0.338598223099704,4052,1.15451785,1.079353245,1.22107374
"ul:camping",227,5.0502439,4.84963058,5.26116481,1.00726367772032,990.295937762384,0.0703356367226061,4052,0.816504745,0.7537071895,0.8773593475
"ul:can",228,0.77005681,0.6990763655,0.833920609,1.07141937444261,50.9687022262637,0.366732477788746,4052,1.29968005,1.235131025,1.370774495
"ul:car",229,-5.0593377,-5.17549695,-4.9338432,1.00568305059346,380.131599851427,0.791614255765199,4770,0.861810395,0.8145717545,0.905281505
"ul:careful",230,0.28729486,0.2209491655,0.356647015,1.05279814670408,48.6042359571458,0.361844863731656,4770,1.0977492,1.038399825,1.15364412
"ul:carrot",231,-1.1198906,-1.18395326,-1.045815955,1.0887813172991,28.5166700091695,0.50440251572327,4770,1.31743275,1.256185305,1.38279078
"ul:carry",232,-1.11554005,-1.19201363,-1.04436214,1.06658863311533,46.8722143880927,0.586377097729516,4052,1.19645835,1.13578578,1.25974014
"ul:cat",233,-3.83166855,-3.959155765,-3.724231655,1.03878012219259,71.4152911775513,0.708805031446541,4770,0.70990781,0.6777772765,0.7478183885
"ul:catch",234,1.1664761,1.10172691,1.239790655,1.01258007075422,131.456617555716,0.321322803553801,4052,1.31001345,1.24159954,1.39219752
"ul:cereal",235,3.7629997,3.607349625,3.94708786,1.00682947051284,316.962196440011,0.127044025157233,4770,0.65939341,0.618113358,0.7014578155
"ul:chair",236,-2.1729919,-2.24202152,-2.097215425,1.04281695952982,88.80867954787,0.60251572327044,4770,1.23846015,1.17602586,1.30910419
"ul:chalk",237,3.00607665,2.889007925,3.12804343,1.00381598578311,298.239665584436,0.175715695952616,4052,0.85465041,0.804490256,0.9055024765
"ul:cheek",238,-0.834044715,-0.9042858555,-0.758242866,1.00198323088802,230.124300375635,0.472746331236897,4770,1.01740695,0.9630418385,1.078650435
"ul:cheerios",239,3.54252845,3.386622365,3.72321928,1.01109295987738,205.621413341027,0.145911949685535,4770,0.60581813,0.571164856,0.6430456165
"ul:cheese",240,-3.08119715,-3.16882002,-3.00486072,1.0288321981955,135.39542441889,0.676939203354298,4770,1.10993495,1.056981275,1.174578955
"ul:chicken (animal)",241,0.02911063,-0.05051382015,0.0948301443,1.07309551789217,34.6457807839126,0.388888888888889,4770,1.09478855,1.039585675,1.1465112
"ul:chicken (food)",242,-0.0823089805,-0.145623167,-0.0174780815000001,1.05347014797012,54.5167678950988,0.39853249475891,4770,1.30523385,1.241180325,1.38014636
"ul:child",243,0.048529267,-0.02368681635,0.1301843555,1.01399071906668,239.851686559439,0.387211740041929,4770,0.940638,0.8801785205,0.9855171935
"ul:child's own name",244,-3.19292495,-3.29526882,-3.10754771,1.01981081576155,196.065690550228,0.673584905660377,4770,0.831612375,0.787660721,0.875266519
"ul:chin",245,-0.839884245,-0.929862361,-0.7536307925,1.12460670018764,22.3346990012999,0.550839091806515,4052,1.0084411,0.956129748,1.060245905
"ul:chips",246,1.60477825,1.51292629,1.714753435,1.10861678275439,23.003640517229,0.294422507403751,4052,0.816463005,0.7715889725,0.853457989
"ul:chocolate",247,-1.19283125,-1.257802975,-1.12372658,1.0808287741566,36.1079450294018,0.596742349457058,4052,1.2938891,1.23093613,1.36082792
"ul:choo choo",248,-1.78110325,-1.90709116,-1.640546925,1.12947990460471,20.2694058634662,0.541719077568134,4770,0.512615355,0.4900925455,0.5368713185
"ul:church",249,2.4957691,2.391964745,2.597784335,1.0330494642254,135.816420480602,0.179035639412998,4770,0.923732875,0.874827797,0.978973552
"ul:circus",250,3.72713715,3.5942369,3.86924683,1.023881245128,252.374020431366,0.121668311944719,4052,0.945309235,0.8850206825,1.009714555
"ul:city",251,1.3549619,1.265971365,1.448261235,1.18454226219377,14.9102259043512,0.315399802566634,4052,0.91975764,0.8728914225,0.9714174645
"ul:clean (action)",252,-0.749271285,-0.8044214505,-0.68292738,1.02511256708319,153.729195753751,0.466247379454927,4770,1.3852149,1.31449066,1.45976543
"ul:clean (description)",253,0.731700625,0.670729083,0.7906563455,1.06985390164513,36.5603791120266,0.314255765199161,4770,1.5094826,1.427491725,1.59520802
"ul:climb",254,-0.221565305,-0.2853281995,-0.1524384115,1.05629411416977,51.9020075105104,0.483464955577493,4052,1.40348955,1.33548807,1.479333655
"ul:clock",255,-2.1098931,-2.19040173,-2.03200277,1.02111737148743,229.081868310336,0.589727463312369,4770,0.914474065,0.8754401305,0.9617087595
"ul:close",256,-0.37921984,-0.448387502,-0.3168250975,1.04506916129958,81.1505389350565,0.429350104821803,4770,1.3116758,1.248856005,1.39136251
"ul:cloud",257,0.41785531,0.353527022,0.487700701,1.01838095029251,148.694294371949,0.407699901283317,4052,1.19697925,1.1362244,1.252118345
"ul:clown",258,2.4317068,2.33517633,2.524096135,1.03268310212197,565.088847589841,0.212981243830207,4052,0.94426873,0.896208304,0.999647358
"ul:coat",259,0.488938975,0.4279143935,0.547614836,1.00920497906083,191.530771277807,0.338364779874214,4770,1.52427305,1.42822757,1.60762551
"ul:cockadoodledoo",260,-1.67913095,-1.8006774,-1.579231985,1.07214492282462,36.3828868133499,0.537945492662474,4770,0.580687885,0.5509990455,0.612091235
"ul:coffee",261,-1.3837698,-1.44802566,-1.30924632,1.04366668578411,62.3982442599035,0.526624737945493,4770,1.0974941,1.04432165,1.146323285
"ul:coke",262,2.15012665,2.01131646,2.334373645,1.07054904902049,44.4503001784693,0.283070088845015,4052,0.52244727,0.491741923,0.5606564475
"ul:cold",263,-1.44430185,-1.521738935,-1.359121135,1.19029165809625,14.8530900380725,0.534171907756813,4770,1.1206709,1.061159455,1.17511089
"ul:comb (object)",264,1.31766735,1.20341344,1.41478826,1.11251111318686,24.0527066116543,0.271488469601677,4770,0.887511075,0.8410087495,0.9268587495
"ul:computer",265,1.10824515,1.01837282,1.214797285,1.03051673594536,288.120186390162,0.346989141164857,4052,0.74516555,0.7079928905,0.7811782535
"ul:cook",266,-0.159137895,-0.21885472,-0.104615316,1.0857683609978,35.2526941588584,0.476307996051333,4052,1.4800315,1.400084875,1.55954143
"ul:cot",267,2.1875499,2.1034073,2.28640719,1.08144794050206,31.6459545578556,0.231984205330701,4052,0.965047065,0.912423117,1.02186831
"ul:couch",268,-1.07500625,-1.13134394,-1.01440946,1.01657045891091,185.882077480526,0.50062893081761,4770,1.4663843,1.38563462,1.556786425
"ul:could",269,4.01886145,3.896252075,4.152291195,1.00730223328707,179.9345180151,0.0937808489634748,4052,1.17165125,1.0872377,1.256394845
"ul:country",270,4.27151885,4.117814515,4.43950281,1.00538585566839,301.251564314211,0.0920533070088845,4052,0.957254505,0.8928999185,1.03778124
"ul:cow",271,-2.759669,-2.841400645,-2.6685416,1.01704473007327,239.048634376603,0.644654088050314,4770,0.946143125,0.8999438265,0.9952815805
"ul:cowboy",272,4.3101843,4.15527721,4.494282525,1.01318180071137,151.333712640262,0.0952615992102665,4052,0.88509159,0.8253424355,0.9532577165
"ul:crocodile",273,-0.771643955,-0.849449807,-0.684004916,1.23214033683204,12.2744114354183,0.548617966436328,4052,1.21094875,1.151001325,1.278499925
"ul:cry",274,-0.70858084,-0.7750086095,-0.6416860355,1.05962669770513,43.5361693963158,0.461844863731656,4770,1.36862095,1.30009769,1.43840367
"ul:cucumber",275,-1.15743305,-1.236997565,-1.086561035,1.01701193179623,212.776935973958,0.587611056268509,4052,1.0207849,0.9715420805,1.076697575
"ul:cup",276,-2.5236817,-2.60223139,-2.44983058,1.02344402117854,393.83524294929,0.631865828092243,4770,1.13581405,1.077384335,1.198401215
"ul:cupboard",277,-0.01923814,-0.07513601335,0.0340681033,1.0093634628602,284.844864146498,0.458538993089832,4052,1.63389365,1.547253645,1.731836975
"ul:cut",278,0.35207056,0.281426988,0.4181143905,1.06817580247112,42.695801268706,0.416337611056268,4052,1.26090015,1.18579811,1.32243753
"ul:cute",279,1.57333465,1.49227631,1.65931728,1.02387562620439,234.445793199067,0.246331236897275,4770,0.98635114,0.9307303325,1.038993045
"ul:daddy",280,-9.9867696,-10.34919925,-9.61885053,1.02372567091956,98.9901725269131,0.89559748427673,4770,0.35745012,0.335644949,0.3758706635
"ul:dance",281,-1.85718575,-1.932568875,-1.7898716,1.07991201583985,32.6787921822315,0.573584905660377,4770,1.22311025,1.161675455,1.289861175
"ul:dark",282,-0.18712645,-0.2657068215,-0.109756322,1.01361255758989,141.898971092493,0.409643605870021,4770,1.01611275,0.9602467315,1.0661375
"ul:day",283,0.52029381,0.455446823,0.5928146405,1.00719759234705,155.896103945211,0.336687631027254,4770,1.2869215,1.22407895,1.364258965
"ul:deer",284,2.9228519,2.793484825,3.040347755,1.04031511250789,76.2305835309309,0.160167714884696,4770,0.792711505,0.743283803,0.8392896335
"ul:dessert",285,0.949371815,0.873107985,1.041680365,1.02405847484741,178.951558259947,0.356614017769003,4052,0.88050367,0.8376085035,0.922459891
"ul:diaper",286,-4.2546838,-4.365891075,-4.153081335,1.04687895257734,76.4194297559496,0.753878406708595,4770,0.997762425,0.945344258,1.05331268
"ul:did",287,2.4661994,2.37470941,2.56482993,1.06697594053649,47.8042814277448,0.20360315893386,4052,1.0496933,0.986016511,1.11324241
"ul:dinner",288,-1.3117419,-1.37206347,-1.24484868,1.04043544045612,77.4045012290541,0.522851153039832,4770,1.309357,1.247317135,1.379919085
"ul:dirty",289,-0.341865335,-0.4193825275,-0.2794114595,1.06304319541509,43.5664008660596,0.425786163522013,4770,1.0443327,0.993301598,1.09368067
"ul:doctor",290,0.97111278,0.8932797195,1.061353205,1.17260305942273,15.6948257841006,0.346989141164857,4052,1.05942865,1.00773644,1.12703157
"ul:dog",291,-3.13078555,-3.23510947,-3.02029025,1.0143649319461,194.771614698816,0.660167714884696,4770,0.71249872,0.676865953,0.7495592665
"ul:doll",292,-2.21107465,-2.302702445,-2.121913695,1.02739074521444,171.044999427026,0.591614255765199,4770,0.771402745,0.729789458,0.8076173895
"ul:don't",293,-2.78126825,-2.887226255,-2.68648275,1.00922726902294,172.762804663897,0.641090146750524,4770,0.81664996,0.7779685025,0.857756364
"ul:donkey",294,1.6419639,1.54816719,1.739250855,1.01055844013168,310.206031127663,0.293928923988154,4052,0.791937445,0.747544125,0.8339494965
"ul:door",295,-1.5196612,-1.58353336,-1.457016675,1.01435421951253,182.117013330878,0.545702306079665,4770,1.5475034,1.460524885,1.63177628
"ul:draw",296,-1.8578239,-1.927901235,-1.79273957,1.08446444692821,1323.11867223039,0.572536687631027,4770,1.11486065,1.06436994,1.173964295
"ul:drawer",297,0.422696085,0.369404489,0.4833472865,1.03078114761846,121.135615727119,0.345492662473795,4770,1.4786641,1.400799935,1.56246577
"ul:dress (action)",298,-0.574830735,-0.6358190625,-0.5052940795,1.15549811709712,17.2367941082579,0.524679170779862,4052,1.3271675,1.26448886,1.3914
"ul:dress (object)",299,-0.68450612,-0.758887158,-0.5982601795,1.16349434439762,16.7946535037129,0.456813417190776,4770,1.01194675,0.968903271,1.062498795
"ul:drink (action)",300,-2.8129862,-2.892275625,-2.72374451,1.0290636652024,158.386426762664,0.653668763102725,4770,1.05840855,1.007369565,1.1168217
"ul:drink (beverage)",301,-3.20161925,-3.29187439,-3.09528445,1.05721505911854,53.0448280477442,0.674423480083857,4770,0.85411225,0.8146049725,0.8952042585
"ul:drive",302,-1.3235716,-1.38160292,-1.259864255,1.0319567968641,293.630719251972,0.523689727463312,4770,1.3145731,1.24914215,1.383995765
"ul:dry (action)",303,-0.664511295,-0.7223412745,-0.598548636,1.03626735306192,147.924243618893,0.457232704402516,4770,1.3531947,1.274247675,1.437607415
"ul:dry (description)",304,1.0719667,1.00934508,1.138542035,1.00628182230101,308.673054397018,0.280922431865828,4770,1.45154555,1.378641765,1.53585773
"ul:dryer",305,3.3196988,3.20359067,3.437615605,1.02354896874768,718.214874062805,0.150296150049358,4052,0.89377915,0.8425772535,0.9501971275
"ul:duck",306,-1.02469645,-1.110297105,-0.937221797,1.00992700410074,197.263540328401,0.486582809224319,4770,0.71363266,0.676713811,0.7508024425
"ul:ear",307,-3.1472916,-3.23925734,-3.05930822,1.00598333450283,303.432647749858,0.678406708595388,4770,1.0107002,0.966821042,1.066835015
"ul:eat",308,-2.17797775,-2.256970705,-2.106255225,1.04977969694472,65.768197354284,0.60356394129979,4770,1.1931029,1.132566525,1.25757704
"ul:egg",309,-2.52563515,-2.606398955,-2.447493045,1.01486714358174,190.92355081916,0.631027253668763,4770,1.1102398,1.05965176,1.16884022
"ul:elephant",310,-1.73127895,-1.79811084,-1.657298245,1.15081786265312,18.2281693886939,0.562683438155136,4770,1.3378573,1.26873553,1.409673305
"ul:empty",311,-1.27096615,-1.362985635,-1.191675175,1.0100527748385,192.340529184044,0.509853249475891,4770,0.752090765,0.7189883445,0.7857944665
"ul:evening",312,1.6312991,1.54966452,1.700217555,1.01313099999905,232.018946785006,0.276159921026653,4052,1.1887115,1.12226572,1.253481465
"ul:everything",313,1.44127815,1.368353735,1.51866189,1.08671256366933,31.0761463968465,0.294422507403751,4052,1.19656545,1.13395799,1.26205168
"ul:eye",314,-3.68289095,-3.79010415,-3.587911585,1.02451867013098,151.242387263957,0.716352201257862,4770,1.0006044,0.943202579,1.05944106
"ul:face",315,-0.50004711,-0.5644222205,-0.439797447,1.09564335398142,28.3786104249421,0.441928721174004,4770,1.3531328,1.29092752,1.42686011
"ul:fall",316,-0.657519905,-0.7425161505,-0.5802873855,1.03886227281525,101.757032203031,0.455555555555556,4770,0.83967762,0.800881485,0.878779092
"ul:farm",317,2.3794178,2.28608424,2.479381115,1.05672397712608,48.2928812398322,0.213721618953603,4052,0.994990725,0.939938769,1.048995965
"ul:farmer",318,3.08835925,2.959139905,3.209292345,1.02114250167806,130.015179723554,0.172260612043435,4052,0.825427085,0.776804102,0.878808645
"ul:fast",319,-0.174794765,-0.2397940285,-0.107881933,1.03549653009907,79.7962054261162,0.407337526205451,4770,1.2204876,1.159514145,1.274245955
"ul:feed",320,0.973416125,0.9103953285,1.054838405,1.02687111214797,179.604533018337,0.294968553459119,4770,1.1180371,1.06264978,1.18440721
"ul:fight",321,0.0749271275,0.0143278211,0.1374931295,1.00548364840293,146.698478223523,0.447433366238894,4052,1.43221425,1.35063473,1.512345995
"ul:find",322,-0.53365752,-0.58346602,-0.4739457085,1.03469628361531,293.120626616806,0.520483711747285,4052,1.6133728,1.52567216,1.696817205
"ul:fine",323,-1.14225735,-1.219723225,-1.069438505,1.04076324468313,258.10815670468,0.50335429769392,4770,1.07619395,1.00726391,1.131592015
"ul:finger",324,-1.36284445,-1.41945622,-1.3000486,1.06237257205577,47.1086650826994,0.529979035639413,4770,1.56776575,1.48651182,1.66505214
"ul:finish",325,2.15128515,2.05660338,2.244583015,1.04429468991814,97.8027523584305,0.20272536687631,4770,0.940635065,0.8783678385,1.002321415
"ul:firefighter",326,0.92976287,0.8581133465,1.00473437,1.05184943269659,163.798704909431,0.35365251727542,4052,1.035745,0.9798305325,1.100077815
"ul:firetruck",327,-0.51652366,-0.5930234515,-0.4199984205,1.02918542703421,81.2906490446504,0.441719077568134,4770,0.95674676,0.9102049855,1.003962135
"ul:first",328,0.41594354,0.34433615,0.48068345,1.04462310693085,66.0487489379755,0.407453109575518,4052,1.3014747,1.230559475,1.376907725
"ul:fish (animal)",329,-3.28871855,-3.37295508,-3.200285555,1.01572453392408,225.27774819913,0.691823899371069,4770,1.12013855,1.059515415,1.17676253
"ul:fish (food)",330,-2.6386254,-2.721673145,-2.567517095,1.09012984619515,30.5924665966926,0.641509433962264,4770,1.1021046,1.04522868,1.170313665
"ul:fit",331,0.31384711,0.232959653,0.3845681215,1.05695847867321,55.5411867395431,0.419792694965449,4052,1.21986805,1.146842275,1.30499505
"ul:flag",332,-0.23974313,-0.304208897,-0.174032193,1.05724683028705,53.4014866781062,0.485439289239882,4052,1.2101224,1.13785573,1.268660125
"ul:flower",333,-2.35722,-2.44335929,-2.2805033,1.08641704724616,45.3553376452453,0.618448637316562,4770,1.1343558,1.07941197,1.19126536
"ul:fly (animal)",334,-1.00539835,-1.08310699,-0.9174606125,1.03198990896661,138.109395533454,0.488469601677149,4770,0.9307583,0.8840965085,0.9750407015
"ul:follow",335,2.4647904,2.389407765,2.546970355,1.04493883769531,89.2975395515693,0.193978282329714,4052,1.3020297,1.22430859,1.377706465
"ul:food",336,-3.166265,-3.25579179,-3.069914455,1.04345899008307,64.5505178557322,0.676939203354298,4770,0.947962595,0.8999646005,0.99629575
"ul:foot",337,-2.31140405,-2.393271825,-2.23103889,1.05452608216734,57.228921972491,0.614465408805031,4770,1.1571099,1.090683215,1.209121785
"ul:for",338,2.4755075,2.393996365,2.55102108,1.036320204702,79.4320587586096,0.195705824284304,4052,1.24734,1.17646699,1.31539099
"ul:forest",339,0.336640685,0.2703956835,0.4051712245,1.11643973547096,24.0454789087015,0.417324777887463,4052,1.32138115,1.24929289,1.401918405
"ul:fork",340,-1.3935891,-1.45370556,-1.333203075,1.03513103391521,105.294763534814,0.532494758909853,4770,1.4824464,1.40314561,1.557906895
"ul:forward",341,2.8042682,2.706366865,2.89833561,1.02212659189248,149.909484448936,0.173741362290227,4052,1.1116976,1.04698804,1.184993305
"ul:french fries",342,2.73896245,2.608742125,2.87658099,1.10131502032002,25.8925236620934,0.212734452122409,4052,0.69012651,0.6495715415,0.7337855265
"ul:frog",343,-0.938875405,-1.012233565,-0.8664433675,1.01660337701967,173.197481681719,0.484276729559748,4770,1.0746391,1.02091313,1.12906801
"ul:from",344,1.97251215,1.90471423,2.05778282,1.0706745228633,42.2649628592541,0.236673247778875,4052,1.4047549,1.31983705,1.49889935
"ul:fruit",345,-0.27339549,-0.342468237,-0.190383075,1.11788989114219,21.9319968798873,0.489634748272458,4052,1.23538275,1.169428775,1.29490687
"ul:full",346,1.11234065,1.036268705,1.187458215,1.04131654819096,76.1950573264352,0.331194471865745,4052,1.17673315,1.12112621,1.240192325
"ul:game",347,0.038435612,-0.0427347872,0.117994912,1.04537894454433,71.0986642412113,0.454343534057256,4052,0.98616628,0.938359452,1.036261385
"ul:garage",348,0.68893182,0.620924695,0.7663101815,1.00574920914646,166.122971469246,0.323689727463312,4770,1.0500838,0.9938803085,1.107073235
"ul:garden",349,0.37739304,0.3120295915,0.4439006605,1.01989093345024,347.510138936439,0.352620545073375,4770,1.17177,1.112522365,1.27593592
"ul:gas station",350,2.46311015,2.368514645,2.55881864,1.02488546418659,121.295461431903,0.206317867719645,4052,1.0221069,0.970443676,1.085428995
"ul:giraffe",351,-0.846747265,-0.905143429,-0.780419019,1.02885306708916,331.986816856102,0.474633123689727,4770,1.12477065,1.074048165,1.17946079
"ul:girl",352,-1.2115697,-1.273234465,-1.1416807,1.05229879074111,70.3482257025569,0.513207547169811,4770,1.3172173,1.25743907,1.389646785
"ul:give",353,0.52457597,0.4618078195,0.594491018,1.01124296609606,193.195999751254,0.336687631027254,4770,1.29108905,1.2254771,1.37350961
"ul:glass",354,-1.377664,-1.451617405,-1.329229165,1.070759972223,36.9381726049856,0.531656184486373,4770,1.4121654,1.34711954,1.481243585
"ul:glasses",355,-1.75568615,-1.82176256,-1.68903459,1.01759357795025,241.841105064389,0.565408805031447,4770,1.25984115,1.198231295,1.32379572
"ul:glove",356,1.433726,1.35068919,1.518977395,1.01245468029299,344.904883884197,0.306515301085884,4052,0.9095752,0.86808644,0.962226982
"ul:glue (object)",357,1.39632595,1.328530325,1.4710795,1.05100641813536,50.9427616784851,0.303060217176703,4052,1.06932925,1.014981365,1.127151785
"ul:go",358,0.56908582,0.5000984855,0.639756134,1.17383157054119,16.744516526261,0.332494758909853,4770,1.30086305,1.22323473,1.368375185
"ul:go potty",359,-1.1033236,-1.208661095,-0.9977560835,1.22019778751072,12.6406006875636,0.577739387956565,4052,0.806802495,0.768715589,0.8507341405
"ul:good night",360,-4.08353935,-4.217242735,-3.95465763,1.060581108432,61.123812704313,0.722851153039832,4770,0.684147855,0.648156387,0.719680223
"ul:goose",361,2.421011,2.281783345,2.562777055,1.04310176555739,104.674577664595,0.211740041928721,4770,0.612041665,0.581354849,0.6515492635
"ul:grapes",362,-2.11761865,-2.19967072,-2.03690807,1.03314711209096,110.710650584311,0.688302073050346,4052,1.03374725,0.979370669,1.087895465
"ul:grass",363,-0.67472671,-0.73618082,-0.6176869285,1.04427124130798,77.7348276095745,0.53751233958539,4052,1.38311975,1.311709205,1.457028275
"ul:great grandma",364,1.6471815,1.51465776,1.77306527,1.01112333845371,215.886273595635,0.273165618448637,4770,0.552000135,0.5260750515,0.581492606
"ul:great grandpa",365,3.16913645,3.00262828,3.342374495,1.01603757518572,216.644378299409,0.176729559748428,4770,0.549068875,0.516461157,0.580351014
"ul:green",366,-0.0553211935,-0.12963312,0.0211055432499999,1.01214750106417,265.218220997879,0.463721618953603,4052,0.99442808,0.947847316,1.04478601
"ul:grrr",367,-2.61332855,-2.79474664,-2.431786255,1.01272591447592,373.095229249203,0.571907756813417,4770,0.30977524,0.292952228,0.328658889
"ul:gum",368,1.87755525,1.755252835,1.99964433,1.15925220865816,17.7343578661782,0.282576505429418,4052,0.677981105,0.638531545,0.725060143
"ul:had",369,1.9465943,1.861507395,2.03953059,1.11412468666489,25.2319944960136,0.249506416584403,4052,1.03903955,0.984460951,1.09787268
"ul:hair",370,-2.42583495,-2.51105176,-2.350431405,1.02867637919198,147.062201502069,0.623899371069182,4770,1.1579906,1.098343655,1.21825696
"ul:hamburger",371,1.99505595,1.88418226,2.087546675,1.02105480912725,175.876504658522,0.259871668311945,4052,0.82706897,0.783476168,0.8769947315
"ul:hammer",372,0.34407996,0.266609151,0.419332382,1.10485889224513,27.5750674855268,0.356813417190776,4770,1.03798155,0.993786917,1.089932315
"ul:hand",373,-1.9191202,-1.990968485,-1.84602696,1.1588938553015,17.7811033138352,0.580503144654088,4770,1.3435398,1.270022585,1.415473255
"ul:happy",374,0.49920055,0.435722778,0.558204435,1.02964313564731,454.886691594909,0.338993710691824,4770,1.35185145,1.287843255,1.42804397
"ul:hard",375,1.14559705,1.06406344,1.214811495,1.0554585167442,47.3442962714578,0.276519916142558,4770,1.263363,1.197566695,1.35694318
"ul:has to",376,3.10374005,3.018119955,3.20564936,1.00940065907067,264.343569714736,0.14634748272458,4052,1.2400968,1.161891825,1.32084983
"ul:hat",377,-3.27985025,-3.361664345,-3.19089446,1.01680541667536,243.171090835751,0.691823899371069,4770,1.1293295,1.070100975,1.206073585
"ul:hate",378,5.4492378,5.226638835,5.70626549,1.00448553919571,417.421990935628,0.0587364264560711,4052,0.79134287,0.723590306,0.860099732
"ul:head",379,-2.19242965,-2.262402575,-2.112822595,1.01551251678747,201.782344301162,0.60314465408805,4770,1.1690988,1.110636785,1.23080561
"ul:hear",380,-0.306241725,-0.3660535635,-0.2435842465,1.03185015410525,319.513993294332,0.493089832181639,4052,1.40101925,1.32296805,1.486482425
"ul:heavy",381,0.19143447,0.1175515405,0.2610048735,1.06382198014921,42.1915676794921,0.435834155972359,4052,1.1740762,1.119007635,1.230313475
"ul:helicopter",382,-0.741838565,-0.804715094,-0.6617910455,1.08011616641628,616.835533103063,0.539980256663376,4052,0.97526034,0.9300066845,1.02463065
"ul:hello",383,-3.74270065,-3.89697917,-3.570075845,1.02072392825139,135.899627117128,0.774432379072063,4052,0.557674715,0.5246149395,0.591086047
"ul:help",384,-1.5467292,-1.60870344,-1.47065429,1.04458136020586,131.861603064615,0.544654088050314,4770,1.28604125,1.22336741,1.3488993
"ul:hen",385,-0.724379305,-0.8051986005,-0.655119454,1.04274320461508,59.0885380859305,0.539733464955578,4052,0.95687226,0.9098831505,1.00926798
"ul:hi",386,-9.3073473,-9.637047585,-8.99888362,1.02033835184678,338.608584369347,0.890146750524109,4770,0.398131165,0.372882213,0.4211062165
"ul:hide",387,0.0692024405,0.002615068985,0.1368708055,1.08849809973112,28.9480965557818,0.449160908193485,4052,1.41024755,1.335239305,1.500440965
"ul:high chair",388,2.01060915,1.909855905,2.11793258,1.17001975112181,16.1036102520177,0.211111111111111,4770,0.960942925,0.8991652565,1.04525847
"ul:hold",389,-0.590853685,-0.6657666775,-0.526625054,1.06516468669412,42.0309943425142,0.526159921026654,4052,1.28848415,1.22286517,1.353732
"ul:horse",390,-3.6063721,-3.705889645,-3.52140636,1.00813904389634,620.264002140781,0.711111111111111,4770,0.99740482,0.942489532,1.04196311
"ul:hose",391,2.353841,2.26594779,2.435668765,1.01193549924348,141.332419921475,0.20705824284304,4052,1.2148944,1.137791,1.31173565
"ul:hot",392,-1.3805122,-1.46470884,-1.310478995,1.07679511500234,34.8072213842869,0.525576519916143,4770,0.976855485,0.9275471725,1.024527295
"ul:hot dog",393,-2.291523,-2.36469181,-2.211917175,1.08414336086452,32.9847036664845,0.710019743336624,4052,1.2107447,1.142166235,1.282693185
"ul:house",394,-1.9688251,-2.05280616,-1.894077295,1.05775831574784,52.6877608650018,0.580503144654088,4770,1.03507645,0.9879115135,1.081138475
"ul:how",395,3.9153613,3.79668996,4.03629505,1.01928976873896,343.418658940191,0.0849056603773585,4770,1.1543223,1.073867425,1.240176455
"ul:hug",396,-0.18837439,-0.2632178195,-0.1165183115,1.07372527629176,34.2485427482277,0.409224318658281,4770,1.0957523,1.044647065,1.14666382
"ul:hungry",397,-0.480693055,-0.5443300205,-0.415094288,1.02077482451287,451.35746916939,0.438574423480084,4770,1.2525299,1.19090555,1.314900615
"ul:hurt (action)",398,-0.041640627,-0.1011799105,0.01859481575,1.03474315162036,102.010447039869,0.461747285291214,4052,1.40183055,1.333726545,1.471311295
"ul:hurt (description)",399,-1.1092054,-1.185031595,-1.035784225,1.03763313258097,610.483225651772,0.49853249475891,4770,0.9323219,0.8839933735,0.977128444
"ul:ice cream",400,-4.21847835,-4.33486066,-4.10529896,1.01398688136681,151.830138923247,0.740041928721174,4770,0.793402825,0.755135783,0.833410554
"ul:in",401,0.116832535,0.03042061645,0.1972979475,1.1610095966629,16.9201754026876,0.378616352201258,4770,1.0189034,0.9684832795,1.080265235
"ul:in front",402,1.6222387,1.54833136,1.71165381,1.16972874451398,16.3992421563738,0.274679170779862,4052,1.2032199,1.139169195,1.27233007
"ul:instead of",403,4.45090305,4.30900839,4.60430491,1.03289808484597,158.970275466301,0.0757650542941757,4052,1.11730215,1.02456423,1.207512445
"ul:is",404,0.560160075,0.4742240105,0.643741478,1.07125633302616,37.358536402346,0.39461994076999,4052,0.976097145,0.9219655075,1.02669131
"ul:it",405,0.10837721,0.00203734157500001,0.19764114,1.03516398986979,75.1955158297314,0.451628825271471,4052,0.63894922,0.606176552,0.674756247
"ul:jacket",406,-2.9348928,-3.0146978,-2.842273575,1.04459650230626,93.3833602847479,0.666876310272537,4770,1.1847746,1.12533236,1.24838627
"ul:jam",407,-0.67494754,-0.7576791215,-0.602848076,1.03891633717882,59.0264894379486,0.5357847976308,4052,1.13922835,1.077677885,1.20292461
"ul:jar",408,3.99033565,3.85260408,4.14782948,1.06281416567847,60.3939554150312,0.104392892398815,4052,0.990096715,0.91687294,1.06197686
"ul:jump",409,-2.41143465,-2.49495458,-2.326675035,1.07263349136477,53.6023700491782,0.618029350104822,4770,1.01129425,0.9523992225,1.0712077
"ul:key",410,-1.18838235,-1.2401511,-1.121119485,1.03027228850787,233.409060443496,0.510272536687631,4770,1.34883285,1.283668995,1.414812095
"ul:kick",411,-0.058727231,-0.1161945695,0.00505437128999999,1.02747879300385,109.463789818972,0.394758909853249,4770,1.38320435,1.304484395,1.450157465
"ul:kiss",412,-0.11157984,-0.1930886635,-0.0102385806700001,1.19973503601355,13.8068617479417,0.40146750524109,4770,0.841759055,0.806156168,0.888954986
"ul:kitchen",413,-0.68331648,-0.7455782485,-0.6282623185,1.01227677430888,145.152293881072,0.461006289308176,4770,1.64674165,1.55215418,1.748707235
"ul:kitty",414,1.85159195,1.750439655,1.94992545,1.04380284526222,69.567987812166,0.229979035639413,4770,0.856741825,0.81537608,0.905305205
"ul:knee",415,-0.3907919,-0.4686632935,-0.31959508,1.1131265752208,22.346776925731,0.430188679245283,4770,1.16005285,1.10788628,1.21367859
"ul:knife",416,-1.3096414,-1.37630063,-1.25171165,1.10675292090547,26.2843762777262,0.525157232704403,4770,1.508081,1.430165795,1.58160905
"ul:ladder",417,1.13659225,1.05507425,1.22885725,1.18214263139154,14.8916795995423,0.330700888450148,4052,1.1092666,1.030277215,1.17341662
"ul:lady",418,-1.57989025,-1.65621588,-1.51143275,1.02715232255483,128.801961171565,0.546121593291405,4770,1.08609115,1.036496735,1.138088185
"ul:lamb",419,-0.109619025,-0.2022892605,-0.0234240954000001,1.03949154440089,90.1402188627586,0.406079664570231,4770,0.70105279,0.668309956,0.7365277885
"ul:lamp",420,-0.602501365,-0.6810320805,-0.534590747,1.08123389903563,32.1130223382224,0.451362683438155,4770,0.99197212,0.946204103,1.04198823
"ul:last",421,2.3143991,2.234340335,2.40129197,1.01983370165155,179.152748249669,0.209279368213228,4052,1.2340325,1.16604597,1.315391515
"ul:late",422,2.9017371,2.816943585,2.995873125,1.05716644735842,51.4805198508348,0.158687068114511,4052,1.3145668,1.228024615,1.402423665
"ul:later",423,1.89393065,1.803740065,1.99527002,1.1864451596364,14.5161785239776,0.218029350104822,4770,1.00588815,0.951834762,1.068426305
"ul:lawn mower",424,1.81512785,1.733265075,1.89426295,1.0306211307853,557.126741404242,0.263820335636723,4052,1.0396558,0.9807163385,1.093845325
"ul:leg",425,-0.849291985,-0.908660634,-0.77372566,1.02159457829044,136.722351191574,0.474004192872117,4770,1.04394795,0.9976281145,1.098249
"ul:let",426,2.95278005,2.845599495,3.062069465,1.05362631481738,48.7129636574302,0.166337611056269,4052,1.0329927,0.9686675315,1.118597325
"ul:lick",427,1.22815565,1.154894575,1.30401016,1.10731822770817,24.1575629480046,0.315646594274432,4052,1.24991575,1.17522275,1.32726547
"ul:light (object)",428,-4.23515665,-4.37438373,-4.084358505,1.13564050060281,19.5617662216903,0.730188679245283,4770,0.66310143,0.6269049585,0.7055784795
"ul:like",429,0.463664835,0.4010324165,0.5170464445,1.02844259208878,209.532886344249,0.399555774925963,4052,1.6618305,1.571818335,1.7590859
"ul:lion",430,-1.3900138,-1.46233775,-1.329140345,1.01971899259117,213.950398077312,0.529559748427673,4770,1.1772937,1.124842665,1.23944384
"ul:lip",431,1.1853235,1.08636537,1.266336155,1.04399908255216,81.6691829387088,0.327986179664363,4052,0.99086551,0.93339452,1.03552426
"ul:listen",432,2.6375545,2.54471511,2.72447291,1.02954722261453,138.361325687896,0.187068114511352,4052,1.1214919,1.056664795,1.190926555
"ul:little (amount)",433,0.21326781,0.148359025,0.285310922,1.07872922968249,36.7188048289135,0.432379072063179,4052,1.24164765,1.180816105,1.31039428
"ul:little (description)",434,-0.449877955,-0.509548895,-0.394968193,1.03080425867736,438.044131114332,0.436268343815514,4770,1.4566687,1.382800865,1.53543815
"ul:living room",435,-0.51623658,-0.578213108,-0.461068922,1.02400251807881,270.206881610551,0.442976939203354,4770,1.4701421,1.40024023,1.54074826
"ul:long",436,1.3228492,1.249547625,1.39174009,1.02624609518129,100.484289047099,0.303060217176703,4052,1.42491845,1.3372657,1.501130875
"ul:look",437,-0.382501965,-0.4701064895,-0.2946336,1.1001640621079,24.3969240966168,0.429769392033543,4770,0.926739725,0.8828881955,0.9807693215
"ul:lose",438,-0.48107108,-0.551967694,-0.425887108,1.08952568451764,29.1104189908045,0.514807502467917,4052,1.3113985,1.244657125,1.38317738
"ul:lunch",439,1.34024935,1.25379421,1.42295503,1.01425180543579,137.072019591815,0.267714884696017,4770,0.96263926,0.9143432885,1.022299785
"ul:lunchbox",440,0.942981155,0.8693368875,1.028721255,1.01310415422434,221.910803876631,0.355873642645607,4052,0.91133689,0.8715560745,0.959789719
"ul:man",441,-2.3982225,-2.49200492,-2.314424115,1.01300853110893,178.711500666303,0.613626834381551,4770,0.92010149,0.869268675,0.967551305
"ul:many",442,-0.13368482,-0.2027954265,-0.06124433015,1.03241418040004,315.484524459302,0.472606120434353,4052,1.04349055,0.9863051655,1.09159924
"ul:meat",443,0.0550453215,-0.01049130225,0.117950356,1.0095320857219,401.108996696904,0.384905660377359,4770,1.137373,1.08181336,1.192911805
"ul:meatball",444,0.44867539,0.3734925375,0.5111580835,1.02903659930716,100.1368894627,0.405972359328727,4052,1.1328438,1.07941284,1.19019727
"ul:medicine",445,0.793750635,0.715236986,0.871711341,1.0589079365234,47.1340162345635,0.317190775681342,4770,0.92488813,0.876132035,0.9722037615
"ul:melon",446,0.52574925,0.4616580345,0.612169934,1.04939255979402,72.9221662026936,0.400789733464956,4052,0.870765395,0.8286782825,0.9138111355
"ul:meow",447,-5.1993546,-5.378570975,-5.028509605,1.02856911115799,96.7154695017597,0.764779874213837,4770,0.520894125,0.49159408,0.551390947
"ul:milk",448,-3.60573905,-3.71292816,-3.50426387,1.06012257384493,49.4936740818074,0.708805031446541,4770,0.944378765,0.898143686,0.993866776
"ul:mitten",449,-1.74799795,-1.82053825,-1.67353447,1.0227573856044,488.816521716228,0.560377358490566,4770,1.0495372,0.9991974285,1.100000885
"ul:moist",450,2.08202635,1.98379552,2.179013955,1.01591620853344,263.309957024842,0.254442250740375,4052,0.796008965,0.7538393625,0.8379719915
"ul:mommy",451,-10.8006115,-11.2482476,-10.41666845,1.05367071617639,47.9789789342034,0.920964360587002,4770,0.389248635,0.362503729,0.4145184105
"ul:money",452,-0.31993355,-0.3871054495,-0.255948215,1.01332274671923,143.428751794513,0.422222222222222,4770,1.2372193,1.17815886,1.30123062
"ul:monkey",453,-1.7790087,-1.854290075,-1.71693107,1.03229902434123,138.468866234985,0.564570230607966,4770,1.06378455,1.011304385,1.123866025
"ul:moo",454,-6.2603999,-6.42683821,-6.076597875,1.02898810202347,430.934232828318,0.817190775681342,4770,0.537419075,0.508879123,0.5666248845
"ul:moon",455,-1.7150261,-1.79811095,-1.62164441,1.18080894190905,15.2269349922594,0.552410901467505,4770,0.89718705,0.8473475135,0.9456327575
"ul:moose",456,0.769292455,0.6539178095,0.878292451,1.22372973670928,12.4366251024277,0.325157232704402,4770,0.7484765,0.7099238835,0.7877685285
"ul:more",457,-2.9442859,-3.08294394,-2.80348307,1.03957815212271,76.375281286591,0.620545073375262,4770,0.476526405,0.4550946425,0.501038131
"ul:mosquito",458,2.26510495,2.17021148,2.374971375,1.03767101599618,72.9700503946944,0.233464955577493,4052,0.851918395,0.809430644,0.9031406665
"ul:motorcycle",459,-0.532755405,-0.604533759,-0.469280378,1.01440624436656,280.639688409515,0.443815513626834,4770,1.00363775,0.9511415825,1.055723485
"ul:mountain",460,0.622355605,0.548513971,0.7036088575,1.17360868151217,17.2716193768195,0.383514313919052,4052,1.19622435,1.132993095,1.275443755
"ul:mouse",461,-2.02272195,-2.097286215,-1.92870208,1.10499654871116,24.9140784266649,0.585324947589099,4770,1.0594517,1.005039555,1.11566513
"ul:mouth",462,-3.02177055,-3.104432695,-2.93237648,1.01964125671938,110.44247522597,0.671278825995807,4770,1.0994047,1.03972099,1.17044343
"ul:movie",463,3.38729215,3.27449753,3.497068185,1.00875414887831,606.222180188621,0.14461994076999,4052,0.915847135,0.859101102,0.9809028645
"ul:mug",464,3.00064445,2.87579301,3.1290981,1.04104333286304,87.6090247790705,0.176456071076012,4052,0.84356932,0.7930578405,0.8986513035
"ul:must",465,1.1050139,1.033075785,1.17377183,1.08273461286446,30.3952836784719,0.329960513326752,4052,1.2276417,1.159075425,1.297619175
"ul:nap",466,0.488079705,0.3918489155,0.5891470395,1.23260745007795,12.2567083119584,0.346331236897275,4770,0.822738505,0.786404872,0.865394985
"ul:napkin",467,1.56847685,1.48995806,1.64583441,1.1044758366815,25.5207233551255,0.281589338598223,4052,1.20188135,1.13647727,1.26556454
"ul:naughty",468,1.58704785,1.504616445,1.675337575,1.14130842133896,18.2126849181621,0.242348008385744,4770,1.07160745,1.00040197,1.13700349
"ul:necklace",469,1.9660327,1.83366906,2.093832635,1.07023495956978,39.2139578849837,0.241928721174004,4770,0.617828015,0.5872866645,0.649193652
"ul:new",470,0.082710639,0.000889995846000001,0.1567589425,1.01155004899595,121.238018746218,0.44817374136229,4052,1.1195787,1.061098825,1.17100929
"ul:nice",471,-0.0685236635,-0.1408023135,0.000883852882999995,1.00619434530117,206.388921448346,0.39685534591195,4770,1.2278391,1.16849381,1.288098835
"ul:night",472,-0.347289485,-0.429596679,-0.2728736175,1.13002951125673,19.9640418838006,0.426624737945493,4770,0.962255235,0.9145312465,1.005702505
"ul:no",473,-8.66290125,-8.89568658,-8.39183327,1.12389457734319,22.1826917535487,0.89811320754717,4770,0.546709195,0.518878253,0.5844997465
"ul:noisy",474,1.02013565,0.9473699435,1.09412207,1.04055098938502,190.926293905573,0.342300098716683,4052,1.0993429,1.05106916,1.15819987
"ul:none",475,0.67325003,0.6056245525,0.7488687495,1.01945200847924,293.286876756323,0.324737945492662,4770,1.0705924,1.016331065,1.129466585
"ul:nose",476,-3.6295667,-3.728647325,-3.52915046,1.05707527877762,51.4314922570783,0.711740041928721,4770,0.986628845,0.937045983,1.044998505
"ul:not",477,-1.90811835,-1.995856515,-1.805214095,1.12089540794067,25.6490999531146,0.568134171907757,4770,0.824127805,0.78343178,0.867230944
"ul:nothing",478,0.860366955,0.785078544,0.929867567,1.02376003082421,157.640172961567,0.306289308176101,4770,1.1467402,1.08793303,1.20313531
"ul:now",479,0.107080855,0.03332772695,0.184755748,1.01993970716206,166.527021758411,0.381132075471698,4770,0.990795925,0.943486598,1.038291765
"ul:nurse",480,4.2996067,4.142780585,4.44875037,1.02454680806571,140.297717004909,0.0950148075024679,4052,0.90125243,0.8393407765,0.9669795925
"ul:nut",481,2.052913,1.971670055,2.13350213,1.0204771366284,575.539801280416,0.241855873642646,4052,1.0206583,0.9667929185,1.074081045
"ul:of",482,1.137092,1.05135625,1.232154305,1.03091357202486,257.388685323019,0.294339622641509,4770,0.76201044,0.7253416905,0.796804782
"ul:old",483,1.1575024,1.09134774,1.22709132,1.01415918800657,237.025343010919,0.274633123689727,4770,1.31016165,1.2437946,1.38410278
"ul:on",484,-0.14700019,-0.2245967355,-0.06853855775,1.01563425011045,213.912264707606,0.405241090146751,4770,1.0242333,0.97820563,1.07051995
"ul:open (action)",485,-1.46857385,-1.54607019,-1.384739355,1.12462739541071,22.2270814007096,0.535429769392034,4770,1.06396765,1.01869109,1.124249895
"ul:or",486,2.4275416,2.348175115,2.52003316,1.0373222885749,81.7552952412086,0.202369200394867,4052,1.14424215,1.072859715,1.21743035
"ul:orange (description)",487,1.53479585,1.43968831,1.630369095,1.05194318294442,53.5101599075622,0.298617966436328,4052,0.85460863,0.812994249,0.897290073
"ul:orange (food)",488,-2.08396105,-2.162467125,-2.014273805,1.06367464237254,41.6666575927772,0.593501048218029,4770,1.1304834,1.068660615,1.19087801
"ul:other",489,2.2746353,2.179737355,2.37065803,1.08303780880622,32.4311640222449,0.225814412635735,4052,0.95803465,0.9008867645,1.016574445
"ul:ouch",490,-6.8338202,-7.02753144,-6.66346239,1.01351242265069,418.379814147707,0.846331236897275,4770,0.581273205,0.550342824,0.6158763795
"ul:out",491,-2.685168,-2.793704105,-2.59008104,1.01492469914644,168.530740888853,0.629769392033543,4770,0.757984205,0.7210210885,0.7950606615
"ul:oven",492,0.0668137935,0.003227200115,0.1376515215,1.04992763687122,59.8295202278969,0.383018867924528,4770,1.15973055,1.105403545,1.213314725
"ul:over",493,1.6233142,1.55292264,1.693863435,1.01206645260844,229.633842339597,0.272704837117473,4052,1.3331209,1.258352725,1.40837224
"ul:owl",494,0.198400235,0.108423816,0.282318733,1.08457299171962,30.9271164735749,0.374004192872117,4770,0.848511555,0.809265086,0.891186535
"ul:pacifier",495,-3.11225485,-3.221971085,-3.011447225,1.00572639191042,443.144629443274,0.654088050314465,4770,0.64926071,0.622457728,0.683558021
"ul:paint (action)",496,-0.36839616,-0.44372902,-0.2840993215,1.16128596153825,16.394855787954,0.5,4052,1.1616345,1.095890405,1.218518625
"ul:pajamas",497,-1.778586,-1.865152695,-1.701605465,1.03345360464431,132.248434549319,0.559748427672956,4770,0.89866142,0.859433915,0.944884701
"ul:pants",498,-2.96215985,-3.047214835,-2.889953685,1.03914815830797,108.345982159984,0.671069182389937,4770,1.25698865,1.191357425,1.330363305
"ul:paper",499,-1.2352921,-1.29711536,-1.163909805,1.0335960451494,99.0477949073216,0.513836477987421,4770,1.2451469,1.180490795,1.30375861
"ul:paper towel",500,4.1620619,4.019085905,4.327197785,1.01759207633184,300.919455775878,0.0989634748272458,4052,0.931523145,0.864596494,0.995519923
"ul:park",501,2.7573529,2.6521552,2.86328747,1.01737600317847,289.008870423328,0.160796645702306,4770,0.924358785,0.8672259305,0.975324344
"ul:party",502,1.87784385,1.804077285,1.978845835,1.05470472813855,54.7249240480434,0.222431865828092,4770,0.94675348,0.898920103,0.995024048
"ul:pat",503,-1.30662665,-1.37298884,-1.233550605,1.05505651519647,47.5697865247841,0.604886475814413,4052,1.10163325,1.045124045,1.154153455
"ul:pattycake",504,-1.02162615,-1.122169875,-0.909225166,1.04189239587552,488.457240655467,0.481970649895178,4770,0.523437425,0.490491391,0.5473945145
"ul:pavement",505,2.7130298,2.62408927,2.821139905,1.03054324109251,103.750325717092,0.183366238894373,4052,1.07430615,0.9998079425,1.15100986
"ul:peas",506,1.1386612,1.03973444,1.23140804,1.01651367944577,195.703488520334,0.344274432379072,4052,0.766916785,0.72799121,0.805160041
"ul:peekaboo",507,-6.24512075,-6.501345635,-6.016707515,1.03217150259043,72.5211228091472,0.785324947589099,4770,0.39365296,0.3747125305,0.4134512415
"ul:pen",508,0.643922285,0.540795565,0.7368721155,1.19171265561114,14.1716544927138,0.389437314906219,4052,0.82944822,0.790228181,0.8723548385
"ul:penguin",509,0.72667517,0.628238918,0.822399262,1.15614878141471,17.6735843954017,0.325995807127883,4770,0.82796959,0.783668117,0.879326138
"ul:penis",510,-3.19281895,-3.311147515,-3.081553215,1.02172392415603,170.539658337378,0.664989517819706,4770,0.710717165,0.6768767885,0.7439516235
"ul:people",511,2.6611031,2.57217174,2.755956595,1.02363015161205,741.518606418389,0.188795656465943,4052,1.03445425,0.979159174,1.104933435
"ul:person",512,2.5926262,2.499235375,2.69122034,1.13978501857242,19.1594270531018,0.159538784067086,4770,1.1745982,1.1004669,1.248623785
"ul:pet's name",513,-0.760921345,-0.915321919,-0.648556407,1.05620838978998,228.727798248593,0.52862783810464,4052,0.42028038,0.3973177195,0.4442058485
"ul:picture",514,-1.9047406,-1.998691465,-1.833839495,1.07427621816669,43.5005660184609,0.576729559748428,4770,1.1047064,1.045550025,1.16320586
"ul:pig",515,-2.98772995,-3.096632025,-2.898369185,1.05572926484164,50.2662963235431,0.663522012578616,4770,0.932721395,0.8814140875,0.984066785
"ul:pillow",516,-1.8637637,-1.932043785,-1.781812515,1.10844348604258,23.7952296455707,0.573375262054507,4770,1.1930092,1.142583895,1.25403444
"ul:pizza",517,-1.79547845,-1.873799405,-1.721513585,1.01399534650212,227.66524906037,0.563941299790356,4770,1.0029835,0.956616164,1.04889338
"ul:place",518,0.40958081,0.3443539415,0.4891157605,1.02364301675534,197.276923216945,0.409921026653504,4052,1.09942255,1.051941455,1.15608503
"ul:plant",519,1.72566235,1.634638585,1.82737803,1.13647459395502,19.6881676340258,0.240461215932914,4770,0.849432835,0.8026511775,0.892495846
"ul:play dough",520,2.8785826,2.72550531,3.02180607,1.03467715862982,102.876324598502,0.201382033563672,4052,0.69624365,0.652349143,0.7344845795
"ul:play pen",521,3.8903251,3.736453785,4.051731435,1.02812215670002,138.54375532714,0.1,4770,0.876553675,0.8161540105,0.939522387
"ul:playground",522,0.651979055,0.582488311,0.7272006805,1.05697702119528,49.1005665570727,0.382033563672261,4052,1.13552255,1.07231788,1.212200405
"ul:please",523,0.749979025,0.667655221,0.819840986,1.03248349591425,104.606237267325,0.320754716981132,4770,0.984001155,0.9334990125,1.03042081
"ul:police",524,0.910165905,0.837026452,0.9913675795,1.03118793583253,198.728838678729,0.354392892398815,4052,1.09155175,1.014318225,1.153677075
"ul:pony",525,3.20264075,3.074177145,3.34501762,1.02956515383456,103.093085137266,0.170533070088845,4052,0.766418345,0.7233004475,0.81873076
"ul:poor thing",526,1.06920215,0.9952519065,1.159387115,1.02174061423904,241.907240859838,0.345014807502468,4052,0.85369256,0.8117372855,0.899941372
"ul:popcorn",527,2.5048865,2.389063115,2.630225855,1.04221620190155,81.7115669474548,0.222359328726555,4052,0.762464885,0.72108912,0.8099041425
"ul:porridge",528,-1.59842455,-1.670349435,-1.504961915,1.11963151477344,23.6582592018303,0.637216189536032,4052,1.09962895,1.039766375,1.15867563
"ul:postman",529,2.665896,2.54405376,2.78736169,1.05448038718014,51.5208487917135,0.198667324777887,4052,0.888009675,0.835543656,0.938979534
"ul:potato",530,-0.9365257,-0.991515883,-0.875751405,1.01134497543965,245.389809349588,0.567620927936821,4052,1.4048697,1.333015975,1.48554462
"ul:potty",531,-0.427451755,-0.5315008275,-0.343076786,1.09604051478528,27.8078801225661,0.435010482180293,4770,0.713626675,0.679459473,0.7464713085
"ul:pour",532,1.1744624,1.091648985,1.26195234,1.15961462496575,17.0895834653902,0.329466929911155,4052,1.0120824,0.92458659,1.07548988
"ul:present",533,-0.0664714565,-0.144913895,0.02218447965,1.02491356998385,369.531777324525,0.465942744323791,4052,0.766170355,0.727340305,0.8103020705
"ul:pretend",534,2.8231813,2.731760745,2.92092699,1.06131276826791,48.9678585818983,0.170039486673248,4052,1.1719498,1.102912755,1.249023545
"ul:pretty",535,2.2145239,2.10924451,2.330175635,1.11190223710973,23.4922188848465,0.19937106918239,4770,0.924513725,0.875802114,0.9814625535
"ul:puppy",536,2.70127885,2.595223705,2.822939795,1.03477532032866,102.017934190764,0.171488469601677,4770,0.816751925,0.7764767505,0.861016422
"ul:push",537,-0.47219194,-0.5415893875,-0.4164270435,1.05004204491259,63.9428591527924,0.438784067085954,4770,1.26200285,1.200540065,1.3408744
"ul:puzzle",538,-0.616295805,-0.682155563,-0.5497663745,1.0680848489403,1144.28455842766,0.529121421520237,4052,1.22903565,1.166315765,1.284993655
"ul:quack quack",539,-5.16593945,-5.33857974,-4.970553005,1.03649828174948,74.3411927581365,0.745073375262055,4770,0.43155336,0.4098450665,0.457308804
"ul:quiet",540,0.702386785,0.6402647225,0.7661604945,1.02370988416885,347.469617174779,0.374383020730503,4052,1.2837842,1.21650007,1.35099832
"ul:quit",541,0.35752764,0.289405469,0.4192050765,1.03292300691683,157.502314606505,0.415597235932873,4052,1.2206703,1.16079081,1.28763262
"ul:radio",542,1.13764435,1.04689096,1.211871475,1.04369643184116,72.4587548746048,0.283857442348008,4770,1.0327476,0.9771638505,1.082045755
"ul:rain",543,-1.05141805,-1.1028593,-0.985702803,1.0555935256863,159.719050872706,0.49769392033543,4770,1.54196865,1.438689925,1.63418939
"ul:raisin",544,-1.3428548,-1.42543089,-1.27735229,1.04028141764516,75.1381479113771,0.522222222222222,4770,0.986054435,0.936120378,1.03300248
"ul:read",545,-1.92033805,-1.99246608,-1.85476674,1.01480547310626,299.155162403314,0.579454926624738,4770,1.17304375,1.108629935,1.242544195
"ul:red",546,-0.158085405,-0.2310195605,-0.08346141005,1.02281405929225,172.001387671639,0.406708595387841,4770,0.994679315,0.949921626,1.04437479
"ul:refrigerator",547,-0.057779988,-0.1077418895,-0.00549978428500001,1.0312012415561,627.888363158012,0.394758909853249,4770,1.7393586,1.652750335,1.849452015
"ul:remember",548,-0.720461995,-0.801241736,-0.633117096,1.06233123086268,43.3120171482459,0.460377358490566,4770,0.90055127,0.8533337395,0.944607222
"ul:repair",549,0.89543411,0.8260517655,0.962766502,1.01428203154346,274.058995343667,0.353899308983218,4052,1.18784475,1.125159645,1.255082655
"ul:rice",550,-0.73180598,-0.817419646,-0.6446954895,1.17014100408771,16.5736684933761,0.540967423494571,4052,0.9528821,0.904236709,1.006396905
"ul:ride",551,1.6795202,1.580398695,1.772843835,1.10707356934363,24.9945169345218,0.241509433962264,4770,0.895533235,0.8454851915,0.952624176
"ul:ring around the rosie",552,0.0848584935,-0.00992596497,0.174056124,1.19151771613398,14.0370846880793,0.449654491609082,4052,0.918413525,0.878372208,0.965174413
"ul:road",553,-0.303261225,-0.356168912,-0.247914004,1.04312740280587,174.371549590773,0.493336623889437,4052,1.6415138,1.551062365,1.73184565
"ul:rock (object)",554,-1.22824625,-1.292342115,-1.156758315,1.04223712165162,73.3979834520203,0.512997903563941,4770,1.2321662,1.169375465,1.289437525
"ul:rocking chair",555,3.4730608,3.34139563,3.606721925,1.02192098685273,163.175186841585,0.121383647798742,4770,0.876415445,0.817608989,0.936035228
"ul:roof",556,-0.275732885,-0.340284579,-0.212834837,1.024655342074,278.037499442693,0.489634748272458,4052,1.33005305,1.260434195,1.40099893
"ul:room",557,-0.022723366,-0.09152218145,0.03790825395,1.06563608975713,37.8474427569918,0.460266535044422,4052,1.36856355,1.2994755,1.443569065
"ul:rooster",558,0.023545199,-0.04875916425,0.1173524145,1.02185936782724,239.250822796468,0.455824284304047,4052,0.77877199,0.733672579,0.82300908
"ul:run",559,-0.917921395,-0.988172097,-0.8630404085,1.02999277698156,84.8277045805083,0.484276729559748,4770,1.3645353,1.296321855,1.43019201
"ul:salami",560,1.76732745,1.677257315,1.87405707,1.06304644581718,41.5209830017572,0.277147087857848,4052,0.855305515,0.8030590435,0.903535781
"ul:salt",561,1.3764636,1.29724462,1.488302385,1.14293785464511,18.4208903661628,0.307502467917078,4052,1.0298642,0.973380881,1.08337407
"ul:same",562,1.6891088,1.610571975,1.77355683,1.01924175977822,234.657429152949,0.235429769392034,4770,1.00816455,0.954186263,1.057708705
"ul:sandal",563,0.749251785,0.670356378,0.8336930265,1.04888985616887,68.429757819247,0.375370187561698,4052,0.93231725,0.8878342195,0.97747633
"ul:sandbox",564,-0.196447275,-0.252102043,-0.135499718,1.0345909166463,107.682397425402,0.479269496544916,4052,1.58374145,1.504153695,1.674447145
"ul:sandwich",565,-2.42786725,-2.51584301,-2.342716245,1.0097265674574,415.376655948548,0.7142152023692,4052,0.95938156,0.908046924,1.01030933
"ul:sauce",566,-0.0011989225,-0.0734057319,0.070081028,1.0164832178082,203.464367898263,0.457551826258638,4052,1.1113365,1.05533094,1.16760722
"ul:say",567,0.240134905,0.1715902805,0.305801359,1.03347082721788,120.674669935943,0.365828092243187,4770,1.1877867,1.118340155,1.23829929
"ul:scared",568,0.759650185,0.696296516,0.820832957,1.0497614695423,59.0941065742299,0.313836477987421,4770,1.28869625,1.215703355,1.368619215
"ul:scarf",569,0.46591436,0.3820150805,0.548093949,1.07501768195817,36.1558459517915,0.407453109575518,4052,0.95055478,0.9018620375,0.999543293
"ul:school",570,0.76663107,0.69311021,0.8453180685,1.01169686181242,260.004596547729,0.317400419287212,4770,1.01189435,0.964112457,1.06292862
"ul:scissors",571,-0.545339875,-0.602960218,-0.4803571925,1.02949079965638,367.035977445715,0.445073375262054,4770,1.30056495,1.242940475,1.370067335
"ul:see",572,-4.7125649,-4.8707016,-4.564776835,1.01311898990231,245.782362868228,0.735849056603774,4770,0.50120154,0.4743445575,0.5259679255
"ul:shake",573,1.12394575,1.04933452,1.19656068,1.14109061491692,19.0601294393602,0.328726554787759,4052,1.25831495,1.18792505,1.322596855
"ul:share",574,0.10293725,0.0340555105,0.1653287935,1.05725807389841,47.5642567539229,0.444965449160908,4052,1.270666,1.204459545,1.339185995
"ul:sheep",575,-2.06925765,-2.1472788,-1.98748309,1.01793493847168,508.156796138839,0.585953878406709,4770,0.923120405,0.876271173,0.9663480105
"ul:shh",576,-4.19536325,-4.34660407,-4.059200775,1.04929488207726,75.1780745518033,0.712788259958071,4770,0.54296336,0.515113811,0.5723104715
"ul:shirt",577,1.13871905,1.053027835,1.21651639,1.051465462049,56.4320066207258,0.333662388943732,4052,0.971544275,0.9094534425,1.02387042
"ul:shoe",578,-4.57815075,-4.686153555,-4.460674605,1.0505254504059,68.2215788857979,0.769811320754717,4770,0.955006085,0.904210324,1.00548347
"ul:shopping",579,0.74963165,0.684569024,0.8120209815,1.02867464926674,491.263294913674,0.369200394866732,4052,1.27818265,1.21370222,1.345458175
"ul:shorts",580,1.16333145,1.086806185,1.250427345,1.07767889088342,35.8359964056467,0.281970649895178,4770,0.959929225,0.9074519505,1.0061754
"ul:shoulder",581,1.77583985,1.67943643,1.8762406,1.12185806148724,21.106097524934,0.268262586377098,4052,0.999309445,0.93873805,1.062894755
"ul:shovel",582,-1.7017109,-1.774783935,-1.633041025,1.06210192928117,51.3613224839841,0.559329140461216,4770,1.1707304,1.1144986,1.22817577
"ul:show",583,0.68888505,0.625420827,0.7535347975,1.03460545148772,110.928933461349,0.318867924528302,4770,1.37197365,1.302968145,1.44031991
"ul:shower",584,-2.6681593,-2.7637586,-2.568384935,1.09832360818204,30.1343395528089,0.73395853899309,4052,0.940737365,0.8905941995,0.9995581445
"ul:sick",585,0.37776766,0.3177361045,0.43464181,1.02140815652084,406.494077174163,0.351572327044025,4770,1.3188463,1.24642902,1.39184514
"ul:sing",586,-1.1911106,-1.254567475,-1.13759554,1.03854391021843,77.7577439522582,0.512578616352201,4770,1.4387834,1.36442153,1.510287365
"ul:sink",587,-0.33150953,-0.396369263,-0.271232892,1.08158735749887,30.9358569315515,0.424528301886792,4770,1.35565265,1.294275435,1.429193995
"ul:sister",588,0.91000475,0.797554975,1.037148385,1.03013622639233,279.084593253208,0.330188679245283,4770,0.53024053,0.50405396,0.5591309415
"ul:sit",589,-2.6119852,-2.712104565,-2.50059767,1.01493789554686,212.821632687028,0.71964461994077,4052,0.79162573,0.750441531,0.8334726825
"ul:sky",590,0.0650111285,0.006635361565,0.130911128,1.01874631628198,430.360298848259,0.382599580712788,4770,1.3083939,1.231204845,1.383983615
"ul:sleep",591,-2.29791965,-2.36541284,-2.220890735,1.01445652796249,245.98300466463,0.613626834381551,4770,1.21629605,1.1596508,1.28657847
"ul:sleepy",592,4.35943735,4.187725075,4.570621605,1.04782262919962,55.9851724750094,0.110069101678184,4052,0.710646855,0.6594831215,0.757033542
"ul:slide (object)",593,-1.2145196,-1.304118375,-1.1436171,1.07247415697176,65.4950358983633,0.510272536687631,4770,1.0034339,0.954886586,1.05146127
"ul:slipper",594,-0.18662912,-0.2648611645,-0.109554201,1.08754290639387,29.226804241919,0.479763079960513,4052,0.98165296,0.9320833165,1.04275271
"ul:smile",595,0.323571765,0.256362853,0.389211497,1.10529585658195,23.5326445902032,0.357651991614256,4770,1.2581759,1.20155748,1.33545047
"ul:sneaker",596,1.13123855,1.03634595,1.217493085,1.12810153062332,24.288091316063,0.33563672260612,4052,0.95747125,0.9057552795,1.0100628
"ul:snow",597,-1.7991969,-1.874571125,-1.721987185,1.0528016406413,70.8960873424603,0.564360587002096,4770,1.02258285,0.970751249,1.07410791
"ul:snowman",598,0.25380117,0.184455485,0.326647773,1.06268144498829,56.3148556444929,0.428183613030602,4052,1.1762766,1.11360854,1.247942385
"ul:so",599,2.53883015,2.443637775,2.640155945,1.02967523188367,113.197979633912,0.203356367226061,4052,0.95700552,0.9005336685,1.01463466
"ul:so big",600,-2.0244722,-2.15644166,-1.900711645,1.0206170768473,327.681092328034,0.6428923988154,4052,0.54647838,0.518001309,0.575588047
"ul:soap",601,-1.2859527,-1.354395055,-1.22609745,1.01497018037166,102.820803435903,0.522222222222222,4770,1.55782375,1.461332655,1.663052655
"ul:sock",602,-2.70349385,-2.790005955,-2.615843525,1.06619061295579,42.2187247157938,0.646331236897275,4770,1.1048387,1.0504089,1.163862815
"ul:soda",603,-1.2186903,-1.341083825,-1.11213405,1.05173872011838,56.396672939981,0.572063178677196,4052,0.51339685,0.4865608635,0.5422824825
"ul:something",604,2.55859695,2.46740313,2.6544497,1.01868072209248,89.2045973095382,0.163102725366876,4770,1.15993055,1.089808265,1.234850125
"ul:soup",605,-0.0214291685,-0.0877518966,0.03995810365,1.02756138463616,262.486178331165,0.460019743336624,4052,1.2070856,1.144328565,1.274956825
"ul:spill",606,-0.2394054,-0.303226664,-0.179184215,1.01523899674143,166.869386443207,0.485439289239882,4052,1.2418554,1.1801062,1.30631432
"ul:splash",607,0.14405805,0.0765553017,0.2181749715,1.07860454673277,37.1973050470804,0.375471698113208,4770,1.0912007,1.03842543,1.14083125
"ul:spoon",608,-2.3150163,-2.39080232,-2.239842835,1.01348888773118,293.266427771796,0.614675052410901,4770,1.15570205,1.096172945,1.214272785
"ul:squirrel",609,0.29484698,0.2183115895,0.3668952655,1.01751860449359,347.750257325835,0.364150943396226,4770,0.928209605,0.887158302,0.974248928
"ul:stairs",610,-1.2252408,-1.282638495,-1.16142514,1.04796138450831,104.804514006289,0.514465408805031,4770,1.3613996,1.29821377,1.43385486
"ul:stand",611,-0.505327165,-0.579915342,-0.4315097345,1.10699201137038,23.6487048091757,0.517275419545903,4052,1.21400605,1.151865015,1.27781052
"ul:star",612,-0.39854514,-0.4582383795,-0.317170962,1.04741074292181,62.8362489831361,0.429140461215933,4770,0.967254915,0.922407645,1.014259965
"ul:stick",613,-0.27022088,-0.337364363,-0.2111026355,1.0415989606131,94.4335662140662,0.489634748272458,4052,1.31757125,1.245085485,1.38320447
"ul:sticky",614,1.29304165,1.214209985,1.376876895,1.09656843081121,27.8927941010842,0.315153010858835,4052,1.01986065,0.965354554,1.072502615
"ul:sting",615,1.85776785,1.794787835,1.92761032,1.0363831917752,293.953585159996,0.247285291214215,4052,1.4142135,1.32464323,1.49734924
"ul:stir",616,0.289101285,0.225593606,0.36197355,1.01730024611904,120.148022264905,0.422260612043435,4052,1.3777977,1.304980695,1.459382385
"ul:stop",617,0.348542595,0.28559077,0.4072043525,1.05009483063876,54.6136687959221,0.354297693920335,4770,1.3426588,1.273222195,1.40505765
"ul:store",618,-1.39453535,-1.45302179,-1.32812744,1.03168027895472,137.441433408899,0.532075471698113,4770,1.4477572,1.37355528,1.515423075
"ul:story",619,1.69338985,1.62063727,1.764529685,1.03853740468816,594.04156279803,0.270483711747285,4052,1.1676839,1.10304312,1.24988238
"ul:stove",620,2.01846915,1.915731935,2.11293093,1.06374110929117,41.8062258707966,0.211320754716981,4770,0.961860875,0.908056915,1.016357705
"ul:strange",621,1.88642625,1.805006045,1.965529895,1.02506290503843,109.48592083365,0.252467917077986,4052,1.13186335,1.0710995,1.193674845
"ul:strawberry",622,-0.59752585,-0.66644908,-0.524284239,1.03233634443972,124.9441195282,0.525913129318855,4052,1.1830111,1.12288041,1.241827395
"ul:stroller",623,-1.49916515,-1.582645425,-1.396214435,1.02420806956151,77.2511406032043,0.534591194968553,4770,0.903367485,0.858986047,0.947358388
"ul:stuck",624,-0.52736389,-0.6112583615,-0.422775208,1.17749858719592,15.8306521575648,0.518756169792695,4052,1.0696462,1.010696095,1.123336585
"ul:suit",625,-1.2299565,-1.29844275,-1.16079969,1.03255281928008,93.5471284576105,0.59649555774926,4052,1.0879379,1.030203645,1.138065845
"ul:sun",626,-1.84722385,-1.91564761,-1.78359198,1.03095492269998,419.165204799569,0.573584905660377,4770,1.21569315,1.157081835,1.28869246
"ul:sweater",627,-1.85039615,-1.906294395,-1.78513704,1.00782977407168,254.291469792716,0.576100628930818,4770,1.41844815,1.34826182,1.50007052
"ul:sweep",628,0.419784495,0.3433477145,0.5077664735,1.063761546004,43.2876032966436,0.408440276406713,4052,1.0833495,1.02418171,1.146577525
"ul:swim",629,0.83146238,0.760624002,0.903068403,1.03638645161637,87.0231002880175,0.310901467505241,4770,1.04248805,0.9841746005,1.09375483
"ul:swing (object)",630,-1.56887105,-1.658691175,-1.491446965,1.07055089802041,40.4158925211356,0.540251572327044,4770,0.84964565,0.812253855,0.887551154
"ul:t-shirt",631,1.01652945,0.939243166,1.09411164,1.024580193203,102.102367283374,0.291614255765199,4770,1.1104019,1.054996145,1.17130384
"ul:table",632,-1.62665775,-1.6884029,-1.573917995,1.03339386566389,148.364839694727,0.556394129979036,4770,1.56380955,1.47745159,1.65719193
"ul:tag",633,-1.6164406,-1.719959805,-1.51032444,1.04259902819133,76.5814180562054,0.617472852912142,4052,0.653426925,0.618675064,0.6894793635
"ul:take",634,-0.515533445,-0.5827622505,-0.4506086965,1.06219337695526,43.0831479558112,0.442348008385744,4770,1.198195,1.144248275,1.261112795
"ul:talk",635,0.0208165015,-0.0385882828,0.0823024259,1.02623358838336,157.538829744633,0.454096742349457,4052,1.5028739,1.423824675,1.59159918
"ul:tall",636,1.555916,1.47305745,1.647286805,1.07779600434082,34.4256331872433,0.2857847976308,4052,1.10514445,1.039037305,1.166680235
"ul:taste",637,-0.8817243,-0.941395207,-0.812322439,1.07726846920525,31.7036368530625,0.559476801579467,4052,1.28442585,1.22847674,1.360308495
"ul:tea",638,0.671814105,0.563278958,0.77396809,1.05767522235951,48.6985415585657,0.392645607107601,4052,0.71012759,0.669035221,0.7439104535
"ul:teacher",639,3.9986439,3.87064265,4.133108235,1.01024246988215,367.546742938381,0.100444225074038,4052,1.05075285,0.9771049265,1.1182949
"ul:tear",640,2.1480348,2.06171483,2.24297224,1.09999432206968,30.3766799347189,0.224580454096742,4052,1.2326197,1.159571265,1.30451022
"ul:teddybear",641,-2.62440295,-2.71842537,-2.53031184,1.05626921113489,57.1776898899111,0.631236897274633,4770,0.890992455,0.854084564,0.9360001995
"ul:telephone",642,-1.9675905,-2.04504433,-1.901214735,1.01149417451529,118.988726044501,0.584276729559748,4770,1.22925005,1.17012796,1.2985806
"ul:terrace",643,2.74163305,2.63287038,2.84721253,1.02379581949086,531.510338018298,0.195459032576505,4052,0.85498001,0.808222861,0.9074548725
"ul:thank you",644,-7.45799285,-7.7001441,-7.22489423,1.05697119992487,59.1790267958162,0.852201257861635,4770,0.47327161,0.447632231,0.505151421
"ul:the",645,-2.91692815,-3.07041758,-2.772386615,1.04352147686962,66.6709672084868,0.713968410661402,4052,0.545425,0.516178754,0.5770716125
"ul:there",646,-4.69190325,-4.86911788,-4.513485305,1.06483268337433,40.3303487577314,0.720545073375262,4770,0.43545173,0.4135381675,0.4580411105
"ul:these",647,2.9284787,2.81393553,3.03562324,1.00433993258068,284.33422940133,0.176949654491609,4052,0.91127108,0.859283706,0.9644642975
"ul:think",648,2.3194669,2.24940695,2.398289115,1.03333353122174,846.264892255535,0.207305034550839,4052,1.2892145,1.20940738,1.36402241
"ul:thirsty",649,-1.70119835,-1.78547015,-1.612966605,1.07416591714585,37.1682983174707,0.549266247379455,4770,0.826796285,0.7879456095,0.8660095495
"ul:through",650,1.67344115,1.59993459,1.748442885,1.03287282879302,101.101352168743,0.269496544916091,4052,1.24051525,1.15701786,1.319199665
"ul:throw",651,-1.31447025,-1.38459695,-1.24791301,1.03832206804812,75.7420568502823,0.522851153039832,4770,1.2565561,1.19840478,1.31984381
"ul:tickle",652,-0.055410659,-0.1301388985,0.00830712702999995,1.02935976580216,164.865716105054,0.39706498951782,4770,1.04334475,0.9970455905,1.09214466
"ul:tiger",653,-1.09247025,-1.170213465,-1.03001803,1.04642004805322,64.7882733848136,0.49937106918239,4770,1.05136735,1.00425776,1.10864553
"ul:time",654,3.9735247,3.853933165,4.11946284,1.01360907450876,256.858792483025,0.0987166831194472,4052,1.1099504,1.02979857,1.19462028
"ul:to",655,0.99337701,0.913094314,1.070946815,1.17796138672042,16.2937001028832,0.341806515301086,4052,1.20385395,1.134832585,1.276218175
"ul:toast",656,3.5695075,3.42397683,3.70873367,1.02567156200552,159.710677188655,0.145853899308983,4052,0.77841903,0.73009058,0.829400298
"ul:today",657,1.23401505,1.16854821,1.30216454,1.02581426627382,222.994040137944,0.266037735849057,4770,1.40982685,1.33033651,1.48149338
"ul:toe",658,-1.5546963,-1.62814161,-1.479610185,1.01697245971286,419.465512596683,0.540041928721174,4770,0.91840635,0.8829210915,0.9696558495
"ul:toilet",659,-2.57489485,-2.66323965,-2.488903825,1.03400742903801,101.962441519055,0.733711747285291,4052,1.085368,1.029665805,1.14094042
"ul:toilet paper",660,0.228936515,0.154791718,0.305224131,1.07091493052215,47.2316089824819,0.431638696939783,4052,1.06447055,1.0170063,1.11854435
"ul:tomorrow",661,1.19239735,1.11971934,1.271486065,1.04950216510191,57.4328920370088,0.276519916142558,4770,1.0840092,1.01690672,1.14414076
"ul:tongue",662,-0.409393905,-0.4708388105,-0.3387428365,1.07615002119543,138.706322262497,0.431236897274633,4770,1.26593455,1.2038018,1.32903762
"ul:tonight",663,2.79775375,2.702205565,2.885108495,1.0197107510327,272.800720356686,0.146331236897275,4770,1.17445285,1.10455682,1.254100685
"ul:tooth",664,-1.6499147,-1.70913203,-1.58780195,1.068360235881,38.2997878165227,0.557442348008386,4770,1.4983356,1.42528421,1.5871361
"ul:toothbrush",665,-1.2299432,-1.2938655,-1.152156955,1.13778613341695,19.7060830590358,0.514884696016771,4770,1.33827995,1.27037949,1.406438575
"ul:top",666,0.257089005,0.168046233,0.332663175,1.03747300676789,67.9973457068198,0.432625863770977,4052,0.816686035,0.780855176,0.864713808
"ul:towel",667,-0.12119348,-0.182444139,-0.0519687216,1.10615731977944,26.4473968490355,0.40146750524109,4770,1.50248365,1.430837995,1.595262205
"ul:toy (object)",668,-2.05383535,-2.12526396,-1.986200055,1.05909447200854,44.3220563820972,0.592872117400419,4770,1.31061225,1.243056825,1.37476682
"ul:tractor",669,-2.9225486,-3.03857694,-2.81757819,1.03593039136342,99.5292775225501,0.745557749259625,4052,0.785613885,0.740527418,0.831540037
"ul:train",670,-2.7802934,-2.86571281,-2.68739009,1.01837422785763,307.874065017895,0.648218029350105,4770,0.995550005,0.9419549665,1.0441903
"ul:trampoline",671,1.11942215,1.03892664,1.21052164,1.03471601743894,142.379552312239,0.338845014807502,4052,0.87950584,0.83359294,0.92738385
"ul:trash",672,-1.295742,-1.369013015,-1.219449265,1.10984202687196,23.1868439379909,0.518448637316562,4770,1.07267165,1.018892535,1.132514185
"ul:trash can",673,0.944367225,0.872207372,1.012877555,1.052313144966,768.403325659807,0.351431391905232,4052,1.07832985,1.02302442,1.13902366
"ul:tree",674,-0.9709937,-1.035814235,-0.9001200885,1.06396335585749,39.661596623178,0.488259958071279,4770,1.28816805,1.227583205,1.352087005
"ul:tricycle",675,2.0890722,1.9957555,2.180009585,1.01308129378857,210.700909954876,0.245557749259625,4052,0.903800075,0.8582932765,0.9526271985
"ul:truck",676,-1.32496515,-1.40207438,-1.2526407,1.03315270689733,121.464847159002,0.521593291404612,4770,1.0756658,1.02232632,1.133436825
"ul:try",677,0.66192918,0.594078818,0.7227828895,1.04635059450772,60.4681267489021,0.37685093780849,4052,1.47367955,1.384157,1.56866783
"ul:tummy",678,-2.6667127,-2.73538455,-2.591675505,1.01589264304514,189.849531714504,0.647379454926625,4770,1.3171359,1.258125825,1.395481425
"ul:turtle",679,0.567123825,0.474476265,0.678316062,1.23599966052947,12.6581931113762,0.335639412997904,4770,1.06150715,1.007163345,1.1140332
"ul:tv",680,-1.47220605,-1.534240145,-1.40301263,1.05182394604584,51.1175091239192,0.536897274633124,4770,1.2364786,1.177716905,1.30013139
"ul:uncle",681,-1.21759115,-1.31093101,-1.13405538,1.10689699878637,23.498465963049,0.506498951781971,4770,0.84037864,0.80367614,0.879179183
"ul:under",682,0.522935,0.4472678585,0.587603215,1.0206556175492,154.545568468117,0.338155136268344,4770,1.18773675,1.135600415,1.25775133
"ul:underpants",683,1.19934235,1.10743566,1.280357305,1.07759457478733,36.050610009793,0.332428430404738,4052,0.87776386,0.8278944235,0.9335438735
"ul:up in",684,0.34123396,0.229748629,0.442332041,1.11069398686259,23.4052429783521,0.428430404738401,4052,0.676252885,0.639848866,0.707106086
"ul:upset",685,-0.215026155,-0.2777078275,-0.159930105,1.04419356986562,403.184150564784,0.482724580454097,4052,1.3138755,1.250772005,1.38496582
"ul:vacuum",686,-0.206027,-0.272648159,-0.1428836405,1.02888401251362,91.0832099533821,0.411320754716981,4770,1.17704275,1.10857901,1.236818025
"ul:vroom",687,-9.65530605,-10.06204375,-9.199348995,1.03187584130145,109.022622030495,0.843605870020964,4770,0.254950905,0.2397396035,0.271853884
"ul:wake",688,0.23543927,0.1805943805,0.294454461,1.01930679272232,133.868816777557,0.427936821322804,4052,1.5325694,1.459069835,1.62089999
"ul:walk",689,-2.054237,-2.13068921,-1.96857471,1.06296407053599,43.5198496649222,0.585744234800839,4770,0.974332625,0.929040811,1.02479004
"ul:wallet",690,1.35120425,1.271667275,1.43156303,1.08172206226603,30.6187286427977,0.261844863731656,4770,1.1106642,1.044311615,1.18445501
"ul:wanna",691,-1.04146535,-1.11585887,-0.973771603,1.02922200935427,232.794965841419,0.493710691823899,4770,1.04475535,0.991663895,1.094640525
"ul:was",692,2.67383825,2.574128255,2.7618609,1.04428383929196,109.707434148036,0.177443237907206,4052,1.27721865,1.195289695,1.36467673
"ul:wash",693,-1.60967125,-1.673372655,-1.54991221,1.02422868018753,161.176726584346,0.553459119496855,4770,1.4290809,1.35199517,1.49853872
"ul:washing machine",694,0.66839079,0.6115152935,0.7393571215,1.06290751171003,45.6668185068443,0.376604146100691,4052,1.3488872,1.284542175,1.420369205
"ul:wasp",695,0.98407795,0.880281566,1.06336599,1.07376932951308,33.9585290041992,0.310062893081761,4770,0.73159443,0.6995668045,0.769304112
"ul:watch (action)",696,4.67971895,4.52400913,4.878370435,1.00848272198765,356.016340293637,0.0620545073375262,4770,0.97436287,0.8906744085,1.05287436
"ul:water (beverage)",697,-3.78522815,-3.89977353,-3.67498452,1.0766414538802,50.5499602281333,0.719077568134172,4770,0.896130415,0.8459302595,0.9531479075
"ul:water (not beverage)",698,-3.07144755,-3.17396119,-2.984600675,1.04171707262258,60.7692998964738,0.671488469601677,4770,0.994053995,0.942914763,1.047500205
"ul:wet (description)",699,-1.310499,-1.40894585,-1.23131043,1.22720820850172,12.3816836649654,0.520125786163522,4770,1.156415,1.10118537,1.20852515
"ul:what",700,0.317581755,0.2303087025,0.407174501,1.03284813227634,161.701976652325,0.367505241090147,4770,0.715480905,0.683375085,0.7515194385
"ul:when (question)",701,3.0913101,2.990697645,3.198372055,1.03538350514201,87.4563946324731,0.130398322851153,4770,1.09623545,1.021658155,1.17334972
"ul:where (question)",702,0.30499061,0.2198514135,0.402081639,1.05962502279019,46.4039105291069,0.365408805031447,4770,0.84481609,0.805095412,0.8949850945
"ul:which (question)",703,4.01064435,3.875122575,4.155164965,1.01387963710987,318.779589212461,0.100444225074038,4052,1.0312365,0.963265391,1.10619193
"ul:white",704,1.02710305,0.940428923,1.10725132,1.06387362997009,39.4099766332533,0.345508390918065,4052,0.99291868,0.9488329575,1.04777401
"ul:who",705,1.57255225,1.48997009,1.6428956,1.04976041274641,58.0437813869266,0.242138364779874,4770,1.11973485,1.05961854,1.19167033
"ul:why",706,2.81616515,2.719085735,2.916199795,1.01408275532372,248.533950770169,0.152201257861635,4770,1.0122958,0.9434578655,1.06864226
"ul:will",707,0.920068335,0.8537304685,0.9965693075,1.09775558496721,29.7153435255161,0.348716683119447,4052,1.26755345,1.200706405,1.33881918
"ul:wind",708,0.614100595,0.541078694,0.691030047,1.02131559215239,153.052704972281,0.387709772951629,4052,1.1006791,1.04494658,1.157089305
"ul:window",709,-0.577732195,-0.63541418,-0.51654849,1.13060365270701,20.4233059857985,0.449685534591195,4770,1.48316125,1.362785075,1.57138629
"ul:wish",710,2.5126677,2.437657875,2.588640595,1.00565113088584,368.215935905338,0.187314906219151,4052,1.4157859,1.329824015,1.50194708
"ul:wolf",711,1.11792825,1.030543995,1.193329595,1.05195320447583,114.25702028878,0.338351431391905,4052,0.9371237,0.8925558905,0.983864057
"ul:woof woof",712,-7.2529006,-7.4569226,-7.045762,1.01027622397456,387.300644902544,0.857023060796646,4770,0.546349715,0.5170932795,0.576336378
"ul:work (action)",713,-0.478390915,-0.5473405815,-0.411493589,1.0702085980706,38.8552079599892,0.512586377097729,4052,1.1211939,1.06424864,1.17743085
"ul:work (place)",714,-1.0048216,-1.07252809,-0.9409890655,1.09741244641476,29.3398909944494,0.493501048218029,4770,1.3728713,1.297223195,1.44963852
"ul:worm",715,0.861387285,0.7890311015,0.9565621325,1.07046179168377,38.3338593617474,0.312368972746331,4770,0.860899515,0.8190737595,0.900583835
"ul:wow",716,-8.4531014,-8.96653854,-8.008698515,1.01102191357655,225.93332535958,0.935587364264561,4052,0.425959115,0.3908152785,0.4614232515
"ul:write",717,0.979346105,0.9150019245,1.048261485,1.04988942427018,55.3376793241685,0.291404612159329,4770,1.28196105,1.210121045,1.34346106
"ul:yeah",718,-1.07817935,-1.188759555,-0.976047678,1.01236760270067,404.286529158294,0.560463968410661,4052,0.5320267,0.502832304,0.5637313715
"ul:yellow",719,-0.280526465,-0.35238035,-0.2062945315,1.03644865542697,70.7197833889385,0.489141164856861,4052,0.932779135,0.885993511,0.9841807315
"ul:yes",720,-6.9176411,-7.13203664,-6.708548985,1.07721236292026,34.2830962252397,0.845073375262055,4770,0.549447985,0.518234509,0.583710585
"ul:yesterday",721,2.39877865,2.31370347,2.480382615,1.04897891955023,62.3380056469567,0.200641658440276,4052,1.27573515,1.201027735,1.35596492
"ul:yogurt",722,-2.59357815,-2.697862605,-2.47450671,1.05935584530209,68.3964062934045,0.729022704837118,4052,0.95802062,0.9113415865,1.01526592
"ul:yucky",723,1.01425205,0.9048304505,1.10486086,1.07187223851279,37.2797265522368,0.310482180293501,4770,0.68340205,0.6543735815,0.720211281
"ul:yum yum",724,-8.8123783,-9.1894225,-8.477570805,1.1108235502183,22.8064166228982,0.864779874213837,4770,0.352762875,0.330362733,0.375314254
"ul:zebra",725,0.553693995,0.486565121,0.634063239,1.02903038128897,147.103542426924,0.395607107601185,4052,0.982962245,0.937861347,1.03351467
"ul:zipper",726,0.62538004,0.5558101955,0.6969726315,1.02562438997067,612.119925123348,0.328930817610063,4770,1.106273,1.05446917,1.15863629
"ul:zoo",727,2.99934215,2.888369905,3.109837365,1.04055339849105,103.680432827063,0.141719077568134,4770,0.985597505,0.9312736305,1.050366645
"id:sliten",728,0.56909194,-0.1237385925,1.496939365,1.02447106775721,132.825990299594,0.00806451612903226,744,1.2903495,0.9053690095,1.73563203
"id:ute (place)",729,-2.5180597,-2.83659588,-2.116777645,1.03339910547097,86.0678107174795,0.0887096774193548,744,0.982035355,0.8272692705,1.181098715
"ul:crayon",730,-0.897824205,-1.316761585,-0.32641421,1.05125524659585,53.2725989296652,0.0268817204301075,744,1.2455421,0.959511488,1.533821275
"ul:fox",731,0.19614684,-0.443462465,0.9670788525,1.04587732021011,120.38687758488,0.0134408602150538,744,1.1431331,0.876965761,1.542248825
"ul:soft",732,1.1452527,0.302215608,2.54681239,1.1318376601396,19.8816575130793,0.00537634408602151,744,1.1693113,0.8444959855,1.65474718
"ul:touch",733,-0.18947118,-0.764369713,0.5971015785,1.07051760573827,40.0396663887333,0.0188172043010753,744,1.07391955,0.838988584,1.38928319
