lab_subject_id,study,age,form,item,produces
6143,elena,24,WS,baa baa,1
6143,elena,24,WS,choo choo,1
6143,elena,24,WS,cock-a-doodle-doo,1
6143,elena,24,WS,grrr,1
6143,elena,24,WS,meow,1
6143,elena,24,WS,moo,1
6143,elena,24,WS,ouch,1
6143,elena,24,WS,quack quack,1
6143,elena,24,WS,uh oh,1
6143,elena,24,WS,vroom,1
6143,elena,24,WS,woof woof,1
6143,elena,24,WS,yum yum,1
6143,elena,24,WS,alligator,1
6143,elena,24,WS,animal,1
6143,elena,24,WS,ant,1
6143,elena,24,WS,bear,1
6143,elena,24,WS,bee,1
6143,elena,24,WS,bird,1
6143,elena,24,WS,bug,1
6143,elena,24,WS,bunny,1
6143,elena,24,WS,butterfly,1
6143,elena,24,WS,cat,1
6143,elena,24,WS,chicken (animal),1
6143,elena,24,WS,cow,1
6143,elena,24,WS,deer,1
6143,elena,24,WS,dog,1
6143,elena,24,WS,donkey,1
6143,elena,24,WS,duck,1
6143,elena,24,WS,elephant,1
6143,elena,24,WS,fish (animal),1
6143,elena,24,WS,frog,1
6143,elena,24,WS,giraffe,1
6143,elena,24,WS,goose,1
6143,elena,24,WS,hen,1
6143,elena,24,WS,horse,1
6143,elena,24,WS,kitty,1
6143,elena,24,WS,lamb,1
6143,elena,24,WS,lion,1
6143,elena,24,WS,monkey,1
6143,elena,24,WS,moose,1
6143,elena,24,WS,mouse,1
6143,elena,24,WS,owl,1
6143,elena,24,WS,penguin,1
6143,elena,24,WS,pig,1
6143,elena,24,WS,pony,1
6143,elena,24,WS,puppy,1
6143,elena,24,WS,rooster,1
6143,elena,24,WS,sheep,1
6143,elena,24,WS,squirrel,1
6143,elena,24,WS,teddy bear,1
6143,elena,24,WS,tiger,1
6143,elena,24,WS,turkey,1
6143,elena,24,WS,turtle,1
6143,elena,24,WS,wolf,1
6143,elena,24,WS,zebra,1
6143,elena,24,WS,airplane,1
6143,elena,24,WS,bicycle,1
6143,elena,24,WS,boat,1
6143,elena,24,WS,bus,1
6143,elena,24,WS,car,1
6143,elena,24,WS,fire truck,1
6143,elena,24,WS,helicopter,1
6143,elena,24,WS,motorcycle,1
6143,elena,24,WS,sled,1
6143,elena,24,WS,stroller,1
6143,elena,24,WS,tractor,1
6143,elena,24,WS,train,1
6143,elena,24,WS,tricycle,1
6143,elena,24,WS,truck,1
6143,elena,24,WS,ball,1
6143,elena,24,WS,balloon,1
6143,elena,24,WS,bat,1
6143,elena,24,WS,block,1
6143,elena,24,WS,book,1
6143,elena,24,WS,bubbles,1
6143,elena,24,WS,chalk,1
6143,elena,24,WS,crayon,1
6143,elena,24,WS,doll,1
6143,elena,24,WS,game,1
6143,elena,24,WS,glue,1
6143,elena,24,WS,pen,1
6143,elena,24,WS,pencil,1
6143,elena,24,WS,play dough,1
6143,elena,24,WS,present,1
6143,elena,24,WS,puzzle,1
6143,elena,24,WS,story,1
6143,elena,24,WS,toy (object),1
6143,elena,24,WS,apple,1
6143,elena,24,WS,apple sauce,0
6143,elena,24,WS,banana,1
6143,elena,24,WS,beans,1
6143,elena,24,WS,bread,1
6143,elena,24,WS,butter,1
6143,elena,24,WS,cake,1
6143,elena,24,WS,candy,1
6143,elena,24,WS,carrots,1
6143,elena,24,WS,cereal,1
6143,elena,24,WS,cheerios,1
6143,elena,24,WS,cheese,1
6143,elena,24,WS,chicken (food),1
6143,elena,24,WS,chocolate,1
6143,elena,24,WS,coffee,1
6143,elena,24,WS,coke,1
6143,elena,24,WS,cookie,1
6143,elena,24,WS,corn,1
6143,elena,24,WS,cracker,1
6143,elena,24,WS,donut,1
6143,elena,24,WS,drink (beverage),1
6143,elena,24,WS,egg,1
6143,elena,24,WS,fish (food),1
6143,elena,24,WS,food,1
6143,elena,24,WS,french fries,1
6143,elena,24,WS,grapes,1
6143,elena,24,WS,green beans,1
6143,elena,24,WS,gum,1
6143,elena,24,WS,hamburger,1
6143,elena,24,WS,ice,1
6143,elena,24,WS,ice cream,1
6143,elena,24,WS,jello,0
6143,elena,24,WS,jelly,1
6143,elena,24,WS,juice,1
6143,elena,24,WS,lollipop,1
6143,elena,24,WS,meat,1
6143,elena,24,WS,melon,1
6143,elena,24,WS,milk,1
6143,elena,24,WS,muffin,1
6143,elena,24,WS,noodles,1
6143,elena,24,WS,nuts,1
6143,elena,24,WS,orange (food),1
6143,elena,24,WS,pancakes,1
6143,elena,24,WS,peanut butter,1
6143,elena,24,WS,peas,1
6143,elena,24,WS,pickle,1
6143,elena,24,WS,pizza,1
6143,elena,24,WS,popcorn,1
6143,elena,24,WS,popsicle,1
6143,elena,24,WS,potato,1
6143,elena,24,WS,potato chips,1
6143,elena,24,WS,pretzel,1
6143,elena,24,WS,pudding,1
6143,elena,24,WS,pumpkin,1
6143,elena,24,WS,raisin,1
6143,elena,24,WS,salt,1
6143,elena,24,WS,sandwich,1
6143,elena,24,WS,sauce,1
6143,elena,24,WS,soda/pop,0
6143,elena,24,WS,soup,1
6143,elena,24,WS,spaghetti,1
6143,elena,24,WS,strawberry,1
6143,elena,24,WS,toast,1
6143,elena,24,WS,tuna,1
6143,elena,24,WS,vanilla,1
6143,elena,24,WS,vitamins,1
6143,elena,24,WS,water (beverage),1
6143,elena,24,WS,yogurt,1
6143,elena,24,WS,beads,1
6143,elena,24,WS,belt,1
6143,elena,24,WS,bib,1
6143,elena,24,WS,boots,1
6143,elena,24,WS,button,1
6143,elena,24,WS,coat,1
6143,elena,24,WS,diaper,1
6143,elena,24,WS,dress (object),1
6143,elena,24,WS,gloves,1
6143,elena,24,WS,hat,1
6143,elena,24,WS,jacket,1
6143,elena,24,WS,jeans,1
6143,elena,24,WS,mittens,1
6143,elena,24,WS,necklace,1
6143,elena,24,WS,pajamas,1
6143,elena,24,WS,pants,1
6143,elena,24,WS,scarf,0
6143,elena,24,WS,shirt,1
6143,elena,24,WS,shoe,1
6143,elena,24,WS,shorts,1
6143,elena,24,WS,slipper,1
6143,elena,24,WS,sneaker,1
6143,elena,24,WS,snowsuit,1
6143,elena,24,WS,sock,1
6143,elena,24,WS,sweater,1
6143,elena,24,WS,tights,0
6143,elena,24,WS,underpants,1
6143,elena,24,WS,zipper,1
6143,elena,24,WS,ankle,1
6143,elena,24,WS,arm,1
6143,elena,24,WS,belly button,1
6143,elena,24,WS,buttocks/bottom*,1
6143,elena,24,WS,cheek,1
6143,elena,24,WS,chin,1
6143,elena,24,WS,ear,1
6143,elena,24,WS,eye,1
6143,elena,24,WS,face,1
6143,elena,24,WS,foot,1
6143,elena,24,WS,finger,1
6143,elena,24,WS,hair,1
6143,elena,24,WS,hand,1
6143,elena,24,WS,head,1
6143,elena,24,WS,knee,1
6143,elena,24,WS,leg,1
6143,elena,24,WS,lips,1
6143,elena,24,WS,mouth,1
6143,elena,24,WS,nose,1
6143,elena,24,WS,owie/boo boo,1
6143,elena,24,WS,penis*,1
6143,elena,24,WS,shoulder,1
6143,elena,24,WS,tooth,1
6143,elena,24,WS,toe,1
6143,elena,24,WS,tongue,1
6143,elena,24,WS,tummy,1
6143,elena,24,WS,vagina*,0
6143,elena,24,WS,basket,1
6143,elena,24,WS,blanket,1
6143,elena,24,WS,bottle,1
6143,elena,24,WS,box,1
6143,elena,24,WS,bowl,1
6143,elena,24,WS,broom,1
6143,elena,24,WS,brush,1
6143,elena,24,WS,bucket,1
6143,elena,24,WS,camera,1
6143,elena,24,WS,can (object),1
6143,elena,24,WS,clock,1
6143,elena,24,WS,comb,1
6143,elena,24,WS,cup,1
6143,elena,24,WS,dish,1
6143,elena,24,WS,fork,1
6143,elena,24,WS,garbage,1
6143,elena,24,WS,glass,1
6143,elena,24,WS,glasses,1
6143,elena,24,WS,hammer,1
6143,elena,24,WS,jar,1
6143,elena,24,WS,keys,1
6143,elena,24,WS,knife,1
6143,elena,24,WS,lamp,1
6143,elena,24,WS,light,1
6143,elena,24,WS,medicine,1
6143,elena,24,WS,money,1
6143,elena,24,WS,mop,1
6143,elena,24,WS,nail,1
6143,elena,24,WS,napkin,1
6143,elena,24,WS,paper,1
6143,elena,24,WS,penny,1
6143,elena,24,WS,picture,1
6143,elena,24,WS,pillow,1
6143,elena,24,WS,plant,1
6143,elena,24,WS,plate,1
6143,elena,24,WS,purse,1
6143,elena,24,WS,radio,1
6143,elena,24,WS,scissors,1
6143,elena,24,WS,soap,1
6143,elena,24,WS,spoon,1
6143,elena,24,WS,tape,1
6143,elena,24,WS,telephone,1
6143,elena,24,WS,tissue/kleenex,1
6143,elena,24,WS,toothbrush,1
6143,elena,24,WS,towel,1
6143,elena,24,WS,trash,1
6143,elena,24,WS,tray,1
6143,elena,24,WS,vacuum,1
6143,elena,24,WS,walker,0
6143,elena,24,WS,watch (object),1
6143,elena,24,WS,basement,1
6143,elena,24,WS,bathroom,1
6143,elena,24,WS,bathtub,1
6143,elena,24,WS,bed,1
6143,elena,24,WS,bedroom,1
6143,elena,24,WS,bench,1
6143,elena,24,WS,chair,1
6143,elena,24,WS,closet,1
6143,elena,24,WS,couch,1
6143,elena,24,WS,crib,1
6143,elena,24,WS,door,1
6143,elena,24,WS,drawer,1
6143,elena,24,WS,dryer,1
6143,elena,24,WS,garage,1
6143,elena,24,WS,high chair,1
6143,elena,24,WS,kitchen,1
6143,elena,24,WS,living room,1
6143,elena,24,WS,oven,1
6143,elena,24,WS,play pen,1
6143,elena,24,WS,porch,1
6143,elena,24,WS,potty,1
6143,elena,24,WS,refrigerator,1
6143,elena,24,WS,rocking chair,1
6143,elena,24,WS,room,1
6143,elena,24,WS,shower,1
6143,elena,24,WS,sink,1
6143,elena,24,WS,sofa,1
6143,elena,24,WS,stairs,1
6143,elena,24,WS,stove,1
6143,elena,24,WS,table,1
6143,elena,24,WS,TV,1
6143,elena,24,WS,washing machine,1
6143,elena,24,WS,window,1
6143,elena,24,WS,backyard,1
6143,elena,24,WS,cloud,1
6143,elena,24,WS,flag,1
6143,elena,24,WS,flower,1
6143,elena,24,WS,garden,1
6143,elena,24,WS,grass,1
6143,elena,24,WS,hose,1
6143,elena,24,WS,ladder,1
6143,elena,24,WS,lawn mower,1
6143,elena,24,WS,moon,1
6143,elena,24,WS,pool,1
6143,elena,24,WS,rain,1
6143,elena,24,WS,rock,1
6143,elena,24,WS,roof,1
6143,elena,24,WS,sandbox,1
6143,elena,24,WS,shovel,1
6143,elena,24,WS,sidewalk,1
6143,elena,24,WS,sky,1
6143,elena,24,WS,slide (object),1
6143,elena,24,WS,snow,1
6143,elena,24,WS,snowman,1
6143,elena,24,WS,sprinkler,1
6143,elena,24,WS,star,1
6143,elena,24,WS,stick,1
6143,elena,24,WS,stone,1
6143,elena,24,WS,street,1
6143,elena,24,WS,sun,1
6143,elena,24,WS,swing (object),1
6143,elena,24,WS,tree,1
6143,elena,24,WS,water (not beverage),1
6143,elena,24,WS,wind,1
6143,elena,24,WS,beach,1
6143,elena,24,WS,camping,1
6143,elena,24,WS,church*,1
6143,elena,24,WS,circus,1
6143,elena,24,WS,country,1
6143,elena,24,WS,downtown,0
6143,elena,24,WS,farm,1
6143,elena,24,WS,gas station,1
6143,elena,24,WS,home,1
6143,elena,24,WS,house,1
6143,elena,24,WS,movie,1
6143,elena,24,WS,outside,1
6143,elena,24,WS,park,1
6143,elena,24,WS,party,1
6143,elena,24,WS,picnic,1
6143,elena,24,WS,playground,1
6143,elena,24,WS,school,1
6143,elena,24,WS,store,1
6143,elena,24,WS,woods,1
6143,elena,24,WS,work (place),1
6143,elena,24,WS,yard,1
6143,elena,24,WS,zoo,1
6143,elena,24,WS,aunt,1
6143,elena,24,WS,baby,1
6143,elena,24,WS,babysitter,1
6143,elena,24,WS,babysitter's name,1
6143,elena,24,WS,boy,1
6143,elena,24,WS,brother,1
6143,elena,24,WS,child,1
6143,elena,24,WS,clown,1
6143,elena,24,WS,cowboy,1
6143,elena,24,WS,daddy*,1
6143,elena,24,WS,doctor,1
6143,elena,24,WS,fireman,1
6143,elena,24,WS,friend,1
6143,elena,24,WS,girl,1
6143,elena,24,WS,grandma*,1
6143,elena,24,WS,grandpa*,1
6143,elena,24,WS,lady,1
6143,elena,24,WS,mailman,1
6143,elena,24,WS,man,1
6143,elena,24,WS,mommy*,1
6143,elena,24,WS,nurse,1
6143,elena,24,WS,child's own name,1
6143,elena,24,WS,people,1
6143,elena,24,WS,person,1
6143,elena,24,WS,pet's name,1
6143,elena,24,WS,police,1
6143,elena,24,WS,sister,1
6143,elena,24,WS,teacher,1
6143,elena,24,WS,uncle,1
6143,elena,24,WS,bath,1
6143,elena,24,WS,breakfast,1
6143,elena,24,WS,bye,1
6143,elena,24,WS,call (on phone),1
6143,elena,24,WS,dinner,1
6143,elena,24,WS,gimme five,1
6143,elena,24,WS,gonna get you,1
6143,elena,24,WS,go potty,1
6143,elena,24,WS,hi,1
6143,elena,24,WS,hello,1
6143,elena,24,WS,lunch,1
6143,elena,24,WS,nap,1
6143,elena,24,WS,night night,1
6143,elena,24,WS,no,1
6143,elena,24,WS,patty cake,1
6143,elena,24,WS,peekaboo,1
6143,elena,24,WS,please,1
6143,elena,24,WS,shh/shush/hush,1
6143,elena,24,WS,shopping,1
6143,elena,24,WS,snack,1
6143,elena,24,WS,so big,1
6143,elena,24,WS,thank you,1
6143,elena,24,WS,this little piggy,1
6143,elena,24,WS,turn around,1
6143,elena,24,WS,yes,1
6143,elena,24,WS,bite,1
6143,elena,24,WS,blow,1
6143,elena,24,WS,break,1
6143,elena,24,WS,bring,1
6143,elena,24,WS,build,1
6143,elena,24,WS,bump,0
6143,elena,24,WS,buy,1
6143,elena,24,WS,carry,1
6143,elena,24,WS,catch,1
6143,elena,24,WS,chase,1
6143,elena,24,WS,clap,1
6143,elena,24,WS,clean (action),1
6143,elena,24,WS,climb,1
6143,elena,24,WS,close,1
6143,elena,24,WS,cook,1
6143,elena,24,WS,cover,1
6143,elena,24,WS,cry,1
6143,elena,24,WS,cut,1
6143,elena,24,WS,dance,1
6143,elena,24,WS,draw,1
6143,elena,24,WS,drink (action),1
6143,elena,24,WS,drive,1
6143,elena,24,WS,drop,1
6143,elena,24,WS,dry (action),1
6143,elena,24,WS,dump,1
6143,elena,24,WS,eat,1
6143,elena,24,WS,fall,1
6143,elena,24,WS,feed,1
6143,elena,24,WS,find,1
6143,elena,24,WS,finish,0
6143,elena,24,WS,fit,1
6143,elena,24,WS,fix,1
6143,elena,24,WS,get,1
6143,elena,24,WS,give,1
6143,elena,24,WS,go,1
6143,elena,24,WS,hate,1
6143,elena,24,WS,have,1
6143,elena,24,WS,hear,1
6143,elena,24,WS,help,1
6143,elena,24,WS,hide,1
6143,elena,24,WS,hit,1
6143,elena,24,WS,hold,1
6143,elena,24,WS,hug,1
6143,elena,24,WS,hurry,1
6143,elena,24,WS,jump,1
6143,elena,24,WS,kick,1
6143,elena,24,WS,kiss,1
6143,elena,24,WS,knock,1
6143,elena,24,WS,lick,1
6143,elena,24,WS,like,1
6143,elena,24,WS,listen,1
6143,elena,24,WS,look,1
6143,elena,24,WS,love,1
6143,elena,24,WS,make,1
6143,elena,24,WS,open,1
6143,elena,24,WS,paint,1
6143,elena,24,WS,pick,1
6143,elena,24,WS,play,1
6143,elena,24,WS,pour,1
6143,elena,24,WS,pretend,1
6143,elena,24,WS,pull,1
6143,elena,24,WS,push,1
6143,elena,24,WS,put,1
6143,elena,24,WS,read,1
6143,elena,24,WS,ride,1
6143,elena,24,WS,rip,1
6143,elena,24,WS,run,1
6143,elena,24,WS,say,1
6143,elena,24,WS,see,1
6143,elena,24,WS,shake,1
6143,elena,24,WS,share,1
6143,elena,24,WS,show,1
6143,elena,24,WS,sing,1
6143,elena,24,WS,sit,1
6143,elena,24,WS,skate,1
6143,elena,24,WS,sleep,1
6143,elena,24,WS,slide (action),1
6143,elena,24,WS,smile,1
6143,elena,24,WS,spill,1
6143,elena,24,WS,splash,1
6143,elena,24,WS,stand,1
6143,elena,24,WS,stay,1
6143,elena,24,WS,stop,1
6143,elena,24,WS,sweep,1
6143,elena,24,WS,swim,1
6143,elena,24,WS,swing (action),1
6143,elena,24,WS,take,1
6143,elena,24,WS,talk,1
6143,elena,24,WS,taste,1
6143,elena,24,WS,tear,1
6143,elena,24,WS,think,1
6143,elena,24,WS,throw,1
6143,elena,24,WS,tickle,1
6143,elena,24,WS,touch,1
6143,elena,24,WS,wait,1
6143,elena,24,WS,wake,1
6143,elena,24,WS,walk,1
6143,elena,24,WS,wash,1
6143,elena,24,WS,watch (action),1
6143,elena,24,WS,wipe,1
6143,elena,24,WS,wish,1
6143,elena,24,WS,work (action),1
6143,elena,24,WS,write,1
6143,elena,24,WS,all gone,1
6143,elena,24,WS,asleep,1
6143,elena,24,WS,awake,1
6143,elena,24,WS,bad,1
6143,elena,24,WS,better,1
6143,elena,24,WS,big,1
6143,elena,24,WS,black,1
6143,elena,24,WS,blue,1
6143,elena,24,WS,broken,1
6143,elena,24,WS,brown,1
6143,elena,24,WS,careful,1
6143,elena,24,WS,clean (description),1
6143,elena,24,WS,cold,1
6143,elena,24,WS,cute,1
6143,elena,24,WS,dark,1
6143,elena,24,WS,dirty,1
6143,elena,24,WS,dry (description),1
6143,elena,24,WS,empty,1
6143,elena,24,WS,fast,1
6143,elena,24,WS,fine,1
6143,elena,24,WS,first,1
6143,elena,24,WS,full,1
6143,elena,24,WS,gentle,1
6143,elena,24,WS,good,1
6143,elena,24,WS,green,1
6143,elena,24,WS,happy,1
6143,elena,24,WS,hard,1
6143,elena,24,WS,heavy,1
6143,elena,24,WS,high,1
6143,elena,24,WS,hot,1
6143,elena,24,WS,hungry,1
6143,elena,24,WS,hurt,1
6143,elena,24,WS,last,1
6143,elena,24,WS,little (description),1
6143,elena,24,WS,long,1
6143,elena,24,WS,loud,1
6143,elena,24,WS,mad,1
6143,elena,24,WS,naughty,0
6143,elena,24,WS,new,1
6143,elena,24,WS,nice,1
6143,elena,24,WS,noisy,1
6143,elena,24,WS,old,1
6143,elena,24,WS,orange (description),1
6143,elena,24,WS,poor,1
6143,elena,24,WS,pretty,1
6143,elena,24,WS,quiet,1
6143,elena,24,WS,red,1
6143,elena,24,WS,sad,1
6143,elena,24,WS,scared,1
6143,elena,24,WS,sick,1
6143,elena,24,WS,sleepy,1
6143,elena,24,WS,slow,1
6143,elena,24,WS,soft,1
6143,elena,24,WS,sticky,1
6143,elena,24,WS,stuck,1
6143,elena,24,WS,thirsty,1
6143,elena,24,WS,tiny,1
6143,elena,24,WS,tired,1
6143,elena,24,WS,wet,1
6143,elena,24,WS,white,1
6143,elena,24,WS,windy,1
6143,elena,24,WS,yellow,1
6143,elena,24,WS,yucky,1
6143,elena,24,WS,after,1
6143,elena,24,WS,before,1
6143,elena,24,WS,day,1
6143,elena,24,WS,later,1
6143,elena,24,WS,morning,1
6143,elena,24,WS,night,1
6143,elena,24,WS,now,1
6143,elena,24,WS,time,0
6143,elena,24,WS,today,1
6143,elena,24,WS,tomorrow,1
6143,elena,24,WS,tonight,1
6143,elena,24,WS,yesterday,0
6143,elena,24,WS,he,1
6143,elena,24,WS,her,1
6143,elena,24,WS,hers,1
6143,elena,24,WS,him,1
6143,elena,24,WS,his,1
6143,elena,24,WS,I,1
6143,elena,24,WS,it,1
6143,elena,24,WS,me,1
6143,elena,24,WS,mine,1
6143,elena,24,WS,my,1
6143,elena,24,WS,myself,0
6143,elena,24,WS,our,1
6143,elena,24,WS,she,1
6143,elena,24,WS,that,1
6143,elena,24,WS,their,1
6143,elena,24,WS,them,1
6143,elena,24,WS,these,1
6143,elena,24,WS,they,1
6143,elena,24,WS,this,1
6143,elena,24,WS,those,1
6143,elena,24,WS,us,1
6143,elena,24,WS,we,1
6143,elena,24,WS,you,1
6143,elena,24,WS,your,0
6143,elena,24,WS,yourself,0
6143,elena,24,WS,how,1
6143,elena,24,WS,what,1
6143,elena,24,WS,when,1
6143,elena,24,WS,where,1
6143,elena,24,WS,which,1
6143,elena,24,WS,who,1
6143,elena,24,WS,why,1
6143,elena,24,WS,about,1
6143,elena,24,WS,above,0
6143,elena,24,WS,around,1
6143,elena,24,WS,at,1
6143,elena,24,WS,away,1
6143,elena,24,WS,back,1
6143,elena,24,WS,behind,1
6143,elena,24,WS,beside,0
6143,elena,24,WS,by,1
6143,elena,24,WS,down,1
6143,elena,24,WS,for,1
6143,elena,24,WS,here,1
6143,elena,24,WS,inside/in,1
6143,elena,24,WS,into,0
6143,elena,24,WS,next to,1
6143,elena,24,WS,of,1
6143,elena,24,WS,off,1
6143,elena,24,WS,on,1
6143,elena,24,WS,on top of,1
6143,elena,24,WS,out,1
6143,elena,24,WS,over,1
6143,elena,24,WS,there,1
6143,elena,24,WS,to,1
6143,elena,24,WS,under,1
6143,elena,24,WS,up,1
6143,elena,24,WS,with,1
6143,elena,24,WS,a,1
6143,elena,24,WS,all,1
6143,elena,24,WS,a lot,1
6143,elena,24,WS,an,0
6143,elena,24,WS,another,1
6143,elena,24,WS,any,1
6143,elena,24,WS,each,1
6143,elena,24,WS,every,1
6143,elena,24,WS,more,1
6143,elena,24,WS,much,1
6143,elena,24,WS,not,1
6143,elena,24,WS,none,1
6143,elena,24,WS,other,1
6143,elena,24,WS,same,1
6143,elena,24,WS,some,1
6143,elena,24,WS,the,1
6143,elena,24,WS,too,1
6143,elena,24,WS,am,1
6143,elena,24,WS,are,1
6143,elena,24,WS,be,1
6143,elena,24,WS,can (auxiliary),1
6143,elena,24,WS,could,1
6143,elena,24,WS,did/did ya,1
6143,elena,24,WS,do,1
6143,elena,24,WS,does,1
6143,elena,24,WS,don't,1
6143,elena,24,WS,gonna/going to,1
6143,elena,24,WS,gotta/got to,1
6143,elena,24,WS,hafta/have to,1
6143,elena,24,WS,is,1
6143,elena,24,WS,lemme/let me,1
6143,elena,24,WS,need/need to,1
6143,elena,24,WS,try/try to,1
6143,elena,24,WS,wanna/want to,1
6143,elena,24,WS,was,1
6143,elena,24,WS,were,1
6143,elena,24,WS,will,1
6143,elena,24,WS,would,1
6143,elena,24,WS,and,1
6143,elena,24,WS,because,0
6143,elena,24,WS,but,0
6143,elena,24,WS,if,1
6143,elena,24,WS,so,1
6143,elena,24,WS,then,1
6331,elena,24,WS,baa baa,1
6331,elena,24,WS,choo choo,1
6331,elena,24,WS,cock-a-doodle-doo,1
6331,elena,24,WS,grrr,1
6331,elena,24,WS,meow,1
6331,elena,24,WS,moo,1
6331,elena,24,WS,ouch,1
6331,elena,24,WS,quack quack,1
6331,elena,24,WS,uh oh,1
6331,elena,24,WS,vroom,1
6331,elena,24,WS,woof woof,1
6331,elena,24,WS,yum yum,1
6331,elena,24,WS,alligator,1
6331,elena,24,WS,animal,1
6331,elena,24,WS,ant,1
6331,elena,24,WS,bear,1
6331,elena,24,WS,bee,1
6331,elena,24,WS,bird,1
6331,elena,24,WS,bug,1
6331,elena,24,WS,bunny,1
6331,elena,24,WS,butterfly,1
6331,elena,24,WS,cat,1
6331,elena,24,WS,chicken (animal),1
6331,elena,24,WS,cow,1
6331,elena,24,WS,deer,1
6331,elena,24,WS,dog,1
6331,elena,24,WS,donkey,1
6331,elena,24,WS,duck,1
6331,elena,24,WS,elephant,1
6331,elena,24,WS,fish (animal),1
6331,elena,24,WS,frog,1
6331,elena,24,WS,giraffe,1
6331,elena,24,WS,goose,1
6331,elena,24,WS,hen,1
6331,elena,24,WS,horse,1
6331,elena,24,WS,kitty,1
6331,elena,24,WS,lamb,1
6331,elena,24,WS,lion,1
6331,elena,24,WS,monkey,1
6331,elena,24,WS,moose,1
6331,elena,24,WS,mouse,1
6331,elena,24,WS,owl,1
6331,elena,24,WS,penguin,1
6331,elena,24,WS,pig,1
6331,elena,24,WS,pony,1
6331,elena,24,WS,puppy,1
6331,elena,24,WS,rooster,1
6331,elena,24,WS,sheep,1
6331,elena,24,WS,squirrel,1
6331,elena,24,WS,teddy bear,1
6331,elena,24,WS,tiger,1
6331,elena,24,WS,turkey,1
6331,elena,24,WS,turtle,1
6331,elena,24,WS,wolf,1
6331,elena,24,WS,zebra,1
6331,elena,24,WS,airplane,1
6331,elena,24,WS,bicycle,1
6331,elena,24,WS,boat,1
6331,elena,24,WS,bus,1
6331,elena,24,WS,car,1
6331,elena,24,WS,fire truck,1
6331,elena,24,WS,helicopter,1
6331,elena,24,WS,motorcycle,1
6331,elena,24,WS,sled,0
6331,elena,24,WS,stroller,1
6331,elena,24,WS,tractor,1
6331,elena,24,WS,train,1
6331,elena,24,WS,tricycle,1
6331,elena,24,WS,truck,1
6331,elena,24,WS,ball,1
6331,elena,24,WS,balloon,1
6331,elena,24,WS,bat,1
6331,elena,24,WS,block,1
6331,elena,24,WS,book,1
6331,elena,24,WS,bubbles,1
6331,elena,24,WS,chalk,1
6331,elena,24,WS,crayon,1
6331,elena,24,WS,doll,1
6331,elena,24,WS,game,1
6331,elena,24,WS,glue,0
6331,elena,24,WS,pen,1
6331,elena,24,WS,pencil,1
6331,elena,24,WS,play dough,1
6331,elena,24,WS,present,1
6331,elena,24,WS,puzzle,1
6331,elena,24,WS,story,1
6331,elena,24,WS,toy (object),1
6331,elena,24,WS,apple,1
6331,elena,24,WS,apple sauce,1
6331,elena,24,WS,banana,1
6331,elena,24,WS,beans,1
6331,elena,24,WS,bread,1
6331,elena,24,WS,butter,1
6331,elena,24,WS,cake,1
6331,elena,24,WS,candy,1
6331,elena,24,WS,carrots,1
6331,elena,24,WS,cereal,1
6331,elena,24,WS,cheerios,1
6331,elena,24,WS,cheese,1
6331,elena,24,WS,chicken (food),1
6331,elena,24,WS,chocolate,1
6331,elena,24,WS,coffee,0
6331,elena,24,WS,coke,0
6331,elena,24,WS,cookie,1
6331,elena,24,WS,corn,1
6331,elena,24,WS,cracker,1
6331,elena,24,WS,donut,0
6331,elena,24,WS,drink (beverage),1
6331,elena,24,WS,egg,1
6331,elena,24,WS,fish (food),1
6331,elena,24,WS,food,1
6331,elena,24,WS,french fries,0
6331,elena,24,WS,grapes,1
6331,elena,24,WS,green beans,1
6331,elena,24,WS,gum,0
6331,elena,24,WS,hamburger,0
6331,elena,24,WS,ice,1
6331,elena,24,WS,ice cream,1
6331,elena,24,WS,jello,0
6331,elena,24,WS,jelly,1
6331,elena,24,WS,juice,1
6331,elena,24,WS,lollipop,0
6331,elena,24,WS,meat,1
6331,elena,24,WS,melon,1
6331,elena,24,WS,milk,1
6331,elena,24,WS,muffin,1
6331,elena,24,WS,noodles,1
6331,elena,24,WS,nuts,1
6331,elena,24,WS,orange (food),1
6331,elena,24,WS,pancakes,1
6331,elena,24,WS,peanut butter,1
6331,elena,24,WS,peas,1
6331,elena,24,WS,pickle,1
6331,elena,24,WS,pizza,1
6331,elena,24,WS,popcorn,1
6331,elena,24,WS,popsicle,0
6331,elena,24,WS,potato,1
6331,elena,24,WS,potato chips,1
6331,elena,24,WS,pretzel,1
6331,elena,24,WS,pudding,0
6331,elena,24,WS,pumpkin,1
6331,elena,24,WS,raisin,1
6331,elena,24,WS,salt,1
6331,elena,24,WS,sandwich,1
6331,elena,24,WS,sauce,1
6331,elena,24,WS,soda/pop,1
6331,elena,24,WS,soup,1
6331,elena,24,WS,spaghetti,1
6331,elena,24,WS,strawberry,1
6331,elena,24,WS,toast,1
6331,elena,24,WS,tuna,1
6331,elena,24,WS,vanilla,1
6331,elena,24,WS,vitamins,0
6331,elena,24,WS,water (beverage),1
6331,elena,24,WS,yogurt,1
6331,elena,24,WS,beads,1
6331,elena,24,WS,belt,0
6331,elena,24,WS,bib,1
6331,elena,24,WS,boots,1
6331,elena,24,WS,button,1
6331,elena,24,WS,coat,1
6331,elena,24,WS,diaper,1
6331,elena,24,WS,dress (object),1
6331,elena,24,WS,gloves,0
6331,elena,24,WS,hat,1
6331,elena,24,WS,jacket,1
6331,elena,24,WS,jeans,1
6331,elena,24,WS,mittens,1
6331,elena,24,WS,necklace,1
6331,elena,24,WS,pajamas,1
6331,elena,24,WS,pants,1
6331,elena,24,WS,scarf,1
6331,elena,24,WS,shirt,1
6331,elena,24,WS,shoe,1
6331,elena,24,WS,shorts,1
6331,elena,24,WS,slipper,0
6331,elena,24,WS,sneaker,1
6331,elena,24,WS,snowsuit,0
6331,elena,24,WS,sock,1
6331,elena,24,WS,sweater,1
6331,elena,24,WS,tights,1
6331,elena,24,WS,underpants,0
6331,elena,24,WS,zipper,1
6331,elena,24,WS,ankle,0
6331,elena,24,WS,arm,1
6331,elena,24,WS,belly button,1
6331,elena,24,WS,buttocks/bottom*,1
6331,elena,24,WS,cheek,1
6331,elena,24,WS,chin,1
6331,elena,24,WS,ear,1
6331,elena,24,WS,eye,1
6331,elena,24,WS,face,1
6331,elena,24,WS,foot,1
6331,elena,24,WS,finger,1
6331,elena,24,WS,hair,1
6331,elena,24,WS,hand,1
6331,elena,24,WS,head,1
6331,elena,24,WS,knee,1
6331,elena,24,WS,leg,1
6331,elena,24,WS,lips,1
6331,elena,24,WS,mouth,1
6331,elena,24,WS,nose,1
6331,elena,24,WS,owie/boo boo,1
6331,elena,24,WS,penis*,0
6331,elena,24,WS,shoulder,1
6331,elena,24,WS,tooth,1
6331,elena,24,WS,toe,1
6331,elena,24,WS,tongue,1
6331,elena,24,WS,tummy,1
6331,elena,24,WS,vagina*,0
6331,elena,24,WS,basket,1
6331,elena,24,WS,blanket,1
6331,elena,24,WS,bottle,1
6331,elena,24,WS,box,1
6331,elena,24,WS,bowl,1
6331,elena,24,WS,broom,1
6331,elena,24,WS,brush,1
6331,elena,24,WS,bucket,1
6331,elena,24,WS,camera,1
6331,elena,24,WS,can (object),0
6331,elena,24,WS,clock,1
6331,elena,24,WS,comb,1
6331,elena,24,WS,cup,1
6331,elena,24,WS,dish,1
6331,elena,24,WS,fork,1
6331,elena,24,WS,garbage,1
6331,elena,24,WS,glass,1
6331,elena,24,WS,glasses,1
6331,elena,24,WS,hammer,1
6331,elena,24,WS,jar,0
6331,elena,24,WS,keys,1
6331,elena,24,WS,knife,1
6331,elena,24,WS,lamp,0
6331,elena,24,WS,light,1
6331,elena,24,WS,medicine,1
6331,elena,24,WS,money,1
6331,elena,24,WS,mop,0
6331,elena,24,WS,nail,1
6331,elena,24,WS,napkin,0
6331,elena,24,WS,paper,1
6331,elena,24,WS,penny,1
6331,elena,24,WS,picture,1
6331,elena,24,WS,pillow,1
6331,elena,24,WS,plant,1
6331,elena,24,WS,plate,1
6331,elena,24,WS,purse,0
6331,elena,24,WS,radio,1
6331,elena,24,WS,scissors,1
6331,elena,24,WS,soap,1
6331,elena,24,WS,spoon,1
6331,elena,24,WS,tape,1
6331,elena,24,WS,telephone,1
6331,elena,24,WS,tissue/kleenex,1
6331,elena,24,WS,toothbrush,1
6331,elena,24,WS,towel,1
6331,elena,24,WS,trash,1
6331,elena,24,WS,tray,0
6331,elena,24,WS,vacuum,1
6331,elena,24,WS,walker,0
6331,elena,24,WS,watch (object),1
6331,elena,24,WS,basement,0
6331,elena,24,WS,bathroom,1
6331,elena,24,WS,bathtub,1
6331,elena,24,WS,bed,1
6331,elena,24,WS,bedroom,1
6331,elena,24,WS,bench,1
6331,elena,24,WS,chair,1
6331,elena,24,WS,closet,1
6331,elena,24,WS,couch,1
6331,elena,24,WS,crib,1
6331,elena,24,WS,door,1
6331,elena,24,WS,drawer,1
6331,elena,24,WS,dryer,1
6331,elena,24,WS,garage,1
6331,elena,24,WS,high chair,1
6331,elena,24,WS,kitchen,1
6331,elena,24,WS,living room,1
6331,elena,24,WS,oven,1
6331,elena,24,WS,play pen,0
6331,elena,24,WS,porch,0
6331,elena,24,WS,potty,1
6331,elena,24,WS,refrigerator,1
6331,elena,24,WS,rocking chair,1
6331,elena,24,WS,room,1
6331,elena,24,WS,shower,1
6331,elena,24,WS,sink,1
6331,elena,24,WS,sofa,0
6331,elena,24,WS,stairs,1
6331,elena,24,WS,stove,1
6331,elena,24,WS,table,1
6331,elena,24,WS,TV,0
6331,elena,24,WS,washing machine,0
6331,elena,24,WS,window,1
6331,elena,24,WS,backyard,0
6331,elena,24,WS,cloud,0
6331,elena,24,WS,flag,1
6331,elena,24,WS,flower,1
6331,elena,24,WS,garden,1
6331,elena,24,WS,grass,1
6331,elena,24,WS,hose,1
6331,elena,24,WS,ladder,1
6331,elena,24,WS,lawn mower,0
6331,elena,24,WS,moon,1
6331,elena,24,WS,pool,1
6331,elena,24,WS,rain,1
6331,elena,24,WS,rock,1
6331,elena,24,WS,roof,0
6331,elena,24,WS,sandbox,1
6331,elena,24,WS,shovel,1
6331,elena,24,WS,sidewalk,1
6331,elena,24,WS,sky,1
6331,elena,24,WS,slide (object),1
6331,elena,24,WS,snow,0
6331,elena,24,WS,snowman,1
6331,elena,24,WS,sprinkler,0
6331,elena,24,WS,star,1
6331,elena,24,WS,stick,1
6331,elena,24,WS,stone,0
6331,elena,24,WS,street,1
6331,elena,24,WS,sun,1
6331,elena,24,WS,swing (object),1
6331,elena,24,WS,tree,1
6331,elena,24,WS,water (not beverage),1
6331,elena,24,WS,wind,1
6331,elena,24,WS,beach,1
6331,elena,24,WS,camping,0
6331,elena,24,WS,church*,1
6331,elena,24,WS,circus,0
6331,elena,24,WS,country,0
6331,elena,24,WS,downtown,0
6331,elena,24,WS,farm,1
6331,elena,24,WS,gas station,0
6331,elena,24,WS,home,1
6331,elena,24,WS,house,1
6331,elena,24,WS,movie,0
6331,elena,24,WS,outside,1
6331,elena,24,WS,park,1
6331,elena,24,WS,party,1
6331,elena,24,WS,picnic,1
6331,elena,24,WS,playground,0
6331,elena,24,WS,school,0
6331,elena,24,WS,store,1
6331,elena,24,WS,woods,0
6331,elena,24,WS,work (place),1
6331,elena,24,WS,yard,0
6331,elena,24,WS,zoo,1
6331,elena,24,WS,aunt,1
6331,elena,24,WS,baby,1
6331,elena,24,WS,babysitter,1
6331,elena,24,WS,babysitter's name,1
6331,elena,24,WS,boy,1
6331,elena,24,WS,brother,1
6331,elena,24,WS,child,1
6331,elena,24,WS,clown,0
6331,elena,24,WS,cowboy,0
6331,elena,24,WS,daddy*,1
6331,elena,24,WS,doctor,1
6331,elena,24,WS,fireman,0
6331,elena,24,WS,friend,1
6331,elena,24,WS,girl,1
6331,elena,24,WS,grandma*,1
6331,elena,24,WS,grandpa*,1
6331,elena,24,WS,lady,0
6331,elena,24,WS,mailman,0
6331,elena,24,WS,man,0
6331,elena,24,WS,mommy*,1
6331,elena,24,WS,nurse,0
6331,elena,24,WS,child's own name,1
6331,elena,24,WS,people,1
6331,elena,24,WS,person,1
6331,elena,24,WS,pet's name,0
6331,elena,24,WS,police,0
6331,elena,24,WS,sister,1
6331,elena,24,WS,teacher,0
6331,elena,24,WS,uncle,1
6331,elena,24,WS,bath,1
6331,elena,24,WS,breakfast,1
6331,elena,24,WS,bye,1
6331,elena,24,WS,call (on phone),0
6331,elena,24,WS,dinner,1
6331,elena,24,WS,gimme five,0
6331,elena,24,WS,gonna get you,1
6331,elena,24,WS,go potty,1
6331,elena,24,WS,hi,1
6331,elena,24,WS,hello,1
6331,elena,24,WS,lunch,1
6331,elena,24,WS,nap,1
6331,elena,24,WS,night night,1
6331,elena,24,WS,no,1
6331,elena,24,WS,patty cake,1
6331,elena,24,WS,peekaboo,1
6331,elena,24,WS,please,1
6331,elena,24,WS,shh/shush/hush,1
6331,elena,24,WS,shopping,1
6331,elena,24,WS,snack,1
6331,elena,24,WS,so big,1
6331,elena,24,WS,thank you,1
6331,elena,24,WS,this little piggy,1
6331,elena,24,WS,turn around,1
6331,elena,24,WS,yes,1
6331,elena,24,WS,bite,1
6331,elena,24,WS,blow,1
6331,elena,24,WS,break,1
6331,elena,24,WS,bring,1
6331,elena,24,WS,build,1
6331,elena,24,WS,bump,1
6331,elena,24,WS,buy,1
6331,elena,24,WS,carry,0
6331,elena,24,WS,catch,1
6331,elena,24,WS,chase,1
6331,elena,24,WS,clap,1
6331,elena,24,WS,clean (action),1
6331,elena,24,WS,climb,1
6331,elena,24,WS,close,1
6331,elena,24,WS,cook,1
6331,elena,24,WS,cover,0
6331,elena,24,WS,cry,1
6331,elena,24,WS,cut,1
6331,elena,24,WS,dance,1
6331,elena,24,WS,draw,1
6331,elena,24,WS,drink (action),1
6331,elena,24,WS,drive,1
6331,elena,24,WS,drop,1
6331,elena,24,WS,dry (action),1
6331,elena,24,WS,dump,0
6331,elena,24,WS,eat,1
6331,elena,24,WS,fall,1
6331,elena,24,WS,feed,1
6331,elena,24,WS,find,1
6331,elena,24,WS,finish,1
6331,elena,24,WS,fit,1
6331,elena,24,WS,fix,1
6331,elena,24,WS,get,1
6331,elena,24,WS,give,1
6331,elena,24,WS,go,1
6331,elena,24,WS,hate,1
6331,elena,24,WS,have,1
6331,elena,24,WS,hear,1
6331,elena,24,WS,help,1
6331,elena,24,WS,hide,1
6331,elena,24,WS,hit,1
6331,elena,24,WS,hold,1
6331,elena,24,WS,hug,1
6331,elena,24,WS,hurry,0
6331,elena,24,WS,jump,1
6331,elena,24,WS,kick,1
6331,elena,24,WS,kiss,1
6331,elena,24,WS,knock,1
6331,elena,24,WS,lick,1
6331,elena,24,WS,like,1
6331,elena,24,WS,listen,0
6331,elena,24,WS,look,1
6331,elena,24,WS,love,1
6331,elena,24,WS,make,1
6331,elena,24,WS,open,1
6331,elena,24,WS,paint,0
6331,elena,24,WS,pick,0
6331,elena,24,WS,play,1
6331,elena,24,WS,pour,1
6331,elena,24,WS,pretend,1
6331,elena,24,WS,pull,1
6331,elena,24,WS,push,1
6331,elena,24,WS,put,1
6331,elena,24,WS,read,1
6331,elena,24,WS,ride,1
6331,elena,24,WS,rip,1
6331,elena,24,WS,run,1
6331,elena,24,WS,say,1
6331,elena,24,WS,see,1
6331,elena,24,WS,shake,1
6331,elena,24,WS,share,1
6331,elena,24,WS,show,1
6331,elena,24,WS,sing,1
6331,elena,24,WS,sit,1
6331,elena,24,WS,skate,0
6331,elena,24,WS,sleep,1
6331,elena,24,WS,slide (action),1
6331,elena,24,WS,smile,1
6331,elena,24,WS,spill,1
6331,elena,24,WS,splash,1
6331,elena,24,WS,stand,1
6331,elena,24,WS,stay,1
6331,elena,24,WS,stop,1
6331,elena,24,WS,sweep,1
6331,elena,24,WS,swim,1
6331,elena,24,WS,swing (action),1
6331,elena,24,WS,take,1
6331,elena,24,WS,talk,1
6331,elena,24,WS,taste,0
6331,elena,24,WS,tear,0
6331,elena,24,WS,think,0
6331,elena,24,WS,throw,1
6331,elena,24,WS,tickle,1
6331,elena,24,WS,touch,1
6331,elena,24,WS,wait,0
6331,elena,24,WS,wake,1
6331,elena,24,WS,walk,1
6331,elena,24,WS,wash,1
6331,elena,24,WS,watch (action),1
6331,elena,24,WS,wipe,1
6331,elena,24,WS,wish,0
6331,elena,24,WS,work (action),1
6331,elena,24,WS,write,0
6331,elena,24,WS,all gone,1
6331,elena,24,WS,asleep,1
6331,elena,24,WS,awake,1
6331,elena,24,WS,bad,1
6331,elena,24,WS,better,1
6331,elena,24,WS,big,1
6331,elena,24,WS,black,1
6331,elena,24,WS,blue,1
6331,elena,24,WS,broken,1
6331,elena,24,WS,brown,1
6331,elena,24,WS,careful,0
6331,elena,24,WS,clean (description),1
6331,elena,24,WS,cold,1
6331,elena,24,WS,cute,0
6331,elena,24,WS,dark,1
6331,elena,24,WS,dirty,1
6331,elena,24,WS,dry (description),1
6331,elena,24,WS,empty,0
6331,elena,24,WS,fast,1
6331,elena,24,WS,fine,0
6331,elena,24,WS,first,0
6331,elena,24,WS,full,1
6331,elena,24,WS,gentle,1
6331,elena,24,WS,good,1
6331,elena,24,WS,green,1
6331,elena,24,WS,happy,1
6331,elena,24,WS,hard,1
6331,elena,24,WS,heavy,1
6331,elena,24,WS,high,1
6331,elena,24,WS,hot,1
6331,elena,24,WS,hungry,1
6331,elena,24,WS,hurt,1
6331,elena,24,WS,last,0
6331,elena,24,WS,little (description),1
6331,elena,24,WS,long,1
6331,elena,24,WS,loud,1
6331,elena,24,WS,mad,1
6331,elena,24,WS,naughty,0
6331,elena,24,WS,new,1
6331,elena,24,WS,nice,1
6331,elena,24,WS,noisy,1
6331,elena,24,WS,old,1
6331,elena,24,WS,orange (description),1
6331,elena,24,WS,poor,0
6331,elena,24,WS,pretty,1
6331,elena,24,WS,quiet,1
6331,elena,24,WS,red,1
6331,elena,24,WS,sad,1
6331,elena,24,WS,scared,1
6331,elena,24,WS,sick,0
6331,elena,24,WS,sleepy,1
6331,elena,24,WS,slow,1
6331,elena,24,WS,soft,1
6331,elena,24,WS,sticky,1
6331,elena,24,WS,stuck,1
6331,elena,24,WS,thirsty,1
6331,elena,24,WS,tiny,1
6331,elena,24,WS,tired,1
6331,elena,24,WS,wet,1
6331,elena,24,WS,white,1
6331,elena,24,WS,windy,1
6331,elena,24,WS,yellow,1
6331,elena,24,WS,yucky,1
6331,elena,24,WS,after,1
6331,elena,24,WS,before,1
6331,elena,24,WS,day,1
6331,elena,24,WS,later,0
6331,elena,24,WS,morning,0
6331,elena,24,WS,night,0
6331,elena,24,WS,now,0
6331,elena,24,WS,time,0
6331,elena,24,WS,today,1
6331,elena,24,WS,tomorrow,0
6331,elena,24,WS,tonight,1
6331,elena,24,WS,yesterday,0
6331,elena,24,WS,he,1
6331,elena,24,WS,her,1
6331,elena,24,WS,hers,1
6331,elena,24,WS,him,1
6331,elena,24,WS,his,1
6331,elena,24,WS,I,1
6331,elena,24,WS,it,1
6331,elena,24,WS,me,1
6331,elena,24,WS,mine,1
6331,elena,24,WS,my,1
6331,elena,24,WS,myself,0
6331,elena,24,WS,our,0
6331,elena,24,WS,she,1
6331,elena,24,WS,that,1
6331,elena,24,WS,their,0
6331,elena,24,WS,them,0
6331,elena,24,WS,these,0
6331,elena,24,WS,they,0
6331,elena,24,WS,this,1
6331,elena,24,WS,those,0
6331,elena,24,WS,us,0
6331,elena,24,WS,we,0
6331,elena,24,WS,you,1
6331,elena,24,WS,your,1
6331,elena,24,WS,yourself,0
6331,elena,24,WS,how,1
6331,elena,24,WS,what,1
6331,elena,24,WS,when,0
6331,elena,24,WS,where,1
6331,elena,24,WS,which,0
6331,elena,24,WS,who,1
6331,elena,24,WS,why,0
6331,elena,24,WS,about,0
6331,elena,24,WS,above,1
6331,elena,24,WS,around,1
6331,elena,24,WS,at,1
6331,elena,24,WS,away,1
6331,elena,24,WS,back,1
6331,elena,24,WS,behind,1
6331,elena,24,WS,beside,1
6331,elena,24,WS,by,1
6331,elena,24,WS,down,1
6331,elena,24,WS,for,1
6331,elena,24,WS,here,1
6331,elena,24,WS,inside/in,1
6331,elena,24,WS,into,0
6331,elena,24,WS,next to,1
6331,elena,24,WS,of,0
6331,elena,24,WS,off,1
6331,elena,24,WS,on,1
6331,elena,24,WS,on top of,1
6331,elena,24,WS,out,1
6331,elena,24,WS,over,1
6331,elena,24,WS,there,1
6331,elena,24,WS,to,1
6331,elena,24,WS,under,1
6331,elena,24,WS,up,1
6331,elena,24,WS,with,1
6331,elena,24,WS,a,1
6331,elena,24,WS,all,1
6331,elena,24,WS,a lot,1
6331,elena,24,WS,an,0
6331,elena,24,WS,another,1
6331,elena,24,WS,any,0
6331,elena,24,WS,each,0
6331,elena,24,WS,every,0
6331,elena,24,WS,more,1
6331,elena,24,WS,much,1
6331,elena,24,WS,not,1
6331,elena,24,WS,none,1
6331,elena,24,WS,other,1
6331,elena,24,WS,same,1
6331,elena,24,WS,some,1
6331,elena,24,WS,the,1
6331,elena,24,WS,too,1
6331,elena,24,WS,am,1
6331,elena,24,WS,are,1
6331,elena,24,WS,be,0
6331,elena,24,WS,can (auxiliary),1
6331,elena,24,WS,could,0
6331,elena,24,WS,did/did ya,0
6331,elena,24,WS,do,1
6331,elena,24,WS,does,0
6331,elena,24,WS,don't,1
6331,elena,24,WS,gonna/going to,1
6331,elena,24,WS,gotta/got to,0
6331,elena,24,WS,hafta/have to,0
6331,elena,24,WS,is,1
6331,elena,24,WS,lemme/let me,0
6331,elena,24,WS,need/need to,1
6331,elena,24,WS,try/try to,1
6331,elena,24,WS,wanna/want to,1
6331,elena,24,WS,was,1
6331,elena,24,WS,were,0
6331,elena,24,WS,will,0
6331,elena,24,WS,would,0
6331,elena,24,WS,and,1
6331,elena,24,WS,because,0
6331,elena,24,WS,but,1
6331,elena,24,WS,if,0
6331,elena,24,WS,so,0
6331,elena,24,WS,then,0
6404,elena,24,WS,baa baa,1
6404,elena,24,WS,choo choo,1
6404,elena,24,WS,cock-a-doodle-doo,1
6404,elena,24,WS,grrr,1
6404,elena,24,WS,meow,1
6404,elena,24,WS,moo,1
6404,elena,24,WS,ouch,1
6404,elena,24,WS,quack quack,1
6404,elena,24,WS,uh oh,1
6404,elena,24,WS,vroom,1
6404,elena,24,WS,woof woof,1
6404,elena,24,WS,yum yum,0
6404,elena,24,WS,alligator,1
6404,elena,24,WS,animal,1
6404,elena,24,WS,ant,1
6404,elena,24,WS,bear,1
6404,elena,24,WS,bee,1
6404,elena,24,WS,bird,1
6404,elena,24,WS,bug,1
6404,elena,24,WS,bunny,1
6404,elena,24,WS,butterfly,1
6404,elena,24,WS,cat,1
6404,elena,24,WS,chicken (animal),1
6404,elena,24,WS,cow,1
6404,elena,24,WS,deer,0
6404,elena,24,WS,dog,1
6404,elena,24,WS,donkey,0
6404,elena,24,WS,duck,1
6404,elena,24,WS,elephant,1
6404,elena,24,WS,fish (animal),1
6404,elena,24,WS,frog,1
6404,elena,24,WS,giraffe,1
6404,elena,24,WS,goose,0
6404,elena,24,WS,hen,1
6404,elena,24,WS,horse,1
6404,elena,24,WS,kitty,1
6404,elena,24,WS,lamb,0
6404,elena,24,WS,lion,1
6404,elena,24,WS,monkey,1
6404,elena,24,WS,moose,0
6404,elena,24,WS,mouse,1
6404,elena,24,WS,owl,1
6404,elena,24,WS,penguin,1
6404,elena,24,WS,pig,1
6404,elena,24,WS,pony,0
6404,elena,24,WS,puppy,1
6404,elena,24,WS,rooster,1
6404,elena,24,WS,sheep,1
6404,elena,24,WS,squirrel,1
6404,elena,24,WS,teddy bear,1
6404,elena,24,WS,tiger,1
6404,elena,24,WS,turkey,0
6404,elena,24,WS,turtle,1
6404,elena,24,WS,wolf,0
6404,elena,24,WS,zebra,1
6404,elena,24,WS,airplane,1
6404,elena,24,WS,bicycle,1
6404,elena,24,WS,boat,1
6404,elena,24,WS,bus,1
6404,elena,24,WS,car,1
6404,elena,24,WS,fire truck,1
6404,elena,24,WS,helicopter,1
6404,elena,24,WS,motorcycle,1
6404,elena,24,WS,sled,0
6404,elena,24,WS,stroller,1
6404,elena,24,WS,tractor,0
6404,elena,24,WS,train,1
6404,elena,24,WS,tricycle,0
6404,elena,24,WS,truck,1
6404,elena,24,WS,ball,1
6404,elena,24,WS,balloon,1
6404,elena,24,WS,bat,0
6404,elena,24,WS,block,1
6404,elena,24,WS,book,1
6404,elena,24,WS,bubbles,1
6404,elena,24,WS,chalk,1
6404,elena,24,WS,crayon,0
6404,elena,24,WS,doll,1
6404,elena,24,WS,game,0
6404,elena,24,WS,glue,0
6404,elena,24,WS,pen,1
6404,elena,24,WS,pencil,0
6404,elena,24,WS,play dough,1
6404,elena,24,WS,present,1
6404,elena,24,WS,puzzle,1
6404,elena,24,WS,story,1
6404,elena,24,WS,toy (object),1
6404,elena,24,WS,apple,1
6404,elena,24,WS,apple sauce,0
6404,elena,24,WS,banana,1
6404,elena,24,WS,beans,1
6404,elena,24,WS,bread,1
6404,elena,24,WS,butter,0
6404,elena,24,WS,cake,1
6404,elena,24,WS,candy,0
6404,elena,24,WS,carrots,1
6404,elena,24,WS,cereal,1
6404,elena,24,WS,cheerios,1
6404,elena,24,WS,cheese,1
6404,elena,24,WS,chicken (food),1
6404,elena,24,WS,chocolate,1
6404,elena,24,WS,coffee,1
6404,elena,24,WS,coke,0
6404,elena,24,WS,cookie,1
6404,elena,24,WS,corn,1
6404,elena,24,WS,cracker,1
6404,elena,24,WS,donut,0
6404,elena,24,WS,drink (beverage),1
6404,elena,24,WS,egg,1
6404,elena,24,WS,fish (food),1
6404,elena,24,WS,food,1
6404,elena,24,WS,french fries,1
6404,elena,24,WS,grapes,1
6404,elena,24,WS,green beans,1
6404,elena,24,WS,gum,0
6404,elena,24,WS,hamburger,1
6404,elena,24,WS,ice,1
6404,elena,24,WS,ice cream,1
6404,elena,24,WS,jello,0
6404,elena,24,WS,jelly,1
6404,elena,24,WS,juice,1
6404,elena,24,WS,lollipop,1
6404,elena,24,WS,meat,0
6404,elena,24,WS,melon,0
6404,elena,24,WS,milk,1
6404,elena,24,WS,muffin,0
6404,elena,24,WS,noodles,1
6404,elena,24,WS,nuts,0
6404,elena,24,WS,orange (food),1
6404,elena,24,WS,pancakes,0
6404,elena,24,WS,peanut butter,0
6404,elena,24,WS,peas,0
6404,elena,24,WS,pickle,0
6404,elena,24,WS,pizza,1
6404,elena,24,WS,popcorn,1
6404,elena,24,WS,popsicle,1
6404,elena,24,WS,potato,0
6404,elena,24,WS,potato chips,0
6404,elena,24,WS,pretzel,1
6404,elena,24,WS,pudding,0
6404,elena,24,WS,pumpkin,1
6404,elena,24,WS,raisin,1
6404,elena,24,WS,salt,0
6404,elena,24,WS,sandwich,1
6404,elena,24,WS,sauce,1
6404,elena,24,WS,soda/pop,0
6404,elena,24,WS,soup,0
6404,elena,24,WS,spaghetti,1
6404,elena,24,WS,strawberry,1
6404,elena,24,WS,toast,1
6404,elena,24,WS,tuna,0
6404,elena,24,WS,vanilla,0
6404,elena,24,WS,vitamins,1
6404,elena,24,WS,water (beverage),1
6404,elena,24,WS,yogurt,1
6404,elena,24,WS,beads,1
6404,elena,24,WS,belt,1
6404,elena,24,WS,bib,1
6404,elena,24,WS,boots,1
6404,elena,24,WS,button,1
6404,elena,24,WS,coat,1
6404,elena,24,WS,diaper,1
6404,elena,24,WS,dress (object),0
6404,elena,24,WS,gloves,1
6404,elena,24,WS,hat,1
6404,elena,24,WS,jacket,1
6404,elena,24,WS,jeans,0
6404,elena,24,WS,mittens,0
6404,elena,24,WS,necklace,1
6404,elena,24,WS,pajamas,1
6404,elena,24,WS,pants,1
6404,elena,24,WS,scarf,1
6404,elena,24,WS,shirt,1
6404,elena,24,WS,shoe,1
6404,elena,24,WS,shorts,1
6404,elena,24,WS,slipper,1
6404,elena,24,WS,sneaker,1
6404,elena,24,WS,snowsuit,0
6404,elena,24,WS,sock,1
6404,elena,24,WS,sweater,1
6404,elena,24,WS,tights,0
6404,elena,24,WS,underpants,0
6404,elena,24,WS,zipper,1
6404,elena,24,WS,ankle,0
6404,elena,24,WS,arm,1
6404,elena,24,WS,belly button,1
6404,elena,24,WS,buttocks/bottom*,1
6404,elena,24,WS,cheek,1
6404,elena,24,WS,chin,1
6404,elena,24,WS,ear,1
6404,elena,24,WS,eye,1
6404,elena,24,WS,face,1
6404,elena,24,WS,foot,1
6404,elena,24,WS,finger,1
6404,elena,24,WS,hair,1
6404,elena,24,WS,hand,1
6404,elena,24,WS,head,1
6404,elena,24,WS,knee,1
6404,elena,24,WS,leg,1
6404,elena,24,WS,lips,1
6404,elena,24,WS,mouth,1
6404,elena,24,WS,nose,1
6404,elena,24,WS,owie/boo boo,1
6404,elena,24,WS,penis*,0
6404,elena,24,WS,shoulder,1
6404,elena,24,WS,tooth,1
6404,elena,24,WS,toe,1
6404,elena,24,WS,tongue,1
6404,elena,24,WS,tummy,1
6404,elena,24,WS,vagina*,1
6404,elena,24,WS,basket,1
6404,elena,24,WS,blanket,1
6404,elena,24,WS,bottle,1
6404,elena,24,WS,box,1
6404,elena,24,WS,bowl,1
6404,elena,24,WS,broom,1
6404,elena,24,WS,brush,1
6404,elena,24,WS,bucket,1
6404,elena,24,WS,camera,1
6404,elena,24,WS,can (object),0
6404,elena,24,WS,clock,0
6404,elena,24,WS,comb,0
6404,elena,24,WS,cup,1
6404,elena,24,WS,dish,0
6404,elena,24,WS,fork,1
6404,elena,24,WS,garbage,1
6404,elena,24,WS,glass,1
6404,elena,24,WS,glasses,1
6404,elena,24,WS,hammer,1
6404,elena,24,WS,jar,0
6404,elena,24,WS,keys,1
6404,elena,24,WS,knife,1
6404,elena,24,WS,lamp,0
6404,elena,24,WS,light,1
6404,elena,24,WS,medicine,1
6404,elena,24,WS,money,0
6404,elena,24,WS,mop,0
6404,elena,24,WS,nail,0
6404,elena,24,WS,napkin,1
6404,elena,24,WS,paper,1
6404,elena,24,WS,penny,0
6404,elena,24,WS,picture,1
6404,elena,24,WS,pillow,1
6404,elena,24,WS,plant,1
6404,elena,24,WS,plate,1
6404,elena,24,WS,purse,0
6404,elena,24,WS,radio,0
6404,elena,24,WS,scissors,1
6404,elena,24,WS,soap,1
6404,elena,24,WS,spoon,1
6404,elena,24,WS,tape,1
6404,elena,24,WS,telephone,1
6404,elena,24,WS,tissue/kleenex,1
6404,elena,24,WS,toothbrush,1
6404,elena,24,WS,towel,1
6404,elena,24,WS,trash,1
6404,elena,24,WS,tray,0
6404,elena,24,WS,vacuum,0
6404,elena,24,WS,walker,0
6404,elena,24,WS,watch (object),1
6404,elena,24,WS,basement,0
6404,elena,24,WS,bathroom,1
6404,elena,24,WS,bathtub,1
6404,elena,24,WS,bed,1
6404,elena,24,WS,bedroom,1
6404,elena,24,WS,bench,1
6404,elena,24,WS,chair,1
6404,elena,24,WS,closet,1
6404,elena,24,WS,couch,0
6404,elena,24,WS,crib,1
6404,elena,24,WS,door,1
6404,elena,24,WS,drawer,1
6404,elena,24,WS,dryer,0
6404,elena,24,WS,garage,0
6404,elena,24,WS,high chair,1
6404,elena,24,WS,kitchen,1
6404,elena,24,WS,living room,1
6404,elena,24,WS,oven,1
6404,elena,24,WS,play pen,0
6404,elena,24,WS,porch,0
6404,elena,24,WS,potty,1
6404,elena,24,WS,refrigerator,1
6404,elena,24,WS,rocking chair,0
6404,elena,24,WS,room,1
6404,elena,24,WS,shower,1
6404,elena,24,WS,sink,1
6404,elena,24,WS,sofa,0
6404,elena,24,WS,stairs,1
6404,elena,24,WS,stove,0
6404,elena,24,WS,table,1
6404,elena,24,WS,TV,0
6404,elena,24,WS,washing machine,0
6404,elena,24,WS,window,1
6404,elena,24,WS,backyard,0
6404,elena,24,WS,cloud,1
6404,elena,24,WS,flag,1
6404,elena,24,WS,flower,1
6404,elena,24,WS,garden,1
6404,elena,24,WS,grass,1
6404,elena,24,WS,hose,1
6404,elena,24,WS,ladder,1
6404,elena,24,WS,lawn mower,0
6404,elena,24,WS,moon,1
6404,elena,24,WS,pool,1
6404,elena,24,WS,rain,1
6404,elena,24,WS,rock,1
6404,elena,24,WS,roof,1
6404,elena,24,WS,sandbox,1
6404,elena,24,WS,shovel,1
6404,elena,24,WS,sidewalk,1
6404,elena,24,WS,sky,1
6404,elena,24,WS,slide (object),1
6404,elena,24,WS,snow,1
6404,elena,24,WS,snowman,0
6404,elena,24,WS,sprinkler,1
6404,elena,24,WS,star,1
6404,elena,24,WS,stick,1
6404,elena,24,WS,stone,0
6404,elena,24,WS,street,1
6404,elena,24,WS,sun,1
6404,elena,24,WS,swing (object),1
6404,elena,24,WS,tree,1
6404,elena,24,WS,water (not beverage),1
6404,elena,24,WS,wind,1
6404,elena,24,WS,beach,0
6404,elena,24,WS,camping,1
6404,elena,24,WS,church*,0
6404,elena,24,WS,circus,0
6404,elena,24,WS,country,0
6404,elena,24,WS,downtown,0
6404,elena,24,WS,farm,1
6404,elena,24,WS,gas station,0
6404,elena,24,WS,home,0
6404,elena,24,WS,house,1
6404,elena,24,WS,movie,1
6404,elena,24,WS,outside,1
6404,elena,24,WS,park,1
6404,elena,24,WS,party,1
6404,elena,24,WS,picnic,0
6404,elena,24,WS,playground,1
6404,elena,24,WS,school,1
6404,elena,24,WS,store,1
6404,elena,24,WS,woods,0
6404,elena,24,WS,work (place),1
6404,elena,24,WS,yard,0
6404,elena,24,WS,zoo,1
6404,elena,24,WS,aunt,0
6404,elena,24,WS,baby,1
6404,elena,24,WS,babysitter,0
6404,elena,24,WS,babysitter's name,1
6404,elena,24,WS,boy,1
6404,elena,24,WS,brother,1
6404,elena,24,WS,child,0
6404,elena,24,WS,clown,1
6404,elena,24,WS,cowboy,0
6404,elena,24,WS,daddy*,1
6404,elena,24,WS,doctor,1
6404,elena,24,WS,fireman,1
6404,elena,24,WS,friend,1
6404,elena,24,WS,girl,1
6404,elena,24,WS,grandma*,1
6404,elena,24,WS,grandpa*,1
6404,elena,24,WS,lady,0
6404,elena,24,WS,mailman,0
6404,elena,24,WS,man,1
6404,elena,24,WS,mommy*,1
6404,elena,24,WS,nurse,0
6404,elena,24,WS,child's own name,1
6404,elena,24,WS,people,0
6404,elena,24,WS,person,0
6404,elena,24,WS,pet's name,1
6404,elena,24,WS,police,0
6404,elena,24,WS,sister,1
6404,elena,24,WS,teacher,1
6404,elena,24,WS,uncle,0
6404,elena,24,WS,bath,1
6404,elena,24,WS,breakfast,1
6404,elena,24,WS,bye,1
6404,elena,24,WS,call (on phone),1
6404,elena,24,WS,dinner,1
6404,elena,24,WS,gimme five,1
6404,elena,24,WS,gonna get you,1
6404,elena,24,WS,go potty,1
6404,elena,24,WS,hi,1
6404,elena,24,WS,hello,1
6404,elena,24,WS,lunch,1
6404,elena,24,WS,nap,1
6404,elena,24,WS,night night,1
6404,elena,24,WS,no,1
6404,elena,24,WS,patty cake,0
6404,elena,24,WS,peekaboo,1
6404,elena,24,WS,please,1
6404,elena,24,WS,shh/shush/hush,1
6404,elena,24,WS,shopping,0
6404,elena,24,WS,snack,1
6404,elena,24,WS,so big,1
6404,elena,24,WS,thank you,1
6404,elena,24,WS,this little piggy,1
6404,elena,24,WS,turn around,1
6404,elena,24,WS,yes,1
6404,elena,24,WS,bite,1
6404,elena,24,WS,blow,1
6404,elena,24,WS,break,1
6404,elena,24,WS,bring,1
6404,elena,24,WS,build,1
6404,elena,24,WS,bump,1
6404,elena,24,WS,buy,0
6404,elena,24,WS,carry,1
6404,elena,24,WS,catch,1
6404,elena,24,WS,chase,1
6404,elena,24,WS,clap,1
6404,elena,24,WS,clean (action),1
6404,elena,24,WS,climb,1
6404,elena,24,WS,close,1
6404,elena,24,WS,cook,1
6404,elena,24,WS,cover,0
6404,elena,24,WS,cry,1
6404,elena,24,WS,cut,1
6404,elena,24,WS,dance,1
6404,elena,24,WS,draw,1
6404,elena,24,WS,drink (action),1
6404,elena,24,WS,drive,1
6404,elena,24,WS,drop,1
6404,elena,24,WS,dry (action),1
6404,elena,24,WS,dump,1
6404,elena,24,WS,eat,1
6404,elena,24,WS,fall,1
6404,elena,24,WS,feed,1
6404,elena,24,WS,find,1
6404,elena,24,WS,finish,1
6404,elena,24,WS,fit,0
6404,elena,24,WS,fix,1
6404,elena,24,WS,get,1
6404,elena,24,WS,give,1
6404,elena,24,WS,go,1
6404,elena,24,WS,hate,0
6404,elena,24,WS,have,1
6404,elena,24,WS,hear,1
6404,elena,24,WS,help,1
6404,elena,24,WS,hide,1
6404,elena,24,WS,hit,0
6404,elena,24,WS,hold,1
6404,elena,24,WS,hug,1
6404,elena,24,WS,hurry,1
6404,elena,24,WS,jump,1
6404,elena,24,WS,kick,1
6404,elena,24,WS,kiss,1
6404,elena,24,WS,knock,1
6404,elena,24,WS,lick,1
6404,elena,24,WS,like,1
6404,elena,24,WS,listen,1
6404,elena,24,WS,look,1
6404,elena,24,WS,love,1
6404,elena,24,WS,make,1
6404,elena,24,WS,open,1
6404,elena,24,WS,paint,1
6404,elena,24,WS,pick,1
6404,elena,24,WS,play,1
6404,elena,24,WS,pour,1
6404,elena,24,WS,pretend,0
6404,elena,24,WS,pull,1
6404,elena,24,WS,push,1
6404,elena,24,WS,put,1
6404,elena,24,WS,read,1
6404,elena,24,WS,ride,1
6404,elena,24,WS,rip,0
6404,elena,24,WS,run,1
6404,elena,24,WS,say,1
6404,elena,24,WS,see,1
6404,elena,24,WS,shake,1
6404,elena,24,WS,share,1
6404,elena,24,WS,show,1
6404,elena,24,WS,sing,1
6404,elena,24,WS,sit,1
6404,elena,24,WS,skate,0
6404,elena,24,WS,sleep,1
6404,elena,24,WS,slide (action),1
6404,elena,24,WS,smile,1
6404,elena,24,WS,spill,1
6404,elena,24,WS,splash,1
6404,elena,24,WS,stand,1
6404,elena,24,WS,stay,1
6404,elena,24,WS,stop,1
6404,elena,24,WS,sweep,0
6404,elena,24,WS,swim,1
6404,elena,24,WS,swing (action),1
6404,elena,24,WS,take,1
6404,elena,24,WS,talk,1
6404,elena,24,WS,taste,0
6404,elena,24,WS,tear,1
6404,elena,24,WS,think,0
6404,elena,24,WS,throw,1
6404,elena,24,WS,tickle,1
6404,elena,24,WS,touch,1
6404,elena,24,WS,wait,0
6404,elena,24,WS,wake,0
6404,elena,24,WS,walk,1
6404,elena,24,WS,wash,1
6404,elena,24,WS,watch (action),1
6404,elena,24,WS,wipe,1
6404,elena,24,WS,wish,0
6404,elena,24,WS,work (action),1
6404,elena,24,WS,write,0
6404,elena,24,WS,all gone,1
6404,elena,24,WS,asleep,1
6404,elena,24,WS,awake,1
6404,elena,24,WS,bad,0
6404,elena,24,WS,better,1
6404,elena,24,WS,big,1
6404,elena,24,WS,black,1
6404,elena,24,WS,blue,1
6404,elena,24,WS,broken,1
6404,elena,24,WS,brown,0
6404,elena,24,WS,careful,1
6404,elena,24,WS,clean (description),1
6404,elena,24,WS,cold,1
6404,elena,24,WS,cute,0
6404,elena,24,WS,dark,1
6404,elena,24,WS,dirty,1
6404,elena,24,WS,dry (description),1
6404,elena,24,WS,empty,1
6404,elena,24,WS,fast,1
6404,elena,24,WS,fine,0
6404,elena,24,WS,first,1
6404,elena,24,WS,full,1
6404,elena,24,WS,gentle,1
6404,elena,24,WS,good,0
6404,elena,24,WS,green,1
6404,elena,24,WS,happy,1
6404,elena,24,WS,hard,1
6404,elena,24,WS,heavy,1
6404,elena,24,WS,high,1
6404,elena,24,WS,hot,1
6404,elena,24,WS,hungry,1
6404,elena,24,WS,hurt,1
6404,elena,24,WS,last,0
6404,elena,24,WS,little (description),1
6404,elena,24,WS,long,1
6404,elena,24,WS,loud,1
6404,elena,24,WS,mad,0
6404,elena,24,WS,naughty,0
6404,elena,24,WS,new,1
6404,elena,24,WS,nice,0
6404,elena,24,WS,noisy,1
6404,elena,24,WS,old,1
6404,elena,24,WS,orange (description),1
6404,elena,24,WS,poor,0
6404,elena,24,WS,pretty,0
6404,elena,24,WS,quiet,1
6404,elena,24,WS,red,1
6404,elena,24,WS,sad,1
6404,elena,24,WS,scared,1
6404,elena,24,WS,sick,0
6404,elena,24,WS,sleepy,0
6404,elena,24,WS,slow,1
6404,elena,24,WS,soft,1
6404,elena,24,WS,sticky,1
6404,elena,24,WS,stuck,1
6404,elena,24,WS,thirsty,0
6404,elena,24,WS,tiny,0
6404,elena,24,WS,tired,1
6404,elena,24,WS,wet,1
6404,elena,24,WS,white,1
6404,elena,24,WS,windy,1
6404,elena,24,WS,yellow,1
6404,elena,24,WS,yucky,1
6404,elena,24,WS,after,0
6404,elena,24,WS,before,0
6404,elena,24,WS,day,0
6404,elena,24,WS,later,1
6404,elena,24,WS,morning,0
6404,elena,24,WS,night,1
6404,elena,24,WS,now,1
6404,elena,24,WS,time,0
6404,elena,24,WS,today,0
6404,elena,24,WS,tomorrow,0
6404,elena,24,WS,tonight,0
6404,elena,24,WS,yesterday,0
6404,elena,24,WS,he,1
6404,elena,24,WS,her,1
6404,elena,24,WS,hers,1
6404,elena,24,WS,him,1
6404,elena,24,WS,his,1
6404,elena,24,WS,I,1
6404,elena,24,WS,it,1
6404,elena,24,WS,me,1
6404,elena,24,WS,mine,1
6404,elena,24,WS,my,1
6404,elena,24,WS,myself,1
6404,elena,24,WS,our,0
6404,elena,24,WS,she,1
6404,elena,24,WS,that,1
6404,elena,24,WS,their,0
6404,elena,24,WS,them,0
6404,elena,24,WS,these,1
6404,elena,24,WS,they,0
6404,elena,24,WS,this,1
6404,elena,24,WS,those,1
6404,elena,24,WS,us,0
6404,elena,24,WS,we,0
6404,elena,24,WS,you,1
6404,elena,24,WS,your,1
6404,elena,24,WS,yourself,0
6404,elena,24,WS,how,0
6404,elena,24,WS,what,1
6404,elena,24,WS,when,0
6404,elena,24,WS,where,1
6404,elena,24,WS,which,0
6404,elena,24,WS,who,1
6404,elena,24,WS,why,1
6404,elena,24,WS,about,0
6404,elena,24,WS,above,0
6404,elena,24,WS,around,0
6404,elena,24,WS,at,1
6404,elena,24,WS,away,0
6404,elena,24,WS,back,1
6404,elena,24,WS,behind,1
6404,elena,24,WS,beside,0
6404,elena,24,WS,by,1
6404,elena,24,WS,down,1
6404,elena,24,WS,for,0
6404,elena,24,WS,here,1
6404,elena,24,WS,inside/in,1
6404,elena,24,WS,into,0
6404,elena,24,WS,next to,1
6404,elena,24,WS,of,0
6404,elena,24,WS,off,1
6404,elena,24,WS,on,1
6404,elena,24,WS,on top of,1
6404,elena,24,WS,out,1
6404,elena,24,WS,over,1
6404,elena,24,WS,there,1
6404,elena,24,WS,to,1
6404,elena,24,WS,under,1
6404,elena,24,WS,up,1
6404,elena,24,WS,with,0
6404,elena,24,WS,a,1
6404,elena,24,WS,all,1
6404,elena,24,WS,a lot,1
6404,elena,24,WS,an,0
6404,elena,24,WS,another,1
6404,elena,24,WS,any,0
6404,elena,24,WS,each,0
6404,elena,24,WS,every,0
6404,elena,24,WS,more,1
6404,elena,24,WS,much,1
6404,elena,24,WS,not,1
6404,elena,24,WS,none,1
6404,elena,24,WS,other,0
6404,elena,24,WS,same,1
6404,elena,24,WS,some,1
6404,elena,24,WS,the,1
6404,elena,24,WS,too,1
6404,elena,24,WS,am,1
6404,elena,24,WS,are,1
6404,elena,24,WS,be,1
6404,elena,24,WS,can (auxiliary),1
6404,elena,24,WS,could,0
6404,elena,24,WS,did/did ya,1
6404,elena,24,WS,do,1
6404,elena,24,WS,does,1
6404,elena,24,WS,don't,1
6404,elena,24,WS,gonna/going to,1
6404,elena,24,WS,gotta/got to,0
6404,elena,24,WS,hafta/have to,0
6404,elena,24,WS,is,1
6404,elena,24,WS,lemme/let me,1
6404,elena,24,WS,need/need to,0
6404,elena,24,WS,try/try to,1
6404,elena,24,WS,wanna/want to,1
6404,elena,24,WS,was,1
6404,elena,24,WS,were,0
6404,elena,24,WS,will,1
6404,elena,24,WS,would,0
6404,elena,24,WS,and,0
6404,elena,24,WS,because,0
6404,elena,24,WS,but,0
6404,elena,24,WS,if,0
6404,elena,24,WS,so,0
6404,elena,24,WS,then,0
6597,elena,26,WS,baa baa,1
6597,elena,26,WS,choo choo,1
6597,elena,26,WS,cock-a-doodle-doo,0
6597,elena,26,WS,grrr,1
6597,elena,26,WS,meow,0
6597,elena,26,WS,moo,1
6597,elena,26,WS,ouch,1
6597,elena,26,WS,quack quack,1
6597,elena,26,WS,uh oh,1
6597,elena,26,WS,vroom,1
6597,elena,26,WS,woof woof,1
6597,elena,26,WS,yum yum,1
6597,elena,26,WS,alligator,0
6597,elena,26,WS,animal,1
6597,elena,26,WS,ant,1
6597,elena,26,WS,bear,1
6597,elena,26,WS,bee,1
6597,elena,26,WS,bird,1
6597,elena,26,WS,bug,1
6597,elena,26,WS,bunny,1
6597,elena,26,WS,butterfly,1
6597,elena,26,WS,cat,1
6597,elena,26,WS,chicken (animal),1
6597,elena,26,WS,cow,1
6597,elena,26,WS,deer,0
6597,elena,26,WS,dog,1
6597,elena,26,WS,donkey,1
6597,elena,26,WS,duck,1
6597,elena,26,WS,elephant,1
6597,elena,26,WS,fish (animal),1
6597,elena,26,WS,frog,1
6597,elena,26,WS,giraffe,1
6597,elena,26,WS,goose,0
6597,elena,26,WS,hen,0
6597,elena,26,WS,horse,1
6597,elena,26,WS,kitty,0
6597,elena,26,WS,lamb,1
6597,elena,26,WS,lion,1
6597,elena,26,WS,monkey,1
6597,elena,26,WS,moose,0
6597,elena,26,WS,mouse,0
6597,elena,26,WS,owl,1
6597,elena,26,WS,penguin,1
6597,elena,26,WS,pig,1
6597,elena,26,WS,pony,0
6597,elena,26,WS,puppy,1
6597,elena,26,WS,rooster,0
6597,elena,26,WS,sheep,0
6597,elena,26,WS,squirrel,0
6597,elena,26,WS,teddy bear,1
6597,elena,26,WS,tiger,1
6597,elena,26,WS,turkey,0
6597,elena,26,WS,turtle,1
6597,elena,26,WS,wolf,0
6597,elena,26,WS,zebra,1
6597,elena,26,WS,airplane,1
6597,elena,26,WS,bicycle,1
6597,elena,26,WS,boat,1
6597,elena,26,WS,bus,1
6597,elena,26,WS,car,1
6597,elena,26,WS,fire truck,1
6597,elena,26,WS,helicopter,1
6597,elena,26,WS,motorcycle,0
6597,elena,26,WS,sled,0
6597,elena,26,WS,stroller,1
6597,elena,26,WS,tractor,1
6597,elena,26,WS,train,1
6597,elena,26,WS,tricycle,0
6597,elena,26,WS,truck,1
6597,elena,26,WS,ball,1
6597,elena,26,WS,balloon,1
6597,elena,26,WS,bat,1
6597,elena,26,WS,block,0
6597,elena,26,WS,book,1
6597,elena,26,WS,bubbles,1
6597,elena,26,WS,chalk,0
6597,elena,26,WS,crayon,1
6597,elena,26,WS,doll,1
6597,elena,26,WS,game,0
6597,elena,26,WS,glue,0
6597,elena,26,WS,pen,1
6597,elena,26,WS,pencil,0
6597,elena,26,WS,play dough,0
6597,elena,26,WS,present,0
6597,elena,26,WS,puzzle,0
6597,elena,26,WS,story,1
6597,elena,26,WS,toy (object),1
6597,elena,26,WS,apple,1
6597,elena,26,WS,apple sauce,1
6597,elena,26,WS,banana,1
6597,elena,26,WS,beans,0
6597,elena,26,WS,bread,1
6597,elena,26,WS,butter,1
6597,elena,26,WS,cake,1
6597,elena,26,WS,candy,1
6597,elena,26,WS,carrots,1
6597,elena,26,WS,cereal,1
6597,elena,26,WS,cheerios,1
6597,elena,26,WS,cheese,1
6597,elena,26,WS,chicken (food),1
6597,elena,26,WS,chocolate,1
6597,elena,26,WS,coffee,0
6597,elena,26,WS,coke,0
6597,elena,26,WS,cookie,1
6597,elena,26,WS,corn,0
6597,elena,26,WS,cracker,1
6597,elena,26,WS,donut,1
6597,elena,26,WS,drink (beverage),1
6597,elena,26,WS,egg,1
6597,elena,26,WS,fish (food),1
6597,elena,26,WS,food,1
6597,elena,26,WS,french fries,1
6597,elena,26,WS,grapes,1
6597,elena,26,WS,green beans,0
6597,elena,26,WS,gum,0
6597,elena,26,WS,hamburger,1
6597,elena,26,WS,ice,0
6597,elena,26,WS,ice cream,1
6597,elena,26,WS,jello,0
6597,elena,26,WS,jelly,1
6597,elena,26,WS,juice,0
6597,elena,26,WS,lollipop,1
6597,elena,26,WS,meat,0
6597,elena,26,WS,melon,0
6597,elena,26,WS,milk,1
6597,elena,26,WS,muffin,0
6597,elena,26,WS,noodles,1
6597,elena,26,WS,nuts,0
6597,elena,26,WS,orange (food),1
6597,elena,26,WS,pancakes,0
6597,elena,26,WS,peanut butter,1
6597,elena,26,WS,peas,1
6597,elena,26,WS,pickle,0
6597,elena,26,WS,pizza,1
6597,elena,26,WS,popcorn,0
6597,elena,26,WS,popsicle,1
6597,elena,26,WS,potato,0
6597,elena,26,WS,potato chips,0
6597,elena,26,WS,pretzel,0
6597,elena,26,WS,pudding,0
6597,elena,26,WS,pumpkin,0
6597,elena,26,WS,raisin,1
6597,elena,26,WS,salt,0
6597,elena,26,WS,sandwich,1
6597,elena,26,WS,sauce,0
6597,elena,26,WS,soda/pop,0
6597,elena,26,WS,soup,0
6597,elena,26,WS,spaghetti,1
6597,elena,26,WS,strawberry,1
6597,elena,26,WS,toast,0
6597,elena,26,WS,tuna,0
6597,elena,26,WS,vanilla,0
6597,elena,26,WS,vitamins,0
6597,elena,26,WS,water (beverage),1
6597,elena,26,WS,yogurt,1
6597,elena,26,WS,beads,0
6597,elena,26,WS,belt,0
6597,elena,26,WS,bib,0
6597,elena,26,WS,boots,1
6597,elena,26,WS,button,1
6597,elena,26,WS,coat,0
6597,elena,26,WS,diaper,1
6597,elena,26,WS,dress (object),0
6597,elena,26,WS,gloves,1
6597,elena,26,WS,hat,1
6597,elena,26,WS,jacket,1
6597,elena,26,WS,jeans,1
6597,elena,26,WS,mittens,0
6597,elena,26,WS,necklace,1
6597,elena,26,WS,pajamas,1
6597,elena,26,WS,pants,0
6597,elena,26,WS,scarf,0
6597,elena,26,WS,shirt,0
6597,elena,26,WS,shoe,1
6597,elena,26,WS,shorts,1
6597,elena,26,WS,slipper,0
6597,elena,26,WS,sneaker,0
6597,elena,26,WS,snowsuit,0
6597,elena,26,WS,sock,1
6597,elena,26,WS,sweater,0
6597,elena,26,WS,tights,0
6597,elena,26,WS,underpants,1
6597,elena,26,WS,zipper,0
6597,elena,26,WS,ankle,0
6597,elena,26,WS,arm,1
6597,elena,26,WS,belly button,1
6597,elena,26,WS,buttocks/bottom*,1
6597,elena,26,WS,cheek,1
6597,elena,26,WS,chin,0
6597,elena,26,WS,ear,1
6597,elena,26,WS,eye,1
6597,elena,26,WS,face,1
6597,elena,26,WS,foot,1
6597,elena,26,WS,finger,1
6597,elena,26,WS,hair,1
6597,elena,26,WS,hand,1
6597,elena,26,WS,head,1
6597,elena,26,WS,knee,0
6597,elena,26,WS,leg,1
6597,elena,26,WS,lips,0
6597,elena,26,WS,mouth,1
6597,elena,26,WS,nose,1
6597,elena,26,WS,owie/boo boo,1
6597,elena,26,WS,penis*,1
6597,elena,26,WS,shoulder,0
6597,elena,26,WS,tooth,1
6597,elena,26,WS,toe,1
6597,elena,26,WS,tongue,1
6597,elena,26,WS,tummy,1
6597,elena,26,WS,vagina*,0
6597,elena,26,WS,basket,0
6597,elena,26,WS,blanket,1
6597,elena,26,WS,bottle,0
6597,elena,26,WS,box,0
6597,elena,26,WS,bowl,1
6597,elena,26,WS,broom,1
6597,elena,26,WS,brush,1
6597,elena,26,WS,bucket,1
6597,elena,26,WS,camera,1
6597,elena,26,WS,can (object),0
6597,elena,26,WS,clock,1
6597,elena,26,WS,comb,0
6597,elena,26,WS,cup,1
6597,elena,26,WS,dish,1
6597,elena,26,WS,fork,0
6597,elena,26,WS,garbage,0
6597,elena,26,WS,glass,1
6597,elena,26,WS,glasses,1
6597,elena,26,WS,hammer,1
6597,elena,26,WS,jar,0
6597,elena,26,WS,keys,1
6597,elena,26,WS,knife,0
6597,elena,26,WS,lamp,0
6597,elena,26,WS,light,0
6597,elena,26,WS,medicine,0
6597,elena,26,WS,money,1
6597,elena,26,WS,mop,0
6597,elena,26,WS,nail,0
6597,elena,26,WS,napkin,0
6597,elena,26,WS,paper,1
6597,elena,26,WS,penny,0
6597,elena,26,WS,picture,0
6597,elena,26,WS,pillow,0
6597,elena,26,WS,plant,1
6597,elena,26,WS,plate,0
6597,elena,26,WS,purse,0
6597,elena,26,WS,radio,0
6597,elena,26,WS,scissors,1
6597,elena,26,WS,soap,0
6597,elena,26,WS,spoon,1
6597,elena,26,WS,tape,1
6597,elena,26,WS,telephone,1
6597,elena,26,WS,tissue/kleenex,1
6597,elena,26,WS,toothbrush,1
6597,elena,26,WS,towel,1
6597,elena,26,WS,trash,1
6597,elena,26,WS,tray,0
6597,elena,26,WS,vacuum,1
6597,elena,26,WS,walker,0
6597,elena,26,WS,watch (object),0
6597,elena,26,WS,basement,0
6597,elena,26,WS,bathroom,0
6597,elena,26,WS,bathtub,0
6597,elena,26,WS,bed,1
6597,elena,26,WS,bedroom,1
6597,elena,26,WS,bench,0
6597,elena,26,WS,chair,1
6597,elena,26,WS,closet,0
6597,elena,26,WS,couch,0
6597,elena,26,WS,crib,0
6597,elena,26,WS,door,1
6597,elena,26,WS,drawer,0
6597,elena,26,WS,dryer,0
6597,elena,26,WS,garage,0
6597,elena,26,WS,high chair,0
6597,elena,26,WS,kitchen,0
6597,elena,26,WS,living room,0
6597,elena,26,WS,oven,0
6597,elena,26,WS,play pen,0
6597,elena,26,WS,porch,0
6597,elena,26,WS,potty,1
6597,elena,26,WS,refrigerator,0
6597,elena,26,WS,rocking chair,0
6597,elena,26,WS,room,0
6597,elena,26,WS,shower,0
6597,elena,26,WS,sink,0
6597,elena,26,WS,sofa,0
6597,elena,26,WS,stairs,1
6597,elena,26,WS,stove,0
6597,elena,26,WS,table,0
6597,elena,26,WS,TV,1
6597,elena,26,WS,washing machine,0
6597,elena,26,WS,window,1
6597,elena,26,WS,backyard,1
6597,elena,26,WS,cloud,1
6597,elena,26,WS,flag,0
6597,elena,26,WS,flower,1
6597,elena,26,WS,garden,1
6597,elena,26,WS,grass,1
6597,elena,26,WS,hose,1
6597,elena,26,WS,ladder,1
6597,elena,26,WS,lawn mower,1
6597,elena,26,WS,moon,1
6597,elena,26,WS,pool,1
6597,elena,26,WS,rain,1
6597,elena,26,WS,rock,0
6597,elena,26,WS,roof,0
6597,elena,26,WS,sandbox,0
6597,elena,26,WS,shovel,1
6597,elena,26,WS,sidewalk,0
6597,elena,26,WS,sky,1
6597,elena,26,WS,slide (object),1
6597,elena,26,WS,snow,0
6597,elena,26,WS,snowman,0
6597,elena,26,WS,sprinkler,0
6597,elena,26,WS,star,1
6597,elena,26,WS,stick,0
6597,elena,26,WS,stone,0
6597,elena,26,WS,street,0
6597,elena,26,WS,sun,1
6597,elena,26,WS,swing (object),1
6597,elena,26,WS,tree,1
6597,elena,26,WS,water (not beverage),1
6597,elena,26,WS,wind,1
6597,elena,26,WS,beach,1
6597,elena,26,WS,camping,0
6597,elena,26,WS,church*,0
6597,elena,26,WS,circus,0
6597,elena,26,WS,country,0
6597,elena,26,WS,downtown,0
6597,elena,26,WS,farm,1
6597,elena,26,WS,gas station,1
6597,elena,26,WS,home,1
6597,elena,26,WS,house,1
6597,elena,26,WS,movie,0
6597,elena,26,WS,outside,1
6597,elena,26,WS,park,0
6597,elena,26,WS,party,1
6597,elena,26,WS,picnic,1
6597,elena,26,WS,playground,1
6597,elena,26,WS,school,1
6597,elena,26,WS,store,1
6597,elena,26,WS,woods,0
6597,elena,26,WS,work (place),1
6597,elena,26,WS,yard,0
6597,elena,26,WS,zoo,1
6597,elena,26,WS,aunt,0
6597,elena,26,WS,baby,1
6597,elena,26,WS,babysitter,0
6597,elena,26,WS,babysitter's name,0
6597,elena,26,WS,boy,0
6597,elena,26,WS,brother,1
6597,elena,26,WS,child,0
6597,elena,26,WS,clown,0
6597,elena,26,WS,cowboy,0
6597,elena,26,WS,daddy*,1
6597,elena,26,WS,doctor,1
6597,elena,26,WS,fireman,1
6597,elena,26,WS,friend,0
6597,elena,26,WS,girl,0
6597,elena,26,WS,grandma*,1
6597,elena,26,WS,grandpa*,0
6597,elena,26,WS,lady,1
6597,elena,26,WS,mailman,0
6597,elena,26,WS,man,1
6597,elena,26,WS,mommy*,1
6597,elena,26,WS,nurse,0
6597,elena,26,WS,child's own name,1
6597,elena,26,WS,people,1
6597,elena,26,WS,person,0
6597,elena,26,WS,pet's name,0
6597,elena,26,WS,police,1
6597,elena,26,WS,sister,0
6597,elena,26,WS,teacher,1
6597,elena,26,WS,uncle,0
6597,elena,26,WS,bath,1
6597,elena,26,WS,breakfast,1
6597,elena,26,WS,bye,1
6597,elena,26,WS,call (on phone),0
6597,elena,26,WS,dinner,1
6597,elena,26,WS,gimme five,0
6597,elena,26,WS,gonna get you,0
6597,elena,26,WS,go potty,0
6597,elena,26,WS,hi,1
6597,elena,26,WS,hello,1
6597,elena,26,WS,lunch,1
6597,elena,26,WS,nap,1
6597,elena,26,WS,night night,1
6597,elena,26,WS,no,1
6597,elena,26,WS,patty cake,0
6597,elena,26,WS,peekaboo,1
6597,elena,26,WS,please,1
6597,elena,26,WS,shh/shush/hush,1
6597,elena,26,WS,shopping,0
6597,elena,26,WS,snack,0
6597,elena,26,WS,so big,0
6597,elena,26,WS,thank you,1
6597,elena,26,WS,this little piggy,0
6597,elena,26,WS,turn around,0
6597,elena,26,WS,yes,1
6597,elena,26,WS,bite,1
6597,elena,26,WS,blow,0
6597,elena,26,WS,break,0
6597,elena,26,WS,bring,0
6597,elena,26,WS,build,1
6597,elena,26,WS,bump,0
6597,elena,26,WS,buy,0
6597,elena,26,WS,carry,0
6597,elena,26,WS,catch,0
6597,elena,26,WS,chase,0
6597,elena,26,WS,clap,0
6597,elena,26,WS,clean (action),0
6597,elena,26,WS,climb,0
6597,elena,26,WS,close,0
6597,elena,26,WS,cook,0
6597,elena,26,WS,cover,0
6597,elena,26,WS,cry,0
6597,elena,26,WS,cut,1
6597,elena,26,WS,dance,1
6597,elena,26,WS,draw,0
6597,elena,26,WS,drink (action),1
6597,elena,26,WS,drive,0
6597,elena,26,WS,drop,0
6597,elena,26,WS,dry (action),1
6597,elena,26,WS,dump,0
6597,elena,26,WS,eat,0
6597,elena,26,WS,fall,0
6597,elena,26,WS,feed,1
6597,elena,26,WS,find,0
6597,elena,26,WS,finish,0
6597,elena,26,WS,fit,0
6597,elena,26,WS,fix,0
6597,elena,26,WS,get,0
6597,elena,26,WS,give,0
6597,elena,26,WS,go,0
6597,elena,26,WS,hate,0
6597,elena,26,WS,have,0
6597,elena,26,WS,hear,0
6597,elena,26,WS,help,0
6597,elena,26,WS,hide,0
6597,elena,26,WS,hit,1
6597,elena,26,WS,hold,0
6597,elena,26,WS,hug,0
6597,elena,26,WS,hurry,0
6597,elena,26,WS,jump,0
6597,elena,26,WS,kick,0
6597,elena,26,WS,kiss,1
6597,elena,26,WS,knock,0
6597,elena,26,WS,lick,0
6597,elena,26,WS,like,0
6597,elena,26,WS,listen,0
6597,elena,26,WS,look,0
6597,elena,26,WS,love,0
6597,elena,26,WS,make,0
6597,elena,26,WS,open,1
6597,elena,26,WS,paint,0
6597,elena,26,WS,pick,0
6597,elena,26,WS,play,1
6597,elena,26,WS,pour,0
6597,elena,26,WS,pretend,0
6597,elena,26,WS,pull,1
6597,elena,26,WS,push,1
6597,elena,26,WS,put,0
6597,elena,26,WS,read,0
6597,elena,26,WS,ride,0
6597,elena,26,WS,rip,0
6597,elena,26,WS,run,0
6597,elena,26,WS,say,0
6597,elena,26,WS,see,0
6597,elena,26,WS,shake,0
6597,elena,26,WS,share,0
6597,elena,26,WS,show,0
6597,elena,26,WS,sing,1
6597,elena,26,WS,sit,0
6597,elena,26,WS,skate,0
6597,elena,26,WS,sleep,1
6597,elena,26,WS,slide (action),0
6597,elena,26,WS,smile,0
6597,elena,26,WS,spill,0
6597,elena,26,WS,splash,0
6597,elena,26,WS,stand,0
6597,elena,26,WS,stay,0
6597,elena,26,WS,stop,1
6597,elena,26,WS,sweep,0
6597,elena,26,WS,swim,1
6597,elena,26,WS,swing (action),1
6597,elena,26,WS,take,0
6597,elena,26,WS,talk,0
6597,elena,26,WS,taste,0
6597,elena,26,WS,tear,0
6597,elena,26,WS,think,0
6597,elena,26,WS,throw,1
6597,elena,26,WS,tickle,1
6597,elena,26,WS,touch,0
6597,elena,26,WS,wait,0
6597,elena,26,WS,wake,0
6597,elena,26,WS,walk,1
6597,elena,26,WS,wash,0
6597,elena,26,WS,watch (action),0
6597,elena,26,WS,wipe,1
6597,elena,26,WS,wish,0
6597,elena,26,WS,work (action),1
6597,elena,26,WS,write,0
6597,elena,26,WS,all gone,1
6597,elena,26,WS,asleep,1
6597,elena,26,WS,awake,1
6597,elena,26,WS,bad,1
6597,elena,26,WS,better,1
6597,elena,26,WS,big,1
6597,elena,26,WS,black,0
6597,elena,26,WS,blue,0
6597,elena,26,WS,broken,1
6597,elena,26,WS,brown,0
6597,elena,26,WS,careful,0
6597,elena,26,WS,clean (description),1
6597,elena,26,WS,cold,1
6597,elena,26,WS,cute,0
6597,elena,26,WS,dark,1
6597,elena,26,WS,dirty,0
6597,elena,26,WS,dry (description),0
6597,elena,26,WS,empty,0
6597,elena,26,WS,fast,0
6597,elena,26,WS,fine,0
6597,elena,26,WS,first,0
6597,elena,26,WS,full,0
6597,elena,26,WS,gentle,0
6597,elena,26,WS,good,0
6597,elena,26,WS,green,0
6597,elena,26,WS,happy,1
6597,elena,26,WS,hard,0
6597,elena,26,WS,heavy,1
6597,elena,26,WS,high,0
6597,elena,26,WS,hot,1
6597,elena,26,WS,hungry,0
6597,elena,26,WS,hurt,0
6597,elena,26,WS,last,0
6597,elena,26,WS,little (description),1
6597,elena,26,WS,long,0
6597,elena,26,WS,loud,1
6597,elena,26,WS,mad,0
6597,elena,26,WS,naughty,0
6597,elena,26,WS,new,0
6597,elena,26,WS,nice,0
6597,elena,26,WS,noisy,1
6597,elena,26,WS,old,0
6597,elena,26,WS,orange (description),0
6597,elena,26,WS,poor,0
6597,elena,26,WS,pretty,0
6597,elena,26,WS,quiet,0
6597,elena,26,WS,red,0
6597,elena,26,WS,sad,0
6597,elena,26,WS,scared,0
6597,elena,26,WS,sick,0
6597,elena,26,WS,sleepy,0
6597,elena,26,WS,slow,0
6597,elena,26,WS,soft,0
6597,elena,26,WS,sticky,0
6597,elena,26,WS,stuck,0
6597,elena,26,WS,thirsty,0
6597,elena,26,WS,tiny,0
6597,elena,26,WS,tired,0
6597,elena,26,WS,wet,0
6597,elena,26,WS,white,0
6597,elena,26,WS,windy,0
6597,elena,26,WS,yellow,0
6597,elena,26,WS,yucky,0
6597,elena,26,WS,after,0
6597,elena,26,WS,before,0
6597,elena,26,WS,day,1
6597,elena,26,WS,later,0
6597,elena,26,WS,morning,0
6597,elena,26,WS,night,1
6597,elena,26,WS,now,0
6597,elena,26,WS,time,0
6597,elena,26,WS,today,0
6597,elena,26,WS,tomorrow,0
6597,elena,26,WS,tonight,0
6597,elena,26,WS,yesterday,0
6597,elena,26,WS,he,0
6597,elena,26,WS,her,0
6597,elena,26,WS,hers,0
6597,elena,26,WS,him,0
6597,elena,26,WS,his,0
6597,elena,26,WS,I,0
6597,elena,26,WS,it,0
6597,elena,26,WS,me,0
6597,elena,26,WS,mine,1
6597,elena,26,WS,my,0
6597,elena,26,WS,myself,0
6597,elena,26,WS,our,0
6597,elena,26,WS,she,0
6597,elena,26,WS,that,1
6597,elena,26,WS,their,0
6597,elena,26,WS,them,0
6597,elena,26,WS,these,0
6597,elena,26,WS,they,0
6597,elena,26,WS,this,0
6597,elena,26,WS,those,0
6597,elena,26,WS,us,0
6597,elena,26,WS,we,0
6597,elena,26,WS,you,0
6597,elena,26,WS,your,0
6597,elena,26,WS,yourself,0
6597,elena,26,WS,how,0
6597,elena,26,WS,what,0
6597,elena,26,WS,when,0
6597,elena,26,WS,where,0
6597,elena,26,WS,which,0
6597,elena,26,WS,who,0
6597,elena,26,WS,why,0
6597,elena,26,WS,about,0
6597,elena,26,WS,above,0
6597,elena,26,WS,around,0
6597,elena,26,WS,at,0
6597,elena,26,WS,away,0
6597,elena,26,WS,back,0
6597,elena,26,WS,behind,0
6597,elena,26,WS,beside,0
6597,elena,26,WS,by,0
6597,elena,26,WS,down,0
6597,elena,26,WS,for,0
6597,elena,26,WS,here,0
6597,elena,26,WS,inside/in,0
6597,elena,26,WS,into,0
6597,elena,26,WS,next to,0
6597,elena,26,WS,of,0
6597,elena,26,WS,off,0
6597,elena,26,WS,on,0
6597,elena,26,WS,on top of,0
6597,elena,26,WS,out,0
6597,elena,26,WS,over,0
6597,elena,26,WS,there,0
6597,elena,26,WS,to,0
6597,elena,26,WS,under,0
6597,elena,26,WS,up,0
6597,elena,26,WS,with,0
6597,elena,26,WS,a,1
6597,elena,26,WS,all,0
6597,elena,26,WS,a lot,0
6597,elena,26,WS,an,0
6597,elena,26,WS,another,0
6597,elena,26,WS,any,0
6597,elena,26,WS,each,0
6597,elena,26,WS,every,0
6597,elena,26,WS,more,0
6597,elena,26,WS,much,0
6597,elena,26,WS,not,0
6597,elena,26,WS,none,0
6597,elena,26,WS,other,0
6597,elena,26,WS,same,0
6597,elena,26,WS,some,0
6597,elena,26,WS,the,0
6597,elena,26,WS,too,0
6597,elena,26,WS,am,0
6597,elena,26,WS,are,0
6597,elena,26,WS,be,0
6597,elena,26,WS,can (auxiliary),0
6597,elena,26,WS,could,0
6597,elena,26,WS,did/did ya,0
6597,elena,26,WS,do,0
6597,elena,26,WS,does,0
6597,elena,26,WS,don't,0
6597,elena,26,WS,gonna/going to,0
6597,elena,26,WS,gotta/got to,0
6597,elena,26,WS,hafta/have to,0
6597,elena,26,WS,is,0
6597,elena,26,WS,lemme/let me,0
6597,elena,26,WS,need/need to,0
6597,elena,26,WS,try/try to,0
6597,elena,26,WS,wanna/want to,0
6597,elena,26,WS,was,0
6597,elena,26,WS,were,0
6597,elena,26,WS,will,0
6597,elena,26,WS,would,0
6597,elena,26,WS,and,0
6597,elena,26,WS,because,0
6597,elena,26,WS,but,0
6597,elena,26,WS,if,0
6597,elena,26,WS,so,0
6597,elena,26,WS,then,0
6680,elena,24,WS,baa baa,1
6680,elena,24,WS,choo choo,1
6680,elena,24,WS,cock-a-doodle-doo,0
6680,elena,24,WS,grrr,1
6680,elena,24,WS,meow,1
6680,elena,24,WS,moo,1
6680,elena,24,WS,ouch,1
6680,elena,24,WS,quack quack,1
6680,elena,24,WS,uh oh,1
6680,elena,24,WS,vroom,1
6680,elena,24,WS,woof woof,1
6680,elena,24,WS,yum yum,1
6680,elena,24,WS,alligator,0
6680,elena,24,WS,animal,1
6680,elena,24,WS,ant,1
6680,elena,24,WS,bear,1
6680,elena,24,WS,bee,1
6680,elena,24,WS,bird,1
6680,elena,24,WS,bug,1
6680,elena,24,WS,bunny,1
6680,elena,24,WS,butterfly,1
6680,elena,24,WS,cat,1
6680,elena,24,WS,chicken (animal),1
6680,elena,24,WS,cow,1
6680,elena,24,WS,deer,1
6680,elena,24,WS,dog,1
6680,elena,24,WS,donkey,0
6680,elena,24,WS,duck,1
6680,elena,24,WS,elephant,1
6680,elena,24,WS,fish (animal),1
6680,elena,24,WS,frog,1
6680,elena,24,WS,giraffe,1
6680,elena,24,WS,goose,1
6680,elena,24,WS,hen,0
6680,elena,24,WS,horse,1
6680,elena,24,WS,kitty,1
6680,elena,24,WS,lamb,1
6680,elena,24,WS,lion,1
6680,elena,24,WS,monkey,1
6680,elena,24,WS,moose,1
6680,elena,24,WS,mouse,1
6680,elena,24,WS,owl,1
6680,elena,24,WS,penguin,1
6680,elena,24,WS,pig,1
6680,elena,24,WS,pony,0
6680,elena,24,WS,puppy,1
6680,elena,24,WS,rooster,0
6680,elena,24,WS,sheep,1
6680,elena,24,WS,squirrel,1
6680,elena,24,WS,teddy bear,0
6680,elena,24,WS,tiger,1
6680,elena,24,WS,turkey,1
6680,elena,24,WS,turtle,1
6680,elena,24,WS,wolf,0
6680,elena,24,WS,zebra,1
6680,elena,24,WS,airplane,1
6680,elena,24,WS,bicycle,1
6680,elena,24,WS,boat,1
6680,elena,24,WS,bus,1
6680,elena,24,WS,car,1
6680,elena,24,WS,fire truck,1
6680,elena,24,WS,helicopter,1
6680,elena,24,WS,motorcycle,1
6680,elena,24,WS,sled,0
6680,elena,24,WS,stroller,1
6680,elena,24,WS,tractor,1
6680,elena,24,WS,train,1
6680,elena,24,WS,tricycle,1
6680,elena,24,WS,truck,1
6680,elena,24,WS,ball,1
6680,elena,24,WS,balloon,1
6680,elena,24,WS,bat,1
6680,elena,24,WS,block,1
6680,elena,24,WS,book,1
6680,elena,24,WS,bubbles,1
6680,elena,24,WS,chalk,0
6680,elena,24,WS,crayon,0
6680,elena,24,WS,doll,0
6680,elena,24,WS,game,1
6680,elena,24,WS,glue,0
6680,elena,24,WS,pen,1
6680,elena,24,WS,pencil,0
6680,elena,24,WS,play dough,1
6680,elena,24,WS,present,1
6680,elena,24,WS,puzzle,1
6680,elena,24,WS,story,1
6680,elena,24,WS,toy (object),0
6680,elena,24,WS,apple,1
6680,elena,24,WS,apple sauce,1
6680,elena,24,WS,banana,1
6680,elena,24,WS,beans,0
6680,elena,24,WS,bread,1
6680,elena,24,WS,butter,1
6680,elena,24,WS,cake,1
6680,elena,24,WS,candy,1
6680,elena,24,WS,carrots,0
6680,elena,24,WS,cereal,1
6680,elena,24,WS,cheerios,1
6680,elena,24,WS,cheese,1
6680,elena,24,WS,chicken (food),1
6680,elena,24,WS,chocolate,1
6680,elena,24,WS,coffee,1
6680,elena,24,WS,coke,0
6680,elena,24,WS,cookie,1
6680,elena,24,WS,corn,1
6680,elena,24,WS,cracker,1
6680,elena,24,WS,donut,0
6680,elena,24,WS,drink (beverage),1
6680,elena,24,WS,egg,1
6680,elena,24,WS,fish (food),1
6680,elena,24,WS,food,1
6680,elena,24,WS,french fries,1
6680,elena,24,WS,grapes,1
6680,elena,24,WS,green beans,1
6680,elena,24,WS,gum,1
6680,elena,24,WS,hamburger,1
6680,elena,24,WS,ice,1
6680,elena,24,WS,ice cream,1
6680,elena,24,WS,jello,0
6680,elena,24,WS,jelly,0
6680,elena,24,WS,juice,1
6680,elena,24,WS,lollipop,1
6680,elena,24,WS,meat,1
6680,elena,24,WS,melon,1
6680,elena,24,WS,milk,1
6680,elena,24,WS,muffin,1
6680,elena,24,WS,noodles,1
6680,elena,24,WS,nuts,0
6680,elena,24,WS,orange (food),1
6680,elena,24,WS,pancakes,1
6680,elena,24,WS,peanut butter,0
6680,elena,24,WS,peas,1
6680,elena,24,WS,pickle,0
6680,elena,24,WS,pizza,1
6680,elena,24,WS,popcorn,1
6680,elena,24,WS,popsicle,1
6680,elena,24,WS,potato,0
6680,elena,24,WS,potato chips,1
6680,elena,24,WS,pretzel,1
6680,elena,24,WS,pudding,0
6680,elena,24,WS,pumpkin,0
6680,elena,24,WS,raisin,0
6680,elena,24,WS,salt,0
6680,elena,24,WS,sandwich,1
6680,elena,24,WS,sauce,0
6680,elena,24,WS,soda/pop,0
6680,elena,24,WS,soup,1
6680,elena,24,WS,spaghetti,0
6680,elena,24,WS,strawberry,1
6680,elena,24,WS,toast,1
6680,elena,24,WS,tuna,1
6680,elena,24,WS,vanilla,0
6680,elena,24,WS,vitamins,1
6680,elena,24,WS,water (beverage),1
6680,elena,24,WS,yogurt,1
6680,elena,24,WS,beads,0
6680,elena,24,WS,belt,0
6680,elena,24,WS,bib,1
6680,elena,24,WS,boots,1
6680,elena,24,WS,button,1
6680,elena,24,WS,coat,0
6680,elena,24,WS,diaper,1
6680,elena,24,WS,dress (object),0
6680,elena,24,WS,gloves,0
6680,elena,24,WS,hat,1
6680,elena,24,WS,jacket,1
6680,elena,24,WS,jeans,0
6680,elena,24,WS,mittens,0
6680,elena,24,WS,necklace,0
6680,elena,24,WS,pajamas,1
6680,elena,24,WS,pants,1
6680,elena,24,WS,scarf,0
6680,elena,24,WS,shirt,1
6680,elena,24,WS,shoe,1
6680,elena,24,WS,shorts,1
6680,elena,24,WS,slipper,0
6680,elena,24,WS,sneaker,0
6680,elena,24,WS,snowsuit,0
6680,elena,24,WS,sock,1
6680,elena,24,WS,sweater,0
6680,elena,24,WS,tights,0
6680,elena,24,WS,underpants,0
6680,elena,24,WS,zipper,0
6680,elena,24,WS,ankle,0
6680,elena,24,WS,arm,1
6680,elena,24,WS,belly button,1
6680,elena,24,WS,buttocks/bottom*,1
6680,elena,24,WS,cheek,0
6680,elena,24,WS,chin,0
6680,elena,24,WS,ear,1
6680,elena,24,WS,eye,1
6680,elena,24,WS,face,1
6680,elena,24,WS,foot,1
6680,elena,24,WS,finger,0
6680,elena,24,WS,hair,0
6680,elena,24,WS,hand,1
6680,elena,24,WS,head,1
6680,elena,24,WS,knee,0
6680,elena,24,WS,leg,1
6680,elena,24,WS,lips,0
6680,elena,24,WS,mouth,1
6680,elena,24,WS,nose,1
6680,elena,24,WS,owie/boo boo,1
6680,elena,24,WS,penis*,1
6680,elena,24,WS,shoulder,0
6680,elena,24,WS,tooth,1
6680,elena,24,WS,toe,1
6680,elena,24,WS,tongue,0
6680,elena,24,WS,tummy,1
6680,elena,24,WS,vagina*,0
6680,elena,24,WS,basket,0
6680,elena,24,WS,blanket,1
6680,elena,24,WS,bottle,1
6680,elena,24,WS,box,1
6680,elena,24,WS,bowl,1
6680,elena,24,WS,broom,1
6680,elena,24,WS,brush,0
6680,elena,24,WS,bucket,1
6680,elena,24,WS,camera,1
6680,elena,24,WS,can (object),0
6680,elena,24,WS,clock,0
6680,elena,24,WS,comb,0
6680,elena,24,WS,cup,1
6680,elena,24,WS,dish,0
6680,elena,24,WS,fork,1
6680,elena,24,WS,garbage,0
6680,elena,24,WS,glass,0
6680,elena,24,WS,glasses,1
6680,elena,24,WS,hammer,0
6680,elena,24,WS,jar,0
6680,elena,24,WS,keys,1
6680,elena,24,WS,knife,1
6680,elena,24,WS,lamp,0
6680,elena,24,WS,light,1
6680,elena,24,WS,medicine,1
6680,elena,24,WS,money,1
6680,elena,24,WS,mop,0
6680,elena,24,WS,nail,1
6680,elena,24,WS,napkin,0
6680,elena,24,WS,paper,1
6680,elena,24,WS,penny,0
6680,elena,24,WS,picture,1
6680,elena,24,WS,pillow,1
6680,elena,24,WS,plant,1
6680,elena,24,WS,plate,1
6680,elena,24,WS,purse,0
6680,elena,24,WS,radio,0
6680,elena,24,WS,scissors,1
6680,elena,24,WS,soap,1
6680,elena,24,WS,spoon,1
6680,elena,24,WS,tape,1
6680,elena,24,WS,telephone,1
6680,elena,24,WS,tissue/kleenex,0
6680,elena,24,WS,toothbrush,1
6680,elena,24,WS,towel,1
6680,elena,24,WS,trash,1
6680,elena,24,WS,tray,0
6680,elena,24,WS,vacuum,0
6680,elena,24,WS,walker,0
6680,elena,24,WS,watch (object),1
6680,elena,24,WS,basement,0
6680,elena,24,WS,bathroom,0
6680,elena,24,WS,bathtub,1
6680,elena,24,WS,bed,1
6680,elena,24,WS,bedroom,0
6680,elena,24,WS,bench,0
6680,elena,24,WS,chair,1
6680,elena,24,WS,closet,1
6680,elena,24,WS,couch,1
6680,elena,24,WS,crib,1
6680,elena,24,WS,door,1
6680,elena,24,WS,drawer,0
6680,elena,24,WS,dryer,0
6680,elena,24,WS,garage,1
6680,elena,24,WS,high chair,1
6680,elena,24,WS,kitchen,1
6680,elena,24,WS,living room,1
6680,elena,24,WS,oven,0
6680,elena,24,WS,play pen,0
6680,elena,24,WS,porch,0
6680,elena,24,WS,potty,1
6680,elena,24,WS,refrigerator,0
6680,elena,24,WS,rocking chair,0
6680,elena,24,WS,room,1
6680,elena,24,WS,shower,1
6680,elena,24,WS,sink,0
6680,elena,24,WS,sofa,0
6680,elena,24,WS,stairs,1
6680,elena,24,WS,stove,0
6680,elena,24,WS,table,1
6680,elena,24,WS,TV,1
6680,elena,24,WS,washing machine,0
6680,elena,24,WS,window,1
6680,elena,24,WS,backyard,1
6680,elena,24,WS,cloud,1
6680,elena,24,WS,flag,1
6680,elena,24,WS,flower,1
6680,elena,24,WS,garden,0
6680,elena,24,WS,grass,1
6680,elena,24,WS,hose,1
6680,elena,24,WS,ladder,0
6680,elena,24,WS,lawn mower,0
6680,elena,24,WS,moon,1
6680,elena,24,WS,pool,1
6680,elena,24,WS,rain,1
6680,elena,24,WS,rock,1
6680,elena,24,WS,roof,0
6680,elena,24,WS,sandbox,0
6680,elena,24,WS,shovel,1
6680,elena,24,WS,sidewalk,0
6680,elena,24,WS,sky,1
6680,elena,24,WS,slide (object),1
6680,elena,24,WS,snow,0
6680,elena,24,WS,snowman,0
6680,elena,24,WS,sprinkler,0
6680,elena,24,WS,star,1
6680,elena,24,WS,stick,1
6680,elena,24,WS,stone,0
6680,elena,24,WS,street,0
6680,elena,24,WS,sun,1
6680,elena,24,WS,swing (object),1
6680,elena,24,WS,tree,1
6680,elena,24,WS,water (not beverage),1
6680,elena,24,WS,wind,1
6680,elena,24,WS,beach,1
6680,elena,24,WS,camping,1
6680,elena,24,WS,church*,0
6680,elena,24,WS,circus,0
6680,elena,24,WS,country,0
6680,elena,24,WS,downtown,0
6680,elena,24,WS,farm,0
6680,elena,24,WS,gas station,0
6680,elena,24,WS,home,1
6680,elena,24,WS,house,1
6680,elena,24,WS,movie,1
6680,elena,24,WS,outside,1
6680,elena,24,WS,park,1
6680,elena,24,WS,party,0
6680,elena,24,WS,picnic,0
6680,elena,24,WS,playground,0
6680,elena,24,WS,school,0
6680,elena,24,WS,store,1
6680,elena,24,WS,woods,0
6680,elena,24,WS,work (place),1
6680,elena,24,WS,yard,0
6680,elena,24,WS,zoo,0
6680,elena,24,WS,aunt,1
6680,elena,24,WS,baby,1
6680,elena,24,WS,babysitter,0
6680,elena,24,WS,babysitter's name,1
6680,elena,24,WS,boy,0
6680,elena,24,WS,brother,0
6680,elena,24,WS,child,0
6680,elena,24,WS,clown,0
6680,elena,24,WS,cowboy,0
6680,elena,24,WS,daddy*,1
6680,elena,24,WS,doctor,1
6680,elena,24,WS,fireman,1
6680,elena,24,WS,friend,0
6680,elena,24,WS,girl,0
6680,elena,24,WS,grandma*,1
6680,elena,24,WS,grandpa*,1
6680,elena,24,WS,lady,0
6680,elena,24,WS,mailman,0
6680,elena,24,WS,man,0
6680,elena,24,WS,mommy*,1
6680,elena,24,WS,nurse,0
6680,elena,24,WS,child's own name,1
6680,elena,24,WS,people,0
6680,elena,24,WS,person,0
6680,elena,24,WS,pet's name,1
6680,elena,24,WS,police,0
6680,elena,24,WS,sister,0
6680,elena,24,WS,teacher,1
6680,elena,24,WS,uncle,1
6680,elena,24,WS,bath,1
6680,elena,24,WS,breakfast,0
6680,elena,24,WS,bye,1
6680,elena,24,WS,call (on phone),0
6680,elena,24,WS,dinner,1
6680,elena,24,WS,gimme five,1
6680,elena,24,WS,gonna get you,1
6680,elena,24,WS,go potty,1
6680,elena,24,WS,hi,1
6680,elena,24,WS,hello,1
6680,elena,24,WS,lunch,0
6680,elena,24,WS,nap,1
6680,elena,24,WS,night night,1
6680,elena,24,WS,no,1
6680,elena,24,WS,patty cake,0
6680,elena,24,WS,peekaboo,1
6680,elena,24,WS,please,1
6680,elena,24,WS,shh/shush/hush,1
6680,elena,24,WS,shopping,1
6680,elena,24,WS,snack,1
6680,elena,24,WS,so big,1
6680,elena,24,WS,thank you,1
6680,elena,24,WS,this little piggy,0
6680,elena,24,WS,turn around,0
6680,elena,24,WS,yes,1
6680,elena,24,WS,bite,0
6680,elena,24,WS,blow,1
6680,elena,24,WS,break,0
6680,elena,24,WS,bring,0
6680,elena,24,WS,build,0
6680,elena,24,WS,bump,1
6680,elena,24,WS,buy,0
6680,elena,24,WS,carry,0
6680,elena,24,WS,catch,1
6680,elena,24,WS,chase,0
6680,elena,24,WS,clap,1
6680,elena,24,WS,clean (action),0
6680,elena,24,WS,climb,0
6680,elena,24,WS,close,1
6680,elena,24,WS,cook,0
6680,elena,24,WS,cover,0
6680,elena,24,WS,cry,1
6680,elena,24,WS,cut,0
6680,elena,24,WS,dance,0
6680,elena,24,WS,draw,1
6680,elena,24,WS,drink (action),1
6680,elena,24,WS,drive,0
6680,elena,24,WS,drop,0
6680,elena,24,WS,dry (action),0
6680,elena,24,WS,dump,0
6680,elena,24,WS,eat,1
6680,elena,24,WS,fall,1
6680,elena,24,WS,feed,0
6680,elena,24,WS,find,0
6680,elena,24,WS,finish,0
6680,elena,24,WS,fit,0
6680,elena,24,WS,fix,0
6680,elena,24,WS,get,0
6680,elena,24,WS,give,0
6680,elena,24,WS,go,1
6680,elena,24,WS,hate,0
6680,elena,24,WS,have,0
6680,elena,24,WS,hear,1
6680,elena,24,WS,help,1
6680,elena,24,WS,hide,1
6680,elena,24,WS,hit,0
6680,elena,24,WS,hold,0
6680,elena,24,WS,hug,1
6680,elena,24,WS,hurry,0
6680,elena,24,WS,jump,1
6680,elena,24,WS,kick,0
6680,elena,24,WS,kiss,1
6680,elena,24,WS,knock,0
6680,elena,24,WS,lick,0
6680,elena,24,WS,like,0
6680,elena,24,WS,listen,0
6680,elena,24,WS,look,1
6680,elena,24,WS,love,1
6680,elena,24,WS,make,0
6680,elena,24,WS,open,1
6680,elena,24,WS,paint,0
6680,elena,24,WS,pick,0
6680,elena,24,WS,play,1
6680,elena,24,WS,pour,0
6680,elena,24,WS,pretend,0
6680,elena,24,WS,pull,0
6680,elena,24,WS,push,0
6680,elena,24,WS,put,0
6680,elena,24,WS,read,1
6680,elena,24,WS,ride,1
6680,elena,24,WS,rip,0
6680,elena,24,WS,run,1
6680,elena,24,WS,say,0
6680,elena,24,WS,see,1
6680,elena,24,WS,shake,0
6680,elena,24,WS,share,0
6680,elena,24,WS,show,0
6680,elena,24,WS,sing,0
6680,elena,24,WS,sit,1
6680,elena,24,WS,skate,0
6680,elena,24,WS,sleep,1
6680,elena,24,WS,slide (action),1
6680,elena,24,WS,smile,0
6680,elena,24,WS,spill,0
6680,elena,24,WS,splash,0
6680,elena,24,WS,stand,0
6680,elena,24,WS,stay,0
6680,elena,24,WS,stop,1
6680,elena,24,WS,sweep,1
6680,elena,24,WS,swim,1
6680,elena,24,WS,swing (action),1
6680,elena,24,WS,take,0
6680,elena,24,WS,talk,0
6680,elena,24,WS,taste,0
6680,elena,24,WS,tear,0
6680,elena,24,WS,think,0
6680,elena,24,WS,throw,1
6680,elena,24,WS,tickle,1
6680,elena,24,WS,touch,0
6680,elena,24,WS,wait,0
6680,elena,24,WS,wake,0
6680,elena,24,WS,walk,1
6680,elena,24,WS,wash,1
6680,elena,24,WS,watch (action),1
6680,elena,24,WS,wipe,1
6680,elena,24,WS,wish,0
6680,elena,24,WS,work (action),0
6680,elena,24,WS,write,0
6680,elena,24,WS,all gone,1
6680,elena,24,WS,asleep,1
6680,elena,24,WS,awake,0
6680,elena,24,WS,bad,0
6680,elena,24,WS,better,0
6680,elena,24,WS,big,1
6680,elena,24,WS,black,0
6680,elena,24,WS,blue,1
6680,elena,24,WS,broken,1
6680,elena,24,WS,brown,0
6680,elena,24,WS,careful,1
6680,elena,24,WS,clean (description),0
6680,elena,24,WS,cold,1
6680,elena,24,WS,cute,1
6680,elena,24,WS,dark,0
6680,elena,24,WS,dirty,0
6680,elena,24,WS,dry (description),0
6680,elena,24,WS,empty,1
6680,elena,24,WS,fast,1
6680,elena,24,WS,fine,0
6680,elena,24,WS,first,0
6680,elena,24,WS,full,0
6680,elena,24,WS,gentle,0
6680,elena,24,WS,good,0
6680,elena,24,WS,green,1
6680,elena,24,WS,happy,1
6680,elena,24,WS,hard,0
6680,elena,24,WS,heavy,0
6680,elena,24,WS,high,0
6680,elena,24,WS,hot,1
6680,elena,24,WS,hungry,1
6680,elena,24,WS,hurt,0
6680,elena,24,WS,last,0
6680,elena,24,WS,little (description),0
6680,elena,24,WS,long,0
6680,elena,24,WS,loud,0
6680,elena,24,WS,mad,0
6680,elena,24,WS,naughty,0
6680,elena,24,WS,new,0
6680,elena,24,WS,nice,0
6680,elena,24,WS,noisy,0
6680,elena,24,WS,old,0
6680,elena,24,WS,orange (description),1
6680,elena,24,WS,poor,0
6680,elena,24,WS,pretty,1
6680,elena,24,WS,quiet,1
6680,elena,24,WS,red,1
6680,elena,24,WS,sad,0
6680,elena,24,WS,scared,0
6680,elena,24,WS,sick,0
6680,elena,24,WS,sleepy,1
6680,elena,24,WS,slow,0
6680,elena,24,WS,soft,1
6680,elena,24,WS,sticky,1
6680,elena,24,WS,stuck,1
6680,elena,24,WS,thirsty,1
6680,elena,24,WS,tiny,0
6680,elena,24,WS,tired,0
6680,elena,24,WS,wet,1
6680,elena,24,WS,white,0
6680,elena,24,WS,windy,1
6680,elena,24,WS,yellow,1
6680,elena,24,WS,yucky,1
6680,elena,24,WS,after,0
6680,elena,24,WS,before,0
6680,elena,24,WS,day,0
6680,elena,24,WS,later,0
6680,elena,24,WS,morning,0
6680,elena,24,WS,night,1
6680,elena,24,WS,now,0
6680,elena,24,WS,time,0
6680,elena,24,WS,today,0
6680,elena,24,WS,tomorrow,0
6680,elena,24,WS,tonight,0
6680,elena,24,WS,yesterday,0
6680,elena,24,WS,he,0
6680,elena,24,WS,her,0
6680,elena,24,WS,hers,0
6680,elena,24,WS,him,0
6680,elena,24,WS,his,0
6680,elena,24,WS,I,1
6680,elena,24,WS,it,1
6680,elena,24,WS,me,1
6680,elena,24,WS,mine,1
6680,elena,24,WS,my,1
6680,elena,24,WS,myself,0
6680,elena,24,WS,our,0
6680,elena,24,WS,she,0
6680,elena,24,WS,that,1
6680,elena,24,WS,their,0
6680,elena,24,WS,them,0
6680,elena,24,WS,these,0
6680,elena,24,WS,they,0
6680,elena,24,WS,this,0
6680,elena,24,WS,those,0
6680,elena,24,WS,us,0
6680,elena,24,WS,we,0
6680,elena,24,WS,you,0
6680,elena,24,WS,your,0
6680,elena,24,WS,yourself,0
6680,elena,24,WS,how,0
6680,elena,24,WS,what,1
6680,elena,24,WS,when,0
6680,elena,24,WS,where,1
6680,elena,24,WS,which,0
6680,elena,24,WS,who,0
6680,elena,24,WS,why,0
6680,elena,24,WS,about,0
6680,elena,24,WS,above,0
6680,elena,24,WS,around,0
6680,elena,24,WS,at,0
6680,elena,24,WS,away,0
6680,elena,24,WS,back,0
6680,elena,24,WS,behind,0
6680,elena,24,WS,beside,0
6680,elena,24,WS,by,0
6680,elena,24,WS,down,1
6680,elena,24,WS,for,0
6680,elena,24,WS,here,1
6680,elena,24,WS,inside/in,1
6680,elena,24,WS,into,0
6680,elena,24,WS,next to,0
6680,elena,24,WS,of,0
6680,elena,24,WS,off,1
6680,elena,24,WS,on,1
6680,elena,24,WS,on top of,0
6680,elena,24,WS,out,1
6680,elena,24,WS,over,1
6680,elena,24,WS,there,1
6680,elena,24,WS,to,0
6680,elena,24,WS,under,0
6680,elena,24,WS,up,1
6680,elena,24,WS,with,0
6680,elena,24,WS,a,0
6680,elena,24,WS,all,1
6680,elena,24,WS,a lot,0
6680,elena,24,WS,an,0
6680,elena,24,WS,another,1
6680,elena,24,WS,any,0
6680,elena,24,WS,each,0
6680,elena,24,WS,every,0
6680,elena,24,WS,more,1
6680,elena,24,WS,much,0
6680,elena,24,WS,not,0
6680,elena,24,WS,none,0
6680,elena,24,WS,other,1
6680,elena,24,WS,same,1
6680,elena,24,WS,some,0
6680,elena,24,WS,the,0
6680,elena,24,WS,too,1
6680,elena,24,WS,am,0
6680,elena,24,WS,are,0
6680,elena,24,WS,be,0
6680,elena,24,WS,can (auxiliary),0
6680,elena,24,WS,could,0
6680,elena,24,WS,did/did ya,0
6680,elena,24,WS,do,0
6680,elena,24,WS,does,0
6680,elena,24,WS,don't,1
6680,elena,24,WS,gonna/going to,0
6680,elena,24,WS,gotta/got to,0
6680,elena,24,WS,hafta/have to,0
6680,elena,24,WS,is,0
6680,elena,24,WS,lemme/let me,0
6680,elena,24,WS,need/need to,0
6680,elena,24,WS,try/try to,0
6680,elena,24,WS,wanna/want to,0
6680,elena,24,WS,was,0
6680,elena,24,WS,were,0
6680,elena,24,WS,will,0
6680,elena,24,WS,would,0
6680,elena,24,WS,and,0
6680,elena,24,WS,because,0
6680,elena,24,WS,but,0
6680,elena,24,WS,if,0
6680,elena,24,WS,so,0
6680,elena,24,WS,then,0
7020,elena,26,WS,baa baa,1
7020,elena,26,WS,choo choo,1
7020,elena,26,WS,cock-a-doodle-doo,1
7020,elena,26,WS,grrr,1
7020,elena,26,WS,meow,1
7020,elena,26,WS,moo,1
7020,elena,26,WS,ouch,1
7020,elena,26,WS,quack quack,1
7020,elena,26,WS,uh oh,1
7020,elena,26,WS,vroom,1
7020,elena,26,WS,woof woof,1
7020,elena,26,WS,yum yum,1
7020,elena,26,WS,alligator,1
7020,elena,26,WS,animal,1
7020,elena,26,WS,ant,1
7020,elena,26,WS,bear,1
7020,elena,26,WS,bee,1
7020,elena,26,WS,bird,1
7020,elena,26,WS,bug,1
7020,elena,26,WS,bunny,1
7020,elena,26,WS,butterfly,1
7020,elena,26,WS,cat,1
7020,elena,26,WS,chicken (animal),1
7020,elena,26,WS,cow,1
7020,elena,26,WS,deer,0
7020,elena,26,WS,dog,1
7020,elena,26,WS,donkey,0
7020,elena,26,WS,duck,1
7020,elena,26,WS,elephant,1
7020,elena,26,WS,fish (animal),1
7020,elena,26,WS,frog,1
7020,elena,26,WS,giraffe,1
7020,elena,26,WS,goose,1
7020,elena,26,WS,hen,0
7020,elena,26,WS,horse,1
7020,elena,26,WS,kitty,1
7020,elena,26,WS,lamb,0
7020,elena,26,WS,lion,1
7020,elena,26,WS,monkey,1
7020,elena,26,WS,moose,0
7020,elena,26,WS,mouse,1
7020,elena,26,WS,owl,1
7020,elena,26,WS,penguin,1
7020,elena,26,WS,pig,1
7020,elena,26,WS,pony,1
7020,elena,26,WS,puppy,1
7020,elena,26,WS,rooster,1
7020,elena,26,WS,sheep,1
7020,elena,26,WS,squirrel,1
7020,elena,26,WS,teddy bear,1
7020,elena,26,WS,tiger,1
7020,elena,26,WS,turkey,1
7020,elena,26,WS,turtle,1
7020,elena,26,WS,wolf,1
7020,elena,26,WS,zebra,1
7020,elena,26,WS,airplane,1
7020,elena,26,WS,bicycle,1
7020,elena,26,WS,boat,1
7020,elena,26,WS,bus,1
7020,elena,26,WS,car,1
7020,elena,26,WS,fire truck,1
7020,elena,26,WS,helicopter,1
7020,elena,26,WS,motorcycle,1
7020,elena,26,WS,sled,1
7020,elena,26,WS,stroller,1
7020,elena,26,WS,tractor,0
7020,elena,26,WS,train,1
7020,elena,26,WS,tricycle,0
7020,elena,26,WS,truck,1
7020,elena,26,WS,ball,1
7020,elena,26,WS,balloon,1
7020,elena,26,WS,bat,1
7020,elena,26,WS,block,1
7020,elena,26,WS,book,1
7020,elena,26,WS,bubbles,1
7020,elena,26,WS,chalk,1
7020,elena,26,WS,crayon,1
7020,elena,26,WS,doll,1
7020,elena,26,WS,game,1
7020,elena,26,WS,glue,1
7020,elena,26,WS,pen,1
7020,elena,26,WS,pencil,1
7020,elena,26,WS,play dough,1
7020,elena,26,WS,present,1
7020,elena,26,WS,puzzle,1
7020,elena,26,WS,story,1
7020,elena,26,WS,toy (object),1
7020,elena,26,WS,apple,1
7020,elena,26,WS,apple sauce,1
7020,elena,26,WS,banana,1
7020,elena,26,WS,beans,1
7020,elena,26,WS,bread,1
7020,elena,26,WS,butter,1
7020,elena,26,WS,cake,1
7020,elena,26,WS,candy,1
7020,elena,26,WS,carrots,1
7020,elena,26,WS,cereal,1
7020,elena,26,WS,cheerios,1
7020,elena,26,WS,cheese,1
7020,elena,26,WS,chicken (food),1
7020,elena,26,WS,chocolate,1
7020,elena,26,WS,coffee,1
7020,elena,26,WS,coke,1
7020,elena,26,WS,cookie,1
7020,elena,26,WS,corn,1
7020,elena,26,WS,cracker,1
7020,elena,26,WS,donut,1
7020,elena,26,WS,drink (beverage),1
7020,elena,26,WS,egg,1
7020,elena,26,WS,fish (food),1
7020,elena,26,WS,food,1
7020,elena,26,WS,french fries,1
7020,elena,26,WS,grapes,1
7020,elena,26,WS,green beans,0
7020,elena,26,WS,gum,1
7020,elena,26,WS,hamburger,1
7020,elena,26,WS,ice,1
7020,elena,26,WS,ice cream,1
7020,elena,26,WS,jello,1
7020,elena,26,WS,jelly,1
7020,elena,26,WS,juice,1
7020,elena,26,WS,lollipop,1
7020,elena,26,WS,meat,1
7020,elena,26,WS,melon,0
7020,elena,26,WS,milk,1
7020,elena,26,WS,muffin,1
7020,elena,26,WS,noodles,1
7020,elena,26,WS,nuts,1
7020,elena,26,WS,orange (food),1
7020,elena,26,WS,pancakes,1
7020,elena,26,WS,peanut butter,1
7020,elena,26,WS,peas,1
7020,elena,26,WS,pickle,1
7020,elena,26,WS,pizza,1
7020,elena,26,WS,popcorn,1
7020,elena,26,WS,popsicle,1
7020,elena,26,WS,potato,1
7020,elena,26,WS,potato chips,1
7020,elena,26,WS,pretzel,1
7020,elena,26,WS,pudding,1
7020,elena,26,WS,pumpkin,1
7020,elena,26,WS,raisin,1
7020,elena,26,WS,salt,1
7020,elena,26,WS,sandwich,1
7020,elena,26,WS,sauce,1
7020,elena,26,WS,soda/pop,1
7020,elena,26,WS,soup,1
7020,elena,26,WS,spaghetti,1
7020,elena,26,WS,strawberry,1
7020,elena,26,WS,toast,1
7020,elena,26,WS,tuna,1
7020,elena,26,WS,vanilla,0
7020,elena,26,WS,vitamins,1
7020,elena,26,WS,water (beverage),1
7020,elena,26,WS,yogurt,1
7020,elena,26,WS,beads,1
7020,elena,26,WS,belt,1
7020,elena,26,WS,bib,1
7020,elena,26,WS,boots,1
7020,elena,26,WS,button,1
7020,elena,26,WS,coat,1
7020,elena,26,WS,diaper,1
7020,elena,26,WS,dress (object),1
7020,elena,26,WS,gloves,1
7020,elena,26,WS,hat,1
7020,elena,26,WS,jacket,1
7020,elena,26,WS,jeans,1
7020,elena,26,WS,mittens,0
7020,elena,26,WS,necklace,1
7020,elena,26,WS,pajamas,1
7020,elena,26,WS,pants,1
7020,elena,26,WS,scarf,0
7020,elena,26,WS,shirt,1
7020,elena,26,WS,shoe,1
7020,elena,26,WS,shorts,0
7020,elena,26,WS,slipper,0
7020,elena,26,WS,sneaker,0
7020,elena,26,WS,snowsuit,0
7020,elena,26,WS,sock,1
7020,elena,26,WS,sweater,1
7020,elena,26,WS,tights,1
7020,elena,26,WS,underpants,1
7020,elena,26,WS,zipper,1
7020,elena,26,WS,ankle,0
7020,elena,26,WS,arm,1
7020,elena,26,WS,belly button,1
7020,elena,26,WS,buttocks/bottom*,1
7020,elena,26,WS,cheek,1
7020,elena,26,WS,chin,1
7020,elena,26,WS,ear,1
7020,elena,26,WS,eye,1
7020,elena,26,WS,face,1
7020,elena,26,WS,foot,1
7020,elena,26,WS,finger,1
7020,elena,26,WS,hair,1
7020,elena,26,WS,hand,1
7020,elena,26,WS,head,1
7020,elena,26,WS,knee,1
7020,elena,26,WS,leg,1
7020,elena,26,WS,lips,1
7020,elena,26,WS,mouth,1
7020,elena,26,WS,nose,1
7020,elena,26,WS,owie/boo boo,1
7020,elena,26,WS,penis*,1
7020,elena,26,WS,shoulder,0
7020,elena,26,WS,tooth,1
7020,elena,26,WS,toe,1
7020,elena,26,WS,tongue,1
7020,elena,26,WS,tummy,1
7020,elena,26,WS,vagina*,1
7020,elena,26,WS,basket,1
7020,elena,26,WS,blanket,1
7020,elena,26,WS,bottle,1
7020,elena,26,WS,box,1
7020,elena,26,WS,bowl,1
7020,elena,26,WS,broom,1
7020,elena,26,WS,brush,1
7020,elena,26,WS,bucket,1
7020,elena,26,WS,camera,1
7020,elena,26,WS,can (object),1
7020,elena,26,WS,clock,1
7020,elena,26,WS,comb,1
7020,elena,26,WS,cup,1
7020,elena,26,WS,dish,1
7020,elena,26,WS,fork,1
7020,elena,26,WS,garbage,1
7020,elena,26,WS,glass,1
7020,elena,26,WS,glasses,1
7020,elena,26,WS,hammer,1
7020,elena,26,WS,jar,1
7020,elena,26,WS,keys,1
7020,elena,26,WS,knife,1
7020,elena,26,WS,lamp,1
7020,elena,26,WS,light,1
7020,elena,26,WS,medicine,1
7020,elena,26,WS,money,1
7020,elena,26,WS,mop,1
7020,elena,26,WS,nail,1
7020,elena,26,WS,napkin,1
7020,elena,26,WS,paper,1
7020,elena,26,WS,penny,1
7020,elena,26,WS,picture,1
7020,elena,26,WS,pillow,1
7020,elena,26,WS,plant,1
7020,elena,26,WS,plate,1
7020,elena,26,WS,purse,1
7020,elena,26,WS,radio,1
7020,elena,26,WS,scissors,1
7020,elena,26,WS,soap,1
7020,elena,26,WS,spoon,1
7020,elena,26,WS,tape,1
7020,elena,26,WS,telephone,1
7020,elena,26,WS,tissue/kleenex,1
7020,elena,26,WS,toothbrush,1
7020,elena,26,WS,towel,1
7020,elena,26,WS,trash,0
7020,elena,26,WS,tray,0
7020,elena,26,WS,vacuum,1
7020,elena,26,WS,walker,0
7020,elena,26,WS,watch (object),1
7020,elena,26,WS,basement,0
7020,elena,26,WS,bathroom,1
7020,elena,26,WS,bathtub,1
7020,elena,26,WS,bed,1
7020,elena,26,WS,bedroom,1
7020,elena,26,WS,bench,1
7020,elena,26,WS,chair,1
7020,elena,26,WS,closet,0
7020,elena,26,WS,couch,1
7020,elena,26,WS,crib,1
7020,elena,26,WS,door,1
7020,elena,26,WS,drawer,1
7020,elena,26,WS,dryer,0
7020,elena,26,WS,garage,1
7020,elena,26,WS,high chair,1
7020,elena,26,WS,kitchen,1
7020,elena,26,WS,living room,0
7020,elena,26,WS,oven,1
7020,elena,26,WS,play pen,0
7020,elena,26,WS,porch,0
7020,elena,26,WS,potty,1
7020,elena,26,WS,refrigerator,1
7020,elena,26,WS,rocking chair,1
7020,elena,26,WS,room,1
7020,elena,26,WS,shower,1
7020,elena,26,WS,sink,1
7020,elena,26,WS,sofa,0
7020,elena,26,WS,stairs,1
7020,elena,26,WS,stove,0
7020,elena,26,WS,table,1
7020,elena,26,WS,TV,1
7020,elena,26,WS,washing machine,0
7020,elena,26,WS,window,1
7020,elena,26,WS,backyard,1
7020,elena,26,WS,cloud,1
7020,elena,26,WS,flag,0
7020,elena,26,WS,flower,1
7020,elena,26,WS,garden,1
7020,elena,26,WS,grass,1
7020,elena,26,WS,hose,0
7020,elena,26,WS,ladder,1
7020,elena,26,WS,lawn mower,0
7020,elena,26,WS,moon,1
7020,elena,26,WS,pool,1
7020,elena,26,WS,rain,1
7020,elena,26,WS,rock,1
7020,elena,26,WS,roof,1
7020,elena,26,WS,sandbox,1
7020,elena,26,WS,shovel,1
7020,elena,26,WS,sidewalk,1
7020,elena,26,WS,sky,1
7020,elena,26,WS,slide (object),1
7020,elena,26,WS,snow,1
7020,elena,26,WS,snowman,0
7020,elena,26,WS,sprinkler,1
7020,elena,26,WS,star,1
7020,elena,26,WS,stick,1
7020,elena,26,WS,stone,1
7020,elena,26,WS,street,1
7020,elena,26,WS,sun,1
7020,elena,26,WS,swing (object),1
7020,elena,26,WS,tree,1
7020,elena,26,WS,water (not beverage),1
7020,elena,26,WS,wind,1
7020,elena,26,WS,beach,1
7020,elena,26,WS,camping,0
7020,elena,26,WS,church*,0
7020,elena,26,WS,circus,0
7020,elena,26,WS,country,0
7020,elena,26,WS,downtown,0
7020,elena,26,WS,farm,1
7020,elena,26,WS,gas station,0
7020,elena,26,WS,home,1
7020,elena,26,WS,house,1
7020,elena,26,WS,movie,1
7020,elena,26,WS,outside,1
7020,elena,26,WS,park,1
7020,elena,26,WS,party,1
7020,elena,26,WS,picnic,1
7020,elena,26,WS,playground,1
7020,elena,26,WS,school,1
7020,elena,26,WS,store,1
7020,elena,26,WS,woods,0
7020,elena,26,WS,work (place),1
7020,elena,26,WS,yard,1
7020,elena,26,WS,zoo,1
7020,elena,26,WS,aunt,1
7020,elena,26,WS,baby,1
7020,elena,26,WS,babysitter,0
7020,elena,26,WS,babysitter's name,0
7020,elena,26,WS,boy,1
7020,elena,26,WS,brother,0
7020,elena,26,WS,child,1
7020,elena,26,WS,clown,0
7020,elena,26,WS,cowboy,0
7020,elena,26,WS,daddy*,1
7020,elena,26,WS,doctor,1
7020,elena,26,WS,fireman,1
7020,elena,26,WS,friend,1
7020,elena,26,WS,girl,1
7020,elena,26,WS,grandma*,1
7020,elena,26,WS,grandpa*,1
7020,elena,26,WS,lady,1
7020,elena,26,WS,mailman,0
7020,elena,26,WS,man,1
7020,elena,26,WS,mommy*,1
7020,elena,26,WS,nurse,0
7020,elena,26,WS,child's own name,1
7020,elena,26,WS,people,1
7020,elena,26,WS,person,0
7020,elena,26,WS,pet's name,1
7020,elena,26,WS,police,1
7020,elena,26,WS,sister,1
7020,elena,26,WS,teacher,1
7020,elena,26,WS,uncle,1
7020,elena,26,WS,bath,1
7020,elena,26,WS,breakfast,1
7020,elena,26,WS,bye,1
7020,elena,26,WS,call (on phone),1
7020,elena,26,WS,dinner,1
7020,elena,26,WS,gimme five,1
7020,elena,26,WS,gonna get you,1
7020,elena,26,WS,go potty,1
7020,elena,26,WS,hi,1
7020,elena,26,WS,hello,1
7020,elena,26,WS,lunch,1
7020,elena,26,WS,nap,1
7020,elena,26,WS,night night,1
7020,elena,26,WS,no,1
7020,elena,26,WS,patty cake,1
7020,elena,26,WS,peekaboo,1
7020,elena,26,WS,please,1
7020,elena,26,WS,shh/shush/hush,1
7020,elena,26,WS,shopping,1
7020,elena,26,WS,snack,1
7020,elena,26,WS,so big,1
7020,elena,26,WS,thank you,1
7020,elena,26,WS,this little piggy,1
7020,elena,26,WS,turn around,1
7020,elena,26,WS,yes,1
7020,elena,26,WS,bite,1
7020,elena,26,WS,blow,1
7020,elena,26,WS,break,1
7020,elena,26,WS,bring,1
7020,elena,26,WS,build,1
7020,elena,26,WS,bump,1
7020,elena,26,WS,buy,1
7020,elena,26,WS,carry,1
7020,elena,26,WS,catch,1
7020,elena,26,WS,chase,1
7020,elena,26,WS,clap,1
7020,elena,26,WS,clean (action),1
7020,elena,26,WS,climb,1
7020,elena,26,WS,close,1
7020,elena,26,WS,cook,1
7020,elena,26,WS,cover,1
7020,elena,26,WS,cry,1
7020,elena,26,WS,cut,1
7020,elena,26,WS,dance,1
7020,elena,26,WS,draw,1
7020,elena,26,WS,drink (action),1
7020,elena,26,WS,drive,1
7020,elena,26,WS,drop,1
7020,elena,26,WS,dry (action),1
7020,elena,26,WS,dump,0
7020,elena,26,WS,eat,1
7020,elena,26,WS,fall,1
7020,elena,26,WS,feed,0
7020,elena,26,WS,find,1
7020,elena,26,WS,finish,1
7020,elena,26,WS,fit,1
7020,elena,26,WS,fix,1
7020,elena,26,WS,get,1
7020,elena,26,WS,give,1
7020,elena,26,WS,go,1
7020,elena,26,WS,hate,0
7020,elena,26,WS,have,1
7020,elena,26,WS,hear,1
7020,elena,26,WS,help,1
7020,elena,26,WS,hide,1
7020,elena,26,WS,hit,1
7020,elena,26,WS,hold,1
7020,elena,26,WS,hug,1
7020,elena,26,WS,hurry,1
7020,elena,26,WS,jump,1
7020,elena,26,WS,kick,1
7020,elena,26,WS,kiss,1
7020,elena,26,WS,knock,1
7020,elena,26,WS,lick,1
7020,elena,26,WS,like,1
7020,elena,26,WS,listen,1
7020,elena,26,WS,look,1
7020,elena,26,WS,love,1
7020,elena,26,WS,make,1
7020,elena,26,WS,open,1
7020,elena,26,WS,paint,1
7020,elena,26,WS,pick,1
7020,elena,26,WS,play,1
7020,elena,26,WS,pour,1
7020,elena,26,WS,pretend,0
7020,elena,26,WS,pull,1
7020,elena,26,WS,push,1
7020,elena,26,WS,put,1
7020,elena,26,WS,read,1
7020,elena,26,WS,ride,1
7020,elena,26,WS,rip,1
7020,elena,26,WS,run,1
7020,elena,26,WS,say,1
7020,elena,26,WS,see,1
7020,elena,26,WS,shake,1
7020,elena,26,WS,share,1
7020,elena,26,WS,show,1
7020,elena,26,WS,sing,1
7020,elena,26,WS,sit,1
7020,elena,26,WS,skate,1
7020,elena,26,WS,sleep,1
7020,elena,26,WS,slide (action),1
7020,elena,26,WS,smile,1
7020,elena,26,WS,spill,1
7020,elena,26,WS,splash,1
7020,elena,26,WS,stand,1
7020,elena,26,WS,stay,1
7020,elena,26,WS,stop,1
7020,elena,26,WS,sweep,1
7020,elena,26,WS,swim,1
7020,elena,26,WS,swing (action),1
7020,elena,26,WS,take,1
7020,elena,26,WS,talk,1
7020,elena,26,WS,taste,1
7020,elena,26,WS,tear,1
7020,elena,26,WS,think,1
7020,elena,26,WS,throw,1
7020,elena,26,WS,tickle,1
7020,elena,26,WS,touch,1
7020,elena,26,WS,wait,1
7020,elena,26,WS,wake,1
7020,elena,26,WS,walk,1
7020,elena,26,WS,wash,1
7020,elena,26,WS,watch (action),0
7020,elena,26,WS,wipe,1
7020,elena,26,WS,wish,1
7020,elena,26,WS,work (action),1
7020,elena,26,WS,write,1
7020,elena,26,WS,all gone,1
7020,elena,26,WS,asleep,1
7020,elena,26,WS,awake,1
7020,elena,26,WS,bad,1
7020,elena,26,WS,better,1
7020,elena,26,WS,big,1
7020,elena,26,WS,black,1
7020,elena,26,WS,blue,1
7020,elena,26,WS,broken,1
7020,elena,26,WS,brown,0
7020,elena,26,WS,careful,1
7020,elena,26,WS,clean (description),1
7020,elena,26,WS,cold,1
7020,elena,26,WS,cute,1
7020,elena,26,WS,dark,1
7020,elena,26,WS,dirty,1
7020,elena,26,WS,dry (description),1
7020,elena,26,WS,empty,1
7020,elena,26,WS,fast,1
7020,elena,26,WS,fine,1
7020,elena,26,WS,first,1
7020,elena,26,WS,full,1
7020,elena,26,WS,gentle,1
7020,elena,26,WS,good,1
7020,elena,26,WS,green,1
7020,elena,26,WS,happy,1
7020,elena,26,WS,hard,1
7020,elena,26,WS,heavy,1
7020,elena,26,WS,high,1
7020,elena,26,WS,hot,1
7020,elena,26,WS,hungry,1
7020,elena,26,WS,hurt,1
7020,elena,26,WS,last,1
7020,elena,26,WS,little (description),1
7020,elena,26,WS,long,1
7020,elena,26,WS,loud,1
7020,elena,26,WS,mad,1
7020,elena,26,WS,naughty,1
7020,elena,26,WS,new,1
7020,elena,26,WS,nice,1
7020,elena,26,WS,noisy,1
7020,elena,26,WS,old,1
7020,elena,26,WS,orange (description),1
7020,elena,26,WS,poor,0
7020,elena,26,WS,pretty,1
7020,elena,26,WS,quiet,1
7020,elena,26,WS,red,1
7020,elena,26,WS,sad,1
7020,elena,26,WS,scared,1
7020,elena,26,WS,sick,1
7020,elena,26,WS,sleepy,1
7020,elena,26,WS,slow,1
7020,elena,26,WS,soft,1
7020,elena,26,WS,sticky,1
7020,elena,26,WS,stuck,1
7020,elena,26,WS,thirsty,1
7020,elena,26,WS,tiny,1
7020,elena,26,WS,tired,1
7020,elena,26,WS,wet,1
7020,elena,26,WS,white,0
7020,elena,26,WS,windy,1
7020,elena,26,WS,yellow,1
7020,elena,26,WS,yucky,1
7020,elena,26,WS,after,1
7020,elena,26,WS,before,0
7020,elena,26,WS,day,1
7020,elena,26,WS,later,1
7020,elena,26,WS,morning,1
7020,elena,26,WS,night,1
7020,elena,26,WS,now,1
7020,elena,26,WS,time,0
7020,elena,26,WS,today,0
7020,elena,26,WS,tomorrow,0
7020,elena,26,WS,tonight,0
7020,elena,26,WS,yesterday,0
7020,elena,26,WS,he,1
7020,elena,26,WS,her,1
7020,elena,26,WS,hers,0
7020,elena,26,WS,him,0
7020,elena,26,WS,his,0
7020,elena,26,WS,I,1
7020,elena,26,WS,it,1
7020,elena,26,WS,me,1
7020,elena,26,WS,mine,1
7020,elena,26,WS,my,1
7020,elena,26,WS,myself,0
7020,elena,26,WS,our,0
7020,elena,26,WS,she,1
7020,elena,26,WS,that,1
7020,elena,26,WS,their,0
7020,elena,26,WS,them,0
7020,elena,26,WS,these,0
7020,elena,26,WS,they,0
7020,elena,26,WS,this,1
7020,elena,26,WS,those,0
7020,elena,26,WS,us,0
7020,elena,26,WS,we,1
7020,elena,26,WS,you,1
7020,elena,26,WS,your,0
7020,elena,26,WS,yourself,0
7020,elena,26,WS,how,1
7020,elena,26,WS,what,1
7020,elena,26,WS,when,1
7020,elena,26,WS,where,1
7020,elena,26,WS,which,0
7020,elena,26,WS,who,1
7020,elena,26,WS,why,1
7020,elena,26,WS,about,0
7020,elena,26,WS,above,1
7020,elena,26,WS,around,1
7020,elena,26,WS,at,1
7020,elena,26,WS,away,1
7020,elena,26,WS,back,1
7020,elena,26,WS,behind,1
7020,elena,26,WS,beside,0
7020,elena,26,WS,by,1
7020,elena,26,WS,down,1
7020,elena,26,WS,for,1
7020,elena,26,WS,here,1
7020,elena,26,WS,inside/in,1
7020,elena,26,WS,into,1
7020,elena,26,WS,next to,0
7020,elena,26,WS,of,0
7020,elena,26,WS,off,1
7020,elena,26,WS,on,1
7020,elena,26,WS,on top of,1
7020,elena,26,WS,out,1
7020,elena,26,WS,over,1
7020,elena,26,WS,there,0
7020,elena,26,WS,to,1
7020,elena,26,WS,under,1
7020,elena,26,WS,up,1
7020,elena,26,WS,with,0
7020,elena,26,WS,a,1
7020,elena,26,WS,all,1
7020,elena,26,WS,a lot,1
7020,elena,26,WS,an,1
7020,elena,26,WS,another,0
7020,elena,26,WS,any,1
7020,elena,26,WS,each,0
7020,elena,26,WS,every,0
7020,elena,26,WS,more,1
7020,elena,26,WS,much,1
7020,elena,26,WS,not,1
7020,elena,26,WS,none,1
7020,elena,26,WS,other,0
7020,elena,26,WS,same,1
7020,elena,26,WS,some,1
7020,elena,26,WS,the,1
7020,elena,26,WS,too,1
7020,elena,26,WS,am,1
7020,elena,26,WS,are,0
7020,elena,26,WS,be,0
7020,elena,26,WS,can (auxiliary),1
7020,elena,26,WS,could,0
7020,elena,26,WS,did/did ya,1
7020,elena,26,WS,do,1
7020,elena,26,WS,does,0
7020,elena,26,WS,don't,1
7020,elena,26,WS,gonna/going to,1
7020,elena,26,WS,gotta/got to,1
7020,elena,26,WS,hafta/have to,1
7020,elena,26,WS,is,1
7020,elena,26,WS,lemme/let me,1
7020,elena,26,WS,need/need to,1
7020,elena,26,WS,try/try to,1
7020,elena,26,WS,wanna/want to,1
7020,elena,26,WS,was,0
7020,elena,26,WS,were,0
7020,elena,26,WS,will,0
7020,elena,26,WS,would,0
7020,elena,26,WS,and,1
7020,elena,26,WS,because,0
7020,elena,26,WS,but,0
7020,elena,26,WS,if,0
7020,elena,26,WS,so,0
7020,elena,26,WS,then,0
7024,elena,26,WS,baa baa,1
7024,elena,26,WS,choo choo,1
7024,elena,26,WS,cock-a-doodle-doo,0
7024,elena,26,WS,grrr,1
7024,elena,26,WS,meow,1
7024,elena,26,WS,moo,1
7024,elena,26,WS,ouch,1
7024,elena,26,WS,quack quack,1
7024,elena,26,WS,uh oh,1
7024,elena,26,WS,vroom,1
7024,elena,26,WS,woof woof,1
7024,elena,26,WS,yum yum,1
7024,elena,26,WS,alligator,1
7024,elena,26,WS,animal,1
7024,elena,26,WS,ant,0
7024,elena,26,WS,bear,1
7024,elena,26,WS,bee,1
7024,elena,26,WS,bird,1
7024,elena,26,WS,bug,1
7024,elena,26,WS,bunny,1
7024,elena,26,WS,butterfly,1
7024,elena,26,WS,cat,1
7024,elena,26,WS,chicken (animal),1
7024,elena,26,WS,cow,1
7024,elena,26,WS,deer,1
7024,elena,26,WS,dog,1
7024,elena,26,WS,donkey,1
7024,elena,26,WS,duck,1
7024,elena,26,WS,elephant,1
7024,elena,26,WS,fish (animal),1
7024,elena,26,WS,frog,1
7024,elena,26,WS,giraffe,1
7024,elena,26,WS,goose,1
7024,elena,26,WS,hen,0
7024,elena,26,WS,horse,1
7024,elena,26,WS,kitty,1
7024,elena,26,WS,lamb,1
7024,elena,26,WS,lion,1
7024,elena,26,WS,monkey,1
7024,elena,26,WS,moose,1
7024,elena,26,WS,mouse,1
7024,elena,26,WS,owl,1
7024,elena,26,WS,penguin,1
7024,elena,26,WS,pig,1
7024,elena,26,WS,pony,0
7024,elena,26,WS,puppy,0
7024,elena,26,WS,rooster,1
7024,elena,26,WS,sheep,1
7024,elena,26,WS,squirrel,1
7024,elena,26,WS,teddy bear,1
7024,elena,26,WS,tiger,1
7024,elena,26,WS,turkey,0
7024,elena,26,WS,turtle,1
7024,elena,26,WS,wolf,1
7024,elena,26,WS,zebra,1
7024,elena,26,WS,airplane,1
7024,elena,26,WS,bicycle,1
7024,elena,26,WS,boat,1
7024,elena,26,WS,bus,1
7024,elena,26,WS,car,1
7024,elena,26,WS,fire truck,1
7024,elena,26,WS,helicopter,1
7024,elena,26,WS,motorcycle,1
7024,elena,26,WS,sled,0
7024,elena,26,WS,stroller,1
7024,elena,26,WS,tractor,0
7024,elena,26,WS,train,1
7024,elena,26,WS,tricycle,1
7024,elena,26,WS,truck,1
7024,elena,26,WS,ball,1
7024,elena,26,WS,balloon,1
7024,elena,26,WS,bat,0
7024,elena,26,WS,block,1
7024,elena,26,WS,book,1
7024,elena,26,WS,bubbles,1
7024,elena,26,WS,chalk,0
7024,elena,26,WS,crayon,0
7024,elena,26,WS,doll,0
7024,elena,26,WS,game,1
7024,elena,26,WS,glue,0
7024,elena,26,WS,pen,0
7024,elena,26,WS,pencil,0
7024,elena,26,WS,play dough,1
7024,elena,26,WS,present,1
7024,elena,26,WS,puzzle,1
7024,elena,26,WS,story,0
7024,elena,26,WS,toy (object),1
7024,elena,26,WS,apple,1
7024,elena,26,WS,apple sauce,0
7024,elena,26,WS,banana,1
7024,elena,26,WS,beans,0
7024,elena,26,WS,bread,1
7024,elena,26,WS,butter,1
7024,elena,26,WS,cake,1
7024,elena,26,WS,candy,0
7024,elena,26,WS,carrots,1
7024,elena,26,WS,cereal,1
7024,elena,26,WS,cheerios,1
7024,elena,26,WS,cheese,1
7024,elena,26,WS,chicken (food),1
7024,elena,26,WS,chocolate,1
7024,elena,26,WS,coffee,1
7024,elena,26,WS,coke,0
7024,elena,26,WS,cookie,1
7024,elena,26,WS,corn,1
7024,elena,26,WS,cracker,1
7024,elena,26,WS,donut,0
7024,elena,26,WS,drink (beverage),1
7024,elena,26,WS,egg,1
7024,elena,26,WS,fish (food),1
7024,elena,26,WS,food,1
7024,elena,26,WS,french fries,0
7024,elena,26,WS,grapes,1
7024,elena,26,WS,green beans,0
7024,elena,26,WS,gum,0
7024,elena,26,WS,hamburger,0
7024,elena,26,WS,ice,1
7024,elena,26,WS,ice cream,1
7024,elena,26,WS,jello,0
7024,elena,26,WS,jelly,0
7024,elena,26,WS,juice,1
7024,elena,26,WS,lollipop,1
7024,elena,26,WS,meat,1
7024,elena,26,WS,melon,1
7024,elena,26,WS,milk,1
7024,elena,26,WS,muffin,1
7024,elena,26,WS,noodles,1
7024,elena,26,WS,nuts,1
7024,elena,26,WS,orange (food),1
7024,elena,26,WS,pancakes,1
7024,elena,26,WS,peanut butter,0
7024,elena,26,WS,peas,1
7024,elena,26,WS,pickle,1
7024,elena,26,WS,pizza,1
7024,elena,26,WS,popcorn,0
7024,elena,26,WS,popsicle,0
7024,elena,26,WS,potato,1
7024,elena,26,WS,potato chips,0
7024,elena,26,WS,pretzel,0
7024,elena,26,WS,pudding,0
7024,elena,26,WS,pumpkin,1
7024,elena,26,WS,raisin,1
7024,elena,26,WS,salt,1
7024,elena,26,WS,sandwich,0
7024,elena,26,WS,sauce,0
7024,elena,26,WS,soda/pop,0
7024,elena,26,WS,soup,1
7024,elena,26,WS,spaghetti,0
7024,elena,26,WS,strawberry,1
7024,elena,26,WS,toast,0
7024,elena,26,WS,tuna,0
7024,elena,26,WS,vanilla,0
7024,elena,26,WS,vitamins,0
7024,elena,26,WS,water (beverage),1
7024,elena,26,WS,yogurt,1
7024,elena,26,WS,beads,0
7024,elena,26,WS,belt,0
7024,elena,26,WS,bib,0
7024,elena,26,WS,boots,1
7024,elena,26,WS,button,1
7024,elena,26,WS,coat,1
7024,elena,26,WS,diaper,1
7024,elena,26,WS,dress (object),0
7024,elena,26,WS,gloves,0
7024,elena,26,WS,hat,1
7024,elena,26,WS,jacket,1
7024,elena,26,WS,jeans,0
7024,elena,26,WS,mittens,1
7024,elena,26,WS,necklace,0
7024,elena,26,WS,pajamas,1
7024,elena,26,WS,pants,1
7024,elena,26,WS,scarf,0
7024,elena,26,WS,shirt,1
7024,elena,26,WS,shoe,1
7024,elena,26,WS,shorts,1
7024,elena,26,WS,slipper,0
7024,elena,26,WS,sneaker,0
7024,elena,26,WS,snowsuit,0
7024,elena,26,WS,sock,1
7024,elena,26,WS,sweater,1
7024,elena,26,WS,tights,0
7024,elena,26,WS,underpants,1
7024,elena,26,WS,zipper,1
7024,elena,26,WS,ankle,0
7024,elena,26,WS,arm,1
7024,elena,26,WS,belly button,1
7024,elena,26,WS,buttocks/bottom*,1
7024,elena,26,WS,cheek,0
7024,elena,26,WS,chin,0
7024,elena,26,WS,ear,1
7024,elena,26,WS,eye,1
7024,elena,26,WS,face,1
7024,elena,26,WS,foot,1
7024,elena,26,WS,finger,1
7024,elena,26,WS,hair,1
7024,elena,26,WS,hand,1
7024,elena,26,WS,head,1
7024,elena,26,WS,knee,1
7024,elena,26,WS,leg,1
7024,elena,26,WS,lips,0
7024,elena,26,WS,mouth,1
7024,elena,26,WS,nose,1
7024,elena,26,WS,owie/boo boo,1
7024,elena,26,WS,penis*,1
7024,elena,26,WS,shoulder,1
7024,elena,26,WS,tooth,1
7024,elena,26,WS,toe,1
7024,elena,26,WS,tongue,1
7024,elena,26,WS,tummy,1
7024,elena,26,WS,vagina*,0
7024,elena,26,WS,basket,0
7024,elena,26,WS,blanket,1
7024,elena,26,WS,bottle,1
7024,elena,26,WS,box,1
7024,elena,26,WS,bowl,1
7024,elena,26,WS,broom,0
7024,elena,26,WS,brush,1
7024,elena,26,WS,bucket,1
7024,elena,26,WS,camera,0
7024,elena,26,WS,can (object),0
7024,elena,26,WS,clock,1
7024,elena,26,WS,comb,0
7024,elena,26,WS,cup,1
7024,elena,26,WS,dish,0
7024,elena,26,WS,fork,1
7024,elena,26,WS,garbage,1
7024,elena,26,WS,glass,0
7024,elena,26,WS,glasses,0
7024,elena,26,WS,hammer,0
7024,elena,26,WS,jar,0
7024,elena,26,WS,keys,1
7024,elena,26,WS,knife,1
7024,elena,26,WS,lamp,0
7024,elena,26,WS,light,1
7024,elena,26,WS,medicine,0
7024,elena,26,WS,money,1
7024,elena,26,WS,mop,0
7024,elena,26,WS,nail,0
7024,elena,26,WS,napkin,0
7024,elena,26,WS,paper,1
7024,elena,26,WS,penny,0
7024,elena,26,WS,picture,1
7024,elena,26,WS,pillow,1
7024,elena,26,WS,plant,0
7024,elena,26,WS,plate,0
7024,elena,26,WS,purse,0
7024,elena,26,WS,radio,0
7024,elena,26,WS,scissors,0
7024,elena,26,WS,soap,1
7024,elena,26,WS,spoon,1
7024,elena,26,WS,tape,0
7024,elena,26,WS,telephone,1
7024,elena,26,WS,tissue/kleenex,0
7024,elena,26,WS,toothbrush,1
7024,elena,26,WS,towel,1
7024,elena,26,WS,trash,0
7024,elena,26,WS,tray,0
7024,elena,26,WS,vacuum,0
7024,elena,26,WS,walker,0
7024,elena,26,WS,watch (object),0
7024,elena,26,WS,basement,0
7024,elena,26,WS,bathroom,1
7024,elena,26,WS,bathtub,1
7024,elena,26,WS,bed,1
7024,elena,26,WS,bedroom,0
7024,elena,26,WS,bench,0
7024,elena,26,WS,chair,1
7024,elena,26,WS,closet,0
7024,elena,26,WS,couch,0
7024,elena,26,WS,crib,0
7024,elena,26,WS,door,1
7024,elena,26,WS,drawer,0
7024,elena,26,WS,dryer,0
7024,elena,26,WS,garage,0
7024,elena,26,WS,high chair,1
7024,elena,26,WS,kitchen,0
7024,elena,26,WS,living room,0
7024,elena,26,WS,oven,0
7024,elena,26,WS,play pen,0
7024,elena,26,WS,porch,0
7024,elena,26,WS,potty,1
7024,elena,26,WS,refrigerator,1
7024,elena,26,WS,rocking chair,0
7024,elena,26,WS,room,0
7024,elena,26,WS,shower,1
7024,elena,26,WS,sink,1
7024,elena,26,WS,sofa,0
7024,elena,26,WS,stairs,1
7024,elena,26,WS,stove,0
7024,elena,26,WS,table,1
7024,elena,26,WS,TV,1
7024,elena,26,WS,washing machine,0
7024,elena,26,WS,window,1
7024,elena,26,WS,backyard,0
7024,elena,26,WS,cloud,1
7024,elena,26,WS,flag,0
7024,elena,26,WS,flower,1
7024,elena,26,WS,garden,0
7024,elena,26,WS,grass,0
7024,elena,26,WS,hose,0
7024,elena,26,WS,ladder,0
7024,elena,26,WS,lawn mower,0
7024,elena,26,WS,moon,1
7024,elena,26,WS,pool,0
7024,elena,26,WS,rain,1
7024,elena,26,WS,rock,1
7024,elena,26,WS,roof,0
7024,elena,26,WS,sandbox,0
7024,elena,26,WS,shovel,1
7024,elena,26,WS,sidewalk,0
7024,elena,26,WS,sky,1
7024,elena,26,WS,slide (object),1
7024,elena,26,WS,snow,1
7024,elena,26,WS,snowman,1
7024,elena,26,WS,sprinkler,0
7024,elena,26,WS,star,1
7024,elena,26,WS,stick,1
7024,elena,26,WS,stone,1
7024,elena,26,WS,street,1
7024,elena,26,WS,sun,1
7024,elena,26,WS,swing (object),1
7024,elena,26,WS,tree,1
7024,elena,26,WS,water (not beverage),1
7024,elena,26,WS,wind,0
7024,elena,26,WS,beach,1
7024,elena,26,WS,camping,1
7024,elena,26,WS,church*,0
7024,elena,26,WS,circus,0
7024,elena,26,WS,country,0
7024,elena,26,WS,downtown,1
7024,elena,26,WS,farm,0
7024,elena,26,WS,gas station,0
7024,elena,26,WS,home,1
7024,elena,26,WS,house,1
7024,elena,26,WS,movie,0
7024,elena,26,WS,outside,1
7024,elena,26,WS,park,1
7024,elena,26,WS,party,1
7024,elena,26,WS,picnic,0
7024,elena,26,WS,playground,0
7024,elena,26,WS,school,0
7024,elena,26,WS,store,0
7024,elena,26,WS,woods,0
7024,elena,26,WS,work (place),1
7024,elena,26,WS,yard,0
7024,elena,26,WS,zoo,1
7024,elena,26,WS,aunt,0
7024,elena,26,WS,baby,1
7024,elena,26,WS,babysitter,0
7024,elena,26,WS,babysitter's name,0
7024,elena,26,WS,boy,1
7024,elena,26,WS,brother,0
7024,elena,26,WS,child,0
7024,elena,26,WS,clown,0
7024,elena,26,WS,cowboy,0
7024,elena,26,WS,daddy*,1
7024,elena,26,WS,doctor,1
7024,elena,26,WS,fireman,0
7024,elena,26,WS,friend,1
7024,elena,26,WS,girl,1
7024,elena,26,WS,grandma*,1
7024,elena,26,WS,grandpa*,1
7024,elena,26,WS,lady,0
7024,elena,26,WS,mailman,0
7024,elena,26,WS,man,0
7024,elena,26,WS,mommy*,1
7024,elena,26,WS,nurse,0
7024,elena,26,WS,child's own name,1
7024,elena,26,WS,people,0
7024,elena,26,WS,person,0
7024,elena,26,WS,pet's name,1
7024,elena,26,WS,police,0
7024,elena,26,WS,sister,0
7024,elena,26,WS,teacher,1
7024,elena,26,WS,uncle,1
7024,elena,26,WS,bath,1
7024,elena,26,WS,breakfast,1
7024,elena,26,WS,bye,1
7024,elena,26,WS,call (on phone),0
7024,elena,26,WS,dinner,0
7024,elena,26,WS,gimme five,0
7024,elena,26,WS,gonna get you,0
7024,elena,26,WS,go potty,1
7024,elena,26,WS,hi,1
7024,elena,26,WS,hello,1
7024,elena,26,WS,lunch,1
7024,elena,26,WS,nap,1
7024,elena,26,WS,night night,1
7024,elena,26,WS,no,1
7024,elena,26,WS,patty cake,0
7024,elena,26,WS,peekaboo,1
7024,elena,26,WS,please,1
7024,elena,26,WS,shh/shush/hush,1
7024,elena,26,WS,shopping,0
7024,elena,26,WS,snack,1
7024,elena,26,WS,so big,1
7024,elena,26,WS,thank you,1
7024,elena,26,WS,this little piggy,1
7024,elena,26,WS,turn around,0
7024,elena,26,WS,yes,1
7024,elena,26,WS,bite,1
7024,elena,26,WS,blow,1
7024,elena,26,WS,break,1
7024,elena,26,WS,bring,0
7024,elena,26,WS,build,0
7024,elena,26,WS,bump,0
7024,elena,26,WS,buy,0
7024,elena,26,WS,carry,0
7024,elena,26,WS,catch,1
7024,elena,26,WS,chase,0
7024,elena,26,WS,clap,1
7024,elena,26,WS,clean (action),1
7024,elena,26,WS,climb,0
7024,elena,26,WS,close,1
7024,elena,26,WS,cook,1
7024,elena,26,WS,cover,1
7024,elena,26,WS,cry,1
7024,elena,26,WS,cut,0
7024,elena,26,WS,dance,1
7024,elena,26,WS,draw,1
7024,elena,26,WS,drink (action),1
7024,elena,26,WS,drive,0
7024,elena,26,WS,drop,1
7024,elena,26,WS,dry (action),0
7024,elena,26,WS,dump,0
7024,elena,26,WS,eat,1
7024,elena,26,WS,fall,1
7024,elena,26,WS,feed,0
7024,elena,26,WS,find,0
7024,elena,26,WS,finish,0
7024,elena,26,WS,fit,0
7024,elena,26,WS,fix,0
7024,elena,26,WS,get,0
7024,elena,26,WS,give,0
7024,elena,26,WS,go,1
7024,elena,26,WS,hate,0
7024,elena,26,WS,have,0
7024,elena,26,WS,hear,1
7024,elena,26,WS,help,1
7024,elena,26,WS,hide,0
7024,elena,26,WS,hit,1
7024,elena,26,WS,hold,0
7024,elena,26,WS,hug,1
7024,elena,26,WS,hurry,0
7024,elena,26,WS,jump,1
7024,elena,26,WS,kick,1
7024,elena,26,WS,kiss,1
7024,elena,26,WS,knock,1
7024,elena,26,WS,lick,0
7024,elena,26,WS,like,0
7024,elena,26,WS,listen,0
7024,elena,26,WS,look,0
7024,elena,26,WS,love,1
7024,elena,26,WS,make,1
7024,elena,26,WS,open,1
7024,elena,26,WS,paint,0
7024,elena,26,WS,pick,0
7024,elena,26,WS,play,1
7024,elena,26,WS,pour,0
7024,elena,26,WS,pretend,0
7024,elena,26,WS,pull,0
7024,elena,26,WS,push,0
7024,elena,26,WS,put,1
7024,elena,26,WS,read,1
7024,elena,26,WS,ride,0
7024,elena,26,WS,rip,0
7024,elena,26,WS,run,1
7024,elena,26,WS,say,0
7024,elena,26,WS,see,1
7024,elena,26,WS,shake,1
7024,elena,26,WS,share,0
7024,elena,26,WS,show,0
7024,elena,26,WS,sing,1
7024,elena,26,WS,sit,1
7024,elena,26,WS,skate,0
7024,elena,26,WS,sleep,1
7024,elena,26,WS,slide (action),0
7024,elena,26,WS,smile,0
7024,elena,26,WS,spill,0
7024,elena,26,WS,splash,0
7024,elena,26,WS,stand,0
7024,elena,26,WS,stay,0
7024,elena,26,WS,stop,1
7024,elena,26,WS,sweep,0
7024,elena,26,WS,swim,1
7024,elena,26,WS,swing (action),1
7024,elena,26,WS,take,0
7024,elena,26,WS,talk,0
7024,elena,26,WS,taste,0
7024,elena,26,WS,tear,0
7024,elena,26,WS,think,0
7024,elena,26,WS,throw,0
7024,elena,26,WS,tickle,1
7024,elena,26,WS,touch,1
7024,elena,26,WS,wait,1
7024,elena,26,WS,wake,0
7024,elena,26,WS,walk,1
7024,elena,26,WS,wash,1
7024,elena,26,WS,watch (action),0
7024,elena,26,WS,wipe,0
7024,elena,26,WS,wish,0
7024,elena,26,WS,work (action),1
7024,elena,26,WS,write,0
7024,elena,26,WS,all gone,1
7024,elena,26,WS,asleep,1
7024,elena,26,WS,awake,0
7024,elena,26,WS,bad,0
7024,elena,26,WS,better,0
7024,elena,26,WS,big,1
7024,elena,26,WS,black,1
7024,elena,26,WS,blue,1
7024,elena,26,WS,broken,1
7024,elena,26,WS,brown,1
7024,elena,26,WS,careful,1
7024,elena,26,WS,clean (description),1
7024,elena,26,WS,cold,1
7024,elena,26,WS,cute,1
7024,elena,26,WS,dark,1
7024,elena,26,WS,dirty,1
7024,elena,26,WS,dry (description),0
7024,elena,26,WS,empty,1
7024,elena,26,WS,fast,0
7024,elena,26,WS,fine,0
7024,elena,26,WS,first,0
7024,elena,26,WS,full,0
7024,elena,26,WS,gentle,1
7024,elena,26,WS,good,0
7024,elena,26,WS,green,1
7024,elena,26,WS,happy,1
7024,elena,26,WS,hard,0
7024,elena,26,WS,heavy,1
7024,elena,26,WS,high,1
7024,elena,26,WS,hot,1
7024,elena,26,WS,hungry,1
7024,elena,26,WS,hurt,0
7024,elena,26,WS,last,0
7024,elena,26,WS,little (description),1
7024,elena,26,WS,long,0
7024,elena,26,WS,loud,1
7024,elena,26,WS,mad,0
7024,elena,26,WS,naughty,0
7024,elena,26,WS,new,0
7024,elena,26,WS,nice,1
7024,elena,26,WS,noisy,1
7024,elena,26,WS,old,0
7024,elena,26,WS,orange (description),1
7024,elena,26,WS,poor,0
7024,elena,26,WS,pretty,0
7024,elena,26,WS,quiet,0
7024,elena,26,WS,red,1
7024,elena,26,WS,sad,1
7024,elena,26,WS,scared,0
7024,elena,26,WS,sick,0
7024,elena,26,WS,sleepy,0
7024,elena,26,WS,slow,0
7024,elena,26,WS,soft,0
7024,elena,26,WS,sticky,0
7024,elena,26,WS,stuck,1
7024,elena,26,WS,thirsty,0
7024,elena,26,WS,tiny,0
7024,elena,26,WS,tired,1
7024,elena,26,WS,wet,1
7024,elena,26,WS,white,1
7024,elena,26,WS,windy,0
7024,elena,26,WS,yellow,1
7024,elena,26,WS,yucky,1
7024,elena,26,WS,after,0
7024,elena,26,WS,before,0
7024,elena,26,WS,day,0
7024,elena,26,WS,later,1
7024,elena,26,WS,morning,1
7024,elena,26,WS,night,1
7024,elena,26,WS,now,0
7024,elena,26,WS,time,0
7024,elena,26,WS,today,0
7024,elena,26,WS,tomorrow,0
7024,elena,26,WS,tonight,0
7024,elena,26,WS,yesterday,0
7024,elena,26,WS,he,0
7024,elena,26,WS,her,0
7024,elena,26,WS,hers,0
7024,elena,26,WS,him,0
7024,elena,26,WS,his,0
7024,elena,26,WS,I,1
7024,elena,26,WS,it,1
7024,elena,26,WS,me,1
7024,elena,26,WS,mine,0
7024,elena,26,WS,my,0
7024,elena,26,WS,myself,0
7024,elena,26,WS,our,0
7024,elena,26,WS,she,0
7024,elena,26,WS,that,0
7024,elena,26,WS,their,0
7024,elena,26,WS,them,0
7024,elena,26,WS,these,0
7024,elena,26,WS,they,0
7024,elena,26,WS,this,1
7024,elena,26,WS,those,0
7024,elena,26,WS,us,0
7024,elena,26,WS,we,0
7024,elena,26,WS,you,1
7024,elena,26,WS,your,1
7024,elena,26,WS,yourself,0
7024,elena,26,WS,how,0
7024,elena,26,WS,what,0
7024,elena,26,WS,when,0
7024,elena,26,WS,where,1
7024,elena,26,WS,which,0
7024,elena,26,WS,who,0
7024,elena,26,WS,why,0
7024,elena,26,WS,about,0
7024,elena,26,WS,above,0
7024,elena,26,WS,around,1
7024,elena,26,WS,at,0
7024,elena,26,WS,away,0
7024,elena,26,WS,back,1
7024,elena,26,WS,behind,0
7024,elena,26,WS,beside,0
7024,elena,26,WS,by,0
7024,elena,26,WS,down,1
7024,elena,26,WS,for,0
7024,elena,26,WS,here,0
7024,elena,26,WS,inside/in,0
7024,elena,26,WS,into,0
7024,elena,26,WS,next to,0
7024,elena,26,WS,of,0
7024,elena,26,WS,off,0
7024,elena,26,WS,on,0
7024,elena,26,WS,on top of,0
7024,elena,26,WS,out,0
7024,elena,26,WS,over,0
7024,elena,26,WS,there,0
7024,elena,26,WS,to,0
7024,elena,26,WS,under,0
7024,elena,26,WS,up,1
7024,elena,26,WS,with,0
7024,elena,26,WS,a,1
7024,elena,26,WS,all,0
7024,elena,26,WS,a lot,1
7024,elena,26,WS,an,0
7024,elena,26,WS,another,1
7024,elena,26,WS,any,0
7024,elena,26,WS,each,0
7024,elena,26,WS,every,0
7024,elena,26,WS,more,1
7024,elena,26,WS,much,1
7024,elena,26,WS,not,0
7024,elena,26,WS,none,0
7024,elena,26,WS,other,0
7024,elena,26,WS,same,0
7024,elena,26,WS,some,0
7024,elena,26,WS,the,0
7024,elena,26,WS,too,0
7024,elena,26,WS,am,0
7024,elena,26,WS,are,1
7024,elena,26,WS,be,0
7024,elena,26,WS,can (auxiliary),0
7024,elena,26,WS,could,0
7024,elena,26,WS,did/did ya,1
7024,elena,26,WS,do,0
7024,elena,26,WS,does,0
7024,elena,26,WS,don't,0
7024,elena,26,WS,gonna/going to,0
7024,elena,26,WS,gotta/got to,0
7024,elena,26,WS,hafta/have to,0
7024,elena,26,WS,is,1
7024,elena,26,WS,lemme/let me,0
7024,elena,26,WS,need/need to,0
7024,elena,26,WS,try/try to,1
7024,elena,26,WS,wanna/want to,0
7024,elena,26,WS,was,0
7024,elena,26,WS,were,0
7024,elena,26,WS,will,0
7024,elena,26,WS,would,0
7024,elena,26,WS,and,1
7024,elena,26,WS,because,0
7024,elena,26,WS,but,0
7024,elena,26,WS,if,0
7024,elena,26,WS,so,0
7024,elena,26,WS,then,0
7043,elena,24,WS,baa baa,0
7043,elena,24,WS,choo choo,0
7043,elena,24,WS,cock-a-doodle-doo,0
7043,elena,24,WS,grrr,1
7043,elena,24,WS,meow,1
7043,elena,24,WS,moo,1
7043,elena,24,WS,ouch,1
7043,elena,24,WS,quack quack,0
7043,elena,24,WS,uh oh,1
7043,elena,24,WS,vroom,1
7043,elena,24,WS,woof woof,1
7043,elena,24,WS,yum yum,1
7043,elena,24,WS,alligator,0
7043,elena,24,WS,animal,0
7043,elena,24,WS,ant,0
7043,elena,24,WS,bear,1
7043,elena,24,WS,bee,1
7043,elena,24,WS,bird,1
7043,elena,24,WS,bug,1
7043,elena,24,WS,bunny,1
7043,elena,24,WS,butterfly,1
7043,elena,24,WS,cat,1
7043,elena,24,WS,chicken (animal),1
7043,elena,24,WS,cow,1
7043,elena,24,WS,deer,0
7043,elena,24,WS,dog,1
7043,elena,24,WS,donkey,0
7043,elena,24,WS,duck,1
7043,elena,24,WS,elephant,1
7043,elena,24,WS,fish (animal),1
7043,elena,24,WS,frog,1
7043,elena,24,WS,giraffe,0
7043,elena,24,WS,goose,0
7043,elena,24,WS,hen,0
7043,elena,24,WS,horse,1
7043,elena,24,WS,kitty,1
7043,elena,24,WS,lamb,0
7043,elena,24,WS,lion,0
7043,elena,24,WS,monkey,1
7043,elena,24,WS,moose,0
7043,elena,24,WS,mouse,0
7043,elena,24,WS,owl,0
7043,elena,24,WS,penguin,0
7043,elena,24,WS,pig,1
7043,elena,24,WS,pony,0
7043,elena,24,WS,puppy,0
7043,elena,24,WS,rooster,0
7043,elena,24,WS,sheep,1
7043,elena,24,WS,squirrel,1
7043,elena,24,WS,teddy bear,1
7043,elena,24,WS,tiger,0
7043,elena,24,WS,turkey,0
7043,elena,24,WS,turtle,1
7043,elena,24,WS,wolf,0
7043,elena,24,WS,zebra,1
7043,elena,24,WS,airplane,1
7043,elena,24,WS,bicycle,1
7043,elena,24,WS,boat,1
7043,elena,24,WS,bus,1
7043,elena,24,WS,car,1
7043,elena,24,WS,fire truck,0
7043,elena,24,WS,helicopter,0
7043,elena,24,WS,motorcycle,1
7043,elena,24,WS,sled,0
7043,elena,24,WS,stroller,0
7043,elena,24,WS,tractor,0
7043,elena,24,WS,train,1
7043,elena,24,WS,tricycle,0
7043,elena,24,WS,truck,0
7043,elena,24,WS,ball,1
7043,elena,24,WS,balloon,1
7043,elena,24,WS,bat,0
7043,elena,24,WS,block,0
7043,elena,24,WS,book,1
7043,elena,24,WS,bubbles,1
7043,elena,24,WS,chalk,1
7043,elena,24,WS,crayon,1
7043,elena,24,WS,doll,0
7043,elena,24,WS,game,1
7043,elena,24,WS,glue,0
7043,elena,24,WS,pen,0
7043,elena,24,WS,pencil,0
7043,elena,24,WS,play dough,1
7043,elena,24,WS,present,0
7043,elena,24,WS,puzzle,0
7043,elena,24,WS,story,0
7043,elena,24,WS,toy (object),1
7043,elena,24,WS,apple,1
7043,elena,24,WS,apple sauce,0
7043,elena,24,WS,banana,1
7043,elena,24,WS,beans,0
7043,elena,24,WS,bread,1
7043,elena,24,WS,butter,1
7043,elena,24,WS,cake,1
7043,elena,24,WS,candy,1
7043,elena,24,WS,carrots,0
7043,elena,24,WS,cereal,0
7043,elena,24,WS,cheerios,1
7043,elena,24,WS,cheese,0
7043,elena,24,WS,chicken (food),1
7043,elena,24,WS,chocolate,1
7043,elena,24,WS,coffee,1
7043,elena,24,WS,coke,1
7043,elena,24,WS,cookie,1
7043,elena,24,WS,corn,0
7043,elena,24,WS,cracker,1
7043,elena,24,WS,donut,0
7043,elena,24,WS,drink (beverage),0
7043,elena,24,WS,egg,1
7043,elena,24,WS,fish (food),1
7043,elena,24,WS,food,1
7043,elena,24,WS,french fries,0
7043,elena,24,WS,grapes,0
7043,elena,24,WS,green beans,0
7043,elena,24,WS,gum,0
7043,elena,24,WS,hamburger,1
7043,elena,24,WS,ice,1
7043,elena,24,WS,ice cream,1
7043,elena,24,WS,jello,0
7043,elena,24,WS,jelly,0
7043,elena,24,WS,juice,1
7043,elena,24,WS,lollipop,0
7043,elena,24,WS,meat,0
7043,elena,24,WS,melon,0
7043,elena,24,WS,milk,1
7043,elena,24,WS,muffin,0
7043,elena,24,WS,noodles,1
7043,elena,24,WS,nuts,1
7043,elena,24,WS,orange (food),1
7043,elena,24,WS,pancakes,1
7043,elena,24,WS,peanut butter,0
7043,elena,24,WS,peas,1
7043,elena,24,WS,pickle,0
7043,elena,24,WS,pizza,1
7043,elena,24,WS,popcorn,1
7043,elena,24,WS,popsicle,0
7043,elena,24,WS,potato,1
7043,elena,24,WS,potato chips,0
7043,elena,24,WS,pretzel,0
7043,elena,24,WS,pudding,0
7043,elena,24,WS,pumpkin,0
7043,elena,24,WS,raisin,1
7043,elena,24,WS,salt,0
7043,elena,24,WS,sandwich,1
7043,elena,24,WS,sauce,1
7043,elena,24,WS,soda/pop,0
7043,elena,24,WS,soup,1
7043,elena,24,WS,spaghetti,0
7043,elena,24,WS,strawberry,1
7043,elena,24,WS,toast,1
7043,elena,24,WS,tuna,0
7043,elena,24,WS,vanilla,0
7043,elena,24,WS,vitamins,0
7043,elena,24,WS,water (beverage),1
7043,elena,24,WS,yogurt,1
7043,elena,24,WS,beads,0
7043,elena,24,WS,belt,0
7043,elena,24,WS,bib,0
7043,elena,24,WS,boots,0
7043,elena,24,WS,button,1
7043,elena,24,WS,coat,0
7043,elena,24,WS,diaper,1
7043,elena,24,WS,dress (object),0
7043,elena,24,WS,gloves,1
7043,elena,24,WS,hat,1
7043,elena,24,WS,jacket,1
7043,elena,24,WS,jeans,0
7043,elena,24,WS,mittens,0
7043,elena,24,WS,necklace,1
7043,elena,24,WS,pajamas,1
7043,elena,24,WS,pants,1
7043,elena,24,WS,scarf,0
7043,elena,24,WS,shirt,0
7043,elena,24,WS,shoe,1
7043,elena,24,WS,shorts,0
7043,elena,24,WS,slipper,0
7043,elena,24,WS,sneaker,0
7043,elena,24,WS,snowsuit,0
7043,elena,24,WS,sock,1
7043,elena,24,WS,sweater,0
7043,elena,24,WS,tights,0
7043,elena,24,WS,underpants,0
7043,elena,24,WS,zipper,1
7043,elena,24,WS,ankle,0
7043,elena,24,WS,arm,1
7043,elena,24,WS,belly button,1
7043,elena,24,WS,buttocks/bottom*,1
7043,elena,24,WS,cheek,0
7043,elena,24,WS,chin,0
7043,elena,24,WS,ear,1
7043,elena,24,WS,eye,1
7043,elena,24,WS,face,1
7043,elena,24,WS,foot,1
7043,elena,24,WS,finger,1
7043,elena,24,WS,hair,1
7043,elena,24,WS,hand,1
7043,elena,24,WS,head,1
7043,elena,24,WS,knee,0
7043,elena,24,WS,leg,1
7043,elena,24,WS,lips,0
7043,elena,24,WS,mouth,1
7043,elena,24,WS,nose,1
7043,elena,24,WS,owie/boo boo,1
7043,elena,24,WS,penis*,1
7043,elena,24,WS,shoulder,0
7043,elena,24,WS,tooth,1
7043,elena,24,WS,toe,1
7043,elena,24,WS,tongue,0
7043,elena,24,WS,tummy,1
7043,elena,24,WS,vagina*,0
7043,elena,24,WS,basket,1
7043,elena,24,WS,blanket,1
7043,elena,24,WS,bottle,1
7043,elena,24,WS,box,1
7043,elena,24,WS,bowl,1
7043,elena,24,WS,broom,1
7043,elena,24,WS,brush,1
7043,elena,24,WS,bucket,0
7043,elena,24,WS,camera,1
7043,elena,24,WS,can (object),1
7043,elena,24,WS,clock,1
7043,elena,24,WS,comb,0
7043,elena,24,WS,cup,1
7043,elena,24,WS,dish,0
7043,elena,24,WS,fork,1
7043,elena,24,WS,garbage,1
7043,elena,24,WS,glass,0
7043,elena,24,WS,glasses,1
7043,elena,24,WS,hammer,0
7043,elena,24,WS,jar,0
7043,elena,24,WS,keys,1
7043,elena,24,WS,knife,1
7043,elena,24,WS,lamp,1
7043,elena,24,WS,light,1
7043,elena,24,WS,medicine,1
7043,elena,24,WS,money,1
7043,elena,24,WS,mop,0
7043,elena,24,WS,nail,0
7043,elena,24,WS,napkin,1
7043,elena,24,WS,paper,1
7043,elena,24,WS,penny,0
7043,elena,24,WS,picture,1
7043,elena,24,WS,pillow,1
7043,elena,24,WS,plant,1
7043,elena,24,WS,plate,1
7043,elena,24,WS,purse,1
7043,elena,24,WS,radio,0
7043,elena,24,WS,scissors,0
7043,elena,24,WS,soap,1
7043,elena,24,WS,spoon,1
7043,elena,24,WS,tape,1
7043,elena,24,WS,telephone,1
7043,elena,24,WS,tissue/kleenex,1
7043,elena,24,WS,toothbrush,1
7043,elena,24,WS,towel,1
7043,elena,24,WS,trash,1
7043,elena,24,WS,tray,0
7043,elena,24,WS,vacuum,0
7043,elena,24,WS,walker,0
7043,elena,24,WS,watch (object),0
7043,elena,24,WS,basement,0
7043,elena,24,WS,bathroom,1
7043,elena,24,WS,bathtub,1
7043,elena,24,WS,bed,1
7043,elena,24,WS,bedroom,1
7043,elena,24,WS,bench,0
7043,elena,24,WS,chair,1
7043,elena,24,WS,closet,0
7043,elena,24,WS,couch,1
7043,elena,24,WS,crib,0
7043,elena,24,WS,door,0
7043,elena,24,WS,drawer,0
7043,elena,24,WS,dryer,0
7043,elena,24,WS,garage,1
7043,elena,24,WS,high chair,0
7043,elena,24,WS,kitchen,1
7043,elena,24,WS,living room,0
7043,elena,24,WS,oven,0
7043,elena,24,WS,play pen,0
7043,elena,24,WS,porch,0
7043,elena,24,WS,potty,1
7043,elena,24,WS,refrigerator,0
7043,elena,24,WS,rocking chair,0
7043,elena,24,WS,room,0
7043,elena,24,WS,shower,1
7043,elena,24,WS,sink,1
7043,elena,24,WS,sofa,0
7043,elena,24,WS,stairs,0
7043,elena,24,WS,stove,1
7043,elena,24,WS,table,1
7043,elena,24,WS,TV,1
7043,elena,24,WS,washing machine,0
7043,elena,24,WS,window,0
7043,elena,24,WS,backyard,0
7043,elena,24,WS,cloud,1
7043,elena,24,WS,flag,0
7043,elena,24,WS,flower,1
7043,elena,24,WS,garden,0
7043,elena,24,WS,grass,1
7043,elena,24,WS,hose,1
7043,elena,24,WS,ladder,0
7043,elena,24,WS,lawn mower,0
7043,elena,24,WS,moon,1
7043,elena,24,WS,pool,0
7043,elena,24,WS,rain,1
7043,elena,24,WS,rock,1
7043,elena,24,WS,roof,0
7043,elena,24,WS,sandbox,0
7043,elena,24,WS,shovel,0
7043,elena,24,WS,sidewalk,0
7043,elena,24,WS,sky,1
7043,elena,24,WS,slide (object),1
7043,elena,24,WS,snow,0
7043,elena,24,WS,snowman,0
7043,elena,24,WS,sprinkler,0
7043,elena,24,WS,star,1
7043,elena,24,WS,stick,0
7043,elena,24,WS,stone,0
7043,elena,24,WS,street,0
7043,elena,24,WS,sun,1
7043,elena,24,WS,swing (object),1
7043,elena,24,WS,tree,1
7043,elena,24,WS,water (not beverage),1
7043,elena,24,WS,wind,0
7043,elena,24,WS,beach,1
7043,elena,24,WS,camping,0
7043,elena,24,WS,church*,0
7043,elena,24,WS,circus,0
7043,elena,24,WS,country,0
7043,elena,24,WS,downtown,0
7043,elena,24,WS,farm,1
7043,elena,24,WS,gas station,0
7043,elena,24,WS,home,0
7043,elena,24,WS,house,1
7043,elena,24,WS,movie,1
7043,elena,24,WS,outside,1
7043,elena,24,WS,park,1
7043,elena,24,WS,party,0
7043,elena,24,WS,picnic,0
7043,elena,24,WS,playground,0
7043,elena,24,WS,school,1
7043,elena,24,WS,store,1
7043,elena,24,WS,woods,0
7043,elena,24,WS,work (place),1
7043,elena,24,WS,yard,0
7043,elena,24,WS,zoo,0
7043,elena,24,WS,aunt,1
7043,elena,24,WS,baby,1
7043,elena,24,WS,babysitter,0
7043,elena,24,WS,babysitter's name,0
7043,elena,24,WS,boy,1
7043,elena,24,WS,brother,0
7043,elena,24,WS,child,0
7043,elena,24,WS,clown,0
7043,elena,24,WS,cowboy,0
7043,elena,24,WS,daddy*,1
7043,elena,24,WS,doctor,0
7043,elena,24,WS,fireman,0
7043,elena,24,WS,friend,0
7043,elena,24,WS,girl,1
7043,elena,24,WS,grandma*,1
7043,elena,24,WS,grandpa*,1
7043,elena,24,WS,lady,0
7043,elena,24,WS,mailman,0
7043,elena,24,WS,man,0
7043,elena,24,WS,mommy*,1
7043,elena,24,WS,nurse,0
7043,elena,24,WS,child's own name,1
7043,elena,24,WS,people,0
7043,elena,24,WS,person,0
7043,elena,24,WS,pet's name,1
7043,elena,24,WS,police,0
7043,elena,24,WS,sister,1
7043,elena,24,WS,teacher,0
7043,elena,24,WS,uncle,1
7043,elena,24,WS,bath,1
7043,elena,24,WS,breakfast,0
7043,elena,24,WS,bye,1
7043,elena,24,WS,call (on phone),1
7043,elena,24,WS,dinner,0
7043,elena,24,WS,gimme five,1
7043,elena,24,WS,gonna get you,1
7043,elena,24,WS,go potty,1
7043,elena,24,WS,hi,1
7043,elena,24,WS,hello,1
7043,elena,24,WS,lunch,1
7043,elena,24,WS,nap,1
7043,elena,24,WS,night night,1
7043,elena,24,WS,no,1
7043,elena,24,WS,patty cake,0
7043,elena,24,WS,peekaboo,1
7043,elena,24,WS,please,1
7043,elena,24,WS,shh/shush/hush,1
7043,elena,24,WS,shopping,1
7043,elena,24,WS,snack,0
7043,elena,24,WS,so big,0
7043,elena,24,WS,thank you,1
7043,elena,24,WS,this little piggy,0
7043,elena,24,WS,turn around,0
7043,elena,24,WS,yes,1
7043,elena,24,WS,bite,1
7043,elena,24,WS,blow,0
7043,elena,24,WS,break,0
7043,elena,24,WS,bring,0
7043,elena,24,WS,build,0
7043,elena,24,WS,bump,1
7043,elena,24,WS,buy,0
7043,elena,24,WS,carry,0
7043,elena,24,WS,catch,1
7043,elena,24,WS,chase,0
7043,elena,24,WS,clap,1
7043,elena,24,WS,clean (action),1
7043,elena,24,WS,climb,0
7043,elena,24,WS,close,1
7043,elena,24,WS,cook,1
7043,elena,24,WS,cover,0
7043,elena,24,WS,cry,1
7043,elena,24,WS,cut,0
7043,elena,24,WS,dance,1
7043,elena,24,WS,draw,1
7043,elena,24,WS,drink (action),1
7043,elena,24,WS,drive,0
7043,elena,24,WS,drop,0
7043,elena,24,WS,dry (action),1
7043,elena,24,WS,dump,0
7043,elena,24,WS,eat,1
7043,elena,24,WS,fall,1
7043,elena,24,WS,feed,0
7043,elena,24,WS,find,0
7043,elena,24,WS,finish,0
7043,elena,24,WS,fit,0
7043,elena,24,WS,fix,0
7043,elena,24,WS,get,0
7043,elena,24,WS,give,0
7043,elena,24,WS,go,1
7043,elena,24,WS,hate,0
7043,elena,24,WS,have,0
7043,elena,24,WS,hear,0
7043,elena,24,WS,help,1
7043,elena,24,WS,hide,0
7043,elena,24,WS,hit,1
7043,elena,24,WS,hold,1
7043,elena,24,WS,hug,1
7043,elena,24,WS,hurry,0
7043,elena,24,WS,jump,1
7043,elena,24,WS,kick,0
7043,elena,24,WS,kiss,1
7043,elena,24,WS,knock,1
7043,elena,24,WS,lick,0
7043,elena,24,WS,like,0
7043,elena,24,WS,listen,0
7043,elena,24,WS,look,1
7043,elena,24,WS,love,1
7043,elena,24,WS,make,0
7043,elena,24,WS,open,1
7043,elena,24,WS,paint,0
7043,elena,24,WS,pick,0
7043,elena,24,WS,play,1
7043,elena,24,WS,pour,0
7043,elena,24,WS,pretend,0
7043,elena,24,WS,pull,0
7043,elena,24,WS,push,0
7043,elena,24,WS,put,0
7043,elena,24,WS,read,1
7043,elena,24,WS,ride,0
7043,elena,24,WS,rip,0
7043,elena,24,WS,run,0
7043,elena,24,WS,say,0
7043,elena,24,WS,see,1
7043,elena,24,WS,shake,0
7043,elena,24,WS,share,1
7043,elena,24,WS,show,0
7043,elena,24,WS,sing,1
7043,elena,24,WS,sit,1
7043,elena,24,WS,skate,0
7043,elena,24,WS,sleep,1
7043,elena,24,WS,slide (action),1
7043,elena,24,WS,smile,0
7043,elena,24,WS,spill,0
7043,elena,24,WS,splash,0
7043,elena,24,WS,stand,0
7043,elena,24,WS,stay,0
7043,elena,24,WS,stop,0
7043,elena,24,WS,sweep,0
7043,elena,24,WS,swim,1
7043,elena,24,WS,swing (action),1
7043,elena,24,WS,take,0
7043,elena,24,WS,talk,0
7043,elena,24,WS,taste,0
7043,elena,24,WS,tear,0
7043,elena,24,WS,think,0
7043,elena,24,WS,throw,1
7043,elena,24,WS,tickle,1
7043,elena,24,WS,touch,0
7043,elena,24,WS,wait,0
7043,elena,24,WS,wake,0
7043,elena,24,WS,walk,0
7043,elena,24,WS,wash,1
7043,elena,24,WS,watch (action),0
7043,elena,24,WS,wipe,1
7043,elena,24,WS,wish,0
7043,elena,24,WS,work (action),1
7043,elena,24,WS,write,0
7043,elena,24,WS,all gone,1
7043,elena,24,WS,asleep,1
7043,elena,24,WS,awake,0
7043,elena,24,WS,bad,1
7043,elena,24,WS,better,0
7043,elena,24,WS,big,1
7043,elena,24,WS,black,0
7043,elena,24,WS,blue,1
7043,elena,24,WS,broken,1
7043,elena,24,WS,brown,0
7043,elena,24,WS,careful,1
7043,elena,24,WS,clean (description),1
7043,elena,24,WS,cold,1
7043,elena,24,WS,cute,0
7043,elena,24,WS,dark,0
7043,elena,24,WS,dirty,1
7043,elena,24,WS,dry (description),1
7043,elena,24,WS,empty,0
7043,elena,24,WS,fast,1
7043,elena,24,WS,fine,0
7043,elena,24,WS,first,0
7043,elena,24,WS,full,1
7043,elena,24,WS,gentle,0
7043,elena,24,WS,good,0
7043,elena,24,WS,green,1
7043,elena,24,WS,happy,1
7043,elena,24,WS,hard,0
7043,elena,24,WS,heavy,1
7043,elena,24,WS,high,0
7043,elena,24,WS,hot,1
7043,elena,24,WS,hungry,1
7043,elena,24,WS,hurt,1
7043,elena,24,WS,last,0
7043,elena,24,WS,little (description),0
7043,elena,24,WS,long,0
7043,elena,24,WS,loud,0
7043,elena,24,WS,mad,0
7043,elena,24,WS,naughty,0
7043,elena,24,WS,new,0
7043,elena,24,WS,nice,0
7043,elena,24,WS,noisy,0
7043,elena,24,WS,old,0
7043,elena,24,WS,orange (description),0
7043,elena,24,WS,poor,0
7043,elena,24,WS,pretty,0
7043,elena,24,WS,quiet,0
7043,elena,24,WS,red,0
7043,elena,24,WS,sad,1
7043,elena,24,WS,scared,0
7043,elena,24,WS,sick,1
7043,elena,24,WS,sleepy,1
7043,elena,24,WS,slow,0
7043,elena,24,WS,soft,1
7043,elena,24,WS,sticky,1
7043,elena,24,WS,stuck,1
7043,elena,24,WS,thirsty,1
7043,elena,24,WS,tiny,0
7043,elena,24,WS,tired,1
7043,elena,24,WS,wet,1
7043,elena,24,WS,white,0
7043,elena,24,WS,windy,0
7043,elena,24,WS,yellow,0
7043,elena,24,WS,yucky,1
7043,elena,24,WS,after,0
7043,elena,24,WS,before,0
7043,elena,24,WS,day,0
7043,elena,24,WS,later,1
7043,elena,24,WS,morning,0
7043,elena,24,WS,night,1
7043,elena,24,WS,now,0
7043,elena,24,WS,time,0
7043,elena,24,WS,today,0
7043,elena,24,WS,tomorrow,0
7043,elena,24,WS,tonight,0
7043,elena,24,WS,yesterday,0
7043,elena,24,WS,he,0
7043,elena,24,WS,her,0
7043,elena,24,WS,hers,0
7043,elena,24,WS,him,0
7043,elena,24,WS,his,0
7043,elena,24,WS,I,1
7043,elena,24,WS,it,0
7043,elena,24,WS,me,1
7043,elena,24,WS,mine,1
7043,elena,24,WS,my,1
7043,elena,24,WS,myself,1
7043,elena,24,WS,our,0
7043,elena,24,WS,she,0
7043,elena,24,WS,that,1
7043,elena,24,WS,their,0
7043,elena,24,WS,them,0
7043,elena,24,WS,these,0
7043,elena,24,WS,they,0
7043,elena,24,WS,this,1
7043,elena,24,WS,those,0
7043,elena,24,WS,us,0
7043,elena,24,WS,we,0
7043,elena,24,WS,you,1
7043,elena,24,WS,your,0
7043,elena,24,WS,yourself,0
7043,elena,24,WS,how,0
7043,elena,24,WS,what,1
7043,elena,24,WS,when,0
7043,elena,24,WS,where,1
7043,elena,24,WS,which,0
7043,elena,24,WS,who,0
7043,elena,24,WS,why,0
7043,elena,24,WS,about,0
7043,elena,24,WS,above,0
7043,elena,24,WS,around,0
7043,elena,24,WS,at,0
7043,elena,24,WS,away,1
7043,elena,24,WS,back,0
7043,elena,24,WS,behind,0
7043,elena,24,WS,beside,0
7043,elena,24,WS,by,0
7043,elena,24,WS,down,1
7043,elena,24,WS,for,0
7043,elena,24,WS,here,1
7043,elena,24,WS,inside/in,1
7043,elena,24,WS,into,0
7043,elena,24,WS,next to,0
7043,elena,24,WS,of,0
7043,elena,24,WS,off,1
7043,elena,24,WS,on,1
7043,elena,24,WS,on top of,0
7043,elena,24,WS,out,0
7043,elena,24,WS,over,0
7043,elena,24,WS,there,1
7043,elena,24,WS,to,0
7043,elena,24,WS,under,0
7043,elena,24,WS,up,1
7043,elena,24,WS,with,0
7043,elena,24,WS,a,0
7043,elena,24,WS,all,0
7043,elena,24,WS,a lot,0
7043,elena,24,WS,an,0
7043,elena,24,WS,another,0
7043,elena,24,WS,any,0
7043,elena,24,WS,each,0
7043,elena,24,WS,every,0
7043,elena,24,WS,more,1
7043,elena,24,WS,much,0
7043,elena,24,WS,not,0
7043,elena,24,WS,none,0
7043,elena,24,WS,other,0
7043,elena,24,WS,same,1
7043,elena,24,WS,some,1
7043,elena,24,WS,the,0
7043,elena,24,WS,too,1
7043,elena,24,WS,am,0
7043,elena,24,WS,are,0
7043,elena,24,WS,be,0
7043,elena,24,WS,can (auxiliary),0
7043,elena,24,WS,could,0
7043,elena,24,WS,did/did ya,0
7043,elena,24,WS,do,1
7043,elena,24,WS,does,0
7043,elena,24,WS,don't,0
7043,elena,24,WS,gonna/going to,0
7043,elena,24,WS,gotta/got to,0
7043,elena,24,WS,hafta/have to,0
7043,elena,24,WS,is,0
7043,elena,24,WS,lemme/let me,0
7043,elena,24,WS,need/need to,0
7043,elena,24,WS,try/try to,0
7043,elena,24,WS,wanna/want to,0
7043,elena,24,WS,was,0
7043,elena,24,WS,were,0
7043,elena,24,WS,will,0
7043,elena,24,WS,would,0
7043,elena,24,WS,and,0
7043,elena,24,WS,because,0
7043,elena,24,WS,but,0
7043,elena,24,WS,if,0
7043,elena,24,WS,so,0
7043,elena,24,WS,then,0
7057,elena,26,WS,baa baa,1
7057,elena,26,WS,choo choo,1
7057,elena,26,WS,cock-a-doodle-doo,0
7057,elena,26,WS,grrr,1
7057,elena,26,WS,meow,1
7057,elena,26,WS,moo,1
7057,elena,26,WS,ouch,1
7057,elena,26,WS,quack quack,1
7057,elena,26,WS,uh oh,1
7057,elena,26,WS,vroom,1
7057,elena,26,WS,woof woof,1
7057,elena,26,WS,yum yum,1
7057,elena,26,WS,alligator,0
7057,elena,26,WS,animal,0
7057,elena,26,WS,ant,0
7057,elena,26,WS,bear,1
7057,elena,26,WS,bee,0
7057,elena,26,WS,bird,1
7057,elena,26,WS,bug,1
7057,elena,26,WS,bunny,1
7057,elena,26,WS,butterfly,0
7057,elena,26,WS,cat,1
7057,elena,26,WS,chicken (animal),0
7057,elena,26,WS,cow,1
7057,elena,26,WS,deer,0
7057,elena,26,WS,dog,1
7057,elena,26,WS,donkey,0
7057,elena,26,WS,duck,1
7057,elena,26,WS,elephant,0
7057,elena,26,WS,fish (animal),1
7057,elena,26,WS,frog,1
7057,elena,26,WS,giraffe,1
7057,elena,26,WS,goose,0
7057,elena,26,WS,hen,0
7057,elena,26,WS,horse,1
7057,elena,26,WS,kitty,1
7057,elena,26,WS,lamb,0
7057,elena,26,WS,lion,1
7057,elena,26,WS,monkey,1
7057,elena,26,WS,moose,1
7057,elena,26,WS,mouse,0
7057,elena,26,WS,owl,0
7057,elena,26,WS,penguin,0
7057,elena,26,WS,pig,1
7057,elena,26,WS,pony,0
7057,elena,26,WS,puppy,1
7057,elena,26,WS,rooster,0
7057,elena,26,WS,sheep,1
7057,elena,26,WS,squirrel,1
7057,elena,26,WS,teddy bear,0
7057,elena,26,WS,tiger,1
7057,elena,26,WS,turkey,0
7057,elena,26,WS,turtle,1
7057,elena,26,WS,wolf,0
7057,elena,26,WS,zebra,0
7057,elena,26,WS,airplane,1
7057,elena,26,WS,bicycle,0
7057,elena,26,WS,boat,1
7057,elena,26,WS,bus,1
7057,elena,26,WS,car,1
7057,elena,26,WS,fire truck,1
7057,elena,26,WS,helicopter,1
7057,elena,26,WS,motorcycle,0
7057,elena,26,WS,sled,0
7057,elena,26,WS,stroller,1
7057,elena,26,WS,tractor,0
7057,elena,26,WS,train,1
7057,elena,26,WS,tricycle,0
7057,elena,26,WS,truck,1
7057,elena,26,WS,ball,1
7057,elena,26,WS,balloon,1
7057,elena,26,WS,bat,0
7057,elena,26,WS,block,1
7057,elena,26,WS,book,1
7057,elena,26,WS,bubbles,1
7057,elena,26,WS,chalk,0
7057,elena,26,WS,crayon,1
7057,elena,26,WS,doll,0
7057,elena,26,WS,game,0
7057,elena,26,WS,glue,0
7057,elena,26,WS,pen,0
7057,elena,26,WS,pencil,0
7057,elena,26,WS,play dough,0
7057,elena,26,WS,present,0
7057,elena,26,WS,puzzle,0
7057,elena,26,WS,story,1
7057,elena,26,WS,toy (object),1
7057,elena,26,WS,apple,1
7057,elena,26,WS,apple sauce,0
7057,elena,26,WS,banana,1
7057,elena,26,WS,beans,0
7057,elena,26,WS,bread,1
7057,elena,26,WS,butter,0
7057,elena,26,WS,cake,1
7057,elena,26,WS,candy,1
7057,elena,26,WS,carrots,1
7057,elena,26,WS,cereal,1
7057,elena,26,WS,cheerios,0
7057,elena,26,WS,cheese,1
7057,elena,26,WS,chicken (food),1
7057,elena,26,WS,chocolate,0
7057,elena,26,WS,coffee,0
7057,elena,26,WS,coke,0
7057,elena,26,WS,cookie,1
7057,elena,26,WS,corn,1
7057,elena,26,WS,cracker,1
7057,elena,26,WS,donut,0
7057,elena,26,WS,drink (beverage),1
7057,elena,26,WS,egg,1
7057,elena,26,WS,fish (food),1
7057,elena,26,WS,food,1
7057,elena,26,WS,french fries,1
7057,elena,26,WS,grapes,1
7057,elena,26,WS,green beans,0
7057,elena,26,WS,gum,0
7057,elena,26,WS,hamburger,0
7057,elena,26,WS,ice,0
7057,elena,26,WS,ice cream,1
7057,elena,26,WS,jello,0
7057,elena,26,WS,jelly,0
7057,elena,26,WS,juice,1
7057,elena,26,WS,lollipop,1
7057,elena,26,WS,meat,1
7057,elena,26,WS,melon,0
7057,elena,26,WS,milk,1
7057,elena,26,WS,muffin,0
7057,elena,26,WS,noodles,1
7057,elena,26,WS,nuts,0
7057,elena,26,WS,orange (food),1
7057,elena,26,WS,pancakes,1
7057,elena,26,WS,peanut butter,0
7057,elena,26,WS,peas,1
7057,elena,26,WS,pickle,0
7057,elena,26,WS,pizza,1
7057,elena,26,WS,popcorn,0
7057,elena,26,WS,popsicle,1
7057,elena,26,WS,potato,0
7057,elena,26,WS,potato chips,1
7057,elena,26,WS,pretzel,0
7057,elena,26,WS,pudding,0
7057,elena,26,WS,pumpkin,0
7057,elena,26,WS,raisin,0
7057,elena,26,WS,salt,0
7057,elena,26,WS,sandwich,0
7057,elena,26,WS,sauce,0
7057,elena,26,WS,soda/pop,1
7057,elena,26,WS,soup,1
7057,elena,26,WS,spaghetti,0
7057,elena,26,WS,strawberry,1
7057,elena,26,WS,toast,1
7057,elena,26,WS,tuna,0
7057,elena,26,WS,vanilla,0
7057,elena,26,WS,vitamins,0
7057,elena,26,WS,water (beverage),1
7057,elena,26,WS,yogurt,1
7057,elena,26,WS,beads,0
7057,elena,26,WS,belt,0
7057,elena,26,WS,bib,1
7057,elena,26,WS,boots,0
7057,elena,26,WS,button,0
7057,elena,26,WS,coat,1
7057,elena,26,WS,diaper,1
7057,elena,26,WS,dress (object),0
7057,elena,26,WS,gloves,0
7057,elena,26,WS,hat,0
7057,elena,26,WS,jacket,1
7057,elena,26,WS,jeans,0
7057,elena,26,WS,mittens,0
7057,elena,26,WS,necklace,0
7057,elena,26,WS,pajamas,1
7057,elena,26,WS,pants,1
7057,elena,26,WS,scarf,0
7057,elena,26,WS,shirt,1
7057,elena,26,WS,shoe,1
7057,elena,26,WS,shorts,1
7057,elena,26,WS,slipper,0
7057,elena,26,WS,sneaker,0
7057,elena,26,WS,snowsuit,0
7057,elena,26,WS,sock,1
7057,elena,26,WS,sweater,0
7057,elena,26,WS,tights,0
7057,elena,26,WS,underpants,0
7057,elena,26,WS,zipper,0
7057,elena,26,WS,ankle,0
7057,elena,26,WS,arm,1
7057,elena,26,WS,belly button,1
7057,elena,26,WS,buttocks/bottom*,1
7057,elena,26,WS,cheek,0
7057,elena,26,WS,chin,0
7057,elena,26,WS,ear,1
7057,elena,26,WS,eye,1
7057,elena,26,WS,face,1
7057,elena,26,WS,foot,1
7057,elena,26,WS,finger,0
7057,elena,26,WS,hair,1
7057,elena,26,WS,hand,1
7057,elena,26,WS,head,1
7057,elena,26,WS,knee,1
7057,elena,26,WS,leg,1
7057,elena,26,WS,lips,0
7057,elena,26,WS,mouth,1
7057,elena,26,WS,nose,1
7057,elena,26,WS,owie/boo boo,1
7057,elena,26,WS,penis*,1
7057,elena,26,WS,shoulder,0
7057,elena,26,WS,tooth,1
7057,elena,26,WS,toe,1
7057,elena,26,WS,tongue,0
7057,elena,26,WS,tummy,1
7057,elena,26,WS,vagina*,0
7057,elena,26,WS,basket,0
7057,elena,26,WS,blanket,1
7057,elena,26,WS,bottle,1
7057,elena,26,WS,box,0
7057,elena,26,WS,bowl,1
7057,elena,26,WS,broom,0
7057,elena,26,WS,brush,0
7057,elena,26,WS,bucket,0
7057,elena,26,WS,camera,0
7057,elena,26,WS,can (object),0
7057,elena,26,WS,clock,0
7057,elena,26,WS,comb,0
7057,elena,26,WS,cup,1
7057,elena,26,WS,dish,0
7057,elena,26,WS,fork,1
7057,elena,26,WS,garbage,0
7057,elena,26,WS,glass,0
7057,elena,26,WS,glasses,0
7057,elena,26,WS,hammer,0
7057,elena,26,WS,jar,0
7057,elena,26,WS,keys,1
7057,elena,26,WS,knife,0
7057,elena,26,WS,lamp,0
7057,elena,26,WS,light,1
7057,elena,26,WS,medicine,1
7057,elena,26,WS,money,0
7057,elena,26,WS,mop,0
7057,elena,26,WS,nail,0
7057,elena,26,WS,napkin,1
7057,elena,26,WS,paper,0
7057,elena,26,WS,penny,0
7057,elena,26,WS,picture,0
7057,elena,26,WS,pillow,0
7057,elena,26,WS,plant,0
7057,elena,26,WS,plate,1
7057,elena,26,WS,purse,0
7057,elena,26,WS,radio,0
7057,elena,26,WS,scissors,0
7057,elena,26,WS,soap,1
7057,elena,26,WS,spoon,1
7057,elena,26,WS,tape,0
7057,elena,26,WS,telephone,1
7057,elena,26,WS,tissue/kleenex,0
7057,elena,26,WS,toothbrush,1
7057,elena,26,WS,towel,0
7057,elena,26,WS,trash,0
7057,elena,26,WS,tray,0
7057,elena,26,WS,vacuum,0
7057,elena,26,WS,walker,0
7057,elena,26,WS,watch (object),0
7057,elena,26,WS,basement,0
7057,elena,26,WS,bathroom,1
7057,elena,26,WS,bathtub,1
7057,elena,26,WS,bed,1
7057,elena,26,WS,bedroom,0
7057,elena,26,WS,bench,0
7057,elena,26,WS,chair,1
7057,elena,26,WS,closet,0
7057,elena,26,WS,couch,1
7057,elena,26,WS,crib,0
7057,elena,26,WS,door,1
7057,elena,26,WS,drawer,0
7057,elena,26,WS,dryer,0
7057,elena,26,WS,garage,0
7057,elena,26,WS,high chair,0
7057,elena,26,WS,kitchen,0
7057,elena,26,WS,living room,0
7057,elena,26,WS,oven,0
7057,elena,26,WS,play pen,0
7057,elena,26,WS,porch,0
7057,elena,26,WS,potty,1
7057,elena,26,WS,refrigerator,1
7057,elena,26,WS,rocking chair,0
7057,elena,26,WS,room,1
7057,elena,26,WS,shower,1
7057,elena,26,WS,sink,0
7057,elena,26,WS,sofa,0
7057,elena,26,WS,stairs,1
7057,elena,26,WS,stove,0
7057,elena,26,WS,table,1
7057,elena,26,WS,TV,1
7057,elena,26,WS,washing machine,0
7057,elena,26,WS,window,1
7057,elena,26,WS,backyard,0
7057,elena,26,WS,cloud,1
7057,elena,26,WS,flag,0
7057,elena,26,WS,flower,1
7057,elena,26,WS,garden,0
7057,elena,26,WS,grass,1
7057,elena,26,WS,hose,0
7057,elena,26,WS,ladder,0
7057,elena,26,WS,lawn mower,0
7057,elena,26,WS,moon,1
7057,elena,26,WS,pool,1
7057,elena,26,WS,rain,1
7057,elena,26,WS,rock,1
7057,elena,26,WS,roof,0
7057,elena,26,WS,sandbox,0
7057,elena,26,WS,shovel,0
7057,elena,26,WS,sidewalk,0
7057,elena,26,WS,sky,1
7057,elena,26,WS,slide (object),0
7057,elena,26,WS,snow,0
7057,elena,26,WS,snowman,0
7057,elena,26,WS,sprinkler,0
7057,elena,26,WS,star,1
7057,elena,26,WS,stick,1
7057,elena,26,WS,stone,0
7057,elena,26,WS,street,1
7057,elena,26,WS,sun,1
7057,elena,26,WS,swing (object),0
7057,elena,26,WS,tree,1
7057,elena,26,WS,water (not beverage),1
7057,elena,26,WS,wind,0
7057,elena,26,WS,beach,0
7057,elena,26,WS,camping,0
7057,elena,26,WS,church*,0
7057,elena,26,WS,circus,0
7057,elena,26,WS,country,0
7057,elena,26,WS,downtown,0
7057,elena,26,WS,farm,0
7057,elena,26,WS,gas station,0
7057,elena,26,WS,home,1
7057,elena,26,WS,house,0
7057,elena,26,WS,movie,0
7057,elena,26,WS,outside,1
7057,elena,26,WS,park,1
7057,elena,26,WS,party,0
7057,elena,26,WS,picnic,0
7057,elena,26,WS,playground,0
7057,elena,26,WS,school,1
7057,elena,26,WS,store,0
7057,elena,26,WS,woods,0
7057,elena,26,WS,work (place),0
7057,elena,26,WS,yard,0
7057,elena,26,WS,zoo,1
7057,elena,26,WS,aunt,0
7057,elena,26,WS,baby,1
7057,elena,26,WS,babysitter,0
7057,elena,26,WS,babysitter's name,0
7057,elena,26,WS,boy,1
7057,elena,26,WS,brother,0
7057,elena,26,WS,child,0
7057,elena,26,WS,clown,0
7057,elena,26,WS,cowboy,0
7057,elena,26,WS,daddy*,1
7057,elena,26,WS,doctor,0
7057,elena,26,WS,fireman,0
7057,elena,26,WS,friend,0
7057,elena,26,WS,girl,1
7057,elena,26,WS,grandma*,1
7057,elena,26,WS,grandpa*,1
7057,elena,26,WS,lady,0
7057,elena,26,WS,mailman,0
7057,elena,26,WS,man,0
7057,elena,26,WS,mommy*,1
7057,elena,26,WS,nurse,0
7057,elena,26,WS,child's own name,1
7057,elena,26,WS,people,0
7057,elena,26,WS,person,0
7057,elena,26,WS,pet's name,0
7057,elena,26,WS,police,0
7057,elena,26,WS,sister,0
7057,elena,26,WS,teacher,0
7057,elena,26,WS,uncle,0
7057,elena,26,WS,bath,1
7057,elena,26,WS,breakfast,0
7057,elena,26,WS,bye,1
7057,elena,26,WS,call (on phone),0
7057,elena,26,WS,dinner,0
7057,elena,26,WS,gimme five,1
7057,elena,26,WS,gonna get you,1
7057,elena,26,WS,go potty,0
7057,elena,26,WS,hi,1
7057,elena,26,WS,hello,0
7057,elena,26,WS,lunch,1
7057,elena,26,WS,nap,1
7057,elena,26,WS,night night,0
7057,elena,26,WS,no,1
7057,elena,26,WS,patty cake,0
7057,elena,26,WS,peekaboo,0
7057,elena,26,WS,please,1
7057,elena,26,WS,shh/shush/hush,0
7057,elena,26,WS,shopping,0
7057,elena,26,WS,snack,1
7057,elena,26,WS,so big,0
7057,elena,26,WS,thank you,1
7057,elena,26,WS,this little piggy,0
7057,elena,26,WS,turn around,0
7057,elena,26,WS,yes,1
7057,elena,26,WS,bite,1
7057,elena,26,WS,blow,0
7057,elena,26,WS,break,0
7057,elena,26,WS,bring,0
7057,elena,26,WS,build,0
7057,elena,26,WS,bump,0
7057,elena,26,WS,buy,0
7057,elena,26,WS,carry,0
7057,elena,26,WS,catch,1
7057,elena,26,WS,chase,0
7057,elena,26,WS,clap,1
7057,elena,26,WS,clean (action),0
7057,elena,26,WS,climb,0
7057,elena,26,WS,close,1
7057,elena,26,WS,cook,0
7057,elena,26,WS,cover,0
7057,elena,26,WS,cry,1
7057,elena,26,WS,cut,0
7057,elena,26,WS,dance,1
7057,elena,26,WS,draw,0
7057,elena,26,WS,drink (action),1
7057,elena,26,WS,drive,1
7057,elena,26,WS,drop,0
7057,elena,26,WS,dry (action),0
7057,elena,26,WS,dump,0
7057,elena,26,WS,eat,1
7057,elena,26,WS,fall,1
7057,elena,26,WS,feed,0
7057,elena,26,WS,find,1
7057,elena,26,WS,finish,0
7057,elena,26,WS,fit,0
7057,elena,26,WS,fix,1
7057,elena,26,WS,get,1
7057,elena,26,WS,give,0
7057,elena,26,WS,go,1
7057,elena,26,WS,hate,0
7057,elena,26,WS,have,0
7057,elena,26,WS,hear,0
7057,elena,26,WS,help,1
7057,elena,26,WS,hide,0
7057,elena,26,WS,hit,1
7057,elena,26,WS,hold,0
7057,elena,26,WS,hug,1
7057,elena,26,WS,hurry,0
7057,elena,26,WS,jump,1
7057,elena,26,WS,kick,1
7057,elena,26,WS,kiss,1
7057,elena,26,WS,knock,0
7057,elena,26,WS,lick,0
7057,elena,26,WS,like,0
7057,elena,26,WS,listen,0
7057,elena,26,WS,look,1
7057,elena,26,WS,love,1
7057,elena,26,WS,make,0
7057,elena,26,WS,open,1
7057,elena,26,WS,paint,0
7057,elena,26,WS,pick,0
7057,elena,26,WS,play,1
7057,elena,26,WS,pour,0
7057,elena,26,WS,pretend,0
7057,elena,26,WS,pull,0
7057,elena,26,WS,push,1
7057,elena,26,WS,put,0
7057,elena,26,WS,read,0
7057,elena,26,WS,ride,0
7057,elena,26,WS,rip,0
7057,elena,26,WS,run,1
7057,elena,26,WS,say,0
7057,elena,26,WS,see,1
7057,elena,26,WS,shake,0
7057,elena,26,WS,share,0
7057,elena,26,WS,show,0
7057,elena,26,WS,sing,1
7057,elena,26,WS,sit,1
7057,elena,26,WS,skate,0
7057,elena,26,WS,sleep,1
7057,elena,26,WS,slide (action),1
7057,elena,26,WS,smile,1
7057,elena,26,WS,spill,0
7057,elena,26,WS,splash,0
7057,elena,26,WS,stand,0
7057,elena,26,WS,stay,0
7057,elena,26,WS,stop,1
7057,elena,26,WS,sweep,0
7057,elena,26,WS,swim,0
7057,elena,26,WS,swing (action),1
7057,elena,26,WS,take,0
7057,elena,26,WS,talk,0
7057,elena,26,WS,taste,0
7057,elena,26,WS,tear,0
7057,elena,26,WS,think,0
7057,elena,26,WS,throw,1
7057,elena,26,WS,tickle,1
7057,elena,26,WS,touch,1
7057,elena,26,WS,wait,0
7057,elena,26,WS,wake,0
7057,elena,26,WS,walk,0
7057,elena,26,WS,wash,1
7057,elena,26,WS,watch (action),1
7057,elena,26,WS,wipe,0
7057,elena,26,WS,wish,0
7057,elena,26,WS,work (action),0
7057,elena,26,WS,write,0
7057,elena,26,WS,all gone,1
7057,elena,26,WS,asleep,0
7057,elena,26,WS,awake,0
7057,elena,26,WS,bad,0
7057,elena,26,WS,better,1
7057,elena,26,WS,big,1
7057,elena,26,WS,black,0
7057,elena,26,WS,blue,0
7057,elena,26,WS,broken,1
7057,elena,26,WS,brown,0
7057,elena,26,WS,careful,0
7057,elena,26,WS,clean (description),0
7057,elena,26,WS,cold,1
7057,elena,26,WS,cute,1
7057,elena,26,WS,dark,0
7057,elena,26,WS,dirty,1
7057,elena,26,WS,dry (description),0
7057,elena,26,WS,empty,0
7057,elena,26,WS,fast,1
7057,elena,26,WS,fine,0
7057,elena,26,WS,first,0
7057,elena,26,WS,full,0
7057,elena,26,WS,gentle,1
7057,elena,26,WS,good,0
7057,elena,26,WS,green,0
7057,elena,26,WS,happy,0
7057,elena,26,WS,hard,0
7057,elena,26,WS,heavy,0
7057,elena,26,WS,high,0
7057,elena,26,WS,hot,1
7057,elena,26,WS,hungry,0
7057,elena,26,WS,hurt,1
7057,elena,26,WS,last,0
7057,elena,26,WS,little (description),0
7057,elena,26,WS,long,0
7057,elena,26,WS,loud,0
7057,elena,26,WS,mad,0
7057,elena,26,WS,naughty,0
7057,elena,26,WS,new,0
7057,elena,26,WS,nice,1
7057,elena,26,WS,noisy,0
7057,elena,26,WS,old,0
7057,elena,26,WS,orange (description),0
7057,elena,26,WS,poor,0
7057,elena,26,WS,pretty,1
7057,elena,26,WS,quiet,0
7057,elena,26,WS,red,0
7057,elena,26,WS,sad,0
7057,elena,26,WS,scared,0
7057,elena,26,WS,sick,0
7057,elena,26,WS,sleepy,0
7057,elena,26,WS,slow,0
7057,elena,26,WS,soft,1
7057,elena,26,WS,sticky,0
7057,elena,26,WS,stuck,0
7057,elena,26,WS,thirsty,0
7057,elena,26,WS,tiny,0
7057,elena,26,WS,tired,1
7057,elena,26,WS,wet,1
7057,elena,26,WS,white,0
7057,elena,26,WS,windy,0
7057,elena,26,WS,yellow,0
7057,elena,26,WS,yucky,1
7057,elena,26,WS,after,0
7057,elena,26,WS,before,0
7057,elena,26,WS,day,0
7057,elena,26,WS,later,1
7057,elena,26,WS,morning,0
7057,elena,26,WS,night,0
7057,elena,26,WS,now,0
7057,elena,26,WS,time,0
7057,elena,26,WS,today,0
7057,elena,26,WS,tomorrow,0
7057,elena,26,WS,tonight,0
7057,elena,26,WS,yesterday,0
7057,elena,26,WS,he,0
7057,elena,26,WS,her,0
7057,elena,26,WS,hers,0
7057,elena,26,WS,him,0
7057,elena,26,WS,his,0
7057,elena,26,WS,I,0
7057,elena,26,WS,it,0
7057,elena,26,WS,me,1
7057,elena,26,WS,mine,1
7057,elena,26,WS,my,0
7057,elena,26,WS,myself,0
7057,elena,26,WS,our,0
7057,elena,26,WS,she,0
7057,elena,26,WS,that,1
7057,elena,26,WS,their,0
7057,elena,26,WS,them,0
7057,elena,26,WS,these,0
7057,elena,26,WS,they,0
7057,elena,26,WS,this,1
7057,elena,26,WS,those,0
7057,elena,26,WS,us,0
7057,elena,26,WS,we,0
7057,elena,26,WS,you,1
7057,elena,26,WS,your,0
7057,elena,26,WS,yourself,0
7057,elena,26,WS,how,0
7057,elena,26,WS,what,1
7057,elena,26,WS,when,0
7057,elena,26,WS,where,1
7057,elena,26,WS,which,0
7057,elena,26,WS,who,0
7057,elena,26,WS,why,1
7057,elena,26,WS,about,0
7057,elena,26,WS,above,0
7057,elena,26,WS,around,0
7057,elena,26,WS,at,0
7057,elena,26,WS,away,0
7057,elena,26,WS,back,1
7057,elena,26,WS,behind,0
7057,elena,26,WS,beside,0
7057,elena,26,WS,by,0
7057,elena,26,WS,down,1
7057,elena,26,WS,for,0
7057,elena,26,WS,here,0
7057,elena,26,WS,inside/in,1
7057,elena,26,WS,into,0
7057,elena,26,WS,next to,0
7057,elena,26,WS,of,0
7057,elena,26,WS,off,1
7057,elena,26,WS,on,1
7057,elena,26,WS,on top of,0
7057,elena,26,WS,out,1
7057,elena,26,WS,over,1
7057,elena,26,WS,there,1
7057,elena,26,WS,to,0
7057,elena,26,WS,under,1
7057,elena,26,WS,up,0
7057,elena,26,WS,with,0
7057,elena,26,WS,a,0
7057,elena,26,WS,all,0
7057,elena,26,WS,a lot,0
7057,elena,26,WS,an,0
7057,elena,26,WS,another,0
7057,elena,26,WS,any,0
7057,elena,26,WS,each,0
7057,elena,26,WS,every,0
7057,elena,26,WS,more,1
7057,elena,26,WS,much,0
7057,elena,26,WS,not,0
7057,elena,26,WS,none,0
7057,elena,26,WS,other,0
7057,elena,26,WS,same,0
7057,elena,26,WS,some,0
7057,elena,26,WS,the,0
7057,elena,26,WS,too,0
7057,elena,26,WS,am,0
7057,elena,26,WS,are,0
7057,elena,26,WS,be,0
7057,elena,26,WS,can (auxiliary),0
7057,elena,26,WS,could,0
7057,elena,26,WS,did/did ya,0
7057,elena,26,WS,do,0
7057,elena,26,WS,does,0
7057,elena,26,WS,don't,0
7057,elena,26,WS,gonna/going to,0
7057,elena,26,WS,gotta/got to,0
7057,elena,26,WS,hafta/have to,0
7057,elena,26,WS,is,0
7057,elena,26,WS,lemme/let me,0
7057,elena,26,WS,need/need to,0
7057,elena,26,WS,try/try to,0
7057,elena,26,WS,wanna/want to,0
7057,elena,26,WS,was,0
7057,elena,26,WS,were,0
7057,elena,26,WS,will,0
7057,elena,26,WS,would,0
7057,elena,26,WS,and,0
7057,elena,26,WS,because,0
7057,elena,26,WS,but,0
7057,elena,26,WS,if,0
7057,elena,26,WS,so,0
7057,elena,26,WS,then,0
7074,elena,26,WS,baa baa,1
7074,elena,26,WS,choo choo,1
7074,elena,26,WS,cock-a-doodle-doo,1
7074,elena,26,WS,grrr,1
7074,elena,26,WS,meow,1
7074,elena,26,WS,moo,1
7074,elena,26,WS,ouch,1
7074,elena,26,WS,quack quack,1
7074,elena,26,WS,uh oh,1
7074,elena,26,WS,vroom,1
7074,elena,26,WS,woof woof,1
7074,elena,26,WS,yum yum,1
7074,elena,26,WS,alligator,0
7074,elena,26,WS,animal,0
7074,elena,26,WS,ant,0
7074,elena,26,WS,bear,1
7074,elena,26,WS,bee,1
7074,elena,26,WS,bird,1
7074,elena,26,WS,bug,1
7074,elena,26,WS,bunny,0
7074,elena,26,WS,butterfly,1
7074,elena,26,WS,cat,1
7074,elena,26,WS,chicken (animal),1
7074,elena,26,WS,cow,1
7074,elena,26,WS,deer,0
7074,elena,26,WS,dog,1
7074,elena,26,WS,donkey,0
7074,elena,26,WS,duck,1
7074,elena,26,WS,elephant,1
7074,elena,26,WS,fish (animal),1
7074,elena,26,WS,frog,1
7074,elena,26,WS,giraffe,0
7074,elena,26,WS,goose,0
7074,elena,26,WS,hen,0
7074,elena,26,WS,horse,1
7074,elena,26,WS,kitty,1
7074,elena,26,WS,lamb,0
7074,elena,26,WS,lion,1
7074,elena,26,WS,monkey,1
7074,elena,26,WS,moose,0
7074,elena,26,WS,mouse,1
7074,elena,26,WS,owl,0
7074,elena,26,WS,penguin,0
7074,elena,26,WS,pig,1
7074,elena,26,WS,pony,0
7074,elena,26,WS,puppy,1
7074,elena,26,WS,rooster,0
7074,elena,26,WS,sheep,1
7074,elena,26,WS,squirrel,1
7074,elena,26,WS,teddy bear,1
7074,elena,26,WS,tiger,1
7074,elena,26,WS,turkey,0
7074,elena,26,WS,turtle,0
7074,elena,26,WS,wolf,1
7074,elena,26,WS,zebra,1
7074,elena,26,WS,airplane,0
7074,elena,26,WS,bicycle,0
7074,elena,26,WS,boat,1
7074,elena,26,WS,bus,1
7074,elena,26,WS,car,1
7074,elena,26,WS,fire truck,1
7074,elena,26,WS,helicopter,0
7074,elena,26,WS,motorcycle,1
7074,elena,26,WS,sled,0
7074,elena,26,WS,stroller,0
7074,elena,26,WS,tractor,0
7074,elena,26,WS,train,1
7074,elena,26,WS,tricycle,0
7074,elena,26,WS,truck,1
7074,elena,26,WS,ball,1
7074,elena,26,WS,balloon,1
7074,elena,26,WS,bat,0
7074,elena,26,WS,block,0
7074,elena,26,WS,book,1
7074,elena,26,WS,bubbles,1
7074,elena,26,WS,chalk,0
7074,elena,26,WS,crayon,0
7074,elena,26,WS,doll,0
7074,elena,26,WS,game,0
7074,elena,26,WS,glue,0
7074,elena,26,WS,pen,1
7074,elena,26,WS,pencil,0
7074,elena,26,WS,play dough,0
7074,elena,26,WS,present,0
7074,elena,26,WS,puzzle,0
7074,elena,26,WS,story,1
7074,elena,26,WS,toy (object),0
7074,elena,26,WS,apple,1
7074,elena,26,WS,apple sauce,0
7074,elena,26,WS,banana,1
7074,elena,26,WS,beans,0
7074,elena,26,WS,bread,1
7074,elena,26,WS,butter,0
7074,elena,26,WS,cake,1
7074,elena,26,WS,candy,0
7074,elena,26,WS,carrots,0
7074,elena,26,WS,cereal,1
7074,elena,26,WS,cheerios,0
7074,elena,26,WS,cheese,0
7074,elena,26,WS,chicken (food),1
7074,elena,26,WS,chocolate,0
7074,elena,26,WS,coffee,1
7074,elena,26,WS,coke,0
7074,elena,26,WS,cookie,1
7074,elena,26,WS,corn,0
7074,elena,26,WS,cracker,1
7074,elena,26,WS,donut,0
7074,elena,26,WS,drink (beverage),0
7074,elena,26,WS,egg,1
7074,elena,26,WS,fish (food),1
7074,elena,26,WS,food,0
7074,elena,26,WS,french fries,0
7074,elena,26,WS,grapes,0
7074,elena,26,WS,green beans,0
7074,elena,26,WS,gum,0
7074,elena,26,WS,hamburger,0
7074,elena,26,WS,ice,0
7074,elena,26,WS,ice cream,0
7074,elena,26,WS,jello,0
7074,elena,26,WS,jelly,0
7074,elena,26,WS,juice,0
7074,elena,26,WS,lollipop,0
7074,elena,26,WS,meat,0
7074,elena,26,WS,melon,0
7074,elena,26,WS,milk,0
7074,elena,26,WS,muffin,0
7074,elena,26,WS,noodles,0
7074,elena,26,WS,nuts,0
7074,elena,26,WS,orange (food),0
7074,elena,26,WS,pancakes,0
7074,elena,26,WS,peanut butter,0
7074,elena,26,WS,peas,0
7074,elena,26,WS,pickle,0
7074,elena,26,WS,pizza,1
7074,elena,26,WS,popcorn,0
7074,elena,26,WS,popsicle,0
7074,elena,26,WS,potato,1
7074,elena,26,WS,potato chips,0
7074,elena,26,WS,pretzel,0
7074,elena,26,WS,pudding,0
7074,elena,26,WS,pumpkin,0
7074,elena,26,WS,raisin,0
7074,elena,26,WS,salt,0
7074,elena,26,WS,sandwich,0
7074,elena,26,WS,sauce,0
7074,elena,26,WS,soda/pop,0
7074,elena,26,WS,soup,1
7074,elena,26,WS,spaghetti,0
7074,elena,26,WS,strawberry,0
7074,elena,26,WS,toast,0
7074,elena,26,WS,tuna,0
7074,elena,26,WS,vanilla,0
7074,elena,26,WS,vitamins,0
7074,elena,26,WS,water (beverage),1
7074,elena,26,WS,yogurt,0
7074,elena,26,WS,beads,0
7074,elena,26,WS,belt,0
7074,elena,26,WS,bib,0
7074,elena,26,WS,boots,0
7074,elena,26,WS,button,1
7074,elena,26,WS,coat,0
7074,elena,26,WS,diaper,1
7074,elena,26,WS,dress (object),0
7074,elena,26,WS,gloves,0
7074,elena,26,WS,hat,1
7074,elena,26,WS,jacket,0
7074,elena,26,WS,jeans,0
7074,elena,26,WS,mittens,0
7074,elena,26,WS,necklace,0
7074,elena,26,WS,pajamas,0
7074,elena,26,WS,pants,1
7074,elena,26,WS,scarf,0
7074,elena,26,WS,shirt,0
7074,elena,26,WS,shoe,1
7074,elena,26,WS,shorts,0
7074,elena,26,WS,slipper,0
7074,elena,26,WS,sneaker,0
7074,elena,26,WS,snowsuit,0
7074,elena,26,WS,sock,1
7074,elena,26,WS,sweater,0
7074,elena,26,WS,tights,0
7074,elena,26,WS,underpants,0
7074,elena,26,WS,zipper,0
7074,elena,26,WS,ankle,0
7074,elena,26,WS,arm,0
7074,elena,26,WS,belly button,1
7074,elena,26,WS,buttocks/bottom*,1
7074,elena,26,WS,cheek,0
7074,elena,26,WS,chin,0
7074,elena,26,WS,ear,1
7074,elena,26,WS,eye,1
7074,elena,26,WS,face,0
7074,elena,26,WS,foot,0
7074,elena,26,WS,finger,0
7074,elena,26,WS,hair,0
7074,elena,26,WS,hand,0
7074,elena,26,WS,head,0
7074,elena,26,WS,knee,0
7074,elena,26,WS,leg,0
7074,elena,26,WS,lips,0
7074,elena,26,WS,mouth,0
7074,elena,26,WS,nose,1
7074,elena,26,WS,owie/boo boo,1
7074,elena,26,WS,penis*,0
7074,elena,26,WS,shoulder,0
7074,elena,26,WS,tooth,1
7074,elena,26,WS,toe,0
7074,elena,26,WS,tongue,1
7074,elena,26,WS,tummy,1
7074,elena,26,WS,vagina*,0
7074,elena,26,WS,basket,0
7074,elena,26,WS,blanket,1
7074,elena,26,WS,bottle,1
7074,elena,26,WS,box,0
7074,elena,26,WS,bowl,0
7074,elena,26,WS,broom,0
7074,elena,26,WS,brush,0
7074,elena,26,WS,bucket,0
7074,elena,26,WS,camera,1
7074,elena,26,WS,can (object),0
7074,elena,26,WS,clock,1
7074,elena,26,WS,comb,0
7074,elena,26,WS,cup,1
7074,elena,26,WS,dish,0
7074,elena,26,WS,fork,1
7074,elena,26,WS,garbage,0
7074,elena,26,WS,glass,1
7074,elena,26,WS,glasses,0
7074,elena,26,WS,hammer,1
7074,elena,26,WS,jar,0
7074,elena,26,WS,keys,1
7074,elena,26,WS,knife,0
7074,elena,26,WS,lamp,1
7074,elena,26,WS,light,0
7074,elena,26,WS,medicine,1
7074,elena,26,WS,money,0
7074,elena,26,WS,mop,0
7074,elena,26,WS,nail,1
7074,elena,26,WS,napkin,0
7074,elena,26,WS,paper,0
7074,elena,26,WS,penny,0
7074,elena,26,WS,picture,0
7074,elena,26,WS,pillow,0
7074,elena,26,WS,plant,0
7074,elena,26,WS,plate,1
7074,elena,26,WS,purse,0
7074,elena,26,WS,radio,1
7074,elena,26,WS,scissors,0
7074,elena,26,WS,soap,1
7074,elena,26,WS,spoon,1
7074,elena,26,WS,tape,0
7074,elena,26,WS,telephone,1
7074,elena,26,WS,tissue/kleenex,1
7074,elena,26,WS,toothbrush,1
7074,elena,26,WS,towel,1
7074,elena,26,WS,trash,0
7074,elena,26,WS,tray,0
7074,elena,26,WS,vacuum,1
7074,elena,26,WS,walker,0
7074,elena,26,WS,watch (object),1
7074,elena,26,WS,basement,0
7074,elena,26,WS,bathroom,0
7074,elena,26,WS,bathtub,0
7074,elena,26,WS,bed,1
7074,elena,26,WS,bedroom,0
7074,elena,26,WS,bench,0
7074,elena,26,WS,chair,0
7074,elena,26,WS,closet,0
7074,elena,26,WS,couch,1
7074,elena,26,WS,crib,0
7074,elena,26,WS,door,0
7074,elena,26,WS,drawer,0
7074,elena,26,WS,dryer,0
7074,elena,26,WS,garage,0
7074,elena,26,WS,high chair,0
7074,elena,26,WS,kitchen,0
7074,elena,26,WS,living room,0
7074,elena,26,WS,oven,1
7074,elena,26,WS,play pen,0
7074,elena,26,WS,porch,0
7074,elena,26,WS,potty,1
7074,elena,26,WS,refrigerator,0
7074,elena,26,WS,rocking chair,0
7074,elena,26,WS,room,0
7074,elena,26,WS,shower,0
7074,elena,26,WS,sink,0
7074,elena,26,WS,sofa,1
7074,elena,26,WS,stairs,0
7074,elena,26,WS,stove,0
7074,elena,26,WS,table,1
7074,elena,26,WS,TV,1
7074,elena,26,WS,washing machine,0
7074,elena,26,WS,window,0
7074,elena,26,WS,backyard,0
7074,elena,26,WS,cloud,0
7074,elena,26,WS,flag,1
7074,elena,26,WS,flower,1
7074,elena,26,WS,garden,0
7074,elena,26,WS,grass,0
7074,elena,26,WS,hose,0
7074,elena,26,WS,ladder,1
7074,elena,26,WS,lawn mower,0
7074,elena,26,WS,moon,1
7074,elena,26,WS,pool,0
7074,elena,26,WS,rain,0
7074,elena,26,WS,rock,0
7074,elena,26,WS,roof,0
7074,elena,26,WS,sandbox,0
7074,elena,26,WS,shovel,0
7074,elena,26,WS,sidewalk,0
7074,elena,26,WS,sky,1
7074,elena,26,WS,slide (object),0
7074,elena,26,WS,snow,1
7074,elena,26,WS,snowman,1
7074,elena,26,WS,sprinkler,0
7074,elena,26,WS,star,1
7074,elena,26,WS,stick,0
7074,elena,26,WS,stone,0
7074,elena,26,WS,street,0
7074,elena,26,WS,sun,1
7074,elena,26,WS,swing (object),0
7074,elena,26,WS,tree,1
7074,elena,26,WS,water (not beverage),1
7074,elena,26,WS,wind,0
7074,elena,26,WS,beach,1
7074,elena,26,WS,camping,0
7074,elena,26,WS,church*,0
7074,elena,26,WS,circus,0
7074,elena,26,WS,country,0
7074,elena,26,WS,downtown,0
7074,elena,26,WS,farm,0
7074,elena,26,WS,gas station,1
7074,elena,26,WS,home,1
7074,elena,26,WS,house,0
7074,elena,26,WS,movie,0
7074,elena,26,WS,outside,0
7074,elena,26,WS,park,1
7074,elena,26,WS,party,0
7074,elena,26,WS,picnic,0
7074,elena,26,WS,playground,0
7074,elena,26,WS,school,0
7074,elena,26,WS,store,0
7074,elena,26,WS,woods,0
7074,elena,26,WS,work (place),0
7074,elena,26,WS,yard,0
7074,elena,26,WS,zoo,0
7074,elena,26,WS,aunt,1
7074,elena,26,WS,baby,0
7074,elena,26,WS,babysitter,0
7074,elena,26,WS,babysitter's name,0
7074,elena,26,WS,boy,0
7074,elena,26,WS,brother,1
7074,elena,26,WS,child,0
7074,elena,26,WS,clown,0
7074,elena,26,WS,cowboy,0
7074,elena,26,WS,daddy*,1
7074,elena,26,WS,doctor,1
7074,elena,26,WS,fireman,1
7074,elena,26,WS,friend,0
7074,elena,26,WS,girl,0
7074,elena,26,WS,grandma*,1
7074,elena,26,WS,grandpa*,1
7074,elena,26,WS,lady,1
7074,elena,26,WS,mailman,1
7074,elena,26,WS,man,0
7074,elena,26,WS,mommy*,1
7074,elena,26,WS,nurse,0
7074,elena,26,WS,child's own name,1
7074,elena,26,WS,people,0
7074,elena,26,WS,person,0
7074,elena,26,WS,pet's name,0
7074,elena,26,WS,police,1
7074,elena,26,WS,sister,0
7074,elena,26,WS,teacher,0
7074,elena,26,WS,uncle,1
7074,elena,26,WS,bath,1
7074,elena,26,WS,breakfast,0
7074,elena,26,WS,bye,1
7074,elena,26,WS,call (on phone),0
7074,elena,26,WS,dinner,0
7074,elena,26,WS,gimme five,0
7074,elena,26,WS,gonna get you,0
7074,elena,26,WS,go potty,1
7074,elena,26,WS,hi,1
7074,elena,26,WS,hello,1
7074,elena,26,WS,lunch,0
7074,elena,26,WS,nap,1
7074,elena,26,WS,night night,1
7074,elena,26,WS,no,1
7074,elena,26,WS,patty cake,0
7074,elena,26,WS,peekaboo,1
7074,elena,26,WS,please,1
7074,elena,26,WS,shh/shush/hush,1
7074,elena,26,WS,shopping,0
7074,elena,26,WS,snack,0
7074,elena,26,WS,so big,0
7074,elena,26,WS,thank you,1
7074,elena,26,WS,this little piggy,0
7074,elena,26,WS,turn around,0
7074,elena,26,WS,yes,1
7074,elena,26,WS,bite,0
7074,elena,26,WS,blow,0
7074,elena,26,WS,break,0
7074,elena,26,WS,bring,0
7074,elena,26,WS,build,0
7074,elena,26,WS,bump,0
7074,elena,26,WS,buy,0
7074,elena,26,WS,carry,1
7074,elena,26,WS,catch,0
7074,elena,26,WS,chase,0
7074,elena,26,WS,clap,1
7074,elena,26,WS,clean (action),0
7074,elena,26,WS,climb,0
7074,elena,26,WS,close,0
7074,elena,26,WS,cook,1
7074,elena,26,WS,cover,0
7074,elena,26,WS,cry,1
7074,elena,26,WS,cut,0
7074,elena,26,WS,dance,0
7074,elena,26,WS,draw,0
7074,elena,26,WS,drink (action),0
7074,elena,26,WS,drive,0
7074,elena,26,WS,drop,0
7074,elena,26,WS,dry (action),0
7074,elena,26,WS,dump,0
7074,elena,26,WS,eat,0
7074,elena,26,WS,fall,0
7074,elena,26,WS,feed,0
7074,elena,26,WS,find,0
7074,elena,26,WS,finish,0
7074,elena,26,WS,fit,0
7074,elena,26,WS,fix,0
7074,elena,26,WS,get,0
7074,elena,26,WS,give,0
7074,elena,26,WS,go,1
7074,elena,26,WS,hate,0
7074,elena,26,WS,have,0
7074,elena,26,WS,hear,0
7074,elena,26,WS,help,1
7074,elena,26,WS,hide,0
7074,elena,26,WS,hit,0
7074,elena,26,WS,hold,0
7074,elena,26,WS,hug,1
7074,elena,26,WS,hurry,0
7074,elena,26,WS,jump,0
7074,elena,26,WS,kick,1
7074,elena,26,WS,kiss,0
7074,elena,26,WS,knock,0
7074,elena,26,WS,lick,0
7074,elena,26,WS,like,0
7074,elena,26,WS,listen,0
7074,elena,26,WS,look,0
7074,elena,26,WS,love,0
7074,elena,26,WS,make,0
7074,elena,26,WS,open,0
7074,elena,26,WS,paint,0
7074,elena,26,WS,pick,0
7074,elena,26,WS,play,0
7074,elena,26,WS,pour,0
7074,elena,26,WS,pretend,0
7074,elena,26,WS,pull,0
7074,elena,26,WS,push,0
7074,elena,26,WS,put,0
7074,elena,26,WS,read,0
7074,elena,26,WS,ride,0
7074,elena,26,WS,rip,0
7074,elena,26,WS,run,0
7074,elena,26,WS,say,0
7074,elena,26,WS,see,1
7074,elena,26,WS,shake,0
7074,elena,26,WS,share,0
7074,elena,26,WS,show,0
7074,elena,26,WS,sing,0
7074,elena,26,WS,sit,1
7074,elena,26,WS,skate,0
7074,elena,26,WS,sleep,0
7074,elena,26,WS,slide (action),0
7074,elena,26,WS,smile,1
7074,elena,26,WS,spill,0
7074,elena,26,WS,splash,0
7074,elena,26,WS,stand,0
7074,elena,26,WS,stay,0
7074,elena,26,WS,stop,1
7074,elena,26,WS,sweep,0
7074,elena,26,WS,swim,0
7074,elena,26,WS,swing (action),0
7074,elena,26,WS,take,0
7074,elena,26,WS,talk,0
7074,elena,26,WS,taste,0
7074,elena,26,WS,tear,0
7074,elena,26,WS,think,0
7074,elena,26,WS,throw,0
7074,elena,26,WS,tickle,0
7074,elena,26,WS,touch,0
7074,elena,26,WS,wait,0
7074,elena,26,WS,wake,1
7074,elena,26,WS,walk,0
7074,elena,26,WS,wash,1
7074,elena,26,WS,watch (action),0
7074,elena,26,WS,wipe,0
7074,elena,26,WS,wish,0
7074,elena,26,WS,work (action),0
7074,elena,26,WS,write,0
7074,elena,26,WS,all gone,0
7074,elena,26,WS,asleep,0
7074,elena,26,WS,awake,1
7074,elena,26,WS,bad,0
7074,elena,26,WS,better,1
7074,elena,26,WS,big,1
7074,elena,26,WS,black,0
7074,elena,26,WS,blue,1
7074,elena,26,WS,broken,0
7074,elena,26,WS,brown,1
7074,elena,26,WS,careful,0
7074,elena,26,WS,clean (description),0
7074,elena,26,WS,cold,1
7074,elena,26,WS,cute,0
7074,elena,26,WS,dark,0
7074,elena,26,WS,dirty,0
7074,elena,26,WS,dry (description),0
7074,elena,26,WS,empty,0
7074,elena,26,WS,fast,0
7074,elena,26,WS,fine,0
7074,elena,26,WS,first,0
7074,elena,26,WS,full,0
7074,elena,26,WS,gentle,0
7074,elena,26,WS,good,0
7074,elena,26,WS,green,0
7074,elena,26,WS,happy,1
7074,elena,26,WS,hard,0
7074,elena,26,WS,heavy,1
7074,elena,26,WS,high,0
7074,elena,26,WS,hot,1
7074,elena,26,WS,hungry,0
7074,elena,26,WS,hurt,0
7074,elena,26,WS,last,0
7074,elena,26,WS,little (description),0
7074,elena,26,WS,long,1
7074,elena,26,WS,loud,1
7074,elena,26,WS,mad,0
7074,elena,26,WS,naughty,0
7074,elena,26,WS,new,0
7074,elena,26,WS,nice,0
7074,elena,26,WS,noisy,0
7074,elena,26,WS,old,0
7074,elena,26,WS,orange (description),0
7074,elena,26,WS,poor,0
7074,elena,26,WS,pretty,0
7074,elena,26,WS,quiet,0
7074,elena,26,WS,red,1
7074,elena,26,WS,sad,0
7074,elena,26,WS,scared,0
7074,elena,26,WS,sick,1
7074,elena,26,WS,sleepy,1
7074,elena,26,WS,slow,0
7074,elena,26,WS,soft,0
7074,elena,26,WS,sticky,0
7074,elena,26,WS,stuck,0
7074,elena,26,WS,thirsty,0
7074,elena,26,WS,tiny,0
7074,elena,26,WS,tired,0
7074,elena,26,WS,wet,0
7074,elena,26,WS,white,0
7074,elena,26,WS,windy,0
7074,elena,26,WS,yellow,1
7074,elena,26,WS,yucky,0
7074,elena,26,WS,after,0
7074,elena,26,WS,before,0
7074,elena,26,WS,day,0
7074,elena,26,WS,later,0
7074,elena,26,WS,morning,1
7074,elena,26,WS,night,0
7074,elena,26,WS,now,0
7074,elena,26,WS,time,0
7074,elena,26,WS,today,0
7074,elena,26,WS,tomorrow,0
7074,elena,26,WS,tonight,0
7074,elena,26,WS,yesterday,0
7074,elena,26,WS,he,0
7074,elena,26,WS,her,0
7074,elena,26,WS,hers,0
7074,elena,26,WS,him,0
7074,elena,26,WS,his,0
7074,elena,26,WS,I,1
7074,elena,26,WS,it,0
7074,elena,26,WS,me,0
7074,elena,26,WS,mine,1
7074,elena,26,WS,my,1
7074,elena,26,WS,myself,0
7074,elena,26,WS,our,0
7074,elena,26,WS,she,0
7074,elena,26,WS,that,0
7074,elena,26,WS,their,0
7074,elena,26,WS,them,0
7074,elena,26,WS,these,0
7074,elena,26,WS,they,0
7074,elena,26,WS,this,0
7074,elena,26,WS,those,0
7074,elena,26,WS,us,0
7074,elena,26,WS,we,0
7074,elena,26,WS,you,1
7074,elena,26,WS,your,0
7074,elena,26,WS,yourself,0
7074,elena,26,WS,how,0
7074,elena,26,WS,what,1
7074,elena,26,WS,when,0
7074,elena,26,WS,where,0
7074,elena,26,WS,which,0
7074,elena,26,WS,who,0
7074,elena,26,WS,why,0
7074,elena,26,WS,about,0
7074,elena,26,WS,above,0
7074,elena,26,WS,around,0
7074,elena,26,WS,at,0
7074,elena,26,WS,away,0
7074,elena,26,WS,back,0
7074,elena,26,WS,behind,0
7074,elena,26,WS,beside,0
7074,elena,26,WS,by,0
7074,elena,26,WS,down,0
7074,elena,26,WS,for,0
7074,elena,26,WS,here,0
7074,elena,26,WS,inside/in,0
7074,elena,26,WS,into,0
7074,elena,26,WS,next to,0
7074,elena,26,WS,of,0
7074,elena,26,WS,off,0
7074,elena,26,WS,on,0
7074,elena,26,WS,on top of,0
7074,elena,26,WS,out,0
7074,elena,26,WS,over,0
7074,elena,26,WS,there,0
7074,elena,26,WS,to,0
7074,elena,26,WS,under,0
7074,elena,26,WS,up,0
7074,elena,26,WS,with,0
7074,elena,26,WS,a,0
7074,elena,26,WS,all,0
7074,elena,26,WS,a lot,0
7074,elena,26,WS,an,0
7074,elena,26,WS,another,0
7074,elena,26,WS,any,0
7074,elena,26,WS,each,0
7074,elena,26,WS,every,0
7074,elena,26,WS,more,1
7074,elena,26,WS,much,0
7074,elena,26,WS,not,0
7074,elena,26,WS,none,0
7074,elena,26,WS,other,0
7074,elena,26,WS,same,0
7074,elena,26,WS,some,0
7074,elena,26,WS,the,0
7074,elena,26,WS,too,0
7074,elena,26,WS,am,1
7074,elena,26,WS,are,0
7074,elena,26,WS,be,0
7074,elena,26,WS,can (auxiliary),0
7074,elena,26,WS,could,0
7074,elena,26,WS,did/did ya,0
7074,elena,26,WS,do,0
7074,elena,26,WS,does,0
7074,elena,26,WS,don't,0
7074,elena,26,WS,gonna/going to,0
7074,elena,26,WS,gotta/got to,0
7074,elena,26,WS,hafta/have to,0
7074,elena,26,WS,is,0
7074,elena,26,WS,lemme/let me,0
7074,elena,26,WS,need/need to,0
7074,elena,26,WS,try/try to,0
7074,elena,26,WS,wanna/want to,0
7074,elena,26,WS,was,0
7074,elena,26,WS,were,0
7074,elena,26,WS,will,0
7074,elena,26,WS,would,0
7074,elena,26,WS,and,0
7074,elena,26,WS,because,0
7074,elena,26,WS,but,0
7074,elena,26,WS,if,0
7074,elena,26,WS,so,0
7074,elena,26,WS,then,0
7077,elena,26,WS,baa baa,1
7077,elena,26,WS,choo choo,1
7077,elena,26,WS,cock-a-doodle-doo,1
7077,elena,26,WS,grrr,1
7077,elena,26,WS,meow,1
7077,elena,26,WS,moo,1
7077,elena,26,WS,ouch,1
7077,elena,26,WS,quack quack,1
7077,elena,26,WS,uh oh,1
7077,elena,26,WS,vroom,1
7077,elena,26,WS,woof woof,1
7077,elena,26,WS,yum yum,1
7077,elena,26,WS,alligator,0
7077,elena,26,WS,animal,1
7077,elena,26,WS,ant,0
7077,elena,26,WS,bear,1
7077,elena,26,WS,bee,0
7077,elena,26,WS,bird,1
7077,elena,26,WS,bug,0
7077,elena,26,WS,bunny,1
7077,elena,26,WS,butterfly,1
7077,elena,26,WS,cat,1
7077,elena,26,WS,chicken (animal),0
7077,elena,26,WS,cow,1
7077,elena,26,WS,deer,0
7077,elena,26,WS,dog,1
7077,elena,26,WS,donkey,0
7077,elena,26,WS,duck,1
7077,elena,26,WS,elephant,1
7077,elena,26,WS,fish (animal),1
7077,elena,26,WS,frog,1
7077,elena,26,WS,giraffe,1
7077,elena,26,WS,goose,0
7077,elena,26,WS,hen,0
7077,elena,26,WS,horse,1
7077,elena,26,WS,kitty,1
7077,elena,26,WS,lamb,0
7077,elena,26,WS,lion,1
7077,elena,26,WS,monkey,1
7077,elena,26,WS,moose,0
7077,elena,26,WS,mouse,0
7077,elena,26,WS,owl,0
7077,elena,26,WS,penguin,1
7077,elena,26,WS,pig,0
7077,elena,26,WS,pony,0
7077,elena,26,WS,puppy,0
7077,elena,26,WS,rooster,0
7077,elena,26,WS,sheep,1
7077,elena,26,WS,squirrel,1
7077,elena,26,WS,teddy bear,1
7077,elena,26,WS,tiger,0
7077,elena,26,WS,turkey,0
7077,elena,26,WS,turtle,1
7077,elena,26,WS,wolf,0
7077,elena,26,WS,zebra,1
7077,elena,26,WS,airplane,1
7077,elena,26,WS,bicycle,1
7077,elena,26,WS,boat,1
7077,elena,26,WS,bus,1
7077,elena,26,WS,car,1
7077,elena,26,WS,fire truck,1
7077,elena,26,WS,helicopter,1
7077,elena,26,WS,motorcycle,1
7077,elena,26,WS,sled,0
7077,elena,26,WS,stroller,0
7077,elena,26,WS,tractor,0
7077,elena,26,WS,train,1
7077,elena,26,WS,tricycle,0
7077,elena,26,WS,truck,1
7077,elena,26,WS,ball,1
7077,elena,26,WS,balloon,1
7077,elena,26,WS,bat,0
7077,elena,26,WS,block,0
7077,elena,26,WS,book,1
7077,elena,26,WS,bubbles,1
7077,elena,26,WS,chalk,0
7077,elena,26,WS,crayon,0
7077,elena,26,WS,doll,1
7077,elena,26,WS,game,0
7077,elena,26,WS,glue,0
7077,elena,26,WS,pen,1
7077,elena,26,WS,pencil,0
7077,elena,26,WS,play dough,0
7077,elena,26,WS,present,0
7077,elena,26,WS,puzzle,0
7077,elena,26,WS,story,0
7077,elena,26,WS,toy (object),0
7077,elena,26,WS,apple,1
7077,elena,26,WS,apple sauce,0
7077,elena,26,WS,banana,1
7077,elena,26,WS,beans,1
7077,elena,26,WS,bread,0
7077,elena,26,WS,butter,1
7077,elena,26,WS,cake,1
7077,elena,26,WS,candy,0
7077,elena,26,WS,carrots,1
7077,elena,26,WS,cereal,1
7077,elena,26,WS,cheerios,0
7077,elena,26,WS,cheese,1
7077,elena,26,WS,chicken (food),1
7077,elena,26,WS,chocolate,1
7077,elena,26,WS,coffee,0
7077,elena,26,WS,coke,0
7077,elena,26,WS,cookie,0
7077,elena,26,WS,corn,1
7077,elena,26,WS,cracker,1
7077,elena,26,WS,donut,0
7077,elena,26,WS,drink (beverage),1
7077,elena,26,WS,egg,0
7077,elena,26,WS,fish (food),1
7077,elena,26,WS,food,0
7077,elena,26,WS,french fries,0
7077,elena,26,WS,grapes,1
7077,elena,26,WS,green beans,0
7077,elena,26,WS,gum,0
7077,elena,26,WS,hamburger,0
7077,elena,26,WS,ice,0
7077,elena,26,WS,ice cream,1
7077,elena,26,WS,jello,0
7077,elena,26,WS,jelly,0
7077,elena,26,WS,juice,1
7077,elena,26,WS,lollipop,0
7077,elena,26,WS,meat,0
7077,elena,26,WS,melon,0
7077,elena,26,WS,milk,1
7077,elena,26,WS,muffin,0
7077,elena,26,WS,noodles,0
7077,elena,26,WS,nuts,0
7077,elena,26,WS,orange (food),0
7077,elena,26,WS,pancakes,1
7077,elena,26,WS,peanut butter,0
7077,elena,26,WS,peas,1
7077,elena,26,WS,pickle,0
7077,elena,26,WS,pizza,1
7077,elena,26,WS,popcorn,1
7077,elena,26,WS,popsicle,0
7077,elena,26,WS,potato,0
7077,elena,26,WS,potato chips,0
7077,elena,26,WS,pretzel,0
7077,elena,26,WS,pudding,0
7077,elena,26,WS,pumpkin,0
7077,elena,26,WS,raisin,1
7077,elena,26,WS,salt,0
7077,elena,26,WS,sandwich,0
7077,elena,26,WS,sauce,1
7077,elena,26,WS,soda/pop,0
7077,elena,26,WS,soup,0
7077,elena,26,WS,spaghetti,1
7077,elena,26,WS,strawberry,1
7077,elena,26,WS,toast,1
7077,elena,26,WS,tuna,0
7077,elena,26,WS,vanilla,0
7077,elena,26,WS,vitamins,0
7077,elena,26,WS,water (beverage),1
7077,elena,26,WS,yogurt,1
7077,elena,26,WS,beads,0
7077,elena,26,WS,belt,0
7077,elena,26,WS,bib,0
7077,elena,26,WS,boots,1
7077,elena,26,WS,button,1
7077,elena,26,WS,coat,0
7077,elena,26,WS,diaper,1
7077,elena,26,WS,dress (object),0
7077,elena,26,WS,gloves,0
7077,elena,26,WS,hat,1
7077,elena,26,WS,jacket,0
7077,elena,26,WS,jeans,0
7077,elena,26,WS,mittens,0
7077,elena,26,WS,necklace,0
7077,elena,26,WS,pajamas,1
7077,elena,26,WS,pants,0
7077,elena,26,WS,scarf,0
7077,elena,26,WS,shirt,0
7077,elena,26,WS,shoe,1
7077,elena,26,WS,shorts,0
7077,elena,26,WS,slipper,0
7077,elena,26,WS,sneaker,0
7077,elena,26,WS,snowsuit,0
7077,elena,26,WS,sock,0
7077,elena,26,WS,sweater,0
7077,elena,26,WS,tights,0
7077,elena,26,WS,underpants,0
7077,elena,26,WS,zipper,0
7077,elena,26,WS,ankle,0
7077,elena,26,WS,arm,1
7077,elena,26,WS,belly button,1
7077,elena,26,WS,buttocks/bottom*,0
7077,elena,26,WS,cheek,0
7077,elena,26,WS,chin,1
7077,elena,26,WS,ear,1
7077,elena,26,WS,eye,1
7077,elena,26,WS,face,0
7077,elena,26,WS,foot,1
7077,elena,26,WS,finger,1
7077,elena,26,WS,hair,1
7077,elena,26,WS,hand,1
7077,elena,26,WS,head,1
7077,elena,26,WS,knee,1
7077,elena,26,WS,leg,0
7077,elena,26,WS,lips,1
7077,elena,26,WS,mouth,1
7077,elena,26,WS,nose,1
7077,elena,26,WS,owie/boo boo,1
7077,elena,26,WS,penis*,0
7077,elena,26,WS,shoulder,0
7077,elena,26,WS,tooth,1
7077,elena,26,WS,toe,0
7077,elena,26,WS,tongue,1
7077,elena,26,WS,tummy,1
7077,elena,26,WS,vagina*,0
7077,elena,26,WS,basket,0
7077,elena,26,WS,blanket,1
7077,elena,26,WS,bottle,1
7077,elena,26,WS,box,0
7077,elena,26,WS,bowl,1
7077,elena,26,WS,broom,1
7077,elena,26,WS,brush,0
7077,elena,26,WS,bucket,0
7077,elena,26,WS,camera,0
7077,elena,26,WS,can (object),0
7077,elena,26,WS,clock,0
7077,elena,26,WS,comb,0
7077,elena,26,WS,cup,1
7077,elena,26,WS,dish,0
7077,elena,26,WS,fork,0
7077,elena,26,WS,garbage,1
7077,elena,26,WS,glass,0
7077,elena,26,WS,glasses,0
7077,elena,26,WS,hammer,0
7077,elena,26,WS,jar,0
7077,elena,26,WS,keys,1
7077,elena,26,WS,knife,0
7077,elena,26,WS,lamp,0
7077,elena,26,WS,light,0
7077,elena,26,WS,medicine,1
7077,elena,26,WS,money,1
7077,elena,26,WS,mop,0
7077,elena,26,WS,nail,0
7077,elena,26,WS,napkin,0
7077,elena,26,WS,paper,1
7077,elena,26,WS,penny,0
7077,elena,26,WS,picture,0
7077,elena,26,WS,pillow,0
7077,elena,26,WS,plant,0
7077,elena,26,WS,plate,1
7077,elena,26,WS,purse,0
7077,elena,26,WS,radio,0
7077,elena,26,WS,scissors,0
7077,elena,26,WS,soap,1
7077,elena,26,WS,spoon,0
7077,elena,26,WS,tape,0
7077,elena,26,WS,telephone,1
7077,elena,26,WS,tissue/kleenex,1
7077,elena,26,WS,toothbrush,1
7077,elena,26,WS,towel,1
7077,elena,26,WS,trash,0
7077,elena,26,WS,tray,0
7077,elena,26,WS,vacuum,0
7077,elena,26,WS,walker,0
7077,elena,26,WS,watch (object),0
7077,elena,26,WS,basement,0
7077,elena,26,WS,bathroom,0
7077,elena,26,WS,bathtub,0
7077,elena,26,WS,bed,0
7077,elena,26,WS,bedroom,0
7077,elena,26,WS,bench,0
7077,elena,26,WS,chair,1
7077,elena,26,WS,closet,0
7077,elena,26,WS,couch,0
7077,elena,26,WS,crib,0
7077,elena,26,WS,door,1
7077,elena,26,WS,drawer,0
7077,elena,26,WS,dryer,0
7077,elena,26,WS,garage,0
7077,elena,26,WS,high chair,0
7077,elena,26,WS,kitchen,0
7077,elena,26,WS,living room,0
7077,elena,26,WS,oven,0
7077,elena,26,WS,play pen,0
7077,elena,26,WS,porch,0
7077,elena,26,WS,potty,1
7077,elena,26,WS,refrigerator,0
7077,elena,26,WS,rocking chair,0
7077,elena,26,WS,room,0
7077,elena,26,WS,shower,0
7077,elena,26,WS,sink,0
7077,elena,26,WS,sofa,0
7077,elena,26,WS,stairs,1
7077,elena,26,WS,stove,0
7077,elena,26,WS,table,0
7077,elena,26,WS,TV,0
7077,elena,26,WS,washing machine,0
7077,elena,26,WS,window,0
7077,elena,26,WS,backyard,0
7077,elena,26,WS,cloud,0
7077,elena,26,WS,flag,0
7077,elena,26,WS,flower,1
7077,elena,26,WS,garden,0
7077,elena,26,WS,grass,0
7077,elena,26,WS,hose,0
7077,elena,26,WS,ladder,0
7077,elena,26,WS,lawn mower,0
7077,elena,26,WS,moon,0
7077,elena,26,WS,pool,0
7077,elena,26,WS,rain,0
7077,elena,26,WS,rock,0
7077,elena,26,WS,roof,0
7077,elena,26,WS,sandbox,1
7077,elena,26,WS,shovel,0
7077,elena,26,WS,sidewalk,0
7077,elena,26,WS,sky,0
7077,elena,26,WS,slide (object),0
7077,elena,26,WS,snow,0
7077,elena,26,WS,snowman,0
7077,elena,26,WS,sprinkler,0
7077,elena,26,WS,star,0
7077,elena,26,WS,stick,0
7077,elena,26,WS,stone,0
7077,elena,26,WS,street,0
7077,elena,26,WS,sun,0
7077,elena,26,WS,swing (object),0
7077,elena,26,WS,tree,1
7077,elena,26,WS,water (not beverage),0
7077,elena,26,WS,wind,1
7077,elena,26,WS,beach,1
7077,elena,26,WS,camping,0
7077,elena,26,WS,church*,0
7077,elena,26,WS,circus,0
7077,elena,26,WS,country,0
7077,elena,26,WS,downtown,0
7077,elena,26,WS,farm,0
7077,elena,26,WS,gas station,0
7077,elena,26,WS,home,1
7077,elena,26,WS,house,0
7077,elena,26,WS,movie,0
7077,elena,26,WS,outside,1
7077,elena,26,WS,park,1
7077,elena,26,WS,party,1
7077,elena,26,WS,picnic,0
7077,elena,26,WS,playground,0
7077,elena,26,WS,school,1
7077,elena,26,WS,store,0
7077,elena,26,WS,woods,0
7077,elena,26,WS,work (place),1
7077,elena,26,WS,yard,0
7077,elena,26,WS,zoo,0
7077,elena,26,WS,aunt,0
7077,elena,26,WS,baby,0
7077,elena,26,WS,babysitter,0
7077,elena,26,WS,babysitter's name,1
7077,elena,26,WS,boy,1
7077,elena,26,WS,brother,0
7077,elena,26,WS,child,0
7077,elena,26,WS,clown,0
7077,elena,26,WS,cowboy,0
7077,elena,26,WS,daddy*,1
7077,elena,26,WS,doctor,0
7077,elena,26,WS,fireman,1
7077,elena,26,WS,friend,0
7077,elena,26,WS,girl,1
7077,elena,26,WS,grandma*,1
7077,elena,26,WS,grandpa*,1
7077,elena,26,WS,lady,1
7077,elena,26,WS,mailman,0
7077,elena,26,WS,man,1
7077,elena,26,WS,mommy*,1
7077,elena,26,WS,nurse,0
7077,elena,26,WS,child's own name,1
7077,elena,26,WS,people,0
7077,elena,26,WS,person,0
7077,elena,26,WS,pet's name,0
7077,elena,26,WS,police,1
7077,elena,26,WS,sister,0
7077,elena,26,WS,teacher,1
7077,elena,26,WS,uncle,0
7077,elena,26,WS,bath,1
7077,elena,26,WS,breakfast,0
7077,elena,26,WS,bye,1
7077,elena,26,WS,call (on phone),0
7077,elena,26,WS,dinner,1
7077,elena,26,WS,gimme five,0
7077,elena,26,WS,gonna get you,0
7077,elena,26,WS,go potty,0
7077,elena,26,WS,hi,1
7077,elena,26,WS,hello,1
7077,elena,26,WS,lunch,1
7077,elena,26,WS,nap,1
7077,elena,26,WS,night night,1
7077,elena,26,WS,no,1
7077,elena,26,WS,patty cake,0
7077,elena,26,WS,peekaboo,0
7077,elena,26,WS,please,1
7077,elena,26,WS,shh/shush/hush,1
7077,elena,26,WS,shopping,0
7077,elena,26,WS,snack,1
7077,elena,26,WS,so big,0
7077,elena,26,WS,thank you,1
7077,elena,26,WS,this little piggy,0
7077,elena,26,WS,turn around,0
7077,elena,26,WS,yes,1
7077,elena,26,WS,bite,1
7077,elena,26,WS,blow,0
7077,elena,26,WS,break,0
7077,elena,26,WS,bring,0
7077,elena,26,WS,build,0
7077,elena,26,WS,bump,0
7077,elena,26,WS,buy,0
7077,elena,26,WS,carry,1
7077,elena,26,WS,catch,0
7077,elena,26,WS,chase,0
7077,elena,26,WS,clap,0
7077,elena,26,WS,clean (action),1
7077,elena,26,WS,climb,0
7077,elena,26,WS,close,0
7077,elena,26,WS,cook,0
7077,elena,26,WS,cover,0
7077,elena,26,WS,cry,0
7077,elena,26,WS,cut,0
7077,elena,26,WS,dance,0
7077,elena,26,WS,draw,0
7077,elena,26,WS,drink (action),0
7077,elena,26,WS,drive,1
7077,elena,26,WS,drop,0
7077,elena,26,WS,dry (action),0
7077,elena,26,WS,dump,0
7077,elena,26,WS,eat,1
7077,elena,26,WS,fall,1
7077,elena,26,WS,feed,0
7077,elena,26,WS,find,0
7077,elena,26,WS,finish,0
7077,elena,26,WS,fit,0
7077,elena,26,WS,fix,0
7077,elena,26,WS,get,0
7077,elena,26,WS,give,0
7077,elena,26,WS,go,0
7077,elena,26,WS,hate,0
7077,elena,26,WS,have,0
7077,elena,26,WS,hear,0
7077,elena,26,WS,help,1
7077,elena,26,WS,hide,0
7077,elena,26,WS,hit,1
7077,elena,26,WS,hold,0
7077,elena,26,WS,hug,1
7077,elena,26,WS,hurry,0
7077,elena,26,WS,jump,1
7077,elena,26,WS,kick,1
7077,elena,26,WS,kiss,1
7077,elena,26,WS,knock,0
7077,elena,26,WS,lick,0
7077,elena,26,WS,like,0
7077,elena,26,WS,listen,0
7077,elena,26,WS,look,1
7077,elena,26,WS,love,1
7077,elena,26,WS,make,0
7077,elena,26,WS,open,1
7077,elena,26,WS,paint,0
7077,elena,26,WS,pick,0
7077,elena,26,WS,play,0
7077,elena,26,WS,pour,0
7077,elena,26,WS,pretend,0
7077,elena,26,WS,pull,1
7077,elena,26,WS,push,1
7077,elena,26,WS,put,0
7077,elena,26,WS,read,1
7077,elena,26,WS,ride,1
7077,elena,26,WS,rip,0
7077,elena,26,WS,run,1
7077,elena,26,WS,say,0
7077,elena,26,WS,see,1
7077,elena,26,WS,shake,0
7077,elena,26,WS,share,1
7077,elena,26,WS,show,0
7077,elena,26,WS,sing,0
7077,elena,26,WS,sit,1
7077,elena,26,WS,skate,0
7077,elena,26,WS,sleep,1
7077,elena,26,WS,slide (action),1
7077,elena,26,WS,smile,0
7077,elena,26,WS,spill,0
7077,elena,26,WS,splash,1
7077,elena,26,WS,stand,0
7077,elena,26,WS,stay,0
7077,elena,26,WS,stop,1
7077,elena,26,WS,sweep,1
7077,elena,26,WS,swim,0
7077,elena,26,WS,swing (action),0
7077,elena,26,WS,take,0
7077,elena,26,WS,talk,0
7077,elena,26,WS,taste,0
7077,elena,26,WS,tear,0
7077,elena,26,WS,think,0
7077,elena,26,WS,throw,1
7077,elena,26,WS,tickle,1
7077,elena,26,WS,touch,0
7077,elena,26,WS,wait,0
7077,elena,26,WS,wake,0
7077,elena,26,WS,walk,1
7077,elena,26,WS,wash,1
7077,elena,26,WS,watch (action),0
7077,elena,26,WS,wipe,1
7077,elena,26,WS,wish,0
7077,elena,26,WS,work (action),0
7077,elena,26,WS,write,0
7077,elena,26,WS,all gone,1
7077,elena,26,WS,asleep,0
7077,elena,26,WS,awake,0
7077,elena,26,WS,bad,0
7077,elena,26,WS,better,0
7077,elena,26,WS,big,0
7077,elena,26,WS,black,0
7077,elena,26,WS,blue,0
7077,elena,26,WS,broken,1
7077,elena,26,WS,brown,0
7077,elena,26,WS,careful,0
7077,elena,26,WS,clean (description),1
7077,elena,26,WS,cold,1
7077,elena,26,WS,cute,0
7077,elena,26,WS,dark,0
7077,elena,26,WS,dirty,1
7077,elena,26,WS,dry (description),0
7077,elena,26,WS,empty,0
7077,elena,26,WS,fast,1
7077,elena,26,WS,fine,0
7077,elena,26,WS,first,0
7077,elena,26,WS,full,0
7077,elena,26,WS,gentle,0
7077,elena,26,WS,good,0
7077,elena,26,WS,green,0
7077,elena,26,WS,happy,0
7077,elena,26,WS,hard,0
7077,elena,26,WS,heavy,1
7077,elena,26,WS,high,0
7077,elena,26,WS,hot,1
7077,elena,26,WS,hungry,1
7077,elena,26,WS,hurt,0
7077,elena,26,WS,last,0
7077,elena,26,WS,little (description),0
7077,elena,26,WS,long,0
7077,elena,26,WS,loud,0
7077,elena,26,WS,mad,0
7077,elena,26,WS,naughty,0
7077,elena,26,WS,new,0
7077,elena,26,WS,nice,1
7077,elena,26,WS,noisy,1
7077,elena,26,WS,old,0
7077,elena,26,WS,orange (description),0
7077,elena,26,WS,poor,0
7077,elena,26,WS,pretty,0
7077,elena,26,WS,quiet,0
7077,elena,26,WS,red,0
7077,elena,26,WS,sad,0
7077,elena,26,WS,scared,1
7077,elena,26,WS,sick,1
7077,elena,26,WS,sleepy,0
7077,elena,26,WS,slow,0
7077,elena,26,WS,soft,0
7077,elena,26,WS,sticky,0
7077,elena,26,WS,stuck,0
7077,elena,26,WS,thirsty,0
7077,elena,26,WS,tiny,0
7077,elena,26,WS,tired,0
7077,elena,26,WS,wet,1
7077,elena,26,WS,white,0
7077,elena,26,WS,windy,1
7077,elena,26,WS,yellow,0
7077,elena,26,WS,yucky,0
7077,elena,26,WS,after,0
7077,elena,26,WS,before,0
7077,elena,26,WS,day,0
7077,elena,26,WS,later,0
7077,elena,26,WS,morning,0
7077,elena,26,WS,night,0
7077,elena,26,WS,now,0
7077,elena,26,WS,time,0
7077,elena,26,WS,today,0
7077,elena,26,WS,tomorrow,0
7077,elena,26,WS,tonight,0
7077,elena,26,WS,yesterday,0
7077,elena,26,WS,he,0
7077,elena,26,WS,her,0
7077,elena,26,WS,hers,0
7077,elena,26,WS,him,0
7077,elena,26,WS,his,0
7077,elena,26,WS,I,0
7077,elena,26,WS,it,0
7077,elena,26,WS,me,0
7077,elena,26,WS,mine,1
7077,elena,26,WS,my,0
7077,elena,26,WS,myself,0
7077,elena,26,WS,our,0
7077,elena,26,WS,she,0
7077,elena,26,WS,that,0
7077,elena,26,WS,their,0
7077,elena,26,WS,them,0
7077,elena,26,WS,these,0
7077,elena,26,WS,they,0
7077,elena,26,WS,this,0
7077,elena,26,WS,those,0
7077,elena,26,WS,us,0
7077,elena,26,WS,we,0
7077,elena,26,WS,you,0
7077,elena,26,WS,your,0
7077,elena,26,WS,yourself,0
7077,elena,26,WS,how,0
7077,elena,26,WS,what,0
7077,elena,26,WS,when,0
7077,elena,26,WS,where,0
7077,elena,26,WS,which,0
7077,elena,26,WS,who,0
7077,elena,26,WS,why,0
7077,elena,26,WS,about,0
7077,elena,26,WS,above,0
7077,elena,26,WS,around,0
7077,elena,26,WS,at,0
7077,elena,26,WS,away,0
7077,elena,26,WS,back,0
7077,elena,26,WS,behind,0
7077,elena,26,WS,beside,0
7077,elena,26,WS,by,0
7077,elena,26,WS,down,1
7077,elena,26,WS,for,0
7077,elena,26,WS,here,0
7077,elena,26,WS,inside/in,0
7077,elena,26,WS,into,0
7077,elena,26,WS,next to,0
7077,elena,26,WS,of,0
7077,elena,26,WS,off,0
7077,elena,26,WS,on,1
7077,elena,26,WS,on top of,0
7077,elena,26,WS,out,1
7077,elena,26,WS,over,0
7077,elena,26,WS,there,0
7077,elena,26,WS,to,0
7077,elena,26,WS,under,0
7077,elena,26,WS,up,0
7077,elena,26,WS,with,0
7077,elena,26,WS,a,0
7077,elena,26,WS,all,1
7077,elena,26,WS,a lot,0
7077,elena,26,WS,an,0
7077,elena,26,WS,another,0
7077,elena,26,WS,any,0
7077,elena,26,WS,each,0
7077,elena,26,WS,every,0
7077,elena,26,WS,more,0
7077,elena,26,WS,much,0
7077,elena,26,WS,not,0
7077,elena,26,WS,none,0
7077,elena,26,WS,other,0
7077,elena,26,WS,same,0
7077,elena,26,WS,some,0
7077,elena,26,WS,the,0
7077,elena,26,WS,too,0
7077,elena,26,WS,am,0
7077,elena,26,WS,are,0
7077,elena,26,WS,be,0
7077,elena,26,WS,can (auxiliary),0
7077,elena,26,WS,could,0
7077,elena,26,WS,did/did ya,0
7077,elena,26,WS,do,1
7077,elena,26,WS,does,1
7077,elena,26,WS,don't,0
7077,elena,26,WS,gonna/going to,0
7077,elena,26,WS,gotta/got to,0
7077,elena,26,WS,hafta/have to,0
7077,elena,26,WS,is,0
7077,elena,26,WS,lemme/let me,0
7077,elena,26,WS,need/need to,0
7077,elena,26,WS,try/try to,0
7077,elena,26,WS,wanna/want to,0
7077,elena,26,WS,was,0
7077,elena,26,WS,were,0
7077,elena,26,WS,will,0
7077,elena,26,WS,would,0
7077,elena,26,WS,and,0
7077,elena,26,WS,because,0
7077,elena,26,WS,but,0
7077,elena,26,WS,if,0
7077,elena,26,WS,so,0
7077,elena,26,WS,then,0
7083,elena,25,WS,baa baa,1
7083,elena,25,WS,choo choo,1
7083,elena,25,WS,cock-a-doodle-doo,1
7083,elena,25,WS,grrr,1
7083,elena,25,WS,meow,1
7083,elena,25,WS,moo,1
7083,elena,25,WS,ouch,1
7083,elena,25,WS,quack quack,1
7083,elena,25,WS,uh oh,1
7083,elena,25,WS,vroom,1
7083,elena,25,WS,woof woof,1
7083,elena,25,WS,yum yum,1
7083,elena,25,WS,alligator,1
7083,elena,25,WS,animal,1
7083,elena,25,WS,ant,1
7083,elena,25,WS,bear,1
7083,elena,25,WS,bee,1
7083,elena,25,WS,bird,1
7083,elena,25,WS,bug,1
7083,elena,25,WS,bunny,1
7083,elena,25,WS,butterfly,1
7083,elena,25,WS,cat,1
7083,elena,25,WS,chicken (animal),1
7083,elena,25,WS,cow,1
7083,elena,25,WS,deer,1
7083,elena,25,WS,dog,1
7083,elena,25,WS,donkey,0
7083,elena,25,WS,duck,1
7083,elena,25,WS,elephant,1
7083,elena,25,WS,fish (animal),1
7083,elena,25,WS,frog,1
7083,elena,25,WS,giraffe,1
7083,elena,25,WS,goose,1
7083,elena,25,WS,hen,1
7083,elena,25,WS,horse,1
7083,elena,25,WS,kitty,1
7083,elena,25,WS,lamb,1
7083,elena,25,WS,lion,1
7083,elena,25,WS,monkey,1
7083,elena,25,WS,moose,1
7083,elena,25,WS,mouse,1
7083,elena,25,WS,owl,1
7083,elena,25,WS,penguin,1
7083,elena,25,WS,pig,1
7083,elena,25,WS,pony,1
7083,elena,25,WS,puppy,1
7083,elena,25,WS,rooster,1
7083,elena,25,WS,sheep,1
7083,elena,25,WS,squirrel,1
7083,elena,25,WS,teddy bear,1
7083,elena,25,WS,tiger,1
7083,elena,25,WS,turkey,1
7083,elena,25,WS,turtle,1
7083,elena,25,WS,wolf,0
7083,elena,25,WS,zebra,1
7083,elena,25,WS,airplane,1
7083,elena,25,WS,bicycle,1
7083,elena,25,WS,boat,1
7083,elena,25,WS,bus,1
7083,elena,25,WS,car,1
7083,elena,25,WS,fire truck,1
7083,elena,25,WS,helicopter,1
7083,elena,25,WS,motorcycle,1
7083,elena,25,WS,sled,0
7083,elena,25,WS,stroller,1
7083,elena,25,WS,tractor,1
7083,elena,25,WS,train,1
7083,elena,25,WS,tricycle,1
7083,elena,25,WS,truck,1
7083,elena,25,WS,ball,1
7083,elena,25,WS,balloon,1
7083,elena,25,WS,bat,1
7083,elena,25,WS,block,1
7083,elena,25,WS,book,1
7083,elena,25,WS,bubbles,1
7083,elena,25,WS,chalk,0
7083,elena,25,WS,crayon,1
7083,elena,25,WS,doll,1
7083,elena,25,WS,game,1
7083,elena,25,WS,glue,1
7083,elena,25,WS,pen,1
7083,elena,25,WS,pencil,1
7083,elena,25,WS,play dough,1
7083,elena,25,WS,present,1
7083,elena,25,WS,puzzle,1
7083,elena,25,WS,story,1
7083,elena,25,WS,toy (object),1
7083,elena,25,WS,apple,1
7083,elena,25,WS,apple sauce,1
7083,elena,25,WS,banana,1
7083,elena,25,WS,beans,1
7083,elena,25,WS,bread,1
7083,elena,25,WS,butter,0
7083,elena,25,WS,cake,1
7083,elena,25,WS,candy,1
7083,elena,25,WS,carrots,1
7083,elena,25,WS,cereal,1
7083,elena,25,WS,cheerios,1
7083,elena,25,WS,cheese,1
7083,elena,25,WS,chicken (food),1
7083,elena,25,WS,chocolate,1
7083,elena,25,WS,coffee,1
7083,elena,25,WS,coke,0
7083,elena,25,WS,cookie,1
7083,elena,25,WS,corn,1
7083,elena,25,WS,cracker,1
7083,elena,25,WS,donut,0
7083,elena,25,WS,drink (beverage),1
7083,elena,25,WS,egg,1
7083,elena,25,WS,fish (food),1
7083,elena,25,WS,food,1
7083,elena,25,WS,french fries,1
7083,elena,25,WS,grapes,1
7083,elena,25,WS,green beans,1
7083,elena,25,WS,gum,0
7083,elena,25,WS,hamburger,1
7083,elena,25,WS,ice,0
7083,elena,25,WS,ice cream,1
7083,elena,25,WS,jello,0
7083,elena,25,WS,jelly,0
7083,elena,25,WS,juice,1
7083,elena,25,WS,lollipop,1
7083,elena,25,WS,meat,1
7083,elena,25,WS,melon,1
7083,elena,25,WS,milk,1
7083,elena,25,WS,muffin,0
7083,elena,25,WS,noodles,1
7083,elena,25,WS,nuts,0
7083,elena,25,WS,orange (food),1
7083,elena,25,WS,pancakes,1
7083,elena,25,WS,peanut butter,1
7083,elena,25,WS,peas,1
7083,elena,25,WS,pickle,0
7083,elena,25,WS,pizza,1
7083,elena,25,WS,popcorn,0
7083,elena,25,WS,popsicle,0
7083,elena,25,WS,potato,1
7083,elena,25,WS,potato chips,1
7083,elena,25,WS,pretzel,1
7083,elena,25,WS,pudding,1
7083,elena,25,WS,pumpkin,1
7083,elena,25,WS,raisin,1
7083,elena,25,WS,salt,0
7083,elena,25,WS,sandwich,1
7083,elena,25,WS,sauce,0
7083,elena,25,WS,soda/pop,0
7083,elena,25,WS,soup,1
7083,elena,25,WS,spaghetti,1
7083,elena,25,WS,strawberry,1
7083,elena,25,WS,toast,1
7083,elena,25,WS,tuna,1
7083,elena,25,WS,vanilla,1
7083,elena,25,WS,vitamins,0
7083,elena,25,WS,water (beverage),1
7083,elena,25,WS,yogurt,1
7083,elena,25,WS,beads,0
7083,elena,25,WS,belt,1
7083,elena,25,WS,bib,1
7083,elena,25,WS,boots,1
7083,elena,25,WS,button,1
7083,elena,25,WS,coat,1
7083,elena,25,WS,diaper,1
7083,elena,25,WS,dress (object),1
7083,elena,25,WS,gloves,1
7083,elena,25,WS,hat,1
7083,elena,25,WS,jacket,1
7083,elena,25,WS,jeans,1
7083,elena,25,WS,mittens,1
7083,elena,25,WS,necklace,1
7083,elena,25,WS,pajamas,1
7083,elena,25,WS,pants,1
7083,elena,25,WS,scarf,0
7083,elena,25,WS,shirt,1
7083,elena,25,WS,shoe,1
7083,elena,25,WS,shorts,1
7083,elena,25,WS,slipper,1
7083,elena,25,WS,sneaker,1
7083,elena,25,WS,snowsuit,0
7083,elena,25,WS,sock,1
7083,elena,25,WS,sweater,1
7083,elena,25,WS,tights,0
7083,elena,25,WS,underpants,1
7083,elena,25,WS,zipper,1
7083,elena,25,WS,ankle,1
7083,elena,25,WS,arm,1
7083,elena,25,WS,belly button,1
7083,elena,25,WS,buttocks/bottom*,1
7083,elena,25,WS,cheek,1
7083,elena,25,WS,chin,1
7083,elena,25,WS,ear,1
7083,elena,25,WS,eye,1
7083,elena,25,WS,face,1
7083,elena,25,WS,foot,1
7083,elena,25,WS,finger,1
7083,elena,25,WS,hair,1
7083,elena,25,WS,hand,1
7083,elena,25,WS,head,1
7083,elena,25,WS,knee,1
7083,elena,25,WS,leg,1
7083,elena,25,WS,lips,1
7083,elena,25,WS,mouth,1
7083,elena,25,WS,nose,1
7083,elena,25,WS,owie/boo boo,1
7083,elena,25,WS,penis*,0
7083,elena,25,WS,shoulder,1
7083,elena,25,WS,tooth,1
7083,elena,25,WS,toe,1
7083,elena,25,WS,tongue,1
7083,elena,25,WS,tummy,1
7083,elena,25,WS,vagina*,1
7083,elena,25,WS,basket,1
7083,elena,25,WS,blanket,1
7083,elena,25,WS,bottle,1
7083,elena,25,WS,box,1
7083,elena,25,WS,bowl,1
7083,elena,25,WS,broom,1
7083,elena,25,WS,brush,1
7083,elena,25,WS,bucket,1
7083,elena,25,WS,camera,1
7083,elena,25,WS,can (object),1
7083,elena,25,WS,clock,1
7083,elena,25,WS,comb,1
7083,elena,25,WS,cup,1
7083,elena,25,WS,dish,1
7083,elena,25,WS,fork,1
7083,elena,25,WS,garbage,1
7083,elena,25,WS,glass,1
7083,elena,25,WS,glasses,1
7083,elena,25,WS,hammer,1
7083,elena,25,WS,jar,1
7083,elena,25,WS,keys,1
7083,elena,25,WS,knife,1
7083,elena,25,WS,lamp,1
7083,elena,25,WS,light,1
7083,elena,25,WS,medicine,1
7083,elena,25,WS,money,1
7083,elena,25,WS,mop,1
7083,elena,25,WS,nail,1
7083,elena,25,WS,napkin,1
7083,elena,25,WS,paper,1
7083,elena,25,WS,penny,1
7083,elena,25,WS,picture,1
7083,elena,25,WS,pillow,1
7083,elena,25,WS,plant,0
7083,elena,25,WS,plate,1
7083,elena,25,WS,purse,1
7083,elena,25,WS,radio,0
7083,elena,25,WS,scissors,1
7083,elena,25,WS,soap,1
7083,elena,25,WS,spoon,1
7083,elena,25,WS,tape,1
7083,elena,25,WS,telephone,1
7083,elena,25,WS,tissue/kleenex,1
7083,elena,25,WS,toothbrush,1
7083,elena,25,WS,towel,1
7083,elena,25,WS,trash,1
7083,elena,25,WS,tray,0
7083,elena,25,WS,vacuum,1
7083,elena,25,WS,walker,0
7083,elena,25,WS,watch (object),1
7083,elena,25,WS,basement,0
7083,elena,25,WS,bathroom,1
7083,elena,25,WS,bathtub,1
7083,elena,25,WS,bed,1
7083,elena,25,WS,bedroom,1
7083,elena,25,WS,bench,1
7083,elena,25,WS,chair,1
7083,elena,25,WS,closet,1
7083,elena,25,WS,couch,1
7083,elena,25,WS,crib,1
7083,elena,25,WS,door,1
7083,elena,25,WS,drawer,1
7083,elena,25,WS,dryer,1
7083,elena,25,WS,garage,1
7083,elena,25,WS,high chair,1
7083,elena,25,WS,kitchen,1
7083,elena,25,WS,living room,1
7083,elena,25,WS,oven,0
7083,elena,25,WS,play pen,0
7083,elena,25,WS,porch,0
7083,elena,25,WS,potty,1
7083,elena,25,WS,refrigerator,1
7083,elena,25,WS,rocking chair,1
7083,elena,25,WS,room,1
7083,elena,25,WS,shower,1
7083,elena,25,WS,sink,1
7083,elena,25,WS,sofa,1
7083,elena,25,WS,stairs,1
7083,elena,25,WS,stove,1
7083,elena,25,WS,table,1
7083,elena,25,WS,TV,1
7083,elena,25,WS,washing machine,1
7083,elena,25,WS,window,1
7083,elena,25,WS,backyard,0
7083,elena,25,WS,cloud,1
7083,elena,25,WS,flag,1
7083,elena,25,WS,flower,1
7083,elena,25,WS,garden,1
7083,elena,25,WS,grass,1
7083,elena,25,WS,hose,1
7083,elena,25,WS,ladder,1
7083,elena,25,WS,lawn mower,0
7083,elena,25,WS,moon,1
7083,elena,25,WS,pool,1
7083,elena,25,WS,rain,1
7083,elena,25,WS,rock,1
7083,elena,25,WS,roof,0
7083,elena,25,WS,sandbox,1
7083,elena,25,WS,shovel,1
7083,elena,25,WS,sidewalk,1
7083,elena,25,WS,sky,1
7083,elena,25,WS,slide (object),1
7083,elena,25,WS,snow,1
7083,elena,25,WS,snowman,1
7083,elena,25,WS,sprinkler,1
7083,elena,25,WS,star,1
7083,elena,25,WS,stick,1
7083,elena,25,WS,stone,1
7083,elena,25,WS,street,1
7083,elena,25,WS,sun,1
7083,elena,25,WS,swing (object),1
7083,elena,25,WS,tree,1
7083,elena,25,WS,water (not beverage),1
7083,elena,25,WS,wind,1
7083,elena,25,WS,beach,1
7083,elena,25,WS,camping,0
7083,elena,25,WS,church*,1
7083,elena,25,WS,circus,0
7083,elena,25,WS,country,0
7083,elena,25,WS,downtown,0
7083,elena,25,WS,farm,1
7083,elena,25,WS,gas station,0
7083,elena,25,WS,home,1
7083,elena,25,WS,house,1
7083,elena,25,WS,movie,0
7083,elena,25,WS,outside,1
7083,elena,25,WS,park,1
7083,elena,25,WS,party,1
7083,elena,25,WS,picnic,0
7083,elena,25,WS,playground,0
7083,elena,25,WS,school,1
7083,elena,25,WS,store,1
7083,elena,25,WS,woods,0
7083,elena,25,WS,work (place),1
7083,elena,25,WS,yard,0
7083,elena,25,WS,zoo,1
7083,elena,25,WS,aunt,1
7083,elena,25,WS,baby,1
7083,elena,25,WS,babysitter,0
7083,elena,25,WS,babysitter's name,1
7083,elena,25,WS,boy,1
7083,elena,25,WS,brother,1
7083,elena,25,WS,child,1
7083,elena,25,WS,clown,1
7083,elena,25,WS,cowboy,1
7083,elena,25,WS,daddy*,1
7083,elena,25,WS,doctor,1
7083,elena,25,WS,fireman,1
7083,elena,25,WS,friend,1
7083,elena,25,WS,girl,1
7083,elena,25,WS,grandma*,1
7083,elena,25,WS,grandpa*,1
7083,elena,25,WS,lady,1
7083,elena,25,WS,mailman,0
7083,elena,25,WS,man,1
7083,elena,25,WS,mommy*,1
7083,elena,25,WS,nurse,0
7083,elena,25,WS,child's own name,1
7083,elena,25,WS,people,1
7083,elena,25,WS,person,0
7083,elena,25,WS,pet's name,1
7083,elena,25,WS,police,0
7083,elena,25,WS,sister,1
7083,elena,25,WS,teacher,1
7083,elena,25,WS,uncle,1
7083,elena,25,WS,bath,1
7083,elena,25,WS,breakfast,1
7083,elena,25,WS,bye,1
7083,elena,25,WS,call (on phone),1
7083,elena,25,WS,dinner,1
7083,elena,25,WS,gimme five,1
7083,elena,25,WS,gonna get you,1
7083,elena,25,WS,go potty,1
7083,elena,25,WS,hi,1
7083,elena,25,WS,hello,1
7083,elena,25,WS,lunch,1
7083,elena,25,WS,nap,1
7083,elena,25,WS,night night,1
7083,elena,25,WS,no,1
7083,elena,25,WS,patty cake,1
7083,elena,25,WS,peekaboo,1
7083,elena,25,WS,please,1
7083,elena,25,WS,shh/shush/hush,1
7083,elena,25,WS,shopping,1
7083,elena,25,WS,snack,1
7083,elena,25,WS,so big,1
7083,elena,25,WS,thank you,1
7083,elena,25,WS,this little piggy,1
7083,elena,25,WS,turn around,1
7083,elena,25,WS,yes,1
7083,elena,25,WS,bite,1
7083,elena,25,WS,blow,1
7083,elena,25,WS,break,1
7083,elena,25,WS,bring,1
7083,elena,25,WS,build,1
7083,elena,25,WS,bump,1
7083,elena,25,WS,buy,1
7083,elena,25,WS,carry,1
7083,elena,25,WS,catch,1
7083,elena,25,WS,chase,1
7083,elena,25,WS,clap,1
7083,elena,25,WS,clean (action),1
7083,elena,25,WS,climb,1
7083,elena,25,WS,close,1
7083,elena,25,WS,cook,1
7083,elena,25,WS,cover,1
7083,elena,25,WS,cry,1
7083,elena,25,WS,cut,1
7083,elena,25,WS,dance,1
7083,elena,25,WS,draw,1
7083,elena,25,WS,drink (action),1
7083,elena,25,WS,drive,1
7083,elena,25,WS,drop,1
7083,elena,25,WS,dry (action),1
7083,elena,25,WS,dump,0
7083,elena,25,WS,eat,1
7083,elena,25,WS,fall,1
7083,elena,25,WS,feed,1
7083,elena,25,WS,find,1
7083,elena,25,WS,finish,1
7083,elena,25,WS,fit,1
7083,elena,25,WS,fix,1
7083,elena,25,WS,get,1
7083,elena,25,WS,give,1
7083,elena,25,WS,go,1
7083,elena,25,WS,hate,1
7083,elena,25,WS,have,1
7083,elena,25,WS,hear,1
7083,elena,25,WS,help,1
7083,elena,25,WS,hide,1
7083,elena,25,WS,hit,1
7083,elena,25,WS,hold,1
7083,elena,25,WS,hug,1
7083,elena,25,WS,hurry,1
7083,elena,25,WS,jump,1
7083,elena,25,WS,kick,1
7083,elena,25,WS,kiss,1
7083,elena,25,WS,knock,1
7083,elena,25,WS,lick,1
7083,elena,25,WS,like,1
7083,elena,25,WS,listen,1
7083,elena,25,WS,look,1
7083,elena,25,WS,love,1
7083,elena,25,WS,make,1
7083,elena,25,WS,open,1
7083,elena,25,WS,paint,0
7083,elena,25,WS,pick,1
7083,elena,25,WS,play,1
7083,elena,25,WS,pour,1
7083,elena,25,WS,pretend,1
7083,elena,25,WS,pull,1
7083,elena,25,WS,push,1
7083,elena,25,WS,put,1
7083,elena,25,WS,read,1
7083,elena,25,WS,ride,1
7083,elena,25,WS,rip,1
7083,elena,25,WS,run,1
7083,elena,25,WS,say,1
7083,elena,25,WS,see,1
7083,elena,25,WS,shake,1
7083,elena,25,WS,share,1
7083,elena,25,WS,show,1
7083,elena,25,WS,sing,1
7083,elena,25,WS,sit,1
7083,elena,25,WS,skate,1
7083,elena,25,WS,sleep,1
7083,elena,25,WS,slide (action),1
7083,elena,25,WS,smile,1
7083,elena,25,WS,spill,1
7083,elena,25,WS,splash,1
7083,elena,25,WS,stand,1
7083,elena,25,WS,stay,1
7083,elena,25,WS,stop,1
7083,elena,25,WS,sweep,1
7083,elena,25,WS,swim,1
7083,elena,25,WS,swing (action),1
7083,elena,25,WS,take,1
7083,elena,25,WS,talk,1
7083,elena,25,WS,taste,1
7083,elena,25,WS,tear,1
7083,elena,25,WS,think,0
7083,elena,25,WS,throw,1
7083,elena,25,WS,tickle,1
7083,elena,25,WS,touch,1
7083,elena,25,WS,wait,1
7083,elena,25,WS,wake,1
7083,elena,25,WS,walk,1
7083,elena,25,WS,wash,1
7083,elena,25,WS,watch (action),1
7083,elena,25,WS,wipe,1
7083,elena,25,WS,wish,0
7083,elena,25,WS,work (action),1
7083,elena,25,WS,write,1
7083,elena,25,WS,all gone,1
7083,elena,25,WS,asleep,1
7083,elena,25,WS,awake,1
7083,elena,25,WS,bad,1
7083,elena,25,WS,better,1
7083,elena,25,WS,big,1
7083,elena,25,WS,black,1
7083,elena,25,WS,blue,1
7083,elena,25,WS,broken,1
7083,elena,25,WS,brown,1
7083,elena,25,WS,careful,1
7083,elena,25,WS,clean (description),1
7083,elena,25,WS,cold,1
7083,elena,25,WS,cute,1
7083,elena,25,WS,dark,1
7083,elena,25,WS,dirty,1
7083,elena,25,WS,dry (description),1
7083,elena,25,WS,empty,1
7083,elena,25,WS,fast,1
7083,elena,25,WS,fine,1
7083,elena,25,WS,first,1
7083,elena,25,WS,full,1
7083,elena,25,WS,gentle,1
7083,elena,25,WS,good,1
7083,elena,25,WS,green,1
7083,elena,25,WS,happy,1
7083,elena,25,WS,hard,1
7083,elena,25,WS,heavy,1
7083,elena,25,WS,high,1
7083,elena,25,WS,hot,1
7083,elena,25,WS,hungry,1
7083,elena,25,WS,hurt,1
7083,elena,25,WS,last,0
7083,elena,25,WS,little (description),1
7083,elena,25,WS,long,1
7083,elena,25,WS,loud,1
7083,elena,25,WS,mad,1
7083,elena,25,WS,naughty,0
7083,elena,25,WS,new,0
7083,elena,25,WS,nice,1
7083,elena,25,WS,noisy,0
7083,elena,25,WS,old,0
7083,elena,25,WS,orange (description),1
7083,elena,25,WS,poor,0
7083,elena,25,WS,pretty,0
7083,elena,25,WS,quiet,1
7083,elena,25,WS,red,1
7083,elena,25,WS,sad,1
7083,elena,25,WS,scared,1
7083,elena,25,WS,sick,1
7083,elena,25,WS,sleepy,1
7083,elena,25,WS,slow,1
7083,elena,25,WS,soft,1
7083,elena,25,WS,sticky,1
7083,elena,25,WS,stuck,1
7083,elena,25,WS,thirsty,1
7083,elena,25,WS,tiny,0
7083,elena,25,WS,tired,1
7083,elena,25,WS,wet,1
7083,elena,25,WS,white,1
7083,elena,25,WS,windy,1
7083,elena,25,WS,yellow,1
7083,elena,25,WS,yucky,1
7083,elena,25,WS,after,1
7083,elena,25,WS,before,0
7083,elena,25,WS,day,0
7083,elena,25,WS,later,1
7083,elena,25,WS,morning,1
7083,elena,25,WS,night,1
7083,elena,25,WS,now,1
7083,elena,25,WS,time,0
7083,elena,25,WS,today,1
7083,elena,25,WS,tomorrow,1
7083,elena,25,WS,tonight,0
7083,elena,25,WS,yesterday,1
7083,elena,25,WS,he,1
7083,elena,25,WS,her,1
7083,elena,25,WS,hers,1
7083,elena,25,WS,him,0
7083,elena,25,WS,his,1
7083,elena,25,WS,I,1
7083,elena,25,WS,it,1
7083,elena,25,WS,me,1
7083,elena,25,WS,mine,1
7083,elena,25,WS,my,1
7083,elena,25,WS,myself,1
7083,elena,25,WS,our,1
7083,elena,25,WS,she,1
7083,elena,25,WS,that,1
7083,elena,25,WS,their,1
7083,elena,25,WS,them,1
7083,elena,25,WS,these,1
7083,elena,25,WS,they,1
7083,elena,25,WS,this,1
7083,elena,25,WS,those,1
7083,elena,25,WS,us,1
7083,elena,25,WS,we,1
7083,elena,25,WS,you,1
7083,elena,25,WS,your,1
7083,elena,25,WS,yourself,0
7083,elena,25,WS,how,0
7083,elena,25,WS,what,0
7083,elena,25,WS,when,0
7083,elena,25,WS,where,0
7083,elena,25,WS,which,0
7083,elena,25,WS,who,0
7083,elena,25,WS,why,0
7083,elena,25,WS,about,1
7083,elena,25,WS,above,0
7083,elena,25,WS,around,1
7083,elena,25,WS,at,1
7083,elena,25,WS,away,1
7083,elena,25,WS,back,1
7083,elena,25,WS,behind,0
7083,elena,25,WS,beside,0
7083,elena,25,WS,by,1
7083,elena,25,WS,down,1
7083,elena,25,WS,for,1
7083,elena,25,WS,here,1
7083,elena,25,WS,inside/in,1
7083,elena,25,WS,into,1
7083,elena,25,WS,next to,1
7083,elena,25,WS,of,0
7083,elena,25,WS,off,1
7083,elena,25,WS,on,1
7083,elena,25,WS,on top of,1
7083,elena,25,WS,out,1
7083,elena,25,WS,over,1
7083,elena,25,WS,there,1
7083,elena,25,WS,to,1
7083,elena,25,WS,under,1
7083,elena,25,WS,up,1
7083,elena,25,WS,with,1
7083,elena,25,WS,a,1
7083,elena,25,WS,all,1
7083,elena,25,WS,a lot,0
7083,elena,25,WS,an,0
7083,elena,25,WS,another,1
7083,elena,25,WS,any,1
7083,elena,25,WS,each,0
7083,elena,25,WS,every,0
7083,elena,25,WS,more,1
7083,elena,25,WS,much,1
7083,elena,25,WS,not,1
7083,elena,25,WS,none,1
7083,elena,25,WS,other,1
7083,elena,25,WS,same,1
7083,elena,25,WS,some,1
7083,elena,25,WS,the,1
7083,elena,25,WS,too,1
7083,elena,25,WS,am,1
7083,elena,25,WS,are,1
7083,elena,25,WS,be,1
7083,elena,25,WS,can (auxiliary),1
7083,elena,25,WS,could,1
7083,elena,25,WS,did/did ya,1
7083,elena,25,WS,do,1
7083,elena,25,WS,does,1
7083,elena,25,WS,don't,1
7083,elena,25,WS,gonna/going to,1
7083,elena,25,WS,gotta/got to,1
7083,elena,25,WS,hafta/have to,1
7083,elena,25,WS,is,1
7083,elena,25,WS,lemme/let me,1
7083,elena,25,WS,need/need to,0
7083,elena,25,WS,try/try to,1
7083,elena,25,WS,wanna/want to,1
7083,elena,25,WS,was,1
7083,elena,25,WS,were,1
7083,elena,25,WS,will,1
7083,elena,25,WS,would,1
7083,elena,25,WS,and,1
7083,elena,25,WS,because,1
7083,elena,25,WS,but,0
7083,elena,25,WS,if,0
7083,elena,25,WS,so,0
7083,elena,25,WS,then,1
7088,elena,25,WS,baa baa,1
7088,elena,25,WS,choo choo,1
7088,elena,25,WS,cock-a-doodle-doo,0
7088,elena,25,WS,grrr,1
7088,elena,25,WS,meow,1
7088,elena,25,WS,moo,1
7088,elena,25,WS,ouch,0
7088,elena,25,WS,quack quack,0
7088,elena,25,WS,uh oh,1
7088,elena,25,WS,vroom,0
7088,elena,25,WS,woof woof,0
7088,elena,25,WS,yum yum,0
7088,elena,25,WS,alligator,0
7088,elena,25,WS,animal,0
7088,elena,25,WS,ant,0
7088,elena,25,WS,bear,1
7088,elena,25,WS,bee,0
7088,elena,25,WS,bird,1
7088,elena,25,WS,bug,0
7088,elena,25,WS,bunny,1
7088,elena,25,WS,butterfly,1
7088,elena,25,WS,cat,1
7088,elena,25,WS,chicken (animal),0
7088,elena,25,WS,cow,1
7088,elena,25,WS,deer,0
7088,elena,25,WS,dog,1
7088,elena,25,WS,donkey,0
7088,elena,25,WS,duck,1
7088,elena,25,WS,elephant,1
7088,elena,25,WS,fish (animal),1
7088,elena,25,WS,frog,0
7088,elena,25,WS,giraffe,1
7088,elena,25,WS,goose,0
7088,elena,25,WS,hen,0
7088,elena,25,WS,horse,1
7088,elena,25,WS,kitty,1
7088,elena,25,WS,lamb,0
7088,elena,25,WS,lion,1
7088,elena,25,WS,monkey,1
7088,elena,25,WS,moose,0
7088,elena,25,WS,mouse,0
7088,elena,25,WS,owl,0
7088,elena,25,WS,penguin,1
7088,elena,25,WS,pig,1
7088,elena,25,WS,pony,0
7088,elena,25,WS,puppy,0
7088,elena,25,WS,rooster,0
7088,elena,25,WS,sheep,1
7088,elena,25,WS,squirrel,1
7088,elena,25,WS,teddy bear,0
7088,elena,25,WS,tiger,1
7088,elena,25,WS,turkey,0
7088,elena,25,WS,turtle,0
7088,elena,25,WS,wolf,0
7088,elena,25,WS,zebra,1
7088,elena,25,WS,airplane,1
7088,elena,25,WS,bicycle,0
7088,elena,25,WS,boat,1
7088,elena,25,WS,bus,0
7088,elena,25,WS,car,1
7088,elena,25,WS,fire truck,1
7088,elena,25,WS,helicopter,0
7088,elena,25,WS,motorcycle,0
7088,elena,25,WS,sled,0
7088,elena,25,WS,stroller,1
7088,elena,25,WS,tractor,0
7088,elena,25,WS,train,1
7088,elena,25,WS,tricycle,0
7088,elena,25,WS,truck,1
7088,elena,25,WS,ball,1
7088,elena,25,WS,balloon,1
7088,elena,25,WS,bat,0
7088,elena,25,WS,block,0
7088,elena,25,WS,book,1
7088,elena,25,WS,bubbles,1
7088,elena,25,WS,chalk,0
7088,elena,25,WS,crayon,0
7088,elena,25,WS,doll,0
7088,elena,25,WS,game,0
7088,elena,25,WS,glue,0
7088,elena,25,WS,pen,0
7088,elena,25,WS,pencil,0
7088,elena,25,WS,play dough,0
7088,elena,25,WS,present,0
7088,elena,25,WS,puzzle,1
7088,elena,25,WS,story,0
7088,elena,25,WS,toy (object),0
7088,elena,25,WS,apple,1
7088,elena,25,WS,apple sauce,0
7088,elena,25,WS,banana,1
7088,elena,25,WS,beans,1
7088,elena,25,WS,bread,0
7088,elena,25,WS,butter,1
7088,elena,25,WS,cake,1
7088,elena,25,WS,candy,0
7088,elena,25,WS,carrots,0
7088,elena,25,WS,cereal,0
7088,elena,25,WS,cheerios,0
7088,elena,25,WS,cheese,1
7088,elena,25,WS,chicken (food),0
7088,elena,25,WS,chocolate,0
7088,elena,25,WS,coffee,0
7088,elena,25,WS,coke,0
7088,elena,25,WS,cookie,1
7088,elena,25,WS,corn,0
7088,elena,25,WS,cracker,1
7088,elena,25,WS,donut,0
7088,elena,25,WS,drink (beverage),0
7088,elena,25,WS,egg,0
7088,elena,25,WS,fish (food),1
7088,elena,25,WS,food,0
7088,elena,25,WS,french fries,1
7088,elena,25,WS,grapes,0
7088,elena,25,WS,green beans,0
7088,elena,25,WS,gum,0
7088,elena,25,WS,hamburger,1
7088,elena,25,WS,ice,0
7088,elena,25,WS,ice cream,0
7088,elena,25,WS,jello,0
7088,elena,25,WS,jelly,0
7088,elena,25,WS,juice,1
7088,elena,25,WS,lollipop,0
7088,elena,25,WS,meat,0
7088,elena,25,WS,melon,0
7088,elena,25,WS,milk,1
7088,elena,25,WS,muffin,0
7088,elena,25,WS,noodles,0
7088,elena,25,WS,nuts,0
7088,elena,25,WS,orange (food),1
7088,elena,25,WS,pancakes,0
7088,elena,25,WS,peanut butter,0
7088,elena,25,WS,peas,1
7088,elena,25,WS,pickle,0
7088,elena,25,WS,pizza,0
7088,elena,25,WS,popcorn,0
7088,elena,25,WS,popsicle,1
7088,elena,25,WS,potato,0
7088,elena,25,WS,potato chips,1
7088,elena,25,WS,pretzel,0
7088,elena,25,WS,pudding,0
7088,elena,25,WS,pumpkin,0
7088,elena,25,WS,raisin,0
7088,elena,25,WS,salt,0
7088,elena,25,WS,sandwich,0
7088,elena,25,WS,sauce,0
7088,elena,25,WS,soda/pop,0
7088,elena,25,WS,soup,0
7088,elena,25,WS,spaghetti,0
7088,elena,25,WS,strawberry,0
7088,elena,25,WS,toast,0
7088,elena,25,WS,tuna,0
7088,elena,25,WS,vanilla,0
7088,elena,25,WS,vitamins,0
7088,elena,25,WS,water (beverage),1
7088,elena,25,WS,yogurt,0
7088,elena,25,WS,beads,0
7088,elena,25,WS,belt,0
7088,elena,25,WS,bib,0
7088,elena,25,WS,boots,0
7088,elena,25,WS,button,0
7088,elena,25,WS,coat,0
7088,elena,25,WS,diaper,1
7088,elena,25,WS,dress (object),0
7088,elena,25,WS,gloves,0
7088,elena,25,WS,hat,0
7088,elena,25,WS,jacket,0
7088,elena,25,WS,jeans,0
7088,elena,25,WS,mittens,0
7088,elena,25,WS,necklace,0
7088,elena,25,WS,pajamas,0
7088,elena,25,WS,pants,1
7088,elena,25,WS,scarf,0
7088,elena,25,WS,shirt,1
7088,elena,25,WS,shoe,1
7088,elena,25,WS,shorts,1
7088,elena,25,WS,slipper,0
7088,elena,25,WS,sneaker,0
7088,elena,25,WS,snowsuit,0
7088,elena,25,WS,sock,1
7088,elena,25,WS,sweater,0
7088,elena,25,WS,tights,0
7088,elena,25,WS,underpants,0
7088,elena,25,WS,zipper,0
7088,elena,25,WS,ankle,0
7088,elena,25,WS,arm,0
7088,elena,25,WS,belly button,1
7088,elena,25,WS,buttocks/bottom*,0
7088,elena,25,WS,cheek,0
7088,elena,25,WS,chin,0
7088,elena,25,WS,ear,1
7088,elena,25,WS,eye,1
7088,elena,25,WS,face,0
7088,elena,25,WS,foot,1
7088,elena,25,WS,finger,0
7088,elena,25,WS,hair,1
7088,elena,25,WS,hand,1
7088,elena,25,WS,head,0
7088,elena,25,WS,knee,0
7088,elena,25,WS,leg,0
7088,elena,25,WS,lips,0
7088,elena,25,WS,mouth,1
7088,elena,25,WS,nose,1
7088,elena,25,WS,owie/boo boo,0
7088,elena,25,WS,penis*,1
7088,elena,25,WS,shoulder,0
7088,elena,25,WS,tooth,1
7088,elena,25,WS,toe,0
7088,elena,25,WS,tongue,0
7088,elena,25,WS,tummy,1
7088,elena,25,WS,vagina*,0
7088,elena,25,WS,basket,0
7088,elena,25,WS,blanket,1
7088,elena,25,WS,bottle,1
7088,elena,25,WS,box,0
7088,elena,25,WS,bowl,0
7088,elena,25,WS,broom,0
7088,elena,25,WS,brush,1
7088,elena,25,WS,bucket,0
7088,elena,25,WS,camera,0
7088,elena,25,WS,can (object),0
7088,elena,25,WS,clock,0
7088,elena,25,WS,comb,0
7088,elena,25,WS,cup,0
7088,elena,25,WS,dish,0
7088,elena,25,WS,fork,1
7088,elena,25,WS,garbage,1
7088,elena,25,WS,glass,0
7088,elena,25,WS,glasses,0
7088,elena,25,WS,hammer,0
7088,elena,25,WS,jar,0
7088,elena,25,WS,keys,1
7088,elena,25,WS,knife,0
7088,elena,25,WS,lamp,0
7088,elena,25,WS,light,1
7088,elena,25,WS,medicine,0
7088,elena,25,WS,money,0
7088,elena,25,WS,mop,0
7088,elena,25,WS,nail,0
7088,elena,25,WS,napkin,0
7088,elena,25,WS,paper,1
7088,elena,25,WS,penny,0
7088,elena,25,WS,picture,0
7088,elena,25,WS,pillow,1
7088,elena,25,WS,plant,0
7088,elena,25,WS,plate,0
7088,elena,25,WS,purse,0
7088,elena,25,WS,radio,0
7088,elena,25,WS,scissors,0
7088,elena,25,WS,soap,0
7088,elena,25,WS,spoon,1
7088,elena,25,WS,tape,0
7088,elena,25,WS,telephone,1
7088,elena,25,WS,tissue/kleenex,0
7088,elena,25,WS,toothbrush,1
7088,elena,25,WS,towel,0
7088,elena,25,WS,trash,1
7088,elena,25,WS,tray,0
7088,elena,25,WS,vacuum,0
7088,elena,25,WS,walker,0
7088,elena,25,WS,watch (object),0
7088,elena,25,WS,basement,0
7088,elena,25,WS,bathroom,0
7088,elena,25,WS,bathtub,0
7088,elena,25,WS,bed,0
7088,elena,25,WS,bedroom,0
7088,elena,25,WS,bench,0
7088,elena,25,WS,chair,1
7088,elena,25,WS,closet,0
7088,elena,25,WS,couch,0
7088,elena,25,WS,crib,0
7088,elena,25,WS,door,0
7088,elena,25,WS,drawer,0
7088,elena,25,WS,dryer,0
7088,elena,25,WS,garage,0
7088,elena,25,WS,high chair,0
7088,elena,25,WS,kitchen,0
7088,elena,25,WS,living room,0
7088,elena,25,WS,oven,0
7088,elena,25,WS,play pen,0
7088,elena,25,WS,porch,0
7088,elena,25,WS,potty,1
7088,elena,25,WS,refrigerator,0
7088,elena,25,WS,rocking chair,0
7088,elena,25,WS,room,0
7088,elena,25,WS,shower,1
7088,elena,25,WS,sink,0
7088,elena,25,WS,sofa,0
7088,elena,25,WS,stairs,0
7088,elena,25,WS,stove,0
7088,elena,25,WS,table,0
7088,elena,25,WS,TV,1
7088,elena,25,WS,washing machine,0
7088,elena,25,WS,window,0
7088,elena,25,WS,backyard,0
7088,elena,25,WS,cloud,0
7088,elena,25,WS,flag,0
7088,elena,25,WS,flower,1
7088,elena,25,WS,garden,0
7088,elena,25,WS,grass,0
7088,elena,25,WS,hose,0
7088,elena,25,WS,ladder,1
7088,elena,25,WS,lawn mower,0
7088,elena,25,WS,moon,1
7088,elena,25,WS,pool,0
7088,elena,25,WS,rain,0
7088,elena,25,WS,rock,0
7088,elena,25,WS,roof,0
7088,elena,25,WS,sandbox,0
7088,elena,25,WS,shovel,0
7088,elena,25,WS,sidewalk,0
7088,elena,25,WS,sky,0
7088,elena,25,WS,slide (object),0
7088,elena,25,WS,snow,0
7088,elena,25,WS,snowman,0
7088,elena,25,WS,sprinkler,0
7088,elena,25,WS,star,1
7088,elena,25,WS,stick,0
7088,elena,25,WS,stone,0
7088,elena,25,WS,street,0
7088,elena,25,WS,sun,1
7088,elena,25,WS,swing (object),1
7088,elena,25,WS,tree,1
7088,elena,25,WS,water (not beverage),1
7088,elena,25,WS,wind,0
7088,elena,25,WS,beach,1
7088,elena,25,WS,camping,0
7088,elena,25,WS,church*,1
7088,elena,25,WS,circus,0
7088,elena,25,WS,country,0
7088,elena,25,WS,downtown,0
7088,elena,25,WS,farm,0
7088,elena,25,WS,gas station,0
7088,elena,25,WS,home,0
7088,elena,25,WS,house,1
7088,elena,25,WS,movie,0
7088,elena,25,WS,outside,0
7088,elena,25,WS,park,1
7088,elena,25,WS,party,0
7088,elena,25,WS,picnic,0
7088,elena,25,WS,playground,0
7088,elena,25,WS,school,0
7088,elena,25,WS,store,0
7088,elena,25,WS,woods,0
7088,elena,25,WS,work (place),0
7088,elena,25,WS,yard,0
7088,elena,25,WS,zoo,0
7088,elena,25,WS,aunt,0
7088,elena,25,WS,baby,1
7088,elena,25,WS,babysitter,0
7088,elena,25,WS,babysitter's name,0
7088,elena,25,WS,boy,0
7088,elena,25,WS,brother,0
7088,elena,25,WS,child,0
7088,elena,25,WS,clown,0
7088,elena,25,WS,cowboy,0
7088,elena,25,WS,daddy*,1
7088,elena,25,WS,doctor,1
7088,elena,25,WS,fireman,0
7088,elena,25,WS,friend,0
7088,elena,25,WS,girl,1
7088,elena,25,WS,grandma*,1
7088,elena,25,WS,grandpa*,1
7088,elena,25,WS,lady,0
7088,elena,25,WS,mailman,0
7088,elena,25,WS,man,1
7088,elena,25,WS,mommy*,1
7088,elena,25,WS,nurse,0
7088,elena,25,WS,child's own name,1
7088,elena,25,WS,people,0
7088,elena,25,WS,person,0
7088,elena,25,WS,pet's name,1
7088,elena,25,WS,police,0
7088,elena,25,WS,sister,0
7088,elena,25,WS,teacher,0
7088,elena,25,WS,uncle,1
7088,elena,25,WS,bath,0
7088,elena,25,WS,breakfast,0
7088,elena,25,WS,bye,1
7088,elena,25,WS,call (on phone),0
7088,elena,25,WS,dinner,0
7088,elena,25,WS,gimme five,0
7088,elena,25,WS,gonna get you,0
7088,elena,25,WS,go potty,0
7088,elena,25,WS,hi,1
7088,elena,25,WS,hello,0
7088,elena,25,WS,lunch,0
7088,elena,25,WS,nap,0
7088,elena,25,WS,night night,1
7088,elena,25,WS,no,1
7088,elena,25,WS,patty cake,0
7088,elena,25,WS,peekaboo,0
7088,elena,25,WS,please,1
7088,elena,25,WS,shh/shush/hush,1
7088,elena,25,WS,shopping,0
7088,elena,25,WS,snack,0
7088,elena,25,WS,so big,0
7088,elena,25,WS,thank you,1
7088,elena,25,WS,this little piggy,0
7088,elena,25,WS,turn around,0
7088,elena,25,WS,yes,1
7088,elena,25,WS,bite,0
7088,elena,25,WS,blow,0
7088,elena,25,WS,break,0
7088,elena,25,WS,bring,0
7088,elena,25,WS,build,0
7088,elena,25,WS,bump,0
7088,elena,25,WS,buy,0
7088,elena,25,WS,carry,0
7088,elena,25,WS,catch,0
7088,elena,25,WS,chase,0
7088,elena,25,WS,clap,0
7088,elena,25,WS,clean (action),0
7088,elena,25,WS,climb,0
7088,elena,25,WS,close,0
7088,elena,25,WS,cook,0
7088,elena,25,WS,cover,0
7088,elena,25,WS,cry,1
7088,elena,25,WS,cut,0
7088,elena,25,WS,dance,0
7088,elena,25,WS,draw,0
7088,elena,25,WS,drink (action),0
7088,elena,25,WS,drive,0
7088,elena,25,WS,drop,0
7088,elena,25,WS,dry (action),0
7088,elena,25,WS,dump,0
7088,elena,25,WS,eat,1
7088,elena,25,WS,fall,1
7088,elena,25,WS,feed,0
7088,elena,25,WS,find,0
7088,elena,25,WS,finish,0
7088,elena,25,WS,fit,0
7088,elena,25,WS,fix,0
7088,elena,25,WS,get,0
7088,elena,25,WS,give,0
7088,elena,25,WS,go,0
7088,elena,25,WS,hate,0
7088,elena,25,WS,have,0
7088,elena,25,WS,hear,0
7088,elena,25,WS,help,1
7088,elena,25,WS,hide,0
7088,elena,25,WS,hit,0
7088,elena,25,WS,hold,0
7088,elena,25,WS,hug,0
7088,elena,25,WS,hurry,0
7088,elena,25,WS,jump,0
7088,elena,25,WS,kick,0
7088,elena,25,WS,kiss,0
7088,elena,25,WS,knock,0
7088,elena,25,WS,lick,0
7088,elena,25,WS,like,0
7088,elena,25,WS,listen,0
7088,elena,25,WS,look,0
7088,elena,25,WS,love,0
7088,elena,25,WS,make,0
7088,elena,25,WS,open,0
7088,elena,25,WS,paint,0
7088,elena,25,WS,pick,0
7088,elena,25,WS,play,0
7088,elena,25,WS,pour,0
7088,elena,25,WS,pretend,0
7088,elena,25,WS,pull,0
7088,elena,25,WS,push,0
7088,elena,25,WS,put,0
7088,elena,25,WS,read,0
7088,elena,25,WS,ride,0
7088,elena,25,WS,rip,0
7088,elena,25,WS,run,0
7088,elena,25,WS,say,0
7088,elena,25,WS,see,1
7088,elena,25,WS,shake,0
7088,elena,25,WS,share,0
7088,elena,25,WS,show,0
7088,elena,25,WS,sing,0
7088,elena,25,WS,sit,0
7088,elena,25,WS,skate,0
7088,elena,25,WS,sleep,0
7088,elena,25,WS,slide (action),0
7088,elena,25,WS,smile,0
7088,elena,25,WS,spill,0
7088,elena,25,WS,splash,0
7088,elena,25,WS,stand,0
7088,elena,25,WS,stay,0
7088,elena,25,WS,stop,0
7088,elena,25,WS,sweep,0
7088,elena,25,WS,swim,0
7088,elena,25,WS,swing (action),0
7088,elena,25,WS,take,0
7088,elena,25,WS,talk,0
7088,elena,25,WS,taste,0
7088,elena,25,WS,tear,0
7088,elena,25,WS,think,0
7088,elena,25,WS,throw,0
7088,elena,25,WS,tickle,0
7088,elena,25,WS,touch,0
7088,elena,25,WS,wait,0
7088,elena,25,WS,wake,0
7088,elena,25,WS,walk,0
7088,elena,25,WS,wash,0
7088,elena,25,WS,watch (action),0
7088,elena,25,WS,wipe,0
7088,elena,25,WS,wish,0
7088,elena,25,WS,work (action),0
7088,elena,25,WS,write,0
7088,elena,25,WS,all gone,1
7088,elena,25,WS,asleep,0
7088,elena,25,WS,awake,0
7088,elena,25,WS,bad,0
7088,elena,25,WS,better,0
7088,elena,25,WS,big,0
7088,elena,25,WS,black,0
7088,elena,25,WS,blue,1
7088,elena,25,WS,broken,0
7088,elena,25,WS,brown,0
7088,elena,25,WS,careful,0
7088,elena,25,WS,clean (description),0
7088,elena,25,WS,cold,0
7088,elena,25,WS,cute,0
7088,elena,25,WS,dark,0
7088,elena,25,WS,dirty,0
7088,elena,25,WS,dry (description),0
7088,elena,25,WS,empty,0
7088,elena,25,WS,fast,0
7088,elena,25,WS,fine,0
7088,elena,25,WS,first,0
7088,elena,25,WS,full,0
7088,elena,25,WS,gentle,0
7088,elena,25,WS,good,0
7088,elena,25,WS,green,0
7088,elena,25,WS,happy,0
7088,elena,25,WS,hard,0
7088,elena,25,WS,heavy,0
7088,elena,25,WS,high,0
7088,elena,25,WS,hot,1
7088,elena,25,WS,hungry,1
7088,elena,25,WS,hurt,1
7088,elena,25,WS,last,0
7088,elena,25,WS,little (description),0
7088,elena,25,WS,long,0
7088,elena,25,WS,loud,0
7088,elena,25,WS,mad,0
7088,elena,25,WS,naughty,0
7088,elena,25,WS,new,0
7088,elena,25,WS,nice,1
7088,elena,25,WS,noisy,0
7088,elena,25,WS,old,0
7088,elena,25,WS,orange (description),1
7088,elena,25,WS,poor,0
7088,elena,25,WS,pretty,1
7088,elena,25,WS,quiet,0
7088,elena,25,WS,red,0
7088,elena,25,WS,sad,0
7088,elena,25,WS,scared,0
7088,elena,25,WS,sick,0
7088,elena,25,WS,sleepy,0
7088,elena,25,WS,slow,0
7088,elena,25,WS,soft,0
7088,elena,25,WS,sticky,0
7088,elena,25,WS,stuck,0
7088,elena,25,WS,thirsty,0
7088,elena,25,WS,tiny,0
7088,elena,25,WS,tired,0
7088,elena,25,WS,wet,0
7088,elena,25,WS,white,0
7088,elena,25,WS,windy,0
7088,elena,25,WS,yellow,0
7088,elena,25,WS,yucky,1
7088,elena,25,WS,after,0
7088,elena,25,WS,before,0
7088,elena,25,WS,day,0
7088,elena,25,WS,later,0
7088,elena,25,WS,morning,0
7088,elena,25,WS,night,0
7088,elena,25,WS,now,0
7088,elena,25,WS,time,0
7088,elena,25,WS,today,0
7088,elena,25,WS,tomorrow,0
7088,elena,25,WS,tonight,0
7088,elena,25,WS,yesterday,0
7088,elena,25,WS,he,0
7088,elena,25,WS,her,0
7088,elena,25,WS,hers,0
7088,elena,25,WS,him,0
7088,elena,25,WS,his,0
7088,elena,25,WS,I,1
7088,elena,25,WS,it,0
7088,elena,25,WS,me,0
7088,elena,25,WS,mine,1
7088,elena,25,WS,my,0
7088,elena,25,WS,myself,0
7088,elena,25,WS,our,0
7088,elena,25,WS,she,0
7088,elena,25,WS,that,0
7088,elena,25,WS,their,0
7088,elena,25,WS,them,0
7088,elena,25,WS,these,0
7088,elena,25,WS,they,0
7088,elena,25,WS,this,0
7088,elena,25,WS,those,0
7088,elena,25,WS,us,0
7088,elena,25,WS,we,0
7088,elena,25,WS,you,0
7088,elena,25,WS,your,0
7088,elena,25,WS,yourself,0
7088,elena,25,WS,how,0
7088,elena,25,WS,what,0
7088,elena,25,WS,when,0
7088,elena,25,WS,where,0
7088,elena,25,WS,which,0
7088,elena,25,WS,who,0
7088,elena,25,WS,why,0
7088,elena,25,WS,about,0
7088,elena,25,WS,above,0
7088,elena,25,WS,around,0
7088,elena,25,WS,at,0
7088,elena,25,WS,away,0
7088,elena,25,WS,back,0
7088,elena,25,WS,behind,0
7088,elena,25,WS,beside,0
7088,elena,25,WS,by,0
7088,elena,25,WS,down,0
7088,elena,25,WS,for,0
7088,elena,25,WS,here,0
7088,elena,25,WS,inside/in,0
7088,elena,25,WS,into,0
7088,elena,25,WS,next to,0
7088,elena,25,WS,of,0
7088,elena,25,WS,off,1
7088,elena,25,WS,on,1
7088,elena,25,WS,on top of,0
7088,elena,25,WS,out,0
7088,elena,25,WS,over,0
7088,elena,25,WS,there,0
7088,elena,25,WS,to,0
7088,elena,25,WS,under,0
7088,elena,25,WS,up,0
7088,elena,25,WS,with,0
7088,elena,25,WS,a,0
7088,elena,25,WS,all,0
7088,elena,25,WS,a lot,0
7088,elena,25,WS,an,0
7088,elena,25,WS,another,0
7088,elena,25,WS,any,0
7088,elena,25,WS,each,0
7088,elena,25,WS,every,0
7088,elena,25,WS,more,1
7088,elena,25,WS,much,0
7088,elena,25,WS,not,0
7088,elena,25,WS,none,0
7088,elena,25,WS,other,0
7088,elena,25,WS,same,0
7088,elena,25,WS,some,0
7088,elena,25,WS,the,0
7088,elena,25,WS,too,0
7088,elena,25,WS,am,0
7088,elena,25,WS,are,0
7088,elena,25,WS,be,0
7088,elena,25,WS,can (auxiliary),0
7088,elena,25,WS,could,0
7088,elena,25,WS,did/did ya,0
7088,elena,25,WS,do,0
7088,elena,25,WS,does,0
7088,elena,25,WS,don't,0
7088,elena,25,WS,gonna/going to,0
7088,elena,25,WS,gotta/got to,0
7088,elena,25,WS,hafta/have to,0
7088,elena,25,WS,is,0
7088,elena,25,WS,lemme/let me,0
7088,elena,25,WS,need/need to,0
7088,elena,25,WS,try/try to,0
7088,elena,25,WS,wanna/want to,0
7088,elena,25,WS,was,0
7088,elena,25,WS,were,0
7088,elena,25,WS,will,0
7088,elena,25,WS,would,0
7088,elena,25,WS,and,0
7088,elena,25,WS,because,0
7088,elena,25,WS,but,0
7088,elena,25,WS,if,0
7088,elena,25,WS,so,0
7088,elena,25,WS,then,0
7108,elena,26,WS,baa baa,1
7108,elena,26,WS,choo choo,1
7108,elena,26,WS,cock-a-doodle-doo,1
7108,elena,26,WS,grrr,1
7108,elena,26,WS,meow,1
7108,elena,26,WS,moo,1
7108,elena,26,WS,ouch,1
7108,elena,26,WS,quack quack,1
7108,elena,26,WS,uh oh,0
7108,elena,26,WS,vroom,1
7108,elena,26,WS,woof woof,1
7108,elena,26,WS,yum yum,0
7108,elena,26,WS,alligator,1
7108,elena,26,WS,animal,1
7108,elena,26,WS,ant,1
7108,elena,26,WS,bear,1
7108,elena,26,WS,bee,1
7108,elena,26,WS,bird,1
7108,elena,26,WS,bug,1
7108,elena,26,WS,bunny,1
7108,elena,26,WS,butterfly,1
7108,elena,26,WS,cat,1
7108,elena,26,WS,chicken (animal),1
7108,elena,26,WS,cow,1
7108,elena,26,WS,deer,1
7108,elena,26,WS,dog,1
7108,elena,26,WS,donkey,0
7108,elena,26,WS,duck,1
7108,elena,26,WS,elephant,1
7108,elena,26,WS,fish (animal),1
7108,elena,26,WS,frog,1
7108,elena,26,WS,giraffe,1
7108,elena,26,WS,goose,1
7108,elena,26,WS,hen,0
7108,elena,26,WS,horse,1
7108,elena,26,WS,kitty,1
7108,elena,26,WS,lamb,1
7108,elena,26,WS,lion,1
7108,elena,26,WS,monkey,1
7108,elena,26,WS,moose,0
7108,elena,26,WS,mouse,1
7108,elena,26,WS,owl,1
7108,elena,26,WS,penguin,1
7108,elena,26,WS,pig,1
7108,elena,26,WS,pony,0
7108,elena,26,WS,puppy,1
7108,elena,26,WS,rooster,1
7108,elena,26,WS,sheep,1
7108,elena,26,WS,squirrel,1
7108,elena,26,WS,teddy bear,1
7108,elena,26,WS,tiger,1
7108,elena,26,WS,turkey,1
7108,elena,26,WS,turtle,1
7108,elena,26,WS,wolf,0
7108,elena,26,WS,zebra,1
7108,elena,26,WS,airplane,1
7108,elena,26,WS,bicycle,1
7108,elena,26,WS,boat,1
7108,elena,26,WS,bus,1
7108,elena,26,WS,car,1
7108,elena,26,WS,fire truck,1
7108,elena,26,WS,helicopter,1
7108,elena,26,WS,motorcycle,1
7108,elena,26,WS,sled,0
7108,elena,26,WS,stroller,1
7108,elena,26,WS,tractor,1
7108,elena,26,WS,train,1
7108,elena,26,WS,tricycle,1
7108,elena,26,WS,truck,1
7108,elena,26,WS,ball,1
7108,elena,26,WS,balloon,1
7108,elena,26,WS,bat,1
7108,elena,26,WS,block,1
7108,elena,26,WS,book,1
7108,elena,26,WS,bubbles,1
7108,elena,26,WS,chalk,1
7108,elena,26,WS,crayon,1
7108,elena,26,WS,doll,1
7108,elena,26,WS,game,1
7108,elena,26,WS,glue,0
7108,elena,26,WS,pen,1
7108,elena,26,WS,pencil,1
7108,elena,26,WS,play dough,1
7108,elena,26,WS,present,1
7108,elena,26,WS,puzzle,1
7108,elena,26,WS,story,1
7108,elena,26,WS,toy (object),1
7108,elena,26,WS,apple,1
7108,elena,26,WS,apple sauce,1
7108,elena,26,WS,banana,1
7108,elena,26,WS,beans,1
7108,elena,26,WS,bread,1
7108,elena,26,WS,butter,0
7108,elena,26,WS,cake,1
7108,elena,26,WS,candy,1
7108,elena,26,WS,carrots,1
7108,elena,26,WS,cereal,1
7108,elena,26,WS,cheerios,1
7108,elena,26,WS,cheese,1
7108,elena,26,WS,chicken (food),1
7108,elena,26,WS,chocolate,1
7108,elena,26,WS,coffee,1
7108,elena,26,WS,coke,0
7108,elena,26,WS,cookie,1
7108,elena,26,WS,corn,1
7108,elena,26,WS,cracker,1
7108,elena,26,WS,donut,1
7108,elena,26,WS,drink (beverage),1
7108,elena,26,WS,egg,1
7108,elena,26,WS,fish (food),1
7108,elena,26,WS,food,1
7108,elena,26,WS,french fries,0
7108,elena,26,WS,grapes,1
7108,elena,26,WS,green beans,1
7108,elena,26,WS,gum,0
7108,elena,26,WS,hamburger,1
7108,elena,26,WS,ice,1
7108,elena,26,WS,ice cream,1
7108,elena,26,WS,jello,1
7108,elena,26,WS,jelly,1
7108,elena,26,WS,juice,1
7108,elena,26,WS,lollipop,1
7108,elena,26,WS,meat,1
7108,elena,26,WS,melon,1
7108,elena,26,WS,milk,1
7108,elena,26,WS,muffin,1
7108,elena,26,WS,noodles,1
7108,elena,26,WS,nuts,1
7108,elena,26,WS,orange (food),1
7108,elena,26,WS,pancakes,1
7108,elena,26,WS,peanut butter,1
7108,elena,26,WS,peas,1
7108,elena,26,WS,pickle,1
7108,elena,26,WS,pizza,1
7108,elena,26,WS,popcorn,1
7108,elena,26,WS,popsicle,0
7108,elena,26,WS,potato,1
7108,elena,26,WS,potato chips,0
7108,elena,26,WS,pretzel,1
7108,elena,26,WS,pudding,0
7108,elena,26,WS,pumpkin,1
7108,elena,26,WS,raisin,1
7108,elena,26,WS,salt,1
7108,elena,26,WS,sandwich,1
7108,elena,26,WS,sauce,0
7108,elena,26,WS,soda/pop,0
7108,elena,26,WS,soup,1
7108,elena,26,WS,spaghetti,1
7108,elena,26,WS,strawberry,1
7108,elena,26,WS,toast,0
7108,elena,26,WS,tuna,1
7108,elena,26,WS,vanilla,0
7108,elena,26,WS,vitamins,1
7108,elena,26,WS,water (beverage),1
7108,elena,26,WS,yogurt,1
7108,elena,26,WS,beads,0
7108,elena,26,WS,belt,1
7108,elena,26,WS,bib,1
7108,elena,26,WS,boots,1
7108,elena,26,WS,button,1
7108,elena,26,WS,coat,1
7108,elena,26,WS,diaper,1
7108,elena,26,WS,dress (object),1
7108,elena,26,WS,gloves,0
7108,elena,26,WS,hat,1
7108,elena,26,WS,jacket,1
7108,elena,26,WS,jeans,1
7108,elena,26,WS,mittens,0
7108,elena,26,WS,necklace,0
7108,elena,26,WS,pajamas,1
7108,elena,26,WS,pants,1
7108,elena,26,WS,scarf,1
7108,elena,26,WS,shirt,1
7108,elena,26,WS,shoe,1
7108,elena,26,WS,shorts,1
7108,elena,26,WS,slipper,1
7108,elena,26,WS,sneaker,1
7108,elena,26,WS,snowsuit,0
7108,elena,26,WS,sock,1
7108,elena,26,WS,sweater,1
7108,elena,26,WS,tights,0
7108,elena,26,WS,underpants,1
7108,elena,26,WS,zipper,1
7108,elena,26,WS,ankle,1
7108,elena,26,WS,arm,1
7108,elena,26,WS,belly button,1
7108,elena,26,WS,buttocks/bottom*,1
7108,elena,26,WS,cheek,1
7108,elena,26,WS,chin,1
7108,elena,26,WS,ear,1
7108,elena,26,WS,eye,1
7108,elena,26,WS,face,1
7108,elena,26,WS,foot,1
7108,elena,26,WS,finger,1
7108,elena,26,WS,hair,1
7108,elena,26,WS,hand,1
7108,elena,26,WS,head,1
7108,elena,26,WS,knee,1
7108,elena,26,WS,leg,1
7108,elena,26,WS,lips,1
7108,elena,26,WS,mouth,1
7108,elena,26,WS,nose,1
7108,elena,26,WS,owie/boo boo,1
7108,elena,26,WS,penis*,1
7108,elena,26,WS,shoulder,1
7108,elena,26,WS,tooth,1
7108,elena,26,WS,toe,1
7108,elena,26,WS,tongue,1
7108,elena,26,WS,tummy,1
7108,elena,26,WS,vagina*,0
7108,elena,26,WS,basket,1
7108,elena,26,WS,blanket,1
7108,elena,26,WS,bottle,1
7108,elena,26,WS,box,1
7108,elena,26,WS,bowl,1
7108,elena,26,WS,broom,1
7108,elena,26,WS,brush,1
7108,elena,26,WS,bucket,1
7108,elena,26,WS,camera,1
7108,elena,26,WS,can (object),1
7108,elena,26,WS,clock,1
7108,elena,26,WS,comb,1
7108,elena,26,WS,cup,1
7108,elena,26,WS,dish,1
7108,elena,26,WS,fork,1
7108,elena,26,WS,garbage,1
7108,elena,26,WS,glass,1
7108,elena,26,WS,glasses,1
7108,elena,26,WS,hammer,1
7108,elena,26,WS,jar,0
7108,elena,26,WS,keys,1
7108,elena,26,WS,knife,1
7108,elena,26,WS,lamp,1
7108,elena,26,WS,light,1
7108,elena,26,WS,medicine,1
7108,elena,26,WS,money,1
7108,elena,26,WS,mop,1
7108,elena,26,WS,nail,1
7108,elena,26,WS,napkin,1
7108,elena,26,WS,paper,1
7108,elena,26,WS,penny,1
7108,elena,26,WS,picture,1
7108,elena,26,WS,pillow,1
7108,elena,26,WS,plant,1
7108,elena,26,WS,plate,1
7108,elena,26,WS,purse,1
7108,elena,26,WS,radio,1
7108,elena,26,WS,scissors,1
7108,elena,26,WS,soap,1
7108,elena,26,WS,spoon,1
7108,elena,26,WS,tape,1
7108,elena,26,WS,telephone,1
7108,elena,26,WS,tissue/kleenex,1
7108,elena,26,WS,toothbrush,1
7108,elena,26,WS,towel,1
7108,elena,26,WS,trash,1
7108,elena,26,WS,tray,0
7108,elena,26,WS,vacuum,1
7108,elena,26,WS,walker,0
7108,elena,26,WS,watch (object),1
7108,elena,26,WS,basement,0
7108,elena,26,WS,bathroom,1
7108,elena,26,WS,bathtub,1
7108,elena,26,WS,bed,1
7108,elena,26,WS,bedroom,1
7108,elena,26,WS,bench,1
7108,elena,26,WS,chair,1
7108,elena,26,WS,closet,1
7108,elena,26,WS,couch,1
7108,elena,26,WS,crib,1
7108,elena,26,WS,door,1
7108,elena,26,WS,drawer,1
7108,elena,26,WS,dryer,1
7108,elena,26,WS,garage,1
7108,elena,26,WS,high chair,1
7108,elena,26,WS,kitchen,1
7108,elena,26,WS,living room,1
7108,elena,26,WS,oven,1
7108,elena,26,WS,play pen,0
7108,elena,26,WS,porch,0
7108,elena,26,WS,potty,1
7108,elena,26,WS,refrigerator,1
7108,elena,26,WS,rocking chair,0
7108,elena,26,WS,room,1
7108,elena,26,WS,shower,1
7108,elena,26,WS,sink,1
7108,elena,26,WS,sofa,1
7108,elena,26,WS,stairs,1
7108,elena,26,WS,stove,1
7108,elena,26,WS,table,1
7108,elena,26,WS,TV,1
7108,elena,26,WS,washing machine,1
7108,elena,26,WS,window,1
7108,elena,26,WS,backyard,1
7108,elena,26,WS,cloud,1
7108,elena,26,WS,flag,1
7108,elena,26,WS,flower,1
7108,elena,26,WS,garden,1
7108,elena,26,WS,grass,1
7108,elena,26,WS,hose,1
7108,elena,26,WS,ladder,1
7108,elena,26,WS,lawn mower,1
7108,elena,26,WS,moon,1
7108,elena,26,WS,pool,1
7108,elena,26,WS,rain,1
7108,elena,26,WS,rock,1
7108,elena,26,WS,roof,1
7108,elena,26,WS,sandbox,0
7108,elena,26,WS,shovel,1
7108,elena,26,WS,sidewalk,1
7108,elena,26,WS,sky,1
7108,elena,26,WS,slide (object),1
7108,elena,26,WS,snow,1
7108,elena,26,WS,snowman,1
7108,elena,26,WS,sprinkler,0
7108,elena,26,WS,star,1
7108,elena,26,WS,stick,1
7108,elena,26,WS,stone,1
7108,elena,26,WS,street,1
7108,elena,26,WS,sun,1
7108,elena,26,WS,swing (object),1
7108,elena,26,WS,tree,1
7108,elena,26,WS,water (not beverage),1
7108,elena,26,WS,wind,1
7108,elena,26,WS,beach,1
7108,elena,26,WS,camping,0
7108,elena,26,WS,church*,0
7108,elena,26,WS,circus,0
7108,elena,26,WS,country,0
7108,elena,26,WS,downtown,0
7108,elena,26,WS,farm,1
7108,elena,26,WS,gas station,1
7108,elena,26,WS,home,1
7108,elena,26,WS,house,1
7108,elena,26,WS,movie,0
7108,elena,26,WS,outside,1
7108,elena,26,WS,park,1
7108,elena,26,WS,party,1
7108,elena,26,WS,picnic,1
7108,elena,26,WS,playground,0
7108,elena,26,WS,school,1
7108,elena,26,WS,store,1
7108,elena,26,WS,woods,0
7108,elena,26,WS,work (place),1
7108,elena,26,WS,yard,1
7108,elena,26,WS,zoo,1
7108,elena,26,WS,aunt,1
7108,elena,26,WS,baby,1
7108,elena,26,WS,babysitter,1
7108,elena,26,WS,babysitter's name,1
7108,elena,26,WS,boy,1
7108,elena,26,WS,brother,1
7108,elena,26,WS,child,0
7108,elena,26,WS,clown,1
7108,elena,26,WS,cowboy,0
7108,elena,26,WS,daddy*,1
7108,elena,26,WS,doctor,1
7108,elena,26,WS,fireman,1
7108,elena,26,WS,friend,1
7108,elena,26,WS,girl,1
7108,elena,26,WS,grandma*,1
7108,elena,26,WS,grandpa*,1
7108,elena,26,WS,lady,0
7108,elena,26,WS,mailman,1
7108,elena,26,WS,man,1
7108,elena,26,WS,mommy*,1
7108,elena,26,WS,nurse,0
7108,elena,26,WS,child's own name,1
7108,elena,26,WS,people,1
7108,elena,26,WS,person,1
7108,elena,26,WS,pet's name,1
7108,elena,26,WS,police,1
7108,elena,26,WS,sister,1
7108,elena,26,WS,teacher,0
7108,elena,26,WS,uncle,1
7108,elena,26,WS,bath,1
7108,elena,26,WS,breakfast,1
7108,elena,26,WS,bye,1
7108,elena,26,WS,call (on phone),1
7108,elena,26,WS,dinner,1
7108,elena,26,WS,gimme five,1
7108,elena,26,WS,gonna get you,1
7108,elena,26,WS,go potty,1
7108,elena,26,WS,hi,1
7108,elena,26,WS,hello,1
7108,elena,26,WS,lunch,1
7108,elena,26,WS,nap,1
7108,elena,26,WS,night night,1
7108,elena,26,WS,no,1
7108,elena,26,WS,patty cake,0
7108,elena,26,WS,peekaboo,1
7108,elena,26,WS,please,1
7108,elena,26,WS,shh/shush/hush,1
7108,elena,26,WS,shopping,1
7108,elena,26,WS,snack,1
7108,elena,26,WS,so big,1
7108,elena,26,WS,thank you,1
7108,elena,26,WS,this little piggy,1
7108,elena,26,WS,turn around,1
7108,elena,26,WS,yes,1
7108,elena,26,WS,bite,1
7108,elena,26,WS,blow,1
7108,elena,26,WS,break,1
7108,elena,26,WS,bring,1
7108,elena,26,WS,build,1
7108,elena,26,WS,bump,1
7108,elena,26,WS,buy,1
7108,elena,26,WS,carry,1
7108,elena,26,WS,catch,1
7108,elena,26,WS,chase,1
7108,elena,26,WS,clap,1
7108,elena,26,WS,clean (action),1
7108,elena,26,WS,climb,1
7108,elena,26,WS,close,1
7108,elena,26,WS,cook,1
7108,elena,26,WS,cover,1
7108,elena,26,WS,cry,1
7108,elena,26,WS,cut,1
7108,elena,26,WS,dance,1
7108,elena,26,WS,draw,1
7108,elena,26,WS,drink (action),1
7108,elena,26,WS,drive,1
7108,elena,26,WS,drop,1
7108,elena,26,WS,dry (action),1
7108,elena,26,WS,dump,1
7108,elena,26,WS,eat,1
7108,elena,26,WS,fall,1
7108,elena,26,WS,feed,1
7108,elena,26,WS,find,1
7108,elena,26,WS,finish,1
7108,elena,26,WS,fit,1
7108,elena,26,WS,fix,1
7108,elena,26,WS,get,1
7108,elena,26,WS,give,1
7108,elena,26,WS,go,1
7108,elena,26,WS,hate,0
7108,elena,26,WS,have,1
7108,elena,26,WS,hear,1
7108,elena,26,WS,help,1
7108,elena,26,WS,hide,1
7108,elena,26,WS,hit,1
7108,elena,26,WS,hold,1
7108,elena,26,WS,hug,1
7108,elena,26,WS,hurry,1
7108,elena,26,WS,jump,1
7108,elena,26,WS,kick,1
7108,elena,26,WS,kiss,1
7108,elena,26,WS,knock,1
7108,elena,26,WS,lick,1
7108,elena,26,WS,like,1
7108,elena,26,WS,listen,1
7108,elena,26,WS,look,1
7108,elena,26,WS,love,1
7108,elena,26,WS,make,1
7108,elena,26,WS,open,1
7108,elena,26,WS,paint,1
7108,elena,26,WS,pick,1
7108,elena,26,WS,play,1
7108,elena,26,WS,pour,1
7108,elena,26,WS,pretend,0
7108,elena,26,WS,pull,1
7108,elena,26,WS,push,1
7108,elena,26,WS,put,1
7108,elena,26,WS,read,1
7108,elena,26,WS,ride,1
7108,elena,26,WS,rip,1
7108,elena,26,WS,run,1
7108,elena,26,WS,say,1
7108,elena,26,WS,see,1
7108,elena,26,WS,shake,1
7108,elena,26,WS,share,1
7108,elena,26,WS,show,1
7108,elena,26,WS,sing,1
7108,elena,26,WS,sit,1
7108,elena,26,WS,skate,0
7108,elena,26,WS,sleep,1
7108,elena,26,WS,slide (action),1
7108,elena,26,WS,smile,1
7108,elena,26,WS,spill,1
7108,elena,26,WS,splash,1
7108,elena,26,WS,stand,1
7108,elena,26,WS,stay,1
7108,elena,26,WS,stop,1
7108,elena,26,WS,sweep,1
7108,elena,26,WS,swim,1
7108,elena,26,WS,swing (action),1
7108,elena,26,WS,take,1
7108,elena,26,WS,talk,1
7108,elena,26,WS,taste,1
7108,elena,26,WS,tear,1
7108,elena,26,WS,think,1
7108,elena,26,WS,throw,1
7108,elena,26,WS,tickle,1
7108,elena,26,WS,touch,1
7108,elena,26,WS,wait,1
7108,elena,26,WS,wake,1
7108,elena,26,WS,walk,1
7108,elena,26,WS,wash,1
7108,elena,26,WS,watch (action),1
7108,elena,26,WS,wipe,1
7108,elena,26,WS,wish,0
7108,elena,26,WS,work (action),1
7108,elena,26,WS,write,1
7108,elena,26,WS,all gone,1
7108,elena,26,WS,asleep,1
7108,elena,26,WS,awake,1
7108,elena,26,WS,bad,1
7108,elena,26,WS,better,1
7108,elena,26,WS,big,1
7108,elena,26,WS,black,1
7108,elena,26,WS,blue,1
7108,elena,26,WS,broken,1
7108,elena,26,WS,brown,1
7108,elena,26,WS,careful,1
7108,elena,26,WS,clean (description),1
7108,elena,26,WS,cold,1
7108,elena,26,WS,cute,1
7108,elena,26,WS,dark,1
7108,elena,26,WS,dirty,1
7108,elena,26,WS,dry (description),1
7108,elena,26,WS,empty,1
7108,elena,26,WS,fast,1
7108,elena,26,WS,fine,1
7108,elena,26,WS,first,1
7108,elena,26,WS,full,1
7108,elena,26,WS,gentle,1
7108,elena,26,WS,good,1
7108,elena,26,WS,green,1
7108,elena,26,WS,happy,1
7108,elena,26,WS,hard,1
7108,elena,26,WS,heavy,1
7108,elena,26,WS,high,1
7108,elena,26,WS,hot,1
7108,elena,26,WS,hungry,1
7108,elena,26,WS,hurt,1
7108,elena,26,WS,last,1
7108,elena,26,WS,little (description),1
7108,elena,26,WS,long,1
7108,elena,26,WS,loud,1
7108,elena,26,WS,mad,1
7108,elena,26,WS,naughty,1
7108,elena,26,WS,new,1
7108,elena,26,WS,nice,1
7108,elena,26,WS,noisy,1
7108,elena,26,WS,old,1
7108,elena,26,WS,orange (description),1
7108,elena,26,WS,poor,1
7108,elena,26,WS,pretty,1
7108,elena,26,WS,quiet,1
7108,elena,26,WS,red,1
7108,elena,26,WS,sad,1
7108,elena,26,WS,scared,1
7108,elena,26,WS,sick,1
7108,elena,26,WS,sleepy,1
7108,elena,26,WS,slow,1
7108,elena,26,WS,soft,1
7108,elena,26,WS,sticky,1
7108,elena,26,WS,stuck,1
7108,elena,26,WS,thirsty,1
7108,elena,26,WS,tiny,1
7108,elena,26,WS,tired,1
7108,elena,26,WS,wet,1
7108,elena,26,WS,white,1
7108,elena,26,WS,windy,1
7108,elena,26,WS,yellow,1
7108,elena,26,WS,yucky,1
7108,elena,26,WS,after,1
7108,elena,26,WS,before,1
7108,elena,26,WS,day,1
7108,elena,26,WS,later,1
7108,elena,26,WS,morning,1
7108,elena,26,WS,night,1
7108,elena,26,WS,now,1
7108,elena,26,WS,time,1
7108,elena,26,WS,today,1
7108,elena,26,WS,tomorrow,1
7108,elena,26,WS,tonight,1
7108,elena,26,WS,yesterday,0
7108,elena,26,WS,he,1
7108,elena,26,WS,her,1
7108,elena,26,WS,hers,1
7108,elena,26,WS,him,1
7108,elena,26,WS,his,1
7108,elena,26,WS,I,1
7108,elena,26,WS,it,1
7108,elena,26,WS,me,1
7108,elena,26,WS,mine,1
7108,elena,26,WS,my,1
7108,elena,26,WS,myself,1
7108,elena,26,WS,our,0
7108,elena,26,WS,she,1
7108,elena,26,WS,that,1
7108,elena,26,WS,their,1
7108,elena,26,WS,them,0
7108,elena,26,WS,these,1
7108,elena,26,WS,they,1
7108,elena,26,WS,this,1
7108,elena,26,WS,those,1
7108,elena,26,WS,us,1
7108,elena,26,WS,we,1
7108,elena,26,WS,you,1
7108,elena,26,WS,your,1
7108,elena,26,WS,yourself,1
7108,elena,26,WS,how,0
7108,elena,26,WS,what,1
7108,elena,26,WS,when,1
7108,elena,26,WS,where,1
7108,elena,26,WS,which,0
7108,elena,26,WS,who,1
7108,elena,26,WS,why,1
7108,elena,26,WS,about,1
7108,elena,26,WS,above,1
7108,elena,26,WS,around,1
7108,elena,26,WS,at,1
7108,elena,26,WS,away,1
7108,elena,26,WS,back,1
7108,elena,26,WS,behind,1
7108,elena,26,WS,beside,1
7108,elena,26,WS,by,0
7108,elena,26,WS,down,1
7108,elena,26,WS,for,1
7108,elena,26,WS,here,1
7108,elena,26,WS,inside/in,1
7108,elena,26,WS,into,1
7108,elena,26,WS,next to,1
7108,elena,26,WS,of,1
7108,elena,26,WS,off,1
7108,elena,26,WS,on,1
7108,elena,26,WS,on top of,1
7108,elena,26,WS,out,1
7108,elena,26,WS,over,1
7108,elena,26,WS,there,1
7108,elena,26,WS,to,1
7108,elena,26,WS,under,1
7108,elena,26,WS,up,1
7108,elena,26,WS,with,1
7108,elena,26,WS,a,1
7108,elena,26,WS,all,1
7108,elena,26,WS,a lot,1
7108,elena,26,WS,an,0
7108,elena,26,WS,another,1
7108,elena,26,WS,any,1
7108,elena,26,WS,each,0
7108,elena,26,WS,every,1
7108,elena,26,WS,more,1
7108,elena,26,WS,much,1
7108,elena,26,WS,not,1
7108,elena,26,WS,none,1
7108,elena,26,WS,other,1
7108,elena,26,WS,same,1
7108,elena,26,WS,some,1
7108,elena,26,WS,the,1
7108,elena,26,WS,too,1
7108,elena,26,WS,am,1
7108,elena,26,WS,are,1
7108,elena,26,WS,be,1
7108,elena,26,WS,can (auxiliary),1
7108,elena,26,WS,could,1
7108,elena,26,WS,did/did ya,1
7108,elena,26,WS,do,1
7108,elena,26,WS,does,1
7108,elena,26,WS,don't,1
7108,elena,26,WS,gonna/going to,1
7108,elena,26,WS,gotta/got to,1
7108,elena,26,WS,hafta/have to,1
7108,elena,26,WS,is,1
7108,elena,26,WS,lemme/let me,1
7108,elena,26,WS,need/need to,1
7108,elena,26,WS,try/try to,1
7108,elena,26,WS,wanna/want to,1
7108,elena,26,WS,was,1
7108,elena,26,WS,were,1
7108,elena,26,WS,will,1
7108,elena,26,WS,would,1
7108,elena,26,WS,and,1
7108,elena,26,WS,because,1
7108,elena,26,WS,but,1
7108,elena,26,WS,if,1
7108,elena,26,WS,so,1
7108,elena,26,WS,then,1
7117,elena,25,WS,baa baa,1
7117,elena,25,WS,choo choo,1
7117,elena,25,WS,cock-a-doodle-doo,1
7117,elena,25,WS,grrr,1
7117,elena,25,WS,meow,1
7117,elena,25,WS,moo,1
7117,elena,25,WS,ouch,1
7117,elena,25,WS,quack quack,1
7117,elena,25,WS,uh oh,1
7117,elena,25,WS,vroom,1
7117,elena,25,WS,woof woof,1
7117,elena,25,WS,yum yum,0
7117,elena,25,WS,alligator,1
7117,elena,25,WS,animal,1
7117,elena,25,WS,ant,1
7117,elena,25,WS,bear,1
7117,elena,25,WS,bee,1
7117,elena,25,WS,bird,1
7117,elena,25,WS,bug,1
7117,elena,25,WS,bunny,1
7117,elena,25,WS,butterfly,1
7117,elena,25,WS,cat,1
7117,elena,25,WS,chicken (animal),0
7117,elena,25,WS,cow,1
7117,elena,25,WS,deer,0
7117,elena,25,WS,dog,1
7117,elena,25,WS,donkey,0
7117,elena,25,WS,duck,1
7117,elena,25,WS,elephant,1
7117,elena,25,WS,fish (animal),1
7117,elena,25,WS,frog,1
7117,elena,25,WS,giraffe,1
7117,elena,25,WS,goose,0
7117,elena,25,WS,hen,0
7117,elena,25,WS,horse,1
7117,elena,25,WS,kitty,1
7117,elena,25,WS,lamb,0
7117,elena,25,WS,lion,1
7117,elena,25,WS,monkey,1
7117,elena,25,WS,moose,1
7117,elena,25,WS,mouse,1
7117,elena,25,WS,owl,0
7117,elena,25,WS,penguin,1
7117,elena,25,WS,pig,1
7117,elena,25,WS,pony,0
7117,elena,25,WS,puppy,1
7117,elena,25,WS,rooster,0
7117,elena,25,WS,sheep,1
7117,elena,25,WS,squirrel,1
7117,elena,25,WS,teddy bear,0
7117,elena,25,WS,tiger,1
7117,elena,25,WS,turkey,1
7117,elena,25,WS,turtle,1
7117,elena,25,WS,wolf,1
7117,elena,25,WS,zebra,0
7117,elena,25,WS,airplane,1
7117,elena,25,WS,bicycle,1
7117,elena,25,WS,boat,1
7117,elena,25,WS,bus,1
7117,elena,25,WS,car,1
7117,elena,25,WS,fire truck,1
7117,elena,25,WS,helicopter,1
7117,elena,25,WS,motorcycle,1
7117,elena,25,WS,sled,0
7117,elena,25,WS,stroller,1
7117,elena,25,WS,tractor,0
7117,elena,25,WS,train,1
7117,elena,25,WS,tricycle,1
7117,elena,25,WS,truck,1
7117,elena,25,WS,ball,1
7117,elena,25,WS,balloon,1
7117,elena,25,WS,bat,0
7117,elena,25,WS,block,1
7117,elena,25,WS,book,1
7117,elena,25,WS,bubbles,1
7117,elena,25,WS,chalk,1
7117,elena,25,WS,crayon,1
7117,elena,25,WS,doll,0
7117,elena,25,WS,game,1
7117,elena,25,WS,glue,0
7117,elena,25,WS,pen,1
7117,elena,25,WS,pencil,1
7117,elena,25,WS,play dough,1
7117,elena,25,WS,present,1
7117,elena,25,WS,puzzle,1
7117,elena,25,WS,story,1
7117,elena,25,WS,toy (object),1
7117,elena,25,WS,apple,1
7117,elena,25,WS,apple sauce,1
7117,elena,25,WS,banana,1
7117,elena,25,WS,beans,1
7117,elena,25,WS,bread,1
7117,elena,25,WS,butter,1
7117,elena,25,WS,cake,1
7117,elena,25,WS,candy,1
7117,elena,25,WS,carrots,1
7117,elena,25,WS,cereal,1
7117,elena,25,WS,cheerios,1
7117,elena,25,WS,cheese,1
7117,elena,25,WS,chicken (food),1
7117,elena,25,WS,chocolate,1
7117,elena,25,WS,coffee,1
7117,elena,25,WS,coke,0
7117,elena,25,WS,cookie,1
7117,elena,25,WS,corn,1
7117,elena,25,WS,cracker,1
7117,elena,25,WS,donut,0
7117,elena,25,WS,drink (beverage),1
7117,elena,25,WS,egg,1
7117,elena,25,WS,fish (food),1
7117,elena,25,WS,food,1
7117,elena,25,WS,french fries,1
7117,elena,25,WS,grapes,1
7117,elena,25,WS,green beans,1
7117,elena,25,WS,gum,0
7117,elena,25,WS,hamburger,1
7117,elena,25,WS,ice,1
7117,elena,25,WS,ice cream,1
7117,elena,25,WS,jello,0
7117,elena,25,WS,jelly,1
7117,elena,25,WS,juice,1
7117,elena,25,WS,lollipop,1
7117,elena,25,WS,meat,1
7117,elena,25,WS,melon,1
7117,elena,25,WS,milk,1
7117,elena,25,WS,muffin,1
7117,elena,25,WS,noodles,1
7117,elena,25,WS,nuts,1
7117,elena,25,WS,orange (food),1
7117,elena,25,WS,pancakes,1
7117,elena,25,WS,peanut butter,1
7117,elena,25,WS,peas,1
7117,elena,25,WS,pickle,1
7117,elena,25,WS,pizza,1
7117,elena,25,WS,popcorn,1
7117,elena,25,WS,popsicle,1
7117,elena,25,WS,potato,1
7117,elena,25,WS,potato chips,0
7117,elena,25,WS,pretzel,1
7117,elena,25,WS,pudding,0
7117,elena,25,WS,pumpkin,1
7117,elena,25,WS,raisin,1
7117,elena,25,WS,salt,1
7117,elena,25,WS,sandwich,1
7117,elena,25,WS,sauce,1
7117,elena,25,WS,soda/pop,1
7117,elena,25,WS,soup,1
7117,elena,25,WS,spaghetti,1
7117,elena,25,WS,strawberry,1
7117,elena,25,WS,toast,1
7117,elena,25,WS,tuna,0
7117,elena,25,WS,vanilla,0
7117,elena,25,WS,vitamins,1
7117,elena,25,WS,water (beverage),1
7117,elena,25,WS,yogurt,1
7117,elena,25,WS,beads,1
7117,elena,25,WS,belt,1
7117,elena,25,WS,bib,0
7117,elena,25,WS,boots,1
7117,elena,25,WS,button,1
7117,elena,25,WS,coat,1
7117,elena,25,WS,diaper,1
7117,elena,25,WS,dress (object),1
7117,elena,25,WS,gloves,1
7117,elena,25,WS,hat,1
7117,elena,25,WS,jacket,1
7117,elena,25,WS,jeans,1
7117,elena,25,WS,mittens,0
7117,elena,25,WS,necklace,1
7117,elena,25,WS,pajamas,1
7117,elena,25,WS,pants,1
7117,elena,25,WS,scarf,1
7117,elena,25,WS,shirt,1
7117,elena,25,WS,shoe,1
7117,elena,25,WS,shorts,1
7117,elena,25,WS,slipper,0
7117,elena,25,WS,sneaker,0
7117,elena,25,WS,snowsuit,0
7117,elena,25,WS,sock,1
7117,elena,25,WS,sweater,1
7117,elena,25,WS,tights,0
7117,elena,25,WS,underpants,1
7117,elena,25,WS,zipper,1
7117,elena,25,WS,ankle,0
7117,elena,25,WS,arm,1
7117,elena,25,WS,belly button,1
7117,elena,25,WS,buttocks/bottom*,1
7117,elena,25,WS,cheek,1
7117,elena,25,WS,chin,1
7117,elena,25,WS,ear,1
7117,elena,25,WS,eye,1
7117,elena,25,WS,face,1
7117,elena,25,WS,foot,1
7117,elena,25,WS,finger,1
7117,elena,25,WS,hair,1
7117,elena,25,WS,hand,1
7117,elena,25,WS,head,1
7117,elena,25,WS,knee,1
7117,elena,25,WS,leg,1
7117,elena,25,WS,lips,0
7117,elena,25,WS,mouth,1
7117,elena,25,WS,nose,1
7117,elena,25,WS,owie/boo boo,1
7117,elena,25,WS,penis*,1
7117,elena,25,WS,shoulder,1
7117,elena,25,WS,tooth,1
7117,elena,25,WS,toe,1
7117,elena,25,WS,tongue,1
7117,elena,25,WS,tummy,1
7117,elena,25,WS,vagina*,1
7117,elena,25,WS,basket,1
7117,elena,25,WS,blanket,1
7117,elena,25,WS,bottle,1
7117,elena,25,WS,box,1
7117,elena,25,WS,bowl,1
7117,elena,25,WS,broom,1
7117,elena,25,WS,brush,1
7117,elena,25,WS,bucket,1
7117,elena,25,WS,camera,1
7117,elena,25,WS,can (object),1
7117,elena,25,WS,clock,1
7117,elena,25,WS,comb,1
7117,elena,25,WS,cup,1
7117,elena,25,WS,dish,0
7117,elena,25,WS,fork,1
7117,elena,25,WS,garbage,1
7117,elena,25,WS,glass,0
7117,elena,25,WS,glasses,1
7117,elena,25,WS,hammer,1
7117,elena,25,WS,jar,0
7117,elena,25,WS,keys,1
7117,elena,25,WS,knife,1
7117,elena,25,WS,lamp,0
7117,elena,25,WS,light,1
7117,elena,25,WS,medicine,1
7117,elena,25,WS,money,1
7117,elena,25,WS,mop,0
7117,elena,25,WS,nail,0
7117,elena,25,WS,napkin,1
7117,elena,25,WS,paper,1
7117,elena,25,WS,penny,0
7117,elena,25,WS,picture,1
7117,elena,25,WS,pillow,1
7117,elena,25,WS,plant,1
7117,elena,25,WS,plate,1
7117,elena,25,WS,purse,1
7117,elena,25,WS,radio,0
7117,elena,25,WS,scissors,1
7117,elena,25,WS,soap,1
7117,elena,25,WS,spoon,1
7117,elena,25,WS,tape,1
7117,elena,25,WS,telephone,1
7117,elena,25,WS,tissue/kleenex,1
7117,elena,25,WS,toothbrush,1
7117,elena,25,WS,towel,1
7117,elena,25,WS,trash,0
7117,elena,25,WS,tray,0
7117,elena,25,WS,vacuum,1
7117,elena,25,WS,walker,0
7117,elena,25,WS,watch (object),0
7117,elena,25,WS,basement,0
7117,elena,25,WS,bathroom,1
7117,elena,25,WS,bathtub,1
7117,elena,25,WS,bed,1
7117,elena,25,WS,bedroom,1
7117,elena,25,WS,bench,1
7117,elena,25,WS,chair,1
7117,elena,25,WS,closet,1
7117,elena,25,WS,couch,1
7117,elena,25,WS,crib,1
7117,elena,25,WS,door,1
7117,elena,25,WS,drawer,1
7117,elena,25,WS,dryer,1
7117,elena,25,WS,garage,1
7117,elena,25,WS,high chair,1
7117,elena,25,WS,kitchen,1
7117,elena,25,WS,living room,1
7117,elena,25,WS,oven,1
7117,elena,25,WS,play pen,0
7117,elena,25,WS,porch,0
7117,elena,25,WS,potty,1
7117,elena,25,WS,refrigerator,1
7117,elena,25,WS,rocking chair,1
7117,elena,25,WS,room,1
7117,elena,25,WS,shower,1
7117,elena,25,WS,sink,1
7117,elena,25,WS,sofa,1
7117,elena,25,WS,stairs,1
7117,elena,25,WS,stove,1
7117,elena,25,WS,table,1
7117,elena,25,WS,TV,1
7117,elena,25,WS,washing machine,0
7117,elena,25,WS,window,1
7117,elena,25,WS,backyard,1
7117,elena,25,WS,cloud,1
7117,elena,25,WS,flag,1
7117,elena,25,WS,flower,1
7117,elena,25,WS,garden,0
7117,elena,25,WS,grass,1
7117,elena,25,WS,hose,1
7117,elena,25,WS,ladder,1
7117,elena,25,WS,lawn mower,0
7117,elena,25,WS,moon,1
7117,elena,25,WS,pool,1
7117,elena,25,WS,rain,1
7117,elena,25,WS,rock,1
7117,elena,25,WS,roof,1
7117,elena,25,WS,sandbox,0
7117,elena,25,WS,shovel,1
7117,elena,25,WS,sidewalk,1
7117,elena,25,WS,sky,1
7117,elena,25,WS,slide (object),1
7117,elena,25,WS,snow,1
7117,elena,25,WS,snowman,1
7117,elena,25,WS,sprinkler,1
7117,elena,25,WS,star,1
7117,elena,25,WS,stick,1
7117,elena,25,WS,stone,1
7117,elena,25,WS,street,1
7117,elena,25,WS,sun,1
7117,elena,25,WS,swing (object),1
7117,elena,25,WS,tree,1
7117,elena,25,WS,water (not beverage),1
7117,elena,25,WS,wind,1
7117,elena,25,WS,beach,1
7117,elena,25,WS,camping,1
7117,elena,25,WS,church*,0
7117,elena,25,WS,circus,1
7117,elena,25,WS,country,0
7117,elena,25,WS,downtown,0
7117,elena,25,WS,farm,1
7117,elena,25,WS,gas station,1
7117,elena,25,WS,home,1
7117,elena,25,WS,house,1
7117,elena,25,WS,movie,1
7117,elena,25,WS,outside,1
7117,elena,25,WS,park,1
7117,elena,25,WS,party,1
7117,elena,25,WS,picnic,1
7117,elena,25,WS,playground,1
7117,elena,25,WS,school,1
7117,elena,25,WS,store,1
7117,elena,25,WS,woods,0
7117,elena,25,WS,work (place),1
7117,elena,25,WS,yard,1
7117,elena,25,WS,zoo,0
7117,elena,25,WS,aunt,1
7117,elena,25,WS,baby,1
7117,elena,25,WS,babysitter,1
7117,elena,25,WS,babysitter's name,1
7117,elena,25,WS,boy,1
7117,elena,25,WS,brother,1
7117,elena,25,WS,child,0
7117,elena,25,WS,clown,0
7117,elena,25,WS,cowboy,1
7117,elena,25,WS,daddy*,1
7117,elena,25,WS,doctor,1
7117,elena,25,WS,fireman,0
7117,elena,25,WS,friend,1
7117,elena,25,WS,girl,1
7117,elena,25,WS,grandma*,1
7117,elena,25,WS,grandpa*,1
7117,elena,25,WS,lady,1
7117,elena,25,WS,mailman,0
7117,elena,25,WS,man,1
7117,elena,25,WS,mommy*,1
7117,elena,25,WS,nurse,0
7117,elena,25,WS,child's own name,1
7117,elena,25,WS,people,1
7117,elena,25,WS,person,1
7117,elena,25,WS,pet's name,0
7117,elena,25,WS,police,0
7117,elena,25,WS,sister,1
7117,elena,25,WS,teacher,1
7117,elena,25,WS,uncle,1
7117,elena,25,WS,bath,1
7117,elena,25,WS,breakfast,1
7117,elena,25,WS,bye,1
7117,elena,25,WS,call (on phone),1
7117,elena,25,WS,dinner,1
7117,elena,25,WS,gimme five,1
7117,elena,25,WS,gonna get you,1
7117,elena,25,WS,go potty,1
7117,elena,25,WS,hi,1
7117,elena,25,WS,hello,1
7117,elena,25,WS,lunch,1
7117,elena,25,WS,nap,1
7117,elena,25,WS,night night,1
7117,elena,25,WS,no,1
7117,elena,25,WS,patty cake,0
7117,elena,25,WS,peekaboo,1
7117,elena,25,WS,please,1
7117,elena,25,WS,shh/shush/hush,1
7117,elena,25,WS,shopping,0
7117,elena,25,WS,snack,1
7117,elena,25,WS,so big,1
7117,elena,25,WS,thank you,1
7117,elena,25,WS,this little piggy,1
7117,elena,25,WS,turn around,0
7117,elena,25,WS,yes,1
7117,elena,25,WS,bite,1
7117,elena,25,WS,blow,1
7117,elena,25,WS,break,1
7117,elena,25,WS,bring,1
7117,elena,25,WS,build,1
7117,elena,25,WS,bump,1
7117,elena,25,WS,buy,0
7117,elena,25,WS,carry,1
7117,elena,25,WS,catch,1
7117,elena,25,WS,chase,1
7117,elena,25,WS,clap,1
7117,elena,25,WS,clean (action),1
7117,elena,25,WS,climb,1
7117,elena,25,WS,close,1
7117,elena,25,WS,cook,0
7117,elena,25,WS,cover,0
7117,elena,25,WS,cry,1
7117,elena,25,WS,cut,0
7117,elena,25,WS,dance,1
7117,elena,25,WS,draw,1
7117,elena,25,WS,drink (action),1
7117,elena,25,WS,drive,1
7117,elena,25,WS,drop,1
7117,elena,25,WS,dry (action),1
7117,elena,25,WS,dump,0
7117,elena,25,WS,eat,1
7117,elena,25,WS,fall,1
7117,elena,25,WS,feed,1
7117,elena,25,WS,find,1
7117,elena,25,WS,finish,1
7117,elena,25,WS,fit,1
7117,elena,25,WS,fix,1
7117,elena,25,WS,get,1
7117,elena,25,WS,give,1
7117,elena,25,WS,go,1
7117,elena,25,WS,hate,0
7117,elena,25,WS,have,1
7117,elena,25,WS,hear,1
7117,elena,25,WS,help,1
7117,elena,25,WS,hide,1
7117,elena,25,WS,hit,1
7117,elena,25,WS,hold,1
7117,elena,25,WS,hug,1
7117,elena,25,WS,hurry,0
7117,elena,25,WS,jump,1
7117,elena,25,WS,kick,1
7117,elena,25,WS,kiss,1
7117,elena,25,WS,knock,1
7117,elena,25,WS,lick,1
7117,elena,25,WS,like,1
7117,elena,25,WS,listen,1
7117,elena,25,WS,look,1
7117,elena,25,WS,love,1
7117,elena,25,WS,make,1
7117,elena,25,WS,open,1
7117,elena,25,WS,paint,1
7117,elena,25,WS,pick,0
7117,elena,25,WS,play,1
7117,elena,25,WS,pour,1
7117,elena,25,WS,pretend,1
7117,elena,25,WS,pull,1
7117,elena,25,WS,push,1
7117,elena,25,WS,put,1
7117,elena,25,WS,read,1
7117,elena,25,WS,ride,1
7117,elena,25,WS,rip,0
7117,elena,25,WS,run,1
7117,elena,25,WS,say,1
7117,elena,25,WS,see,1
7117,elena,25,WS,shake,1
7117,elena,25,WS,share,1
7117,elena,25,WS,show,1
7117,elena,25,WS,sing,1
7117,elena,25,WS,sit,1
7117,elena,25,WS,skate,0
7117,elena,25,WS,sleep,1
7117,elena,25,WS,slide (action),1
7117,elena,25,WS,smile,1
7117,elena,25,WS,spill,1
7117,elena,25,WS,splash,1
7117,elena,25,WS,stand,1
7117,elena,25,WS,stay,1
7117,elena,25,WS,stop,1
7117,elena,25,WS,sweep,1
7117,elena,25,WS,swim,1
7117,elena,25,WS,swing (action),1
7117,elena,25,WS,take,1
7117,elena,25,WS,talk,1
7117,elena,25,WS,taste,1
7117,elena,25,WS,tear,1
7117,elena,25,WS,think,1
7117,elena,25,WS,throw,1
7117,elena,25,WS,tickle,1
7117,elena,25,WS,touch,1
7117,elena,25,WS,wait,1
7117,elena,25,WS,wake,1
7117,elena,25,WS,walk,1
7117,elena,25,WS,wash,1
7117,elena,25,WS,watch (action),1
7117,elena,25,WS,wipe,1
7117,elena,25,WS,wish,0
7117,elena,25,WS,work (action),1
7117,elena,25,WS,write,1
7117,elena,25,WS,all gone,1
7117,elena,25,WS,asleep,1
7117,elena,25,WS,awake,1
7117,elena,25,WS,bad,1
7117,elena,25,WS,better,1
7117,elena,25,WS,big,1
7117,elena,25,WS,black,1
7117,elena,25,WS,blue,1
7117,elena,25,WS,broken,1
7117,elena,25,WS,brown,1
7117,elena,25,WS,careful,1
7117,elena,25,WS,clean (description),1
7117,elena,25,WS,cold,1
7117,elena,25,WS,cute,0
7117,elena,25,WS,dark,1
7117,elena,25,WS,dirty,1
7117,elena,25,WS,dry (description),1
7117,elena,25,WS,empty,1
7117,elena,25,WS,fast,1
7117,elena,25,WS,fine,0
7117,elena,25,WS,first,0
7117,elena,25,WS,full,1
7117,elena,25,WS,gentle,1
7117,elena,25,WS,good,1
7117,elena,25,WS,green,1
7117,elena,25,WS,happy,1
7117,elena,25,WS,hard,1
7117,elena,25,WS,heavy,1
7117,elena,25,WS,high,0
7117,elena,25,WS,hot,1
7117,elena,25,WS,hungry,1
7117,elena,25,WS,hurt,1
7117,elena,25,WS,last,0
7117,elena,25,WS,little (description),0
7117,elena,25,WS,long,1
7117,elena,25,WS,loud,1
7117,elena,25,WS,mad,1
7117,elena,25,WS,naughty,0
7117,elena,25,WS,new,0
7117,elena,25,WS,nice,1
7117,elena,25,WS,noisy,0
7117,elena,25,WS,old,0
7117,elena,25,WS,orange (description),1
7117,elena,25,WS,poor,0
7117,elena,25,WS,pretty,1
7117,elena,25,WS,quiet,1
7117,elena,25,WS,red,1
7117,elena,25,WS,sad,1
7117,elena,25,WS,scared,1
7117,elena,25,WS,sick,1
7117,elena,25,WS,sleepy,1
7117,elena,25,WS,slow,1
7117,elena,25,WS,soft,1
7117,elena,25,WS,sticky,0
7117,elena,25,WS,stuck,1
7117,elena,25,WS,thirsty,1
7117,elena,25,WS,tiny,0
7117,elena,25,WS,tired,1
7117,elena,25,WS,wet,1
7117,elena,25,WS,white,1
7117,elena,25,WS,windy,1
7117,elena,25,WS,yellow,1
7117,elena,25,WS,yucky,1
7117,elena,25,WS,after,1
7117,elena,25,WS,before,0
7117,elena,25,WS,day,1
7117,elena,25,WS,later,1
7117,elena,25,WS,morning,1
7117,elena,25,WS,night,1
7117,elena,25,WS,now,1
7117,elena,25,WS,time,0
7117,elena,25,WS,today,0
7117,elena,25,WS,tomorrow,0
7117,elena,25,WS,tonight,0
7117,elena,25,WS,yesterday,0
7117,elena,25,WS,he,1
7117,elena,25,WS,her,0
7117,elena,25,WS,hers,0
7117,elena,25,WS,him,1
7117,elena,25,WS,his,1
7117,elena,25,WS,I,1
7117,elena,25,WS,it,1
7117,elena,25,WS,me,1
7117,elena,25,WS,mine,1
7117,elena,25,WS,my,1
7117,elena,25,WS,myself,1
7117,elena,25,WS,our,1
7117,elena,25,WS,she,1
7117,elena,25,WS,that,1
7117,elena,25,WS,their,0
7117,elena,25,WS,them,0
7117,elena,25,WS,these,1
7117,elena,25,WS,they,0
7117,elena,25,WS,this,1
7117,elena,25,WS,those,0
7117,elena,25,WS,us,1
7117,elena,25,WS,we,1
7117,elena,25,WS,you,1
7117,elena,25,WS,your,1
7117,elena,25,WS,yourself,1
7117,elena,25,WS,how,0
7117,elena,25,WS,what,1
7117,elena,25,WS,when,0
7117,elena,25,WS,where,1
7117,elena,25,WS,which,0
7117,elena,25,WS,who,1
7117,elena,25,WS,why,0
7117,elena,25,WS,about,0
7117,elena,25,WS,above,0
7117,elena,25,WS,around,1
7117,elena,25,WS,at,1
7117,elena,25,WS,away,0
7117,elena,25,WS,back,1
7117,elena,25,WS,behind,1
7117,elena,25,WS,beside,0
7117,elena,25,WS,by,1
7117,elena,25,WS,down,1
7117,elena,25,WS,for,1
7117,elena,25,WS,here,1
7117,elena,25,WS,inside/in,1
7117,elena,25,WS,into,1
7117,elena,25,WS,next to,1
7117,elena,25,WS,of,1
7117,elena,25,WS,off,1
7117,elena,25,WS,on,1
7117,elena,25,WS,on top of,0
7117,elena,25,WS,out,1
7117,elena,25,WS,over,0
7117,elena,25,WS,there,1
7117,elena,25,WS,to,1
7117,elena,25,WS,under,1
7117,elena,25,WS,up,1
7117,elena,25,WS,with,1
7117,elena,25,WS,a,1
7117,elena,25,WS,all,0
7117,elena,25,WS,a lot,1
7117,elena,25,WS,an,0
7117,elena,25,WS,another,1
7117,elena,25,WS,any,0
7117,elena,25,WS,each,0
7117,elena,25,WS,every,1
7117,elena,25,WS,more,1
7117,elena,25,WS,much,0
7117,elena,25,WS,not,1
7117,elena,25,WS,none,0
7117,elena,25,WS,other,1
7117,elena,25,WS,same,0
7117,elena,25,WS,some,1
7117,elena,25,WS,the,1
7117,elena,25,WS,too,1
7117,elena,25,WS,am,1
7117,elena,25,WS,are,1
7117,elena,25,WS,be,0
7117,elena,25,WS,can (auxiliary),1
7117,elena,25,WS,could,0
7117,elena,25,WS,did/did ya,1
7117,elena,25,WS,do,1
7117,elena,25,WS,does,1
7117,elena,25,WS,don't,1
7117,elena,25,WS,gonna/going to,1
7117,elena,25,WS,gotta/got to,0
7117,elena,25,WS,hafta/have to,0
7117,elena,25,WS,is,1
7117,elena,25,WS,lemme/let me,1
7117,elena,25,WS,need/need to,0
7117,elena,25,WS,try/try to,0
7117,elena,25,WS,wanna/want to,1
7117,elena,25,WS,was,0
7117,elena,25,WS,were,0
7117,elena,25,WS,will,1
7117,elena,25,WS,would,0
7117,elena,25,WS,and,1
7117,elena,25,WS,because,0
7117,elena,25,WS,but,0
7117,elena,25,WS,if,0
7117,elena,25,WS,so,0
7117,elena,25,WS,then,0
7126,elena,25,WS,baa baa,1
7126,elena,25,WS,choo choo,1
7126,elena,25,WS,cock-a-doodle-doo,0
7126,elena,25,WS,grrr,1
7126,elena,25,WS,meow,1
7126,elena,25,WS,moo,1
7126,elena,25,WS,ouch,1
7126,elena,25,WS,quack quack,1
7126,elena,25,WS,uh oh,1
7126,elena,25,WS,vroom,1
7126,elena,25,WS,woof woof,1
7126,elena,25,WS,yum yum,1
7126,elena,25,WS,alligator,0
7126,elena,25,WS,animal,0
7126,elena,25,WS,ant,1
7126,elena,25,WS,bear,1
7126,elena,25,WS,bee,1
7126,elena,25,WS,bird,1
7126,elena,25,WS,bug,1
7126,elena,25,WS,bunny,0
7126,elena,25,WS,butterfly,0
7126,elena,25,WS,cat,1
7126,elena,25,WS,chicken (animal),1
7126,elena,25,WS,cow,1
7126,elena,25,WS,deer,0
7126,elena,25,WS,dog,1
7126,elena,25,WS,donkey,0
7126,elena,25,WS,duck,1
7126,elena,25,WS,elephant,0
7126,elena,25,WS,fish (animal),1
7126,elena,25,WS,frog,1
7126,elena,25,WS,giraffe,0
7126,elena,25,WS,goose,0
7126,elena,25,WS,hen,0
7126,elena,25,WS,horse,1
7126,elena,25,WS,kitty,0
7126,elena,25,WS,lamb,0
7126,elena,25,WS,lion,1
7126,elena,25,WS,monkey,1
7126,elena,25,WS,moose,0
7126,elena,25,WS,mouse,1
7126,elena,25,WS,owl,0
7126,elena,25,WS,penguin,0
7126,elena,25,WS,pig,1
7126,elena,25,WS,pony,0
7126,elena,25,WS,puppy,0
7126,elena,25,WS,rooster,0
7126,elena,25,WS,sheep,0
7126,elena,25,WS,squirrel,0
7126,elena,25,WS,teddy bear,0
7126,elena,25,WS,tiger,0
7126,elena,25,WS,turkey,0
7126,elena,25,WS,turtle,1
7126,elena,25,WS,wolf,0
7126,elena,25,WS,zebra,0
7126,elena,25,WS,airplane,1
7126,elena,25,WS,bicycle,1
7126,elena,25,WS,boat,1
7126,elena,25,WS,bus,1
7126,elena,25,WS,car,1
7126,elena,25,WS,fire truck,1
7126,elena,25,WS,helicopter,1
7126,elena,25,WS,motorcycle,1
7126,elena,25,WS,sled,0
7126,elena,25,WS,stroller,0
7126,elena,25,WS,tractor,0
7126,elena,25,WS,train,1
7126,elena,25,WS,tricycle,0
7126,elena,25,WS,truck,1
7126,elena,25,WS,ball,1
7126,elena,25,WS,balloon,1
7126,elena,25,WS,bat,0
7126,elena,25,WS,block,0
7126,elena,25,WS,book,1
7126,elena,25,WS,bubbles,1
7126,elena,25,WS,chalk,0
7126,elena,25,WS,crayon,0
7126,elena,25,WS,doll,0
7126,elena,25,WS,game,0
7126,elena,25,WS,glue,0
7126,elena,25,WS,pen,1
7126,elena,25,WS,pencil,0
7126,elena,25,WS,play dough,0
7126,elena,25,WS,present,0
7126,elena,25,WS,puzzle,0
7126,elena,25,WS,story,1
7126,elena,25,WS,toy (object),0
7126,elena,25,WS,apple,1
7126,elena,25,WS,apple sauce,0
7126,elena,25,WS,banana,1
7126,elena,25,WS,beans,0
7126,elena,25,WS,bread,0
7126,elena,25,WS,butter,0
7126,elena,25,WS,cake,1
7126,elena,25,WS,candy,0
7126,elena,25,WS,carrots,1
7126,elena,25,WS,cereal,1
7126,elena,25,WS,cheerios,1
7126,elena,25,WS,cheese,0
7126,elena,25,WS,chicken (food),1
7126,elena,25,WS,chocolate,1
7126,elena,25,WS,coffee,0
7126,elena,25,WS,coke,0
7126,elena,25,WS,cookie,1
7126,elena,25,WS,corn,1
7126,elena,25,WS,cracker,1
7126,elena,25,WS,donut,0
7126,elena,25,WS,drink (beverage),0
7126,elena,25,WS,egg,1
7126,elena,25,WS,fish (food),1
7126,elena,25,WS,food,1
7126,elena,25,WS,french fries,1
7126,elena,25,WS,grapes,1
7126,elena,25,WS,green beans,0
7126,elena,25,WS,gum,0
7126,elena,25,WS,hamburger,0
7126,elena,25,WS,ice,1
7126,elena,25,WS,ice cream,1
7126,elena,25,WS,jello,0
7126,elena,25,WS,jelly,0
7126,elena,25,WS,juice,1
7126,elena,25,WS,lollipop,0
7126,elena,25,WS,meat,0
7126,elena,25,WS,melon,1
7126,elena,25,WS,milk,1
7126,elena,25,WS,muffin,0
7126,elena,25,WS,noodles,0
7126,elena,25,WS,nuts,0
7126,elena,25,WS,orange (food),1
7126,elena,25,WS,pancakes,0
7126,elena,25,WS,peanut butter,0
7126,elena,25,WS,peas,1
7126,elena,25,WS,pickle,0
7126,elena,25,WS,pizza,0
7126,elena,25,WS,popcorn,0
7126,elena,25,WS,popsicle,0
7126,elena,25,WS,potato,1
7126,elena,25,WS,potato chips,1
7126,elena,25,WS,pretzel,0
7126,elena,25,WS,pudding,0
7126,elena,25,WS,pumpkin,0
7126,elena,25,WS,raisin,0
7126,elena,25,WS,salt,0
7126,elena,25,WS,sandwich,0
7126,elena,25,WS,sauce,0
7126,elena,25,WS,soda/pop,0
7126,elena,25,WS,soup,0
7126,elena,25,WS,spaghetti,0
7126,elena,25,WS,strawberry,1
7126,elena,25,WS,toast,0
7126,elena,25,WS,tuna,0
7126,elena,25,WS,vanilla,0
7126,elena,25,WS,vitamins,0
7126,elena,25,WS,water (beverage),1
7126,elena,25,WS,yogurt,1
7126,elena,25,WS,beads,0
7126,elena,25,WS,belt,0
7126,elena,25,WS,bib,0
7126,elena,25,WS,boots,1
7126,elena,25,WS,button,1
7126,elena,25,WS,coat,1
7126,elena,25,WS,diaper,1
7126,elena,25,WS,dress (object),0
7126,elena,25,WS,gloves,1
7126,elena,25,WS,hat,1
7126,elena,25,WS,jacket,0
7126,elena,25,WS,jeans,0
7126,elena,25,WS,mittens,0
7126,elena,25,WS,necklace,0
7126,elena,25,WS,pajamas,0
7126,elena,25,WS,pants,1
7126,elena,25,WS,scarf,0
7126,elena,25,WS,shirt,1
7126,elena,25,WS,shoe,1
7126,elena,25,WS,shorts,0
7126,elena,25,WS,slipper,0
7126,elena,25,WS,sneaker,0
7126,elena,25,WS,snowsuit,0
7126,elena,25,WS,sock,1
7126,elena,25,WS,sweater,0
7126,elena,25,WS,tights,0
7126,elena,25,WS,underpants,0
7126,elena,25,WS,zipper,0
7126,elena,25,WS,ankle,1
7126,elena,25,WS,arm,1
7126,elena,25,WS,belly button,1
7126,elena,25,WS,buttocks/bottom*,1
7126,elena,25,WS,cheek,1
7126,elena,25,WS,chin,1
7126,elena,25,WS,ear,1
7126,elena,25,WS,eye,1
7126,elena,25,WS,face,1
7126,elena,25,WS,foot,1
7126,elena,25,WS,finger,1
7126,elena,25,WS,hair,1
7126,elena,25,WS,hand,1
7126,elena,25,WS,head,1
7126,elena,25,WS,knee,1
7126,elena,25,WS,leg,1
7126,elena,25,WS,lips,0
7126,elena,25,WS,mouth,1
7126,elena,25,WS,nose,1
7126,elena,25,WS,owie/boo boo,0
7126,elena,25,WS,penis*,0
7126,elena,25,WS,shoulder,0
7126,elena,25,WS,tooth,1
7126,elena,25,WS,toe,0
7126,elena,25,WS,tongue,0
7126,elena,25,WS,tummy,0
7126,elena,25,WS,vagina*,0
7126,elena,25,WS,basket,0
7126,elena,25,WS,blanket,1
7126,elena,25,WS,bottle,1
7126,elena,25,WS,box,0
7126,elena,25,WS,bowl,1
7126,elena,25,WS,broom,0
7126,elena,25,WS,brush,1
7126,elena,25,WS,bucket,0
7126,elena,25,WS,camera,0
7126,elena,25,WS,can (object),0
7126,elena,25,WS,clock,1
7126,elena,25,WS,comb,0
7126,elena,25,WS,cup,1
7126,elena,25,WS,dish,0
7126,elena,25,WS,fork,0
7126,elena,25,WS,garbage,0
7126,elena,25,WS,glass,0
7126,elena,25,WS,glasses,0
7126,elena,25,WS,hammer,0
7126,elena,25,WS,jar,0
7126,elena,25,WS,keys,1
7126,elena,25,WS,knife,0
7126,elena,25,WS,lamp,0
7126,elena,25,WS,light,1
7126,elena,25,WS,medicine,0
7126,elena,25,WS,money,0
7126,elena,25,WS,mop,0
7126,elena,25,WS,nail,0
7126,elena,25,WS,napkin,0
7126,elena,25,WS,paper,0
7126,elena,25,WS,penny,0
7126,elena,25,WS,picture,0
7126,elena,25,WS,pillow,0
7126,elena,25,WS,plant,0
7126,elena,25,WS,plate,0
7126,elena,25,WS,purse,0
7126,elena,25,WS,radio,0
7126,elena,25,WS,scissors,0
7126,elena,25,WS,soap,0
7126,elena,25,WS,spoon,0
7126,elena,25,WS,tape,0
7126,elena,25,WS,telephone,0
7126,elena,25,WS,tissue/kleenex,0
7126,elena,25,WS,toothbrush,1
7126,elena,25,WS,towel,0
7126,elena,25,WS,trash,0
7126,elena,25,WS,tray,0
7126,elena,25,WS,vacuum,0
7126,elena,25,WS,walker,0
7126,elena,25,WS,watch (object),0
7126,elena,25,WS,basement,0
7126,elena,25,WS,bathroom,0
7126,elena,25,WS,bathtub,0
7126,elena,25,WS,bed,1
7126,elena,25,WS,bedroom,0
7126,elena,25,WS,bench,0
7126,elena,25,WS,chair,1
7126,elena,25,WS,closet,0
7126,elena,25,WS,couch,0
7126,elena,25,WS,crib,0
7126,elena,25,WS,door,1
7126,elena,25,WS,drawer,0
7126,elena,25,WS,dryer,0
7126,elena,25,WS,garage,0
7126,elena,25,WS,high chair,0
7126,elena,25,WS,kitchen,0
7126,elena,25,WS,living room,0
7126,elena,25,WS,oven,0
7126,elena,25,WS,play pen,0
7126,elena,25,WS,porch,0
7126,elena,25,WS,potty,0
7126,elena,25,WS,refrigerator,0
7126,elena,25,WS,rocking chair,0
7126,elena,25,WS,room,0
7126,elena,25,WS,shower,1
7126,elena,25,WS,sink,0
7126,elena,25,WS,sofa,0
7126,elena,25,WS,stairs,0
7126,elena,25,WS,stove,0
7126,elena,25,WS,table,0
7126,elena,25,WS,TV,1
7126,elena,25,WS,washing machine,0
7126,elena,25,WS,window,0
7126,elena,25,WS,backyard,0
7126,elena,25,WS,cloud,1
7126,elena,25,WS,flag,1
7126,elena,25,WS,flower,1
7126,elena,25,WS,garden,0
7126,elena,25,WS,grass,0
7126,elena,25,WS,hose,0
7126,elena,25,WS,ladder,0
7126,elena,25,WS,lawn mower,0
7126,elena,25,WS,moon,1
7126,elena,25,WS,pool,1
7126,elena,25,WS,rain,1
7126,elena,25,WS,rock,0
7126,elena,25,WS,roof,0
7126,elena,25,WS,sandbox,0
7126,elena,25,WS,shovel,0
7126,elena,25,WS,sidewalk,0
7126,elena,25,WS,sky,0
7126,elena,25,WS,slide (object),0
7126,elena,25,WS,snow,0
7126,elena,25,WS,snowman,0
7126,elena,25,WS,sprinkler,0
7126,elena,25,WS,star,0
7126,elena,25,WS,stick,0
7126,elena,25,WS,stone,0
7126,elena,25,WS,street,0
7126,elena,25,WS,sun,1
7126,elena,25,WS,swing (object),0
7126,elena,25,WS,tree,1
7126,elena,25,WS,water (not beverage),1
7126,elena,25,WS,wind,0
7126,elena,25,WS,beach,0
7126,elena,25,WS,camping,0
7126,elena,25,WS,church*,0
7126,elena,25,WS,circus,0
7126,elena,25,WS,country,0
7126,elena,25,WS,downtown,0
7126,elena,25,WS,farm,0
7126,elena,25,WS,gas station,0
7126,elena,25,WS,home,1
7126,elena,25,WS,house,0
7126,elena,25,WS,movie,0
7126,elena,25,WS,outside,1
7126,elena,25,WS,park,1
7126,elena,25,WS,party,0
7126,elena,25,WS,picnic,0
7126,elena,25,WS,playground,0
7126,elena,25,WS,school,0
7126,elena,25,WS,store,0
7126,elena,25,WS,woods,0
7126,elena,25,WS,work (place),0
7126,elena,25,WS,yard,0
7126,elena,25,WS,zoo,0
7126,elena,25,WS,aunt,0
7126,elena,25,WS,baby,1
7126,elena,25,WS,babysitter,0
7126,elena,25,WS,babysitter's name,0
7126,elena,25,WS,boy,0
7126,elena,25,WS,brother,0
7126,elena,25,WS,child,0
7126,elena,25,WS,clown,0
7126,elena,25,WS,cowboy,0
7126,elena,25,WS,daddy*,1
7126,elena,25,WS,doctor,0
7126,elena,25,WS,fireman,0
7126,elena,25,WS,friend,0
7126,elena,25,WS,girl,0
7126,elena,25,WS,grandma*,1
7126,elena,25,WS,grandpa*,1
7126,elena,25,WS,lady,0
7126,elena,25,WS,mailman,1
7126,elena,25,WS,man,0
7126,elena,25,WS,mommy*,1
7126,elena,25,WS,nurse,0
7126,elena,25,WS,child's own name,1
7126,elena,25,WS,people,0
7126,elena,25,WS,person,0
7126,elena,25,WS,pet's name,0
7126,elena,25,WS,police,0
7126,elena,25,WS,sister,1
7126,elena,25,WS,teacher,0
7126,elena,25,WS,uncle,0
7126,elena,25,WS,bath,1
7126,elena,25,WS,breakfast,0
7126,elena,25,WS,bye,1
7126,elena,25,WS,call (on phone),0
7126,elena,25,WS,dinner,0
7126,elena,25,WS,gimme five,0
7126,elena,25,WS,gonna get you,0
7126,elena,25,WS,go potty,0
7126,elena,25,WS,hi,1
7126,elena,25,WS,hello,0
7126,elena,25,WS,lunch,0
7126,elena,25,WS,nap,0
7126,elena,25,WS,night night,1
7126,elena,25,WS,no,1
7126,elena,25,WS,patty cake,0
7126,elena,25,WS,peekaboo,0
7126,elena,25,WS,please,1
7126,elena,25,WS,shh/shush/hush,0
7126,elena,25,WS,shopping,0
7126,elena,25,WS,snack,0
7126,elena,25,WS,so big,0
7126,elena,25,WS,thank you,1
7126,elena,25,WS,this little piggy,0
7126,elena,25,WS,turn around,0
7126,elena,25,WS,yes,1
7126,elena,25,WS,bite,0
7126,elena,25,WS,blow,0
7126,elena,25,WS,break,0
7126,elena,25,WS,bring,0
7126,elena,25,WS,build,0
7126,elena,25,WS,bump,0
7126,elena,25,WS,buy,0
7126,elena,25,WS,carry,1
7126,elena,25,WS,catch,0
7126,elena,25,WS,chase,0
7126,elena,25,WS,clap,0
7126,elena,25,WS,clean (action),1
7126,elena,25,WS,climb,0
7126,elena,25,WS,close,1
7126,elena,25,WS,cook,0
7126,elena,25,WS,cover,0
7126,elena,25,WS,cry,0
7126,elena,25,WS,cut,0
7126,elena,25,WS,dance,0
7126,elena,25,WS,draw,0
7126,elena,25,WS,drink (action),1
7126,elena,25,WS,drive,0
7126,elena,25,WS,drop,0
7126,elena,25,WS,dry (action),0
7126,elena,25,WS,dump,0
7126,elena,25,WS,eat,1
7126,elena,25,WS,fall,1
7126,elena,25,WS,feed,0
7126,elena,25,WS,find,0
7126,elena,25,WS,finish,0
7126,elena,25,WS,fit,0
7126,elena,25,WS,fix,0
7126,elena,25,WS,get,0
7126,elena,25,WS,give,0
7126,elena,25,WS,go,1
7126,elena,25,WS,hate,0
7126,elena,25,WS,have,0
7126,elena,25,WS,hear,0
7126,elena,25,WS,help,0
7126,elena,25,WS,hide,1
7126,elena,25,WS,hit,0
7126,elena,25,WS,hold,1
7126,elena,25,WS,hug,1
7126,elena,25,WS,hurry,0
7126,elena,25,WS,jump,1
7126,elena,25,WS,kick,0
7126,elena,25,WS,kiss,0
7126,elena,25,WS,knock,0
7126,elena,25,WS,lick,0
7126,elena,25,WS,like,0
7126,elena,25,WS,listen,0
7126,elena,25,WS,look,1
7126,elena,25,WS,love,0
7126,elena,25,WS,make,0
7126,elena,25,WS,open,0
7126,elena,25,WS,paint,0
7126,elena,25,WS,pick,0
7126,elena,25,WS,play,1
7126,elena,25,WS,pour,0
7126,elena,25,WS,pretend,0
7126,elena,25,WS,pull,0
7126,elena,25,WS,push,0
7126,elena,25,WS,put,0
7126,elena,25,WS,read,0
7126,elena,25,WS,ride,1
7126,elena,25,WS,rip,0
7126,elena,25,WS,run,0
7126,elena,25,WS,say,0
7126,elena,25,WS,see,1
7126,elena,25,WS,shake,0
7126,elena,25,WS,share,0
7126,elena,25,WS,show,0
7126,elena,25,WS,sing,0
7126,elena,25,WS,sit,0
7126,elena,25,WS,skate,0
7126,elena,25,WS,sleep,1
7126,elena,25,WS,slide (action),0
7126,elena,25,WS,smile,0
7126,elena,25,WS,spill,0
7126,elena,25,WS,splash,0
7126,elena,25,WS,stand,0
7126,elena,25,WS,stay,1
7126,elena,25,WS,stop,1
7126,elena,25,WS,sweep,0
7126,elena,25,WS,swim,0
7126,elena,25,WS,swing (action),0
7126,elena,25,WS,take,0
7126,elena,25,WS,talk,0
7126,elena,25,WS,taste,0
7126,elena,25,WS,tear,0
7126,elena,25,WS,think,0
7126,elena,25,WS,throw,0
7126,elena,25,WS,tickle,0
7126,elena,25,WS,touch,0
7126,elena,25,WS,wait,0
7126,elena,25,WS,wake,0
7126,elena,25,WS,walk,0
7126,elena,25,WS,wash,0
7126,elena,25,WS,watch (action),0
7126,elena,25,WS,wipe,0
7126,elena,25,WS,wish,0
7126,elena,25,WS,work (action),0
7126,elena,25,WS,write,0
7126,elena,25,WS,all gone,0
7126,elena,25,WS,asleep,0
7126,elena,25,WS,awake,0
7126,elena,25,WS,bad,0
7126,elena,25,WS,better,0
7126,elena,25,WS,big,1
7126,elena,25,WS,black,0
7126,elena,25,WS,blue,1
7126,elena,25,WS,broken,1
7126,elena,25,WS,brown,0
7126,elena,25,WS,careful,0
7126,elena,25,WS,clean (description),1
7126,elena,25,WS,cold,1
7126,elena,25,WS,cute,0
7126,elena,25,WS,dark,0
7126,elena,25,WS,dirty,0
7126,elena,25,WS,dry (description),0
7126,elena,25,WS,empty,0
7126,elena,25,WS,fast,0
7126,elena,25,WS,fine,0
7126,elena,25,WS,first,0
7126,elena,25,WS,full,0
7126,elena,25,WS,gentle,1
7126,elena,25,WS,good,0
7126,elena,25,WS,green,0
7126,elena,25,WS,happy,0
7126,elena,25,WS,hard,0
7126,elena,25,WS,heavy,0
7126,elena,25,WS,high,0
7126,elena,25,WS,hot,1
7126,elena,25,WS,hungry,0
7126,elena,25,WS,hurt,0
7126,elena,25,WS,last,0
7126,elena,25,WS,little (description),0
7126,elena,25,WS,long,0
7126,elena,25,WS,loud,1
7126,elena,25,WS,mad,0
7126,elena,25,WS,naughty,0
7126,elena,25,WS,new,0
7126,elena,25,WS,nice,0
7126,elena,25,WS,noisy,0
7126,elena,25,WS,old,0
7126,elena,25,WS,orange (description),1
7126,elena,25,WS,poor,0
7126,elena,25,WS,pretty,1
7126,elena,25,WS,quiet,1
7126,elena,25,WS,red,1
7126,elena,25,WS,sad,1
7126,elena,25,WS,scared,0
7126,elena,25,WS,sick,0
7126,elena,25,WS,sleepy,0
7126,elena,25,WS,slow,0
7126,elena,25,WS,soft,0
7126,elena,25,WS,sticky,0
7126,elena,25,WS,stuck,0
7126,elena,25,WS,thirsty,0
7126,elena,25,WS,tiny,0
7126,elena,25,WS,tired,0
7126,elena,25,WS,wet,1
7126,elena,25,WS,white,0
7126,elena,25,WS,windy,0
7126,elena,25,WS,yellow,0
7126,elena,25,WS,yucky,0
7126,elena,25,WS,after,0
7126,elena,25,WS,before,0
7126,elena,25,WS,day,0
7126,elena,25,WS,later,0
7126,elena,25,WS,morning,1
7126,elena,25,WS,night,0
7126,elena,25,WS,now,1
7126,elena,25,WS,time,0
7126,elena,25,WS,today,0
7126,elena,25,WS,tomorrow,0
7126,elena,25,WS,tonight,0
7126,elena,25,WS,yesterday,0
7126,elena,25,WS,he,0
7126,elena,25,WS,her,0
7126,elena,25,WS,hers,0
7126,elena,25,WS,him,0
7126,elena,25,WS,his,0
7126,elena,25,WS,I,0
7126,elena,25,WS,it,0
7126,elena,25,WS,me,1
7126,elena,25,WS,mine,1
7126,elena,25,WS,my,0
7126,elena,25,WS,myself,0
7126,elena,25,WS,our,0
7126,elena,25,WS,she,0
7126,elena,25,WS,that,0
7126,elena,25,WS,their,0
7126,elena,25,WS,them,0
7126,elena,25,WS,these,0
7126,elena,25,WS,they,0
7126,elena,25,WS,this,0
7126,elena,25,WS,those,0
7126,elena,25,WS,us,0
7126,elena,25,WS,we,0
7126,elena,25,WS,you,1
7126,elena,25,WS,your,0
7126,elena,25,WS,yourself,0
7126,elena,25,WS,how,0
7126,elena,25,WS,what,0
7126,elena,25,WS,when,0
7126,elena,25,WS,where,0
7126,elena,25,WS,which,0
7126,elena,25,WS,who,0
7126,elena,25,WS,why,0
7126,elena,25,WS,about,0
7126,elena,25,WS,above,0
7126,elena,25,WS,around,0
7126,elena,25,WS,at,0
7126,elena,25,WS,away,0
7126,elena,25,WS,back,0
7126,elena,25,WS,behind,0
7126,elena,25,WS,beside,0
7126,elena,25,WS,by,0
7126,elena,25,WS,down,1
7126,elena,25,WS,for,0
7126,elena,25,WS,here,1
7126,elena,25,WS,inside/in,0
7126,elena,25,WS,into,0
7126,elena,25,WS,next to,0
7126,elena,25,WS,of,0
7126,elena,25,WS,off,0
7126,elena,25,WS,on,0
7126,elena,25,WS,on top of,0
7126,elena,25,WS,out,0
7126,elena,25,WS,over,0
7126,elena,25,WS,there,1
7126,elena,25,WS,to,0
7126,elena,25,WS,under,0
7126,elena,25,WS,up,1
7126,elena,25,WS,with,0
7126,elena,25,WS,a,0
7126,elena,25,WS,all,0
7126,elena,25,WS,a lot,0
7126,elena,25,WS,an,0
7126,elena,25,WS,another,0
7126,elena,25,WS,any,0
7126,elena,25,WS,each,0
7126,elena,25,WS,every,0
7126,elena,25,WS,more,1
7126,elena,25,WS,much,0
7126,elena,25,WS,not,0
7126,elena,25,WS,none,0
7126,elena,25,WS,other,0
7126,elena,25,WS,same,0
7126,elena,25,WS,some,0
7126,elena,25,WS,the,0
7126,elena,25,WS,too,0
7126,elena,25,WS,am,0
7126,elena,25,WS,are,0
7126,elena,25,WS,be,0
7126,elena,25,WS,can (auxiliary),0
7126,elena,25,WS,could,0
7126,elena,25,WS,did/did ya,0
7126,elena,25,WS,do,0
7126,elena,25,WS,does,0
7126,elena,25,WS,don't,0
7126,elena,25,WS,gonna/going to,0
7126,elena,25,WS,gotta/got to,0
7126,elena,25,WS,hafta/have to,0
7126,elena,25,WS,is,0
7126,elena,25,WS,lemme/let me,0
7126,elena,25,WS,need/need to,0
7126,elena,25,WS,try/try to,0
7126,elena,25,WS,wanna/want to,0
7126,elena,25,WS,was,0
7126,elena,25,WS,were,0
7126,elena,25,WS,will,0
7126,elena,25,WS,would,0
7126,elena,25,WS,and,0
7126,elena,25,WS,because,0
7126,elena,25,WS,but,0
7126,elena,25,WS,if,0
7126,elena,25,WS,so,0
7126,elena,25,WS,then,0
7129,elena,25,WS,baa baa,1
7129,elena,25,WS,choo choo,1
7129,elena,25,WS,cock-a-doodle-doo,1
7129,elena,25,WS,grrr,1
7129,elena,25,WS,meow,1
7129,elena,25,WS,moo,1
7129,elena,25,WS,ouch,1
7129,elena,25,WS,quack quack,1
7129,elena,25,WS,uh oh,1
7129,elena,25,WS,vroom,1
7129,elena,25,WS,woof woof,1
7129,elena,25,WS,yum yum,1
7129,elena,25,WS,alligator,0
7129,elena,25,WS,animal,1
7129,elena,25,WS,ant,1
7129,elena,25,WS,bear,1
7129,elena,25,WS,bee,1
7129,elena,25,WS,bird,1
7129,elena,25,WS,bug,1
7129,elena,25,WS,bunny,1
7129,elena,25,WS,butterfly,1
7129,elena,25,WS,cat,1
7129,elena,25,WS,chicken (animal),1
7129,elena,25,WS,cow,1
7129,elena,25,WS,deer,1
7129,elena,25,WS,dog,1
7129,elena,25,WS,donkey,0
7129,elena,25,WS,duck,1
7129,elena,25,WS,elephant,1
7129,elena,25,WS,fish (animal),1
7129,elena,25,WS,frog,1
7129,elena,25,WS,giraffe,1
7129,elena,25,WS,goose,1
7129,elena,25,WS,hen,0
7129,elena,25,WS,horse,1
7129,elena,25,WS,kitty,1
7129,elena,25,WS,lamb,1
7129,elena,25,WS,lion,1
7129,elena,25,WS,monkey,1
7129,elena,25,WS,moose,0
7129,elena,25,WS,mouse,1
7129,elena,25,WS,owl,0
7129,elena,25,WS,penguin,0
7129,elena,25,WS,pig,1
7129,elena,25,WS,pony,0
7129,elena,25,WS,puppy,0
7129,elena,25,WS,rooster,1
7129,elena,25,WS,sheep,1
7129,elena,25,WS,squirrel,1
7129,elena,25,WS,teddy bear,1
7129,elena,25,WS,tiger,1
7129,elena,25,WS,turkey,0
7129,elena,25,WS,turtle,1
7129,elena,25,WS,wolf,0
7129,elena,25,WS,zebra,1
7129,elena,25,WS,airplane,1
7129,elena,25,WS,bicycle,1
7129,elena,25,WS,boat,1
7129,elena,25,WS,bus,1
7129,elena,25,WS,car,1
7129,elena,25,WS,fire truck,1
7129,elena,25,WS,helicopter,1
7129,elena,25,WS,motorcycle,1
7129,elena,25,WS,sled,1
7129,elena,25,WS,stroller,1
7129,elena,25,WS,tractor,0
7129,elena,25,WS,train,1
7129,elena,25,WS,tricycle,1
7129,elena,25,WS,truck,1
7129,elena,25,WS,ball,1
7129,elena,25,WS,balloon,1
7129,elena,25,WS,bat,1
7129,elena,25,WS,block,1
7129,elena,25,WS,book,1
7129,elena,25,WS,bubbles,1
7129,elena,25,WS,chalk,1
7129,elena,25,WS,crayon,1
7129,elena,25,WS,doll,1
7129,elena,25,WS,game,0
7129,elena,25,WS,glue,0
7129,elena,25,WS,pen,0
7129,elena,25,WS,pencil,1
7129,elena,25,WS,play dough,1
7129,elena,25,WS,present,1
7129,elena,25,WS,puzzle,1
7129,elena,25,WS,story,1
7129,elena,25,WS,toy (object),1
7129,elena,25,WS,apple,1
7129,elena,25,WS,apple sauce,1
7129,elena,25,WS,banana,1
7129,elena,25,WS,beans,1
7129,elena,25,WS,bread,1
7129,elena,25,WS,butter,1
7129,elena,25,WS,cake,1
7129,elena,25,WS,candy,1
7129,elena,25,WS,carrots,1
7129,elena,25,WS,cereal,1
7129,elena,25,WS,cheerios,1
7129,elena,25,WS,cheese,1
7129,elena,25,WS,chicken (food),1
7129,elena,25,WS,chocolate,1
7129,elena,25,WS,coffee,1
7129,elena,25,WS,coke,1
7129,elena,25,WS,cookie,0
7129,elena,25,WS,corn,1
7129,elena,25,WS,cracker,1
7129,elena,25,WS,donut,1
7129,elena,25,WS,drink (beverage),1
7129,elena,25,WS,egg,1
7129,elena,25,WS,fish (food),1
7129,elena,25,WS,food,1
7129,elena,25,WS,french fries,1
7129,elena,25,WS,grapes,1
7129,elena,25,WS,green beans,1
7129,elena,25,WS,gum,0
7129,elena,25,WS,hamburger,0
7129,elena,25,WS,ice,1
7129,elena,25,WS,ice cream,1
7129,elena,25,WS,jello,0
7129,elena,25,WS,jelly,1
7129,elena,25,WS,juice,1
7129,elena,25,WS,lollipop,1
7129,elena,25,WS,meat,1
7129,elena,25,WS,melon,1
7129,elena,25,WS,milk,1
7129,elena,25,WS,muffin,0
7129,elena,25,WS,noodles,0
7129,elena,25,WS,nuts,1
7129,elena,25,WS,orange (food),0
7129,elena,25,WS,pancakes,1
7129,elena,25,WS,peanut butter,1
7129,elena,25,WS,peas,0
7129,elena,25,WS,pickle,0
7129,elena,25,WS,pizza,1
7129,elena,25,WS,popcorn,1
7129,elena,25,WS,popsicle,0
7129,elena,25,WS,potato,0
7129,elena,25,WS,potato chips,1
7129,elena,25,WS,pretzel,1
7129,elena,25,WS,pudding,0
7129,elena,25,WS,pumpkin,1
7129,elena,25,WS,raisin,1
7129,elena,25,WS,salt,0
7129,elena,25,WS,sandwich,1
7129,elena,25,WS,sauce,0
7129,elena,25,WS,soda/pop,0
7129,elena,25,WS,soup,0
7129,elena,25,WS,spaghetti,0
7129,elena,25,WS,strawberry,1
7129,elena,25,WS,toast,1
7129,elena,25,WS,tuna,0
7129,elena,25,WS,vanilla,0
7129,elena,25,WS,vitamins,1
7129,elena,25,WS,water (beverage),1
7129,elena,25,WS,yogurt,1
7129,elena,25,WS,beads,1
7129,elena,25,WS,belt,0
7129,elena,25,WS,bib,1
7129,elena,25,WS,boots,1
7129,elena,25,WS,button,1
7129,elena,25,WS,coat,1
7129,elena,25,WS,diaper,1
7129,elena,25,WS,dress (object),1
7129,elena,25,WS,gloves,0
7129,elena,25,WS,hat,1
7129,elena,25,WS,jacket,1
7129,elena,25,WS,jeans,1
7129,elena,25,WS,mittens,0
7129,elena,25,WS,necklace,1
7129,elena,25,WS,pajamas,1
7129,elena,25,WS,pants,1
7129,elena,25,WS,scarf,0
7129,elena,25,WS,shirt,1
7129,elena,25,WS,shoe,1
7129,elena,25,WS,shorts,1
7129,elena,25,WS,slipper,1
7129,elena,25,WS,sneaker,0
7129,elena,25,WS,snowsuit,0
7129,elena,25,WS,sock,1
7129,elena,25,WS,sweater,1
7129,elena,25,WS,tights,1
7129,elena,25,WS,underpants,1
7129,elena,25,WS,zipper,1
7129,elena,25,WS,ankle,1
7129,elena,25,WS,arm,1
7129,elena,25,WS,belly button,1
7129,elena,25,WS,buttocks/bottom*,1
7129,elena,25,WS,cheek,1
7129,elena,25,WS,chin,1
7129,elena,25,WS,ear,1
7129,elena,25,WS,eye,1
7129,elena,25,WS,face,1
7129,elena,25,WS,foot,1
7129,elena,25,WS,finger,1
7129,elena,25,WS,hair,1
7129,elena,25,WS,hand,1
7129,elena,25,WS,head,1
7129,elena,25,WS,knee,1
7129,elena,25,WS,leg,1
7129,elena,25,WS,lips,1
7129,elena,25,WS,mouth,1
7129,elena,25,WS,nose,1
7129,elena,25,WS,owie/boo boo,1
7129,elena,25,WS,penis*,1
7129,elena,25,WS,shoulder,1
7129,elena,25,WS,tooth,1
7129,elena,25,WS,toe,1
7129,elena,25,WS,tongue,1
7129,elena,25,WS,tummy,1
7129,elena,25,WS,vagina*,1
7129,elena,25,WS,basket,1
7129,elena,25,WS,blanket,1
7129,elena,25,WS,bottle,1
7129,elena,25,WS,box,1
7129,elena,25,WS,bowl,1
7129,elena,25,WS,broom,1
7129,elena,25,WS,brush,1
7129,elena,25,WS,bucket,1
7129,elena,25,WS,camera,1
7129,elena,25,WS,can (object),1
7129,elena,25,WS,clock,1
7129,elena,25,WS,comb,1
7129,elena,25,WS,cup,1
7129,elena,25,WS,dish,1
7129,elena,25,WS,fork,1
7129,elena,25,WS,garbage,1
7129,elena,25,WS,glass,1
7129,elena,25,WS,glasses,1
7129,elena,25,WS,hammer,1
7129,elena,25,WS,jar,1
7129,elena,25,WS,keys,1
7129,elena,25,WS,knife,1
7129,elena,25,WS,lamp,1
7129,elena,25,WS,light,1
7129,elena,25,WS,medicine,1
7129,elena,25,WS,money,1
7129,elena,25,WS,mop,1
7129,elena,25,WS,nail,1
7129,elena,25,WS,napkin,1
7129,elena,25,WS,paper,1
7129,elena,25,WS,penny,1
7129,elena,25,WS,picture,1
7129,elena,25,WS,pillow,1
7129,elena,25,WS,plant,1
7129,elena,25,WS,plate,1
7129,elena,25,WS,purse,1
7129,elena,25,WS,radio,1
7129,elena,25,WS,scissors,1
7129,elena,25,WS,soap,1
7129,elena,25,WS,spoon,1
7129,elena,25,WS,tape,1
7129,elena,25,WS,telephone,1
7129,elena,25,WS,tissue/kleenex,1
7129,elena,25,WS,toothbrush,1
7129,elena,25,WS,towel,1
7129,elena,25,WS,trash,1
7129,elena,25,WS,tray,1
7129,elena,25,WS,vacuum,1
7129,elena,25,WS,walker,0
7129,elena,25,WS,watch (object),1
7129,elena,25,WS,basement,0
7129,elena,25,WS,bathroom,1
7129,elena,25,WS,bathtub,1
7129,elena,25,WS,bed,1
7129,elena,25,WS,bedroom,1
7129,elena,25,WS,bench,1
7129,elena,25,WS,chair,1
7129,elena,25,WS,closet,1
7129,elena,25,WS,couch,1
7129,elena,25,WS,crib,1
7129,elena,25,WS,door,1
7129,elena,25,WS,drawer,1
7129,elena,25,WS,dryer,1
7129,elena,25,WS,garage,1
7129,elena,25,WS,high chair,1
7129,elena,25,WS,kitchen,1
7129,elena,25,WS,living room,1
7129,elena,25,WS,oven,1
7129,elena,25,WS,play pen,0
7129,elena,25,WS,porch,0
7129,elena,25,WS,potty,1
7129,elena,25,WS,refrigerator,1
7129,elena,25,WS,rocking chair,1
7129,elena,25,WS,room,1
7129,elena,25,WS,shower,1
7129,elena,25,WS,sink,1
7129,elena,25,WS,sofa,1
7129,elena,25,WS,stairs,1
7129,elena,25,WS,stove,1
7129,elena,25,WS,table,1
7129,elena,25,WS,TV,1
7129,elena,25,WS,washing machine,1
7129,elena,25,WS,window,1
7129,elena,25,WS,backyard,0
7129,elena,25,WS,cloud,1
7129,elena,25,WS,flag,1
7129,elena,25,WS,flower,1
7129,elena,25,WS,garden,1
7129,elena,25,WS,grass,1
7129,elena,25,WS,hose,1
7129,elena,25,WS,ladder,1
7129,elena,25,WS,lawn mower,0
7129,elena,25,WS,moon,1
7129,elena,25,WS,pool,1
7129,elena,25,WS,rain,1
7129,elena,25,WS,rock,1
7129,elena,25,WS,roof,1
7129,elena,25,WS,sandbox,1
7129,elena,25,WS,shovel,1
7129,elena,25,WS,sidewalk,1
7129,elena,25,WS,sky,1
7129,elena,25,WS,slide (object),1
7129,elena,25,WS,snow,0
7129,elena,25,WS,snowman,0
7129,elena,25,WS,sprinkler,1
7129,elena,25,WS,star,1
7129,elena,25,WS,stick,1
7129,elena,25,WS,stone,0
7129,elena,25,WS,street,1
7129,elena,25,WS,sun,1
7129,elena,25,WS,swing (object),1
7129,elena,25,WS,tree,1
7129,elena,25,WS,water (not beverage),1
7129,elena,25,WS,wind,1
7129,elena,25,WS,beach,1
7129,elena,25,WS,camping,1
7129,elena,25,WS,church*,0
7129,elena,25,WS,circus,0
7129,elena,25,WS,country,0
7129,elena,25,WS,downtown,0
7129,elena,25,WS,farm,0
7129,elena,25,WS,gas station,1
7129,elena,25,WS,home,1
7129,elena,25,WS,house,1
7129,elena,25,WS,movie,0
7129,elena,25,WS,outside,1
7129,elena,25,WS,park,1
7129,elena,25,WS,party,1
7129,elena,25,WS,picnic,1
7129,elena,25,WS,playground,1
7129,elena,25,WS,school,1
7129,elena,25,WS,store,1
7129,elena,25,WS,woods,1
7129,elena,25,WS,work (place),1
7129,elena,25,WS,yard,1
7129,elena,25,WS,zoo,1
7129,elena,25,WS,aunt,1
7129,elena,25,WS,baby,1
7129,elena,25,WS,babysitter,1
7129,elena,25,WS,babysitter's name,1
7129,elena,25,WS,boy,1
7129,elena,25,WS,brother,1
7129,elena,25,WS,child,0
7129,elena,25,WS,clown,0
7129,elena,25,WS,cowboy,0
7129,elena,25,WS,daddy*,1
7129,elena,25,WS,doctor,1
7129,elena,25,WS,fireman,0
7129,elena,25,WS,friend,1
7129,elena,25,WS,girl,1
7129,elena,25,WS,grandma*,1
7129,elena,25,WS,grandpa*,1
7129,elena,25,WS,lady,1
7129,elena,25,WS,mailman,0
7129,elena,25,WS,man,1
7129,elena,25,WS,mommy*,1
7129,elena,25,WS,nurse,0
7129,elena,25,WS,child's own name,1
7129,elena,25,WS,people,1
7129,elena,25,WS,person,1
7129,elena,25,WS,pet's name,1
7129,elena,25,WS,police,0
7129,elena,25,WS,sister,1
7129,elena,25,WS,teacher,1
7129,elena,25,WS,uncle,1
7129,elena,25,WS,bath,1
7129,elena,25,WS,breakfast,1
7129,elena,25,WS,bye,1
7129,elena,25,WS,call (on phone),1
7129,elena,25,WS,dinner,1
7129,elena,25,WS,gimme five,1
7129,elena,25,WS,gonna get you,1
7129,elena,25,WS,go potty,1
7129,elena,25,WS,hi,1
7129,elena,25,WS,hello,1
7129,elena,25,WS,lunch,1
7129,elena,25,WS,nap,1
7129,elena,25,WS,night night,1
7129,elena,25,WS,no,1
7129,elena,25,WS,patty cake,1
7129,elena,25,WS,peekaboo,1
7129,elena,25,WS,please,1
7129,elena,25,WS,shh/shush/hush,1
7129,elena,25,WS,shopping,1
7129,elena,25,WS,snack,1
7129,elena,25,WS,so big,0
7129,elena,25,WS,thank you,1
7129,elena,25,WS,this little piggy,1
7129,elena,25,WS,turn around,1
7129,elena,25,WS,yes,1
7129,elena,25,WS,bite,1
7129,elena,25,WS,blow,1
7129,elena,25,WS,break,1
7129,elena,25,WS,bring,1
7129,elena,25,WS,build,1
7129,elena,25,WS,bump,1
7129,elena,25,WS,buy,0
7129,elena,25,WS,carry,1
7129,elena,25,WS,catch,1
7129,elena,25,WS,chase,1
7129,elena,25,WS,clap,1
7129,elena,25,WS,clean (action),1
7129,elena,25,WS,climb,1
7129,elena,25,WS,close,1
7129,elena,25,WS,cook,1
7129,elena,25,WS,cover,1
7129,elena,25,WS,cry,1
7129,elena,25,WS,cut,1
7129,elena,25,WS,dance,1
7129,elena,25,WS,draw,1
7129,elena,25,WS,drink (action),1
7129,elena,25,WS,drive,1
7129,elena,25,WS,drop,1
7129,elena,25,WS,dry (action),1
7129,elena,25,WS,dump,1
7129,elena,25,WS,eat,1
7129,elena,25,WS,fall,1
7129,elena,25,WS,feed,1
7129,elena,25,WS,find,1
7129,elena,25,WS,finish,1
7129,elena,25,WS,fit,1
7129,elena,25,WS,fix,1
7129,elena,25,WS,get,1
7129,elena,25,WS,give,1
7129,elena,25,WS,go,1
7129,elena,25,WS,hate,0
7129,elena,25,WS,have,1
7129,elena,25,WS,hear,1
7129,elena,25,WS,help,1
7129,elena,25,WS,hide,1
7129,elena,25,WS,hit,1
7129,elena,25,WS,hold,1
7129,elena,25,WS,hug,1
7129,elena,25,WS,hurry,1
7129,elena,25,WS,jump,1
7129,elena,25,WS,kick,1
7129,elena,25,WS,kiss,1
7129,elena,25,WS,knock,1
7129,elena,25,WS,lick,1
7129,elena,25,WS,like,1
7129,elena,25,WS,listen,1
7129,elena,25,WS,look,1
7129,elena,25,WS,love,1
7129,elena,25,WS,make,1
7129,elena,25,WS,open,1
7129,elena,25,WS,paint,1
7129,elena,25,WS,pick,1
7129,elena,25,WS,play,1
7129,elena,25,WS,pour,1
7129,elena,25,WS,pretend,0
7129,elena,25,WS,pull,1
7129,elena,25,WS,push,1
7129,elena,25,WS,put,1
7129,elena,25,WS,read,1
7129,elena,25,WS,ride,1
7129,elena,25,WS,rip,0
7129,elena,25,WS,run,1
7129,elena,25,WS,say,1
7129,elena,25,WS,see,1
7129,elena,25,WS,shake,1
7129,elena,25,WS,share,1
7129,elena,25,WS,show,1
7129,elena,25,WS,sing,1
7129,elena,25,WS,sit,1
7129,elena,25,WS,skate,0
7129,elena,25,WS,sleep,1
7129,elena,25,WS,slide (action),1
7129,elena,25,WS,smile,1
7129,elena,25,WS,spill,1
7129,elena,25,WS,splash,1
7129,elena,25,WS,stand,1
7129,elena,25,WS,stay,1
7129,elena,25,WS,stop,1
7129,elena,25,WS,sweep,1
7129,elena,25,WS,swim,1
7129,elena,25,WS,swing (action),1
7129,elena,25,WS,take,1
7129,elena,25,WS,talk,1
7129,elena,25,WS,taste,1
7129,elena,25,WS,tear,0
7129,elena,25,WS,think,1
7129,elena,25,WS,throw,1
7129,elena,25,WS,tickle,1
7129,elena,25,WS,touch,1
7129,elena,25,WS,wait,1
7129,elena,25,WS,wake,1
7129,elena,25,WS,walk,1
7129,elena,25,WS,wash,1
7129,elena,25,WS,watch (action),1
7129,elena,25,WS,wipe,1
7129,elena,25,WS,wish,1
7129,elena,25,WS,work (action),1
7129,elena,25,WS,write,1
7129,elena,25,WS,all gone,1
7129,elena,25,WS,asleep,1
7129,elena,25,WS,awake,1
7129,elena,25,WS,bad,1
7129,elena,25,WS,better,1
7129,elena,25,WS,big,1
7129,elena,25,WS,black,0
7129,elena,25,WS,blue,1
7129,elena,25,WS,broken,1
7129,elena,25,WS,brown,0
7129,elena,25,WS,careful,0
7129,elena,25,WS,clean (description),0
7129,elena,25,WS,cold,1
7129,elena,25,WS,cute,1
7129,elena,25,WS,dark,0
7129,elena,25,WS,dirty,1
7129,elena,25,WS,dry (description),0
7129,elena,25,WS,empty,0
7129,elena,25,WS,fast,0
7129,elena,25,WS,fine,0
7129,elena,25,WS,first,0
7129,elena,25,WS,full,0
7129,elena,25,WS,gentle,0
7129,elena,25,WS,good,0
7129,elena,25,WS,green,1
7129,elena,25,WS,happy,1
7129,elena,25,WS,hard,0
7129,elena,25,WS,heavy,1
7129,elena,25,WS,high,0
7129,elena,25,WS,hot,1
7129,elena,25,WS,hungry,1
7129,elena,25,WS,hurt,1
7129,elena,25,WS,last,0
7129,elena,25,WS,little (description),0
7129,elena,25,WS,long,0
7129,elena,25,WS,loud,0
7129,elena,25,WS,mad,0
7129,elena,25,WS,naughty,1
7129,elena,25,WS,new,0
7129,elena,25,WS,nice,0
7129,elena,25,WS,noisy,1
7129,elena,25,WS,old,0
7129,elena,25,WS,orange (description),0
7129,elena,25,WS,poor,0
7129,elena,25,WS,pretty,0
7129,elena,25,WS,quiet,0
7129,elena,25,WS,red,1
7129,elena,25,WS,sad,0
7129,elena,25,WS,scared,0
7129,elena,25,WS,sick,0
7129,elena,25,WS,sleepy,1
7129,elena,25,WS,slow,0
7129,elena,25,WS,soft,0
7129,elena,25,WS,sticky,0
7129,elena,25,WS,stuck,0
7129,elena,25,WS,thirsty,1
7129,elena,25,WS,tiny,0
7129,elena,25,WS,tired,1
7129,elena,25,WS,wet,0
7129,elena,25,WS,white,0
7129,elena,25,WS,windy,0
7129,elena,25,WS,yellow,1
7129,elena,25,WS,yucky,1
7129,elena,25,WS,after,1
7129,elena,25,WS,before,0
7129,elena,25,WS,day,0
7129,elena,25,WS,later,0
7129,elena,25,WS,morning,1
7129,elena,25,WS,night,1
7129,elena,25,WS,now,1
7129,elena,25,WS,time,0
7129,elena,25,WS,today,0
7129,elena,25,WS,tomorrow,0
7129,elena,25,WS,tonight,0
7129,elena,25,WS,yesterday,0
7129,elena,25,WS,he,0
7129,elena,25,WS,her,0
7129,elena,25,WS,hers,0
7129,elena,25,WS,him,0
7129,elena,25,WS,his,0
7129,elena,25,WS,I,1
7129,elena,25,WS,it,1
7129,elena,25,WS,me,1
7129,elena,25,WS,mine,1
7129,elena,25,WS,my,1
7129,elena,25,WS,myself,1
7129,elena,25,WS,our,0
7129,elena,25,WS,she,0
7129,elena,25,WS,that,0
7129,elena,25,WS,their,0
7129,elena,25,WS,them,0
7129,elena,25,WS,these,0
7129,elena,25,WS,they,0
7129,elena,25,WS,this,0
7129,elena,25,WS,those,0
7129,elena,25,WS,us,0
7129,elena,25,WS,we,0
7129,elena,25,WS,you,1
7129,elena,25,WS,your,1
7129,elena,25,WS,yourself,0
7129,elena,25,WS,how,1
7129,elena,25,WS,what,1
7129,elena,25,WS,when,0
7129,elena,25,WS,where,1
7129,elena,25,WS,which,0
7129,elena,25,WS,who,0
7129,elena,25,WS,why,1
7129,elena,25,WS,about,0
7129,elena,25,WS,above,0
7129,elena,25,WS,around,0
7129,elena,25,WS,at,0
7129,elena,25,WS,away,0
7129,elena,25,WS,back,0
7129,elena,25,WS,behind,0
7129,elena,25,WS,beside,0
7129,elena,25,WS,by,0
7129,elena,25,WS,down,0
7129,elena,25,WS,for,0
7129,elena,25,WS,here,0
7129,elena,25,WS,inside/in,0
7129,elena,25,WS,into,0
7129,elena,25,WS,next to,0
7129,elena,25,WS,of,0
7129,elena,25,WS,off,0
7129,elena,25,WS,on,0
7129,elena,25,WS,on top of,0
7129,elena,25,WS,out,0
7129,elena,25,WS,over,0
7129,elena,25,WS,there,1
7129,elena,25,WS,to,0
7129,elena,25,WS,under,0
7129,elena,25,WS,up,0
7129,elena,25,WS,with,0
7129,elena,25,WS,a,0
7129,elena,25,WS,all,0
7129,elena,25,WS,a lot,0
7129,elena,25,WS,an,0
7129,elena,25,WS,another,0
7129,elena,25,WS,any,0
7129,elena,25,WS,each,0
7129,elena,25,WS,every,0
7129,elena,25,WS,more,0
7129,elena,25,WS,much,0
7129,elena,25,WS,not,0
7129,elena,25,WS,none,0
7129,elena,25,WS,other,0
7129,elena,25,WS,same,0
7129,elena,25,WS,some,0
7129,elena,25,WS,the,0
7129,elena,25,WS,too,0
7129,elena,25,WS,am,0
7129,elena,25,WS,are,0
7129,elena,25,WS,be,0
7129,elena,25,WS,can (auxiliary),0
7129,elena,25,WS,could,0
7129,elena,25,WS,did/did ya,0
7129,elena,25,WS,do,1
7129,elena,25,WS,does,0
7129,elena,25,WS,don't,1
7129,elena,25,WS,gonna/going to,1
7129,elena,25,WS,gotta/got to,0
7129,elena,25,WS,hafta/have to,0
7129,elena,25,WS,is,0
7129,elena,25,WS,lemme/let me,1
7129,elena,25,WS,need/need to,1
7129,elena,25,WS,try/try to,1
7129,elena,25,WS,wanna/want to,1
7129,elena,25,WS,was,0
7129,elena,25,WS,were,0
7129,elena,25,WS,will,0
7129,elena,25,WS,would,0
7129,elena,25,WS,and,0
7129,elena,25,WS,because,1
7129,elena,25,WS,but,0
7129,elena,25,WS,if,0
7129,elena,25,WS,so,0
7129,elena,25,WS,then,0
7152,elena,25,WS,baa baa,1
7152,elena,25,WS,choo choo,0
7152,elena,25,WS,cock-a-doodle-doo,0
7152,elena,25,WS,grrr,1
7152,elena,25,WS,meow,1
7152,elena,25,WS,moo,1
7152,elena,25,WS,ouch,1
7152,elena,25,WS,quack quack,1
7152,elena,25,WS,uh oh,1
7152,elena,25,WS,vroom,1
7152,elena,25,WS,woof woof,1
7152,elena,25,WS,yum yum,0
7152,elena,25,WS,alligator,0
7152,elena,25,WS,animal,0
7152,elena,25,WS,ant,0
7152,elena,25,WS,bear,1
7152,elena,25,WS,bee,1
7152,elena,25,WS,bird,1
7152,elena,25,WS,bug,0
7152,elena,25,WS,bunny,1
7152,elena,25,WS,butterfly,1
7152,elena,25,WS,cat,1
7152,elena,25,WS,chicken (animal),0
7152,elena,25,WS,cow,1
7152,elena,25,WS,deer,0
7152,elena,25,WS,dog,1
7152,elena,25,WS,donkey,0
7152,elena,25,WS,duck,1
7152,elena,25,WS,elephant,0
7152,elena,25,WS,fish (animal),1
7152,elena,25,WS,frog,1
7152,elena,25,WS,giraffe,0
7152,elena,25,WS,goose,0
7152,elena,25,WS,hen,0
7152,elena,25,WS,horse,1
7152,elena,25,WS,kitty,1
7152,elena,25,WS,lamb,0
7152,elena,25,WS,lion,1
7152,elena,25,WS,monkey,0
7152,elena,25,WS,moose,0
7152,elena,25,WS,mouse,0
7152,elena,25,WS,owl,0
7152,elena,25,WS,penguin,0
7152,elena,25,WS,pig,0
7152,elena,25,WS,pony,0
7152,elena,25,WS,puppy,0
7152,elena,25,WS,rooster,0
7152,elena,25,WS,sheep,1
7152,elena,25,WS,squirrel,0
7152,elena,25,WS,teddy bear,0
7152,elena,25,WS,tiger,1
7152,elena,25,WS,turkey,0
7152,elena,25,WS,turtle,1
7152,elena,25,WS,wolf,0
7152,elena,25,WS,zebra,0
7152,elena,25,WS,airplane,1
7152,elena,25,WS,bicycle,0
7152,elena,25,WS,boat,1
7152,elena,25,WS,bus,0
7152,elena,25,WS,car,1
7152,elena,25,WS,fire truck,0
7152,elena,25,WS,helicopter,0
7152,elena,25,WS,motorcycle,0
7152,elena,25,WS,sled,0
7152,elena,25,WS,stroller,0
7152,elena,25,WS,tractor,1
7152,elena,25,WS,train,0
7152,elena,25,WS,tricycle,0
7152,elena,25,WS,truck,1
7152,elena,25,WS,ball,1
7152,elena,25,WS,balloon,1
7152,elena,25,WS,bat,0
7152,elena,25,WS,block,0
7152,elena,25,WS,book,1
7152,elena,25,WS,bubbles,1
7152,elena,25,WS,chalk,0
7152,elena,25,WS,crayon,0
7152,elena,25,WS,doll,1
7152,elena,25,WS,game,0
7152,elena,25,WS,glue,0
7152,elena,25,WS,pen,0
7152,elena,25,WS,pencil,0
7152,elena,25,WS,play dough,0
7152,elena,25,WS,present,0
7152,elena,25,WS,puzzle,0
7152,elena,25,WS,story,0
7152,elena,25,WS,toy (object),0
7152,elena,25,WS,apple,1
7152,elena,25,WS,apple sauce,0
7152,elena,25,WS,banana,1
7152,elena,25,WS,beans,0
7152,elena,25,WS,bread,1
7152,elena,25,WS,butter,0
7152,elena,25,WS,cake,0
7152,elena,25,WS,candy,0
7152,elena,25,WS,carrots,1
7152,elena,25,WS,cereal,0
7152,elena,25,WS,cheerios,0
7152,elena,25,WS,cheese,0
7152,elena,25,WS,chicken (food),0
7152,elena,25,WS,chocolate,0
7152,elena,25,WS,coffee,0
7152,elena,25,WS,coke,0
7152,elena,25,WS,cookie,0
7152,elena,25,WS,corn,0
7152,elena,25,WS,cracker,0
7152,elena,25,WS,donut,0
7152,elena,25,WS,drink (beverage),1
7152,elena,25,WS,egg,1
7152,elena,25,WS,fish (food),1
7152,elena,25,WS,food,0
7152,elena,25,WS,french fries,0
7152,elena,25,WS,grapes,1
7152,elena,25,WS,green beans,0
7152,elena,25,WS,gum,0
7152,elena,25,WS,hamburger,0
7152,elena,25,WS,ice,0
7152,elena,25,WS,ice cream,0
7152,elena,25,WS,jello,0
7152,elena,25,WS,jelly,0
7152,elena,25,WS,juice,1
7152,elena,25,WS,lollipop,0
7152,elena,25,WS,meat,0
7152,elena,25,WS,melon,0
7152,elena,25,WS,milk,1
7152,elena,25,WS,muffin,0
7152,elena,25,WS,noodles,0
7152,elena,25,WS,nuts,0
7152,elena,25,WS,orange (food),1
7152,elena,25,WS,pancakes,1
7152,elena,25,WS,peanut butter,1
7152,elena,25,WS,peas,0
7152,elena,25,WS,pickle,0
7152,elena,25,WS,pizza,0
7152,elena,25,WS,popcorn,0
7152,elena,25,WS,popsicle,0
7152,elena,25,WS,potato,0
7152,elena,25,WS,potato chips,1
7152,elena,25,WS,pretzel,0
7152,elena,25,WS,pudding,0
7152,elena,25,WS,pumpkin,0
7152,elena,25,WS,raisin,0
7152,elena,25,WS,salt,0
7152,elena,25,WS,sandwich,0
7152,elena,25,WS,sauce,0
7152,elena,25,WS,soda/pop,0
7152,elena,25,WS,soup,0
7152,elena,25,WS,spaghetti,0
7152,elena,25,WS,strawberry,0
7152,elena,25,WS,toast,0
7152,elena,25,WS,tuna,0
7152,elena,25,WS,vanilla,0
7152,elena,25,WS,vitamins,0
7152,elena,25,WS,water (beverage),0
7152,elena,25,WS,yogurt,1
7152,elena,25,WS,beads,0
7152,elena,25,WS,belt,0
7152,elena,25,WS,bib,1
7152,elena,25,WS,boots,1
7152,elena,25,WS,button,1
7152,elena,25,WS,coat,0
7152,elena,25,WS,diaper,1
7152,elena,25,WS,dress (object),1
7152,elena,25,WS,gloves,0
7152,elena,25,WS,hat,0
7152,elena,25,WS,jacket,1
7152,elena,25,WS,jeans,0
7152,elena,25,WS,mittens,0
7152,elena,25,WS,necklace,0
7152,elena,25,WS,pajamas,1
7152,elena,25,WS,pants,1
7152,elena,25,WS,scarf,0
7152,elena,25,WS,shirt,0
7152,elena,25,WS,shoe,1
7152,elena,25,WS,shorts,0
7152,elena,25,WS,slipper,1
7152,elena,25,WS,sneaker,0
7152,elena,25,WS,snowsuit,0
7152,elena,25,WS,sock,1
7152,elena,25,WS,sweater,0
7152,elena,25,WS,tights,0
7152,elena,25,WS,underpants,0
7152,elena,25,WS,zipper,0
7152,elena,25,WS,ankle,0
7152,elena,25,WS,arm,1
7152,elena,25,WS,belly button,0
7152,elena,25,WS,buttocks/bottom*,0
7152,elena,25,WS,cheek,0
7152,elena,25,WS,chin,0
7152,elena,25,WS,ear,1
7152,elena,25,WS,eye,1
7152,elena,25,WS,face,0
7152,elena,25,WS,foot,0
7152,elena,25,WS,finger,0
7152,elena,25,WS,hair,1
7152,elena,25,WS,hand,1
7152,elena,25,WS,head,0
7152,elena,25,WS,knee,0
7152,elena,25,WS,leg,0
7152,elena,25,WS,lips,0
7152,elena,25,WS,mouth,1
7152,elena,25,WS,nose,1
7152,elena,25,WS,owie/boo boo,1
7152,elena,25,WS,penis*,0
7152,elena,25,WS,shoulder,0
7152,elena,25,WS,tooth,0
7152,elena,25,WS,toe,1
7152,elena,25,WS,tongue,0
7152,elena,25,WS,tummy,0
7152,elena,25,WS,vagina*,0
7152,elena,25,WS,basket,0
7152,elena,25,WS,blanket,1
7152,elena,25,WS,bottle,1
7152,elena,25,WS,box,0
7152,elena,25,WS,bowl,0
7152,elena,25,WS,broom,0
7152,elena,25,WS,brush,0
7152,elena,25,WS,bucket,0
7152,elena,25,WS,camera,0
7152,elena,25,WS,can (object),0
7152,elena,25,WS,clock,1
7152,elena,25,WS,comb,0
7152,elena,25,WS,cup,1
7152,elena,25,WS,dish,0
7152,elena,25,WS,fork,0
7152,elena,25,WS,garbage,0
7152,elena,25,WS,glass,0
7152,elena,25,WS,glasses,0
7152,elena,25,WS,hammer,0
7152,elena,25,WS,jar,0
7152,elena,25,WS,keys,0
7152,elena,25,WS,knife,0
7152,elena,25,WS,lamp,1
7152,elena,25,WS,light,0
7152,elena,25,WS,medicine,0
7152,elena,25,WS,money,0
7152,elena,25,WS,mop,0
7152,elena,25,WS,nail,0
7152,elena,25,WS,napkin,0
7152,elena,25,WS,paper,0
7152,elena,25,WS,penny,0
7152,elena,25,WS,picture,0
7152,elena,25,WS,pillow,1
7152,elena,25,WS,plant,0
7152,elena,25,WS,plate,0
7152,elena,25,WS,purse,0
7152,elena,25,WS,radio,0
7152,elena,25,WS,scissors,0
7152,elena,25,WS,soap,0
7152,elena,25,WS,spoon,1
7152,elena,25,WS,tape,0
7152,elena,25,WS,telephone,0
7152,elena,25,WS,tissue/kleenex,0
7152,elena,25,WS,toothbrush,0
7152,elena,25,WS,towel,1
7152,elena,25,WS,trash,0
7152,elena,25,WS,tray,0
7152,elena,25,WS,vacuum,1
7152,elena,25,WS,walker,0
7152,elena,25,WS,watch (object),0
7152,elena,25,WS,basement,0
7152,elena,25,WS,bathroom,0
7152,elena,25,WS,bathtub,1
7152,elena,25,WS,bed,1
7152,elena,25,WS,bedroom,0
7152,elena,25,WS,bench,0
7152,elena,25,WS,chair,1
7152,elena,25,WS,closet,0
7152,elena,25,WS,couch,0
7152,elena,25,WS,crib,0
7152,elena,25,WS,door,1
7152,elena,25,WS,drawer,0
7152,elena,25,WS,dryer,0
7152,elena,25,WS,garage,0
7152,elena,25,WS,high chair,0
7152,elena,25,WS,kitchen,0
7152,elena,25,WS,living room,0
7152,elena,25,WS,oven,0
7152,elena,25,WS,play pen,0
7152,elena,25,WS,porch,0
7152,elena,25,WS,potty,0
7152,elena,25,WS,refrigerator,0
7152,elena,25,WS,rocking chair,0
7152,elena,25,WS,room,0
7152,elena,25,WS,shower,0
7152,elena,25,WS,sink,0
7152,elena,25,WS,sofa,0
7152,elena,25,WS,stairs,0
7152,elena,25,WS,stove,0
7152,elena,25,WS,table,0
7152,elena,25,WS,TV,1
7152,elena,25,WS,washing machine,0
7152,elena,25,WS,window,1
7152,elena,25,WS,backyard,0
7152,elena,25,WS,cloud,0
7152,elena,25,WS,flag,0
7152,elena,25,WS,flower,0
7152,elena,25,WS,garden,0
7152,elena,25,WS,grass,0
7152,elena,25,WS,hose,0
7152,elena,25,WS,ladder,0
7152,elena,25,WS,lawn mower,0
7152,elena,25,WS,moon,0
7152,elena,25,WS,pool,1
7152,elena,25,WS,rain,0
7152,elena,25,WS,rock,0
7152,elena,25,WS,roof,0
7152,elena,25,WS,sandbox,0
7152,elena,25,WS,shovel,0
7152,elena,25,WS,sidewalk,0
7152,elena,25,WS,sky,0
7152,elena,25,WS,slide (object),1
7152,elena,25,WS,snow,0
7152,elena,25,WS,snowman,0
7152,elena,25,WS,sprinkler,0
7152,elena,25,WS,star,0
7152,elena,25,WS,stick,0
7152,elena,25,WS,stone,0
7152,elena,25,WS,street,0
7152,elena,25,WS,sun,0
7152,elena,25,WS,swing (object),0
7152,elena,25,WS,tree,1
7152,elena,25,WS,water (not beverage),1
7152,elena,25,WS,wind,0
7152,elena,25,WS,beach,0
7152,elena,25,WS,camping,0
7152,elena,25,WS,church*,0
7152,elena,25,WS,circus,0
7152,elena,25,WS,country,0
7152,elena,25,WS,downtown,0
7152,elena,25,WS,farm,0
7152,elena,25,WS,gas station,0
7152,elena,25,WS,home,0
7152,elena,25,WS,house,0
7152,elena,25,WS,movie,0
7152,elena,25,WS,outside,0
7152,elena,25,WS,park,0
7152,elena,25,WS,party,0
7152,elena,25,WS,picnic,0
7152,elena,25,WS,playground,0
7152,elena,25,WS,school,0
7152,elena,25,WS,store,0
7152,elena,25,WS,woods,0
7152,elena,25,WS,work (place),0
7152,elena,25,WS,yard,0
7152,elena,25,WS,zoo,0
7152,elena,25,WS,aunt,0
7152,elena,25,WS,baby,1
7152,elena,25,WS,babysitter,0
7152,elena,25,WS,babysitter's name,0
7152,elena,25,WS,boy,1
7152,elena,25,WS,brother,0
7152,elena,25,WS,child,0
7152,elena,25,WS,clown,0
7152,elena,25,WS,cowboy,0
7152,elena,25,WS,daddy*,1
7152,elena,25,WS,doctor,0
7152,elena,25,WS,fireman,0
7152,elena,25,WS,friend,0
7152,elena,25,WS,girl,0
7152,elena,25,WS,grandma*,0
7152,elena,25,WS,grandpa*,1
7152,elena,25,WS,lady,1
7152,elena,25,WS,mailman,0
7152,elena,25,WS,man,0
7152,elena,25,WS,mommy*,1
7152,elena,25,WS,nurse,0
7152,elena,25,WS,child's own name,1
7152,elena,25,WS,people,0
7152,elena,25,WS,person,0
7152,elena,25,WS,pet's name,0
7152,elena,25,WS,police,0
7152,elena,25,WS,sister,0
7152,elena,25,WS,teacher,0
7152,elena,25,WS,uncle,0
7152,elena,25,WS,bath,1
7152,elena,25,WS,breakfast,0
7152,elena,25,WS,bye,1
7152,elena,25,WS,call (on phone),1
7152,elena,25,WS,dinner,0
7152,elena,25,WS,gimme five,0
7152,elena,25,WS,gonna get you,0
7152,elena,25,WS,go potty,0
7152,elena,25,WS,hi,1
7152,elena,25,WS,hello,0
7152,elena,25,WS,lunch,0
7152,elena,25,WS,nap,1
7152,elena,25,WS,night night,1
7152,elena,25,WS,no,1
7152,elena,25,WS,patty cake,0
7152,elena,25,WS,peekaboo,1
7152,elena,25,WS,please,0
7152,elena,25,WS,shh/shush/hush,1
7152,elena,25,WS,shopping,0
7152,elena,25,WS,snack,0
7152,elena,25,WS,so big,0
7152,elena,25,WS,thank you,1
7152,elena,25,WS,this little piggy,0
7152,elena,25,WS,turn around,0
7152,elena,25,WS,yes,1
7152,elena,25,WS,bite,0
7152,elena,25,WS,blow,0
7152,elena,25,WS,break,0
7152,elena,25,WS,bring,0
7152,elena,25,WS,build,0
7152,elena,25,WS,bump,0
7152,elena,25,WS,buy,0
7152,elena,25,WS,carry,0
7152,elena,25,WS,catch,0
7152,elena,25,WS,chase,0
7152,elena,25,WS,clap,0
7152,elena,25,WS,clean (action),0
7152,elena,25,WS,climb,0
7152,elena,25,WS,close,0
7152,elena,25,WS,cook,0
7152,elena,25,WS,cover,0
7152,elena,25,WS,cry,0
7152,elena,25,WS,cut,0
7152,elena,25,WS,dance,0
7152,elena,25,WS,draw,0
7152,elena,25,WS,drink (action),1
7152,elena,25,WS,drive,0
7152,elena,25,WS,drop,0
7152,elena,25,WS,dry (action),0
7152,elena,25,WS,dump,0
7152,elena,25,WS,eat,1
7152,elena,25,WS,fall,0
7152,elena,25,WS,feed,0
7152,elena,25,WS,find,0
7152,elena,25,WS,finish,0
7152,elena,25,WS,fit,0
7152,elena,25,WS,fix,0
7152,elena,25,WS,get,0
7152,elena,25,WS,give,0
7152,elena,25,WS,go,1
7152,elena,25,WS,hate,0
7152,elena,25,WS,have,0
7152,elena,25,WS,hear,0
7152,elena,25,WS,help,1
7152,elena,25,WS,hide,0
7152,elena,25,WS,hit,0
7152,elena,25,WS,hold,0
7152,elena,25,WS,hug,0
7152,elena,25,WS,hurry,0
7152,elena,25,WS,jump,0
7152,elena,25,WS,kick,0
7152,elena,25,WS,kiss,1
7152,elena,25,WS,knock,0
7152,elena,25,WS,lick,0
7152,elena,25,WS,like,0
7152,elena,25,WS,listen,0
7152,elena,25,WS,look,0
7152,elena,25,WS,love,0
7152,elena,25,WS,make,0
7152,elena,25,WS,open,1
7152,elena,25,WS,paint,0
7152,elena,25,WS,pick,0
7152,elena,25,WS,play,0
7152,elena,25,WS,pour,0
7152,elena,25,WS,pretend,0
7152,elena,25,WS,pull,0
7152,elena,25,WS,push,0
7152,elena,25,WS,put,0
7152,elena,25,WS,read,0
7152,elena,25,WS,ride,0
7152,elena,25,WS,rip,0
7152,elena,25,WS,run,0
7152,elena,25,WS,say,0
7152,elena,25,WS,see,0
7152,elena,25,WS,shake,0
7152,elena,25,WS,share,0
7152,elena,25,WS,show,0
7152,elena,25,WS,sing,0
7152,elena,25,WS,sit,1
7152,elena,25,WS,skate,0
7152,elena,25,WS,sleep,0
7152,elena,25,WS,slide (action),0
7152,elena,25,WS,smile,0
7152,elena,25,WS,spill,0
7152,elena,25,WS,splash,0
7152,elena,25,WS,stand,0
7152,elena,25,WS,stay,0
7152,elena,25,WS,stop,1
7152,elena,25,WS,sweep,0
7152,elena,25,WS,swim,0
7152,elena,25,WS,swing (action),0
7152,elena,25,WS,take,0
7152,elena,25,WS,talk,0
7152,elena,25,WS,taste,0
7152,elena,25,WS,tear,0
7152,elena,25,WS,think,0
7152,elena,25,WS,throw,0
7152,elena,25,WS,tickle,0
7152,elena,25,WS,touch,0
7152,elena,25,WS,wait,0
7152,elena,25,WS,wake,0
7152,elena,25,WS,walk,0
7152,elena,25,WS,wash,0
7152,elena,25,WS,watch (action),0
7152,elena,25,WS,wipe,0
7152,elena,25,WS,wish,0
7152,elena,25,WS,work (action),0
7152,elena,25,WS,write,0
7152,elena,25,WS,all gone,0
7152,elena,25,WS,asleep,0
7152,elena,25,WS,awake,0
7152,elena,25,WS,bad,0
7152,elena,25,WS,better,0
7152,elena,25,WS,big,0
7152,elena,25,WS,black,0
7152,elena,25,WS,blue,0
7152,elena,25,WS,broken,0
7152,elena,25,WS,brown,0
7152,elena,25,WS,careful,0
7152,elena,25,WS,clean (description),0
7152,elena,25,WS,cold,1
7152,elena,25,WS,cute,0
7152,elena,25,WS,dark,0
7152,elena,25,WS,dirty,0
7152,elena,25,WS,dry (description),0
7152,elena,25,WS,empty,0
7152,elena,25,WS,fast,0
7152,elena,25,WS,fine,0
7152,elena,25,WS,first,0
7152,elena,25,WS,full,0
7152,elena,25,WS,gentle,0
7152,elena,25,WS,good,0
7152,elena,25,WS,green,0
7152,elena,25,WS,happy,0
7152,elena,25,WS,hard,0
7152,elena,25,WS,heavy,0
7152,elena,25,WS,high,0
7152,elena,25,WS,hot,1
7152,elena,25,WS,hungry,0
7152,elena,25,WS,hurt,0
7152,elena,25,WS,last,0
7152,elena,25,WS,little (description),0
7152,elena,25,WS,long,0
7152,elena,25,WS,loud,0
7152,elena,25,WS,mad,0
7152,elena,25,WS,naughty,0
7152,elena,25,WS,new,0
7152,elena,25,WS,nice,0
7152,elena,25,WS,noisy,0
7152,elena,25,WS,old,0
7152,elena,25,WS,orange (description),0
7152,elena,25,WS,poor,0
7152,elena,25,WS,pretty,0
7152,elena,25,WS,quiet,0
7152,elena,25,WS,red,1
7152,elena,25,WS,sad,0
7152,elena,25,WS,scared,0
7152,elena,25,WS,sick,0
7152,elena,25,WS,sleepy,0
7152,elena,25,WS,slow,0
7152,elena,25,WS,soft,0
7152,elena,25,WS,sticky,0
7152,elena,25,WS,stuck,0
7152,elena,25,WS,thirsty,0
7152,elena,25,WS,tiny,0
7152,elena,25,WS,tired,0
7152,elena,25,WS,wet,0
7152,elena,25,WS,white,0
7152,elena,25,WS,windy,0
7152,elena,25,WS,yellow,0
7152,elena,25,WS,yucky,0
7152,elena,25,WS,after,0
7152,elena,25,WS,before,0
7152,elena,25,WS,day,0
7152,elena,25,WS,later,0
7152,elena,25,WS,morning,0
7152,elena,25,WS,night,0
7152,elena,25,WS,now,0
7152,elena,25,WS,time,0
7152,elena,25,WS,today,0
7152,elena,25,WS,tomorrow,0
7152,elena,25,WS,tonight,0
7152,elena,25,WS,yesterday,0
7152,elena,25,WS,he,0
7152,elena,25,WS,her,0
7152,elena,25,WS,hers,0
7152,elena,25,WS,him,0
7152,elena,25,WS,his,0
7152,elena,25,WS,I,0
7152,elena,25,WS,it,0
7152,elena,25,WS,me,0
7152,elena,25,WS,mine,1
7152,elena,25,WS,my,0
7152,elena,25,WS,myself,0
7152,elena,25,WS,our,0
7152,elena,25,WS,she,0
7152,elena,25,WS,that,1
7152,elena,25,WS,their,1
7152,elena,25,WS,them,0
7152,elena,25,WS,these,0
7152,elena,25,WS,they,0
7152,elena,25,WS,this,0
7152,elena,25,WS,those,0
7152,elena,25,WS,us,0
7152,elena,25,WS,we,0
7152,elena,25,WS,you,1
7152,elena,25,WS,your,0
7152,elena,25,WS,yourself,0
7152,elena,25,WS,how,0
7152,elena,25,WS,what,0
7152,elena,25,WS,when,0
7152,elena,25,WS,where,0
7152,elena,25,WS,which,0
7152,elena,25,WS,who,0
7152,elena,25,WS,why,0
7152,elena,25,WS,about,0
7152,elena,25,WS,above,0
7152,elena,25,WS,around,0
7152,elena,25,WS,at,0
7152,elena,25,WS,away,0
7152,elena,25,WS,back,0
7152,elena,25,WS,behind,0
7152,elena,25,WS,beside,0
7152,elena,25,WS,by,0
7152,elena,25,WS,down,1
7152,elena,25,WS,for,0
7152,elena,25,WS,here,1
7152,elena,25,WS,inside/in,0
7152,elena,25,WS,into,0
7152,elena,25,WS,next to,0
7152,elena,25,WS,of,0
7152,elena,25,WS,off,1
7152,elena,25,WS,on,0
7152,elena,25,WS,on top of,0
7152,elena,25,WS,out,0
7152,elena,25,WS,over,0
7152,elena,25,WS,there,0
7152,elena,25,WS,to,0
7152,elena,25,WS,under,0
7152,elena,25,WS,up,1
7152,elena,25,WS,with,0
7152,elena,25,WS,a,0
7152,elena,25,WS,all,0
7152,elena,25,WS,a lot,0
7152,elena,25,WS,an,0
7152,elena,25,WS,another,0
7152,elena,25,WS,any,0
7152,elena,25,WS,each,0
7152,elena,25,WS,every,0
7152,elena,25,WS,more,0
7152,elena,25,WS,much,0
7152,elena,25,WS,not,0
7152,elena,25,WS,none,0
7152,elena,25,WS,other,0
7152,elena,25,WS,same,0
7152,elena,25,WS,some,0
7152,elena,25,WS,the,0
7152,elena,25,WS,too,0
7152,elena,25,WS,am,0
7152,elena,25,WS,are,0
7152,elena,25,WS,be,0
7152,elena,25,WS,can (auxiliary),0
7152,elena,25,WS,could,0
7152,elena,25,WS,did/did ya,0
7152,elena,25,WS,do,0
7152,elena,25,WS,does,0
7152,elena,25,WS,don't,0
7152,elena,25,WS,gonna/going to,0
7152,elena,25,WS,gotta/got to,0
7152,elena,25,WS,hafta/have to,0
7152,elena,25,WS,is,0
7152,elena,25,WS,lemme/let me,0
7152,elena,25,WS,need/need to,0
7152,elena,25,WS,try/try to,0
7152,elena,25,WS,wanna/want to,0
7152,elena,25,WS,was,0
7152,elena,25,WS,were,0
7152,elena,25,WS,will,0
7152,elena,25,WS,would,0
7152,elena,25,WS,and,0
7152,elena,25,WS,because,0
7152,elena,25,WS,but,0
7152,elena,25,WS,if,0
7152,elena,25,WS,so,0
7152,elena,25,WS,then,0
7159,elena,24,WS,baa baa,1
7159,elena,24,WS,choo choo,1
7159,elena,24,WS,cock-a-doodle-doo,1
7159,elena,24,WS,grrr,1
7159,elena,24,WS,meow,1
7159,elena,24,WS,moo,1
7159,elena,24,WS,ouch,1
7159,elena,24,WS,quack quack,1
7159,elena,24,WS,uh oh,1
7159,elena,24,WS,vroom,1
7159,elena,24,WS,woof woof,1
7159,elena,24,WS,yum yum,1
7159,elena,24,WS,alligator,0
7159,elena,24,WS,animal,1
7159,elena,24,WS,ant,1
7159,elena,24,WS,bear,1
7159,elena,24,WS,bee,1
7159,elena,24,WS,bird,1
7159,elena,24,WS,bug,1
7159,elena,24,WS,bunny,1
7159,elena,24,WS,butterfly,1
7159,elena,24,WS,cat,1
7159,elena,24,WS,chicken (animal),1
7159,elena,24,WS,cow,1
7159,elena,24,WS,deer,1
7159,elena,24,WS,dog,1
7159,elena,24,WS,donkey,1
7159,elena,24,WS,duck,1
7159,elena,24,WS,elephant,1
7159,elena,24,WS,fish (animal),1
7159,elena,24,WS,frog,1
7159,elena,24,WS,giraffe,1
7159,elena,24,WS,goose,1
7159,elena,24,WS,hen,1
7159,elena,24,WS,horse,1
7159,elena,24,WS,kitty,1
7159,elena,24,WS,lamb,1
7159,elena,24,WS,lion,1
7159,elena,24,WS,monkey,1
7159,elena,24,WS,moose,1
7159,elena,24,WS,mouse,1
7159,elena,24,WS,owl,1
7159,elena,24,WS,penguin,0
7159,elena,24,WS,pig,1
7159,elena,24,WS,pony,0
7159,elena,24,WS,puppy,1
7159,elena,24,WS,rooster,0
7159,elena,24,WS,sheep,1
7159,elena,24,WS,squirrel,1
7159,elena,24,WS,teddy bear,1
7159,elena,24,WS,tiger,1
7159,elena,24,WS,turkey,0
7159,elena,24,WS,turtle,1
7159,elena,24,WS,wolf,0
7159,elena,24,WS,zebra,1
7159,elena,24,WS,airplane,1
7159,elena,24,WS,bicycle,1
7159,elena,24,WS,boat,1
7159,elena,24,WS,bus,1
7159,elena,24,WS,car,1
7159,elena,24,WS,fire truck,1
7159,elena,24,WS,helicopter,1
7159,elena,24,WS,motorcycle,1
7159,elena,24,WS,sled,0
7159,elena,24,WS,stroller,1
7159,elena,24,WS,tractor,1
7159,elena,24,WS,train,1
7159,elena,24,WS,tricycle,1
7159,elena,24,WS,truck,1
7159,elena,24,WS,ball,1
7159,elena,24,WS,balloon,1
7159,elena,24,WS,bat,1
7159,elena,24,WS,block,1
7159,elena,24,WS,book,1
7159,elena,24,WS,bubbles,1
7159,elena,24,WS,chalk,1
7159,elena,24,WS,crayon,1
7159,elena,24,WS,doll,0
7159,elena,24,WS,game,1
7159,elena,24,WS,glue,1
7159,elena,24,WS,pen,1
7159,elena,24,WS,pencil,1
7159,elena,24,WS,play dough,1
7159,elena,24,WS,present,1
7159,elena,24,WS,puzzle,1
7159,elena,24,WS,story,1
7159,elena,24,WS,toy (object),1
7159,elena,24,WS,apple,1
7159,elena,24,WS,apple sauce,1
7159,elena,24,WS,banana,1
7159,elena,24,WS,beans,1
7159,elena,24,WS,bread,1
7159,elena,24,WS,butter,1
7159,elena,24,WS,cake,1
7159,elena,24,WS,candy,1
7159,elena,24,WS,carrots,1
7159,elena,24,WS,cereal,0
7159,elena,24,WS,cheerios,1
7159,elena,24,WS,cheese,1
7159,elena,24,WS,chicken (food),1
7159,elena,24,WS,chocolate,1
7159,elena,24,WS,coffee,1
7159,elena,24,WS,coke,0
7159,elena,24,WS,cookie,1
7159,elena,24,WS,corn,1
7159,elena,24,WS,cracker,1
7159,elena,24,WS,donut,1
7159,elena,24,WS,drink (beverage),1
7159,elena,24,WS,egg,1
7159,elena,24,WS,fish (food),1
7159,elena,24,WS,food,1
7159,elena,24,WS,french fries,0
7159,elena,24,WS,grapes,1
7159,elena,24,WS,green beans,1
7159,elena,24,WS,gum,1
7159,elena,24,WS,hamburger,1
7159,elena,24,WS,ice,1
7159,elena,24,WS,ice cream,1
7159,elena,24,WS,jello,0
7159,elena,24,WS,jelly,0
7159,elena,24,WS,juice,1
7159,elena,24,WS,lollipop,1
7159,elena,24,WS,meat,1
7159,elena,24,WS,melon,1
7159,elena,24,WS,milk,1
7159,elena,24,WS,muffin,1
7159,elena,24,WS,noodles,1
7159,elena,24,WS,nuts,1
7159,elena,24,WS,orange (food),1
7159,elena,24,WS,pancakes,1
7159,elena,24,WS,peanut butter,0
7159,elena,24,WS,peas,1
7159,elena,24,WS,pickle,1
7159,elena,24,WS,pizza,1
7159,elena,24,WS,popcorn,1
7159,elena,24,WS,popsicle,1
7159,elena,24,WS,potato,1
7159,elena,24,WS,potato chips,0
7159,elena,24,WS,pretzel,1
7159,elena,24,WS,pudding,0
7159,elena,24,WS,pumpkin,1
7159,elena,24,WS,raisin,1
7159,elena,24,WS,salt,1
7159,elena,24,WS,sandwich,1
7159,elena,24,WS,sauce,1
7159,elena,24,WS,soda/pop,0
7159,elena,24,WS,soup,1
7159,elena,24,WS,spaghetti,1
7159,elena,24,WS,strawberry,1
7159,elena,24,WS,toast,1
7159,elena,24,WS,tuna,1
7159,elena,24,WS,vanilla,0
7159,elena,24,WS,vitamins,1
7159,elena,24,WS,water (beverage),1
7159,elena,24,WS,yogurt,1
7159,elena,24,WS,beads,1
7159,elena,24,WS,belt,0
7159,elena,24,WS,bib,1
7159,elena,24,WS,boots,1
7159,elena,24,WS,button,1
7159,elena,24,WS,coat,1
7159,elena,24,WS,diaper,1
7159,elena,24,WS,dress (object),0
7159,elena,24,WS,gloves,0
7159,elena,24,WS,hat,1
7159,elena,24,WS,jacket,1
7159,elena,24,WS,jeans,1
7159,elena,24,WS,mittens,0
7159,elena,24,WS,necklace,1
7159,elena,24,WS,pajamas,1
7159,elena,24,WS,pants,1
7159,elena,24,WS,scarf,0
7159,elena,24,WS,shirt,1
7159,elena,24,WS,shoe,1
7159,elena,24,WS,shorts,1
7159,elena,24,WS,slipper,1
7159,elena,24,WS,sneaker,0
7159,elena,24,WS,snowsuit,0
7159,elena,24,WS,sock,1
7159,elena,24,WS,sweater,1
7159,elena,24,WS,tights,0
7159,elena,24,WS,underpants,1
7159,elena,24,WS,zipper,1
7159,elena,24,WS,ankle,0
7159,elena,24,WS,arm,1
7159,elena,24,WS,belly button,1
7159,elena,24,WS,buttocks/bottom*,1
7159,elena,24,WS,cheek,1
7159,elena,24,WS,chin,1
7159,elena,24,WS,ear,1
7159,elena,24,WS,eye,1
7159,elena,24,WS,face,1
7159,elena,24,WS,foot,1
7159,elena,24,WS,finger,1
7159,elena,24,WS,hair,1
7159,elena,24,WS,hand,1
7159,elena,24,WS,head,1
7159,elena,24,WS,knee,1
7159,elena,24,WS,leg,1
7159,elena,24,WS,lips,1
7159,elena,24,WS,mouth,1
7159,elena,24,WS,nose,1
7159,elena,24,WS,owie/boo boo,1
7159,elena,24,WS,penis*,0
7159,elena,24,WS,shoulder,0
7159,elena,24,WS,tooth,1
7159,elena,24,WS,toe,1
7159,elena,24,WS,tongue,1
7159,elena,24,WS,tummy,1
7159,elena,24,WS,vagina*,0
7159,elena,24,WS,basket,1
7159,elena,24,WS,blanket,1
7159,elena,24,WS,bottle,1
7159,elena,24,WS,box,1
7159,elena,24,WS,bowl,1
7159,elena,24,WS,broom,0
7159,elena,24,WS,brush,1
7159,elena,24,WS,bucket,1
7159,elena,24,WS,camera,1
7159,elena,24,WS,can (object),1
7159,elena,24,WS,clock,1
7159,elena,24,WS,comb,0
7159,elena,24,WS,cup,1
7159,elena,24,WS,dish,1
7159,elena,24,WS,fork,1
7159,elena,24,WS,garbage,1
7159,elena,24,WS,glass,1
7159,elena,24,WS,glasses,1
7159,elena,24,WS,hammer,1
7159,elena,24,WS,jar,0
7159,elena,24,WS,keys,1
7159,elena,24,WS,knife,1
7159,elena,24,WS,lamp,1
7159,elena,24,WS,light,1
7159,elena,24,WS,medicine,1
7159,elena,24,WS,money,0
7159,elena,24,WS,mop,0
7159,elena,24,WS,nail,1
7159,elena,24,WS,napkin,1
7159,elena,24,WS,paper,1
7159,elena,24,WS,penny,0
7159,elena,24,WS,picture,1
7159,elena,24,WS,pillow,1
7159,elena,24,WS,plant,1
7159,elena,24,WS,plate,1
7159,elena,24,WS,purse,1
7159,elena,24,WS,radio,0
7159,elena,24,WS,scissors,0
7159,elena,24,WS,soap,1
7159,elena,24,WS,spoon,1
7159,elena,24,WS,tape,0
7159,elena,24,WS,telephone,1
7159,elena,24,WS,tissue/kleenex,1
7159,elena,24,WS,toothbrush,1
7159,elena,24,WS,towel,1
7159,elena,24,WS,trash,1
7159,elena,24,WS,tray,1
7159,elena,24,WS,vacuum,1
7159,elena,24,WS,walker,1
7159,elena,24,WS,watch (object),1
7159,elena,24,WS,basement,0
7159,elena,24,WS,bathroom,1
7159,elena,24,WS,bathtub,1
7159,elena,24,WS,bed,1
7159,elena,24,WS,bedroom,1
7159,elena,24,WS,bench,0
7159,elena,24,WS,chair,1
7159,elena,24,WS,closet,1
7159,elena,24,WS,couch,1
7159,elena,24,WS,crib,1
7159,elena,24,WS,door,1
7159,elena,24,WS,drawer,1
7159,elena,24,WS,dryer,1
7159,elena,24,WS,garage,1
7159,elena,24,WS,high chair,1
7159,elena,24,WS,kitchen,1
7159,elena,24,WS,living room,1
7159,elena,24,WS,oven,1
7159,elena,24,WS,play pen,0
7159,elena,24,WS,porch,1
7159,elena,24,WS,potty,1
7159,elena,24,WS,refrigerator,1
7159,elena,24,WS,rocking chair,1
7159,elena,24,WS,room,1
7159,elena,24,WS,shower,1
7159,elena,24,WS,sink,1
7159,elena,24,WS,sofa,1
7159,elena,24,WS,stairs,1
7159,elena,24,WS,stove,1
7159,elena,24,WS,table,1
7159,elena,24,WS,TV,1
7159,elena,24,WS,washing machine,0
7159,elena,24,WS,window,1
7159,elena,24,WS,backyard,1
7159,elena,24,WS,cloud,1
7159,elena,24,WS,flag,1
7159,elena,24,WS,flower,1
7159,elena,24,WS,garden,1
7159,elena,24,WS,grass,1
7159,elena,24,WS,hose,0
7159,elena,24,WS,ladder,1
7159,elena,24,WS,lawn mower,1
7159,elena,24,WS,moon,1
7159,elena,24,WS,pool,1
7159,elena,24,WS,rain,1
7159,elena,24,WS,rock,1
7159,elena,24,WS,roof,1
7159,elena,24,WS,sandbox,1
7159,elena,24,WS,shovel,1
7159,elena,24,WS,sidewalk,1
7159,elena,24,WS,sky,1
7159,elena,24,WS,slide (object),1
7159,elena,24,WS,snow,1
7159,elena,24,WS,snowman,1
7159,elena,24,WS,sprinkler,1
7159,elena,24,WS,star,1
7159,elena,24,WS,stick,1
7159,elena,24,WS,stone,0
7159,elena,24,WS,street,1
7159,elena,24,WS,sun,1
7159,elena,24,WS,swing (object),1
7159,elena,24,WS,tree,1
7159,elena,24,WS,water (not beverage),1
7159,elena,24,WS,wind,1
7159,elena,24,WS,beach,1
7159,elena,24,WS,camping,1
7159,elena,24,WS,church*,1
7159,elena,24,WS,circus,0
7159,elena,24,WS,country,0
7159,elena,24,WS,downtown,1
7159,elena,24,WS,farm,1
7159,elena,24,WS,gas station,1
7159,elena,24,WS,home,1
7159,elena,24,WS,house,1
7159,elena,24,WS,movie,1
7159,elena,24,WS,outside,1
7159,elena,24,WS,park,1
7159,elena,24,WS,party,1
7159,elena,24,WS,picnic,1
7159,elena,24,WS,playground,0
7159,elena,24,WS,school,0
7159,elena,24,WS,store,1
7159,elena,24,WS,woods,1
7159,elena,24,WS,work (place),1
7159,elena,24,WS,yard,1
7159,elena,24,WS,zoo,0
7159,elena,24,WS,aunt,1
7159,elena,24,WS,baby,1
7159,elena,24,WS,babysitter,0
7159,elena,24,WS,babysitter's name,1
7159,elena,24,WS,boy,1
7159,elena,24,WS,brother,1
7159,elena,24,WS,child,0
7159,elena,24,WS,clown,0
7159,elena,24,WS,cowboy,0
7159,elena,24,WS,daddy*,1
7159,elena,24,WS,doctor,1
7159,elena,24,WS,fireman,1
7159,elena,24,WS,friend,1
7159,elena,24,WS,girl,1
7159,elena,24,WS,grandma*,1
7159,elena,24,WS,grandpa*,1
7159,elena,24,WS,lady,0
7159,elena,24,WS,mailman,1
7159,elena,24,WS,man,1
7159,elena,24,WS,mommy*,1
7159,elena,24,WS,nurse,0
7159,elena,24,WS,child's own name,1
7159,elena,24,WS,people,1
7159,elena,24,WS,person,1
7159,elena,24,WS,pet's name,1
7159,elena,24,WS,police,1
7159,elena,24,WS,sister,1
7159,elena,24,WS,teacher,1
7159,elena,24,WS,uncle,1
7159,elena,24,WS,bath,1
7159,elena,24,WS,breakfast,1
7159,elena,24,WS,bye,1
7159,elena,24,WS,call (on phone),1
7159,elena,24,WS,dinner,1
7159,elena,24,WS,gimme five,1
7159,elena,24,WS,gonna get you,1
7159,elena,24,WS,go potty,1
7159,elena,24,WS,hi,1
7159,elena,24,WS,hello,1
7159,elena,24,WS,lunch,1
7159,elena,24,WS,nap,1
7159,elena,24,WS,night night,1
7159,elena,24,WS,no,1
7159,elena,24,WS,patty cake,0
7159,elena,24,WS,peekaboo,1
7159,elena,24,WS,please,1
7159,elena,24,WS,shh/shush/hush,1
7159,elena,24,WS,shopping,1
7159,elena,24,WS,snack,1
7159,elena,24,WS,so big,1
7159,elena,24,WS,thank you,1
7159,elena,24,WS,this little piggy,1
7159,elena,24,WS,turn around,1
7159,elena,24,WS,yes,1
7159,elena,24,WS,bite,1
7159,elena,24,WS,blow,1
7159,elena,24,WS,break,1
7159,elena,24,WS,bring,0
7159,elena,24,WS,build,1
7159,elena,24,WS,bump,1
7159,elena,24,WS,buy,1
7159,elena,24,WS,carry,0
7159,elena,24,WS,catch,1
7159,elena,24,WS,chase,1
7159,elena,24,WS,clap,1
7159,elena,24,WS,clean (action),1
7159,elena,24,WS,climb,1
7159,elena,24,WS,close,1
7159,elena,24,WS,cook,1
7159,elena,24,WS,cover,0
7159,elena,24,WS,cry,1
7159,elena,24,WS,cut,0
7159,elena,24,WS,dance,1
7159,elena,24,WS,draw,1
7159,elena,24,WS,drink (action),1
7159,elena,24,WS,drive,1
7159,elena,24,WS,drop,1
7159,elena,24,WS,dry (action),1
7159,elena,24,WS,dump,1
7159,elena,24,WS,eat,1
7159,elena,24,WS,fall,1
7159,elena,24,WS,feed,0
7159,elena,24,WS,find,1
7159,elena,24,WS,finish,0
7159,elena,24,WS,fit,0
7159,elena,24,WS,fix,1
7159,elena,24,WS,get,1
7159,elena,24,WS,give,1
7159,elena,24,WS,go,1
7159,elena,24,WS,hate,0
7159,elena,24,WS,have,1
7159,elena,24,WS,hear,1
7159,elena,24,WS,help,1
7159,elena,24,WS,hide,1
7159,elena,24,WS,hit,1
7159,elena,24,WS,hold,1
7159,elena,24,WS,hug,1
7159,elena,24,WS,hurry,1
7159,elena,24,WS,jump,1
7159,elena,24,WS,kick,1
7159,elena,24,WS,kiss,1
7159,elena,24,WS,knock,0
7159,elena,24,WS,lick,0
7159,elena,24,WS,like,1
7159,elena,24,WS,listen,1
7159,elena,24,WS,look,1
7159,elena,24,WS,love,1
7159,elena,24,WS,make,1
7159,elena,24,WS,open,1
7159,elena,24,WS,paint,1
7159,elena,24,WS,pick,0
7159,elena,24,WS,play,1
7159,elena,24,WS,pour,0
7159,elena,24,WS,pretend,0
7159,elena,24,WS,pull,1
7159,elena,24,WS,push,1
7159,elena,24,WS,put,1
7159,elena,24,WS,read,1
7159,elena,24,WS,ride,1
7159,elena,24,WS,rip,0
7159,elena,24,WS,run,1
7159,elena,24,WS,say,1
7159,elena,24,WS,see,1
7159,elena,24,WS,shake,1
7159,elena,24,WS,share,1
7159,elena,24,WS,show,1
7159,elena,24,WS,sing,1
7159,elena,24,WS,sit,1
7159,elena,24,WS,skate,0
7159,elena,24,WS,sleep,1
7159,elena,24,WS,slide (action),1
7159,elena,24,WS,smile,1
7159,elena,24,WS,spill,1
7159,elena,24,WS,splash,1
7159,elena,24,WS,stand,1
7159,elena,24,WS,stay,1
7159,elena,24,WS,stop,1
7159,elena,24,WS,sweep,1
7159,elena,24,WS,swim,1
7159,elena,24,WS,swing (action),1
7159,elena,24,WS,take,1
7159,elena,24,WS,talk,1
7159,elena,24,WS,taste,0
7159,elena,24,WS,tear,0
7159,elena,24,WS,think,0
7159,elena,24,WS,throw,1
7159,elena,24,WS,tickle,1
7159,elena,24,WS,touch,1
7159,elena,24,WS,wait,1
7159,elena,24,WS,wake,0
7159,elena,24,WS,walk,1
7159,elena,24,WS,wash,1
7159,elena,24,WS,watch (action),1
7159,elena,24,WS,wipe,1
7159,elena,24,WS,wish,0
7159,elena,24,WS,work (action),1
7159,elena,24,WS,write,0
7159,elena,24,WS,all gone,1
7159,elena,24,WS,asleep,1
7159,elena,24,WS,awake,1
7159,elena,24,WS,bad,1
7159,elena,24,WS,better,1
7159,elena,24,WS,big,1
7159,elena,24,WS,black,0
7159,elena,24,WS,blue,1
7159,elena,24,WS,broken,1
7159,elena,24,WS,brown,1
7159,elena,24,WS,careful,1
7159,elena,24,WS,clean (description),1
7159,elena,24,WS,cold,1
7159,elena,24,WS,cute,0
7159,elena,24,WS,dark,0
7159,elena,24,WS,dirty,1
7159,elena,24,WS,dry (description),1
7159,elena,24,WS,empty,1
7159,elena,24,WS,fast,1
7159,elena,24,WS,fine,0
7159,elena,24,WS,first,0
7159,elena,24,WS,full,1
7159,elena,24,WS,gentle,1
7159,elena,24,WS,good,1
7159,elena,24,WS,green,1
7159,elena,24,WS,happy,1
7159,elena,24,WS,hard,1
7159,elena,24,WS,heavy,1
7159,elena,24,WS,high,1
7159,elena,24,WS,hot,1
7159,elena,24,WS,hungry,1
7159,elena,24,WS,hurt,1
7159,elena,24,WS,last,0
7159,elena,24,WS,little (description),1
7159,elena,24,WS,long,0
7159,elena,24,WS,loud,1
7159,elena,24,WS,mad,1
7159,elena,24,WS,naughty,0
7159,elena,24,WS,new,0
7159,elena,24,WS,nice,1
7159,elena,24,WS,noisy,1
7159,elena,24,WS,old,0
7159,elena,24,WS,orange (description),1
7159,elena,24,WS,poor,0
7159,elena,24,WS,pretty,0
7159,elena,24,WS,quiet,1
7159,elena,24,WS,red,0
7159,elena,24,WS,sad,1
7159,elena,24,WS,scared,1
7159,elena,24,WS,sick,1
7159,elena,24,WS,sleepy,1
7159,elena,24,WS,slow,1
7159,elena,24,WS,soft,1
7159,elena,24,WS,sticky,1
7159,elena,24,WS,stuck,1
7159,elena,24,WS,thirsty,1
7159,elena,24,WS,tiny,0
7159,elena,24,WS,tired,1
7159,elena,24,WS,wet,1
7159,elena,24,WS,white,0
7159,elena,24,WS,windy,1
7159,elena,24,WS,yellow,0
7159,elena,24,WS,yucky,1
7159,elena,24,WS,after,0
7159,elena,24,WS,before,0
7159,elena,24,WS,day,0
7159,elena,24,WS,later,1
7159,elena,24,WS,morning,1
7159,elena,24,WS,night,1
7159,elena,24,WS,now,0
7159,elena,24,WS,time,0
7159,elena,24,WS,today,1
7159,elena,24,WS,tomorrow,1
7159,elena,24,WS,tonight,1
7159,elena,24,WS,yesterday,0
7159,elena,24,WS,he,1
7159,elena,24,WS,her,1
7159,elena,24,WS,hers,1
7159,elena,24,WS,him,1
7159,elena,24,WS,his,1
7159,elena,24,WS,I,1
7159,elena,24,WS,it,1
7159,elena,24,WS,me,1
7159,elena,24,WS,mine,1
7159,elena,24,WS,my,1
7159,elena,24,WS,myself,0
7159,elena,24,WS,our,1
7159,elena,24,WS,she,1
7159,elena,24,WS,that,1
7159,elena,24,WS,their,0
7159,elena,24,WS,them,1
7159,elena,24,WS,these,1
7159,elena,24,WS,they,0
7159,elena,24,WS,this,1
7159,elena,24,WS,those,0
7159,elena,24,WS,us,1
7159,elena,24,WS,we,1
7159,elena,24,WS,you,1
7159,elena,24,WS,your,1
7159,elena,24,WS,yourself,0
7159,elena,24,WS,how,1
7159,elena,24,WS,what,1
7159,elena,24,WS,when,1
7159,elena,24,WS,where,1
7159,elena,24,WS,which,0
7159,elena,24,WS,who,1
7159,elena,24,WS,why,1
7159,elena,24,WS,about,0
7159,elena,24,WS,above,0
7159,elena,24,WS,around,0
7159,elena,24,WS,at,1
7159,elena,24,WS,away,1
7159,elena,24,WS,back,1
7159,elena,24,WS,behind,1
7159,elena,24,WS,beside,1
7159,elena,24,WS,by,1
7159,elena,24,WS,down,1
7159,elena,24,WS,for,1
7159,elena,24,WS,here,1
7159,elena,24,WS,inside/in,1
7159,elena,24,WS,into,1
7159,elena,24,WS,next to,0
7159,elena,24,WS,of,1
7159,elena,24,WS,off,1
7159,elena,24,WS,on,1
7159,elena,24,WS,on top of,1
7159,elena,24,WS,out,1
7159,elena,24,WS,over,1
7159,elena,24,WS,there,1
7159,elena,24,WS,to,1
7159,elena,24,WS,under,1
7159,elena,24,WS,up,1
7159,elena,24,WS,with,1
7159,elena,24,WS,a,1
7159,elena,24,WS,all,1
7159,elena,24,WS,a lot,1
7159,elena,24,WS,an,0
7159,elena,24,WS,another,0
7159,elena,24,WS,any,1
7159,elena,24,WS,each,1
7159,elena,24,WS,every,1
7159,elena,24,WS,more,1
7159,elena,24,WS,much,1
7159,elena,24,WS,not,1
7159,elena,24,WS,none,1
7159,elena,24,WS,other,1
7159,elena,24,WS,same,1
7159,elena,24,WS,some,1
7159,elena,24,WS,the,1
7159,elena,24,WS,too,1
7159,elena,24,WS,am,1
7159,elena,24,WS,are,1
7159,elena,24,WS,be,1
7159,elena,24,WS,can (auxiliary),1
7159,elena,24,WS,could,0
7159,elena,24,WS,did/did ya,1
7159,elena,24,WS,do,1
7159,elena,24,WS,does,1
7159,elena,24,WS,don't,1
7159,elena,24,WS,gonna/going to,1
7159,elena,24,WS,gotta/got to,1
7159,elena,24,WS,hafta/have to,1
7159,elena,24,WS,is,1
7159,elena,24,WS,lemme/let me,1
7159,elena,24,WS,need/need to,1
7159,elena,24,WS,try/try to,1
7159,elena,24,WS,wanna/want to,1
7159,elena,24,WS,was,1
7159,elena,24,WS,were,0
7159,elena,24,WS,will,0
7159,elena,24,WS,would,0
7159,elena,24,WS,and,1
7159,elena,24,WS,because,1
7159,elena,24,WS,but,0
7159,elena,24,WS,if,0
7159,elena,24,WS,so,1
7159,elena,24,WS,then,1
7165,elena,25,WS,baa baa,1
7165,elena,25,WS,choo choo,1
7165,elena,25,WS,cock-a-doodle-doo,0
7165,elena,25,WS,grrr,1
7165,elena,25,WS,meow,1
7165,elena,25,WS,moo,1
7165,elena,25,WS,ouch,1
7165,elena,25,WS,quack quack,1
7165,elena,25,WS,uh oh,1
7165,elena,25,WS,vroom,1
7165,elena,25,WS,woof woof,1
7165,elena,25,WS,yum yum,1
7165,elena,25,WS,alligator,1
7165,elena,25,WS,animal,1
7165,elena,25,WS,ant,0
7165,elena,25,WS,bear,1
7165,elena,25,WS,bee,0
7165,elena,25,WS,bird,1
7165,elena,25,WS,bug,1
7165,elena,25,WS,bunny,1
7165,elena,25,WS,butterfly,1
7165,elena,25,WS,cat,1
7165,elena,25,WS,chicken (animal),0
7165,elena,25,WS,cow,1
7165,elena,25,WS,deer,0
7165,elena,25,WS,dog,1
7165,elena,25,WS,donkey,0
7165,elena,25,WS,duck,1
7165,elena,25,WS,elephant,1
7165,elena,25,WS,fish (animal),1
7165,elena,25,WS,frog,1
7165,elena,25,WS,giraffe,1
7165,elena,25,WS,goose,0
7165,elena,25,WS,hen,0
7165,elena,25,WS,horse,1
7165,elena,25,WS,kitty,1
7165,elena,25,WS,lamb,0
7165,elena,25,WS,lion,1
7165,elena,25,WS,monkey,1
7165,elena,25,WS,moose,0
7165,elena,25,WS,mouse,1
7165,elena,25,WS,owl,0
7165,elena,25,WS,penguin,1
7165,elena,25,WS,pig,1
7165,elena,25,WS,pony,0
7165,elena,25,WS,puppy,1
7165,elena,25,WS,rooster,0
7165,elena,25,WS,sheep,1
7165,elena,25,WS,squirrel,0
7165,elena,25,WS,teddy bear,0
7165,elena,25,WS,tiger,1
7165,elena,25,WS,turkey,0
7165,elena,25,WS,turtle,1
7165,elena,25,WS,wolf,0
7165,elena,25,WS,zebra,1
7165,elena,25,WS,airplane,1
7165,elena,25,WS,bicycle,1
7165,elena,25,WS,boat,1
7165,elena,25,WS,bus,1
7165,elena,25,WS,car,1
7165,elena,25,WS,fire truck,1
7165,elena,25,WS,helicopter,1
7165,elena,25,WS,motorcycle,1
7165,elena,25,WS,sled,0
7165,elena,25,WS,stroller,0
7165,elena,25,WS,tractor,1
7165,elena,25,WS,train,1
7165,elena,25,WS,tricycle,1
7165,elena,25,WS,truck,1
7165,elena,25,WS,ball,1
7165,elena,25,WS,balloon,1
7165,elena,25,WS,bat,0
7165,elena,25,WS,block,1
7165,elena,25,WS,book,1
7165,elena,25,WS,bubbles,1
7165,elena,25,WS,chalk,0
7165,elena,25,WS,crayon,1
7165,elena,25,WS,doll,0
7165,elena,25,WS,game,0
7165,elena,25,WS,glue,0
7165,elena,25,WS,pen,1
7165,elena,25,WS,pencil,0
7165,elena,25,WS,play dough,0
7165,elena,25,WS,present,0
7165,elena,25,WS,puzzle,0
7165,elena,25,WS,story,0
7165,elena,25,WS,toy (object),1
7165,elena,25,WS,apple,1
7165,elena,25,WS,apple sauce,1
7165,elena,25,WS,banana,1
7165,elena,25,WS,beans,0
7165,elena,25,WS,bread,1
7165,elena,25,WS,butter,0
7165,elena,25,WS,cake,0
7165,elena,25,WS,candy,0
7165,elena,25,WS,carrots,1
7165,elena,25,WS,cereal,1
7165,elena,25,WS,cheerios,0
7165,elena,25,WS,cheese,1
7165,elena,25,WS,chicken (food),1
7165,elena,25,WS,chocolate,0
7165,elena,25,WS,coffee,0
7165,elena,25,WS,coke,0
7165,elena,25,WS,cookie,1
7165,elena,25,WS,corn,1
7165,elena,25,WS,cracker,1
7165,elena,25,WS,donut,1
7165,elena,25,WS,drink (beverage),1
7165,elena,25,WS,egg,1
7165,elena,25,WS,fish (food),1
7165,elena,25,WS,food,0
7165,elena,25,WS,french fries,1
7165,elena,25,WS,grapes,1
7165,elena,25,WS,green beans,1
7165,elena,25,WS,gum,0
7165,elena,25,WS,hamburger,0
7165,elena,25,WS,ice,1
7165,elena,25,WS,ice cream,1
7165,elena,25,WS,jello,0
7165,elena,25,WS,jelly,0
7165,elena,25,WS,juice,1
7165,elena,25,WS,lollipop,1
7165,elena,25,WS,meat,0
7165,elena,25,WS,melon,1
7165,elena,25,WS,milk,1
7165,elena,25,WS,muffin,0
7165,elena,25,WS,noodles,1
7165,elena,25,WS,nuts,0
7165,elena,25,WS,orange (food),1
7165,elena,25,WS,pancakes,1
7165,elena,25,WS,peanut butter,0
7165,elena,25,WS,peas,0
7165,elena,25,WS,pickle,0
7165,elena,25,WS,pizza,1
7165,elena,25,WS,popcorn,0
7165,elena,25,WS,popsicle,0
7165,elena,25,WS,potato,0
7165,elena,25,WS,potato chips,0
7165,elena,25,WS,pretzel,0
7165,elena,25,WS,pudding,0
7165,elena,25,WS,pumpkin,1
7165,elena,25,WS,raisin,0
7165,elena,25,WS,salt,0
7165,elena,25,WS,sandwich,0
7165,elena,25,WS,sauce,0
7165,elena,25,WS,soda/pop,0
7165,elena,25,WS,soup,0
7165,elena,25,WS,spaghetti,0
7165,elena,25,WS,strawberry,1
7165,elena,25,WS,toast,1
7165,elena,25,WS,tuna,0
7165,elena,25,WS,vanilla,0
7165,elena,25,WS,vitamins,1
7165,elena,25,WS,water (beverage),1
7165,elena,25,WS,yogurt,1
7165,elena,25,WS,beads,0
7165,elena,25,WS,belt,0
7165,elena,25,WS,bib,1
7165,elena,25,WS,boots,0
7165,elena,25,WS,button,0
7165,elena,25,WS,coat,0
7165,elena,25,WS,diaper,1
7165,elena,25,WS,dress (object),0
7165,elena,25,WS,gloves,0
7165,elena,25,WS,hat,1
7165,elena,25,WS,jacket,1
7165,elena,25,WS,jeans,0
7165,elena,25,WS,mittens,0
7165,elena,25,WS,necklace,0
7165,elena,25,WS,pajamas,1
7165,elena,25,WS,pants,1
7165,elena,25,WS,scarf,0
7165,elena,25,WS,shirt,1
7165,elena,25,WS,shoe,1
7165,elena,25,WS,shorts,0
7165,elena,25,WS,slipper,0
7165,elena,25,WS,sneaker,0
7165,elena,25,WS,snowsuit,0
7165,elena,25,WS,sock,1
7165,elena,25,WS,sweater,0
7165,elena,25,WS,tights,0
7165,elena,25,WS,underpants,0
7165,elena,25,WS,zipper,0
7165,elena,25,WS,ankle,0
7165,elena,25,WS,arm,1
7165,elena,25,WS,belly button,1
7165,elena,25,WS,buttocks/bottom*,0
7165,elena,25,WS,cheek,1
7165,elena,25,WS,chin,1
7165,elena,25,WS,ear,1
7165,elena,25,WS,eye,1
7165,elena,25,WS,face,0
7165,elena,25,WS,foot,1
7165,elena,25,WS,finger,1
7165,elena,25,WS,hair,1
7165,elena,25,WS,hand,1
7165,elena,25,WS,head,1
7165,elena,25,WS,knee,1
7165,elena,25,WS,leg,1
7165,elena,25,WS,lips,0
7165,elena,25,WS,mouth,1
7165,elena,25,WS,nose,1
7165,elena,25,WS,owie/boo boo,1
7165,elena,25,WS,penis*,0
7165,elena,25,WS,shoulder,1
7165,elena,25,WS,tooth,1
7165,elena,25,WS,toe,1
7165,elena,25,WS,tongue,1
7165,elena,25,WS,tummy,1
7165,elena,25,WS,vagina*,0
7165,elena,25,WS,basket,0
7165,elena,25,WS,blanket,1
7165,elena,25,WS,bottle,1
7165,elena,25,WS,box,1
7165,elena,25,WS,bowl,0
7165,elena,25,WS,broom,0
7165,elena,25,WS,brush,0
7165,elena,25,WS,bucket,0
7165,elena,25,WS,camera,0
7165,elena,25,WS,can (object),1
7165,elena,25,WS,clock,0
7165,elena,25,WS,comb,0
7165,elena,25,WS,cup,1
7165,elena,25,WS,dish,0
7165,elena,25,WS,fork,1
7165,elena,25,WS,garbage,0
7165,elena,25,WS,glass,0
7165,elena,25,WS,glasses,1
7165,elena,25,WS,hammer,0
7165,elena,25,WS,jar,0
7165,elena,25,WS,keys,1
7165,elena,25,WS,knife,0
7165,elena,25,WS,lamp,0
7165,elena,25,WS,light,1
7165,elena,25,WS,medicine,0
7165,elena,25,WS,money,0
7165,elena,25,WS,mop,0
7165,elena,25,WS,nail,0
7165,elena,25,WS,napkin,0
7165,elena,25,WS,paper,0
7165,elena,25,WS,penny,0
7165,elena,25,WS,picture,0
7165,elena,25,WS,pillow,0
7165,elena,25,WS,plant,0
7165,elena,25,WS,plate,0
7165,elena,25,WS,purse,0
7165,elena,25,WS,radio,0
7165,elena,25,WS,scissors,0
7165,elena,25,WS,soap,0
7165,elena,25,WS,spoon,1
7165,elena,25,WS,tape,0
7165,elena,25,WS,telephone,0
7165,elena,25,WS,tissue/kleenex,0
7165,elena,25,WS,toothbrush,1
7165,elena,25,WS,towel,0
7165,elena,25,WS,trash,0
7165,elena,25,WS,tray,0
7165,elena,25,WS,vacuum,0
7165,elena,25,WS,walker,0
7165,elena,25,WS,watch (object),1
7165,elena,25,WS,basement,0
7165,elena,25,WS,bathroom,0
7165,elena,25,WS,bathtub,0
7165,elena,25,WS,bed,1
7165,elena,25,WS,bedroom,0
7165,elena,25,WS,bench,0
7165,elena,25,WS,chair,1
7165,elena,25,WS,closet,0
7165,elena,25,WS,couch,0
7165,elena,25,WS,crib,0
7165,elena,25,WS,door,0
7165,elena,25,WS,drawer,0
7165,elena,25,WS,dryer,0
7165,elena,25,WS,garage,1
7165,elena,25,WS,high chair,0
7165,elena,25,WS,kitchen,0
7165,elena,25,WS,living room,0
7165,elena,25,WS,oven,0
7165,elena,25,WS,play pen,0
7165,elena,25,WS,porch,0
7165,elena,25,WS,potty,1
7165,elena,25,WS,refrigerator,0
7165,elena,25,WS,rocking chair,0
7165,elena,25,WS,room,1
7165,elena,25,WS,shower,1
7165,elena,25,WS,sink,0
7165,elena,25,WS,sofa,1
7165,elena,25,WS,stairs,0
7165,elena,25,WS,stove,0
7165,elena,25,WS,table,1
7165,elena,25,WS,TV,0
7165,elena,25,WS,washing machine,0
7165,elena,25,WS,window,1
7165,elena,25,WS,backyard,0
7165,elena,25,WS,cloud,0
7165,elena,25,WS,flag,0
7165,elena,25,WS,flower,1
7165,elena,25,WS,garden,0
7165,elena,25,WS,grass,0
7165,elena,25,WS,hose,0
7165,elena,25,WS,ladder,0
7165,elena,25,WS,lawn mower,1
7165,elena,25,WS,moon,1
7165,elena,25,WS,pool,0
7165,elena,25,WS,rain,1
7165,elena,25,WS,rock,0
7165,elena,25,WS,roof,0
7165,elena,25,WS,sandbox,0
7165,elena,25,WS,shovel,0
7165,elena,25,WS,sidewalk,0
7165,elena,25,WS,sky,0
7165,elena,25,WS,slide (object),0
7165,elena,25,WS,snow,1
7165,elena,25,WS,snowman,1
7165,elena,25,WS,sprinkler,0
7165,elena,25,WS,star,1
7165,elena,25,WS,stick,0
7165,elena,25,WS,stone,0
7165,elena,25,WS,street,0
7165,elena,25,WS,sun,1
7165,elena,25,WS,swing (object),0
7165,elena,25,WS,tree,1
7165,elena,25,WS,water (not beverage),1
7165,elena,25,WS,wind,0
7165,elena,25,WS,beach,0
7165,elena,25,WS,camping,0
7165,elena,25,WS,church*,0
7165,elena,25,WS,circus,0
7165,elena,25,WS,country,0
7165,elena,25,WS,downtown,0
7165,elena,25,WS,farm,0
7165,elena,25,WS,gas station,0
7165,elena,25,WS,home,1
7165,elena,25,WS,house,1
7165,elena,25,WS,movie,0
7165,elena,25,WS,outside,1
7165,elena,25,WS,park,0
7165,elena,25,WS,party,0
7165,elena,25,WS,picnic,0
7165,elena,25,WS,playground,1
7165,elena,25,WS,school,0
7165,elena,25,WS,store,0
7165,elena,25,WS,woods,0
7165,elena,25,WS,work (place),0
7165,elena,25,WS,yard,0
7165,elena,25,WS,zoo,1
7165,elena,25,WS,aunt,1
7165,elena,25,WS,baby,1
7165,elena,25,WS,babysitter,0
7165,elena,25,WS,babysitter's name,1
7165,elena,25,WS,boy,1
7165,elena,25,WS,brother,1
7165,elena,25,WS,child,0
7165,elena,25,WS,clown,0
7165,elena,25,WS,cowboy,0
7165,elena,25,WS,daddy*,1
7165,elena,25,WS,doctor,1
7165,elena,25,WS,fireman,1
7165,elena,25,WS,friend,0
7165,elena,25,WS,girl,1
7165,elena,25,WS,grandma*,1
7165,elena,25,WS,grandpa*,1
7165,elena,25,WS,lady,1
7165,elena,25,WS,mailman,0
7165,elena,25,WS,man,1
7165,elena,25,WS,mommy*,1
7165,elena,25,WS,nurse,0
7165,elena,25,WS,child's own name,1
7165,elena,25,WS,people,1
7165,elena,25,WS,person,0
7165,elena,25,WS,pet's name,0
7165,elena,25,WS,police,0
7165,elena,25,WS,sister,0
7165,elena,25,WS,teacher,0
7165,elena,25,WS,uncle,1
7165,elena,25,WS,bath,1
7165,elena,25,WS,breakfast,1
7165,elena,25,WS,bye,1
7165,elena,25,WS,call (on phone),0
7165,elena,25,WS,dinner,1
7165,elena,25,WS,gimme five,0
7165,elena,25,WS,gonna get you,0
7165,elena,25,WS,go potty,1
7165,elena,25,WS,hi,1
7165,elena,25,WS,hello,1
7165,elena,25,WS,lunch,0
7165,elena,25,WS,nap,1
7165,elena,25,WS,night night,1
7165,elena,25,WS,no,1
7165,elena,25,WS,patty cake,0
7165,elena,25,WS,peekaboo,1
7165,elena,25,WS,please,1
7165,elena,25,WS,shh/shush/hush,1
7165,elena,25,WS,shopping,0
7165,elena,25,WS,snack,1
7165,elena,25,WS,so big,0
7165,elena,25,WS,thank you,1
7165,elena,25,WS,this little piggy,0
7165,elena,25,WS,turn around,0
7165,elena,25,WS,yes,1
7165,elena,25,WS,bite,1
7165,elena,25,WS,blow,1
7165,elena,25,WS,break,0
7165,elena,25,WS,bring,0
7165,elena,25,WS,build,0
7165,elena,25,WS,bump,0
7165,elena,25,WS,buy,1
7165,elena,25,WS,carry,1
7165,elena,25,WS,catch,0
7165,elena,25,WS,chase,0
7165,elena,25,WS,clap,1
7165,elena,25,WS,clean (action),1
7165,elena,25,WS,climb,1
7165,elena,25,WS,close,0
7165,elena,25,WS,cook,1
7165,elena,25,WS,cover,0
7165,elena,25,WS,cry,1
7165,elena,25,WS,cut,0
7165,elena,25,WS,dance,0
7165,elena,25,WS,draw,0
7165,elena,25,WS,drink (action),1
7165,elena,25,WS,drive,1
7165,elena,25,WS,drop,0
7165,elena,25,WS,dry (action),0
7165,elena,25,WS,dump,0
7165,elena,25,WS,eat,1
7165,elena,25,WS,fall,1
7165,elena,25,WS,feed,0
7165,elena,25,WS,find,1
7165,elena,25,WS,finish,0
7165,elena,25,WS,fit,0
7165,elena,25,WS,fix,0
7165,elena,25,WS,get,1
7165,elena,25,WS,give,0
7165,elena,25,WS,go,1
7165,elena,25,WS,hate,0
7165,elena,25,WS,have,1
7165,elena,25,WS,hear,0
7165,elena,25,WS,help,1
7165,elena,25,WS,hide,1
7165,elena,25,WS,hit,1
7165,elena,25,WS,hold,1
7165,elena,25,WS,hug,0
7165,elena,25,WS,hurry,0
7165,elena,25,WS,jump,1
7165,elena,25,WS,kick,1
7165,elena,25,WS,kiss,0
7165,elena,25,WS,knock,0
7165,elena,25,WS,lick,0
7165,elena,25,WS,like,0
7165,elena,25,WS,listen,0
7165,elena,25,WS,look,0
7165,elena,25,WS,love,1
7165,elena,25,WS,make,0
7165,elena,25,WS,open,1
7165,elena,25,WS,paint,1
7165,elena,25,WS,pick,1
7165,elena,25,WS,play,1
7165,elena,25,WS,pour,0
7165,elena,25,WS,pretend,0
7165,elena,25,WS,pull,0
7165,elena,25,WS,push,1
7165,elena,25,WS,put,0
7165,elena,25,WS,read,0
7165,elena,25,WS,ride,1
7165,elena,25,WS,rip,0
7165,elena,25,WS,run,0
7165,elena,25,WS,say,0
7165,elena,25,WS,see,0
7165,elena,25,WS,shake,0
7165,elena,25,WS,share,1
7165,elena,25,WS,show,0
7165,elena,25,WS,sing,0
7165,elena,25,WS,sit,1
7165,elena,25,WS,skate,0
7165,elena,25,WS,sleep,1
7165,elena,25,WS,slide (action),0
7165,elena,25,WS,smile,0
7165,elena,25,WS,spill,0
7165,elena,25,WS,splash,0
7165,elena,25,WS,stand,0
7165,elena,25,WS,stay,0
7165,elena,25,WS,stop,1
7165,elena,25,WS,sweep,0
7165,elena,25,WS,swim,0
7165,elena,25,WS,swing (action),0
7165,elena,25,WS,take,1
7165,elena,25,WS,talk,0
7165,elena,25,WS,taste,0
7165,elena,25,WS,tear,0
7165,elena,25,WS,think,0
7165,elena,25,WS,throw,0
7165,elena,25,WS,tickle,1
7165,elena,25,WS,touch,0
7165,elena,25,WS,wait,1
7165,elena,25,WS,wake,1
7165,elena,25,WS,walk,1
7165,elena,25,WS,wash,1
7165,elena,25,WS,watch (action),1
7165,elena,25,WS,wipe,1
7165,elena,25,WS,wish,0
7165,elena,25,WS,work (action),0
7165,elena,25,WS,write,0
7165,elena,25,WS,all gone,1
7165,elena,25,WS,asleep,0
7165,elena,25,WS,awake,0
7165,elena,25,WS,bad,1
7165,elena,25,WS,better,0
7165,elena,25,WS,big,1
7165,elena,25,WS,black,1
7165,elena,25,WS,blue,1
7165,elena,25,WS,broken,0
7165,elena,25,WS,brown,1
7165,elena,25,WS,careful,0
7165,elena,25,WS,clean (description),1
7165,elena,25,WS,cold,0
7165,elena,25,WS,cute,1
7165,elena,25,WS,dark,1
7165,elena,25,WS,dirty,1
7165,elena,25,WS,dry (description),0
7165,elena,25,WS,empty,0
7165,elena,25,WS,fast,0
7165,elena,25,WS,fine,0
7165,elena,25,WS,first,0
7165,elena,25,WS,full,0
7165,elena,25,WS,gentle,0
7165,elena,25,WS,good,0
7165,elena,25,WS,green,1
7165,elena,25,WS,happy,0
7165,elena,25,WS,hard,0
7165,elena,25,WS,heavy,0
7165,elena,25,WS,high,0
7165,elena,25,WS,hot,1
7165,elena,25,WS,hungry,0
7165,elena,25,WS,hurt,0
7165,elena,25,WS,last,0
7165,elena,25,WS,little (description),0
7165,elena,25,WS,long,0
7165,elena,25,WS,loud,1
7165,elena,25,WS,mad,0
7165,elena,25,WS,naughty,0
7165,elena,25,WS,new,0
7165,elena,25,WS,nice,0
7165,elena,25,WS,noisy,0
7165,elena,25,WS,old,0
7165,elena,25,WS,orange (description),1
7165,elena,25,WS,poor,0
7165,elena,25,WS,pretty,0
7165,elena,25,WS,quiet,0
7165,elena,25,WS,red,1
7165,elena,25,WS,sad,0
7165,elena,25,WS,scared,0
7165,elena,25,WS,sick,0
7165,elena,25,WS,sleepy,0
7165,elena,25,WS,slow,1
7165,elena,25,WS,soft,0
7165,elena,25,WS,sticky,0
7165,elena,25,WS,stuck,0
7165,elena,25,WS,thirsty,0
7165,elena,25,WS,tiny,0
7165,elena,25,WS,tired,0
7165,elena,25,WS,wet,1
7165,elena,25,WS,white,1
7165,elena,25,WS,windy,0
7165,elena,25,WS,yellow,1
7165,elena,25,WS,yucky,0
7165,elena,25,WS,after,0
7165,elena,25,WS,before,0
7165,elena,25,WS,day,0
7165,elena,25,WS,later,0
7165,elena,25,WS,morning,1
7165,elena,25,WS,night,1
7165,elena,25,WS,now,0
7165,elena,25,WS,time,1
7165,elena,25,WS,today,0
7165,elena,25,WS,tomorrow,0
7165,elena,25,WS,tonight,0
7165,elena,25,WS,yesterday,0
7165,elena,25,WS,he,0
7165,elena,25,WS,her,0
7165,elena,25,WS,hers,0
7165,elena,25,WS,him,0
7165,elena,25,WS,his,0
7165,elena,25,WS,I,1
7165,elena,25,WS,it,0
7165,elena,25,WS,me,0
7165,elena,25,WS,mine,1
7165,elena,25,WS,my,0
7165,elena,25,WS,myself,0
7165,elena,25,WS,our,0
7165,elena,25,WS,she,0
7165,elena,25,WS,that,1
7165,elena,25,WS,their,0
7165,elena,25,WS,them,0
7165,elena,25,WS,these,0
7165,elena,25,WS,they,0
7165,elena,25,WS,this,0
7165,elena,25,WS,those,0
7165,elena,25,WS,us,0
7165,elena,25,WS,we,0
7165,elena,25,WS,you,0
7165,elena,25,WS,your,0
7165,elena,25,WS,yourself,0
7165,elena,25,WS,how,0
7165,elena,25,WS,what,0
7165,elena,25,WS,when,0
7165,elena,25,WS,where,0
7165,elena,25,WS,which,0
7165,elena,25,WS,who,0
7165,elena,25,WS,why,0
7165,elena,25,WS,about,0
7165,elena,25,WS,above,0
7165,elena,25,WS,around,0
7165,elena,25,WS,at,0
7165,elena,25,WS,away,0
7165,elena,25,WS,back,0
7165,elena,25,WS,behind,0
7165,elena,25,WS,beside,0
7165,elena,25,WS,by,0
7165,elena,25,WS,down,1
7165,elena,25,WS,for,0
7165,elena,25,WS,here,1
7165,elena,25,WS,inside/in,0
7165,elena,25,WS,into,0
7165,elena,25,WS,next to,0
7165,elena,25,WS,of,0
7165,elena,25,WS,off,1
7165,elena,25,WS,on,1
7165,elena,25,WS,on top of,0
7165,elena,25,WS,out,0
7165,elena,25,WS,over,1
7165,elena,25,WS,there,1
7165,elena,25,WS,to,0
7165,elena,25,WS,under,0
7165,elena,25,WS,up,1
7165,elena,25,WS,with,1
7165,elena,25,WS,a,0
7165,elena,25,WS,all,0
7165,elena,25,WS,a lot,0
7165,elena,25,WS,an,0
7165,elena,25,WS,another,1
7165,elena,25,WS,any,0
7165,elena,25,WS,each,0
7165,elena,25,WS,every,0
7165,elena,25,WS,more,1
7165,elena,25,WS,much,0
7165,elena,25,WS,not,1
7165,elena,25,WS,none,0
7165,elena,25,WS,other,0
7165,elena,25,WS,same,0
7165,elena,25,WS,some,1
7165,elena,25,WS,the,0
7165,elena,25,WS,too,1
7165,elena,25,WS,am,0
7165,elena,25,WS,are,0
7165,elena,25,WS,be,0
7165,elena,25,WS,can (auxiliary),0
7165,elena,25,WS,could,0
7165,elena,25,WS,did/did ya,0
7165,elena,25,WS,do,1
7165,elena,25,WS,does,0
7165,elena,25,WS,don't,0
7165,elena,25,WS,gonna/going to,0
7165,elena,25,WS,gotta/got to,0
7165,elena,25,WS,hafta/have to,0
7165,elena,25,WS,is,0
7165,elena,25,WS,lemme/let me,0
7165,elena,25,WS,need/need to,0
7165,elena,25,WS,try/try to,0
7165,elena,25,WS,wanna/want to,0
7165,elena,25,WS,was,0
7165,elena,25,WS,were,0
7165,elena,25,WS,will,0
7165,elena,25,WS,would,0
7165,elena,25,WS,and,1
7165,elena,25,WS,because,0
7165,elena,25,WS,but,0
7165,elena,25,WS,if,0
7165,elena,25,WS,so,0
7165,elena,25,WS,then,0
7170,elena,24,WS,baa baa,1
7170,elena,24,WS,choo choo,1
7170,elena,24,WS,cock-a-doodle-doo,1
7170,elena,24,WS,grrr,1
7170,elena,24,WS,meow,1
7170,elena,24,WS,moo,1
7170,elena,24,WS,ouch,1
7170,elena,24,WS,quack quack,1
7170,elena,24,WS,uh oh,1
7170,elena,24,WS,vroom,1
7170,elena,24,WS,woof woof,1
7170,elena,24,WS,yum yum,1
7170,elena,24,WS,alligator,1
7170,elena,24,WS,animal,1
7170,elena,24,WS,ant,1
7170,elena,24,WS,bear,1
7170,elena,24,WS,bee,1
7170,elena,24,WS,bird,1
7170,elena,24,WS,bug,1
7170,elena,24,WS,bunny,1
7170,elena,24,WS,butterfly,1
7170,elena,24,WS,cat,1
7170,elena,24,WS,chicken (animal),1
7170,elena,24,WS,cow,1
7170,elena,24,WS,deer,1
7170,elena,24,WS,dog,1
7170,elena,24,WS,donkey,1
7170,elena,24,WS,duck,1
7170,elena,24,WS,elephant,1
7170,elena,24,WS,fish (animal),1
7170,elena,24,WS,frog,1
7170,elena,24,WS,giraffe,1
7170,elena,24,WS,goose,1
7170,elena,24,WS,hen,0
7170,elena,24,WS,horse,1
7170,elena,24,WS,kitty,1
7170,elena,24,WS,lamb,1
7170,elena,24,WS,lion,1
7170,elena,24,WS,monkey,1
7170,elena,24,WS,moose,1
7170,elena,24,WS,mouse,1
7170,elena,24,WS,owl,1
7170,elena,24,WS,penguin,1
7170,elena,24,WS,pig,1
7170,elena,24,WS,pony,1
7170,elena,24,WS,puppy,1
7170,elena,24,WS,rooster,1
7170,elena,24,WS,sheep,1
7170,elena,24,WS,squirrel,1
7170,elena,24,WS,teddy bear,1
7170,elena,24,WS,tiger,1
7170,elena,24,WS,turkey,1
7170,elena,24,WS,turtle,1
7170,elena,24,WS,wolf,1
7170,elena,24,WS,zebra,1
7170,elena,24,WS,airplane,1
7170,elena,24,WS,bicycle,1
7170,elena,24,WS,boat,1
7170,elena,24,WS,bus,1
7170,elena,24,WS,car,1
7170,elena,24,WS,fire truck,1
7170,elena,24,WS,helicopter,1
7170,elena,24,WS,motorcycle,1
7170,elena,24,WS,sled,0
7170,elena,24,WS,stroller,1
7170,elena,24,WS,tractor,0
7170,elena,24,WS,train,1
7170,elena,24,WS,tricycle,0
7170,elena,24,WS,truck,1
7170,elena,24,WS,ball,1
7170,elena,24,WS,balloon,1
7170,elena,24,WS,bat,0
7170,elena,24,WS,block,1
7170,elena,24,WS,book,1
7170,elena,24,WS,bubbles,1
7170,elena,24,WS,chalk,1
7170,elena,24,WS,crayon,1
7170,elena,24,WS,doll,1
7170,elena,24,WS,game,0
7170,elena,24,WS,glue,0
7170,elena,24,WS,pen,1
7170,elena,24,WS,pencil,0
7170,elena,24,WS,play dough,1
7170,elena,24,WS,present,1
7170,elena,24,WS,puzzle,1
7170,elena,24,WS,story,1
7170,elena,24,WS,toy (object),1
7170,elena,24,WS,apple,1
7170,elena,24,WS,apple sauce,1
7170,elena,24,WS,banana,1
7170,elena,24,WS,beans,1
7170,elena,24,WS,bread,1
7170,elena,24,WS,butter,1
7170,elena,24,WS,cake,1
7170,elena,24,WS,candy,1
7170,elena,24,WS,carrots,1
7170,elena,24,WS,cereal,1
7170,elena,24,WS,cheerios,1
7170,elena,24,WS,cheese,1
7170,elena,24,WS,chicken (food),1
7170,elena,24,WS,chocolate,1
7170,elena,24,WS,coffee,1
7170,elena,24,WS,coke,1
7170,elena,24,WS,cookie,1
7170,elena,24,WS,corn,1
7170,elena,24,WS,cracker,1
7170,elena,24,WS,donut,0
7170,elena,24,WS,drink (beverage),1
7170,elena,24,WS,egg,1
7170,elena,24,WS,fish (food),1
7170,elena,24,WS,food,1
7170,elena,24,WS,french fries,1
7170,elena,24,WS,grapes,1
7170,elena,24,WS,green beans,1
7170,elena,24,WS,gum,0
7170,elena,24,WS,hamburger,1
7170,elena,24,WS,ice,1
7170,elena,24,WS,ice cream,1
7170,elena,24,WS,jello,0
7170,elena,24,WS,jelly,1
7170,elena,24,WS,juice,1
7170,elena,24,WS,lollipop,0
7170,elena,24,WS,meat,1
7170,elena,24,WS,melon,1
7170,elena,24,WS,milk,1
7170,elena,24,WS,muffin,0
7170,elena,24,WS,noodles,1
7170,elena,24,WS,nuts,1
7170,elena,24,WS,orange (food),1
7170,elena,24,WS,pancakes,1
7170,elena,24,WS,peanut butter,1
7170,elena,24,WS,peas,1
7170,elena,24,WS,pickle,1
7170,elena,24,WS,pizza,1
7170,elena,24,WS,popcorn,0
7170,elena,24,WS,popsicle,1
7170,elena,24,WS,potato,1
7170,elena,24,WS,potato chips,1
7170,elena,24,WS,pretzel,1
7170,elena,24,WS,pudding,0
7170,elena,24,WS,pumpkin,1
7170,elena,24,WS,raisin,1
7170,elena,24,WS,salt,1
7170,elena,24,WS,sandwich,1
7170,elena,24,WS,sauce,1
7170,elena,24,WS,soda/pop,0
7170,elena,24,WS,soup,1
7170,elena,24,WS,spaghetti,0
7170,elena,24,WS,strawberry,1
7170,elena,24,WS,toast,1
7170,elena,24,WS,tuna,0
7170,elena,24,WS,vanilla,0
7170,elena,24,WS,vitamins,0
7170,elena,24,WS,water (beverage),1
7170,elena,24,WS,yogurt,1
7170,elena,24,WS,beads,0
7170,elena,24,WS,belt,0
7170,elena,24,WS,bib,0
7170,elena,24,WS,boots,1
7170,elena,24,WS,button,1
7170,elena,24,WS,coat,1
7170,elena,24,WS,diaper,1
7170,elena,24,WS,dress (object),1
7170,elena,24,WS,gloves,1
7170,elena,24,WS,hat,1
7170,elena,24,WS,jacket,1
7170,elena,24,WS,jeans,0
7170,elena,24,WS,mittens,0
7170,elena,24,WS,necklace,1
7170,elena,24,WS,pajamas,1
7170,elena,24,WS,pants,1
7170,elena,24,WS,scarf,0
7170,elena,24,WS,shirt,1
7170,elena,24,WS,shoe,1
7170,elena,24,WS,shorts,0
7170,elena,24,WS,slipper,0
7170,elena,24,WS,sneaker,0
7170,elena,24,WS,snowsuit,0
7170,elena,24,WS,sock,1
7170,elena,24,WS,sweater,0
7170,elena,24,WS,tights,0
7170,elena,24,WS,underpants,0
7170,elena,24,WS,zipper,1
7170,elena,24,WS,ankle,1
7170,elena,24,WS,arm,1
7170,elena,24,WS,belly button,1
7170,elena,24,WS,buttocks/bottom*,1
7170,elena,24,WS,cheek,1
7170,elena,24,WS,chin,1
7170,elena,24,WS,ear,1
7170,elena,24,WS,eye,1
7170,elena,24,WS,face,1
7170,elena,24,WS,foot,1
7170,elena,24,WS,finger,1
7170,elena,24,WS,hair,1
7170,elena,24,WS,hand,1
7170,elena,24,WS,head,1
7170,elena,24,WS,knee,1
7170,elena,24,WS,leg,1
7170,elena,24,WS,lips,0
7170,elena,24,WS,mouth,1
7170,elena,24,WS,nose,1
7170,elena,24,WS,owie/boo boo,1
7170,elena,24,WS,penis*,0
7170,elena,24,WS,shoulder,0
7170,elena,24,WS,tooth,1
7170,elena,24,WS,toe,1
7170,elena,24,WS,tongue,1
7170,elena,24,WS,tummy,0
7170,elena,24,WS,vagina*,0
7170,elena,24,WS,basket,1
7170,elena,24,WS,blanket,1
7170,elena,24,WS,bottle,0
7170,elena,24,WS,box,1
7170,elena,24,WS,bowl,1
7170,elena,24,WS,broom,1
7170,elena,24,WS,brush,1
7170,elena,24,WS,bucket,1
7170,elena,24,WS,camera,1
7170,elena,24,WS,can (object),0
7170,elena,24,WS,clock,1
7170,elena,24,WS,comb,0
7170,elena,24,WS,cup,1
7170,elena,24,WS,dish,1
7170,elena,24,WS,fork,1
7170,elena,24,WS,garbage,1
7170,elena,24,WS,glass,0
7170,elena,24,WS,glasses,1
7170,elena,24,WS,hammer,1
7170,elena,24,WS,jar,0
7170,elena,24,WS,keys,1
7170,elena,24,WS,knife,1
7170,elena,24,WS,lamp,1
7170,elena,24,WS,light,1
7170,elena,24,WS,medicine,0
7170,elena,24,WS,money,1
7170,elena,24,WS,mop,0
7170,elena,24,WS,nail,0
7170,elena,24,WS,napkin,0
7170,elena,24,WS,paper,1
7170,elena,24,WS,penny,0
7170,elena,24,WS,picture,1
7170,elena,24,WS,pillow,1
7170,elena,24,WS,plant,1
7170,elena,24,WS,plate,1
7170,elena,24,WS,purse,1
7170,elena,24,WS,radio,0
7170,elena,24,WS,scissors,1
7170,elena,24,WS,soap,1
7170,elena,24,WS,spoon,1
7170,elena,24,WS,tape,0
7170,elena,24,WS,telephone,1
7170,elena,24,WS,tissue/kleenex,0
7170,elena,24,WS,toothbrush,1
7170,elena,24,WS,towel,1
7170,elena,24,WS,trash,1
7170,elena,24,WS,tray,0
7170,elena,24,WS,vacuum,1
7170,elena,24,WS,walker,0
7170,elena,24,WS,watch (object),1
7170,elena,24,WS,basement,0
7170,elena,24,WS,bathroom,1
7170,elena,24,WS,bathtub,0
7170,elena,24,WS,bed,1
7170,elena,24,WS,bedroom,0
7170,elena,24,WS,bench,1
7170,elena,24,WS,chair,1
7170,elena,24,WS,closet,0
7170,elena,24,WS,couch,1
7170,elena,24,WS,crib,1
7170,elena,24,WS,door,1
7170,elena,24,WS,drawer,0
7170,elena,24,WS,dryer,0
7170,elena,24,WS,garage,0
7170,elena,24,WS,high chair,0
7170,elena,24,WS,kitchen,0
7170,elena,24,WS,living room,0
7170,elena,24,WS,oven,1
7170,elena,24,WS,play pen,0
7170,elena,24,WS,porch,0
7170,elena,24,WS,potty,1
7170,elena,24,WS,refrigerator,0
7170,elena,24,WS,rocking chair,1
7170,elena,24,WS,room,0
7170,elena,24,WS,shower,1
7170,elena,24,WS,sink,1
7170,elena,24,WS,sofa,1
7170,elena,24,WS,stairs,1
7170,elena,24,WS,stove,1
7170,elena,24,WS,table,1
7170,elena,24,WS,TV,1
7170,elena,24,WS,washing machine,0
7170,elena,24,WS,window,1
7170,elena,24,WS,backyard,1
7170,elena,24,WS,cloud,1
7170,elena,24,WS,flag,1
7170,elena,24,WS,flower,1
7170,elena,24,WS,garden,0
7170,elena,24,WS,grass,1
7170,elena,24,WS,hose,1
7170,elena,24,WS,ladder,0
7170,elena,24,WS,lawn mower,1
7170,elena,24,WS,moon,1
7170,elena,24,WS,pool,0
7170,elena,24,WS,rain,1
7170,elena,24,WS,rock,1
7170,elena,24,WS,roof,1
7170,elena,24,WS,sandbox,1
7170,elena,24,WS,shovel,1
7170,elena,24,WS,sidewalk,0
7170,elena,24,WS,sky,1
7170,elena,24,WS,slide (object),1
7170,elena,24,WS,snow,1
7170,elena,24,WS,snowman,0
7170,elena,24,WS,sprinkler,1
7170,elena,24,WS,star,1
7170,elena,24,WS,stick,1
7170,elena,24,WS,stone,0
7170,elena,24,WS,street,1
7170,elena,24,WS,sun,1
7170,elena,24,WS,swing (object),1
7170,elena,24,WS,tree,1
7170,elena,24,WS,water (not beverage),1
7170,elena,24,WS,wind,1
7170,elena,24,WS,beach,1
7170,elena,24,WS,camping,0
7170,elena,24,WS,church*,1
7170,elena,24,WS,circus,0
7170,elena,24,WS,country,0
7170,elena,24,WS,downtown,0
7170,elena,24,WS,farm,1
7170,elena,24,WS,gas station,0
7170,elena,24,WS,home,1
7170,elena,24,WS,house,0
7170,elena,24,WS,movie,0
7170,elena,24,WS,outside,1
7170,elena,24,WS,park,1
7170,elena,24,WS,party,1
7170,elena,24,WS,picnic,0
7170,elena,24,WS,playground,1
7170,elena,24,WS,school,1
7170,elena,24,WS,store,1
7170,elena,24,WS,woods,0
7170,elena,24,WS,work (place),1
7170,elena,24,WS,yard,0
7170,elena,24,WS,zoo,1
7170,elena,24,WS,aunt,0
7170,elena,24,WS,baby,1
7170,elena,24,WS,babysitter,0
7170,elena,24,WS,babysitter's name,1
7170,elena,24,WS,boy,1
7170,elena,24,WS,brother,0
7170,elena,24,WS,child,0
7170,elena,24,WS,clown,1
7170,elena,24,WS,cowboy,1
7170,elena,24,WS,daddy*,1
7170,elena,24,WS,doctor,1
7170,elena,24,WS,fireman,0
7170,elena,24,WS,friend,1
7170,elena,24,WS,girl,1
7170,elena,24,WS,grandma*,1
7170,elena,24,WS,grandpa*,1
7170,elena,24,WS,lady,0
7170,elena,24,WS,mailman,0
7170,elena,24,WS,man,1
7170,elena,24,WS,mommy*,1
7170,elena,24,WS,nurse,0
7170,elena,24,WS,child's own name,1
7170,elena,24,WS,people,0
7170,elena,24,WS,person,0
7170,elena,24,WS,pet's name,1
7170,elena,24,WS,police,0
7170,elena,24,WS,sister,1
7170,elena,24,WS,teacher,1
7170,elena,24,WS,uncle,0
7170,elena,24,WS,bath,0
7170,elena,24,WS,breakfast,0
7170,elena,24,WS,bye,0
7170,elena,24,WS,call (on phone),0
7170,elena,24,WS,dinner,0
7170,elena,24,WS,gimme five,0
7170,elena,24,WS,gonna get you,0
7170,elena,24,WS,go potty,0
7170,elena,24,WS,hi,0
7170,elena,24,WS,hello,0
7170,elena,24,WS,lunch,0
7170,elena,24,WS,nap,0
7170,elena,24,WS,night night,0
7170,elena,24,WS,no,0
7170,elena,24,WS,patty cake,0
7170,elena,24,WS,peekaboo,0
7170,elena,24,WS,please,0
7170,elena,24,WS,shh/shush/hush,0
7170,elena,24,WS,shopping,0
7170,elena,24,WS,snack,0
7170,elena,24,WS,so big,0
7170,elena,24,WS,thank you,0
7170,elena,24,WS,this little piggy,0
7170,elena,24,WS,turn around,0
7170,elena,24,WS,yes,0
7170,elena,24,WS,bite,0
7170,elena,24,WS,blow,0
7170,elena,24,WS,break,0
7170,elena,24,WS,bring,0
7170,elena,24,WS,build,0
7170,elena,24,WS,bump,0
7170,elena,24,WS,buy,0
7170,elena,24,WS,carry,0
7170,elena,24,WS,catch,0
7170,elena,24,WS,chase,0
7170,elena,24,WS,clap,0
7170,elena,24,WS,clean (action),0
7170,elena,24,WS,climb,0
7170,elena,24,WS,close,0
7170,elena,24,WS,cook,0
7170,elena,24,WS,cover,0
7170,elena,24,WS,cry,0
7170,elena,24,WS,cut,0
7170,elena,24,WS,dance,0
7170,elena,24,WS,draw,0
7170,elena,24,WS,drink (action),0
7170,elena,24,WS,drive,0
7170,elena,24,WS,drop,0
7170,elena,24,WS,dry (action),0
7170,elena,24,WS,dump,0
7170,elena,24,WS,eat,0
7170,elena,24,WS,fall,0
7170,elena,24,WS,feed,0
7170,elena,24,WS,find,0
7170,elena,24,WS,finish,0
7170,elena,24,WS,fit,0
7170,elena,24,WS,fix,0
7170,elena,24,WS,get,0
7170,elena,24,WS,give,0
7170,elena,24,WS,go,0
7170,elena,24,WS,hate,0
7170,elena,24,WS,have,0
7170,elena,24,WS,hear,0
7170,elena,24,WS,help,0
7170,elena,24,WS,hide,0
7170,elena,24,WS,hit,0
7170,elena,24,WS,hold,0
7170,elena,24,WS,hug,0
7170,elena,24,WS,hurry,0
7170,elena,24,WS,jump,0
7170,elena,24,WS,kick,0
7170,elena,24,WS,kiss,0
7170,elena,24,WS,knock,0
7170,elena,24,WS,lick,0
7170,elena,24,WS,like,0
7170,elena,24,WS,listen,0
7170,elena,24,WS,look,0
7170,elena,24,WS,love,0
7170,elena,24,WS,make,0
7170,elena,24,WS,open,0
7170,elena,24,WS,paint,0
7170,elena,24,WS,pick,0
7170,elena,24,WS,play,0
7170,elena,24,WS,pour,0
7170,elena,24,WS,pretend,0
7170,elena,24,WS,pull,0
7170,elena,24,WS,push,0
7170,elena,24,WS,put,0
7170,elena,24,WS,read,0
7170,elena,24,WS,ride,0
7170,elena,24,WS,rip,0
7170,elena,24,WS,run,0
7170,elena,24,WS,say,0
7170,elena,24,WS,see,0
7170,elena,24,WS,shake,0
7170,elena,24,WS,share,0
7170,elena,24,WS,show,0
7170,elena,24,WS,sing,0
7170,elena,24,WS,sit,0
7170,elena,24,WS,skate,0
7170,elena,24,WS,sleep,0
7170,elena,24,WS,slide (action),0
7170,elena,24,WS,smile,0
7170,elena,24,WS,spill,0
7170,elena,24,WS,splash,0
7170,elena,24,WS,stand,0
7170,elena,24,WS,stay,0
7170,elena,24,WS,stop,0
7170,elena,24,WS,sweep,0
7170,elena,24,WS,swim,0
7170,elena,24,WS,swing (action),0
7170,elena,24,WS,take,0
7170,elena,24,WS,talk,0
7170,elena,24,WS,taste,0
7170,elena,24,WS,tear,0
7170,elena,24,WS,think,0
7170,elena,24,WS,throw,0
7170,elena,24,WS,tickle,0
7170,elena,24,WS,touch,0
7170,elena,24,WS,wait,0
7170,elena,24,WS,wake,0
7170,elena,24,WS,walk,0
7170,elena,24,WS,wash,0
7170,elena,24,WS,watch (action),0
7170,elena,24,WS,wipe,0
7170,elena,24,WS,wish,0
7170,elena,24,WS,work (action),0
7170,elena,24,WS,write,0
7170,elena,24,WS,all gone,1
7170,elena,24,WS,asleep,1
7170,elena,24,WS,awake,0
7170,elena,24,WS,bad,0
7170,elena,24,WS,better,0
7170,elena,24,WS,big,1
7170,elena,24,WS,black,1
7170,elena,24,WS,blue,1
7170,elena,24,WS,broken,1
7170,elena,24,WS,brown,1
7170,elena,24,WS,careful,1
7170,elena,24,WS,clean (description),1
7170,elena,24,WS,cold,1
7170,elena,24,WS,cute,1
7170,elena,24,WS,dark,1
7170,elena,24,WS,dirty,1
7170,elena,24,WS,dry (description),0
7170,elena,24,WS,empty,0
7170,elena,24,WS,fast,1
7170,elena,24,WS,fine,0
7170,elena,24,WS,first,1
7170,elena,24,WS,full,0
7170,elena,24,WS,gentle,1
7170,elena,24,WS,good,1
7170,elena,24,WS,green,1
7170,elena,24,WS,happy,1
7170,elena,24,WS,hard,0
7170,elena,24,WS,heavy,1
7170,elena,24,WS,high,1
7170,elena,24,WS,hot,1
7170,elena,24,WS,hungry,1
7170,elena,24,WS,hurt,1
7170,elena,24,WS,last,0
7170,elena,24,WS,little (description),1
7170,elena,24,WS,long,0
7170,elena,24,WS,loud,1
7170,elena,24,WS,mad,1
7170,elena,24,WS,naughty,0
7170,elena,24,WS,new,0
7170,elena,24,WS,nice,0
7170,elena,24,WS,noisy,0
7170,elena,24,WS,old,0
7170,elena,24,WS,orange (description),1
7170,elena,24,WS,poor,0
7170,elena,24,WS,pretty,0
7170,elena,24,WS,quiet,1
7170,elena,24,WS,red,1
7170,elena,24,WS,sad,1
7170,elena,24,WS,scared,1
7170,elena,24,WS,sick,1
7170,elena,24,WS,sleepy,0
7170,elena,24,WS,slow,1
7170,elena,24,WS,soft,1
7170,elena,24,WS,sticky,1
7170,elena,24,WS,stuck,1
7170,elena,24,WS,thirsty,0
7170,elena,24,WS,tiny,1
7170,elena,24,WS,tired,1
7170,elena,24,WS,wet,1
7170,elena,24,WS,white,1
7170,elena,24,WS,windy,1
7170,elena,24,WS,yellow,1
7170,elena,24,WS,yucky,0
7170,elena,24,WS,after,0
7170,elena,24,WS,before,0
7170,elena,24,WS,day,0
7170,elena,24,WS,later,0
7170,elena,24,WS,morning,0
7170,elena,24,WS,night,0
7170,elena,24,WS,now,1
7170,elena,24,WS,time,1
7170,elena,24,WS,today,0
7170,elena,24,WS,tomorrow,0
7170,elena,24,WS,tonight,0
7170,elena,24,WS,yesterday,0
7170,elena,24,WS,he,0
7170,elena,24,WS,her,1
7170,elena,24,WS,hers,0
7170,elena,24,WS,him,1
7170,elena,24,WS,his,0
7170,elena,24,WS,I,0
7170,elena,24,WS,it,1
7170,elena,24,WS,me,1
7170,elena,24,WS,mine,1
7170,elena,24,WS,my,1
7170,elena,24,WS,myself,1
7170,elena,24,WS,our,0
7170,elena,24,WS,she,0
7170,elena,24,WS,that,0
7170,elena,24,WS,their,1
7170,elena,24,WS,them,0
7170,elena,24,WS,these,1
7170,elena,24,WS,they,1
7170,elena,24,WS,this,1
7170,elena,24,WS,those,0
7170,elena,24,WS,us,0
7170,elena,24,WS,we,0
7170,elena,24,WS,you,1
7170,elena,24,WS,your,0
7170,elena,24,WS,yourself,0
7170,elena,24,WS,how,0
7170,elena,24,WS,what,1
7170,elena,24,WS,when,0
7170,elena,24,WS,where,1
7170,elena,24,WS,which,0
7170,elena,24,WS,who,0
7170,elena,24,WS,why,0
7170,elena,24,WS,about,0
7170,elena,24,WS,above,0
7170,elena,24,WS,around,0
7170,elena,24,WS,at,0
7170,elena,24,WS,away,1
7170,elena,24,WS,back,1
7170,elena,24,WS,behind,0
7170,elena,24,WS,beside,0
7170,elena,24,WS,by,0
7170,elena,24,WS,down,0
7170,elena,24,WS,for,0
7170,elena,24,WS,here,1
7170,elena,24,WS,inside/in,1
7170,elena,24,WS,into,0
7170,elena,24,WS,next to,0
7170,elena,24,WS,of,0
7170,elena,24,WS,off,1
7170,elena,24,WS,on,1
7170,elena,24,WS,on top of,0
7170,elena,24,WS,out,1
7170,elena,24,WS,over,0
7170,elena,24,WS,there,1
7170,elena,24,WS,to,0
7170,elena,24,WS,under,0
7170,elena,24,WS,up,1
7170,elena,24,WS,with,0
7170,elena,24,WS,a,1
7170,elena,24,WS,all,1
7170,elena,24,WS,a lot,0
7170,elena,24,WS,an,0
7170,elena,24,WS,another,1
7170,elena,24,WS,any,0
7170,elena,24,WS,each,0
7170,elena,24,WS,every,0
7170,elena,24,WS,more,1
7170,elena,24,WS,much,0
7170,elena,24,WS,not,0
7170,elena,24,WS,none,0
7170,elena,24,WS,other,1
7170,elena,24,WS,same,0
7170,elena,24,WS,some,1
7170,elena,24,WS,the,1
7170,elena,24,WS,too,1
7170,elena,24,WS,am,0
7170,elena,24,WS,are,0
7170,elena,24,WS,be,0
7170,elena,24,WS,can (auxiliary),0
7170,elena,24,WS,could,0
7170,elena,24,WS,did/did ya,0
7170,elena,24,WS,do,1
7170,elena,24,WS,does,0
7170,elena,24,WS,don't,1
7170,elena,24,WS,gonna/going to,0
7170,elena,24,WS,gotta/got to,0
7170,elena,24,WS,hafta/have to,0
7170,elena,24,WS,is,1
7170,elena,24,WS,lemme/let me,1
7170,elena,24,WS,need/need to,0
7170,elena,24,WS,try/try to,0
7170,elena,24,WS,wanna/want to,0
7170,elena,24,WS,was,0
7170,elena,24,WS,were,0
7170,elena,24,WS,will,0
7170,elena,24,WS,would,0
7170,elena,24,WS,and,1
7170,elena,24,WS,because,0
7170,elena,24,WS,but,0
7170,elena,24,WS,if,0
7170,elena,24,WS,so,0
7170,elena,24,WS,then,0
7172,elena,25,WS,baa baa,1
7172,elena,25,WS,choo choo,1
7172,elena,25,WS,cock-a-doodle-doo,1
7172,elena,25,WS,grrr,1
7172,elena,25,WS,meow,1
7172,elena,25,WS,moo,1
7172,elena,25,WS,ouch,1
7172,elena,25,WS,quack quack,1
7172,elena,25,WS,uh oh,1
7172,elena,25,WS,vroom,1
7172,elena,25,WS,woof woof,1
7172,elena,25,WS,yum yum,1
7172,elena,25,WS,alligator,1
7172,elena,25,WS,animal,1
7172,elena,25,WS,ant,0
7172,elena,25,WS,bear,1
7172,elena,25,WS,bee,1
7172,elena,25,WS,bird,1
7172,elena,25,WS,bug,1
7172,elena,25,WS,bunny,1
7172,elena,25,WS,butterfly,1
7172,elena,25,WS,cat,1
7172,elena,25,WS,chicken (animal),1
7172,elena,25,WS,cow,1
7172,elena,25,WS,deer,1
7172,elena,25,WS,dog,1
7172,elena,25,WS,donkey,1
7172,elena,25,WS,duck,1
7172,elena,25,WS,elephant,1
7172,elena,25,WS,fish (animal),1
7172,elena,25,WS,frog,1
7172,elena,25,WS,giraffe,1
7172,elena,25,WS,goose,1
7172,elena,25,WS,hen,1
7172,elena,25,WS,horse,1
7172,elena,25,WS,kitty,1
7172,elena,25,WS,lamb,1
7172,elena,25,WS,lion,1
7172,elena,25,WS,monkey,1
7172,elena,25,WS,moose,1
7172,elena,25,WS,mouse,1
7172,elena,25,WS,owl,1
7172,elena,25,WS,penguin,1
7172,elena,25,WS,pig,1
7172,elena,25,WS,pony,0
7172,elena,25,WS,puppy,1
7172,elena,25,WS,rooster,1
7172,elena,25,WS,sheep,1
7172,elena,25,WS,squirrel,1
7172,elena,25,WS,teddy bear,1
7172,elena,25,WS,tiger,1
7172,elena,25,WS,turkey,1
7172,elena,25,WS,turtle,1
7172,elena,25,WS,wolf,1
7172,elena,25,WS,zebra,1
7172,elena,25,WS,airplane,1
7172,elena,25,WS,bicycle,1
7172,elena,25,WS,boat,1
7172,elena,25,WS,bus,1
7172,elena,25,WS,car,1
7172,elena,25,WS,fire truck,1
7172,elena,25,WS,helicopter,1
7172,elena,25,WS,motorcycle,0
7172,elena,25,WS,sled,0
7172,elena,25,WS,stroller,1
7172,elena,25,WS,tractor,1
7172,elena,25,WS,train,1
7172,elena,25,WS,tricycle,1
7172,elena,25,WS,truck,1
7172,elena,25,WS,ball,1
7172,elena,25,WS,balloon,1
7172,elena,25,WS,bat,1
7172,elena,25,WS,block,1
7172,elena,25,WS,book,1
7172,elena,25,WS,bubbles,1
7172,elena,25,WS,chalk,1
7172,elena,25,WS,crayon,1
7172,elena,25,WS,doll,1
7172,elena,25,WS,game,1
7172,elena,25,WS,glue,1
7172,elena,25,WS,pen,0
7172,elena,25,WS,pencil,0
7172,elena,25,WS,play dough,1
7172,elena,25,WS,present,1
7172,elena,25,WS,puzzle,1
7172,elena,25,WS,story,1
7172,elena,25,WS,toy (object),1
7172,elena,25,WS,apple,1
7172,elena,25,WS,apple sauce,1
7172,elena,25,WS,banana,1
7172,elena,25,WS,beans,0
7172,elena,25,WS,bread,1
7172,elena,25,WS,butter,1
7172,elena,25,WS,cake,1
7172,elena,25,WS,candy,1
7172,elena,25,WS,carrots,1
7172,elena,25,WS,cereal,1
7172,elena,25,WS,cheerios,1
7172,elena,25,WS,cheese,1
7172,elena,25,WS,chicken (food),1
7172,elena,25,WS,chocolate,1
7172,elena,25,WS,coffee,1
7172,elena,25,WS,coke,0
7172,elena,25,WS,cookie,1
7172,elena,25,WS,corn,1
7172,elena,25,WS,cracker,1
7172,elena,25,WS,donut,1
7172,elena,25,WS,drink (beverage),1
7172,elena,25,WS,egg,1
7172,elena,25,WS,fish (food),1
7172,elena,25,WS,food,1
7172,elena,25,WS,french fries,1
7172,elena,25,WS,grapes,1
7172,elena,25,WS,green beans,0
7172,elena,25,WS,gum,0
7172,elena,25,WS,hamburger,1
7172,elena,25,WS,ice,1
7172,elena,25,WS,ice cream,1
7172,elena,25,WS,jello,1
7172,elena,25,WS,jelly,1
7172,elena,25,WS,juice,1
7172,elena,25,WS,lollipop,1
7172,elena,25,WS,meat,1
7172,elena,25,WS,melon,0
7172,elena,25,WS,milk,1
7172,elena,25,WS,muffin,1
7172,elena,25,WS,noodles,1
7172,elena,25,WS,nuts,1
7172,elena,25,WS,orange (food),1
7172,elena,25,WS,pancakes,1
7172,elena,25,WS,peanut butter,1
7172,elena,25,WS,peas,0
7172,elena,25,WS,pickle,0
7172,elena,25,WS,pizza,1
7172,elena,25,WS,popcorn,1
7172,elena,25,WS,popsicle,1
7172,elena,25,WS,potato,1
7172,elena,25,WS,potato chips,1
7172,elena,25,WS,pretzel,0
7172,elena,25,WS,pudding,0
7172,elena,25,WS,pumpkin,1
7172,elena,25,WS,raisin,1
7172,elena,25,WS,salt,1
7172,elena,25,WS,sandwich,1
7172,elena,25,WS,sauce,1
7172,elena,25,WS,soda/pop,0
7172,elena,25,WS,soup,1
7172,elena,25,WS,spaghetti,1
7172,elena,25,WS,strawberry,1
7172,elena,25,WS,toast,1
7172,elena,25,WS,tuna,0
7172,elena,25,WS,vanilla,0
7172,elena,25,WS,vitamins,0
7172,elena,25,WS,water (beverage),1
7172,elena,25,WS,yogurt,1
7172,elena,25,WS,beads,0
7172,elena,25,WS,belt,0
7172,elena,25,WS,bib,1
7172,elena,25,WS,boots,1
7172,elena,25,WS,button,1
7172,elena,25,WS,coat,1
7172,elena,25,WS,diaper,1
7172,elena,25,WS,dress (object),1
7172,elena,25,WS,gloves,1
7172,elena,25,WS,hat,1
7172,elena,25,WS,jacket,1
7172,elena,25,WS,jeans,0
7172,elena,25,WS,mittens,1
7172,elena,25,WS,necklace,1
7172,elena,25,WS,pajamas,1
7172,elena,25,WS,pants,1
7172,elena,25,WS,scarf,0
7172,elena,25,WS,shirt,1
7172,elena,25,WS,shoe,1
7172,elena,25,WS,shorts,1
7172,elena,25,WS,slipper,0
7172,elena,25,WS,sneaker,0
7172,elena,25,WS,snowsuit,0
7172,elena,25,WS,sock,1
7172,elena,25,WS,sweater,1
7172,elena,25,WS,tights,0
7172,elena,25,WS,underpants,1
7172,elena,25,WS,zipper,1
7172,elena,25,WS,ankle,0
7172,elena,25,WS,arm,1
7172,elena,25,WS,belly button,1
7172,elena,25,WS,buttocks/bottom*,1
7172,elena,25,WS,cheek,1
7172,elena,25,WS,chin,1
7172,elena,25,WS,ear,1
7172,elena,25,WS,eye,1
7172,elena,25,WS,face,1
7172,elena,25,WS,foot,1
7172,elena,25,WS,finger,1
7172,elena,25,WS,hair,1
7172,elena,25,WS,hand,1
7172,elena,25,WS,head,1
7172,elena,25,WS,knee,1
7172,elena,25,WS,leg,1
7172,elena,25,WS,lips,0
7172,elena,25,WS,mouth,1
7172,elena,25,WS,nose,1
7172,elena,25,WS,owie/boo boo,1
7172,elena,25,WS,penis*,1
7172,elena,25,WS,shoulder,0
7172,elena,25,WS,tooth,1
7172,elena,25,WS,toe,1
7172,elena,25,WS,tongue,0
7172,elena,25,WS,tummy,1
7172,elena,25,WS,vagina*,0
7172,elena,25,WS,basket,0
7172,elena,25,WS,blanket,1
7172,elena,25,WS,bottle,1
7172,elena,25,WS,box,1
7172,elena,25,WS,bowl,1
7172,elena,25,WS,broom,1
7172,elena,25,WS,brush,1
7172,elena,25,WS,bucket,1
7172,elena,25,WS,camera,0
7172,elena,25,WS,can (object),0
7172,elena,25,WS,clock,1
7172,elena,25,WS,comb,0
7172,elena,25,WS,cup,1
7172,elena,25,WS,dish,1
7172,elena,25,WS,fork,1
7172,elena,25,WS,garbage,1
7172,elena,25,WS,glass,1
7172,elena,25,WS,glasses,1
7172,elena,25,WS,hammer,1
7172,elena,25,WS,jar,0
7172,elena,25,WS,keys,1
7172,elena,25,WS,knife,1
7172,elena,25,WS,lamp,0
7172,elena,25,WS,light,1
7172,elena,25,WS,medicine,0
7172,elena,25,WS,money,0
7172,elena,25,WS,mop,0
7172,elena,25,WS,nail,0
7172,elena,25,WS,napkin,1
7172,elena,25,WS,paper,1
7172,elena,25,WS,penny,1
7172,elena,25,WS,picture,1
7172,elena,25,WS,pillow,1
7172,elena,25,WS,plant,1
7172,elena,25,WS,plate,1
7172,elena,25,WS,purse,1
7172,elena,25,WS,radio,1
7172,elena,25,WS,scissors,0
7172,elena,25,WS,soap,1
7172,elena,25,WS,spoon,1
7172,elena,25,WS,tape,0
7172,elena,25,WS,telephone,1
7172,elena,25,WS,tissue/kleenex,1
7172,elena,25,WS,toothbrush,1
7172,elena,25,WS,towel,1
7172,elena,25,WS,trash,0
7172,elena,25,WS,tray,0
7172,elena,25,WS,vacuum,0
7172,elena,25,WS,walker,0
7172,elena,25,WS,watch (object),0
7172,elena,25,WS,basement,0
7172,elena,25,WS,bathroom,1
7172,elena,25,WS,bathtub,1
7172,elena,25,WS,bed,1
7172,elena,25,WS,bedroom,1
7172,elena,25,WS,bench,0
7172,elena,25,WS,chair,1
7172,elena,25,WS,closet,0
7172,elena,25,WS,couch,1
7172,elena,25,WS,crib,1
7172,elena,25,WS,door,1
7172,elena,25,WS,drawer,0
7172,elena,25,WS,dryer,0
7172,elena,25,WS,garage,1
7172,elena,25,WS,high chair,1
7172,elena,25,WS,kitchen,1
7172,elena,25,WS,living room,0
7172,elena,25,WS,oven,0
7172,elena,25,WS,play pen,0
7172,elena,25,WS,porch,0
7172,elena,25,WS,potty,1
7172,elena,25,WS,refrigerator,1
7172,elena,25,WS,rocking chair,0
7172,elena,25,WS,room,1
7172,elena,25,WS,shower,0
7172,elena,25,WS,sink,1
7172,elena,25,WS,sofa,0
7172,elena,25,WS,stairs,1
7172,elena,25,WS,stove,0
7172,elena,25,WS,table,1
7172,elena,25,WS,TV,1
7172,elena,25,WS,washing machine,0
7172,elena,25,WS,window,0
7172,elena,25,WS,backyard,1
7172,elena,25,WS,cloud,1
7172,elena,25,WS,flag,1
7172,elena,25,WS,flower,1
7172,elena,25,WS,garden,0
7172,elena,25,WS,grass,1
7172,elena,25,WS,hose,0
7172,elena,25,WS,ladder,0
7172,elena,25,WS,lawn mower,0
7172,elena,25,WS,moon,1
7172,elena,25,WS,pool,1
7172,elena,25,WS,rain,1
7172,elena,25,WS,rock,0
7172,elena,25,WS,roof,0
7172,elena,25,WS,sandbox,1
7172,elena,25,WS,shovel,1
7172,elena,25,WS,sidewalk,0
7172,elena,25,WS,sky,1
7172,elena,25,WS,slide (object),1
7172,elena,25,WS,snow,1
7172,elena,25,WS,snowman,1
7172,elena,25,WS,sprinkler,0
7172,elena,25,WS,star,1
7172,elena,25,WS,stick,1
7172,elena,25,WS,stone,0
7172,elena,25,WS,street,1
7172,elena,25,WS,sun,1
7172,elena,25,WS,swing (object),1
7172,elena,25,WS,tree,1
7172,elena,25,WS,water (not beverage),1
7172,elena,25,WS,wind,1
7172,elena,25,WS,beach,1
7172,elena,25,WS,camping,0
7172,elena,25,WS,church*,0
7172,elena,25,WS,circus,0
7172,elena,25,WS,country,0
7172,elena,25,WS,downtown,0
7172,elena,25,WS,farm,1
7172,elena,25,WS,gas station,0
7172,elena,25,WS,home,1
7172,elena,25,WS,house,1
7172,elena,25,WS,movie,1
7172,elena,25,WS,outside,1
7172,elena,25,WS,park,1
7172,elena,25,WS,party,1
7172,elena,25,WS,picnic,1
7172,elena,25,WS,playground,1
7172,elena,25,WS,school,1
7172,elena,25,WS,store,1
7172,elena,25,WS,woods,0
7172,elena,25,WS,work (place),0
7172,elena,25,WS,yard,1
7172,elena,25,WS,zoo,1
7172,elena,25,WS,aunt,1
7172,elena,25,WS,baby,1
7172,elena,25,WS,babysitter,0
7172,elena,25,WS,babysitter's name,1
7172,elena,25,WS,boy,1
7172,elena,25,WS,brother,1
7172,elena,25,WS,child,1
7172,elena,25,WS,clown,1
7172,elena,25,WS,cowboy,1
7172,elena,25,WS,daddy*,1
7172,elena,25,WS,doctor,1
7172,elena,25,WS,fireman,0
7172,elena,25,WS,friend,1
7172,elena,25,WS,girl,1
7172,elena,25,WS,grandma*,1
7172,elena,25,WS,grandpa*,1
7172,elena,25,WS,lady,0
7172,elena,25,WS,mailman,0
7172,elena,25,WS,man,0
7172,elena,25,WS,mommy*,1
7172,elena,25,WS,nurse,0
7172,elena,25,WS,child's own name,1
7172,elena,25,WS,people,0
7172,elena,25,WS,person,0
7172,elena,25,WS,pet's name,1
7172,elena,25,WS,police,0
7172,elena,25,WS,sister,1
7172,elena,25,WS,teacher,1
7172,elena,25,WS,uncle,1
7172,elena,25,WS,bath,1
7172,elena,25,WS,breakfast,1
7172,elena,25,WS,bye,1
7172,elena,25,WS,call (on phone),1
7172,elena,25,WS,dinner,1
7172,elena,25,WS,gimme five,1
7172,elena,25,WS,gonna get you,1
7172,elena,25,WS,go potty,1
7172,elena,25,WS,hi,1
7172,elena,25,WS,hello,1
7172,elena,25,WS,lunch,1
7172,elena,25,WS,nap,1
7172,elena,25,WS,night night,1
7172,elena,25,WS,no,1
7172,elena,25,WS,patty cake,1
7172,elena,25,WS,peekaboo,1
7172,elena,25,WS,please,1
7172,elena,25,WS,shh/shush/hush,1
7172,elena,25,WS,shopping,1
7172,elena,25,WS,snack,1
7172,elena,25,WS,so big,1
7172,elena,25,WS,thank you,1
7172,elena,25,WS,this little piggy,1
7172,elena,25,WS,turn around,1
7172,elena,25,WS,yes,1
7172,elena,25,WS,bite,1
7172,elena,25,WS,blow,1
7172,elena,25,WS,break,1
7172,elena,25,WS,bring,1
7172,elena,25,WS,build,0
7172,elena,25,WS,bump,1
7172,elena,25,WS,buy,1
7172,elena,25,WS,carry,1
7172,elena,25,WS,catch,0
7172,elena,25,WS,chase,1
7172,elena,25,WS,clap,1
7172,elena,25,WS,clean (action),1
7172,elena,25,WS,climb,0
7172,elena,25,WS,close,1
7172,elena,25,WS,cook,1
7172,elena,25,WS,cover,0
7172,elena,25,WS,cry,1
7172,elena,25,WS,cut,0
7172,elena,25,WS,dance,1
7172,elena,25,WS,draw,0
7172,elena,25,WS,drink (action),1
7172,elena,25,WS,drive,1
7172,elena,25,WS,drop,1
7172,elena,25,WS,dry (action),0
7172,elena,25,WS,dump,0
7172,elena,25,WS,eat,1
7172,elena,25,WS,fall,1
7172,elena,25,WS,feed,1
7172,elena,25,WS,find,1
7172,elena,25,WS,finish,0
7172,elena,25,WS,fit,0
7172,elena,25,WS,fix,1
7172,elena,25,WS,get,1
7172,elena,25,WS,give,1
7172,elena,25,WS,go,1
7172,elena,25,WS,hate,0
7172,elena,25,WS,have,1
7172,elena,25,WS,hear,1
7172,elena,25,WS,help,1
7172,elena,25,WS,hide,1
7172,elena,25,WS,hit,1
7172,elena,25,WS,hold,1
7172,elena,25,WS,hug,1
7172,elena,25,WS,hurry,1
7172,elena,25,WS,jump,1
7172,elena,25,WS,kick,1
7172,elena,25,WS,kiss,1
7172,elena,25,WS,knock,1
7172,elena,25,WS,lick,0
7172,elena,25,WS,like,1
7172,elena,25,WS,listen,1
7172,elena,25,WS,look,1
7172,elena,25,WS,love,1
7172,elena,25,WS,make,1
7172,elena,25,WS,open,1
7172,elena,25,WS,paint,1
7172,elena,25,WS,pick,0
7172,elena,25,WS,play,1
7172,elena,25,WS,pour,0
7172,elena,25,WS,pretend,0
7172,elena,25,WS,pull,1
7172,elena,25,WS,push,1
7172,elena,25,WS,put,1
7172,elena,25,WS,read,1
7172,elena,25,WS,ride,1
7172,elena,25,WS,rip,0
7172,elena,25,WS,run,1
7172,elena,25,WS,say,1
7172,elena,25,WS,see,1
7172,elena,25,WS,shake,0
7172,elena,25,WS,share,1
7172,elena,25,WS,show,1
7172,elena,25,WS,sing,1
7172,elena,25,WS,sit,1
7172,elena,25,WS,skate,0
7172,elena,25,WS,sleep,1
7172,elena,25,WS,slide (action),1
7172,elena,25,WS,smile,1
7172,elena,25,WS,spill,0
7172,elena,25,WS,splash,1
7172,elena,25,WS,stand,1
7172,elena,25,WS,stay,1
7172,elena,25,WS,stop,1
7172,elena,25,WS,sweep,0
7172,elena,25,WS,swim,1
7172,elena,25,WS,swing (action),1
7172,elena,25,WS,take,1
7172,elena,25,WS,talk,1
7172,elena,25,WS,taste,0
7172,elena,25,WS,tear,0
7172,elena,25,WS,think,0
7172,elena,25,WS,throw,0
7172,elena,25,WS,tickle,0
7172,elena,25,WS,touch,1
7172,elena,25,WS,wait,1
7172,elena,25,WS,wake,1
7172,elena,25,WS,walk,1
7172,elena,25,WS,wash,1
7172,elena,25,WS,watch (action),1
7172,elena,25,WS,wipe,0
7172,elena,25,WS,wish,0
7172,elena,25,WS,work (action),0
7172,elena,25,WS,write,0
7172,elena,25,WS,all gone,1
7172,elena,25,WS,asleep,1
7172,elena,25,WS,awake,1
7172,elena,25,WS,bad,1
7172,elena,25,WS,better,1
7172,elena,25,WS,big,1
7172,elena,25,WS,black,1
7172,elena,25,WS,blue,1
7172,elena,25,WS,broken,1
7172,elena,25,WS,brown,1
7172,elena,25,WS,careful,1
7172,elena,25,WS,clean (description),1
7172,elena,25,WS,cold,1
7172,elena,25,WS,cute,0
7172,elena,25,WS,dark,0
7172,elena,25,WS,dirty,1
7172,elena,25,WS,dry (description),0
7172,elena,25,WS,empty,1
7172,elena,25,WS,fast,1
7172,elena,25,WS,fine,1
7172,elena,25,WS,first,0
7172,elena,25,WS,full,0
7172,elena,25,WS,gentle,0
7172,elena,25,WS,good,1
7172,elena,25,WS,green,1
7172,elena,25,WS,happy,1
7172,elena,25,WS,hard,1
7172,elena,25,WS,heavy,1
7172,elena,25,WS,high,0
7172,elena,25,WS,hot,1
7172,elena,25,WS,hungry,1
7172,elena,25,WS,hurt,1
7172,elena,25,WS,last,0
7172,elena,25,WS,little (description),1
7172,elena,25,WS,long,0
7172,elena,25,WS,loud,1
7172,elena,25,WS,mad,0
7172,elena,25,WS,naughty,0
7172,elena,25,WS,new,1
7172,elena,25,WS,nice,1
7172,elena,25,WS,noisy,1
7172,elena,25,WS,old,0
7172,elena,25,WS,orange (description),1
7172,elena,25,WS,poor,0
7172,elena,25,WS,pretty,0
7172,elena,25,WS,quiet,1
7172,elena,25,WS,red,1
7172,elena,25,WS,sad,1
7172,elena,25,WS,scared,0
7172,elena,25,WS,sick,0
7172,elena,25,WS,sleepy,1
7172,elena,25,WS,slow,1
7172,elena,25,WS,soft,0
7172,elena,25,WS,sticky,0
7172,elena,25,WS,stuck,1
7172,elena,25,WS,thirsty,1
7172,elena,25,WS,tiny,1
7172,elena,25,WS,tired,1
7172,elena,25,WS,wet,1
7172,elena,25,WS,white,1
7172,elena,25,WS,windy,1
7172,elena,25,WS,yellow,1
7172,elena,25,WS,yucky,1
7172,elena,25,WS,after,1
7172,elena,25,WS,before,1
7172,elena,25,WS,day,1
7172,elena,25,WS,later,1
7172,elena,25,WS,morning,1
7172,elena,25,WS,night,1
7172,elena,25,WS,now,1
7172,elena,25,WS,time,1
7172,elena,25,WS,today,1
7172,elena,25,WS,tomorrow,1
7172,elena,25,WS,tonight,1
7172,elena,25,WS,yesterday,1
7172,elena,25,WS,he,1
7172,elena,25,WS,her,0
7172,elena,25,WS,hers,0
7172,elena,25,WS,him,0
7172,elena,25,WS,his,0
7172,elena,25,WS,I,0
7172,elena,25,WS,it,0
7172,elena,25,WS,me,1
7172,elena,25,WS,mine,1
7172,elena,25,WS,my,1
7172,elena,25,WS,myself,0
7172,elena,25,WS,our,0
7172,elena,25,WS,she,1
7172,elena,25,WS,that,1
7172,elena,25,WS,their,0
7172,elena,25,WS,them,0
7172,elena,25,WS,these,1
7172,elena,25,WS,they,0
7172,elena,25,WS,this,1
7172,elena,25,WS,those,0
7172,elena,25,WS,us,0
7172,elena,25,WS,we,0
7172,elena,25,WS,you,1
7172,elena,25,WS,your,1
7172,elena,25,WS,yourself,0
7172,elena,25,WS,how,0
7172,elena,25,WS,what,1
7172,elena,25,WS,when,1
7172,elena,25,WS,where,1
7172,elena,25,WS,which,0
7172,elena,25,WS,who,1
7172,elena,25,WS,why,0
7172,elena,25,WS,about,0
7172,elena,25,WS,above,0
7172,elena,25,WS,around,0
7172,elena,25,WS,at,0
7172,elena,25,WS,away,0
7172,elena,25,WS,back,1
7172,elena,25,WS,behind,1
7172,elena,25,WS,beside,0
7172,elena,25,WS,by,0
7172,elena,25,WS,down,1
7172,elena,25,WS,for,1
7172,elena,25,WS,here,1
7172,elena,25,WS,inside/in,1
7172,elena,25,WS,into,0
7172,elena,25,WS,next to,0
7172,elena,25,WS,of,0
7172,elena,25,WS,off,1
7172,elena,25,WS,on,1
7172,elena,25,WS,on top of,0
7172,elena,25,WS,out,1
7172,elena,25,WS,over,1
7172,elena,25,WS,there,1
7172,elena,25,WS,to,1
7172,elena,25,WS,under,0
7172,elena,25,WS,up,1
7172,elena,25,WS,with,1
7172,elena,25,WS,a,0
7172,elena,25,WS,all,0
7172,elena,25,WS,a lot,0
7172,elena,25,WS,an,0
7172,elena,25,WS,another,0
7172,elena,25,WS,any,0
7172,elena,25,WS,each,0
7172,elena,25,WS,every,0
7172,elena,25,WS,more,1
7172,elena,25,WS,much,1
7172,elena,25,WS,not,0
7172,elena,25,WS,none,0
7172,elena,25,WS,other,0
7172,elena,25,WS,same,0
7172,elena,25,WS,some,0
7172,elena,25,WS,the,1
7172,elena,25,WS,too,1
7172,elena,25,WS,am,1
7172,elena,25,WS,are,1
7172,elena,25,WS,be,1
7172,elena,25,WS,can (auxiliary),1
7172,elena,25,WS,could,1
7172,elena,25,WS,did/did ya,1
7172,elena,25,WS,do,1
7172,elena,25,WS,does,0
7172,elena,25,WS,don't,1
7172,elena,25,WS,gonna/going to,0
7172,elena,25,WS,gotta/got to,0
7172,elena,25,WS,hafta/have to,0
7172,elena,25,WS,is,1
7172,elena,25,WS,lemme/let me,1
7172,elena,25,WS,need/need to,0
7172,elena,25,WS,try/try to,0
7172,elena,25,WS,wanna/want to,1
7172,elena,25,WS,was,1
7172,elena,25,WS,were,1
7172,elena,25,WS,will,1
7172,elena,25,WS,would,0
7172,elena,25,WS,and,1
7172,elena,25,WS,because,1
7172,elena,25,WS,but,0
7172,elena,25,WS,if,0
7172,elena,25,WS,so,0
7172,elena,25,WS,then,0
7181,elena,25,WS,baa baa,1
7181,elena,25,WS,choo choo,1
7181,elena,25,WS,cock-a-doodle-doo,1
7181,elena,25,WS,grrr,1
7181,elena,25,WS,meow,1
7181,elena,25,WS,moo,1
7181,elena,25,WS,ouch,1
7181,elena,25,WS,quack quack,1
7181,elena,25,WS,uh oh,1
7181,elena,25,WS,vroom,1
7181,elena,25,WS,woof woof,1
7181,elena,25,WS,yum yum,1
7181,elena,25,WS,alligator,1
7181,elena,25,WS,animal,1
7181,elena,25,WS,ant,1
7181,elena,25,WS,bear,1
7181,elena,25,WS,bee,1
7181,elena,25,WS,bird,1
7181,elena,25,WS,bug,1
7181,elena,25,WS,bunny,1
7181,elena,25,WS,butterfly,1
7181,elena,25,WS,cat,1
7181,elena,25,WS,chicken (animal),1
7181,elena,25,WS,cow,1
7181,elena,25,WS,deer,1
7181,elena,25,WS,dog,1
7181,elena,25,WS,donkey,1
7181,elena,25,WS,duck,1
7181,elena,25,WS,elephant,1
7181,elena,25,WS,fish (animal),1
7181,elena,25,WS,frog,1
7181,elena,25,WS,giraffe,1
7181,elena,25,WS,goose,1
7181,elena,25,WS,hen,1
7181,elena,25,WS,horse,1
7181,elena,25,WS,kitty,1
7181,elena,25,WS,lamb,1
7181,elena,25,WS,lion,1
7181,elena,25,WS,monkey,1
7181,elena,25,WS,moose,1
7181,elena,25,WS,mouse,1
7181,elena,25,WS,owl,1
7181,elena,25,WS,penguin,1
7181,elena,25,WS,pig,1
7181,elena,25,WS,pony,1
7181,elena,25,WS,puppy,1
7181,elena,25,WS,rooster,1
7181,elena,25,WS,sheep,1
7181,elena,25,WS,squirrel,1
7181,elena,25,WS,teddy bear,1
7181,elena,25,WS,tiger,1
7181,elena,25,WS,turkey,1
7181,elena,25,WS,turtle,1
7181,elena,25,WS,wolf,0
7181,elena,25,WS,zebra,1
7181,elena,25,WS,airplane,1
7181,elena,25,WS,bicycle,1
7181,elena,25,WS,boat,1
7181,elena,25,WS,bus,1
7181,elena,25,WS,car,1
7181,elena,25,WS,fire truck,1
7181,elena,25,WS,helicopter,1
7181,elena,25,WS,motorcycle,0
7181,elena,25,WS,sled,1
7181,elena,25,WS,stroller,1
7181,elena,25,WS,tractor,1
7181,elena,25,WS,train,1
7181,elena,25,WS,tricycle,1
7181,elena,25,WS,truck,1
7181,elena,25,WS,ball,1
7181,elena,25,WS,balloon,1
7181,elena,25,WS,bat,1
7181,elena,25,WS,block,1
7181,elena,25,WS,book,1
7181,elena,25,WS,bubbles,1
7181,elena,25,WS,chalk,1
7181,elena,25,WS,crayon,1
7181,elena,25,WS,doll,1
7181,elena,25,WS,game,1
7181,elena,25,WS,glue,1
7181,elena,25,WS,pen,1
7181,elena,25,WS,pencil,1
7181,elena,25,WS,play dough,1
7181,elena,25,WS,present,1
7181,elena,25,WS,puzzle,1
7181,elena,25,WS,story,1
7181,elena,25,WS,toy (object),1
7181,elena,25,WS,apple,1
7181,elena,25,WS,apple sauce,1
7181,elena,25,WS,banana,1
7181,elena,25,WS,beans,1
7181,elena,25,WS,bread,1
7181,elena,25,WS,butter,1
7181,elena,25,WS,cake,1
7181,elena,25,WS,candy,1
7181,elena,25,WS,carrots,1
7181,elena,25,WS,cereal,1
7181,elena,25,WS,cheerios,1
7181,elena,25,WS,cheese,1
7181,elena,25,WS,chicken (food),1
7181,elena,25,WS,chocolate,1
7181,elena,25,WS,coffee,1
7181,elena,25,WS,coke,1
7181,elena,25,WS,cookie,1
7181,elena,25,WS,corn,1
7181,elena,25,WS,cracker,1
7181,elena,25,WS,donut,1
7181,elena,25,WS,drink (beverage),1
7181,elena,25,WS,egg,1
7181,elena,25,WS,fish (food),1
7181,elena,25,WS,food,1
7181,elena,25,WS,french fries,1
7181,elena,25,WS,grapes,1
7181,elena,25,WS,green beans,1
7181,elena,25,WS,gum,1
7181,elena,25,WS,hamburger,1
7181,elena,25,WS,ice,1
7181,elena,25,WS,ice cream,1
7181,elena,25,WS,jello,0
7181,elena,25,WS,jelly,1
7181,elena,25,WS,juice,1
7181,elena,25,WS,lollipop,1
7181,elena,25,WS,meat,1
7181,elena,25,WS,melon,1
7181,elena,25,WS,milk,1
7181,elena,25,WS,muffin,1
7181,elena,25,WS,noodles,1
7181,elena,25,WS,nuts,1
7181,elena,25,WS,orange (food),1
7181,elena,25,WS,pancakes,1
7181,elena,25,WS,peanut butter,1
7181,elena,25,WS,peas,1
7181,elena,25,WS,pickle,1
7181,elena,25,WS,pizza,1
7181,elena,25,WS,popcorn,1
7181,elena,25,WS,popsicle,1
7181,elena,25,WS,potato,1
7181,elena,25,WS,potato chips,1
7181,elena,25,WS,pretzel,1
7181,elena,25,WS,pudding,0
7181,elena,25,WS,pumpkin,1
7181,elena,25,WS,raisin,1
7181,elena,25,WS,salt,1
7181,elena,25,WS,sandwich,1
7181,elena,25,WS,sauce,1
7181,elena,25,WS,soda/pop,1
7181,elena,25,WS,soup,1
7181,elena,25,WS,spaghetti,1
7181,elena,25,WS,strawberry,1
7181,elena,25,WS,toast,1
7181,elena,25,WS,tuna,1
7181,elena,25,WS,vanilla,1
7181,elena,25,WS,vitamins,1
7181,elena,25,WS,water (beverage),1
7181,elena,25,WS,yogurt,1
7181,elena,25,WS,beads,1
7181,elena,25,WS,belt,1
7181,elena,25,WS,bib,1
7181,elena,25,WS,boots,1
7181,elena,25,WS,button,1
7181,elena,25,WS,coat,1
7181,elena,25,WS,diaper,1
7181,elena,25,WS,dress (object),1
7181,elena,25,WS,gloves,1
7181,elena,25,WS,hat,1
7181,elena,25,WS,jacket,1
7181,elena,25,WS,jeans,1
7181,elena,25,WS,mittens,1
7181,elena,25,WS,necklace,1
7181,elena,25,WS,pajamas,1
7181,elena,25,WS,pants,1
7181,elena,25,WS,scarf,1
7181,elena,25,WS,shirt,1
7181,elena,25,WS,shoe,1
7181,elena,25,WS,shorts,1
7181,elena,25,WS,slipper,1
7181,elena,25,WS,sneaker,1
7181,elena,25,WS,snowsuit,0
7181,elena,25,WS,sock,1
7181,elena,25,WS,sweater,1
7181,elena,25,WS,tights,1
7181,elena,25,WS,underpants,1
7181,elena,25,WS,zipper,1
7181,elena,25,WS,ankle,0
7181,elena,25,WS,arm,1
7181,elena,25,WS,belly button,1
7181,elena,25,WS,buttocks/bottom*,1
7181,elena,25,WS,cheek,1
7181,elena,25,WS,chin,1
7181,elena,25,WS,ear,1
7181,elena,25,WS,eye,1
7181,elena,25,WS,face,1
7181,elena,25,WS,foot,1
7181,elena,25,WS,finger,1
7181,elena,25,WS,hair,1
7181,elena,25,WS,hand,1
7181,elena,25,WS,head,1
7181,elena,25,WS,knee,1
7181,elena,25,WS,leg,1
7181,elena,25,WS,lips,1
7181,elena,25,WS,mouth,1
7181,elena,25,WS,nose,1
7181,elena,25,WS,owie/boo boo,1
7181,elena,25,WS,penis*,0
7181,elena,25,WS,shoulder,0
7181,elena,25,WS,tooth,1
7181,elena,25,WS,toe,1
7181,elena,25,WS,tongue,0
7181,elena,25,WS,tummy,1
7181,elena,25,WS,vagina*,0
7181,elena,25,WS,basket,1
7181,elena,25,WS,blanket,1
7181,elena,25,WS,bottle,1
7181,elena,25,WS,box,1
7181,elena,25,WS,bowl,1
7181,elena,25,WS,broom,1
7181,elena,25,WS,brush,1
7181,elena,25,WS,bucket,1
7181,elena,25,WS,camera,1
7181,elena,25,WS,can (object),1
7181,elena,25,WS,clock,1
7181,elena,25,WS,comb,1
7181,elena,25,WS,cup,1
7181,elena,25,WS,dish,1
7181,elena,25,WS,fork,1
7181,elena,25,WS,garbage,1
7181,elena,25,WS,glass,1
7181,elena,25,WS,glasses,1
7181,elena,25,WS,hammer,1
7181,elena,25,WS,jar,0
7181,elena,25,WS,keys,1
7181,elena,25,WS,knife,1
7181,elena,25,WS,lamp,1
7181,elena,25,WS,light,1
7181,elena,25,WS,medicine,1
7181,elena,25,WS,money,1
7181,elena,25,WS,mop,1
7181,elena,25,WS,nail,1
7181,elena,25,WS,napkin,0
7181,elena,25,WS,paper,1
7181,elena,25,WS,penny,1
7181,elena,25,WS,picture,1
7181,elena,25,WS,pillow,1
7181,elena,25,WS,plant,1
7181,elena,25,WS,plate,1
7181,elena,25,WS,purse,1
7181,elena,25,WS,radio,1
7181,elena,25,WS,scissors,1
7181,elena,25,WS,soap,1
7181,elena,25,WS,spoon,1
7181,elena,25,WS,tape,1
7181,elena,25,WS,telephone,1
7181,elena,25,WS,tissue/kleenex,1
7181,elena,25,WS,toothbrush,1
7181,elena,25,WS,towel,1
7181,elena,25,WS,trash,1
7181,elena,25,WS,tray,0
7181,elena,25,WS,vacuum,1
7181,elena,25,WS,walker,0
7181,elena,25,WS,watch (object),1
7181,elena,25,WS,basement,0
7181,elena,25,WS,bathroom,1
7181,elena,25,WS,bathtub,1
7181,elena,25,WS,bed,1
7181,elena,25,WS,bedroom,1
7181,elena,25,WS,bench,1
7181,elena,25,WS,chair,1
7181,elena,25,WS,closet,1
7181,elena,25,WS,couch,1
7181,elena,25,WS,crib,1
7181,elena,25,WS,door,1
7181,elena,25,WS,drawer,1
7181,elena,25,WS,dryer,1
7181,elena,25,WS,garage,1
7181,elena,25,WS,high chair,1
7181,elena,25,WS,kitchen,1
7181,elena,25,WS,living room,1
7181,elena,25,WS,oven,1
7181,elena,25,WS,play pen,1
7181,elena,25,WS,porch,1
7181,elena,25,WS,potty,1
7181,elena,25,WS,refrigerator,1
7181,elena,25,WS,rocking chair,1
7181,elena,25,WS,room,1
7181,elena,25,WS,shower,1
7181,elena,25,WS,sink,1
7181,elena,25,WS,sofa,1
7181,elena,25,WS,stairs,1
7181,elena,25,WS,stove,0
7181,elena,25,WS,table,1
7181,elena,25,WS,TV,1
7181,elena,25,WS,washing machine,0
7181,elena,25,WS,window,1
7181,elena,25,WS,backyard,0
7181,elena,25,WS,cloud,1
7181,elena,25,WS,flag,0
7181,elena,25,WS,flower,1
7181,elena,25,WS,garden,1
7181,elena,25,WS,grass,1
7181,elena,25,WS,hose,1
7181,elena,25,WS,ladder,1
7181,elena,25,WS,lawn mower,1
7181,elena,25,WS,moon,1
7181,elena,25,WS,pool,1
7181,elena,25,WS,rain,1
7181,elena,25,WS,rock,1
7181,elena,25,WS,roof,1
7181,elena,25,WS,sandbox,1
7181,elena,25,WS,shovel,1
7181,elena,25,WS,sidewalk,1
7181,elena,25,WS,sky,1
7181,elena,25,WS,slide (object),1
7181,elena,25,WS,snow,1
7181,elena,25,WS,snowman,1
7181,elena,25,WS,sprinkler,1
7181,elena,25,WS,star,1
7181,elena,25,WS,stick,1
7181,elena,25,WS,stone,0
7181,elena,25,WS,street,1
7181,elena,25,WS,sun,1
7181,elena,25,WS,swing (object),1
7181,elena,25,WS,tree,1
7181,elena,25,WS,water (not beverage),1
7181,elena,25,WS,wind,1
7181,elena,25,WS,beach,1
7181,elena,25,WS,camping,1
7181,elena,25,WS,church*,1
7181,elena,25,WS,circus,1
7181,elena,25,WS,country,1
7181,elena,25,WS,downtown,0
7181,elena,25,WS,farm,1
7181,elena,25,WS,gas station,1
7181,elena,25,WS,home,1
7181,elena,25,WS,house,1
7181,elena,25,WS,movie,1
7181,elena,25,WS,outside,1
7181,elena,25,WS,park,1
7181,elena,25,WS,party,1
7181,elena,25,WS,picnic,1
7181,elena,25,WS,playground,1
7181,elena,25,WS,school,1
7181,elena,25,WS,store,1
7181,elena,25,WS,woods,1
7181,elena,25,WS,work (place),1
7181,elena,25,WS,yard,1
7181,elena,25,WS,zoo,1
7181,elena,25,WS,aunt,1
7181,elena,25,WS,baby,1
7181,elena,25,WS,babysitter,0
7181,elena,25,WS,babysitter's name,1
7181,elena,25,WS,boy,1
7181,elena,25,WS,brother,1
7181,elena,25,WS,child,1
7181,elena,25,WS,clown,0
7181,elena,25,WS,cowboy,1
7181,elena,25,WS,daddy*,1
7181,elena,25,WS,doctor,1
7181,elena,25,WS,fireman,1
7181,elena,25,WS,friend,1
7181,elena,25,WS,girl,1
7181,elena,25,WS,grandma*,1
7181,elena,25,WS,grandpa*,1
7181,elena,25,WS,lady,1
7181,elena,25,WS,mailman,1
7181,elena,25,WS,man,1
7181,elena,25,WS,mommy*,1
7181,elena,25,WS,nurse,1
7181,elena,25,WS,child's own name,1
7181,elena,25,WS,people,1
7181,elena,25,WS,person,1
7181,elena,25,WS,pet's name,1
7181,elena,25,WS,police,1
7181,elena,25,WS,sister,1
7181,elena,25,WS,teacher,1
7181,elena,25,WS,uncle,1
7181,elena,25,WS,bath,1
7181,elena,25,WS,breakfast,1
7181,elena,25,WS,bye,1
7181,elena,25,WS,call (on phone),1
7181,elena,25,WS,dinner,1
7181,elena,25,WS,gimme five,1
7181,elena,25,WS,gonna get you,1
7181,elena,25,WS,go potty,1
7181,elena,25,WS,hi,1
7181,elena,25,WS,hello,1
7181,elena,25,WS,lunch,1
7181,elena,25,WS,nap,1
7181,elena,25,WS,night night,1
7181,elena,25,WS,no,1
7181,elena,25,WS,patty cake,1
7181,elena,25,WS,peekaboo,1
7181,elena,25,WS,please,1
7181,elena,25,WS,shh/shush/hush,1
7181,elena,25,WS,shopping,1
7181,elena,25,WS,snack,1
7181,elena,25,WS,so big,1
7181,elena,25,WS,thank you,1
7181,elena,25,WS,this little piggy,1
7181,elena,25,WS,turn around,1
7181,elena,25,WS,yes,1
7181,elena,25,WS,bite,1
7181,elena,25,WS,blow,1
7181,elena,25,WS,break,1
7181,elena,25,WS,bring,1
7181,elena,25,WS,build,1
7181,elena,25,WS,bump,1
7181,elena,25,WS,buy,1
7181,elena,25,WS,carry,1
7181,elena,25,WS,catch,1
7181,elena,25,WS,chase,1
7181,elena,25,WS,clap,1
7181,elena,25,WS,clean (action),1
7181,elena,25,WS,climb,1
7181,elena,25,WS,close,1
7181,elena,25,WS,cook,1
7181,elena,25,WS,cover,1
7181,elena,25,WS,cry,1
7181,elena,25,WS,cut,1
7181,elena,25,WS,dance,1
7181,elena,25,WS,draw,1
7181,elena,25,WS,drink (action),1
7181,elena,25,WS,drive,1
7181,elena,25,WS,drop,1
7181,elena,25,WS,dry (action),1
7181,elena,25,WS,dump,1
7181,elena,25,WS,eat,1
7181,elena,25,WS,fall,1
7181,elena,25,WS,feed,1
7181,elena,25,WS,find,1
7181,elena,25,WS,finish,1
7181,elena,25,WS,fit,1
7181,elena,25,WS,fix,1
7181,elena,25,WS,get,1
7181,elena,25,WS,give,1
7181,elena,25,WS,go,1
7181,elena,25,WS,hate,1
7181,elena,25,WS,have,1
7181,elena,25,WS,hear,1
7181,elena,25,WS,help,1
7181,elena,25,WS,hide,1
7181,elena,25,WS,hit,1
7181,elena,25,WS,hold,1
7181,elena,25,WS,hug,1
7181,elena,25,WS,hurry,1
7181,elena,25,WS,jump,1
7181,elena,25,WS,kick,1
7181,elena,25,WS,kiss,1
7181,elena,25,WS,knock,1
7181,elena,25,WS,lick,1
7181,elena,25,WS,like,1
7181,elena,25,WS,listen,1
7181,elena,25,WS,look,1
7181,elena,25,WS,love,1
7181,elena,25,WS,make,1
7181,elena,25,WS,open,1
7181,elena,25,WS,paint,1
7181,elena,25,WS,pick,1
7181,elena,25,WS,play,1
7181,elena,25,WS,pour,1
7181,elena,25,WS,pretend,1
7181,elena,25,WS,pull,1
7181,elena,25,WS,push,1
7181,elena,25,WS,put,1
7181,elena,25,WS,read,1
7181,elena,25,WS,ride,1
7181,elena,25,WS,rip,1
7181,elena,25,WS,run,1
7181,elena,25,WS,say,1
7181,elena,25,WS,see,1
7181,elena,25,WS,shake,1
7181,elena,25,WS,share,1
7181,elena,25,WS,show,1
7181,elena,25,WS,sing,1
7181,elena,25,WS,sit,1
7181,elena,25,WS,skate,1
7181,elena,25,WS,sleep,1
7181,elena,25,WS,slide (action),1
7181,elena,25,WS,smile,1
7181,elena,25,WS,spill,1
7181,elena,25,WS,splash,1
7181,elena,25,WS,stand,1
7181,elena,25,WS,stay,1
7181,elena,25,WS,stop,1
7181,elena,25,WS,sweep,1
7181,elena,25,WS,swim,1
7181,elena,25,WS,swing (action),1
7181,elena,25,WS,take,1
7181,elena,25,WS,talk,1
7181,elena,25,WS,taste,1
7181,elena,25,WS,tear,0
7181,elena,25,WS,think,1
7181,elena,25,WS,throw,1
7181,elena,25,WS,tickle,1
7181,elena,25,WS,touch,1
7181,elena,25,WS,wait,1
7181,elena,25,WS,wake,1
7181,elena,25,WS,walk,1
7181,elena,25,WS,wash,1
7181,elena,25,WS,watch (action),1
7181,elena,25,WS,wipe,1
7181,elena,25,WS,wish,0
7181,elena,25,WS,work (action),1
7181,elena,25,WS,write,1
7181,elena,25,WS,all gone,1
7181,elena,25,WS,asleep,1
7181,elena,25,WS,awake,1
7181,elena,25,WS,bad,1
7181,elena,25,WS,better,1
7181,elena,25,WS,big,1
7181,elena,25,WS,black,1
7181,elena,25,WS,blue,1
7181,elena,25,WS,broken,1
7181,elena,25,WS,brown,1
7181,elena,25,WS,careful,1
7181,elena,25,WS,clean (description),1
7181,elena,25,WS,cold,1
7181,elena,25,WS,cute,1
7181,elena,25,WS,dark,1
7181,elena,25,WS,dirty,1
7181,elena,25,WS,dry (description),1
7181,elena,25,WS,empty,1
7181,elena,25,WS,fast,1
7181,elena,25,WS,fine,1
7181,elena,25,WS,first,1
7181,elena,25,WS,full,1
7181,elena,25,WS,gentle,1
7181,elena,25,WS,good,1
7181,elena,25,WS,green,1
7181,elena,25,WS,happy,1
7181,elena,25,WS,hard,1
7181,elena,25,WS,heavy,1
7181,elena,25,WS,high,1
7181,elena,25,WS,hot,1
7181,elena,25,WS,hungry,1
7181,elena,25,WS,hurt,1
7181,elena,25,WS,last,1
7181,elena,25,WS,little (description),1
7181,elena,25,WS,long,1
7181,elena,25,WS,loud,1
7181,elena,25,WS,mad,1
7181,elena,25,WS,naughty,0
7181,elena,25,WS,new,1
7181,elena,25,WS,nice,1
7181,elena,25,WS,noisy,1
7181,elena,25,WS,old,1
7181,elena,25,WS,orange (description),1
7181,elena,25,WS,poor,1
7181,elena,25,WS,pretty,1
7181,elena,25,WS,quiet,1
7181,elena,25,WS,red,1
7181,elena,25,WS,sad,1
7181,elena,25,WS,scared,1
7181,elena,25,WS,sick,1
7181,elena,25,WS,sleepy,1
7181,elena,25,WS,slow,1
7181,elena,25,WS,soft,1
7181,elena,25,WS,sticky,1
7181,elena,25,WS,stuck,1
7181,elena,25,WS,thirsty,1
7181,elena,25,WS,tiny,1
7181,elena,25,WS,tired,1
7181,elena,25,WS,wet,1
7181,elena,25,WS,white,1
7181,elena,25,WS,windy,1
7181,elena,25,WS,yellow,1
7181,elena,25,WS,yucky,1
7181,elena,25,WS,after,1
7181,elena,25,WS,before,1
7181,elena,25,WS,day,1
7181,elena,25,WS,later,1
7181,elena,25,WS,morning,1
7181,elena,25,WS,night,1
7181,elena,25,WS,now,1
7181,elena,25,WS,time,1
7181,elena,25,WS,today,1
7181,elena,25,WS,tomorrow,1
7181,elena,25,WS,tonight,0
7181,elena,25,WS,yesterday,1
7181,elena,25,WS,he,1
7181,elena,25,WS,her,1
7181,elena,25,WS,hers,1
7181,elena,25,WS,him,1
7181,elena,25,WS,his,1
7181,elena,25,WS,I,1
7181,elena,25,WS,it,1
7181,elena,25,WS,me,1
7181,elena,25,WS,mine,1
7181,elena,25,WS,my,1
7181,elena,25,WS,myself,0
7181,elena,25,WS,our,1
7181,elena,25,WS,she,1
7181,elena,25,WS,that,1
7181,elena,25,WS,their,1
7181,elena,25,WS,them,1
7181,elena,25,WS,these,1
7181,elena,25,WS,they,1
7181,elena,25,WS,this,1
7181,elena,25,WS,those,1
7181,elena,25,WS,us,1
7181,elena,25,WS,we,1
7181,elena,25,WS,you,1
7181,elena,25,WS,your,1
7181,elena,25,WS,yourself,0
7181,elena,25,WS,how,1
7181,elena,25,WS,what,1
7181,elena,25,WS,when,1
7181,elena,25,WS,where,1
7181,elena,25,WS,which,0
7181,elena,25,WS,who,1
7181,elena,25,WS,why,1
7181,elena,25,WS,about,1
7181,elena,25,WS,above,1
7181,elena,25,WS,around,1
7181,elena,25,WS,at,1
7181,elena,25,WS,away,1
7181,elena,25,WS,back,1
7181,elena,25,WS,behind,1
7181,elena,25,WS,beside,0
7181,elena,25,WS,by,1
7181,elena,25,WS,down,1
7181,elena,25,WS,for,1
7181,elena,25,WS,here,1
7181,elena,25,WS,inside/in,1
7181,elena,25,WS,into,1
7181,elena,25,WS,next to,1
7181,elena,25,WS,of,1
7181,elena,25,WS,off,1
7181,elena,25,WS,on,1
7181,elena,25,WS,on top of,1
7181,elena,25,WS,out,1
7181,elena,25,WS,over,1
7181,elena,25,WS,there,1
7181,elena,25,WS,to,1
7181,elena,25,WS,under,1
7181,elena,25,WS,up,1
7181,elena,25,WS,with,1
7181,elena,25,WS,a,1
7181,elena,25,WS,all,1
7181,elena,25,WS,a lot,1
7181,elena,25,WS,an,1
7181,elena,25,WS,another,1
7181,elena,25,WS,any,1
7181,elena,25,WS,each,0
7181,elena,25,WS,every,1
7181,elena,25,WS,more,1
7181,elena,25,WS,much,1
7181,elena,25,WS,not,1
7181,elena,25,WS,none,1
7181,elena,25,WS,other,1
7181,elena,25,WS,same,1
7181,elena,25,WS,some,1
7181,elena,25,WS,the,1
7181,elena,25,WS,too,1
7181,elena,25,WS,am,1
7181,elena,25,WS,are,1
7181,elena,25,WS,be,1
7181,elena,25,WS,can (auxiliary),1
7181,elena,25,WS,could,1
7181,elena,25,WS,did/did ya,1
7181,elena,25,WS,do,1
7181,elena,25,WS,does,1
7181,elena,25,WS,don't,1
7181,elena,25,WS,gonna/going to,1
7181,elena,25,WS,gotta/got to,1
7181,elena,25,WS,hafta/have to,1
7181,elena,25,WS,is,1
7181,elena,25,WS,lemme/let me,1
7181,elena,25,WS,need/need to,1
7181,elena,25,WS,try/try to,1
7181,elena,25,WS,wanna/want to,1
7181,elena,25,WS,was,1
7181,elena,25,WS,were,1
7181,elena,25,WS,will,1
7181,elena,25,WS,would,1
7181,elena,25,WS,and,1
7181,elena,25,WS,because,0
7181,elena,25,WS,but,1
7181,elena,25,WS,if,1
7181,elena,25,WS,so,1
7181,elena,25,WS,then,1
7214,elena,24,WS,baa baa,0
7214,elena,24,WS,choo choo,1
7214,elena,24,WS,cock-a-doodle-doo,1
7214,elena,24,WS,grrr,1
7214,elena,24,WS,meow,1
7214,elena,24,WS,moo,0
7214,elena,24,WS,ouch,1
7214,elena,24,WS,quack quack,1
7214,elena,24,WS,uh oh,1
7214,elena,24,WS,vroom,0
7214,elena,24,WS,woof woof,1
7214,elena,24,WS,yum yum,1
7214,elena,24,WS,alligator,0
7214,elena,24,WS,animal,1
7214,elena,24,WS,ant,1
7214,elena,24,WS,bear,1
7214,elena,24,WS,bee,1
7214,elena,24,WS,bird,1
7214,elena,24,WS,bug,1
7214,elena,24,WS,bunny,1
7214,elena,24,WS,butterfly,1
7214,elena,24,WS,cat,1
7214,elena,24,WS,chicken (animal),1
7214,elena,24,WS,cow,1
7214,elena,24,WS,deer,1
7214,elena,24,WS,dog,1
7214,elena,24,WS,donkey,0
7214,elena,24,WS,duck,1
7214,elena,24,WS,elephant,1
7214,elena,24,WS,fish (animal),1
7214,elena,24,WS,frog,1
7214,elena,24,WS,giraffe,1
7214,elena,24,WS,goose,1
7214,elena,24,WS,hen,0
7214,elena,24,WS,horse,1
7214,elena,24,WS,kitty,1
7214,elena,24,WS,lamb,0
7214,elena,24,WS,lion,1
7214,elena,24,WS,monkey,1
7214,elena,24,WS,moose,0
7214,elena,24,WS,mouse,1
7214,elena,24,WS,owl,1
7214,elena,24,WS,penguin,1
7214,elena,24,WS,pig,1
7214,elena,24,WS,pony,0
7214,elena,24,WS,puppy,1
7214,elena,24,WS,rooster,1
7214,elena,24,WS,sheep,1
7214,elena,24,WS,squirrel,0
7214,elena,24,WS,teddy bear,1
7214,elena,24,WS,tiger,1
7214,elena,24,WS,turkey,0
7214,elena,24,WS,turtle,1
7214,elena,24,WS,wolf,0
7214,elena,24,WS,zebra,0
7214,elena,24,WS,airplane,1
7214,elena,24,WS,bicycle,1
7214,elena,24,WS,boat,1
7214,elena,24,WS,bus,1
7214,elena,24,WS,car,1
7214,elena,24,WS,fire truck,1
7214,elena,24,WS,helicopter,0
7214,elena,24,WS,motorcycle,1
7214,elena,24,WS,sled,0
7214,elena,24,WS,stroller,1
7214,elena,24,WS,tractor,0
7214,elena,24,WS,train,1
7214,elena,24,WS,tricycle,0
7214,elena,24,WS,truck,1
7214,elena,24,WS,ball,1
7214,elena,24,WS,balloon,1
7214,elena,24,WS,bat,1
7214,elena,24,WS,block,1
7214,elena,24,WS,book,1
7214,elena,24,WS,bubbles,1
7214,elena,24,WS,chalk,0
7214,elena,24,WS,crayon,0
7214,elena,24,WS,doll,1
7214,elena,24,WS,game,0
7214,elena,24,WS,glue,0
7214,elena,24,WS,pen,1
7214,elena,24,WS,pencil,1
7214,elena,24,WS,play dough,1
7214,elena,24,WS,present,0
7214,elena,24,WS,puzzle,0
7214,elena,24,WS,story,0
7214,elena,24,WS,toy (object),0
7214,elena,24,WS,apple,1
7214,elena,24,WS,apple sauce,1
7214,elena,24,WS,banana,1
7214,elena,24,WS,beans,1
7214,elena,24,WS,bread,1
7214,elena,24,WS,butter,1
7214,elena,24,WS,cake,1
7214,elena,24,WS,candy,1
7214,elena,24,WS,carrots,1
7214,elena,24,WS,cereal,1
7214,elena,24,WS,cheerios,1
7214,elena,24,WS,cheese,1
7214,elena,24,WS,chicken (food),1
7214,elena,24,WS,chocolate,1
7214,elena,24,WS,coffee,0
7214,elena,24,WS,coke,0
7214,elena,24,WS,cookie,1
7214,elena,24,WS,corn,1
7214,elena,24,WS,cracker,1
7214,elena,24,WS,donut,1
7214,elena,24,WS,drink (beverage),1
7214,elena,24,WS,egg,1
7214,elena,24,WS,fish (food),0
7214,elena,24,WS,food,1
7214,elena,24,WS,french fries,1
7214,elena,24,WS,grapes,1
7214,elena,24,WS,green beans,1
7214,elena,24,WS,gum,1
7214,elena,24,WS,hamburger,1
7214,elena,24,WS,ice,0
7214,elena,24,WS,ice cream,1
7214,elena,24,WS,jello,0
7214,elena,24,WS,jelly,0
7214,elena,24,WS,juice,0
7214,elena,24,WS,lollipop,1
7214,elena,24,WS,meat,0
7214,elena,24,WS,melon,1
7214,elena,24,WS,milk,1
7214,elena,24,WS,muffin,1
7214,elena,24,WS,noodles,1
7214,elena,24,WS,nuts,1
7214,elena,24,WS,orange (food),0
7214,elena,24,WS,pancakes,1
7214,elena,24,WS,peanut butter,0
7214,elena,24,WS,peas,0
7214,elena,24,WS,pickle,1
7214,elena,24,WS,pizza,1
7214,elena,24,WS,popcorn,1
7214,elena,24,WS,popsicle,1
7214,elena,24,WS,potato,1
7214,elena,24,WS,potato chips,1
7214,elena,24,WS,pretzel,1
7214,elena,24,WS,pudding,0
7214,elena,24,WS,pumpkin,0
7214,elena,24,WS,raisin,1
7214,elena,24,WS,salt,0
7214,elena,24,WS,sandwich,1
7214,elena,24,WS,sauce,0
7214,elena,24,WS,soda/pop,1
7214,elena,24,WS,soup,1
7214,elena,24,WS,spaghetti,1
7214,elena,24,WS,strawberry,1
7214,elena,24,WS,toast,0
7214,elena,24,WS,tuna,0
7214,elena,24,WS,vanilla,0
7214,elena,24,WS,vitamins,0
7214,elena,24,WS,water (beverage),1
7214,elena,24,WS,yogurt,1
7214,elena,24,WS,beads,0
7214,elena,24,WS,belt,1
7214,elena,24,WS,bib,0
7214,elena,24,WS,boots,1
7214,elena,24,WS,button,1
7214,elena,24,WS,coat,1
7214,elena,24,WS,diaper,1
7214,elena,24,WS,dress (object),1
7214,elena,24,WS,gloves,1
7214,elena,24,WS,hat,1
7214,elena,24,WS,jacket,1
7214,elena,24,WS,jeans,0
7214,elena,24,WS,mittens,0
7214,elena,24,WS,necklace,1
7214,elena,24,WS,pajamas,1
7214,elena,24,WS,pants,0
7214,elena,24,WS,scarf,0
7214,elena,24,WS,shirt,1
7214,elena,24,WS,shoe,1
7214,elena,24,WS,shorts,0
7214,elena,24,WS,slipper,0
7214,elena,24,WS,sneaker,0
7214,elena,24,WS,snowsuit,0
7214,elena,24,WS,sock,1
7214,elena,24,WS,sweater,1
7214,elena,24,WS,tights,1
7214,elena,24,WS,underpants,1
7214,elena,24,WS,zipper,1
7214,elena,24,WS,ankle,0
7214,elena,24,WS,arm,1
7214,elena,24,WS,belly button,1
7214,elena,24,WS,buttocks/bottom*,1
7214,elena,24,WS,cheek,1
7214,elena,24,WS,chin,0
7214,elena,24,WS,ear,1
7214,elena,24,WS,eye,1
7214,elena,24,WS,face,1
7214,elena,24,WS,foot,0
7214,elena,24,WS,finger,0
7214,elena,24,WS,hair,1
7214,elena,24,WS,hand,1
7214,elena,24,WS,head,1
7214,elena,24,WS,knee,0
7214,elena,24,WS,leg,0
7214,elena,24,WS,lips,0
7214,elena,24,WS,mouth,1
7214,elena,24,WS,nose,1
7214,elena,24,WS,owie/boo boo,1
7214,elena,24,WS,penis*,0
7214,elena,24,WS,shoulder,1
7214,elena,24,WS,tooth,0
7214,elena,24,WS,toe,1
7214,elena,24,WS,tongue,1
7214,elena,24,WS,tummy,1
7214,elena,24,WS,vagina*,0
7214,elena,24,WS,basket,0
7214,elena,24,WS,blanket,1
7214,elena,24,WS,bottle,1
7214,elena,24,WS,box,1
7214,elena,24,WS,bowl,0
7214,elena,24,WS,broom,1
7214,elena,24,WS,brush,1
7214,elena,24,WS,bucket,0
7214,elena,24,WS,camera,1
7214,elena,24,WS,can (object),0
7214,elena,24,WS,clock,1
7214,elena,24,WS,comb,0
7214,elena,24,WS,cup,1
7214,elena,24,WS,dish,1
7214,elena,24,WS,fork,1
7214,elena,24,WS,garbage,1
7214,elena,24,WS,glass,0
7214,elena,24,WS,glasses,1
7214,elena,24,WS,hammer,0
7214,elena,24,WS,jar,0
7214,elena,24,WS,keys,1
7214,elena,24,WS,knife,0
7214,elena,24,WS,lamp,0
7214,elena,24,WS,light,1
7214,elena,24,WS,medicine,0
7214,elena,24,WS,money,1
7214,elena,24,WS,mop,0
7214,elena,24,WS,nail,0
7214,elena,24,WS,napkin,0
7214,elena,24,WS,paper,1
7214,elena,24,WS,penny,0
7214,elena,24,WS,picture,1
7214,elena,24,WS,pillow,1
7214,elena,24,WS,plant,1
7214,elena,24,WS,plate,0
7214,elena,24,WS,purse,1
7214,elena,24,WS,radio,1
7214,elena,24,WS,scissors,1
7214,elena,24,WS,soap,0
7214,elena,24,WS,spoon,0
7214,elena,24,WS,tape,0
7214,elena,24,WS,telephone,1
7214,elena,24,WS,tissue/kleenex,0
7214,elena,24,WS,toothbrush,1
7214,elena,24,WS,towel,1
7214,elena,24,WS,trash,0
7214,elena,24,WS,tray,0
7214,elena,24,WS,vacuum,1
7214,elena,24,WS,walker,0
7214,elena,24,WS,watch (object),0
7214,elena,24,WS,basement,0
7214,elena,24,WS,bathroom,0
7214,elena,24,WS,bathtub,1
7214,elena,24,WS,bed,1
7214,elena,24,WS,bedroom,0
7214,elena,24,WS,bench,0
7214,elena,24,WS,chair,1
7214,elena,24,WS,closet,0
7214,elena,24,WS,couch,0
7214,elena,24,WS,crib,1
7214,elena,24,WS,door,1
7214,elena,24,WS,drawer,0
7214,elena,24,WS,dryer,0
7214,elena,24,WS,garage,0
7214,elena,24,WS,high chair,0
7214,elena,24,WS,kitchen,0
7214,elena,24,WS,living room,0
7214,elena,24,WS,oven,0
7214,elena,24,WS,play pen,0
7214,elena,24,WS,porch,0
7214,elena,24,WS,potty,1
7214,elena,24,WS,refrigerator,0
7214,elena,24,WS,rocking chair,0
7214,elena,24,WS,room,0
7214,elena,24,WS,shower,0
7214,elena,24,WS,sink,1
7214,elena,24,WS,sofa,0
7214,elena,24,WS,stairs,1
7214,elena,24,WS,stove,0
7214,elena,24,WS,table,1
7214,elena,24,WS,TV,1
7214,elena,24,WS,washing machine,0
7214,elena,24,WS,window,1
7214,elena,24,WS,backyard,0
7214,elena,24,WS,cloud,0
7214,elena,24,WS,flag,1
7214,elena,24,WS,flower,1
7214,elena,24,WS,garden,0
7214,elena,24,WS,grass,1
7214,elena,24,WS,hose,0
7214,elena,24,WS,ladder,0
7214,elena,24,WS,lawn mower,0
7214,elena,24,WS,moon,1
7214,elena,24,WS,pool,1
7214,elena,24,WS,rain,1
7214,elena,24,WS,rock,1
7214,elena,24,WS,roof,0
7214,elena,24,WS,sandbox,0
7214,elena,24,WS,shovel,0
7214,elena,24,WS,sidewalk,0
7214,elena,24,WS,sky,1
7214,elena,24,WS,slide (object),1
7214,elena,24,WS,snow,1
7214,elena,24,WS,snowman,0
7214,elena,24,WS,sprinkler,0
7214,elena,24,WS,star,0
7214,elena,24,WS,stick,0
7214,elena,24,WS,stone,0
7214,elena,24,WS,street,0
7214,elena,24,WS,sun,1
7214,elena,24,WS,swing (object),1
7214,elena,24,WS,tree,1
7214,elena,24,WS,water (not beverage),1
7214,elena,24,WS,wind,0
7214,elena,24,WS,beach,1
7214,elena,24,WS,camping,0
7214,elena,24,WS,church*,1
7214,elena,24,WS,circus,0
7214,elena,24,WS,country,0
7214,elena,24,WS,downtown,0
7214,elena,24,WS,farm,0
7214,elena,24,WS,gas station,0
7214,elena,24,WS,home,1
7214,elena,24,WS,house,1
7214,elena,24,WS,movie,1
7214,elena,24,WS,outside,1
7214,elena,24,WS,park,1
7214,elena,24,WS,party,0
7214,elena,24,WS,picnic,0
7214,elena,24,WS,playground,0
7214,elena,24,WS,school,1
7214,elena,24,WS,store,1
7214,elena,24,WS,woods,0
7214,elena,24,WS,work (place),0
7214,elena,24,WS,yard,0
7214,elena,24,WS,zoo,1
7214,elena,24,WS,aunt,1
7214,elena,24,WS,baby,1
7214,elena,24,WS,babysitter,0
7214,elena,24,WS,babysitter's name,0
7214,elena,24,WS,boy,0
7214,elena,24,WS,brother,0
7214,elena,24,WS,child,0
7214,elena,24,WS,clown,1
7214,elena,24,WS,cowboy,1
7214,elena,24,WS,daddy*,1
7214,elena,24,WS,doctor,1
7214,elena,24,WS,fireman,0
7214,elena,24,WS,friend,1
7214,elena,24,WS,girl,0
7214,elena,24,WS,grandma*,1
7214,elena,24,WS,grandpa*,1
7214,elena,24,WS,lady,0
7214,elena,24,WS,mailman,1
7214,elena,24,WS,man,0
7214,elena,24,WS,mommy*,1
7214,elena,24,WS,nurse,0
7214,elena,24,WS,child's own name,1
7214,elena,24,WS,people,0
7214,elena,24,WS,person,0
7214,elena,24,WS,pet's name,1
7214,elena,24,WS,police,0
7214,elena,24,WS,sister,0
7214,elena,24,WS,teacher,0
7214,elena,24,WS,uncle,0
7214,elena,24,WS,bath,1
7214,elena,24,WS,breakfast,1
7214,elena,24,WS,bye,1
7214,elena,24,WS,call (on phone),1
7214,elena,24,WS,dinner,1
7214,elena,24,WS,gimme five,1
7214,elena,24,WS,gonna get you,1
7214,elena,24,WS,go potty,0
7214,elena,24,WS,hi,1
7214,elena,24,WS,hello,1
7214,elena,24,WS,lunch,1
7214,elena,24,WS,nap,1
7214,elena,24,WS,night night,1
7214,elena,24,WS,no,1
7214,elena,24,WS,patty cake,1
7214,elena,24,WS,peekaboo,1
7214,elena,24,WS,please,1
7214,elena,24,WS,shh/shush/hush,1
7214,elena,24,WS,shopping,0
7214,elena,24,WS,snack,1
7214,elena,24,WS,so big,0
7214,elena,24,WS,thank you,1
7214,elena,24,WS,this little piggy,0
7214,elena,24,WS,turn around,1
7214,elena,24,WS,yes,1
7214,elena,24,WS,bite,1
7214,elena,24,WS,blow,1
7214,elena,24,WS,break,1
7214,elena,24,WS,bring,1
7214,elena,24,WS,build,0
7214,elena,24,WS,bump,1
7214,elena,24,WS,buy,1
7214,elena,24,WS,carry,0
7214,elena,24,WS,catch,1
7214,elena,24,WS,chase,1
7214,elena,24,WS,clap,1
7214,elena,24,WS,clean (action),1
7214,elena,24,WS,climb,0
7214,elena,24,WS,close,1
7214,elena,24,WS,cook,1
7214,elena,24,WS,cover,0
7214,elena,24,WS,cry,1
7214,elena,24,WS,cut,0
7214,elena,24,WS,dance,1
7214,elena,24,WS,draw,1
7214,elena,24,WS,drink (action),1
7214,elena,24,WS,drive,1
7214,elena,24,WS,drop,1
7214,elena,24,WS,dry (action),1
7214,elena,24,WS,dump,0
7214,elena,24,WS,eat,1
7214,elena,24,WS,fall,1
7214,elena,24,WS,feed,1
7214,elena,24,WS,find,0
7214,elena,24,WS,finish,0
7214,elena,24,WS,fit,1
7214,elena,24,WS,fix,1
7214,elena,24,WS,get,1
7214,elena,24,WS,give,1
7214,elena,24,WS,go,1
7214,elena,24,WS,hate,0
7214,elena,24,WS,have,1
7214,elena,24,WS,hear,1
7214,elena,24,WS,help,1
7214,elena,24,WS,hide,1
7214,elena,24,WS,hit,1
7214,elena,24,WS,hold,1
7214,elena,24,WS,hug,1
7214,elena,24,WS,hurry,1
7214,elena,24,WS,jump,1
7214,elena,24,WS,kick,1
7214,elena,24,WS,kiss,1
7214,elena,24,WS,knock,1
7214,elena,24,WS,lick,1
7214,elena,24,WS,like,1
7214,elena,24,WS,listen,1
7214,elena,24,WS,look,1
7214,elena,24,WS,love,1
7214,elena,24,WS,make,1
7214,elena,24,WS,open,1
7214,elena,24,WS,paint,1
7214,elena,24,WS,pick,1
7214,elena,24,WS,play,1
7214,elena,24,WS,pour,0
7214,elena,24,WS,pretend,0
7214,elena,24,WS,pull,1
7214,elena,24,WS,push,1
7214,elena,24,WS,put,1
7214,elena,24,WS,read,1
7214,elena,24,WS,ride,0
7214,elena,24,WS,rip,0
7214,elena,24,WS,run,1
7214,elena,24,WS,say,1
7214,elena,24,WS,see,1
7214,elena,24,WS,shake,0
7214,elena,24,WS,share,0
7214,elena,24,WS,show,1
7214,elena,24,WS,sing,1
7214,elena,24,WS,sit,1
7214,elena,24,WS,skate,0
7214,elena,24,WS,sleep,1
7214,elena,24,WS,slide (action),1
7214,elena,24,WS,smile,1
7214,elena,24,WS,spill,0
7214,elena,24,WS,splash,1
7214,elena,24,WS,stand,1
7214,elena,24,WS,stay,0
7214,elena,24,WS,stop,1
7214,elena,24,WS,sweep,1
7214,elena,24,WS,swim,1
7214,elena,24,WS,swing (action),1
7214,elena,24,WS,take,1
7214,elena,24,WS,talk,1
7214,elena,24,WS,taste,0
7214,elena,24,WS,tear,0
7214,elena,24,WS,think,0
7214,elena,24,WS,throw,1
7214,elena,24,WS,tickle,1
7214,elena,24,WS,touch,1
7214,elena,24,WS,wait,1
7214,elena,24,WS,wake,1
7214,elena,24,WS,walk,1
7214,elena,24,WS,wash,1
7214,elena,24,WS,watch (action),1
7214,elena,24,WS,wipe,1
7214,elena,24,WS,wish,0
7214,elena,24,WS,work (action),0
7214,elena,24,WS,write,0
7214,elena,24,WS,all gone,1
7214,elena,24,WS,asleep,1
7214,elena,24,WS,awake,1
7214,elena,24,WS,bad,0
7214,elena,24,WS,better,0
7214,elena,24,WS,big,1
7214,elena,24,WS,black,0
7214,elena,24,WS,blue,0
7214,elena,24,WS,broken,1
7214,elena,24,WS,brown,0
7214,elena,24,WS,careful,1
7214,elena,24,WS,clean (description),1
7214,elena,24,WS,cold,1
7214,elena,24,WS,cute,1
7214,elena,24,WS,dark,0
7214,elena,24,WS,dirty,1
7214,elena,24,WS,dry (description),1
7214,elena,24,WS,empty,0
7214,elena,24,WS,fast,1
7214,elena,24,WS,fine,0
7214,elena,24,WS,first,0
7214,elena,24,WS,full,0
7214,elena,24,WS,gentle,1
7214,elena,24,WS,good,1
7214,elena,24,WS,green,0
7214,elena,24,WS,happy,1
7214,elena,24,WS,hard,0
7214,elena,24,WS,heavy,0
7214,elena,24,WS,high,1
7214,elena,24,WS,hot,1
7214,elena,24,WS,hungry,1
7214,elena,24,WS,hurt,1
7214,elena,24,WS,last,0
7214,elena,24,WS,little (description),1
7214,elena,24,WS,long,0
7214,elena,24,WS,loud,1
7214,elena,24,WS,mad,1
7214,elena,24,WS,naughty,0
7214,elena,24,WS,new,0
7214,elena,24,WS,nice,1
7214,elena,24,WS,noisy,1
7214,elena,24,WS,old,0
7214,elena,24,WS,orange (description),0
7214,elena,24,WS,poor,0
7214,elena,24,WS,pretty,1
7214,elena,24,WS,quiet,1
7214,elena,24,WS,red,0
7214,elena,24,WS,sad,1
7214,elena,24,WS,scared,1
7214,elena,24,WS,sick,0
7214,elena,24,WS,sleepy,0
7214,elena,24,WS,slow,1
7214,elena,24,WS,soft,1
7214,elena,24,WS,sticky,0
7214,elena,24,WS,stuck,0
7214,elena,24,WS,thirsty,0
7214,elena,24,WS,tiny,0
7214,elena,24,WS,tired,1
7214,elena,24,WS,wet,1
7214,elena,24,WS,white,0
7214,elena,24,WS,windy,1
7214,elena,24,WS,yellow,0
7214,elena,24,WS,yucky,1
7214,elena,24,WS,after,0
7214,elena,24,WS,before,0
7214,elena,24,WS,day,0
7214,elena,24,WS,later,1
7214,elena,24,WS,morning,1
7214,elena,24,WS,night,1
7214,elena,24,WS,now,1
7214,elena,24,WS,time,0
7214,elena,24,WS,today,1
7214,elena,24,WS,tomorrow,0
7214,elena,24,WS,tonight,0
7214,elena,24,WS,yesterday,0
7214,elena,24,WS,he,0
7214,elena,24,WS,her,1
7214,elena,24,WS,hers,0
7214,elena,24,WS,him,0
7214,elena,24,WS,his,0
7214,elena,24,WS,I,1
7214,elena,24,WS,it,1
7214,elena,24,WS,me,0
7214,elena,24,WS,mine,1
7214,elena,24,WS,my,1
7214,elena,24,WS,myself,0
7214,elena,24,WS,our,0
7214,elena,24,WS,she,1
7214,elena,24,WS,that,1
7214,elena,24,WS,their,0
7214,elena,24,WS,them,0
7214,elena,24,WS,these,0
7214,elena,24,WS,they,0
7214,elena,24,WS,this,1
7214,elena,24,WS,those,0
7214,elena,24,WS,us,0
7214,elena,24,WS,we,0
7214,elena,24,WS,you,1
7214,elena,24,WS,your,1
7214,elena,24,WS,yourself,0
7214,elena,24,WS,how,0
7214,elena,24,WS,what,1
7214,elena,24,WS,when,0
7214,elena,24,WS,where,1
7214,elena,24,WS,which,0
7214,elena,24,WS,who,0
7214,elena,24,WS,why,0
7214,elena,24,WS,about,0
7214,elena,24,WS,above,0
7214,elena,24,WS,around,0
7214,elena,24,WS,at,1
7214,elena,24,WS,away,1
7214,elena,24,WS,back,1
7214,elena,24,WS,behind,0
7214,elena,24,WS,beside,0
7214,elena,24,WS,by,0
7214,elena,24,WS,down,1
7214,elena,24,WS,for,1
7214,elena,24,WS,here,1
7214,elena,24,WS,inside/in,0
7214,elena,24,WS,into,0
7214,elena,24,WS,next to,0
7214,elena,24,WS,of,0
7214,elena,24,WS,off,0
7214,elena,24,WS,on,0
7214,elena,24,WS,on top of,0
7214,elena,24,WS,out,0
7214,elena,24,WS,over,1
7214,elena,24,WS,there,1
7214,elena,24,WS,to,1
7214,elena,24,WS,under,0
7214,elena,24,WS,up,1
7214,elena,24,WS,with,1
7214,elena,24,WS,a,0
7214,elena,24,WS,all,0
7214,elena,24,WS,a lot,0
7214,elena,24,WS,an,0
7214,elena,24,WS,another,0
7214,elena,24,WS,any,0
7214,elena,24,WS,each,0
7214,elena,24,WS,every,0
7214,elena,24,WS,more,1
7214,elena,24,WS,much,0
7214,elena,24,WS,not,0
7214,elena,24,WS,none,0
7214,elena,24,WS,other,0
7214,elena,24,WS,same,0
7214,elena,24,WS,some,1
7214,elena,24,WS,the,1
7214,elena,24,WS,too,1
7214,elena,24,WS,am,0
7214,elena,24,WS,are,0
7214,elena,24,WS,be,0
7214,elena,24,WS,can (auxiliary),1
7214,elena,24,WS,could,0
7214,elena,24,WS,did/did ya,0
7214,elena,24,WS,do,1
7214,elena,24,WS,does,0
7214,elena,24,WS,don't,0
7214,elena,24,WS,gonna/going to,1
7214,elena,24,WS,gotta/got to,0
7214,elena,24,WS,hafta/have to,0
7214,elena,24,WS,is,0
7214,elena,24,WS,lemme/let me,0
7214,elena,24,WS,need/need to,0
7214,elena,24,WS,try/try to,0
7214,elena,24,WS,wanna/want to,0
7214,elena,24,WS,was,0
7214,elena,24,WS,were,0
7214,elena,24,WS,will,0
7214,elena,24,WS,would,0
7214,elena,24,WS,and,0
7214,elena,24,WS,because,0
7214,elena,24,WS,but,0
7214,elena,24,WS,if,0
7214,elena,24,WS,so,0
7214,elena,24,WS,then,0
7247,elena,25,WS,baa baa,1
7247,elena,25,WS,choo choo,1
7247,elena,25,WS,cock-a-doodle-doo,1
7247,elena,25,WS,grrr,1
7247,elena,25,WS,meow,1
7247,elena,25,WS,moo,1
7247,elena,25,WS,ouch,1
7247,elena,25,WS,quack quack,1
7247,elena,25,WS,uh oh,1
7247,elena,25,WS,vroom,1
7247,elena,25,WS,woof woof,1
7247,elena,25,WS,yum yum,1
7247,elena,25,WS,alligator,0
7247,elena,25,WS,animal,0
7247,elena,25,WS,ant,0
7247,elena,25,WS,bear,1
7247,elena,25,WS,bee,0
7247,elena,25,WS,bird,1
7247,elena,25,WS,bug,0
7247,elena,25,WS,bunny,1
7247,elena,25,WS,butterfly,0
7247,elena,25,WS,cat,1
7247,elena,25,WS,chicken (animal),1
7247,elena,25,WS,cow,1
7247,elena,25,WS,deer,0
7247,elena,25,WS,dog,1
7247,elena,25,WS,donkey,0
7247,elena,25,WS,duck,1
7247,elena,25,WS,elephant,1
7247,elena,25,WS,fish (animal),1
7247,elena,25,WS,frog,1
7247,elena,25,WS,giraffe,0
7247,elena,25,WS,goose,0
7247,elena,25,WS,hen,0
7247,elena,25,WS,horse,1
7247,elena,25,WS,kitty,1
7247,elena,25,WS,lamb,0
7247,elena,25,WS,lion,1
7247,elena,25,WS,monkey,1
7247,elena,25,WS,moose,0
7247,elena,25,WS,mouse,0
7247,elena,25,WS,owl,0
7247,elena,25,WS,penguin,0
7247,elena,25,WS,pig,1
7247,elena,25,WS,pony,0
7247,elena,25,WS,puppy,0
7247,elena,25,WS,rooster,0
7247,elena,25,WS,sheep,0
7247,elena,25,WS,squirrel,1
7247,elena,25,WS,teddy bear,1
7247,elena,25,WS,tiger,0
7247,elena,25,WS,turkey,0
7247,elena,25,WS,turtle,0
7247,elena,25,WS,wolf,0
7247,elena,25,WS,zebra,0
7247,elena,25,WS,airplane,1
7247,elena,25,WS,bicycle,1
7247,elena,25,WS,boat,0
7247,elena,25,WS,bus,1
7247,elena,25,WS,car,1
7247,elena,25,WS,fire truck,1
7247,elena,25,WS,helicopter,1
7247,elena,25,WS,motorcycle,1
7247,elena,25,WS,sled,0
7247,elena,25,WS,stroller,1
7247,elena,25,WS,tractor,1
7247,elena,25,WS,train,1
7247,elena,25,WS,tricycle,0
7247,elena,25,WS,truck,1
7247,elena,25,WS,ball,1
7247,elena,25,WS,balloon,1
7247,elena,25,WS,bat,0
7247,elena,25,WS,block,1
7247,elena,25,WS,book,1
7247,elena,25,WS,bubbles,1
7247,elena,25,WS,chalk,0
7247,elena,25,WS,crayon,0
7247,elena,25,WS,doll,0
7247,elena,25,WS,game,0
7247,elena,25,WS,glue,0
7247,elena,25,WS,pen,0
7247,elena,25,WS,pencil,0
7247,elena,25,WS,play dough,0
7247,elena,25,WS,present,0
7247,elena,25,WS,puzzle,0
7247,elena,25,WS,story,0
7247,elena,25,WS,toy (object),1
7247,elena,25,WS,apple,1
7247,elena,25,WS,apple sauce,1
7247,elena,25,WS,banana,1
7247,elena,25,WS,beans,0
7247,elena,25,WS,bread,1
7247,elena,25,WS,butter,1
7247,elena,25,WS,cake,1
7247,elena,25,WS,candy,1
7247,elena,25,WS,carrots,0
7247,elena,25,WS,cereal,0
7247,elena,25,WS,cheerios,1
7247,elena,25,WS,cheese,1
7247,elena,25,WS,chicken (food),1
7247,elena,25,WS,chocolate,0
7247,elena,25,WS,coffee,0
7247,elena,25,WS,coke,0
7247,elena,25,WS,cookie,1
7247,elena,25,WS,corn,0
7247,elena,25,WS,cracker,1
7247,elena,25,WS,donut,0
7247,elena,25,WS,drink (beverage),1
7247,elena,25,WS,egg,0
7247,elena,25,WS,fish (food),0
7247,elena,25,WS,food,0
7247,elena,25,WS,french fries,1
7247,elena,25,WS,grapes,1
7247,elena,25,WS,green beans,0
7247,elena,25,WS,gum,0
7247,elena,25,WS,hamburger,1
7247,elena,25,WS,ice,1
7247,elena,25,WS,ice cream,0
7247,elena,25,WS,jello,0
7247,elena,25,WS,jelly,1
7247,elena,25,WS,juice,1
7247,elena,25,WS,lollipop,0
7247,elena,25,WS,meat,0
7247,elena,25,WS,melon,1
7247,elena,25,WS,milk,1
7247,elena,25,WS,muffin,1
7247,elena,25,WS,noodles,1
7247,elena,25,WS,nuts,0
7247,elena,25,WS,orange (food),0
7247,elena,25,WS,pancakes,1
7247,elena,25,WS,peanut butter,1
7247,elena,25,WS,peas,0
7247,elena,25,WS,pickle,0
7247,elena,25,WS,pizza,1
7247,elena,25,WS,popcorn,1
7247,elena,25,WS,popsicle,1
7247,elena,25,WS,potato,0
7247,elena,25,WS,potato chips,0
7247,elena,25,WS,pretzel,0
7247,elena,25,WS,pudding,0
7247,elena,25,WS,pumpkin,1
7247,elena,25,WS,raisin,1
7247,elena,25,WS,salt,0
7247,elena,25,WS,sandwich,1
7247,elena,25,WS,sauce,1
7247,elena,25,WS,soda/pop,0
7247,elena,25,WS,soup,0
7247,elena,25,WS,spaghetti,1
7247,elena,25,WS,strawberry,1
7247,elena,25,WS,toast,1
7247,elena,25,WS,tuna,0
7247,elena,25,WS,vanilla,0
7247,elena,25,WS,vitamins,1
7247,elena,25,WS,water (beverage),1
7247,elena,25,WS,yogurt,1
7247,elena,25,WS,beads,0
7247,elena,25,WS,belt,0
7247,elena,25,WS,bib,1
7247,elena,25,WS,boots,1
7247,elena,25,WS,button,0
7247,elena,25,WS,coat,1
7247,elena,25,WS,diaper,1
7247,elena,25,WS,dress (object),1
7247,elena,25,WS,gloves,0
7247,elena,25,WS,hat,1
7247,elena,25,WS,jacket,1
7247,elena,25,WS,jeans,1
7247,elena,25,WS,mittens,0
7247,elena,25,WS,necklace,0
7247,elena,25,WS,pajamas,1
7247,elena,25,WS,pants,1
7247,elena,25,WS,scarf,0
7247,elena,25,WS,shirt,1
7247,elena,25,WS,shoe,1
7247,elena,25,WS,shorts,1
7247,elena,25,WS,slipper,1
7247,elena,25,WS,sneaker,0
7247,elena,25,WS,snowsuit,0
7247,elena,25,WS,sock,1
7247,elena,25,WS,sweater,0
7247,elena,25,WS,tights,0
7247,elena,25,WS,underpants,1
7247,elena,25,WS,zipper,0
7247,elena,25,WS,ankle,0
7247,elena,25,WS,arm,1
7247,elena,25,WS,belly button,1
7247,elena,25,WS,buttocks/bottom*,1
7247,elena,25,WS,cheek,1
7247,elena,25,WS,chin,1
7247,elena,25,WS,ear,1
7247,elena,25,WS,eye,1
7247,elena,25,WS,face,0
7247,elena,25,WS,foot,1
7247,elena,25,WS,finger,1
7247,elena,25,WS,hair,1
7247,elena,25,WS,hand,1
7247,elena,25,WS,head,0
7247,elena,25,WS,knee,1
7247,elena,25,WS,leg,1
7247,elena,25,WS,lips,1
7247,elena,25,WS,mouth,1
7247,elena,25,WS,nose,1
7247,elena,25,WS,owie/boo boo,1
7247,elena,25,WS,penis*,1
7247,elena,25,WS,shoulder,0
7247,elena,25,WS,tooth,1
7247,elena,25,WS,toe,1
7247,elena,25,WS,tongue,0
7247,elena,25,WS,tummy,1
7247,elena,25,WS,vagina*,0
7247,elena,25,WS,basket,0
7247,elena,25,WS,blanket,1
7247,elena,25,WS,bottle,1
7247,elena,25,WS,box,0
7247,elena,25,WS,bowl,1
7247,elena,25,WS,broom,1
7247,elena,25,WS,brush,1
7247,elena,25,WS,bucket,0
7247,elena,25,WS,camera,1
7247,elena,25,WS,can (object),0
7247,elena,25,WS,clock,1
7247,elena,25,WS,comb,0
7247,elena,25,WS,cup,1
7247,elena,25,WS,dish,0
7247,elena,25,WS,fork,1
7247,elena,25,WS,garbage,1
7247,elena,25,WS,glass,0
7247,elena,25,WS,glasses,1
7247,elena,25,WS,hammer,0
7247,elena,25,WS,jar,0
7247,elena,25,WS,keys,1
7247,elena,25,WS,knife,0
7247,elena,25,WS,lamp,0
7247,elena,25,WS,light,0
7247,elena,25,WS,medicine,1
7247,elena,25,WS,money,0
7247,elena,25,WS,mop,0
7247,elena,25,WS,nail,0
7247,elena,25,WS,napkin,1
7247,elena,25,WS,paper,1
7247,elena,25,WS,penny,0
7247,elena,25,WS,picture,1
7247,elena,25,WS,pillow,1
7247,elena,25,WS,plant,0
7247,elena,25,WS,plate,1
7247,elena,25,WS,purse,1
7247,elena,25,WS,radio,0
7247,elena,25,WS,scissors,1
7247,elena,25,WS,soap,1
7247,elena,25,WS,spoon,1
7247,elena,25,WS,tape,0
7247,elena,25,WS,telephone,1
7247,elena,25,WS,tissue/kleenex,1
7247,elena,25,WS,toothbrush,1
7247,elena,25,WS,towel,1
7247,elena,25,WS,trash,1
7247,elena,25,WS,tray,0
7247,elena,25,WS,vacuum,1
7247,elena,25,WS,walker,0
7247,elena,25,WS,watch (object),1
7247,elena,25,WS,basement,0
7247,elena,25,WS,bathroom,1
7247,elena,25,WS,bathtub,0
7247,elena,25,WS,bed,1
7247,elena,25,WS,bedroom,0
7247,elena,25,WS,bench,1
7247,elena,25,WS,chair,1
7247,elena,25,WS,closet,0
7247,elena,25,WS,couch,1
7247,elena,25,WS,crib,0
7247,elena,25,WS,door,0
7247,elena,25,WS,drawer,0
7247,elena,25,WS,dryer,0
7247,elena,25,WS,garage,0
7247,elena,25,WS,high chair,0
7247,elena,25,WS,kitchen,0
7247,elena,25,WS,living room,0
7247,elena,25,WS,oven,0
7247,elena,25,WS,play pen,0
7247,elena,25,WS,porch,0
7247,elena,25,WS,potty,1
7247,elena,25,WS,refrigerator,0
7247,elena,25,WS,rocking chair,0
7247,elena,25,WS,room,0
7247,elena,25,WS,shower,1
7247,elena,25,WS,sink,0
7247,elena,25,WS,sofa,0
7247,elena,25,WS,stairs,0
7247,elena,25,WS,stove,0
7247,elena,25,WS,table,1
7247,elena,25,WS,TV,0
7247,elena,25,WS,washing machine,0
7247,elena,25,WS,window,0
7247,elena,25,WS,backyard,0
7247,elena,25,WS,cloud,0
7247,elena,25,WS,flag,0
7247,elena,25,WS,flower,1
7247,elena,25,WS,garden,0
7247,elena,25,WS,grass,0
7247,elena,25,WS,hose,1
7247,elena,25,WS,ladder,0
7247,elena,25,WS,lawn mower,0
7247,elena,25,WS,moon,1
7247,elena,25,WS,pool,1
7247,elena,25,WS,rain,0
7247,elena,25,WS,rock,1
7247,elena,25,WS,roof,0
7247,elena,25,WS,sandbox,0
7247,elena,25,WS,shovel,0
7247,elena,25,WS,sidewalk,0
7247,elena,25,WS,sky,0
7247,elena,25,WS,slide (object),0
7247,elena,25,WS,snow,0
7247,elena,25,WS,snowman,0
7247,elena,25,WS,sprinkler,0
7247,elena,25,WS,star,0
7247,elena,25,WS,stick,0
7247,elena,25,WS,stone,0
7247,elena,25,WS,street,0
7247,elena,25,WS,sun,1
7247,elena,25,WS,swing (object),0
7247,elena,25,WS,tree,1
7247,elena,25,WS,water (not beverage),1
7247,elena,25,WS,wind,0
7247,elena,25,WS,beach,1
7247,elena,25,WS,camping,0
7247,elena,25,WS,church*,0
7247,elena,25,WS,circus,0
7247,elena,25,WS,country,0
7247,elena,25,WS,downtown,0
7247,elena,25,WS,farm,0
7247,elena,25,WS,gas station,0
7247,elena,25,WS,home,1
7247,elena,25,WS,house,0
7247,elena,25,WS,movie,0
7247,elena,25,WS,outside,0
7247,elena,25,WS,park,1
7247,elena,25,WS,party,0
7247,elena,25,WS,picnic,0
7247,elena,25,WS,playground,0
7247,elena,25,WS,school,1
7247,elena,25,WS,store,0
7247,elena,25,WS,woods,0
7247,elena,25,WS,work (place),1
7247,elena,25,WS,yard,0
7247,elena,25,WS,zoo,0
7247,elena,25,WS,aunt,1
7247,elena,25,WS,baby,0
7247,elena,25,WS,babysitter,0
7247,elena,25,WS,babysitter's name,1
7247,elena,25,WS,boy,0
7247,elena,25,WS,brother,0
7247,elena,25,WS,child,0
7247,elena,25,WS,clown,0
7247,elena,25,WS,cowboy,0
7247,elena,25,WS,daddy*,1
7247,elena,25,WS,doctor,0
7247,elena,25,WS,fireman,0
7247,elena,25,WS,friend,0
7247,elena,25,WS,girl,0
7247,elena,25,WS,grandma*,1
7247,elena,25,WS,grandpa*,1
7247,elena,25,WS,lady,0
7247,elena,25,WS,mailman,0
7247,elena,25,WS,man,0
7247,elena,25,WS,mommy*,1
7247,elena,25,WS,nurse,0
7247,elena,25,WS,child's own name,1
7247,elena,25,WS,people,0
7247,elena,25,WS,person,0
7247,elena,25,WS,pet's name,1
7247,elena,25,WS,police,0
7247,elena,25,WS,sister,1
7247,elena,25,WS,teacher,0
7247,elena,25,WS,uncle,1
7247,elena,25,WS,bath,0
7247,elena,25,WS,breakfast,0
7247,elena,25,WS,bye,1
7247,elena,25,WS,call (on phone),1
7247,elena,25,WS,dinner,1
7247,elena,25,WS,gimme five,0
7247,elena,25,WS,gonna get you,0
7247,elena,25,WS,go potty,1
7247,elena,25,WS,hi,1
7247,elena,25,WS,hello,1
7247,elena,25,WS,lunch,1
7247,elena,25,WS,nap,0
7247,elena,25,WS,night night,1
7247,elena,25,WS,no,1
7247,elena,25,WS,patty cake,0
7247,elena,25,WS,peekaboo,1
7247,elena,25,WS,please,1
7247,elena,25,WS,shh/shush/hush,1
7247,elena,25,WS,shopping,0
7247,elena,25,WS,snack,1
7247,elena,25,WS,so big,0
7247,elena,25,WS,thank you,1
7247,elena,25,WS,this little piggy,0
7247,elena,25,WS,turn around,0
7247,elena,25,WS,yes,1
7247,elena,25,WS,bite,1
7247,elena,25,WS,blow,0
7247,elena,25,WS,break,0
7247,elena,25,WS,bring,0
7247,elena,25,WS,build,0
7247,elena,25,WS,bump,0
7247,elena,25,WS,buy,0
7247,elena,25,WS,carry,0
7247,elena,25,WS,catch,0
7247,elena,25,WS,chase,0
7247,elena,25,WS,clap,0
7247,elena,25,WS,clean (action),0
7247,elena,25,WS,climb,0
7247,elena,25,WS,close,0
7247,elena,25,WS,cook,1
7247,elena,25,WS,cover,0
7247,elena,25,WS,cry,0
7247,elena,25,WS,cut,0
7247,elena,25,WS,dance,0
7247,elena,25,WS,draw,0
7247,elena,25,WS,drink (action),0
7247,elena,25,WS,drive,0
7247,elena,25,WS,drop,0
7247,elena,25,WS,dry (action),0
7247,elena,25,WS,dump,0
7247,elena,25,WS,eat,1
7247,elena,25,WS,fall,0
7247,elena,25,WS,feed,0
7247,elena,25,WS,find,0
7247,elena,25,WS,finish,0
7247,elena,25,WS,fit,0
7247,elena,25,WS,fix,0
7247,elena,25,WS,get,0
7247,elena,25,WS,give,0
7247,elena,25,WS,go,1
7247,elena,25,WS,hate,0
7247,elena,25,WS,have,0
7247,elena,25,WS,hear,0
7247,elena,25,WS,help,1
7247,elena,25,WS,hide,0
7247,elena,25,WS,hit,0
7247,elena,25,WS,hold,0
7247,elena,25,WS,hug,0
7247,elena,25,WS,hurry,0
7247,elena,25,WS,jump,1
7247,elena,25,WS,kick,0
7247,elena,25,WS,kiss,0
7247,elena,25,WS,knock,0
7247,elena,25,WS,lick,0
7247,elena,25,WS,like,0
7247,elena,25,WS,listen,0
7247,elena,25,WS,look,1
7247,elena,25,WS,love,1
7247,elena,25,WS,make,0
7247,elena,25,WS,open,0
7247,elena,25,WS,paint,0
7247,elena,25,WS,pick,0
7247,elena,25,WS,play,1
7247,elena,25,WS,pour,0
7247,elena,25,WS,pretend,0
7247,elena,25,WS,pull,0
7247,elena,25,WS,push,1
7247,elena,25,WS,put,0
7247,elena,25,WS,read,0
7247,elena,25,WS,ride,1
7247,elena,25,WS,rip,0
7247,elena,25,WS,run,0
7247,elena,25,WS,say,0
7247,elena,25,WS,see,0
7247,elena,25,WS,shake,0
7247,elena,25,WS,share,0
7247,elena,25,WS,show,0
7247,elena,25,WS,sing,0
7247,elena,25,WS,sit,0
7247,elena,25,WS,skate,0
7247,elena,25,WS,sleep,0
7247,elena,25,WS,slide (action),0
7247,elena,25,WS,smile,0
7247,elena,25,WS,spill,0
7247,elena,25,WS,splash,0
7247,elena,25,WS,stand,0
7247,elena,25,WS,stay,0
7247,elena,25,WS,stop,0
7247,elena,25,WS,sweep,0
7247,elena,25,WS,swim,1
7247,elena,25,WS,swing (action),0
7247,elena,25,WS,take,0
7247,elena,25,WS,talk,0
7247,elena,25,WS,taste,0
7247,elena,25,WS,tear,0
7247,elena,25,WS,think,0
7247,elena,25,WS,throw,0
7247,elena,25,WS,tickle,0
7247,elena,25,WS,touch,0
7247,elena,25,WS,wait,0
7247,elena,25,WS,wake,0
7247,elena,25,WS,walk,1
7247,elena,25,WS,wash,0
7247,elena,25,WS,watch (action),0
7247,elena,25,WS,wipe,0
7247,elena,25,WS,wish,0
7247,elena,25,WS,work (action),1
7247,elena,25,WS,write,0
7247,elena,25,WS,all gone,1
7247,elena,25,WS,asleep,0
7247,elena,25,WS,awake,0
7247,elena,25,WS,bad,1
7247,elena,25,WS,better,0
7247,elena,25,WS,big,0
7247,elena,25,WS,black,0
7247,elena,25,WS,blue,0
7247,elena,25,WS,broken,0
7247,elena,25,WS,brown,0
7247,elena,25,WS,careful,0
7247,elena,25,WS,clean (description),1
7247,elena,25,WS,cold,0
7247,elena,25,WS,cute,0
7247,elena,25,WS,dark,0
7247,elena,25,WS,dirty,0
7247,elena,25,WS,dry (description),0
7247,elena,25,WS,empty,0
7247,elena,25,WS,fast,0
7247,elena,25,WS,fine,0
7247,elena,25,WS,first,0
7247,elena,25,WS,full,0
7247,elena,25,WS,gentle,0
7247,elena,25,WS,good,1
7247,elena,25,WS,green,0
7247,elena,25,WS,happy,0
7247,elena,25,WS,hard,0
7247,elena,25,WS,heavy,0
7247,elena,25,WS,high,0
7247,elena,25,WS,hot,1
7247,elena,25,WS,hungry,0
7247,elena,25,WS,hurt,0
7247,elena,25,WS,last,0
7247,elena,25,WS,little (description),0
7247,elena,25,WS,long,0
7247,elena,25,WS,loud,0
7247,elena,25,WS,mad,0
7247,elena,25,WS,naughty,1
7247,elena,25,WS,new,0
7247,elena,25,WS,nice,0
7247,elena,25,WS,noisy,0
7247,elena,25,WS,old,0
7247,elena,25,WS,orange (description),0
7247,elena,25,WS,poor,0
7247,elena,25,WS,pretty,0
7247,elena,25,WS,quiet,1
7247,elena,25,WS,red,0
7247,elena,25,WS,sad,0
7247,elena,25,WS,scared,0
7247,elena,25,WS,sick,0
7247,elena,25,WS,sleepy,0
7247,elena,25,WS,slow,0
7247,elena,25,WS,soft,0
7247,elena,25,WS,sticky,0
7247,elena,25,WS,stuck,0
7247,elena,25,WS,thirsty,0
7247,elena,25,WS,tiny,0
7247,elena,25,WS,tired,0
7247,elena,25,WS,wet,1
7247,elena,25,WS,white,0
7247,elena,25,WS,windy,0
7247,elena,25,WS,yellow,0
7247,elena,25,WS,yucky,1
7247,elena,25,WS,after,0
7247,elena,25,WS,before,0
7247,elena,25,WS,day,0
7247,elena,25,WS,later,0
7247,elena,25,WS,morning,0
7247,elena,25,WS,night,0
7247,elena,25,WS,now,0
7247,elena,25,WS,time,0
7247,elena,25,WS,today,0
7247,elena,25,WS,tomorrow,0
7247,elena,25,WS,tonight,0
7247,elena,25,WS,yesterday,0
7247,elena,25,WS,he,0
7247,elena,25,WS,her,0
7247,elena,25,WS,hers,0
7247,elena,25,WS,him,0
7247,elena,25,WS,his,0
7247,elena,25,WS,I,0
7247,elena,25,WS,it,0
7247,elena,25,WS,me,0
7247,elena,25,WS,mine,1
7247,elena,25,WS,my,0
7247,elena,25,WS,myself,0
7247,elena,25,WS,our,0
7247,elena,25,WS,she,0
7247,elena,25,WS,that,0
7247,elena,25,WS,their,0
7247,elena,25,WS,them,0
7247,elena,25,WS,these,1
7247,elena,25,WS,they,0
7247,elena,25,WS,this,1
7247,elena,25,WS,those,0
7247,elena,25,WS,us,0
7247,elena,25,WS,we,0
7247,elena,25,WS,you,0
7247,elena,25,WS,your,0
7247,elena,25,WS,yourself,0
7247,elena,25,WS,how,0
7247,elena,25,WS,what,0
7247,elena,25,WS,when,0
7247,elena,25,WS,where,0
7247,elena,25,WS,which,0
7247,elena,25,WS,who,0
7247,elena,25,WS,why,0
7247,elena,25,WS,about,0
7247,elena,25,WS,above,0
7247,elena,25,WS,around,0
7247,elena,25,WS,at,0
7247,elena,25,WS,away,0
7247,elena,25,WS,back,0
7247,elena,25,WS,behind,0
7247,elena,25,WS,beside,0
7247,elena,25,WS,by,0
7247,elena,25,WS,down,1
7247,elena,25,WS,for,0
7247,elena,25,WS,here,0
7247,elena,25,WS,inside/in,0
7247,elena,25,WS,into,0
7247,elena,25,WS,next to,0
7247,elena,25,WS,of,0
7247,elena,25,WS,off,0
7247,elena,25,WS,on,0
7247,elena,25,WS,on top of,0
7247,elena,25,WS,out,1
7247,elena,25,WS,over,0
7247,elena,25,WS,there,0
7247,elena,25,WS,to,0
7247,elena,25,WS,under,0
7247,elena,25,WS,up,1
7247,elena,25,WS,with,0
7247,elena,25,WS,a,0
7247,elena,25,WS,all,0
7247,elena,25,WS,a lot,0
7247,elena,25,WS,an,0
7247,elena,25,WS,another,0
7247,elena,25,WS,any,0
7247,elena,25,WS,each,0
7247,elena,25,WS,every,0
7247,elena,25,WS,more,0
7247,elena,25,WS,much,0
7247,elena,25,WS,not,0
7247,elena,25,WS,none,0
7247,elena,25,WS,other,0
7247,elena,25,WS,same,0
7247,elena,25,WS,some,0
7247,elena,25,WS,the,0
7247,elena,25,WS,too,0
7247,elena,25,WS,am,0
7247,elena,25,WS,are,0
7247,elena,25,WS,be,0
7247,elena,25,WS,can (auxiliary),0
7247,elena,25,WS,could,0
7247,elena,25,WS,did/did ya,0
7247,elena,25,WS,do,0
7247,elena,25,WS,does,0
7247,elena,25,WS,don't,0
7247,elena,25,WS,gonna/going to,0
7247,elena,25,WS,gotta/got to,0
7247,elena,25,WS,hafta/have to,0
7247,elena,25,WS,is,0
7247,elena,25,WS,lemme/let me,0
7247,elena,25,WS,need/need to,0
7247,elena,25,WS,try/try to,1
7247,elena,25,WS,wanna/want to,0
7247,elena,25,WS,was,0
7247,elena,25,WS,were,0
7247,elena,25,WS,will,0
7247,elena,25,WS,would,0
7247,elena,25,WS,and,0
7247,elena,25,WS,because,0
7247,elena,25,WS,but,0
7247,elena,25,WS,if,0
7247,elena,25,WS,so,0
7247,elena,25,WS,then,0
7301,elena,24,WS,baa baa,1
7301,elena,24,WS,choo choo,1
7301,elena,24,WS,cock-a-doodle-doo,1
7301,elena,24,WS,grrr,1
7301,elena,24,WS,meow,1
7301,elena,24,WS,moo,1
7301,elena,24,WS,ouch,1
7301,elena,24,WS,quack quack,1
7301,elena,24,WS,uh oh,1
7301,elena,24,WS,vroom,1
7301,elena,24,WS,woof woof,1
7301,elena,24,WS,yum yum,1
7301,elena,24,WS,alligator,1
7301,elena,24,WS,animal,1
7301,elena,24,WS,ant,1
7301,elena,24,WS,bear,1
7301,elena,24,WS,bee,1
7301,elena,24,WS,bird,1
7301,elena,24,WS,bug,1
7301,elena,24,WS,bunny,1
7301,elena,24,WS,butterfly,1
7301,elena,24,WS,cat,1
7301,elena,24,WS,chicken (animal),1
7301,elena,24,WS,cow,1
7301,elena,24,WS,deer,1
7301,elena,24,WS,dog,1
7301,elena,24,WS,donkey,0
7301,elena,24,WS,duck,1
7301,elena,24,WS,elephant,1
7301,elena,24,WS,fish (animal),1
7301,elena,24,WS,frog,1
7301,elena,24,WS,giraffe,1
7301,elena,24,WS,goose,0
7301,elena,24,WS,hen,0
7301,elena,24,WS,horse,1
7301,elena,24,WS,kitty,1
7301,elena,24,WS,lamb,0
7301,elena,24,WS,lion,1
7301,elena,24,WS,monkey,1
7301,elena,24,WS,moose,0
7301,elena,24,WS,mouse,0
7301,elena,24,WS,owl,1
7301,elena,24,WS,penguin,0
7301,elena,24,WS,pig,1
7301,elena,24,WS,pony,1
7301,elena,24,WS,puppy,1
7301,elena,24,WS,rooster,1
7301,elena,24,WS,sheep,1
7301,elena,24,WS,squirrel,1
7301,elena,24,WS,teddy bear,1
7301,elena,24,WS,tiger,1
7301,elena,24,WS,turkey,1
7301,elena,24,WS,turtle,1
7301,elena,24,WS,wolf,0
7301,elena,24,WS,zebra,1
7301,elena,24,WS,airplane,1
7301,elena,24,WS,bicycle,1
7301,elena,24,WS,boat,1
7301,elena,24,WS,bus,1
7301,elena,24,WS,car,1
7301,elena,24,WS,fire truck,1
7301,elena,24,WS,helicopter,1
7301,elena,24,WS,motorcycle,1
7301,elena,24,WS,sled,0
7301,elena,24,WS,stroller,1
7301,elena,24,WS,tractor,1
7301,elena,24,WS,train,1
7301,elena,24,WS,tricycle,1
7301,elena,24,WS,truck,1
7301,elena,24,WS,ball,1
7301,elena,24,WS,balloon,1
7301,elena,24,WS,bat,1
7301,elena,24,WS,block,1
7301,elena,24,WS,book,1
7301,elena,24,WS,bubbles,1
7301,elena,24,WS,chalk,1
7301,elena,24,WS,crayon,1
7301,elena,24,WS,doll,1
7301,elena,24,WS,game,1
7301,elena,24,WS,glue,0
7301,elena,24,WS,pen,1
7301,elena,24,WS,pencil,1
7301,elena,24,WS,play dough,1
7301,elena,24,WS,present,0
7301,elena,24,WS,puzzle,1
7301,elena,24,WS,story,1
7301,elena,24,WS,toy (object),1
7301,elena,24,WS,apple,1
7301,elena,24,WS,apple sauce,1
7301,elena,24,WS,banana,1
7301,elena,24,WS,beans,1
7301,elena,24,WS,bread,1
7301,elena,24,WS,butter,1
7301,elena,24,WS,cake,1
7301,elena,24,WS,candy,1
7301,elena,24,WS,carrots,1
7301,elena,24,WS,cereal,1
7301,elena,24,WS,cheerios,1
7301,elena,24,WS,cheese,1
7301,elena,24,WS,chicken (food),1
7301,elena,24,WS,chocolate,1
7301,elena,24,WS,coffee,1
7301,elena,24,WS,coke,1
7301,elena,24,WS,cookie,1
7301,elena,24,WS,corn,1
7301,elena,24,WS,cracker,1
7301,elena,24,WS,donut,1
7301,elena,24,WS,drink (beverage),1
7301,elena,24,WS,egg,1
7301,elena,24,WS,fish (food),0
7301,elena,24,WS,food,1
7301,elena,24,WS,french fries,1
7301,elena,24,WS,grapes,1
7301,elena,24,WS,green beans,1
7301,elena,24,WS,gum,1
7301,elena,24,WS,hamburger,1
7301,elena,24,WS,ice,1
7301,elena,24,WS,ice cream,1
7301,elena,24,WS,jello,1
7301,elena,24,WS,jelly,1
7301,elena,24,WS,juice,1
7301,elena,24,WS,lollipop,1
7301,elena,24,WS,meat,1
7301,elena,24,WS,melon,1
7301,elena,24,WS,milk,1
7301,elena,24,WS,muffin,1
7301,elena,24,WS,noodles,1
7301,elena,24,WS,nuts,1
7301,elena,24,WS,orange (food),1
7301,elena,24,WS,pancakes,1
7301,elena,24,WS,peanut butter,1
7301,elena,24,WS,peas,1
7301,elena,24,WS,pickle,1
7301,elena,24,WS,pizza,1
7301,elena,24,WS,popcorn,1
7301,elena,24,WS,popsicle,1
7301,elena,24,WS,potato,1
7301,elena,24,WS,potato chips,1
7301,elena,24,WS,pretzel,1
7301,elena,24,WS,pudding,0
7301,elena,24,WS,pumpkin,1
7301,elena,24,WS,raisin,0
7301,elena,24,WS,salt,1
7301,elena,24,WS,sandwich,1
7301,elena,24,WS,sauce,1
7301,elena,24,WS,soda/pop,1
7301,elena,24,WS,soup,1
7301,elena,24,WS,spaghetti,1
7301,elena,24,WS,strawberry,1
7301,elena,24,WS,toast,1
7301,elena,24,WS,tuna,0
7301,elena,24,WS,vanilla,0
7301,elena,24,WS,vitamins,1
7301,elena,24,WS,water (beverage),1
7301,elena,24,WS,yogurt,1
7301,elena,24,WS,beads,1
7301,elena,24,WS,belt,1
7301,elena,24,WS,bib,1
7301,elena,24,WS,boots,1
7301,elena,24,WS,button,1
7301,elena,24,WS,coat,0
7301,elena,24,WS,diaper,1
7301,elena,24,WS,dress (object),1
7301,elena,24,WS,gloves,1
7301,elena,24,WS,hat,1
7301,elena,24,WS,jacket,1
7301,elena,24,WS,jeans,1
7301,elena,24,WS,mittens,1
7301,elena,24,WS,necklace,1
7301,elena,24,WS,pajamas,1
7301,elena,24,WS,pants,1
7301,elena,24,WS,scarf,0
7301,elena,24,WS,shirt,1
7301,elena,24,WS,shoe,1
7301,elena,24,WS,shorts,1
7301,elena,24,WS,slipper,1
7301,elena,24,WS,sneaker,1
7301,elena,24,WS,snowsuit,0
7301,elena,24,WS,sock,1
7301,elena,24,WS,sweater,0
7301,elena,24,WS,tights,0
7301,elena,24,WS,underpants,1
7301,elena,24,WS,zipper,1
7301,elena,24,WS,ankle,0
7301,elena,24,WS,arm,1
7301,elena,24,WS,belly button,1
7301,elena,24,WS,buttocks/bottom*,1
7301,elena,24,WS,cheek,1
7301,elena,24,WS,chin,1
7301,elena,24,WS,ear,1
7301,elena,24,WS,eye,1
7301,elena,24,WS,face,1
7301,elena,24,WS,foot,1
7301,elena,24,WS,finger,1
7301,elena,24,WS,hair,1
7301,elena,24,WS,hand,1
7301,elena,24,WS,head,1
7301,elena,24,WS,knee,1
7301,elena,24,WS,leg,1
7301,elena,24,WS,lips,1
7301,elena,24,WS,mouth,1
7301,elena,24,WS,nose,1
7301,elena,24,WS,owie/boo boo,1
7301,elena,24,WS,penis*,1
7301,elena,24,WS,shoulder,1
7301,elena,24,WS,tooth,1
7301,elena,24,WS,toe,1
7301,elena,24,WS,tongue,1
7301,elena,24,WS,tummy,1
7301,elena,24,WS,vagina*,1
7301,elena,24,WS,basket,1
7301,elena,24,WS,blanket,1
7301,elena,24,WS,bottle,1
7301,elena,24,WS,box,1
7301,elena,24,WS,bowl,1
7301,elena,24,WS,broom,1
7301,elena,24,WS,brush,1
7301,elena,24,WS,bucket,1
7301,elena,24,WS,camera,1
7301,elena,24,WS,can (object),1
7301,elena,24,WS,clock,0
7301,elena,24,WS,comb,1
7301,elena,24,WS,cup,1
7301,elena,24,WS,dish,1
7301,elena,24,WS,fork,1
7301,elena,24,WS,garbage,1
7301,elena,24,WS,glass,1
7301,elena,24,WS,glasses,1
7301,elena,24,WS,hammer,1
7301,elena,24,WS,jar,1
7301,elena,24,WS,keys,1
7301,elena,24,WS,knife,1
7301,elena,24,WS,lamp,1
7301,elena,24,WS,light,1
7301,elena,24,WS,medicine,1
7301,elena,24,WS,money,1
7301,elena,24,WS,mop,0
7301,elena,24,WS,nail,1
7301,elena,24,WS,napkin,1
7301,elena,24,WS,paper,1
7301,elena,24,WS,penny,1
7301,elena,24,WS,picture,1
7301,elena,24,WS,pillow,1
7301,elena,24,WS,plant,1
7301,elena,24,WS,plate,1
7301,elena,24,WS,purse,1
7301,elena,24,WS,radio,1
7301,elena,24,WS,scissors,1
7301,elena,24,WS,soap,1
7301,elena,24,WS,spoon,1
7301,elena,24,WS,tape,1
7301,elena,24,WS,telephone,1
7301,elena,24,WS,tissue/kleenex,1
7301,elena,24,WS,toothbrush,1
7301,elena,24,WS,towel,1
7301,elena,24,WS,trash,1
7301,elena,24,WS,tray,0
7301,elena,24,WS,vacuum,1
7301,elena,24,WS,walker,0
7301,elena,24,WS,watch (object),1
7301,elena,24,WS,basement,0
7301,elena,24,WS,bathroom,1
7301,elena,24,WS,bathtub,1
7301,elena,24,WS,bed,1
7301,elena,24,WS,bedroom,1
7301,elena,24,WS,bench,1
7301,elena,24,WS,chair,1
7301,elena,24,WS,closet,1
7301,elena,24,WS,couch,1
7301,elena,24,WS,crib,1
7301,elena,24,WS,door,1
7301,elena,24,WS,drawer,1
7301,elena,24,WS,dryer,1
7301,elena,24,WS,garage,1
7301,elena,24,WS,high chair,1
7301,elena,24,WS,kitchen,1
7301,elena,24,WS,living room,1
7301,elena,24,WS,oven,1
7301,elena,24,WS,play pen,0
7301,elena,24,WS,porch,1
7301,elena,24,WS,potty,1
7301,elena,24,WS,refrigerator,1
7301,elena,24,WS,rocking chair,0
7301,elena,24,WS,room,1
7301,elena,24,WS,shower,1
7301,elena,24,WS,sink,1
7301,elena,24,WS,sofa,0
7301,elena,24,WS,stairs,1
7301,elena,24,WS,stove,1
7301,elena,24,WS,table,1
7301,elena,24,WS,TV,1
7301,elena,24,WS,washing machine,1
7301,elena,24,WS,window,1
7301,elena,24,WS,backyard,1
7301,elena,24,WS,cloud,1
7301,elena,24,WS,flag,1
7301,elena,24,WS,flower,1
7301,elena,24,WS,garden,0
7301,elena,24,WS,grass,1
7301,elena,24,WS,hose,1
7301,elena,24,WS,ladder,0
7301,elena,24,WS,lawn mower,1
7301,elena,24,WS,moon,1
7301,elena,24,WS,pool,1
7301,elena,24,WS,rain,1
7301,elena,24,WS,rock,1
7301,elena,24,WS,roof,0
7301,elena,24,WS,sandbox,1
7301,elena,24,WS,shovel,1
7301,elena,24,WS,sidewalk,1
7301,elena,24,WS,sky,1
7301,elena,24,WS,slide (object),1
7301,elena,24,WS,snow,0
7301,elena,24,WS,snowman,1
7301,elena,24,WS,sprinkler,1
7301,elena,24,WS,star,1
7301,elena,24,WS,stick,1
7301,elena,24,WS,stone,0
7301,elena,24,WS,street,1
7301,elena,24,WS,sun,1
7301,elena,24,WS,swing (object),1
7301,elena,24,WS,tree,1
7301,elena,24,WS,water (not beverage),1
7301,elena,24,WS,wind,1
7301,elena,24,WS,beach,1
7301,elena,24,WS,camping,0
7301,elena,24,WS,church*,0
7301,elena,24,WS,circus,0
7301,elena,24,WS,country,0
7301,elena,24,WS,downtown,0
7301,elena,24,WS,farm,0
7301,elena,24,WS,gas station,1
7301,elena,24,WS,home,1
7301,elena,24,WS,house,1
7301,elena,24,WS,movie,1
7301,elena,24,WS,outside,1
7301,elena,24,WS,park,1
7301,elena,24,WS,party,1
7301,elena,24,WS,picnic,0
7301,elena,24,WS,playground,1
7301,elena,24,WS,school,1
7301,elena,24,WS,store,1
7301,elena,24,WS,woods,0
7301,elena,24,WS,work (place),1
7301,elena,24,WS,yard,1
7301,elena,24,WS,zoo,0
7301,elena,24,WS,aunt,0
7301,elena,24,WS,baby,1
7301,elena,24,WS,babysitter,0
7301,elena,24,WS,babysitter's name,0
7301,elena,24,WS,boy,1
7301,elena,24,WS,brother,0
7301,elena,24,WS,child,0
7301,elena,24,WS,clown,0
7301,elena,24,WS,cowboy,0
7301,elena,24,WS,daddy*,1
7301,elena,24,WS,doctor,1
7301,elena,24,WS,fireman,1
7301,elena,24,WS,friend,1
7301,elena,24,WS,girl,1
7301,elena,24,WS,grandma*,1
7301,elena,24,WS,grandpa*,1
7301,elena,24,WS,lady,1
7301,elena,24,WS,mailman,1
7301,elena,24,WS,man,1
7301,elena,24,WS,mommy*,1
7301,elena,24,WS,nurse,0
7301,elena,24,WS,child's own name,1
7301,elena,24,WS,people,1
7301,elena,24,WS,person,0
7301,elena,24,WS,pet's name,1
7301,elena,24,WS,police,1
7301,elena,24,WS,sister,0
7301,elena,24,WS,teacher,0
7301,elena,24,WS,uncle,1
7301,elena,24,WS,bath,1
7301,elena,24,WS,breakfast,1
7301,elena,24,WS,bye,1
7301,elena,24,WS,call (on phone),1
7301,elena,24,WS,dinner,1
7301,elena,24,WS,gimme five,1
7301,elena,24,WS,gonna get you,1
7301,elena,24,WS,go potty,1
7301,elena,24,WS,hi,1
7301,elena,24,WS,hello,1
7301,elena,24,WS,lunch,1
7301,elena,24,WS,nap,1
7301,elena,24,WS,night night,1
7301,elena,24,WS,no,1
7301,elena,24,WS,patty cake,1
7301,elena,24,WS,peekaboo,1
7301,elena,24,WS,please,1
7301,elena,24,WS,shh/shush/hush,1
7301,elena,24,WS,shopping,1
7301,elena,24,WS,snack,1
7301,elena,24,WS,so big,1
7301,elena,24,WS,thank you,1
7301,elena,24,WS,this little piggy,1
7301,elena,24,WS,turn around,1
7301,elena,24,WS,yes,1
7301,elena,24,WS,bite,1
7301,elena,24,WS,blow,1
7301,elena,24,WS,break,1
7301,elena,24,WS,bring,1
7301,elena,24,WS,build,1
7301,elena,24,WS,bump,1
7301,elena,24,WS,buy,1
7301,elena,24,WS,carry,1
7301,elena,24,WS,catch,1
7301,elena,24,WS,chase,1
7301,elena,24,WS,clap,1
7301,elena,24,WS,clean (action),1
7301,elena,24,WS,climb,1
7301,elena,24,WS,close,1
7301,elena,24,WS,cook,1
7301,elena,24,WS,cover,1
7301,elena,24,WS,cry,1
7301,elena,24,WS,cut,1
7301,elena,24,WS,dance,1
7301,elena,24,WS,draw,1
7301,elena,24,WS,drink (action),1
7301,elena,24,WS,drive,1
7301,elena,24,WS,drop,1
7301,elena,24,WS,dry (action),1
7301,elena,24,WS,dump,1
7301,elena,24,WS,eat,1
7301,elena,24,WS,fall,1
7301,elena,24,WS,feed,1
7301,elena,24,WS,find,1
7301,elena,24,WS,finish,1
7301,elena,24,WS,fit,1
7301,elena,24,WS,fix,1
7301,elena,24,WS,get,1
7301,elena,24,WS,give,1
7301,elena,24,WS,go,1
7301,elena,24,WS,hate,0
7301,elena,24,WS,have,1
7301,elena,24,WS,hear,1
7301,elena,24,WS,help,1
7301,elena,24,WS,hide,1
7301,elena,24,WS,hit,1
7301,elena,24,WS,hold,1
7301,elena,24,WS,hug,1
7301,elena,24,WS,hurry,1
7301,elena,24,WS,jump,1
7301,elena,24,WS,kick,1
7301,elena,24,WS,kiss,1
7301,elena,24,WS,knock,1
7301,elena,24,WS,lick,1
7301,elena,24,WS,like,1
7301,elena,24,WS,listen,1
7301,elena,24,WS,look,1
7301,elena,24,WS,love,1
7301,elena,24,WS,make,1
7301,elena,24,WS,open,1
7301,elena,24,WS,paint,1
7301,elena,24,WS,pick,1
7301,elena,24,WS,play,1
7301,elena,24,WS,pour,1
7301,elena,24,WS,pretend,0
7301,elena,24,WS,pull,1
7301,elena,24,WS,push,1
7301,elena,24,WS,put,1
7301,elena,24,WS,read,1
7301,elena,24,WS,ride,1
7301,elena,24,WS,rip,1
7301,elena,24,WS,run,1
7301,elena,24,WS,say,1
7301,elena,24,WS,see,1
7301,elena,24,WS,shake,1
7301,elena,24,WS,share,1
7301,elena,24,WS,show,1
7301,elena,24,WS,sing,1
7301,elena,24,WS,sit,1
7301,elena,24,WS,skate,0
7301,elena,24,WS,sleep,1
7301,elena,24,WS,slide (action),1
7301,elena,24,WS,smile,1
7301,elena,24,WS,spill,1
7301,elena,24,WS,splash,1
7301,elena,24,WS,stand,1
7301,elena,24,WS,stay,1
7301,elena,24,WS,stop,1
7301,elena,24,WS,sweep,1
7301,elena,24,WS,swim,1
7301,elena,24,WS,swing (action),1
7301,elena,24,WS,take,1
7301,elena,24,WS,talk,1
7301,elena,24,WS,taste,1
7301,elena,24,WS,tear,1
7301,elena,24,WS,think,1
7301,elena,24,WS,throw,1
7301,elena,24,WS,tickle,1
7301,elena,24,WS,touch,1
7301,elena,24,WS,wait,1
7301,elena,24,WS,wake,1
7301,elena,24,WS,walk,1
7301,elena,24,WS,wash,1
7301,elena,24,WS,watch (action),1
7301,elena,24,WS,wipe,1
7301,elena,24,WS,wish,1
7301,elena,24,WS,work (action),1
7301,elena,24,WS,write,1
7301,elena,24,WS,all gone,1
7301,elena,24,WS,asleep,1
7301,elena,24,WS,awake,1
7301,elena,24,WS,bad,1
7301,elena,24,WS,better,1
7301,elena,24,WS,big,1
7301,elena,24,WS,black,1
7301,elena,24,WS,blue,1
7301,elena,24,WS,broken,1
7301,elena,24,WS,brown,1
7301,elena,24,WS,careful,1
7301,elena,24,WS,clean (description),1
7301,elena,24,WS,cold,1
7301,elena,24,WS,cute,1
7301,elena,24,WS,dark,0
7301,elena,24,WS,dirty,1
7301,elena,24,WS,dry (description),1
7301,elena,24,WS,empty,1
7301,elena,24,WS,fast,1
7301,elena,24,WS,fine,0
7301,elena,24,WS,first,1
7301,elena,24,WS,full,1
7301,elena,24,WS,gentle,1
7301,elena,24,WS,good,1
7301,elena,24,WS,green,1
7301,elena,24,WS,happy,1
7301,elena,24,WS,hard,1
7301,elena,24,WS,heavy,1
7301,elena,24,WS,high,1
7301,elena,24,WS,hot,1
7301,elena,24,WS,hungry,1
7301,elena,24,WS,hurt,1
7301,elena,24,WS,last,1
7301,elena,24,WS,little (description),1
7301,elena,24,WS,long,1
7301,elena,24,WS,loud,1
7301,elena,24,WS,mad,1
7301,elena,24,WS,naughty,0
7301,elena,24,WS,new,1
7301,elena,24,WS,nice,1
7301,elena,24,WS,noisy,1
7301,elena,24,WS,old,1
7301,elena,24,WS,orange (description),1
7301,elena,24,WS,poor,1
7301,elena,24,WS,pretty,1
7301,elena,24,WS,quiet,1
7301,elena,24,WS,red,1
7301,elena,24,WS,sad,1
7301,elena,24,WS,scared,1
7301,elena,24,WS,sick,1
7301,elena,24,WS,sleepy,1
7301,elena,24,WS,slow,1
7301,elena,24,WS,soft,1
7301,elena,24,WS,sticky,1
7301,elena,24,WS,stuck,1
7301,elena,24,WS,thirsty,1
7301,elena,24,WS,tiny,1
7301,elena,24,WS,tired,1
7301,elena,24,WS,wet,1
7301,elena,24,WS,white,1
7301,elena,24,WS,windy,1
7301,elena,24,WS,yellow,1
7301,elena,24,WS,yucky,1
7301,elena,24,WS,after,1
7301,elena,24,WS,before,1
7301,elena,24,WS,day,1
7301,elena,24,WS,later,1
7301,elena,24,WS,morning,1
7301,elena,24,WS,night,1
7301,elena,24,WS,now,1
7301,elena,24,WS,time,1
7301,elena,24,WS,today,1
7301,elena,24,WS,tomorrow,1
7301,elena,24,WS,tonight,1
7301,elena,24,WS,yesterday,1
7301,elena,24,WS,he,1
7301,elena,24,WS,her,0
7301,elena,24,WS,hers,0
7301,elena,24,WS,him,0
7301,elena,24,WS,his,1
7301,elena,24,WS,I,1
7301,elena,24,WS,it,1
7301,elena,24,WS,me,1
7301,elena,24,WS,mine,1
7301,elena,24,WS,my,1
7301,elena,24,WS,myself,0
7301,elena,24,WS,our,0
7301,elena,24,WS,she,1
7301,elena,24,WS,that,1
7301,elena,24,WS,their,0
7301,elena,24,WS,them,0
7301,elena,24,WS,these,1
7301,elena,24,WS,they,1
7301,elena,24,WS,this,1
7301,elena,24,WS,those,0
7301,elena,24,WS,us,0
7301,elena,24,WS,we,1
7301,elena,24,WS,you,1
7301,elena,24,WS,your,0
7301,elena,24,WS,yourself,0
7301,elena,24,WS,how,1
7301,elena,24,WS,what,1
7301,elena,24,WS,when,0
7301,elena,24,WS,where,1
7301,elena,24,WS,which,0
7301,elena,24,WS,who,1
7301,elena,24,WS,why,1
7301,elena,24,WS,about,0
7301,elena,24,WS,above,1
7301,elena,24,WS,around,0
7301,elena,24,WS,at,0
7301,elena,24,WS,away,0
7301,elena,24,WS,back,1
7301,elena,24,WS,behind,1
7301,elena,24,WS,beside,0
7301,elena,24,WS,by,1
7301,elena,24,WS,down,1
7301,elena,24,WS,for,0
7301,elena,24,WS,here,1
7301,elena,24,WS,inside/in,1
7301,elena,24,WS,into,0
7301,elena,24,WS,next to,1
7301,elena,24,WS,of,0
7301,elena,24,WS,off,1
7301,elena,24,WS,on,1
7301,elena,24,WS,on top of,0
7301,elena,24,WS,out,1
7301,elena,24,WS,over,1
7301,elena,24,WS,there,1
7301,elena,24,WS,to,0
7301,elena,24,WS,under,1
7301,elena,24,WS,up,1
7301,elena,24,WS,with,1
7301,elena,24,WS,a,0
7301,elena,24,WS,all,0
7301,elena,24,WS,a lot,1
7301,elena,24,WS,an,0
7301,elena,24,WS,another,1
7301,elena,24,WS,any,1
7301,elena,24,WS,each,0
7301,elena,24,WS,every,1
7301,elena,24,WS,more,1
7301,elena,24,WS,much,1
7301,elena,24,WS,not,1
7301,elena,24,WS,none,1
7301,elena,24,WS,other,1
7301,elena,24,WS,same,0
7301,elena,24,WS,some,1
7301,elena,24,WS,the,0
7301,elena,24,WS,too,1
7301,elena,24,WS,am,1
7301,elena,24,WS,are,1
7301,elena,24,WS,be,0
7301,elena,24,WS,can (auxiliary),1
7301,elena,24,WS,could,0
7301,elena,24,WS,did/did ya,1
7301,elena,24,WS,do,1
7301,elena,24,WS,does,1
7301,elena,24,WS,don't,1
7301,elena,24,WS,gonna/going to,1
7301,elena,24,WS,gotta/got to,0
7301,elena,24,WS,hafta/have to,1
7301,elena,24,WS,is,1
7301,elena,24,WS,lemme/let me,1
7301,elena,24,WS,need/need to,1
7301,elena,24,WS,try/try to,1
7301,elena,24,WS,wanna/want to,1
7301,elena,24,WS,was,1
7301,elena,24,WS,were,0
7301,elena,24,WS,will,1
7301,elena,24,WS,would,1
7301,elena,24,WS,and,1
7301,elena,24,WS,because,0
7301,elena,24,WS,but,0
7301,elena,24,WS,if,0
7301,elena,24,WS,so,1
7301,elena,24,WS,then,1
7314,elena,24,WS,baa baa,1
7314,elena,24,WS,choo choo,1
7314,elena,24,WS,cock-a-doodle-doo,1
7314,elena,24,WS,grrr,1
7314,elena,24,WS,meow,1
7314,elena,24,WS,moo,1
7314,elena,24,WS,ouch,1
7314,elena,24,WS,quack quack,1
7314,elena,24,WS,uh oh,1
7314,elena,24,WS,vroom,1
7314,elena,24,WS,woof woof,1
7314,elena,24,WS,yum yum,1
7314,elena,24,WS,alligator,1
7314,elena,24,WS,animal,1
7314,elena,24,WS,ant,1
7314,elena,24,WS,bear,1
7314,elena,24,WS,bee,1
7314,elena,24,WS,bird,1
7314,elena,24,WS,bug,1
7314,elena,24,WS,bunny,1
7314,elena,24,WS,butterfly,1
7314,elena,24,WS,cat,1
7314,elena,24,WS,chicken (animal),1
7314,elena,24,WS,cow,1
7314,elena,24,WS,deer,1
7314,elena,24,WS,dog,1
7314,elena,24,WS,donkey,1
7314,elena,24,WS,duck,1
7314,elena,24,WS,elephant,1
7314,elena,24,WS,fish (animal),1
7314,elena,24,WS,frog,1
7314,elena,24,WS,giraffe,1
7314,elena,24,WS,goose,1
7314,elena,24,WS,hen,0
7314,elena,24,WS,horse,1
7314,elena,24,WS,kitty,1
7314,elena,24,WS,lamb,1
7314,elena,24,WS,lion,1
7314,elena,24,WS,monkey,1
7314,elena,24,WS,moose,0
7314,elena,24,WS,mouse,1
7314,elena,24,WS,owl,1
7314,elena,24,WS,penguin,0
7314,elena,24,WS,pig,1
7314,elena,24,WS,pony,1
7314,elena,24,WS,puppy,1
7314,elena,24,WS,rooster,0
7314,elena,24,WS,sheep,1
7314,elena,24,WS,squirrel,0
7314,elena,24,WS,teddy bear,1
7314,elena,24,WS,tiger,1
7314,elena,24,WS,turkey,1
7314,elena,24,WS,turtle,1
7314,elena,24,WS,wolf,0
7314,elena,24,WS,zebra,1
7314,elena,24,WS,airplane,1
7314,elena,24,WS,bicycle,1
7314,elena,24,WS,boat,1
7314,elena,24,WS,bus,1
7314,elena,24,WS,car,1
7314,elena,24,WS,fire truck,1
7314,elena,24,WS,helicopter,1
7314,elena,24,WS,motorcycle,1
7314,elena,24,WS,sled,0
7314,elena,24,WS,stroller,1
7314,elena,24,WS,tractor,1
7314,elena,24,WS,train,1
7314,elena,24,WS,tricycle,0
7314,elena,24,WS,truck,1
7314,elena,24,WS,ball,1
7314,elena,24,WS,balloon,1
7314,elena,24,WS,bat,0
7314,elena,24,WS,block,0
7314,elena,24,WS,book,1
7314,elena,24,WS,bubbles,1
7314,elena,24,WS,chalk,0
7314,elena,24,WS,crayon,0
7314,elena,24,WS,doll,1
7314,elena,24,WS,game,1
7314,elena,24,WS,glue,0
7314,elena,24,WS,pen,0
7314,elena,24,WS,pencil,0
7314,elena,24,WS,play dough,1
7314,elena,24,WS,present,0
7314,elena,24,WS,puzzle,1
7314,elena,24,WS,story,0
7314,elena,24,WS,toy (object),1
7314,elena,24,WS,apple,1
7314,elena,24,WS,apple sauce,1
7314,elena,24,WS,banana,1
7314,elena,24,WS,beans,1
7314,elena,24,WS,bread,1
7314,elena,24,WS,butter,1
7314,elena,24,WS,cake,1
7314,elena,24,WS,candy,1
7314,elena,24,WS,carrots,1
7314,elena,24,WS,cereal,0
7314,elena,24,WS,cheerios,1
7314,elena,24,WS,cheese,1
7314,elena,24,WS,chicken (food),1
7314,elena,24,WS,chocolate,0
7314,elena,24,WS,coffee,1
7314,elena,24,WS,coke,0
7314,elena,24,WS,cookie,1
7314,elena,24,WS,corn,1
7314,elena,24,WS,cracker,1
7314,elena,24,WS,donut,1
7314,elena,24,WS,drink (beverage),0
7314,elena,24,WS,egg,1
7314,elena,24,WS,fish (food),1
7314,elena,24,WS,food,1
7314,elena,24,WS,french fries,1
7314,elena,24,WS,grapes,1
7314,elena,24,WS,green beans,0
7314,elena,24,WS,gum,0
7314,elena,24,WS,hamburger,0
7314,elena,24,WS,ice,1
7314,elena,24,WS,ice cream,1
7314,elena,24,WS,jello,0
7314,elena,24,WS,jelly,0
7314,elena,24,WS,juice,1
7314,elena,24,WS,lollipop,0
7314,elena,24,WS,meat,1
7314,elena,24,WS,melon,1
7314,elena,24,WS,milk,1
7314,elena,24,WS,muffin,1
7314,elena,24,WS,noodles,1
7314,elena,24,WS,nuts,0
7314,elena,24,WS,orange (food),1
7314,elena,24,WS,pancakes,1
7314,elena,24,WS,peanut butter,1
7314,elena,24,WS,peas,1
7314,elena,24,WS,pickle,0
7314,elena,24,WS,pizza,1
7314,elena,24,WS,popcorn,1
7314,elena,24,WS,popsicle,0
7314,elena,24,WS,potato,1
7314,elena,24,WS,potato chips,1
7314,elena,24,WS,pretzel,1
7314,elena,24,WS,pudding,0
7314,elena,24,WS,pumpkin,0
7314,elena,24,WS,raisin,0
7314,elena,24,WS,salt,0
7314,elena,24,WS,sandwich,1
7314,elena,24,WS,sauce,0
7314,elena,24,WS,soda/pop,0
7314,elena,24,WS,soup,1
7314,elena,24,WS,spaghetti,1
7314,elena,24,WS,strawberry,1
7314,elena,24,WS,toast,1
7314,elena,24,WS,tuna,0
7314,elena,24,WS,vanilla,1
7314,elena,24,WS,vitamins,1
7314,elena,24,WS,water (beverage),1
7314,elena,24,WS,yogurt,1
7314,elena,24,WS,beads,0
7314,elena,24,WS,belt,0
7314,elena,24,WS,bib,1
7314,elena,24,WS,boots,0
7314,elena,24,WS,button,1
7314,elena,24,WS,coat,0
7314,elena,24,WS,diaper,1
7314,elena,24,WS,dress (object),1
7314,elena,24,WS,gloves,0
7314,elena,24,WS,hat,1
7314,elena,24,WS,jacket,1
7314,elena,24,WS,jeans,0
7314,elena,24,WS,mittens,1
7314,elena,24,WS,necklace,0
7314,elena,24,WS,pajamas,1
7314,elena,24,WS,pants,1
7314,elena,24,WS,scarf,0
7314,elena,24,WS,shirt,1
7314,elena,24,WS,shoe,1
7314,elena,24,WS,shorts,1
7314,elena,24,WS,slipper,1
7314,elena,24,WS,sneaker,0
7314,elena,24,WS,snowsuit,0
7314,elena,24,WS,sock,1
7314,elena,24,WS,sweater,1
7314,elena,24,WS,tights,0
7314,elena,24,WS,underpants,0
7314,elena,24,WS,zipper,0
7314,elena,24,WS,ankle,0
7314,elena,24,WS,arm,1
7314,elena,24,WS,belly button,1
7314,elena,24,WS,buttocks/bottom*,1
7314,elena,24,WS,cheek,1
7314,elena,24,WS,chin,1
7314,elena,24,WS,ear,1
7314,elena,24,WS,eye,1
7314,elena,24,WS,face,1
7314,elena,24,WS,foot,1
7314,elena,24,WS,finger,1
7314,elena,24,WS,hair,1
7314,elena,24,WS,hand,1
7314,elena,24,WS,head,1
7314,elena,24,WS,knee,1
7314,elena,24,WS,leg,1
7314,elena,24,WS,lips,1
7314,elena,24,WS,mouth,1
7314,elena,24,WS,nose,1
7314,elena,24,WS,owie/boo boo,1
7314,elena,24,WS,penis*,0
7314,elena,24,WS,shoulder,0
7314,elena,24,WS,tooth,1
7314,elena,24,WS,toe,1
7314,elena,24,WS,tongue,0
7314,elena,24,WS,tummy,1
7314,elena,24,WS,vagina*,1
7314,elena,24,WS,basket,0
7314,elena,24,WS,blanket,1
7314,elena,24,WS,bottle,0
7314,elena,24,WS,box,0
7314,elena,24,WS,bowl,1
7314,elena,24,WS,broom,1
7314,elena,24,WS,brush,1
7314,elena,24,WS,bucket,0
7314,elena,24,WS,camera,1
7314,elena,24,WS,can (object),0
7314,elena,24,WS,clock,0
7314,elena,24,WS,comb,0
7314,elena,24,WS,cup,1
7314,elena,24,WS,dish,0
7314,elena,24,WS,fork,1
7314,elena,24,WS,garbage,1
7314,elena,24,WS,glass,0
7314,elena,24,WS,glasses,1
7314,elena,24,WS,hammer,0
7314,elena,24,WS,jar,0
7314,elena,24,WS,keys,1
7314,elena,24,WS,knife,1
7314,elena,24,WS,lamp,0
7314,elena,24,WS,light,1
7314,elena,24,WS,medicine,1
7314,elena,24,WS,money,1
7314,elena,24,WS,mop,0
7314,elena,24,WS,nail,0
7314,elena,24,WS,napkin,1
7314,elena,24,WS,paper,1
7314,elena,24,WS,penny,0
7314,elena,24,WS,picture,1
7314,elena,24,WS,pillow,1
7314,elena,24,WS,plant,1
7314,elena,24,WS,plate,0
7314,elena,24,WS,purse,1
7314,elena,24,WS,radio,0
7314,elena,24,WS,scissors,1
7314,elena,24,WS,soap,1
7314,elena,24,WS,spoon,1
7314,elena,24,WS,tape,0
7314,elena,24,WS,telephone,1
7314,elena,24,WS,tissue/kleenex,0
7314,elena,24,WS,toothbrush,1
7314,elena,24,WS,towel,1
7314,elena,24,WS,trash,0
7314,elena,24,WS,tray,0
7314,elena,24,WS,vacuum,0
7314,elena,24,WS,walker,0
7314,elena,24,WS,watch (object),0
7314,elena,24,WS,basement,0
7314,elena,24,WS,bathroom,1
7314,elena,24,WS,bathtub,1
7314,elena,24,WS,bed,1
7314,elena,24,WS,bedroom,0
7314,elena,24,WS,bench,0
7314,elena,24,WS,chair,1
7314,elena,24,WS,closet,0
7314,elena,24,WS,couch,0
7314,elena,24,WS,crib,0
7314,elena,24,WS,door,1
7314,elena,24,WS,drawer,0
7314,elena,24,WS,dryer,0
7314,elena,24,WS,garage,0
7314,elena,24,WS,high chair,1
7314,elena,24,WS,kitchen,1
7314,elena,24,WS,living room,0
7314,elena,24,WS,oven,0
7314,elena,24,WS,play pen,0
7314,elena,24,WS,porch,0
7314,elena,24,WS,potty,1
7314,elena,24,WS,refrigerator,0
7314,elena,24,WS,rocking chair,0
7314,elena,24,WS,room,1
7314,elena,24,WS,shower,1
7314,elena,24,WS,sink,1
7314,elena,24,WS,sofa,0
7314,elena,24,WS,stairs,0
7314,elena,24,WS,stove,1
7314,elena,24,WS,table,1
7314,elena,24,WS,TV,1
7314,elena,24,WS,washing machine,0
7314,elena,24,WS,window,1
7314,elena,24,WS,backyard,0
7314,elena,24,WS,cloud,1
7314,elena,24,WS,flag,1
7314,elena,24,WS,flower,1
7314,elena,24,WS,garden,1
7314,elena,24,WS,grass,1
7314,elena,24,WS,hose,0
7314,elena,24,WS,ladder,0
7314,elena,24,WS,lawn mower,0
7314,elena,24,WS,moon,1
7314,elena,24,WS,pool,1
7314,elena,24,WS,rain,1
7314,elena,24,WS,rock,1
7314,elena,24,WS,roof,0
7314,elena,24,WS,sandbox,1
7314,elena,24,WS,shovel,1
7314,elena,24,WS,sidewalk,0
7314,elena,24,WS,sky,1
7314,elena,24,WS,slide (object),1
7314,elena,24,WS,snow,0
7314,elena,24,WS,snowman,1
7314,elena,24,WS,sprinkler,0
7314,elena,24,WS,star,1
7314,elena,24,WS,stick,0
7314,elena,24,WS,stone,0
7314,elena,24,WS,street,1
7314,elena,24,WS,sun,1
7314,elena,24,WS,swing (object),1
7314,elena,24,WS,tree,1
7314,elena,24,WS,water (not beverage),1
7314,elena,24,WS,wind,1
7314,elena,24,WS,beach,1
7314,elena,24,WS,camping,0
7314,elena,24,WS,church*,1
7314,elena,24,WS,circus,0
7314,elena,24,WS,country,0
7314,elena,24,WS,downtown,0
7314,elena,24,WS,farm,1
7314,elena,24,WS,gas station,0
7314,elena,24,WS,home,1
7314,elena,24,WS,house,0
7314,elena,24,WS,movie,1
7314,elena,24,WS,outside,1
7314,elena,24,WS,park,1
7314,elena,24,WS,party,1
7314,elena,24,WS,picnic,0
7314,elena,24,WS,playground,1
7314,elena,24,WS,school,1
7314,elena,24,WS,store,1
7314,elena,24,WS,woods,0
7314,elena,24,WS,work (place),1
7314,elena,24,WS,yard,0
7314,elena,24,WS,zoo,1
7314,elena,24,WS,aunt,1
7314,elena,24,WS,baby,1
7314,elena,24,WS,babysitter,0
7314,elena,24,WS,babysitter's name,0
7314,elena,24,WS,boy,0
7314,elena,24,WS,brother,0
7314,elena,24,WS,child,1
7314,elena,24,WS,clown,0
7314,elena,24,WS,cowboy,0
7314,elena,24,WS,daddy*,1
7314,elena,24,WS,doctor,1
7314,elena,24,WS,fireman,1
7314,elena,24,WS,friend,1
7314,elena,24,WS,girl,0
7314,elena,24,WS,grandma*,1
7314,elena,24,WS,grandpa*,1
7314,elena,24,WS,lady,1
7314,elena,24,WS,mailman,1
7314,elena,24,WS,man,1
7314,elena,24,WS,mommy*,1
7314,elena,24,WS,nurse,0
7314,elena,24,WS,child's own name,1
7314,elena,24,WS,people,1
7314,elena,24,WS,person,0
7314,elena,24,WS,pet's name,1
7314,elena,24,WS,police,1
7314,elena,24,WS,sister,0
7314,elena,24,WS,teacher,0
7314,elena,24,WS,uncle,1
7314,elena,24,WS,bath,1
7314,elena,24,WS,breakfast,0
7314,elena,24,WS,bye,1
7314,elena,24,WS,call (on phone),1
7314,elena,24,WS,dinner,0
7314,elena,24,WS,gimme five,1
7314,elena,24,WS,gonna get you,1
7314,elena,24,WS,go potty,1
7314,elena,24,WS,hi,1
7314,elena,24,WS,hello,1
7314,elena,24,WS,lunch,0
7314,elena,24,WS,nap,1
7314,elena,24,WS,night night,1
7314,elena,24,WS,no,1
7314,elena,24,WS,patty cake,0
7314,elena,24,WS,peekaboo,1
7314,elena,24,WS,please,1
7314,elena,24,WS,shh/shush/hush,1
7314,elena,24,WS,shopping,1
7314,elena,24,WS,snack,1
7314,elena,24,WS,so big,1
7314,elena,24,WS,thank you,1
7314,elena,24,WS,this little piggy,1
7314,elena,24,WS,turn around,1
7314,elena,24,WS,yes,1
7314,elena,24,WS,bite,1
7314,elena,24,WS,blow,1
7314,elena,24,WS,break,1
7314,elena,24,WS,bring,0
7314,elena,24,WS,build,0
7314,elena,24,WS,bump,0
7314,elena,24,WS,buy,0
7314,elena,24,WS,carry,0
7314,elena,24,WS,catch,0
7314,elena,24,WS,chase,0
7314,elena,24,WS,clap,1
7314,elena,24,WS,clean (action),1
7314,elena,24,WS,climb,0
7314,elena,24,WS,close,1
7314,elena,24,WS,cook,1
7314,elena,24,WS,cover,0
7314,elena,24,WS,cry,1
7314,elena,24,WS,cut,1
7314,elena,24,WS,dance,1
7314,elena,24,WS,draw,1
7314,elena,24,WS,drink (action),1
7314,elena,24,WS,drive,1
7314,elena,24,WS,drop,1
7314,elena,24,WS,dry (action),0
7314,elena,24,WS,dump,0
7314,elena,24,WS,eat,1
7314,elena,24,WS,fall,1
7314,elena,24,WS,feed,1
7314,elena,24,WS,find,0
7314,elena,24,WS,finish,0
7314,elena,24,WS,fit,0
7314,elena,24,WS,fix,1
7314,elena,24,WS,get,1
7314,elena,24,WS,give,0
7314,elena,24,WS,go,1
7314,elena,24,WS,hate,0
7314,elena,24,WS,have,0
7314,elena,24,WS,hear,1
7314,elena,24,WS,help,1
7314,elena,24,WS,hide,0
7314,elena,24,WS,hit,0
7314,elena,24,WS,hold,1
7314,elena,24,WS,hug,1
7314,elena,24,WS,hurry,1
7314,elena,24,WS,jump,1
7314,elena,24,WS,kick,0
7314,elena,24,WS,kiss,1
7314,elena,24,WS,knock,1
7314,elena,24,WS,lick,0
7314,elena,24,WS,like,1
7314,elena,24,WS,listen,1
7314,elena,24,WS,look,1
7314,elena,24,WS,love,1
7314,elena,24,WS,make,1
7314,elena,24,WS,open,1
7314,elena,24,WS,paint,0
7314,elena,24,WS,pick,0
7314,elena,24,WS,play,1
7314,elena,24,WS,pour,0
7314,elena,24,WS,pretend,0
7314,elena,24,WS,pull,0
7314,elena,24,WS,push,0
7314,elena,24,WS,put,0
7314,elena,24,WS,read,1
7314,elena,24,WS,ride,0
7314,elena,24,WS,rip,0
7314,elena,24,WS,run,1
7314,elena,24,WS,say,0
7314,elena,24,WS,see,1
7314,elena,24,WS,shake,0
7314,elena,24,WS,share,1
7314,elena,24,WS,show,0
7314,elena,24,WS,sing,1
7314,elena,24,WS,sit,1
7314,elena,24,WS,skate,0
7314,elena,24,WS,sleep,0
7314,elena,24,WS,slide (action),0
7314,elena,24,WS,smile,1
7314,elena,24,WS,spill,0
7314,elena,24,WS,splash,0
7314,elena,24,WS,stand,1
7314,elena,24,WS,stay,1
7314,elena,24,WS,stop,1
7314,elena,24,WS,sweep,0
7314,elena,24,WS,swim,1
7314,elena,24,WS,swing (action),1
7314,elena,24,WS,take,0
7314,elena,24,WS,talk,1
7314,elena,24,WS,taste,1
7314,elena,24,WS,tear,0
7314,elena,24,WS,think,0
7314,elena,24,WS,throw,0
7314,elena,24,WS,tickle,1
7314,elena,24,WS,touch,1
7314,elena,24,WS,wait,0
7314,elena,24,WS,wake,0
7314,elena,24,WS,walk,1
7314,elena,24,WS,wash,1
7314,elena,24,WS,watch (action),1
7314,elena,24,WS,wipe,1
7314,elena,24,WS,wish,0
7314,elena,24,WS,work (action),1
7314,elena,24,WS,write,1
7314,elena,24,WS,all gone,1
7314,elena,24,WS,asleep,0
7314,elena,24,WS,awake,1
7314,elena,24,WS,bad,0
7314,elena,24,WS,better,1
7314,elena,24,WS,big,1
7314,elena,24,WS,black,0
7314,elena,24,WS,blue,0
7314,elena,24,WS,broken,1
7314,elena,24,WS,brown,0
7314,elena,24,WS,careful,1
7314,elena,24,WS,clean (description),1
7314,elena,24,WS,cold,1
7314,elena,24,WS,cute,1
7314,elena,24,WS,dark,1
7314,elena,24,WS,dirty,1
7314,elena,24,WS,dry (description),1
7314,elena,24,WS,empty,1
7314,elena,24,WS,fast,1
7314,elena,24,WS,fine,1
7314,elena,24,WS,first,0
7314,elena,24,WS,full,0
7314,elena,24,WS,gentle,0
7314,elena,24,WS,good,0
7314,elena,24,WS,green,0
7314,elena,24,WS,happy,1
7314,elena,24,WS,hard,1
7314,elena,24,WS,heavy,1
7314,elena,24,WS,high,1
7314,elena,24,WS,hot,1
7314,elena,24,WS,hungry,1
7314,elena,24,WS,hurt,1
7314,elena,24,WS,last,0
7314,elena,24,WS,little (description),1
7314,elena,24,WS,long,0
7314,elena,24,WS,loud,1
7314,elena,24,WS,mad,0
7314,elena,24,WS,naughty,0
7314,elena,24,WS,new,1
7314,elena,24,WS,nice,1
7314,elena,24,WS,noisy,1
7314,elena,24,WS,old,0
7314,elena,24,WS,orange (description),0
7314,elena,24,WS,poor,1
7314,elena,24,WS,pretty,1
7314,elena,24,WS,quiet,0
7314,elena,24,WS,red,0
7314,elena,24,WS,sad,1
7314,elena,24,WS,scared,1
7314,elena,24,WS,sick,0
7314,elena,24,WS,sleepy,1
7314,elena,24,WS,slow,0
7314,elena,24,WS,soft,0
7314,elena,24,WS,sticky,0
7314,elena,24,WS,stuck,0
7314,elena,24,WS,thirsty,0
7314,elena,24,WS,tiny,1
7314,elena,24,WS,tired,1
7314,elena,24,WS,wet,1
7314,elena,24,WS,white,0
7314,elena,24,WS,windy,1
7314,elena,24,WS,yellow,0
7314,elena,24,WS,yucky,0
7314,elena,24,WS,after,0
7314,elena,24,WS,before,0
7314,elena,24,WS,day,0
7314,elena,24,WS,later,1
7314,elena,24,WS,morning,0
7314,elena,24,WS,night,0
7314,elena,24,WS,now,1
7314,elena,24,WS,time,0
7314,elena,24,WS,today,0
7314,elena,24,WS,tomorrow,0
7314,elena,24,WS,tonight,0
7314,elena,24,WS,yesterday,0
7314,elena,24,WS,he,0
7314,elena,24,WS,her,0
7314,elena,24,WS,hers,0
7314,elena,24,WS,him,0
7314,elena,24,WS,his,0
7314,elena,24,WS,I,1
7314,elena,24,WS,it,1
7314,elena,24,WS,me,1
7314,elena,24,WS,mine,1
7314,elena,24,WS,my,0
7314,elena,24,WS,myself,0
7314,elena,24,WS,our,0
7314,elena,24,WS,she,0
7314,elena,24,WS,that,1
7314,elena,24,WS,their,0
7314,elena,24,WS,them,0
7314,elena,24,WS,these,0
7314,elena,24,WS,they,0
7314,elena,24,WS,this,1
7314,elena,24,WS,those,0
7314,elena,24,WS,us,0
7314,elena,24,WS,we,0
7314,elena,24,WS,you,1
7314,elena,24,WS,your,1
7314,elena,24,WS,yourself,0
7314,elena,24,WS,how,0
7314,elena,24,WS,what,1
7314,elena,24,WS,when,0
7314,elena,24,WS,where,1
7314,elena,24,WS,which,0
7314,elena,24,WS,who,1
7314,elena,24,WS,why,0
7314,elena,24,WS,about,0
7314,elena,24,WS,above,0
7314,elena,24,WS,around,0
7314,elena,24,WS,at,1
7314,elena,24,WS,away,0
7314,elena,24,WS,back,0
7314,elena,24,WS,behind,0
7314,elena,24,WS,beside,0
7314,elena,24,WS,by,0
7314,elena,24,WS,down,1
7314,elena,24,WS,for,1
7314,elena,24,WS,here,1
7314,elena,24,WS,inside/in,1
7314,elena,24,WS,into,0
7314,elena,24,WS,next to,0
7314,elena,24,WS,of,0
7314,elena,24,WS,off,1
7314,elena,24,WS,on,1
7314,elena,24,WS,on top of,0
7314,elena,24,WS,out,1
7314,elena,24,WS,over,1
7314,elena,24,WS,there,1
7314,elena,24,WS,to,0
7314,elena,24,WS,under,0
7314,elena,24,WS,up,1
7314,elena,24,WS,with,0
7314,elena,24,WS,a,0
7314,elena,24,WS,all,0
7314,elena,24,WS,a lot,0
7314,elena,24,WS,an,0
7314,elena,24,WS,another,0
7314,elena,24,WS,any,0
7314,elena,24,WS,each,0
7314,elena,24,WS,every,0
7314,elena,24,WS,more,1
7314,elena,24,WS,much,0
7314,elena,24,WS,not,0
7314,elena,24,WS,none,0
7314,elena,24,WS,other,0
7314,elena,24,WS,same,1
7314,elena,24,WS,some,0
7314,elena,24,WS,the,0
7314,elena,24,WS,too,0
7314,elena,24,WS,am,0
7314,elena,24,WS,are,0
7314,elena,24,WS,be,0
7314,elena,24,WS,can (auxiliary),0
7314,elena,24,WS,could,0
7314,elena,24,WS,did/did ya,0
7314,elena,24,WS,do,1
7314,elena,24,WS,does,0
7314,elena,24,WS,don't,1
7314,elena,24,WS,gonna/going to,1
7314,elena,24,WS,gotta/got to,0
7314,elena,24,WS,hafta/have to,0
7314,elena,24,WS,is,1
7314,elena,24,WS,lemme/let me,1
7314,elena,24,WS,need/need to,1
7314,elena,24,WS,try/try to,1
7314,elena,24,WS,wanna/want to,1
7314,elena,24,WS,was,0
7314,elena,24,WS,were,0
7314,elena,24,WS,will,0
7314,elena,24,WS,would,0
7314,elena,24,WS,and,1
7314,elena,24,WS,because,0
7314,elena,24,WS,but,0
7314,elena,24,WS,if,0
7314,elena,24,WS,so,1
7314,elena,24,WS,then,0
7335,elena,24,WS,baa baa,1
7335,elena,24,WS,choo choo,1
7335,elena,24,WS,cock-a-doodle-doo,1
7335,elena,24,WS,grrr,1
7335,elena,24,WS,meow,1
7335,elena,24,WS,moo,1
7335,elena,24,WS,ouch,1
7335,elena,24,WS,quack quack,1
7335,elena,24,WS,uh oh,1
7335,elena,24,WS,vroom,0
7335,elena,24,WS,woof woof,1
7335,elena,24,WS,yum yum,1
7335,elena,24,WS,alligator,1
7335,elena,24,WS,animal,1
7335,elena,24,WS,ant,1
7335,elena,24,WS,bear,1
7335,elena,24,WS,bee,1
7335,elena,24,WS,bird,1
7335,elena,24,WS,bug,1
7335,elena,24,WS,bunny,1
7335,elena,24,WS,butterfly,0
7335,elena,24,WS,cat,1
7335,elena,24,WS,chicken (animal),1
7335,elena,24,WS,cow,1
7335,elena,24,WS,deer,1
7335,elena,24,WS,dog,1
7335,elena,24,WS,donkey,0
7335,elena,24,WS,duck,1
7335,elena,24,WS,elephant,1
7335,elena,24,WS,fish (animal),1
7335,elena,24,WS,frog,1
7335,elena,24,WS,giraffe,1
7335,elena,24,WS,goose,1
7335,elena,24,WS,hen,1
7335,elena,24,WS,horse,1
7335,elena,24,WS,kitty,1
7335,elena,24,WS,lamb,0
7335,elena,24,WS,lion,1
7335,elena,24,WS,monkey,1
7335,elena,24,WS,moose,0
7335,elena,24,WS,mouse,1
7335,elena,24,WS,owl,1
7335,elena,24,WS,penguin,0
7335,elena,24,WS,pig,1
7335,elena,24,WS,pony,1
7335,elena,24,WS,puppy,1
7335,elena,24,WS,rooster,1
7335,elena,24,WS,sheep,1
7335,elena,24,WS,squirrel,1
7335,elena,24,WS,teddy bear,1
7335,elena,24,WS,tiger,1
7335,elena,24,WS,turkey,1
7335,elena,24,WS,turtle,1
7335,elena,24,WS,wolf,1
7335,elena,24,WS,zebra,1
7335,elena,24,WS,airplane,1
7335,elena,24,WS,bicycle,1
7335,elena,24,WS,boat,1
7335,elena,24,WS,bus,1
7335,elena,24,WS,car,1
7335,elena,24,WS,fire truck,1
7335,elena,24,WS,helicopter,1
7335,elena,24,WS,motorcycle,1
7335,elena,24,WS,sled,0
7335,elena,24,WS,stroller,1
7335,elena,24,WS,tractor,1
7335,elena,24,WS,train,1
7335,elena,24,WS,tricycle,0
7335,elena,24,WS,truck,1
7335,elena,24,WS,ball,1
7335,elena,24,WS,balloon,1
7335,elena,24,WS,bat,1
7335,elena,24,WS,block,1
7335,elena,24,WS,book,1
7335,elena,24,WS,bubbles,1
7335,elena,24,WS,chalk,1
7335,elena,24,WS,crayon,1
7335,elena,24,WS,doll,0
7335,elena,24,WS,game,1
7335,elena,24,WS,glue,0
7335,elena,24,WS,pen,1
7335,elena,24,WS,pencil,1
7335,elena,24,WS,play dough,0
7335,elena,24,WS,present,1
7335,elena,24,WS,puzzle,1
7335,elena,24,WS,story,1
7335,elena,24,WS,toy (object),1
7335,elena,24,WS,apple,1
7335,elena,24,WS,apple sauce,1
7335,elena,24,WS,banana,1
7335,elena,24,WS,beans,1
7335,elena,24,WS,bread,1
7335,elena,24,WS,butter,1
7335,elena,24,WS,cake,1
7335,elena,24,WS,candy,0
7335,elena,24,WS,carrots,1
7335,elena,24,WS,cereal,1
7335,elena,24,WS,cheerios,0
7335,elena,24,WS,cheese,1
7335,elena,24,WS,chicken (food),0
7335,elena,24,WS,chocolate,1
7335,elena,24,WS,coffee,1
7335,elena,24,WS,coke,0
7335,elena,24,WS,cookie,1
7335,elena,24,WS,corn,0
7335,elena,24,WS,cracker,1
7335,elena,24,WS,donut,0
7335,elena,24,WS,drink (beverage),1
7335,elena,24,WS,egg,1
7335,elena,24,WS,fish (food),1
7335,elena,24,WS,food,1
7335,elena,24,WS,french fries,0
7335,elena,24,WS,grapes,1
7335,elena,24,WS,green beans,1
7335,elena,24,WS,gum,1
7335,elena,24,WS,hamburger,0
7335,elena,24,WS,ice,0
7335,elena,24,WS,ice cream,1
7335,elena,24,WS,jello,0
7335,elena,24,WS,jelly,0
7335,elena,24,WS,juice,1
7335,elena,24,WS,lollipop,0
7335,elena,24,WS,meat,0
7335,elena,24,WS,melon,1
7335,elena,24,WS,milk,1
7335,elena,24,WS,muffin,1
7335,elena,24,WS,noodles,1
7335,elena,24,WS,nuts,1
7335,elena,24,WS,orange (food),1
7335,elena,24,WS,pancakes,1
7335,elena,24,WS,peanut butter,1
7335,elena,24,WS,peas,0
7335,elena,24,WS,pickle,0
7335,elena,24,WS,pizza,1
7335,elena,24,WS,popcorn,1
7335,elena,24,WS,popsicle,0
7335,elena,24,WS,potato,1
7335,elena,24,WS,potato chips,1
7335,elena,24,WS,pretzel,1
7335,elena,24,WS,pudding,0
7335,elena,24,WS,pumpkin,1
7335,elena,24,WS,raisin,1
7335,elena,24,WS,salt,0
7335,elena,24,WS,sandwich,0
7335,elena,24,WS,sauce,1
7335,elena,24,WS,soda/pop,0
7335,elena,24,WS,soup,1
7335,elena,24,WS,spaghetti,0
7335,elena,24,WS,strawberry,1
7335,elena,24,WS,toast,1
7335,elena,24,WS,tuna,0
7335,elena,24,WS,vanilla,0
7335,elena,24,WS,vitamins,0
7335,elena,24,WS,water (beverage),1
7335,elena,24,WS,yogurt,0
7335,elena,24,WS,beads,0
7335,elena,24,WS,belt,1
7335,elena,24,WS,bib,1
7335,elena,24,WS,boots,1
7335,elena,24,WS,button,1
7335,elena,24,WS,coat,1
7335,elena,24,WS,diaper,1
7335,elena,24,WS,dress (object),1
7335,elena,24,WS,gloves,1
7335,elena,24,WS,hat,1
7335,elena,24,WS,jacket,1
7335,elena,24,WS,jeans,1
7335,elena,24,WS,mittens,1
7335,elena,24,WS,necklace,0
7335,elena,24,WS,pajamas,1
7335,elena,24,WS,pants,1
7335,elena,24,WS,scarf,1
7335,elena,24,WS,shirt,1
7335,elena,24,WS,shoe,1
7335,elena,24,WS,shorts,1
7335,elena,24,WS,slipper,0
7335,elena,24,WS,sneaker,0
7335,elena,24,WS,snowsuit,0
7335,elena,24,WS,sock,1
7335,elena,24,WS,sweater,1
7335,elena,24,WS,tights,0
7335,elena,24,WS,underpants,1
7335,elena,24,WS,zipper,1
7335,elena,24,WS,ankle,1
7335,elena,24,WS,arm,1
7335,elena,24,WS,belly button,1
7335,elena,24,WS,buttocks/bottom*,1
7335,elena,24,WS,cheek,1
7335,elena,24,WS,chin,1
7335,elena,24,WS,ear,1
7335,elena,24,WS,eye,1
7335,elena,24,WS,face,1
7335,elena,24,WS,foot,1
7335,elena,24,WS,finger,1
7335,elena,24,WS,hair,1
7335,elena,24,WS,hand,1
7335,elena,24,WS,head,1
7335,elena,24,WS,knee,1
7335,elena,24,WS,leg,1
7335,elena,24,WS,lips,1
7335,elena,24,WS,mouth,1
7335,elena,24,WS,nose,1
7335,elena,24,WS,owie/boo boo,1
7335,elena,24,WS,penis*,1
7335,elena,24,WS,shoulder,1
7335,elena,24,WS,tooth,1
7335,elena,24,WS,toe,1
7335,elena,24,WS,tongue,1
7335,elena,24,WS,tummy,1
7335,elena,24,WS,vagina*,0
7335,elena,24,WS,basket,1
7335,elena,24,WS,blanket,1
7335,elena,24,WS,bottle,1
7335,elena,24,WS,box,1
7335,elena,24,WS,bowl,1
7335,elena,24,WS,broom,1
7335,elena,24,WS,brush,1
7335,elena,24,WS,bucket,1
7335,elena,24,WS,camera,1
7335,elena,24,WS,can (object),1
7335,elena,24,WS,clock,0
7335,elena,24,WS,comb,1
7335,elena,24,WS,cup,1
7335,elena,24,WS,dish,1
7335,elena,24,WS,fork,1
7335,elena,24,WS,garbage,1
7335,elena,24,WS,glass,1
7335,elena,24,WS,glasses,1
7335,elena,24,WS,hammer,1
7335,elena,24,WS,jar,1
7335,elena,24,WS,keys,1
7335,elena,24,WS,knife,1
7335,elena,24,WS,lamp,1
7335,elena,24,WS,light,1
7335,elena,24,WS,medicine,0
7335,elena,24,WS,money,1
7335,elena,24,WS,mop,1
7335,elena,24,WS,nail,1
7335,elena,24,WS,napkin,1
7335,elena,24,WS,paper,1
7335,elena,24,WS,penny,1
7335,elena,24,WS,picture,1
7335,elena,24,WS,pillow,1
7335,elena,24,WS,plant,1
7335,elena,24,WS,plate,1
7335,elena,24,WS,purse,1
7335,elena,24,WS,radio,0
7335,elena,24,WS,scissors,1
7335,elena,24,WS,soap,1
7335,elena,24,WS,spoon,1
7335,elena,24,WS,tape,1
7335,elena,24,WS,telephone,1
7335,elena,24,WS,tissue/kleenex,1
7335,elena,24,WS,toothbrush,1
7335,elena,24,WS,towel,1
7335,elena,24,WS,trash,1
7335,elena,24,WS,tray,1
7335,elena,24,WS,vacuum,1
7335,elena,24,WS,walker,0
7335,elena,24,WS,watch (object),1
7335,elena,24,WS,basement,0
7335,elena,24,WS,bathroom,1
7335,elena,24,WS,bathtub,1
7335,elena,24,WS,bed,1
7335,elena,24,WS,bedroom,1
7335,elena,24,WS,bench,0
7335,elena,24,WS,chair,1
7335,elena,24,WS,closet,1
7335,elena,24,WS,couch,1
7335,elena,24,WS,crib,1
7335,elena,24,WS,door,1
7335,elena,24,WS,drawer,1
7335,elena,24,WS,dryer,1
7335,elena,24,WS,garage,1
7335,elena,24,WS,high chair,0
7335,elena,24,WS,kitchen,1
7335,elena,24,WS,living room,1
7335,elena,24,WS,oven,1
7335,elena,24,WS,play pen,0
7335,elena,24,WS,porch,0
7335,elena,24,WS,potty,1
7335,elena,24,WS,refrigerator,1
7335,elena,24,WS,rocking chair,1
7335,elena,24,WS,room,0
7335,elena,24,WS,shower,1
7335,elena,24,WS,sink,1
7335,elena,24,WS,sofa,0
7335,elena,24,WS,stairs,1
7335,elena,24,WS,stove,1
7335,elena,24,WS,table,1
7335,elena,24,WS,TV,1
7335,elena,24,WS,washing machine,1
7335,elena,24,WS,window,1
7335,elena,24,WS,backyard,1
7335,elena,24,WS,cloud,0
7335,elena,24,WS,flag,1
7335,elena,24,WS,flower,1
7335,elena,24,WS,garden,1
7335,elena,24,WS,grass,1
7335,elena,24,WS,hose,1
7335,elena,24,WS,ladder,1
7335,elena,24,WS,lawn mower,1
7335,elena,24,WS,moon,1
7335,elena,24,WS,pool,0
7335,elena,24,WS,rain,0
7335,elena,24,WS,rock,1
7335,elena,24,WS,roof,1
7335,elena,24,WS,sandbox,1
7335,elena,24,WS,shovel,1
7335,elena,24,WS,sidewalk,1
7335,elena,24,WS,sky,1
7335,elena,24,WS,slide (object),1
7335,elena,24,WS,snow,0
7335,elena,24,WS,snowman,0
7335,elena,24,WS,sprinkler,0
7335,elena,24,WS,star,1
7335,elena,24,WS,stick,1
7335,elena,24,WS,stone,1
7335,elena,24,WS,street,1
7335,elena,24,WS,sun,1
7335,elena,24,WS,swing (object),1
7335,elena,24,WS,tree,1
7335,elena,24,WS,water (not beverage),1
7335,elena,24,WS,wind,1
7335,elena,24,WS,beach,1
7335,elena,24,WS,camping,1
7335,elena,24,WS,church*,0
7335,elena,24,WS,circus,0
7335,elena,24,WS,country,0
7335,elena,24,WS,downtown,1
7335,elena,24,WS,farm,1
7335,elena,24,WS,gas station,1
7335,elena,24,WS,home,1
7335,elena,24,WS,house,1
7335,elena,24,WS,movie,1
7335,elena,24,WS,outside,1
7335,elena,24,WS,park,1
7335,elena,24,WS,party,1
7335,elena,24,WS,picnic,0
7335,elena,24,WS,playground,1
7335,elena,24,WS,school,0
7335,elena,24,WS,store,1
7335,elena,24,WS,woods,0
7335,elena,24,WS,work (place),1
7335,elena,24,WS,yard,1
7335,elena,24,WS,zoo,0
7335,elena,24,WS,aunt,1
7335,elena,24,WS,baby,1
7335,elena,24,WS,babysitter,0
7335,elena,24,WS,babysitter's name,0
7335,elena,24,WS,boy,0
7335,elena,24,WS,brother,0
7335,elena,24,WS,child,0
7335,elena,24,WS,clown,0
7335,elena,24,WS,cowboy,1
7335,elena,24,WS,daddy*,1
7335,elena,24,WS,doctor,0
7335,elena,24,WS,fireman,0
7335,elena,24,WS,friend,0
7335,elena,24,WS,girl,0
7335,elena,24,WS,grandma*,1
7335,elena,24,WS,grandpa*,1
7335,elena,24,WS,lady,0
7335,elena,24,WS,mailman,1
7335,elena,24,WS,man,0
7335,elena,24,WS,mommy*,1
7335,elena,24,WS,nurse,0
7335,elena,24,WS,child's own name,1
7335,elena,24,WS,people,1
7335,elena,24,WS,person,0
7335,elena,24,WS,pet's name,1
7335,elena,24,WS,police,1
7335,elena,24,WS,sister,0
7335,elena,24,WS,teacher,0
7335,elena,24,WS,uncle,1
7335,elena,24,WS,bath,1
7335,elena,24,WS,breakfast,1
7335,elena,24,WS,bye,1
7335,elena,24,WS,call (on phone),1
7335,elena,24,WS,dinner,1
7335,elena,24,WS,gimme five,1
7335,elena,24,WS,gonna get you,1
7335,elena,24,WS,go potty,1
7335,elena,24,WS,hi,1
7335,elena,24,WS,hello,0
7335,elena,24,WS,lunch,1
7335,elena,24,WS,nap,1
7335,elena,24,WS,night night,1
7335,elena,24,WS,no,1
7335,elena,24,WS,patty cake,1
7335,elena,24,WS,peekaboo,1
7335,elena,24,WS,please,1
7335,elena,24,WS,shh/shush/hush,1
7335,elena,24,WS,shopping,1
7335,elena,24,WS,snack,1
7335,elena,24,WS,so big,1
7335,elena,24,WS,thank you,1
7335,elena,24,WS,this little piggy,1
7335,elena,24,WS,turn around,1
7335,elena,24,WS,yes,1
7335,elena,24,WS,bite,1
7335,elena,24,WS,blow,1
7335,elena,24,WS,break,1
7335,elena,24,WS,bring,0
7335,elena,24,WS,build,1
7335,elena,24,WS,bump,1
7335,elena,24,WS,buy,0
7335,elena,24,WS,carry,1
7335,elena,24,WS,catch,1
7335,elena,24,WS,chase,1
7335,elena,24,WS,clap,1
7335,elena,24,WS,clean (action),1
7335,elena,24,WS,climb,1
7335,elena,24,WS,close,1
7335,elena,24,WS,cook,1
7335,elena,24,WS,cover,0
7335,elena,24,WS,cry,0
7335,elena,24,WS,cut,1
7335,elena,24,WS,dance,1
7335,elena,24,WS,draw,1
7335,elena,24,WS,drink (action),1
7335,elena,24,WS,drive,1
7335,elena,24,WS,drop,1
7335,elena,24,WS,dry (action),0
7335,elena,24,WS,dump,1
7335,elena,24,WS,eat,1
7335,elena,24,WS,fall,1
7335,elena,24,WS,feed,1
7335,elena,24,WS,find,0
7335,elena,24,WS,finish,0
7335,elena,24,WS,fit,0
7335,elena,24,WS,fix,1
7335,elena,24,WS,get,1
7335,elena,24,WS,give,0
7335,elena,24,WS,go,1
7335,elena,24,WS,hate,0
7335,elena,24,WS,have,0
7335,elena,24,WS,hear,1
7335,elena,24,WS,help,1
7335,elena,24,WS,hide,1
7335,elena,24,WS,hit,1
7335,elena,24,WS,hold,1
7335,elena,24,WS,hug,1
7335,elena,24,WS,hurry,0
7335,elena,24,WS,jump,1
7335,elena,24,WS,kick,1
7335,elena,24,WS,kiss,1
7335,elena,24,WS,knock,1
7335,elena,24,WS,lick,0
7335,elena,24,WS,like,1
7335,elena,24,WS,listen,0
7335,elena,24,WS,look,0
7335,elena,24,WS,love,1
7335,elena,24,WS,make,0
7335,elena,24,WS,open,1
7335,elena,24,WS,paint,1
7335,elena,24,WS,pick,1
7335,elena,24,WS,play,1
7335,elena,24,WS,pour,1
7335,elena,24,WS,pretend,0
7335,elena,24,WS,pull,1
7335,elena,24,WS,push,0
7335,elena,24,WS,put,0
7335,elena,24,WS,read,0
7335,elena,24,WS,ride,1
7335,elena,24,WS,rip,0
7335,elena,24,WS,run,0
7335,elena,24,WS,say,0
7335,elena,24,WS,see,1
7335,elena,24,WS,shake,0
7335,elena,24,WS,share,0
7335,elena,24,WS,show,0
7335,elena,24,WS,sing,0
7335,elena,24,WS,sit,1
7335,elena,24,WS,skate,0
7335,elena,24,WS,sleep,1
7335,elena,24,WS,slide (action),1
7335,elena,24,WS,smile,0
7335,elena,24,WS,spill,0
7335,elena,24,WS,splash,1
7335,elena,24,WS,stand,1
7335,elena,24,WS,stay,1
7335,elena,24,WS,stop,0
7335,elena,24,WS,sweep,0
7335,elena,24,WS,swim,0
7335,elena,24,WS,swing (action),0
7335,elena,24,WS,take,0
7335,elena,24,WS,talk,0
7335,elena,24,WS,taste,0
7335,elena,24,WS,tear,1
7335,elena,24,WS,think,0
7335,elena,24,WS,throw,1
7335,elena,24,WS,tickle,1
7335,elena,24,WS,touch,1
7335,elena,24,WS,wait,0
7335,elena,24,WS,wake,0
7335,elena,24,WS,walk,1
7335,elena,24,WS,wash,1
7335,elena,24,WS,watch (action),1
7335,elena,24,WS,wipe,1
7335,elena,24,WS,wish,0
7335,elena,24,WS,work (action),1
7335,elena,24,WS,write,0
7335,elena,24,WS,all gone,1
7335,elena,24,WS,asleep,1
7335,elena,24,WS,awake,0
7335,elena,24,WS,bad,0
7335,elena,24,WS,better,0
7335,elena,24,WS,big,1
7335,elena,24,WS,black,1
7335,elena,24,WS,blue,1
7335,elena,24,WS,broken,1
7335,elena,24,WS,brown,1
7335,elena,24,WS,careful,0
7335,elena,24,WS,clean (description),1
7335,elena,24,WS,cold,1
7335,elena,24,WS,cute,0
7335,elena,24,WS,dark,1
7335,elena,24,WS,dirty,1
7335,elena,24,WS,dry (description),0
7335,elena,24,WS,empty,1
7335,elena,24,WS,fast,1
7335,elena,24,WS,fine,0
7335,elena,24,WS,first,0
7335,elena,24,WS,full,0
7335,elena,24,WS,gentle,1
7335,elena,24,WS,good,1
7335,elena,24,WS,green,1
7335,elena,24,WS,happy,1
7335,elena,24,WS,hard,1
7335,elena,24,WS,heavy,1
7335,elena,24,WS,high,0
7335,elena,24,WS,hot,1
7335,elena,24,WS,hungry,0
7335,elena,24,WS,hurt,1
7335,elena,24,WS,last,0
7335,elena,24,WS,little (description),1
7335,elena,24,WS,long,1
7335,elena,24,WS,loud,0
7335,elena,24,WS,mad,0
7335,elena,24,WS,naughty,0
7335,elena,24,WS,new,1
7335,elena,24,WS,nice,1
7335,elena,24,WS,noisy,0
7335,elena,24,WS,old,1
7335,elena,24,WS,orange (description),1
7335,elena,24,WS,poor,0
7335,elena,24,WS,pretty,0
7335,elena,24,WS,quiet,0
7335,elena,24,WS,red,1
7335,elena,24,WS,sad,0
7335,elena,24,WS,scared,0
7335,elena,24,WS,sick,0
7335,elena,24,WS,sleepy,1
7335,elena,24,WS,slow,0
7335,elena,24,WS,soft,1
7335,elena,24,WS,sticky,1
7335,elena,24,WS,stuck,1
7335,elena,24,WS,thirsty,1
7335,elena,24,WS,tiny,0
7335,elena,24,WS,tired,1
7335,elena,24,WS,wet,1
7335,elena,24,WS,white,1
7335,elena,24,WS,windy,0
7335,elena,24,WS,yellow,1
7335,elena,24,WS,yucky,1
7335,elena,24,WS,after,0
7335,elena,24,WS,before,0
7335,elena,24,WS,day,0
7335,elena,24,WS,later,0
7335,elena,24,WS,morning,0
7335,elena,24,WS,night,0
7335,elena,24,WS,now,0
7335,elena,24,WS,time,0
7335,elena,24,WS,today,0
7335,elena,24,WS,tomorrow,0
7335,elena,24,WS,tonight,0
7335,elena,24,WS,yesterday,0
7335,elena,24,WS,he,0
7335,elena,24,WS,her,0
7335,elena,24,WS,hers,0
7335,elena,24,WS,him,0
7335,elena,24,WS,his,0
7335,elena,24,WS,I,0
7335,elena,24,WS,it,0
7335,elena,24,WS,me,0
7335,elena,24,WS,mine,0
7335,elena,24,WS,my,0
7335,elena,24,WS,myself,0
7335,elena,24,WS,our,0
7335,elena,24,WS,she,0
7335,elena,24,WS,that,1
7335,elena,24,WS,their,0
7335,elena,24,WS,them,0
7335,elena,24,WS,these,0
7335,elena,24,WS,they,0
7335,elena,24,WS,this,1
7335,elena,24,WS,those,0
7335,elena,24,WS,us,0
7335,elena,24,WS,we,0
7335,elena,24,WS,you,0
7335,elena,24,WS,your,0
7335,elena,24,WS,yourself,0
7335,elena,24,WS,how,0
7335,elena,24,WS,what,0
7335,elena,24,WS,when,0
7335,elena,24,WS,where,0
7335,elena,24,WS,which,0
7335,elena,24,WS,who,0
7335,elena,24,WS,why,0
7335,elena,24,WS,about,0
7335,elena,24,WS,above,0
7335,elena,24,WS,around,0
7335,elena,24,WS,at,0
7335,elena,24,WS,away,0
7335,elena,24,WS,back,1
7335,elena,24,WS,behind,0
7335,elena,24,WS,beside,0
7335,elena,24,WS,by,0
7335,elena,24,WS,down,1
7335,elena,24,WS,for,0
7335,elena,24,WS,here,0
7335,elena,24,WS,inside/in,0
7335,elena,24,WS,into,0
7335,elena,24,WS,next to,0
7335,elena,24,WS,of,0
7335,elena,24,WS,off,1
7335,elena,24,WS,on,1
7335,elena,24,WS,on top of,0
7335,elena,24,WS,out,1
7335,elena,24,WS,over,1
7335,elena,24,WS,there,1
7335,elena,24,WS,to,0
7335,elena,24,WS,under,0
7335,elena,24,WS,up,1
7335,elena,24,WS,with,0
7335,elena,24,WS,a,0
7335,elena,24,WS,all,0
7335,elena,24,WS,a lot,0
7335,elena,24,WS,an,0
7335,elena,24,WS,another,1
7335,elena,24,WS,any,0
7335,elena,24,WS,each,0
7335,elena,24,WS,every,0
7335,elena,24,WS,more,1
7335,elena,24,WS,much,0
7335,elena,24,WS,not,1
7335,elena,24,WS,none,0
7335,elena,24,WS,other,0
7335,elena,24,WS,same,0
7335,elena,24,WS,some,0
7335,elena,24,WS,the,0
7335,elena,24,WS,too,0
7335,elena,24,WS,am,0
7335,elena,24,WS,are,0
7335,elena,24,WS,be,0
7335,elena,24,WS,can (auxiliary),0
7335,elena,24,WS,could,0
7335,elena,24,WS,did/did ya,0
7335,elena,24,WS,do,0
7335,elena,24,WS,does,0
7335,elena,24,WS,don't,0
7335,elena,24,WS,gonna/going to,0
7335,elena,24,WS,gotta/got to,0
7335,elena,24,WS,hafta/have to,0
7335,elena,24,WS,is,0
7335,elena,24,WS,lemme/let me,0
7335,elena,24,WS,need/need to,0
7335,elena,24,WS,try/try to,0
7335,elena,24,WS,wanna/want to,0
7335,elena,24,WS,was,0
7335,elena,24,WS,were,0
7335,elena,24,WS,will,0
7335,elena,24,WS,would,0
7335,elena,24,WS,and,0
7335,elena,24,WS,because,0
7335,elena,24,WS,but,0
7335,elena,24,WS,if,0
7335,elena,24,WS,so,0
7335,elena,24,WS,then,0
7387,elena,24,WS,baa baa,1
7387,elena,24,WS,choo choo,1
7387,elena,24,WS,cock-a-doodle-doo,1
7387,elena,24,WS,grrr,1
7387,elena,24,WS,meow,1
7387,elena,24,WS,moo,1
7387,elena,24,WS,ouch,1
7387,elena,24,WS,quack quack,1
7387,elena,24,WS,uh oh,1
7387,elena,24,WS,vroom,1
7387,elena,24,WS,woof woof,1
7387,elena,24,WS,yum yum,1
7387,elena,24,WS,alligator,1
7387,elena,24,WS,animal,1
7387,elena,24,WS,ant,1
7387,elena,24,WS,bear,1
7387,elena,24,WS,bee,1
7387,elena,24,WS,bird,1
7387,elena,24,WS,bug,1
7387,elena,24,WS,bunny,1
7387,elena,24,WS,butterfly,1
7387,elena,24,WS,cat,1
7387,elena,24,WS,chicken (animal),1
7387,elena,24,WS,cow,1
7387,elena,24,WS,deer,1
7387,elena,24,WS,dog,1
7387,elena,24,WS,donkey,1
7387,elena,24,WS,duck,1
7387,elena,24,WS,elephant,1
7387,elena,24,WS,fish (animal),1
7387,elena,24,WS,frog,1
7387,elena,24,WS,giraffe,1
7387,elena,24,WS,goose,1
7387,elena,24,WS,hen,1
7387,elena,24,WS,horse,1
7387,elena,24,WS,kitty,1
7387,elena,24,WS,lamb,1
7387,elena,24,WS,lion,1
7387,elena,24,WS,monkey,1
7387,elena,24,WS,moose,1
7387,elena,24,WS,mouse,1
7387,elena,24,WS,owl,1
7387,elena,24,WS,penguin,1
7387,elena,24,WS,pig,1
7387,elena,24,WS,pony,1
7387,elena,24,WS,puppy,1
7387,elena,24,WS,rooster,1
7387,elena,24,WS,sheep,1
7387,elena,24,WS,squirrel,1
7387,elena,24,WS,teddy bear,1
7387,elena,24,WS,tiger,1
7387,elena,24,WS,turkey,1
7387,elena,24,WS,turtle,1
7387,elena,24,WS,wolf,1
7387,elena,24,WS,zebra,1
7387,elena,24,WS,airplane,1
7387,elena,24,WS,bicycle,1
7387,elena,24,WS,boat,1
7387,elena,24,WS,bus,1
7387,elena,24,WS,car,1
7387,elena,24,WS,fire truck,1
7387,elena,24,WS,helicopter,1
7387,elena,24,WS,motorcycle,1
7387,elena,24,WS,sled,0
7387,elena,24,WS,stroller,1
7387,elena,24,WS,tractor,1
7387,elena,24,WS,train,1
7387,elena,24,WS,tricycle,0
7387,elena,24,WS,truck,1
7387,elena,24,WS,ball,1
7387,elena,24,WS,balloon,1
7387,elena,24,WS,bat,1
7387,elena,24,WS,block,1
7387,elena,24,WS,book,1
7387,elena,24,WS,bubbles,1
7387,elena,24,WS,chalk,1
7387,elena,24,WS,crayon,1
7387,elena,24,WS,doll,1
7387,elena,24,WS,game,0
7387,elena,24,WS,glue,0
7387,elena,24,WS,pen,1
7387,elena,24,WS,pencil,1
7387,elena,24,WS,play dough,1
7387,elena,24,WS,present,1
7387,elena,24,WS,puzzle,1
7387,elena,24,WS,story,1
7387,elena,24,WS,toy (object),1
7387,elena,24,WS,apple,1
7387,elena,24,WS,apple sauce,1
7387,elena,24,WS,banana,1
7387,elena,24,WS,beans,1
7387,elena,24,WS,bread,1
7387,elena,24,WS,butter,1
7387,elena,24,WS,cake,1
7387,elena,24,WS,candy,1
7387,elena,24,WS,carrots,1
7387,elena,24,WS,cereal,1
7387,elena,24,WS,cheerios,1
7387,elena,24,WS,cheese,1
7387,elena,24,WS,chicken (food),1
7387,elena,24,WS,chocolate,1
7387,elena,24,WS,coffee,1
7387,elena,24,WS,coke,0
7387,elena,24,WS,cookie,1
7387,elena,24,WS,corn,1
7387,elena,24,WS,cracker,1
7387,elena,24,WS,donut,1
7387,elena,24,WS,drink (beverage),1
7387,elena,24,WS,egg,1
7387,elena,24,WS,fish (food),1
7387,elena,24,WS,food,1
7387,elena,24,WS,french fries,1
7387,elena,24,WS,grapes,1
7387,elena,24,WS,green beans,0
7387,elena,24,WS,gum,1
7387,elena,24,WS,hamburger,1
7387,elena,24,WS,ice,1
7387,elena,24,WS,ice cream,1
7387,elena,24,WS,jello,0
7387,elena,24,WS,jelly,1
7387,elena,24,WS,juice,1
7387,elena,24,WS,lollipop,1
7387,elena,24,WS,meat,1
7387,elena,24,WS,melon,0
7387,elena,24,WS,milk,1
7387,elena,24,WS,muffin,1
7387,elena,24,WS,noodles,0
7387,elena,24,WS,nuts,1
7387,elena,24,WS,orange (food),1
7387,elena,24,WS,pancakes,1
7387,elena,24,WS,peanut butter,1
7387,elena,24,WS,peas,1
7387,elena,24,WS,pickle,0
7387,elena,24,WS,pizza,1
7387,elena,24,WS,popcorn,0
7387,elena,24,WS,popsicle,0
7387,elena,24,WS,potato,1
7387,elena,24,WS,potato chips,1
7387,elena,24,WS,pretzel,1
7387,elena,24,WS,pudding,0
7387,elena,24,WS,pumpkin,1
7387,elena,24,WS,raisin,1
7387,elena,24,WS,salt,0
7387,elena,24,WS,sandwich,0
7387,elena,24,WS,sauce,1
7387,elena,24,WS,soda/pop,0
7387,elena,24,WS,soup,1
7387,elena,24,WS,spaghetti,0
7387,elena,24,WS,strawberry,1
7387,elena,24,WS,toast,1
7387,elena,24,WS,tuna,1
7387,elena,24,WS,vanilla,1
7387,elena,24,WS,vitamins,0
7387,elena,24,WS,water (beverage),1
7387,elena,24,WS,yogurt,1
7387,elena,24,WS,beads,1
7387,elena,24,WS,belt,1
7387,elena,24,WS,bib,1
7387,elena,24,WS,boots,1
7387,elena,24,WS,button,1
7387,elena,24,WS,coat,1
7387,elena,24,WS,diaper,1
7387,elena,24,WS,dress (object),1
7387,elena,24,WS,gloves,1
7387,elena,24,WS,hat,1
7387,elena,24,WS,jacket,1
7387,elena,24,WS,jeans,1
7387,elena,24,WS,mittens,1
7387,elena,24,WS,necklace,1
7387,elena,24,WS,pajamas,1
7387,elena,24,WS,pants,1
7387,elena,24,WS,scarf,1
7387,elena,24,WS,shirt,1
7387,elena,24,WS,shoe,1
7387,elena,24,WS,shorts,1
7387,elena,24,WS,slipper,0
7387,elena,24,WS,sneaker,1
7387,elena,24,WS,snowsuit,0
7387,elena,24,WS,sock,1
7387,elena,24,WS,sweater,1
7387,elena,24,WS,tights,0
7387,elena,24,WS,underpants,0
7387,elena,24,WS,zipper,1
7387,elena,24,WS,ankle,1
7387,elena,24,WS,arm,1
7387,elena,24,WS,belly button,1
7387,elena,24,WS,buttocks/bottom*,1
7387,elena,24,WS,cheek,1
7387,elena,24,WS,chin,1
7387,elena,24,WS,ear,1
7387,elena,24,WS,eye,1
7387,elena,24,WS,face,1
7387,elena,24,WS,foot,1
7387,elena,24,WS,finger,1
7387,elena,24,WS,hair,1
7387,elena,24,WS,hand,1
7387,elena,24,WS,head,1
7387,elena,24,WS,knee,1
7387,elena,24,WS,leg,1
7387,elena,24,WS,lips,1
7387,elena,24,WS,mouth,1
7387,elena,24,WS,nose,1
7387,elena,24,WS,owie/boo boo,1
7387,elena,24,WS,penis*,0
7387,elena,24,WS,shoulder,1
7387,elena,24,WS,tooth,1
7387,elena,24,WS,toe,1
7387,elena,24,WS,tongue,1
7387,elena,24,WS,tummy,1
7387,elena,24,WS,vagina*,1
7387,elena,24,WS,basket,1
7387,elena,24,WS,blanket,1
7387,elena,24,WS,bottle,1
7387,elena,24,WS,box,1
7387,elena,24,WS,bowl,1
7387,elena,24,WS,broom,1
7387,elena,24,WS,brush,1
7387,elena,24,WS,bucket,1
7387,elena,24,WS,camera,1
7387,elena,24,WS,can (object),0
7387,elena,24,WS,clock,1
7387,elena,24,WS,comb,1
7387,elena,24,WS,cup,1
7387,elena,24,WS,dish,0
7387,elena,24,WS,fork,1
7387,elena,24,WS,garbage,1
7387,elena,24,WS,glass,0
7387,elena,24,WS,glasses,1
7387,elena,24,WS,hammer,1
7387,elena,24,WS,jar,0
7387,elena,24,WS,keys,1
7387,elena,24,WS,knife,1
7387,elena,24,WS,lamp,1
7387,elena,24,WS,light,1
7387,elena,24,WS,medicine,1
7387,elena,24,WS,money,1
7387,elena,24,WS,mop,1
7387,elena,24,WS,nail,1
7387,elena,24,WS,napkin,1
7387,elena,24,WS,paper,1
7387,elena,24,WS,penny,1
7387,elena,24,WS,picture,1
7387,elena,24,WS,pillow,1
7387,elena,24,WS,plant,1
7387,elena,24,WS,plate,1
7387,elena,24,WS,purse,1
7387,elena,24,WS,radio,1
7387,elena,24,WS,scissors,1
7387,elena,24,WS,soap,1
7387,elena,24,WS,spoon,1
7387,elena,24,WS,tape,1
7387,elena,24,WS,telephone,1
7387,elena,24,WS,tissue/kleenex,1
7387,elena,24,WS,toothbrush,1
7387,elena,24,WS,towel,1
7387,elena,24,WS,trash,1
7387,elena,24,WS,tray,1
7387,elena,24,WS,vacuum,1
7387,elena,24,WS,walker,0
7387,elena,24,WS,watch (object),0
7387,elena,24,WS,basement,0
7387,elena,24,WS,bathroom,1
7387,elena,24,WS,bathtub,1
7387,elena,24,WS,bed,1
7387,elena,24,WS,bedroom,1
7387,elena,24,WS,bench,0
7387,elena,24,WS,chair,1
7387,elena,24,WS,closet,0
7387,elena,24,WS,couch,0
7387,elena,24,WS,crib,1
7387,elena,24,WS,door,1
7387,elena,24,WS,drawer,0
7387,elena,24,WS,dryer,0
7387,elena,24,WS,garage,1
7387,elena,24,WS,high chair,1
7387,elena,24,WS,kitchen,1
7387,elena,24,WS,living room,0
7387,elena,24,WS,oven,1
7387,elena,24,WS,play pen,0
7387,elena,24,WS,porch,1
7387,elena,24,WS,potty,1
7387,elena,24,WS,refrigerator,1
7387,elena,24,WS,rocking chair,1
7387,elena,24,WS,room,1
7387,elena,24,WS,shower,1
7387,elena,24,WS,sink,1
7387,elena,24,WS,sofa,1
7387,elena,24,WS,stairs,1
7387,elena,24,WS,stove,1
7387,elena,24,WS,table,1
7387,elena,24,WS,TV,1
7387,elena,24,WS,washing machine,0
7387,elena,24,WS,window,1
7387,elena,24,WS,backyard,1
7387,elena,24,WS,cloud,1
7387,elena,24,WS,flag,0
7387,elena,24,WS,flower,1
7387,elena,24,WS,garden,0
7387,elena,24,WS,grass,1
7387,elena,24,WS,hose,1
7387,elena,24,WS,ladder,1
7387,elena,24,WS,lawn mower,1
7387,elena,24,WS,moon,1
7387,elena,24,WS,pool,1
7387,elena,24,WS,rain,1
7387,elena,24,WS,rock,1
7387,elena,24,WS,roof,0
7387,elena,24,WS,sandbox,1
7387,elena,24,WS,shovel,1
7387,elena,24,WS,sidewalk,0
7387,elena,24,WS,sky,1
7387,elena,24,WS,slide (object),1
7387,elena,24,WS,snow,1
7387,elena,24,WS,snowman,1
7387,elena,24,WS,sprinkler,1
7387,elena,24,WS,star,1
7387,elena,24,WS,stick,1
7387,elena,24,WS,stone,0
7387,elena,24,WS,street,1
7387,elena,24,WS,sun,1
7387,elena,24,WS,swing (object),1
7387,elena,24,WS,tree,1
7387,elena,24,WS,water (not beverage),1
7387,elena,24,WS,wind,1
7387,elena,24,WS,beach,1
7387,elena,24,WS,camping,0
7387,elena,24,WS,church*,0
7387,elena,24,WS,circus,0
7387,elena,24,WS,country,0
7387,elena,24,WS,downtown,0
7387,elena,24,WS,farm,1
7387,elena,24,WS,gas station,1
7387,elena,24,WS,home,1
7387,elena,24,WS,house,1
7387,elena,24,WS,movie,0
7387,elena,24,WS,outside,1
7387,elena,24,WS,park,1
7387,elena,24,WS,party,1
7387,elena,24,WS,picnic,1
7387,elena,24,WS,playground,1
7387,elena,24,WS,school,1
7387,elena,24,WS,store,1
7387,elena,24,WS,woods,0
7387,elena,24,WS,work (place),1
7387,elena,24,WS,yard,1
7387,elena,24,WS,zoo,1
7387,elena,24,WS,aunt,1
7387,elena,24,WS,baby,1
7387,elena,24,WS,babysitter,1
7387,elena,24,WS,babysitter's name,1
7387,elena,24,WS,boy,1
7387,elena,24,WS,brother,1
7387,elena,24,WS,child,1
7387,elena,24,WS,clown,1
7387,elena,24,WS,cowboy,0
7387,elena,24,WS,daddy*,1
7387,elena,24,WS,doctor,1
7387,elena,24,WS,fireman,1
7387,elena,24,WS,friend,1
7387,elena,24,WS,girl,1
7387,elena,24,WS,grandma*,1
7387,elena,24,WS,grandpa*,1
7387,elena,24,WS,lady,1
7387,elena,24,WS,mailman,1
7387,elena,24,WS,man,1
7387,elena,24,WS,mommy*,1
7387,elena,24,WS,nurse,0
7387,elena,24,WS,child's own name,1
7387,elena,24,WS,people,1
7387,elena,24,WS,person,0
7387,elena,24,WS,pet's name,1
7387,elena,24,WS,police,1
7387,elena,24,WS,sister,1
7387,elena,24,WS,teacher,1
7387,elena,24,WS,uncle,1
7387,elena,24,WS,bath,1
7387,elena,24,WS,breakfast,1
7387,elena,24,WS,bye,1
7387,elena,24,WS,call (on phone),1
7387,elena,24,WS,dinner,1
7387,elena,24,WS,gimme five,1
7387,elena,24,WS,gonna get you,1
7387,elena,24,WS,go potty,1
7387,elena,24,WS,hi,1
7387,elena,24,WS,hello,1
7387,elena,24,WS,lunch,1
7387,elena,24,WS,nap,1
7387,elena,24,WS,night night,1
7387,elena,24,WS,no,1
7387,elena,24,WS,patty cake,1
7387,elena,24,WS,peekaboo,1
7387,elena,24,WS,please,1
7387,elena,24,WS,shh/shush/hush,1
7387,elena,24,WS,shopping,1
7387,elena,24,WS,snack,1
7387,elena,24,WS,so big,0
7387,elena,24,WS,thank you,1
7387,elena,24,WS,this little piggy,1
7387,elena,24,WS,turn around,1
7387,elena,24,WS,yes,1
7387,elena,24,WS,bite,1
7387,elena,24,WS,blow,1
7387,elena,24,WS,break,1
7387,elena,24,WS,bring,1
7387,elena,24,WS,build,1
7387,elena,24,WS,bump,1
7387,elena,24,WS,buy,1
7387,elena,24,WS,carry,1
7387,elena,24,WS,catch,1
7387,elena,24,WS,chase,1
7387,elena,24,WS,clap,1
7387,elena,24,WS,clean (action),1
7387,elena,24,WS,climb,1
7387,elena,24,WS,close,1
7387,elena,24,WS,cook,1
7387,elena,24,WS,cover,0
7387,elena,24,WS,cry,1
7387,elena,24,WS,cut,1
7387,elena,24,WS,dance,1
7387,elena,24,WS,draw,1
7387,elena,24,WS,drink (action),1
7387,elena,24,WS,drive,1
7387,elena,24,WS,drop,1
7387,elena,24,WS,dry (action),1
7387,elena,24,WS,dump,0
7387,elena,24,WS,eat,1
7387,elena,24,WS,fall,1
7387,elena,24,WS,feed,1
7387,elena,24,WS,find,1
7387,elena,24,WS,finish,1
7387,elena,24,WS,fit,1
7387,elena,24,WS,fix,1
7387,elena,24,WS,get,1
7387,elena,24,WS,give,1
7387,elena,24,WS,go,1
7387,elena,24,WS,hate,0
7387,elena,24,WS,have,1
7387,elena,24,WS,hear,1
7387,elena,24,WS,help,1
7387,elena,24,WS,hide,1
7387,elena,24,WS,hit,1
7387,elena,24,WS,hold,1
7387,elena,24,WS,hug,1
7387,elena,24,WS,hurry,1
7387,elena,24,WS,jump,1
7387,elena,24,WS,kick,1
7387,elena,24,WS,kiss,1
7387,elena,24,WS,knock,1
7387,elena,24,WS,lick,1
7387,elena,24,WS,like,1
7387,elena,24,WS,listen,1
7387,elena,24,WS,look,1
7387,elena,24,WS,love,1
7387,elena,24,WS,make,1
7387,elena,24,WS,open,1
7387,elena,24,WS,paint,1
7387,elena,24,WS,pick,0
7387,elena,24,WS,play,1
7387,elena,24,WS,pour,1
7387,elena,24,WS,pretend,1
7387,elena,24,WS,pull,1
7387,elena,24,WS,push,1
7387,elena,24,WS,put,1
7387,elena,24,WS,read,1
7387,elena,24,WS,ride,1
7387,elena,24,WS,rip,1
7387,elena,24,WS,run,1
7387,elena,24,WS,say,1
7387,elena,24,WS,see,1
7387,elena,24,WS,shake,0
7387,elena,24,WS,share,1
7387,elena,24,WS,show,1
7387,elena,24,WS,sing,1
7387,elena,24,WS,sit,1
7387,elena,24,WS,skate,1
7387,elena,24,WS,sleep,1
7387,elena,24,WS,slide (action),1
7387,elena,24,WS,smile,1
7387,elena,24,WS,spill,1
7387,elena,24,WS,splash,1
7387,elena,24,WS,stand,1
7387,elena,24,WS,stay,1
7387,elena,24,WS,stop,1
7387,elena,24,WS,sweep,1
7387,elena,24,WS,swim,1
7387,elena,24,WS,swing (action),1
7387,elena,24,WS,take,1
7387,elena,24,WS,talk,1
7387,elena,24,WS,taste,1
7387,elena,24,WS,tear,0
7387,elena,24,WS,think,0
7387,elena,24,WS,throw,1
7387,elena,24,WS,tickle,1
7387,elena,24,WS,touch,1
7387,elena,24,WS,wait,1
7387,elena,24,WS,wake,1
7387,elena,24,WS,walk,1
7387,elena,24,WS,wash,1
7387,elena,24,WS,watch (action),1
7387,elena,24,WS,wipe,1
7387,elena,24,WS,wish,0
7387,elena,24,WS,work (action),1
7387,elena,24,WS,write,1
7387,elena,24,WS,all gone,1
7387,elena,24,WS,asleep,1
7387,elena,24,WS,awake,1
7387,elena,24,WS,bad,1
7387,elena,24,WS,better,1
7387,elena,24,WS,big,1
7387,elena,24,WS,black,1
7387,elena,24,WS,blue,1
7387,elena,24,WS,broken,1
7387,elena,24,WS,brown,1
7387,elena,24,WS,careful,1
7387,elena,24,WS,clean (description),1
7387,elena,24,WS,cold,1
7387,elena,24,WS,cute,1
7387,elena,24,WS,dark,1
7387,elena,24,WS,dirty,1
7387,elena,24,WS,dry (description),1
7387,elena,24,WS,empty,1
7387,elena,24,WS,fast,1
7387,elena,24,WS,fine,0
7387,elena,24,WS,first,1
7387,elena,24,WS,full,1
7387,elena,24,WS,gentle,1
7387,elena,24,WS,good,1
7387,elena,24,WS,green,1
7387,elena,24,WS,happy,1
7387,elena,24,WS,hard,1
7387,elena,24,WS,heavy,1
7387,elena,24,WS,high,1
7387,elena,24,WS,hot,1
7387,elena,24,WS,hungry,1
7387,elena,24,WS,hurt,1
7387,elena,24,WS,last,0
7387,elena,24,WS,little (description),1
7387,elena,24,WS,long,1
7387,elena,24,WS,loud,1
7387,elena,24,WS,mad,1
7387,elena,24,WS,naughty,1
7387,elena,24,WS,new,1
7387,elena,24,WS,nice,1
7387,elena,24,WS,noisy,1
7387,elena,24,WS,old,1
7387,elena,24,WS,orange (description),1
7387,elena,24,WS,poor,0
7387,elena,24,WS,pretty,1
7387,elena,24,WS,quiet,1
7387,elena,24,WS,red,1
7387,elena,24,WS,sad,1
7387,elena,24,WS,scared,1
7387,elena,24,WS,sick,1
7387,elena,24,WS,sleepy,1
7387,elena,24,WS,slow,1
7387,elena,24,WS,soft,1
7387,elena,24,WS,sticky,1
7387,elena,24,WS,stuck,1
7387,elena,24,WS,thirsty,1
7387,elena,24,WS,tiny,1
7387,elena,24,WS,tired,1
7387,elena,24,WS,wet,1
7387,elena,24,WS,white,1
7387,elena,24,WS,windy,1
7387,elena,24,WS,yellow,1
7387,elena,24,WS,yucky,1
7387,elena,24,WS,after,1
7387,elena,24,WS,before,0
7387,elena,24,WS,day,0
7387,elena,24,WS,later,1
7387,elena,24,WS,morning,1
7387,elena,24,WS,night,1
7387,elena,24,WS,now,1
7387,elena,24,WS,time,0
7387,elena,24,WS,today,1
7387,elena,24,WS,tomorrow,0
7387,elena,24,WS,tonight,0
7387,elena,24,WS,yesterday,0
7387,elena,24,WS,he,1
7387,elena,24,WS,her,1
7387,elena,24,WS,hers,1
7387,elena,24,WS,him,1
7387,elena,24,WS,his,1
7387,elena,24,WS,I,1
7387,elena,24,WS,it,1
7387,elena,24,WS,me,1
7387,elena,24,WS,mine,1
7387,elena,24,WS,my,1
7387,elena,24,WS,myself,1
7387,elena,24,WS,our,1
7387,elena,24,WS,she,1
7387,elena,24,WS,that,1
7387,elena,24,WS,their,1
7387,elena,24,WS,them,1
7387,elena,24,WS,these,1
7387,elena,24,WS,they,1
7387,elena,24,WS,this,1
7387,elena,24,WS,those,0
7387,elena,24,WS,us,1
7387,elena,24,WS,we,1
7387,elena,24,WS,you,1
7387,elena,24,WS,your,1
7387,elena,24,WS,yourself,0
7387,elena,24,WS,how,1
7387,elena,24,WS,what,1
7387,elena,24,WS,when,0
7387,elena,24,WS,where,1
7387,elena,24,WS,which,0
7387,elena,24,WS,who,1
7387,elena,24,WS,why,1
7387,elena,24,WS,about,1
7387,elena,24,WS,above,1
7387,elena,24,WS,around,1
7387,elena,24,WS,at,1
7387,elena,24,WS,away,1
7387,elena,24,WS,back,1
7387,elena,24,WS,behind,1
7387,elena,24,WS,beside,0
7387,elena,24,WS,by,1
7387,elena,24,WS,down,1
7387,elena,24,WS,for,1
7387,elena,24,WS,here,1
7387,elena,24,WS,inside/in,1
7387,elena,24,WS,into,1
7387,elena,24,WS,next to,1
7387,elena,24,WS,of,1
7387,elena,24,WS,off,1
7387,elena,24,WS,on,1
7387,elena,24,WS,on top of,1
7387,elena,24,WS,out,1
7387,elena,24,WS,over,1
7387,elena,24,WS,there,1
7387,elena,24,WS,to,1
7387,elena,24,WS,under,1
7387,elena,24,WS,up,1
7387,elena,24,WS,with,1
7387,elena,24,WS,a,1
7387,elena,24,WS,all,1
7387,elena,24,WS,a lot,1
7387,elena,24,WS,an,0
7387,elena,24,WS,another,1
7387,elena,24,WS,any,1
7387,elena,24,WS,each,0
7387,elena,24,WS,every,1
7387,elena,24,WS,more,1
7387,elena,24,WS,much,1
7387,elena,24,WS,not,1
7387,elena,24,WS,none,1
7387,elena,24,WS,other,1
7387,elena,24,WS,same,0
7387,elena,24,WS,some,1
7387,elena,24,WS,the,1
7387,elena,24,WS,too,1
7387,elena,24,WS,am,1
7387,elena,24,WS,are,1
7387,elena,24,WS,be,1
7387,elena,24,WS,can (auxiliary),1
7387,elena,24,WS,could,0
7387,elena,24,WS,did/did ya,1
7387,elena,24,WS,do,1
7387,elena,24,WS,does,1
7387,elena,24,WS,don't,1
7387,elena,24,WS,gonna/going to,1
7387,elena,24,WS,gotta/got to,1
7387,elena,24,WS,hafta/have to,1
7387,elena,24,WS,is,1
7387,elena,24,WS,lemme/let me,1
7387,elena,24,WS,need/need to,1
7387,elena,24,WS,try/try to,1
7387,elena,24,WS,wanna/want to,1
7387,elena,24,WS,was,1
7387,elena,24,WS,were,1
7387,elena,24,WS,will,0
7387,elena,24,WS,would,0
7387,elena,24,WS,and,1
7387,elena,24,WS,because,0
7387,elena,24,WS,but,0
7387,elena,24,WS,if,0
7387,elena,24,WS,so,0
7387,elena,24,WS,then,0
7390,elena,24,WS,baa baa,1
7390,elena,24,WS,choo choo,1
7390,elena,24,WS,cock-a-doodle-doo,1
7390,elena,24,WS,grrr,1
7390,elena,24,WS,meow,1
7390,elena,24,WS,moo,1
7390,elena,24,WS,ouch,1
7390,elena,24,WS,quack quack,1
7390,elena,24,WS,uh oh,1
7390,elena,24,WS,vroom,1
7390,elena,24,WS,woof woof,1
7390,elena,24,WS,yum yum,1
7390,elena,24,WS,alligator,1
7390,elena,24,WS,animal,1
7390,elena,24,WS,ant,1
7390,elena,24,WS,bear,1
7390,elena,24,WS,bee,1
7390,elena,24,WS,bird,1
7390,elena,24,WS,bug,1
7390,elena,24,WS,bunny,1
7390,elena,24,WS,butterfly,1
7390,elena,24,WS,cat,1
7390,elena,24,WS,chicken (animal),1
7390,elena,24,WS,cow,1
7390,elena,24,WS,deer,1
7390,elena,24,WS,dog,1
7390,elena,24,WS,donkey,1
7390,elena,24,WS,duck,1
7390,elena,24,WS,elephant,1
7390,elena,24,WS,fish (animal),1
7390,elena,24,WS,frog,1
7390,elena,24,WS,giraffe,1
7390,elena,24,WS,goose,1
7390,elena,24,WS,hen,0
7390,elena,24,WS,horse,1
7390,elena,24,WS,kitty,1
7390,elena,24,WS,lamb,0
7390,elena,24,WS,lion,1
7390,elena,24,WS,monkey,1
7390,elena,24,WS,moose,0
7390,elena,24,WS,mouse,1
7390,elena,24,WS,owl,1
7390,elena,24,WS,penguin,1
7390,elena,24,WS,pig,1
7390,elena,24,WS,pony,1
7390,elena,24,WS,puppy,1
7390,elena,24,WS,rooster,1
7390,elena,24,WS,sheep,1
7390,elena,24,WS,squirrel,1
7390,elena,24,WS,teddy bear,1
7390,elena,24,WS,tiger,1
7390,elena,24,WS,turkey,0
7390,elena,24,WS,turtle,1
7390,elena,24,WS,wolf,0
7390,elena,24,WS,zebra,1
7390,elena,24,WS,airplane,1
7390,elena,24,WS,bicycle,1
7390,elena,24,WS,boat,1
7390,elena,24,WS,bus,1
7390,elena,24,WS,car,1
7390,elena,24,WS,fire truck,1
7390,elena,24,WS,helicopter,1
7390,elena,24,WS,motorcycle,1
7390,elena,24,WS,sled,0
7390,elena,24,WS,stroller,1
7390,elena,24,WS,tractor,1
7390,elena,24,WS,train,1
7390,elena,24,WS,tricycle,1
7390,elena,24,WS,truck,1
7390,elena,24,WS,ball,1
7390,elena,24,WS,balloon,1
7390,elena,24,WS,bat,1
7390,elena,24,WS,block,1
7390,elena,24,WS,book,1
7390,elena,24,WS,bubbles,1
7390,elena,24,WS,chalk,1
7390,elena,24,WS,crayon,1
7390,elena,24,WS,doll,0
7390,elena,24,WS,game,0
7390,elena,24,WS,glue,0
7390,elena,24,WS,pen,0
7390,elena,24,WS,pencil,1
7390,elena,24,WS,play dough,0
7390,elena,24,WS,present,1
7390,elena,24,WS,puzzle,1
7390,elena,24,WS,story,1
7390,elena,24,WS,toy (object),1
7390,elena,24,WS,apple,1
7390,elena,24,WS,apple sauce,1
7390,elena,24,WS,banana,1
7390,elena,24,WS,beans,0
7390,elena,24,WS,bread,1
7390,elena,24,WS,butter,1
7390,elena,24,WS,cake,1
7390,elena,24,WS,candy,1
7390,elena,24,WS,carrots,1
7390,elena,24,WS,cereal,1
7390,elena,24,WS,cheerios,0
7390,elena,24,WS,cheese,1
7390,elena,24,WS,chicken (food),1
7390,elena,24,WS,chocolate,1
7390,elena,24,WS,coffee,1
7390,elena,24,WS,coke,0
7390,elena,24,WS,cookie,1
7390,elena,24,WS,corn,1
7390,elena,24,WS,cracker,1
7390,elena,24,WS,donut,0
7390,elena,24,WS,drink (beverage),0
7390,elena,24,WS,egg,1
7390,elena,24,WS,fish (food),1
7390,elena,24,WS,food,1
7390,elena,24,WS,french fries,1
7390,elena,24,WS,grapes,1
7390,elena,24,WS,green beans,0
7390,elena,24,WS,gum,0
7390,elena,24,WS,hamburger,0
7390,elena,24,WS,ice,1
7390,elena,24,WS,ice cream,1
7390,elena,24,WS,jello,0
7390,elena,24,WS,jelly,1
7390,elena,24,WS,juice,1
7390,elena,24,WS,lollipop,1
7390,elena,24,WS,meat,0
7390,elena,24,WS,melon,0
7390,elena,24,WS,milk,1
7390,elena,24,WS,muffin,0
7390,elena,24,WS,noodles,1
7390,elena,24,WS,nuts,0
7390,elena,24,WS,orange (food),1
7390,elena,24,WS,pancakes,1
7390,elena,24,WS,peanut butter,1
7390,elena,24,WS,peas,0
7390,elena,24,WS,pickle,1
7390,elena,24,WS,pizza,1
7390,elena,24,WS,popcorn,1
7390,elena,24,WS,popsicle,1
7390,elena,24,WS,potato,0
7390,elena,24,WS,potato chips,1
7390,elena,24,WS,pretzel,1
7390,elena,24,WS,pudding,0
7390,elena,24,WS,pumpkin,1
7390,elena,24,WS,raisin,1
7390,elena,24,WS,salt,0
7390,elena,24,WS,sandwich,0
7390,elena,24,WS,sauce,0
7390,elena,24,WS,soda/pop,0
7390,elena,24,WS,soup,0
7390,elena,24,WS,spaghetti,0
7390,elena,24,WS,strawberry,1
7390,elena,24,WS,toast,1
7390,elena,24,WS,tuna,1
7390,elena,24,WS,vanilla,0
7390,elena,24,WS,vitamins,1
7390,elena,24,WS,water (beverage),1
7390,elena,24,WS,yogurt,1
7390,elena,24,WS,beads,0
7390,elena,24,WS,belt,1
7390,elena,24,WS,bib,0
7390,elena,24,WS,boots,1
7390,elena,24,WS,button,1
7390,elena,24,WS,coat,0
7390,elena,24,WS,diaper,1
7390,elena,24,WS,dress (object),1
7390,elena,24,WS,gloves,0
7390,elena,24,WS,hat,1
7390,elena,24,WS,jacket,1
7390,elena,24,WS,jeans,0
7390,elena,24,WS,mittens,0
7390,elena,24,WS,necklace,1
7390,elena,24,WS,pajamas,1
7390,elena,24,WS,pants,1
7390,elena,24,WS,scarf,1
7390,elena,24,WS,shirt,1
7390,elena,24,WS,shoe,1
7390,elena,24,WS,shorts,0
7390,elena,24,WS,slipper,1
7390,elena,24,WS,sneaker,0
7390,elena,24,WS,snowsuit,0
7390,elena,24,WS,sock,1
7390,elena,24,WS,sweater,0
7390,elena,24,WS,tights,0
7390,elena,24,WS,underpants,1
7390,elena,24,WS,zipper,1
7390,elena,24,WS,ankle,0
7390,elena,24,WS,arm,1
7390,elena,24,WS,belly button,1
7390,elena,24,WS,buttocks/bottom*,1
7390,elena,24,WS,cheek,1
7390,elena,24,WS,chin,1
7390,elena,24,WS,ear,1
7390,elena,24,WS,eye,1
7390,elena,24,WS,face,0
7390,elena,24,WS,foot,1
7390,elena,24,WS,finger,1
7390,elena,24,WS,hair,1
7390,elena,24,WS,hand,1
7390,elena,24,WS,head,1
7390,elena,24,WS,knee,1
7390,elena,24,WS,leg,1
7390,elena,24,WS,lips,1
7390,elena,24,WS,mouth,0
7390,elena,24,WS,nose,1
7390,elena,24,WS,owie/boo boo,1
7390,elena,24,WS,penis*,0
7390,elena,24,WS,shoulder,0
7390,elena,24,WS,tooth,1
7390,elena,24,WS,toe,1
7390,elena,24,WS,tongue,0
7390,elena,24,WS,tummy,1
7390,elena,24,WS,vagina*,0
7390,elena,24,WS,basket,1
7390,elena,24,WS,blanket,1
7390,elena,24,WS,bottle,0
7390,elena,24,WS,box,1
7390,elena,24,WS,bowl,1
7390,elena,24,WS,broom,0
7390,elena,24,WS,brush,1
7390,elena,24,WS,bucket,1
7390,elena,24,WS,camera,1
7390,elena,24,WS,can (object),0
7390,elena,24,WS,clock,1
7390,elena,24,WS,comb,0
7390,elena,24,WS,cup,1
7390,elena,24,WS,dish,0
7390,elena,24,WS,fork,1
7390,elena,24,WS,garbage,1
7390,elena,24,WS,glass,0
7390,elena,24,WS,glasses,1
7390,elena,24,WS,hammer,0
7390,elena,24,WS,jar,0
7390,elena,24,WS,keys,1
7390,elena,24,WS,knife,1
7390,elena,24,WS,lamp,0
7390,elena,24,WS,light,0
7390,elena,24,WS,medicine,1
7390,elena,24,WS,money,1
7390,elena,24,WS,mop,0
7390,elena,24,WS,nail,0
7390,elena,24,WS,napkin,0
7390,elena,24,WS,paper,1
7390,elena,24,WS,penny,0
7390,elena,24,WS,picture,1
7390,elena,24,WS,pillow,1
7390,elena,24,WS,plant,0
7390,elena,24,WS,plate,1
7390,elena,24,WS,purse,1
7390,elena,24,WS,radio,0
7390,elena,24,WS,scissors,1
7390,elena,24,WS,soap,1
7390,elena,24,WS,spoon,1
7390,elena,24,WS,tape,1
7390,elena,24,WS,telephone,1
7390,elena,24,WS,tissue/kleenex,0
7390,elena,24,WS,toothbrush,1
7390,elena,24,WS,towel,1
7390,elena,24,WS,trash,0
7390,elena,24,WS,tray,0
7390,elena,24,WS,vacuum,1
7390,elena,24,WS,walker,0
7390,elena,24,WS,watch (object),1
7390,elena,24,WS,basement,0
7390,elena,24,WS,bathroom,1
7390,elena,24,WS,bathtub,1
7390,elena,24,WS,bed,1
7390,elena,24,WS,bedroom,1
7390,elena,24,WS,bench,0
7390,elena,24,WS,chair,1
7390,elena,24,WS,closet,0
7390,elena,24,WS,couch,1
7390,elena,24,WS,crib,0
7390,elena,24,WS,door,1
7390,elena,24,WS,drawer,0
7390,elena,24,WS,dryer,0
7390,elena,24,WS,garage,0
7390,elena,24,WS,high chair,1
7390,elena,24,WS,kitchen,1
7390,elena,24,WS,living room,0
7390,elena,24,WS,oven,0
7390,elena,24,WS,play pen,0
7390,elena,24,WS,porch,0
7390,elena,24,WS,potty,1
7390,elena,24,WS,refrigerator,1
7390,elena,24,WS,rocking chair,0
7390,elena,24,WS,room,1
7390,elena,24,WS,shower,0
7390,elena,24,WS,sink,1
7390,elena,24,WS,sofa,0
7390,elena,24,WS,stairs,1
7390,elena,24,WS,stove,0
7390,elena,24,WS,table,1
7390,elena,24,WS,TV,1
7390,elena,24,WS,washing machine,0
7390,elena,24,WS,window,1
7390,elena,24,WS,backyard,1
7390,elena,24,WS,cloud,1
7390,elena,24,WS,flag,0
7390,elena,24,WS,flower,1
7390,elena,24,WS,garden,1
7390,elena,24,WS,grass,1
7390,elena,24,WS,hose,1
7390,elena,24,WS,ladder,0
7390,elena,24,WS,lawn mower,1
7390,elena,24,WS,moon,1
7390,elena,24,WS,pool,1
7390,elena,24,WS,rain,1
7390,elena,24,WS,rock,1
7390,elena,24,WS,roof,1
7390,elena,24,WS,sandbox,1
7390,elena,24,WS,shovel,1
7390,elena,24,WS,sidewalk,0
7390,elena,24,WS,sky,1
7390,elena,24,WS,slide (object),1
7390,elena,24,WS,snow,0
7390,elena,24,WS,snowman,1
7390,elena,24,WS,sprinkler,0
7390,elena,24,WS,star,1
7390,elena,24,WS,stick,1
7390,elena,24,WS,stone,0
7390,elena,24,WS,street,0
7390,elena,24,WS,sun,1
7390,elena,24,WS,swing (object),1
7390,elena,24,WS,tree,1
7390,elena,24,WS,water (not beverage),1
7390,elena,24,WS,wind,1
7390,elena,24,WS,beach,1
7390,elena,24,WS,camping,1
7390,elena,24,WS,church*,0
7390,elena,24,WS,circus,0
7390,elena,24,WS,country,0
7390,elena,24,WS,downtown,0
7390,elena,24,WS,farm,1
7390,elena,24,WS,gas station,0
7390,elena,24,WS,home,0
7390,elena,24,WS,house,1
7390,elena,24,WS,movie,1
7390,elena,24,WS,outside,1
7390,elena,24,WS,park,1
7390,elena,24,WS,party,0
7390,elena,24,WS,picnic,0
7390,elena,24,WS,playground,1
7390,elena,24,WS,school,1
7390,elena,24,WS,store,1
7390,elena,24,WS,woods,0
7390,elena,24,WS,work (place),1
7390,elena,24,WS,yard,0
7390,elena,24,WS,zoo,0
7390,elena,24,WS,aunt,1
7390,elena,24,WS,baby,1
7390,elena,24,WS,babysitter,0
7390,elena,24,WS,babysitter's name,0
7390,elena,24,WS,boy,1
7390,elena,24,WS,brother,0
7390,elena,24,WS,child,0
7390,elena,24,WS,clown,0
7390,elena,24,WS,cowboy,0
7390,elena,24,WS,daddy*,1
7390,elena,24,WS,doctor,1
7390,elena,24,WS,fireman,1
7390,elena,24,WS,friend,0
7390,elena,24,WS,girl,1
7390,elena,24,WS,grandma*,1
7390,elena,24,WS,grandpa*,1
7390,elena,24,WS,lady,0
7390,elena,24,WS,mailman,0
7390,elena,24,WS,man,0
7390,elena,24,WS,mommy*,1
7390,elena,24,WS,nurse,0
7390,elena,24,WS,child's own name,1
7390,elena,24,WS,people,0
7390,elena,24,WS,person,0
7390,elena,24,WS,pet's name,1
7390,elena,24,WS,police,0
7390,elena,24,WS,sister,0
7390,elena,24,WS,teacher,1
7390,elena,24,WS,uncle,1
7390,elena,24,WS,bath,1
7390,elena,24,WS,breakfast,1
7390,elena,24,WS,bye,1
7390,elena,24,WS,call (on phone),1
7390,elena,24,WS,dinner,1
7390,elena,24,WS,gimme five,0
7390,elena,24,WS,gonna get you,0
7390,elena,24,WS,go potty,1
7390,elena,24,WS,hi,1
7390,elena,24,WS,hello,1
7390,elena,24,WS,lunch,1
7390,elena,24,WS,nap,1
7390,elena,24,WS,night night,1
7390,elena,24,WS,no,1
7390,elena,24,WS,patty cake,1
7390,elena,24,WS,peekaboo,1
7390,elena,24,WS,please,1
7390,elena,24,WS,shh/shush/hush,1
7390,elena,24,WS,shopping,1
7390,elena,24,WS,snack,1
7390,elena,24,WS,so big,1
7390,elena,24,WS,thank you,1
7390,elena,24,WS,this little piggy,0
7390,elena,24,WS,turn around,0
7390,elena,24,WS,yes,1
7390,elena,24,WS,bite,1
7390,elena,24,WS,blow,1
7390,elena,24,WS,break,0
7390,elena,24,WS,bring,0
7390,elena,24,WS,build,0
7390,elena,24,WS,bump,0
7390,elena,24,WS,buy,0
7390,elena,24,WS,carry,0
7390,elena,24,WS,catch,0
7390,elena,24,WS,chase,0
7390,elena,24,WS,clap,1
7390,elena,24,WS,clean (action),1
7390,elena,24,WS,climb,1
7390,elena,24,WS,close,1
7390,elena,24,WS,cook,1
7390,elena,24,WS,cover,0
7390,elena,24,WS,cry,1
7390,elena,24,WS,cut,0
7390,elena,24,WS,dance,1
7390,elena,24,WS,draw,1
7390,elena,24,WS,drink (action),1
7390,elena,24,WS,drive,1
7390,elena,24,WS,drop,0
7390,elena,24,WS,dry (action),1
7390,elena,24,WS,dump,0
7390,elena,24,WS,eat,1
7390,elena,24,WS,fall,1
7390,elena,24,WS,feed,0
7390,elena,24,WS,find,0
7390,elena,24,WS,finish,0
7390,elena,24,WS,fit,0
7390,elena,24,WS,fix,1
7390,elena,24,WS,get,0
7390,elena,24,WS,give,1
7390,elena,24,WS,go,0
7390,elena,24,WS,hate,0
7390,elena,24,WS,have,1
7390,elena,24,WS,hear,1
7390,elena,24,WS,help,1
7390,elena,24,WS,hide,1
7390,elena,24,WS,hit,1
7390,elena,24,WS,hold,1
7390,elena,24,WS,hug,1
7390,elena,24,WS,hurry,0
7390,elena,24,WS,jump,1
7390,elena,24,WS,kick,1
7390,elena,24,WS,kiss,1
7390,elena,24,WS,knock,1
7390,elena,24,WS,lick,1
7390,elena,24,WS,like,0
7390,elena,24,WS,listen,1
7390,elena,24,WS,look,1
7390,elena,24,WS,love,1
7390,elena,24,WS,make,0
7390,elena,24,WS,open,1
7390,elena,24,WS,paint,1
7390,elena,24,WS,pick,0
7390,elena,24,WS,play,1
7390,elena,24,WS,pour,0
7390,elena,24,WS,pretend,0
7390,elena,24,WS,pull,0
7390,elena,24,WS,push,0
7390,elena,24,WS,put,0
7390,elena,24,WS,read,1
7390,elena,24,WS,ride,1
7390,elena,24,WS,rip,0
7390,elena,24,WS,run,1
7390,elena,24,WS,say,0
7390,elena,24,WS,see,1
7390,elena,24,WS,shake,0
7390,elena,24,WS,share,0
7390,elena,24,WS,show,0
7390,elena,24,WS,sing,1
7390,elena,24,WS,sit,1
7390,elena,24,WS,skate,0
7390,elena,24,WS,sleep,1
7390,elena,24,WS,slide (action),1
7390,elena,24,WS,smile,0
7390,elena,24,WS,spill,0
7390,elena,24,WS,splash,1
7390,elena,24,WS,stand,0
7390,elena,24,WS,stay,0
7390,elena,24,WS,stop,1
7390,elena,24,WS,sweep,0
7390,elena,24,WS,swim,1
7390,elena,24,WS,swing (action),1
7390,elena,24,WS,take,0
7390,elena,24,WS,talk,1
7390,elena,24,WS,taste,0
7390,elena,24,WS,tear,0
7390,elena,24,WS,think,0
7390,elena,24,WS,throw,1
7390,elena,24,WS,tickle,1
7390,elena,24,WS,touch,0
7390,elena,24,WS,wait,1
7390,elena,24,WS,wake,1
7390,elena,24,WS,walk,0
7390,elena,24,WS,wash,1
7390,elena,24,WS,watch (action),0
7390,elena,24,WS,wipe,0
7390,elena,24,WS,wish,0
7390,elena,24,WS,work (action),1
7390,elena,24,WS,write,0
7390,elena,24,WS,all gone,0
7390,elena,24,WS,asleep,1
7390,elena,24,WS,awake,1
7390,elena,24,WS,bad,1
7390,elena,24,WS,better,0
7390,elena,24,WS,big,1
7390,elena,24,WS,black,1
7390,elena,24,WS,blue,1
7390,elena,24,WS,broken,1
7390,elena,24,WS,brown,0
7390,elena,24,WS,careful,0
7390,elena,24,WS,clean (description),1
7390,elena,24,WS,cold,1
7390,elena,24,WS,cute,1
7390,elena,24,WS,dark,1
7390,elena,24,WS,dirty,1
7390,elena,24,WS,dry (description),1
7390,elena,24,WS,empty,0
7390,elena,24,WS,fast,1
7390,elena,24,WS,fine,0
7390,elena,24,WS,first,0
7390,elena,24,WS,full,0
7390,elena,24,WS,gentle,0
7390,elena,24,WS,good,1
7390,elena,24,WS,green,1
7390,elena,24,WS,happy,1
7390,elena,24,WS,hard,0
7390,elena,24,WS,heavy,1
7390,elena,24,WS,high,0
7390,elena,24,WS,hot,1
7390,elena,24,WS,hungry,1
7390,elena,24,WS,hurt,1
7390,elena,24,WS,last,0
7390,elena,24,WS,little (description),1
7390,elena,24,WS,long,0
7390,elena,24,WS,loud,1
7390,elena,24,WS,mad,0
7390,elena,24,WS,naughty,0
7390,elena,24,WS,new,0
7390,elena,24,WS,nice,0
7390,elena,24,WS,noisy,1
7390,elena,24,WS,old,0
7390,elena,24,WS,orange (description),1
7390,elena,24,WS,poor,0
7390,elena,24,WS,pretty,1
7390,elena,24,WS,quiet,1
7390,elena,24,WS,red,1
7390,elena,24,WS,sad,1
7390,elena,24,WS,scared,1
7390,elena,24,WS,sick,0
7390,elena,24,WS,sleepy,1
7390,elena,24,WS,slow,1
7390,elena,24,WS,soft,0
7390,elena,24,WS,sticky,0
7390,elena,24,WS,stuck,1
7390,elena,24,WS,thirsty,1
7390,elena,24,WS,tiny,0
7390,elena,24,WS,tired,0
7390,elena,24,WS,wet,1
7390,elena,24,WS,white,1
7390,elena,24,WS,windy,1
7390,elena,24,WS,yellow,1
7390,elena,24,WS,yucky,1
7390,elena,24,WS,after,0
7390,elena,24,WS,before,0
7390,elena,24,WS,day,0
7390,elena,24,WS,later,0
7390,elena,24,WS,morning,0
7390,elena,24,WS,night,0
7390,elena,24,WS,now,0
7390,elena,24,WS,time,1
7390,elena,24,WS,today,0
7390,elena,24,WS,tomorrow,0
7390,elena,24,WS,tonight,0
7390,elena,24,WS,yesterday,0
7390,elena,24,WS,he,0
7390,elena,24,WS,her,0
7390,elena,24,WS,hers,0
7390,elena,24,WS,him,0
7390,elena,24,WS,his,0
7390,elena,24,WS,I,0
7390,elena,24,WS,it,0
7390,elena,24,WS,me,0
7390,elena,24,WS,mine,1
7390,elena,24,WS,my,0
7390,elena,24,WS,myself,0
7390,elena,24,WS,our,0
7390,elena,24,WS,she,0
7390,elena,24,WS,that,0
7390,elena,24,WS,their,0
7390,elena,24,WS,them,0
7390,elena,24,WS,these,0
7390,elena,24,WS,they,0
7390,elena,24,WS,this,1
7390,elena,24,WS,those,0
7390,elena,24,WS,us,0
7390,elena,24,WS,we,0
7390,elena,24,WS,you,1
7390,elena,24,WS,your,0
7390,elena,24,WS,yourself,0
7390,elena,24,WS,how,0
7390,elena,24,WS,what,1
7390,elena,24,WS,when,0
7390,elena,24,WS,where,1
7390,elena,24,WS,which,0
7390,elena,24,WS,who,1
7390,elena,24,WS,why,0
7390,elena,24,WS,about,0
7390,elena,24,WS,above,0
7390,elena,24,WS,around,0
7390,elena,24,WS,at,0
7390,elena,24,WS,away,0
7390,elena,24,WS,back,0
7390,elena,24,WS,behind,0
7390,elena,24,WS,beside,0
7390,elena,24,WS,by,0
7390,elena,24,WS,down,1
7390,elena,24,WS,for,0
7390,elena,24,WS,here,0
7390,elena,24,WS,inside/in,1
7390,elena,24,WS,into,0
7390,elena,24,WS,next to,0
7390,elena,24,WS,of,0
7390,elena,24,WS,off,1
7390,elena,24,WS,on,1
7390,elena,24,WS,on top of,0
7390,elena,24,WS,out,0
7390,elena,24,WS,over,0
7390,elena,24,WS,there,0
7390,elena,24,WS,to,0
7390,elena,24,WS,under,0
7390,elena,24,WS,up,1
7390,elena,24,WS,with,0
7390,elena,24,WS,a,0
7390,elena,24,WS,all,1
7390,elena,24,WS,a lot,0
7390,elena,24,WS,an,0
7390,elena,24,WS,another,0
7390,elena,24,WS,any,0
7390,elena,24,WS,each,0
7390,elena,24,WS,every,0
7390,elena,24,WS,more,1
7390,elena,24,WS,much,0
7390,elena,24,WS,not,0
7390,elena,24,WS,none,0
7390,elena,24,WS,other,0
7390,elena,24,WS,same,0
7390,elena,24,WS,some,1
7390,elena,24,WS,the,1
7390,elena,24,WS,too,1
7390,elena,24,WS,am,0
7390,elena,24,WS,are,0
7390,elena,24,WS,be,0
7390,elena,24,WS,can (auxiliary),0
7390,elena,24,WS,could,0
7390,elena,24,WS,did/did ya,0
7390,elena,24,WS,do,0
7390,elena,24,WS,does,0
7390,elena,24,WS,don't,0
7390,elena,24,WS,gonna/going to,0
7390,elena,24,WS,gotta/got to,0
7390,elena,24,WS,hafta/have to,0
7390,elena,24,WS,is,0
7390,elena,24,WS,lemme/let me,0
7390,elena,24,WS,need/need to,0
7390,elena,24,WS,try/try to,0
7390,elena,24,WS,wanna/want to,0
7390,elena,24,WS,was,0
7390,elena,24,WS,were,0
7390,elena,24,WS,will,0
7390,elena,24,WS,would,0
7390,elena,24,WS,and,0
7390,elena,24,WS,because,0
7390,elena,24,WS,but,0
7390,elena,24,WS,if,0
7390,elena,24,WS,so,0
7390,elena,24,WS,then,0
7425,elena,24,WS,baa baa,1
7425,elena,24,WS,choo choo,1
7425,elena,24,WS,cock-a-doodle-doo,1
7425,elena,24,WS,grrr,1
7425,elena,24,WS,meow,1
7425,elena,24,WS,moo,1
7425,elena,24,WS,ouch,1
7425,elena,24,WS,quack quack,1
7425,elena,24,WS,uh oh,1
7425,elena,24,WS,vroom,1
7425,elena,24,WS,woof woof,1
7425,elena,24,WS,yum yum,1
7425,elena,24,WS,alligator,1
7425,elena,24,WS,animal,0
7425,elena,24,WS,ant,1
7425,elena,24,WS,bear,1
7425,elena,24,WS,bee,1
7425,elena,24,WS,bird,1
7425,elena,24,WS,bug,1
7425,elena,24,WS,bunny,1
7425,elena,24,WS,butterfly,1
7425,elena,24,WS,cat,1
7425,elena,24,WS,chicken (animal),1
7425,elena,24,WS,cow,1
7425,elena,24,WS,deer,1
7425,elena,24,WS,dog,1
7425,elena,24,WS,donkey,1
7425,elena,24,WS,duck,1
7425,elena,24,WS,elephant,1
7425,elena,24,WS,fish (animal),1
7425,elena,24,WS,frog,1
7425,elena,24,WS,giraffe,1
7425,elena,24,WS,goose,0
7425,elena,24,WS,hen,0
7425,elena,24,WS,horse,1
7425,elena,24,WS,kitty,1
7425,elena,24,WS,lamb,0
7425,elena,24,WS,lion,1
7425,elena,24,WS,monkey,1
7425,elena,24,WS,moose,1
7425,elena,24,WS,mouse,1
7425,elena,24,WS,owl,1
7425,elena,24,WS,penguin,1
7425,elena,24,WS,pig,1
7425,elena,24,WS,pony,0
7425,elena,24,WS,puppy,1
7425,elena,24,WS,rooster,1
7425,elena,24,WS,sheep,1
7425,elena,24,WS,squirrel,1
7425,elena,24,WS,teddy bear,1
7425,elena,24,WS,tiger,1
7425,elena,24,WS,turkey,1
7425,elena,24,WS,turtle,1
7425,elena,24,WS,wolf,1
7425,elena,24,WS,zebra,1
7425,elena,24,WS,airplane,1
7425,elena,24,WS,bicycle,1
7425,elena,24,WS,boat,1
7425,elena,24,WS,bus,1
7425,elena,24,WS,car,1
7425,elena,24,WS,fire truck,1
7425,elena,24,WS,helicopter,1
7425,elena,24,WS,motorcycle,1
7425,elena,24,WS,sled,0
7425,elena,24,WS,stroller,1
7425,elena,24,WS,tractor,1
7425,elena,24,WS,train,1
7425,elena,24,WS,tricycle,0
7425,elena,24,WS,truck,1
7425,elena,24,WS,ball,1
7425,elena,24,WS,balloon,1
7425,elena,24,WS,bat,0
7425,elena,24,WS,block,1
7425,elena,24,WS,book,1
7425,elena,24,WS,bubbles,1
7425,elena,24,WS,chalk,1
7425,elena,24,WS,crayon,1
7425,elena,24,WS,doll,1
7425,elena,24,WS,game,0
7425,elena,24,WS,glue,0
7425,elena,24,WS,pen,0
7425,elena,24,WS,pencil,1
7425,elena,24,WS,play dough,1
7425,elena,24,WS,present,1
7425,elena,24,WS,puzzle,1
7425,elena,24,WS,story,1
7425,elena,24,WS,toy (object),0
7425,elena,24,WS,apple,1
7425,elena,24,WS,apple sauce,0
7425,elena,24,WS,banana,1
7425,elena,24,WS,beans,1
7425,elena,24,WS,bread,1
7425,elena,24,WS,butter,0
7425,elena,24,WS,cake,1
7425,elena,24,WS,candy,0
7425,elena,24,WS,carrots,1
7425,elena,24,WS,cereal,1
7425,elena,24,WS,cheerios,1
7425,elena,24,WS,cheese,1
7425,elena,24,WS,chicken (food),1
7425,elena,24,WS,chocolate,1
7425,elena,24,WS,coffee,0
7425,elena,24,WS,coke,0
7425,elena,24,WS,cookie,1
7425,elena,24,WS,corn,1
7425,elena,24,WS,cracker,1
7425,elena,24,WS,donut,1
7425,elena,24,WS,drink (beverage),1
7425,elena,24,WS,egg,1
7425,elena,24,WS,fish (food),1
7425,elena,24,WS,food,1
7425,elena,24,WS,french fries,0
7425,elena,24,WS,grapes,1
7425,elena,24,WS,green beans,1
7425,elena,24,WS,gum,1
7425,elena,24,WS,hamburger,1
7425,elena,24,WS,ice,1
7425,elena,24,WS,ice cream,1
7425,elena,24,WS,jello,0
7425,elena,24,WS,jelly,0
7425,elena,24,WS,juice,1
7425,elena,24,WS,lollipop,0
7425,elena,24,WS,meat,1
7425,elena,24,WS,melon,1
7425,elena,24,WS,milk,1
7425,elena,24,WS,muffin,1
7425,elena,24,WS,noodles,1
7425,elena,24,WS,nuts,0
7425,elena,24,WS,orange (food),1
7425,elena,24,WS,pancakes,1
7425,elena,24,WS,peanut butter,1
7425,elena,24,WS,peas,1
7425,elena,24,WS,pickle,1
7425,elena,24,WS,pizza,0
7425,elena,24,WS,popcorn,0
7425,elena,24,WS,popsicle,0
7425,elena,24,WS,potato,0
7425,elena,24,WS,potato chips,0
7425,elena,24,WS,pretzel,0
7425,elena,24,WS,pudding,0
7425,elena,24,WS,pumpkin,1
7425,elena,24,WS,raisin,1
7425,elena,24,WS,salt,0
7425,elena,24,WS,sandwich,1
7425,elena,24,WS,sauce,0
7425,elena,24,WS,soda/pop,0
7425,elena,24,WS,soup,0
7425,elena,24,WS,spaghetti,0
7425,elena,24,WS,strawberry,1
7425,elena,24,WS,toast,0
7425,elena,24,WS,tuna,0
7425,elena,24,WS,vanilla,0
7425,elena,24,WS,vitamins,0
7425,elena,24,WS,water (beverage),1
7425,elena,24,WS,yogurt,1
7425,elena,24,WS,beads,1
7425,elena,24,WS,belt,0
7425,elena,24,WS,bib,1
7425,elena,24,WS,boots,0
7425,elena,24,WS,button,1
7425,elena,24,WS,coat,1
7425,elena,24,WS,diaper,1
7425,elena,24,WS,dress (object),1
7425,elena,24,WS,gloves,0
7425,elena,24,WS,hat,1
7425,elena,24,WS,jacket,1
7425,elena,24,WS,jeans,0
7425,elena,24,WS,mittens,1
7425,elena,24,WS,necklace,1
7425,elena,24,WS,pajamas,1
7425,elena,24,WS,pants,1
7425,elena,24,WS,scarf,0
7425,elena,24,WS,shirt,1
7425,elena,24,WS,shoe,1
7425,elena,24,WS,shorts,0
7425,elena,24,WS,slipper,0
7425,elena,24,WS,sneaker,0
7425,elena,24,WS,snowsuit,0
7425,elena,24,WS,sock,1
7425,elena,24,WS,sweater,0
7425,elena,24,WS,tights,0
7425,elena,24,WS,underpants,0
7425,elena,24,WS,zipper,1
7425,elena,24,WS,ankle,0
7425,elena,24,WS,arm,1
7425,elena,24,WS,belly button,1
7425,elena,24,WS,buttocks/bottom*,1
7425,elena,24,WS,cheek,1
7425,elena,24,WS,chin,1
7425,elena,24,WS,ear,1
7425,elena,24,WS,eye,1
7425,elena,24,WS,face,1
7425,elena,24,WS,foot,1
7425,elena,24,WS,finger,1
7425,elena,24,WS,hair,1
7425,elena,24,WS,hand,1
7425,elena,24,WS,head,1
7425,elena,24,WS,knee,1
7425,elena,24,WS,leg,1
7425,elena,24,WS,lips,1
7425,elena,24,WS,mouth,1
7425,elena,24,WS,nose,1
7425,elena,24,WS,owie/boo boo,1
7425,elena,24,WS,penis*,0
7425,elena,24,WS,shoulder,0
7425,elena,24,WS,tooth,1
7425,elena,24,WS,toe,1
7425,elena,24,WS,tongue,1
7425,elena,24,WS,tummy,1
7425,elena,24,WS,vagina*,0
7425,elena,24,WS,basket,1
7425,elena,24,WS,blanket,1
7425,elena,24,WS,bottle,1
7425,elena,24,WS,box,1
7425,elena,24,WS,bowl,1
7425,elena,24,WS,broom,1
7425,elena,24,WS,brush,1
7425,elena,24,WS,bucket,1
7425,elena,24,WS,camera,1
7425,elena,24,WS,can (object),0
7425,elena,24,WS,clock,1
7425,elena,24,WS,comb,0
7425,elena,24,WS,cup,1
7425,elena,24,WS,dish,0
7425,elena,24,WS,fork,1
7425,elena,24,WS,garbage,1
7425,elena,24,WS,glass,0
7425,elena,24,WS,glasses,0
7425,elena,24,WS,hammer,0
7425,elena,24,WS,jar,0
7425,elena,24,WS,keys,1
7425,elena,24,WS,knife,0
7425,elena,24,WS,lamp,0
7425,elena,24,WS,light,1
7425,elena,24,WS,medicine,1
7425,elena,24,WS,money,1
7425,elena,24,WS,mop,0
7425,elena,24,WS,nail,0
7425,elena,24,WS,napkin,0
7425,elena,24,WS,paper,0
7425,elena,24,WS,penny,0
7425,elena,24,WS,picture,0
7425,elena,24,WS,pillow,1
7425,elena,24,WS,plant,0
7425,elena,24,WS,plate,0
7425,elena,24,WS,purse,0
7425,elena,24,WS,radio,0
7425,elena,24,WS,scissors,1
7425,elena,24,WS,soap,1
7425,elena,24,WS,spoon,1
7425,elena,24,WS,tape,0
7425,elena,24,WS,telephone,1
7425,elena,24,WS,tissue/kleenex,1
7425,elena,24,WS,toothbrush,1
7425,elena,24,WS,towel,1
7425,elena,24,WS,trash,0
7425,elena,24,WS,tray,0
7425,elena,24,WS,vacuum,1
7425,elena,24,WS,walker,0
7425,elena,24,WS,watch (object),1
7425,elena,24,WS,basement,0
7425,elena,24,WS,bathroom,1
7425,elena,24,WS,bathtub,1
7425,elena,24,WS,bed,1
7425,elena,24,WS,bedroom,0
7425,elena,24,WS,bench,0
7425,elena,24,WS,chair,1
7425,elena,24,WS,closet,0
7425,elena,24,WS,couch,0
7425,elena,24,WS,crib,1
7425,elena,24,WS,door,1
7425,elena,24,WS,drawer,0
7425,elena,24,WS,dryer,0
7425,elena,24,WS,garage,0
7425,elena,24,WS,high chair,1
7425,elena,24,WS,kitchen,1
7425,elena,24,WS,living room,0
7425,elena,24,WS,oven,0
7425,elena,24,WS,play pen,0
7425,elena,24,WS,porch,0
7425,elena,24,WS,potty,1
7425,elena,24,WS,refrigerator,0
7425,elena,24,WS,rocking chair,0
7425,elena,24,WS,room,0
7425,elena,24,WS,shower,0
7425,elena,24,WS,sink,1
7425,elena,24,WS,sofa,0
7425,elena,24,WS,stairs,1
7425,elena,24,WS,stove,0
7425,elena,24,WS,table,1
7425,elena,24,WS,TV,0
7425,elena,24,WS,washing machine,1
7425,elena,24,WS,window,1
7425,elena,24,WS,backyard,1
7425,elena,24,WS,cloud,1
7425,elena,24,WS,flag,1
7425,elena,24,WS,flower,1
7425,elena,24,WS,garden,0
7425,elena,24,WS,grass,1
7425,elena,24,WS,hose,0
7425,elena,24,WS,ladder,0
7425,elena,24,WS,lawn mower,0
7425,elena,24,WS,moon,1
7425,elena,24,WS,pool,0
7425,elena,24,WS,rain,1
7425,elena,24,WS,rock,1
7425,elena,24,WS,roof,0
7425,elena,24,WS,sandbox,1
7425,elena,24,WS,shovel,0
7425,elena,24,WS,sidewalk,0
7425,elena,24,WS,sky,1
7425,elena,24,WS,slide (object),1
7425,elena,24,WS,snow,1
7425,elena,24,WS,snowman,1
7425,elena,24,WS,sprinkler,0
7425,elena,24,WS,star,1
7425,elena,24,WS,stick,1
7425,elena,24,WS,stone,0
7425,elena,24,WS,street,0
7425,elena,24,WS,sun,1
7425,elena,24,WS,swing (object),1
7425,elena,24,WS,tree,1
7425,elena,24,WS,water (not beverage),1
7425,elena,24,WS,wind,1
7425,elena,24,WS,beach,0
7425,elena,24,WS,camping,1
7425,elena,24,WS,church*,1
7425,elena,24,WS,circus,0
7425,elena,24,WS,country,0
7425,elena,24,WS,downtown,0
7425,elena,24,WS,farm,0
7425,elena,24,WS,gas station,0
7425,elena,24,WS,home,0
7425,elena,24,WS,house,1
7425,elena,24,WS,movie,0
7425,elena,24,WS,outside,1
7425,elena,24,WS,park,1
7425,elena,24,WS,party,0
7425,elena,24,WS,picnic,0
7425,elena,24,WS,playground,0
7425,elena,24,WS,school,0
7425,elena,24,WS,store,0
7425,elena,24,WS,woods,0
7425,elena,24,WS,work (place),0
7425,elena,24,WS,yard,0
7425,elena,24,WS,zoo,1
7425,elena,24,WS,aunt,0
7425,elena,24,WS,baby,1
7425,elena,24,WS,babysitter,0
7425,elena,24,WS,babysitter's name,1
7425,elena,24,WS,boy,0
7425,elena,24,WS,brother,0
7425,elena,24,WS,child,0
7425,elena,24,WS,clown,0
7425,elena,24,WS,cowboy,0
7425,elena,24,WS,daddy*,1
7425,elena,24,WS,doctor,1
7425,elena,24,WS,fireman,0
7425,elena,24,WS,friend,1
7425,elena,24,WS,girl,0
7425,elena,24,WS,grandma*,1
7425,elena,24,WS,grandpa*,1
7425,elena,24,WS,lady,0
7425,elena,24,WS,mailman,0
7425,elena,24,WS,man,0
7425,elena,24,WS,mommy*,1
7425,elena,24,WS,nurse,1
7425,elena,24,WS,child's own name,1
7425,elena,24,WS,people,0
7425,elena,24,WS,person,0
7425,elena,24,WS,pet's name,1
7425,elena,24,WS,police,0
7425,elena,24,WS,sister,0
7425,elena,24,WS,teacher,1
7425,elena,24,WS,uncle,0
7425,elena,24,WS,bath,1
7425,elena,24,WS,breakfast,0
7425,elena,24,WS,bye,1
7425,elena,24,WS,call (on phone),0
7425,elena,24,WS,dinner,0
7425,elena,24,WS,gimme five,0
7425,elena,24,WS,gonna get you,0
7425,elena,24,WS,go potty,1
7425,elena,24,WS,hi,0
7425,elena,24,WS,hello,1
7425,elena,24,WS,lunch,0
7425,elena,24,WS,nap,1
7425,elena,24,WS,night night,1
7425,elena,24,WS,no,1
7425,elena,24,WS,patty cake,0
7425,elena,24,WS,peekaboo,1
7425,elena,24,WS,please,1
7425,elena,24,WS,shh/shush/hush,1
7425,elena,24,WS,shopping,0
7425,elena,24,WS,snack,0
7425,elena,24,WS,so big,1
7425,elena,24,WS,thank you,1
7425,elena,24,WS,this little piggy,0
7425,elena,24,WS,turn around,0
7425,elena,24,WS,yes,1
7425,elena,24,WS,bite,1
7425,elena,24,WS,blow,1
7425,elena,24,WS,break,1
7425,elena,24,WS,bring,0
7425,elena,24,WS,build,0
7425,elena,24,WS,bump,0
7425,elena,24,WS,buy,0
7425,elena,24,WS,carry,1
7425,elena,24,WS,catch,0
7425,elena,24,WS,chase,0
7425,elena,24,WS,clap,1
7425,elena,24,WS,clean (action),1
7425,elena,24,WS,climb,0
7425,elena,24,WS,close,0
7425,elena,24,WS,cook,0
7425,elena,24,WS,cover,0
7425,elena,24,WS,cry,0
7425,elena,24,WS,cut,0
7425,elena,24,WS,dance,0
7425,elena,24,WS,draw,0
7425,elena,24,WS,drink (action),1
7425,elena,24,WS,drive,0
7425,elena,24,WS,drop,0
7425,elena,24,WS,dry (action),0
7425,elena,24,WS,dump,0
7425,elena,24,WS,eat,1
7425,elena,24,WS,fall,0
7425,elena,24,WS,feed,0
7425,elena,24,WS,find,0
7425,elena,24,WS,finish,0
7425,elena,24,WS,fit,0
7425,elena,24,WS,fix,0
7425,elena,24,WS,get,0
7425,elena,24,WS,give,0
7425,elena,24,WS,go,1
7425,elena,24,WS,hate,0
7425,elena,24,WS,have,0
7425,elena,24,WS,hear,0
7425,elena,24,WS,help,1
7425,elena,24,WS,hide,0
7425,elena,24,WS,hit,0
7425,elena,24,WS,hold,0
7425,elena,24,WS,hug,1
7425,elena,24,WS,hurry,0
7425,elena,24,WS,jump,1
7425,elena,24,WS,kick,1
7425,elena,24,WS,kiss,1
7425,elena,24,WS,knock,1
7425,elena,24,WS,lick,0
7425,elena,24,WS,like,0
7425,elena,24,WS,listen,0
7425,elena,24,WS,look,0
7425,elena,24,WS,love,1
7425,elena,24,WS,make,0
7425,elena,24,WS,open,1
7425,elena,24,WS,paint,1
7425,elena,24,WS,pick,0
7425,elena,24,WS,play,1
7425,elena,24,WS,pour,0
7425,elena,24,WS,pretend,0
7425,elena,24,WS,pull,0
7425,elena,24,WS,push,1
7425,elena,24,WS,put,0
7425,elena,24,WS,read,0
7425,elena,24,WS,ride,0
7425,elena,24,WS,rip,0
7425,elena,24,WS,run,0
7425,elena,24,WS,say,0
7425,elena,24,WS,see,0
7425,elena,24,WS,shake,0
7425,elena,24,WS,share,1
7425,elena,24,WS,show,0
7425,elena,24,WS,sing,1
7425,elena,24,WS,sit,1
7425,elena,24,WS,skate,0
7425,elena,24,WS,sleep,1
7425,elena,24,WS,slide (action),1
7425,elena,24,WS,smile,1
7425,elena,24,WS,spill,0
7425,elena,24,WS,splash,0
7425,elena,24,WS,stand,0
7425,elena,24,WS,stay,0
7425,elena,24,WS,stop,1
7425,elena,24,WS,sweep,0
7425,elena,24,WS,swim,0
7425,elena,24,WS,swing (action),1
7425,elena,24,WS,take,0
7425,elena,24,WS,talk,0
7425,elena,24,WS,taste,0
7425,elena,24,WS,tear,0
7425,elena,24,WS,think,0
7425,elena,24,WS,throw,0
7425,elena,24,WS,tickle,0
7425,elena,24,WS,touch,0
7425,elena,24,WS,wait,1
7425,elena,24,WS,wake,0
7425,elena,24,WS,walk,1
7425,elena,24,WS,wash,0
7425,elena,24,WS,watch (action),0
7425,elena,24,WS,wipe,0
7425,elena,24,WS,wish,0
7425,elena,24,WS,work (action),0
7425,elena,24,WS,write,0
7425,elena,24,WS,all gone,1
7425,elena,24,WS,asleep,1
7425,elena,24,WS,awake,0
7425,elena,24,WS,bad,0
7425,elena,24,WS,better,0
7425,elena,24,WS,big,1
7425,elena,24,WS,black,1
7425,elena,24,WS,blue,1
7425,elena,24,WS,broken,1
7425,elena,24,WS,brown,1
7425,elena,24,WS,careful,0
7425,elena,24,WS,clean (description),1
7425,elena,24,WS,cold,1
7425,elena,24,WS,cute,0
7425,elena,24,WS,dark,0
7425,elena,24,WS,dirty,1
7425,elena,24,WS,dry (description),0
7425,elena,24,WS,empty,0
7425,elena,24,WS,fast,1
7425,elena,24,WS,fine,0
7425,elena,24,WS,first,0
7425,elena,24,WS,full,0
7425,elena,24,WS,gentle,0
7425,elena,24,WS,good,0
7425,elena,24,WS,green,1
7425,elena,24,WS,happy,1
7425,elena,24,WS,hard,0
7425,elena,24,WS,heavy,1
7425,elena,24,WS,high,0
7425,elena,24,WS,hot,1
7425,elena,24,WS,hungry,0
7425,elena,24,WS,hurt,0
7425,elena,24,WS,last,0
7425,elena,24,WS,little (description),0
7425,elena,24,WS,long,0
7425,elena,24,WS,loud,0
7425,elena,24,WS,mad,0
7425,elena,24,WS,naughty,0
7425,elena,24,WS,new,1
7425,elena,24,WS,nice,1
7425,elena,24,WS,noisy,0
7425,elena,24,WS,old,0
7425,elena,24,WS,orange (description),1
7425,elena,24,WS,poor,0
7425,elena,24,WS,pretty,0
7425,elena,24,WS,quiet,0
7425,elena,24,WS,red,1
7425,elena,24,WS,sad,1
7425,elena,24,WS,scared,1
7425,elena,24,WS,sick,1
7425,elena,24,WS,sleepy,0
7425,elena,24,WS,slow,0
7425,elena,24,WS,soft,1
7425,elena,24,WS,sticky,0
7425,elena,24,WS,stuck,1
7425,elena,24,WS,thirsty,0
7425,elena,24,WS,tiny,0
7425,elena,24,WS,tired,0
7425,elena,24,WS,wet,1
7425,elena,24,WS,white,1
7425,elena,24,WS,windy,1
7425,elena,24,WS,yellow,1
7425,elena,24,WS,yucky,0
7425,elena,24,WS,after,0
7425,elena,24,WS,before,0
7425,elena,24,WS,day,1
7425,elena,24,WS,later,0
7425,elena,24,WS,morning,0
7425,elena,24,WS,night,1
7425,elena,24,WS,now,0
7425,elena,24,WS,time,0
7425,elena,24,WS,today,0
7425,elena,24,WS,tomorrow,0
7425,elena,24,WS,tonight,0
7425,elena,24,WS,yesterday,0
7425,elena,24,WS,he,0
7425,elena,24,WS,her,0
7425,elena,24,WS,hers,0
7425,elena,24,WS,him,0
7425,elena,24,WS,his,0
7425,elena,24,WS,I,0
7425,elena,24,WS,it,0
7425,elena,24,WS,me,1
7425,elena,24,WS,mine,0
7425,elena,24,WS,my,0
7425,elena,24,WS,myself,0
7425,elena,24,WS,our,0
7425,elena,24,WS,she,0
7425,elena,24,WS,that,0
7425,elena,24,WS,their,0
7425,elena,24,WS,them,0
7425,elena,24,WS,these,0
7425,elena,24,WS,they,0
7425,elena,24,WS,this,0
7425,elena,24,WS,those,0
7425,elena,24,WS,us,0
7425,elena,24,WS,we,0
7425,elena,24,WS,you,1
7425,elena,24,WS,your,0
7425,elena,24,WS,yourself,0
7425,elena,24,WS,how,0
7425,elena,24,WS,what,0
7425,elena,24,WS,when,0
7425,elena,24,WS,where,0
7425,elena,24,WS,which,0
7425,elena,24,WS,who,0
7425,elena,24,WS,why,0
7425,elena,24,WS,about,0
7425,elena,24,WS,above,0
7425,elena,24,WS,around,0
7425,elena,24,WS,at,0
7425,elena,24,WS,away,0
7425,elena,24,WS,back,0
7425,elena,24,WS,behind,0
7425,elena,24,WS,beside,0
7425,elena,24,WS,by,0
7425,elena,24,WS,down,1
7425,elena,24,WS,for,0
7425,elena,24,WS,here,0
7425,elena,24,WS,inside/in,1
7425,elena,24,WS,into,0
7425,elena,24,WS,next to,0
7425,elena,24,WS,of,0
7425,elena,24,WS,off,1
7425,elena,24,WS,on,1
7425,elena,24,WS,on top of,0
7425,elena,24,WS,out,1
7425,elena,24,WS,over,1
7425,elena,24,WS,there,0
7425,elena,24,WS,to,0
7425,elena,24,WS,under,0
7425,elena,24,WS,up,1
7425,elena,24,WS,with,0
7425,elena,24,WS,a,0
7425,elena,24,WS,all,0
7425,elena,24,WS,a lot,0
7425,elena,24,WS,an,0
7425,elena,24,WS,another,0
7425,elena,24,WS,any,0
7425,elena,24,WS,each,0
7425,elena,24,WS,every,0
7425,elena,24,WS,more,1
7425,elena,24,WS,much,0
7425,elena,24,WS,not,0
7425,elena,24,WS,none,0
7425,elena,24,WS,other,0
7425,elena,24,WS,same,0
7425,elena,24,WS,some,0
7425,elena,24,WS,the,0
7425,elena,24,WS,too,0
7425,elena,24,WS,am,0
7425,elena,24,WS,are,0
7425,elena,24,WS,be,0
7425,elena,24,WS,can (auxiliary),1
7425,elena,24,WS,could,0
7425,elena,24,WS,did/did ya,0
7425,elena,24,WS,do,0
7425,elena,24,WS,does,0
7425,elena,24,WS,don't,0
7425,elena,24,WS,gonna/going to,0
7425,elena,24,WS,gotta/got to,0
7425,elena,24,WS,hafta/have to,0
7425,elena,24,WS,is,0
7425,elena,24,WS,lemme/let me,0
7425,elena,24,WS,need/need to,0
7425,elena,24,WS,try/try to,0
7425,elena,24,WS,wanna/want to,0
7425,elena,24,WS,was,0
7425,elena,24,WS,were,0
7425,elena,24,WS,will,0
7425,elena,24,WS,would,0
7425,elena,24,WS,and,0
7425,elena,24,WS,because,0
7425,elena,24,WS,but,0
7425,elena,24,WS,if,0
7425,elena,24,WS,so,0
7425,elena,24,WS,then,0
